org_id remap_id
0005019281 0
0005114349 1
0005119367 2
0006486576 3
0307142493 4
0375810331 5
0615115187 6
0764003828 7
0764004581 8
0764005529 9
0767001311 10
076700941X 11
0767015525 12
0767018699 13
0767020294 14
0767023765 15
0767087372 16
0767088247 17
0767726227 18
076780192X 19
0767802799 20
0767803434 21
0767804325 22
0767805534 23
0767805712 24
0767808673 25
0767809254 26
0767809726 27
0767811089 28
0767811704 29
0767815335 30
0767815963 31
0767817486 32
0767817648 33
0767817664 34
0767817737 35
0767818105 36
0767819454 37
0767819462 38
0767819519 39
0767821408 40
0767821610 41
0767821807 42
0767824555 43
0767824571 44
0767826728 45
0767827686 46
0767827759 47
0767830555 48
0767834739 49
0767835069 50
0767836359 51
0767837398 52
0767839129 53
0767839277 54
0767853636 55
0767882938 56
0769720307 57
0780020715 58
0780021045 59
0780021088 60
0780021932 61
0780022319 62
0780022386 63
078060718X 64
0780615573 65
0780620372 66
0780620496 67
0780621638 68
0780621832 69
0780621956 70
0780622383 71
0780622537 72
0780622677 73
0780623614 74
078062582X 75
0780626613 76
0780626699 77
0780626702 78
0780627822 79
0780630866 80
0780630874 81
0780635299 82
078065062X 83
0780662504 84
0782006752 85
0782008372 86
0782010040 87
078201061X 88
0782010792 89
0783110901 90
0783111509 91
0783112750 92
0783114222 93
0783114729 94
0783114907 95
0783115539 96
0783116926 97
0783117159 98
0783209967 99
0783211201 100
0783211694 101
0783217048 102
0783218923 103
0783222726 104
078322561X 105
0783225857 106
0783225911 107
0783226535 108
0783226608 109
0783226799 110
0783226853 111
078322687X 112
0783226896 113
0783226985 114
0783226993 115
0783227272 116
0783227361 117
078322740X 118
0783227892 119
0783227922 120
0783227930 121
0783228252 122
0783228341 123
0783228686 124
0783229399 125
078322947X 126
0783229569 127
0783229747 128
078322995X 129
0783230346 130
0783230427 131
0783230486 132
0783231032 133
0783234287 134
0783235380 135
0783235410 136
0783235615 137
0783235674 138
0783239408 139
0783239955 140
0783240066 141
0783240473 142
0783241313 143
0783241569 144
0783243499 145
0783245130 146
078400949X 147
0784010331 148
0784011370 149
0784011532 150
0784011648 151
0784011680 152
0784013470 153
0788600931 154
0788606344 155
0788802194 156
0788810634 157
0788812467 158
0788814664 159
0788815474 160
0788821075 161
0788832182 162
0788832492 163
078885383X 164
0788857746 165
078885996X 166
0788860119 167
0788861956 168
078887148X 169
0788872796 170
0790724960 171
0790725657 172
0790729342 173
0790729377 174
079072961X 175
0790729628 176
0790729644 177
0790729687 178
0790729709 179
0790729733 180
0790729989 181
0790731215 182
079073124X 183
0790731266 184
0790731517 185
0790731614 186
0790731797 187
0790732149 188
0790732181 189
0790732300 190
0790732521 191
0790732548 192
0790733226 193
0790733919 194
0790733927 195
0790734419 196
079073463X 197
0790734966 198
0790736063 199
079073608X 200
0790736527 201
0790737647 202
0790737744 203
0790737868 204
0790739313 205
0790740281 206
0790740443 207
0790740664 208
0790740672 209
0790741067 210
0790741296 211
0790741431 212
0790741644 213
0790742462 214
0790743213 215
0790743442 216
0790744236 217
0790744546 218
0790744813 219
0790745003 220
0790746387 221
079074676X 222
0790747693 223
0790748193 224
0790748266 225
079074886X 226
0790750414 227
0790750732 228
0790751143 229
0790751445 230
0790751569 231
079075181X 232
0790785366 233
079079568X 234
0792102320 235
0792110188 236
0792115465 237
0792143817 238
0792145496 239
0792146433 240
0792151712 241
0792153189 242
0792153456 243
0792153685 244
0792154436 245
0792157850 246
0792158202 247
0792160347 248
0792165039 249
0792166523 250
0792171306 251
0792199405 252
0792833201 253
0792834917 254
0792834933 255
0792834976 256
0792836030 257
0792836529 258
0792836685 259
0792838653 260
0792838661 261
0792838726 262
0792838947 263
0792838955 264
0792839072 265
0792839129 266
079283948X 267
0792839684 268
0792840011 269
0792840119 270
0792840984 271
0792841409 272
0792841840 273
0792841905 274
0792841980 275
0792842006 276
079284209X 277
0792842111 278
0792842162 279
0792842626 280
0792843622 281
0792843800 282
0792843967 283
0792843991 284
0792844033 285
0792844041 286
0792844645 287
0792844718 288
0792845552 289
079284565X 290
0792845765 291
0792845870 292
0792846133 293
0792898524 294
0792899229 295
0792899458 296
0792899768 297
0793906091 298
0793927714 299
079396041X 300
0793961009 301
0793984297 302
0800112652 303
0800114051 304
0800115066 305
0800116143 306
0800129784 307
0800139062 308
0800141660 309
0800141709 310
0800141741 311
0800177029 312
0870204556 313
093085280X 314
0966691105 315
0967418518 316
0967501032 317
096751780X 318
140498822X 319
1415723427 320
1421367912 321
1424819210 322
1558804641 323
1558908382 324
155940860X 325
1559408677 326
1559408758 327
1559409002 328
1560689994 329
1562196367 330
1562550888 331
1563311976 332
1563452685 333
156371616X 334
156501345X 335
1566053986 336
1567301355 337
1567301568 338
1568392273 339
1569383529 340
1569383790 341
1569388431 342
1569388997 343
1570768331 344
1571323368 345
1572521279 346
1572521767 347
1572521783 348
1572522232 349
1572522321 350
1572522550 351
1572522747 352
1572524413 353
1572524421 354
1572525509 355
1572525959 356
1572528338 357
1573300357 358
1573305588 359
1573306983 360
157347049X 361
1573471917 362
1573623008 363
157362389X 364
1573623903 365
1573624071 366
157362408X 367
1573624101 368
1573624365 369
1573626163 370
1573626171 371
1573628174 372
1574922777 373
157492432X 374
1574924451 375
1574925784 376
1574928228 377
1575237466 378
1577133196 379
157742154X 380
1578071461 381
1582704708 382
1586171941 383
1586683950 384
1587270811 385
1598288717 386
1603996796 387
1603998276 388
1921643870 389
1936488191 390
1936488264 391
3918810143 392
5554452574 393
5554454828 394
5555084080 395
5555291744 396
5558279494 397
5559203726 398
6300132641 399
6300134210 400
6300134318 401
6300137236 402
6300140938 403
6300146464 404
6300147355 405
630014738X 406
6300147444 407
6300147630 408
6300147789 409
6300147967 410
630015002X 411
6300150151 412
6300153029 413
6300157601 414
630015761X 415
6300157717 416
6300158349 417
6300158411 418
6300158500 419
6300158683 420
6300158764 421
6300158772 422
6300159140 423
6300164063 424
630016411X 425
6300165086 426
6300175170 427
6300180204 428
6300181065 429
6300181227 430
6300181316 431
6300181375 432
6300181510 433
6300181545 434
6300181731 435
6300181847 436
6300181987 437
6300182029 438
6300182061 439
630018207X 440
6300182304 441
6300182428 442
6300182517 443
6300182681 444
6300182738 445
6300182800 446
630018286X 447
6300183033 448
6300183416 449
6300183432 450
6300183459 451
6300183505 452
6300183513 453
6300183785 454
6300183807 455
6300183831 456
6300183920 457
6300184242 458
6300184250 459
6300184269 460
6300184293 461
6300185117 462
6300185125 463
6300185176 464
6300185206 465
6300185370 466
6300185443 467
6300185451 468
6300185788 469
6300185893 470
6300185974 471
6300186016 472
6300186180 473
630018675X 474
6300189503 475
6300189686 476
6300189856 477
6300198731 478
6300206610 479
6300207935 480
6300208044 481
6300208060 482
6300208192 483
630020829X 484
6300208354 485
6300208540 486
6300208591 487
6300208672 488
6300209164 489
6300209253 490
6300209296 491
6300209830 492
630020992X 493
6300213021 494
630021320X 495
630021348X 496
6300213501 497
6300213579 498
6300213714 499
6300213730 500
6300213749 501
6300213781 502
6300213803 503
6300213897 504
6300213900 505
6300213927 506
6300213986 507
6300214028 508
6300214044 509
6300214052 510
6300214087 511
6300214117 512
630021415X 513
6300214184 514
6300214192 515
6300214222 516
6300214265 517
6300214311 518
6300214338 519
6300214346 520
6300214508 521
6300214559 522
6300214567 523
6300214575 524
6300214613 525
6300214621 526
6300214648 527
6300214664 528
6300214672 529
6300214680 530
6300214710 531
6300214893 532
6300214958 533
6300215261 534
6300215490 535
6300215520 536
6300215555 537
6300215598 538
6300215601 539
6300215628 540
6300215660 541
6300215695 542
630021575X 543
6300215806 544
6300215849 545
6300215857 546
6300215881 547
6300215903 548
630021592X 549
6300215954 550
6300215962 551
6300215970 552
6300215989 553
6300216047 554
6300216071 555
6300216144 556
6300216179 557
6300216209 558
6300216225 559
6300216241 560
6300216284 561
6300216373 562
6300216454 563
6300216497 564
6300216527 565
6300216535 566
6300216543 567
6300216608 568
6300216632 569
6300216691 570
6300216721 571
6300216748 572
6300216756 573
6300216764 574
6300216799 575
6300216853 576
6300216861 577
6300216934 578
6300216950 579
6300216977 580
6300217728 581
6300218031 582
6300218074 583
6300218228 584
6300218406 585
6300246787 586
6300246795 587
6300246817 588
6300246868 589
6300246876 590
6300246973 591
6300247031 592
6300247090 593
6300247104 594
6300247139 595
6300247163 596
6300247171 597
6300247236 598
6300247333 599
6300247392 600
6300247406 601
630024752X 602
6300247589 603
6300247651 604
6300247694 605
6300247821 606
6300247945 607
6300248089 608
6300248097 609
6300248100 610
6300248135 611
6300248216 612
6300248291 613
6300248488 614
6300248569 615
6300248607 616
6300249816 617
6300249824 618
6300249867 619
6300249964 620
6300250164 621
6300250407 622
6300250512 623
6300250873 624
6300251217 625
6300251330 626
6300251969 627
6300252310 628
630025545X 629
6300256073 630
6300256200 631
630026260X 632
6300267830 633
6300267962 634
6300268012 635
6300268128 636
6300268144 637
6300268535 638
6300268683 639
6300268748 640
6300268799 641
6300268853 642
630026906X 643
6300269124 644
6300269280 645
6300269299 646
6300269418 647
6300269450 648
6300269477 649
6300269485 650
6300269671 651
630026968X 652
6300269701 653
6300269833 654
6300270068 655
6300270122 656
6300270130 657
6300270149 658
6300270211 659
6300270270 660
6300270297 661
6300270300 662
6300270327 663
6300270424 664
6300270564 665
6300270912 666
6300271102 667
6300271307 668
6300271358 669
630027151X 670
6300271668 671
6300271706 672
630027182X 673
6300271951 674
6300273210 675
6300274195 676
6300274268 677
6300274586 678
6300274608 679
6300275116 680
6300275310 681
6300276740 682
6300276945 683
6300278506 684
6300984869 685
6300987485 686
6300987531 687
6300987787 688
6300988600 689
6300988805 690
6300989003 691
6301005740 692
630100678X 693
6301006798 694
6301007883 695
6301008944 696
6301008960 697
6301017072 698
6301024435 699
6301031458 700
6301031474 701
6301039459 702
6301049292 703
6301050886 704
6301055365 705
6301058283 706
6301065565 707
6301065573 708
6301066162 709
6301094328 710
6301094352 711
6301094999 712
6301095294 713
6301103513 714
6301105915 715
6301105931 716
6301106482 717
6301106490 718
6301108108 719
6301115538 720
6301115678 721
6301118251 722
6301163788 723
6301166671 724
6301169786 725
6301174240 726
6301175220 727
6301175239 728
6301179544 729
6301207947 730
630120798X 731
6301216113 732
6301216121 733
630121613X 734
6301216156 735
6301216210 736
6301217861 737
6301221486 738
6301221494 739
6301221923 740
6301229371 741
6301229398 742
6301229495 743
6301231783 744
6301239598 745
6301247345 746
630124849X 747
6301254899 748
6301264177 749
6301272250 750
6301278429 751
6301278461 752
6301279654 753
6301290836 754
630130053X 755
6301300548 756
6301302990 757
6301307208 758
6301325540 759
6301327977 760
6301328000 761
630133275X 762
6301334523 763
6301348281 764
6301374290 765
6301379616 766
6301390725 767
6301390768 768
6301394542 769
6301398912 770
6301408926 771
6301408977 772
630141019X 773
6301410831 774
6301412761 775
6301415159 776
6301415817 777
6301423941 778
6301435192 779
6301440056 780
6301442768 781
6301464966 782
6301465601 783
6301465628 784
6301476166 785
6301480473 786
6301491920 787
630150528X 788
6301505638 789
6301514025 790
6301528565 791
6301528581 792
630152859X 793
630154028X 794
630154059X 795
630156118X 796
6301562216 797
6301562925 798
6301564456 799
6301570723 800
6301586026 801
6301587383 802
6301589068 803
6301589106 804
6301590740 805
6301599225 806
6301599918 807
6301603478 808
6301608534 809
6301611810 810
6301618033 811
6301640594 812
6301640659 813
6301640780 814
6301640799 815
6301643410 816
630165191X 817
6301652037 818
6301658795 819
6301661710 820
6301661729 821
6301661737 822
6301661850 823
6301662954 824
6301666569 825
6301670124 826
6301677994 827
6301686977 828
6301689984 829
6301691687 830
6301697308 831
6301697723 832
6301697758 833
6301706471 834
630170648X 835
6301706498 836
6301706811 837
6301708032 838
6301708113 839
6301708261 840
6301718275 841
6301720385 842
6301720539 843
6301720555 844
6301720571 845
6301730038 846
6301734815 847
6301736303 848
6301739655 849
630174411X 850
6301744128 851
6301744136 852
6301748107 853
6301750721 854
6301753534 855
6301758110 856
6301758641 857
6301759079 858
6301759281 859
630176031X 860
6301763041 861
6301766210 862
6301767918 863
6301770986 864
6301773500 865
6301773551 866
6301773578 867
6301773586 868
6301777387 869
6301777476 870
6301777840 871
6301778359 872
6301778367 873
6301782666 874
6301785398 875
630178541X 876
6301788494 877
6301788508 878
6301793196 879
630179513X 880
6301797949 881
6301797965 882
6301797973 883
630179799X 884
6301798023 885
6301798058 886
6301798066 887
6301798171 888
6301798201 889
630179821X 890
630179849X 891
6301798562 892
6301798589 893
6301798643 894
6301798694 895
6301798732 896
6301798740 897
6301798805 898
6301798961 899
6301801083 900
630180113X 901
6301801148 902
6301801253 903
6301801288 904
630180130X 905
6301801652 906
6301801709 907
6301801725 908
6301801849 909
6301801946 910
6301801954 911
6301802012 912
6301802268 913
6301802322 914
6301802357 915
6301802373 916
6301802489 917
6301802497 918
6301802640 919
6301802748 920
6301805429 921
6301805615 922
6301810678 923
6301813480 924
6301815807 925
6301817761 926
6301826558 927
6301827643 928
630186316X 929
6301863186 930
6301863194 931
6301863208 932
6301868684 933
6301880447 934
6301888898 935
6301902645 936
6301903242 937
6301912373 938
6301914090 939
6301914120 940
6301928156 941
6301928180 942
6301928555 943
6301929942 944
6301930088 945
6301930789 946
6301931025 947
6301931645 948
6301932420 949
6301932838 950
6301933532 951
6301934121 952
6301934156 953
6301934946 954
6301942647 955
6301942728 956
6301945298 957
6301945301 958
6301952529 959
6301954890 960
630195517X 961
6301959728 962
6301959949 963
6301960084 964
6301963660 965
6301963717 966
6301963725 967
6301964055 968
6301964144 969
6301964179 970
6301964187 971
6301964209 972
6301964217 973
6301964292 974
6301964314 975
6301965639 976
6301965663 977
630196571X 978
6301965876 979
6301965965 980
630196604X 981
6301966074 982
6301966090 983
6301966244 984
6301966376 985
6301966422 986
6301966449 987
6301966465 988
6301966554 989
6301966562 990
6301966848 991
6301966899 992
630196697X 993
6301967070 994
6301967275 995
6301967283 996
6301967364 997
6301967380 998
6301967569 999
6301967690 1000
6301967712 1001
6301967763 1002
630196778X 1003
6301967801 1004
630196781X 1005
6301967852 1006
6301967917 1007
6301967933 1008
6301967968 1009
6301968824 1010
6301968891 1011
6301968964 1012
6301969030 1013
6301969065 1014
6301969081 1015
6301969111 1016
6301969138 1017
6301969162 1018
630196926X 1019
6301969294 1020
6301969316 1021
6301969413 1022
6301969561 1023
6301969847 1024
6301969928 1025
6301971175 1026
6301971191 1027
6301971280 1028
6301971345 1029
6301971418 1030
6301971531 1031
6301971663 1032
6301971752 1033
6301971779 1034
6301971809 1035
6301971876 1036
630197204X 1037
6301972163 1038
6301972228 1039
6301972252 1040
6301972279 1041
6301972341 1042
6301973070 1043
6301973178 1044
6301973208 1045
6301973232 1046
6301973259 1047
6301973305 1048
6301973313 1049
6301973461 1050
6301975960 1051
6301976029 1052
6301976045 1053
6301976207 1054
6301976215 1055
630197669X 1056
6301977181 1057
6301977211 1058
6301977270 1059
6301977343 1060
6301977483 1061
6301977491 1062
630197753X 1063
6301977637 1064
6301977750 1065
6301977963 1066
6301978188 1067
6301978196 1068
6301978315 1069
6301978374 1070
6301978501 1071
6301978560 1072
6301978617 1073
6301978641 1074
6301978749 1075
630197882X 1076
6301982746 1077
6301986040 1078
6301986059 1079
6301986105 1080
6301987810 1081
6301995902 1082
6301996100 1083
630199616X 1084
6302000610 1085
6302000653 1086
6302000815 1087
630200098X 1088
6302004411 1089
630200912X 1090
6302010306 1091
630202028X 1092
6302023777 1093
6302025303 1094
6302030919 1095
6302032199 1096
6302032237 1097
6302032245 1098
6302032253 1099
6302033020 1100
6302034299 1101
6302034434 1102
6302035279 1103
630203535X 1104
6302036054 1105
6302036720 1106
6302036852 1107
6302036941 1108
6302038324 1109
6302038340 1110
6302041147 1111
630204135X 1112
6302045916 1113
6302048982 1114
6302049148 1115
6302054095 1116
6302066875 1117
6302068967 1118
6302068983 1119
6302069122 1120
6302069130 1121
6302077826 1122
6302077869 1123
6302077877 1124
6302078024 1125
6302078075 1126
6302078091 1127
6302078164 1128
6302088135 1129
6302088593 1130
6302091632 1131
6302096243 1132
6302096316 1133
6302098424 1134
6302098440 1135
6302098459 1136
6302098491 1137
6302098505 1138
6302098548 1139
6302099390 1140
6302101220 1141
6302101395 1142
6302101735 1143
6302101743 1144
630210176X 1145
6302109612 1146
6302112117 1147
6302113156 1148
630211702X 1149
6302120527 1150
6302120551 1151
6302120608 1152
6302120616 1153
6302121582 1154
6302130115 1155
6302130131 1156
6302132894 1157
6302136229 1158
6302136261 1159
6302136296 1160
6302148332 1161
6302148677 1162
6302150930 1163
6302152496 1164
6302156815 1165
6302156823 1166
6302158095 1167
6302158176 1168
6302168465 1169
6302174864 1170
6302177421 1171
6302181631 1172
6302181755 1173
6302182840 1174
6302182948 1175
6302194725 1176
6302203678 1177
6302206294 1178
6302208912 1179
6302213142 1180
6302215730 1181
6302215927 1182
6302224306 1183
6302224322 1184
6302224357 1185
6302224462 1186
630222540X 1187
630223168X 1188
6302235979 1189
6302238064 1190
6302238331 1191
6302241081 1192
6302241189 1193
6302241200 1194
6302241693 1195
6302250277 1196
6302254132 1197
6302255848 1198
6302256615 1199
6302256690 1200
630225678X 1201
6302259096 1202
6302260973 1203
6302261295 1204
6302261597 1205
6302269431 1206
6302271991 1207
6302272548 1208
6302272602 1209
6302274001 1210
6302276594 1211
6302277507 1212
6302280206 1213
630228175X 1214
6302281814 1215
6302281830 1216
6302281849 1217
6302282454 1218
630228354X 1219
630228371X 1220
6302287383 1221
6302287448 1222
6302287634 1223
6302289009 1224
6302289017 1225
6302289033 1226
6302289041 1227
630229357X 1228
630229455X 1229
6302296919 1230
6302296935 1231
6302299489 1232
6302305950 1233
6302308577 1234
6302309506 1235
6302309514 1236
6302309522 1237
6302312434 1238
6302313899 1239
6302314097 1240
6302314658 1241
6302314674 1242
6302315441 1243
6302320410 1244
6302320429 1245
6302320488 1246
630232579X 1247
6302326109 1248
630232792X 1249
6302344891 1250
6302350875 1251
6302354102 1252
6302359694 1253
6302360951 1254
630236308X 1255
6302363098 1256
6302365678 1257
6302365937 1258
6302374367 1259
6302375770 1260
6302380294 1261
630238074X 1262
6302386608 1263
6302404223 1264
6302405696 1265
6302409365 1266
6302409829 1267
6302413419 1268
6302413435 1269
630241346X 1270
6302413737 1271
6302413761 1272
6302413850 1273
6302418828 1274
630242335X 1275
6302424879 1276
6302424887 1277
6302424909 1278
6302426200 1279
6302428084 1280
6302428122 1281
6302428149 1282
6302428939 1283
630243078X 1284
6302439485 1285
630243954X 1286
6302439698 1287
630244327X 1288
6302447712 1289
6302447739 1290
6302450187 1291
6302452929 1292
6302452953 1293
6302452961 1294
6302453127 1295
6302453151 1296
6302453240 1297
630245333X 1298
6302456991 1299
6302457025 1300
6302457254 1301
6302458900 1302
6302459702 1303
6302462142 1304
6302462762 1305
6302468469 1306
6302469090 1307
6302470021 1308
6302477379 1309
6302478596 1310
6302478928 1311
6302479479 1312
6302479487 1313
6302481791 1314
6302482712 1315
6302483395 1316
6302484286 1317
6302484367 1318
6302484383 1319
6302484391 1320
6302484405 1321
6302484413 1322
630248443X 1323
6302484499 1324
6302485010 1325
6302485053 1326
6302491894 1327
6302491940 1328
6302491975 1329
6302502667 1330
6302503515 1331
6302503795 1332
6302503833 1333
6302507022 1334
6302507308 1335
6302507596 1336
630251004X 1337
6302510139 1338
630251018X 1339
6302513375 1340
6302516544 1341
6302526795 1342
6302534372 1343
6302541743 1344
630254176X 1345
6302541786 1346
6302544289 1347
6302548438 1348
6302548748 1349
6302554713 1350
6302561825 1351
6302561957 1352
6302574072 1353
6302587239 1354
6302587263 1355
630258793X 1356
6302593204 1357
6302593220 1358
6302595770 1359
6302604931 1360
630260494X 1361
6302610699 1362
6302610761 1363
6302620740 1364
6302623294 1365
6302637899 1366
6302640415 1367
6302640504 1368
6302641756 1369
6302641934 1370
6302641969 1371
6302641977 1372
630264223X 1373
6302645352 1374
6302650046 1375
6302655897 1376
6302656125 1377
6302658624 1378
6302658888 1379
630266232X 1380
6302662478 1381
6302662591 1382
6302662745 1383
6302665175 1384
6302665183 1385
6302665396 1386
6302670306 1387
6302676711 1388
630267672X 1389
6302676835 1390
6302678846 1391
6302681049 1392
6302681634 1393
6302681685 1394
6302682622 1395
6302682630 1396
6302682649 1397
6302685141 1398
6302689724 1399
6302690404 1400
6302700949 1401
6302703786 1402
630271110X 1403
6302711657 1404
6302712009 1405
6302712017 1406
6302712920 1407
6302717310 1408
6302717329 1409
6302717612 1410
630271771X 1411
6302718872 1412
6302718961 1413
6302719410 1414
6302719666 1415
6302720419 1416
6302722551 1417
630272256X 1418
6302722764 1419
6302725542 1420
6302728363 1421
6302728371 1422
6302728657 1423
6302730023 1424
630273486X 1425
6302734924 1426
6302737249 1427
6302744520 1428
6302746590 1429
6302747198 1430
6302747384 1431
6302751152 1432
6302753198 1433
6302757096 1434
6302760089 1435
6302760119 1436
6302763193 1437
6302763770 1438
6302763835 1439
630276386X 1440
6302763908 1441
6302763924 1442
6302765188 1443
6302766540 1444
6302767741 1445
6302768810 1446
6302772745 1447
6302779294 1448
6302779448 1449
6302783356 1450
6302783968 1451
6302784751 1452
6302787041 1453
6302787068 1454
6302787149 1455
6302789648 1456
6302794404 1457
630279482X 1458
6302795451 1459
6302795567 1460
6302795575 1461
6302796377 1462
630279742X 1463
6302797462 1464
6302797519 1465
6302797535 1466
6302797543 1467
630279756X 1468
6302797675 1469
6302797713 1470
6302798434 1471
6302799112 1472
6302799163 1473
6302800404 1474
6302800420 1475
6302800498 1476
6302800536 1477
6302800544 1478
6302800560 1479
6302800579 1480
6302800587 1481
6302800854 1482
6302800897 1483
6302801095 1484
6302801117 1485
6302801133 1486
6302804744 1487
6302804752 1488
6302806348 1489
6302806577 1490
6302807573 1491
6302814146 1492
6302814669 1493
6302814804 1494
6302824737 1495
6302842263 1496
6302859727 1497
6302872669 1498
6302873150 1499
6302874521 1500
6302877911 1501
630287873X 1502
6302880882 1503
6302884780 1504
6302897386 1505
6302921384 1506
6302922941 1507
6302946387 1508
6302962048 1509
6302967376 1510
6302969271 1511
630296928X 1512
6302969301 1513
630296931X 1514
6302969395 1515
6302969565 1516
6302969581 1517
630296959X 1518
6302969603 1519
6302969654 1520
6302969697 1521
6302969700 1522
6302969778 1523
6302969786 1524
6302969794 1525
6302969972 1526
6302970040 1527
6302973570 1528
6302973740 1529
6302977193 1530
6302981735 1531
6302985250 1532
6302985293 1533
6302985315 1534
6302985870 1535
6302985935 1536
6302986338 1537
630298971X 1538
6302990033 1539
6302990114 1540
6302990130 1541
6302990149 1542
6302993016 1543
6302993199 1544
630299361X 1545
6302993628 1546
6302993644 1547
6302993695 1548
6302994063 1549
6302994071 1550
630299408X 1551
6302995949 1552
6302995957 1553
6302999588 1554
6302999790 1555
630300203X 1556
6303002048 1557
6303002781 1558
6303004768 1559
6303004776 1560
6303004830 1561
6303004849 1562
6303011012 1563
6303011403 1564
6303011594 1565
6303011969 1566
6303012035 1567
6303012140 1568
6303014887 1569
6303017983 1570
6303017991 1571
6303018351 1572
6303022901 1573
6303022928 1574
6303022936 1575
6303023037 1576
6303023355 1577
6303026605 1578
6303027016 1579
6303029310 1580
6303032648 1581
6303036813 1582
6303037445 1583
6303037453 1584
6303038530 1585
6303038719 1586
6303038727 1587
6303038743 1588
6303038816 1589
6303038913 1590
6303039405 1591
6303039421 1592
6303039456 1593
6303039588 1594
6303039693 1595
6303039707 1596
6303042260 1597
6303042449 1598
6303042457 1599
6303042503 1600
6303046436 1601
6303046444 1602
6303046487 1603
6303046975 1604
6303047025 1605
6303047564 1606
6303049001 1607
6303049044 1608
6303049079 1609
6303050050 1610
6303050069 1611
6303052487 1612
6303052908 1613
630305725X 1614
6303057942 1615
6303058833 1616
630305885X 1617
6303058876 1618
6303058884 1619
6303058957 1620
6303060048 1621
630306020X 1622
6303060226 1623
6303063705 1624
6303063772 1625
630306664X 1626
6303066720 1627
6303066798 1628
6303072259 1629
6303072593 1630
6303072798 1631
6303072828 1632
6303073069 1633
6303073085 1634
6303073093 1635
6303073107 1636
6303073212 1637
6303077781 1638
6303079709 1639
630308110X 1640
6303082750 1641
6303082769 1642
6303082866 1643
6303084095 1644
6303085547 1645
6303085822 1646
630309192X 1647
6303091946 1648
6303091962 1649
6303091970 1650
6303091989 1651
6303092306 1652
6303094902 1653
6303094937 1654
6303095216 1655
6303095232 1656
6303101178 1657
6303101224 1658
6303101240 1659
6303101410 1660
6303101526 1661
6303102239 1662
6303102425 1663
6303102433 1664
6303102441 1665
630310245X 1666
6303102468 1667
6303102476 1668
6303102484 1669
6303102492 1670
6303102506 1671
6303102557 1672
6303103081 1673
6303103715 1674
630310374X 1675
6303104207 1676
6303104371 1677
6303107338 1678
6303107354 1679
6303109918 1680
6303109926 1681
6303111564 1682
6303111920 1683
6303112161 1684
6303113990 1685
6303114946 1686
6303115381 1687
6303115535 1688
6303117856 1689
6303118100 1690
6303118232 1691
6303118240 1692
6303118259 1693
6303120466 1694
6303120474 1695
6303120490 1696
6303120504 1697
6303122647 1698
6303122876 1699
6303124798 1700
6303128793 1701
6303128904 1702
630312898X 1703
6303131891 1704
6303132782 1705
6303140157 1706
6303140165 1707
630314179X 1708
6303141978 1709
6303142346 1710
6303145884 1711
6303145906 1712
6303145930 1713
6303146074 1714
6303148255 1715
6303148387 1716
6303148409 1717
6303149189 1718
6303149200 1719
6303149316 1720
630315087X 1721
6303150896 1722
6303150926 1723
6303152759 1724
6303152821 1725
6303153305 1726
6303153348 1727
6303153461 1728
630315350X 1729
6303154670 1730
630315851X 1731
6303159923 1732
6303160093 1733
6303162290 1734
6303165680 1735
6303165737 1736
630316675X 1737
6303167314 1738
6303168248 1739
6303168345 1740
6303168957 1741
6303170498 1742
6303184154 1743
6303184219 1744
630318457X 1745
6303186874 1746
6303187196 1747
6303187218 1748
6303191398 1749
6303192254 1750
6303194508 1751
6303196543 1752
6303198619 1753
6303201261 1754
6303201288 1755
6303202020 1756
6303202039 1757
6303202225 1758
6303203256 1759
6303203302 1760
6303204163 1761
6303205364 1762
6303206158 1763
6303209955 1764
6303209963 1765
6303209971 1766
6303212220 1767
6303212263 1768
6303212298 1769
6303212379 1770
6303212387 1771
6303212395 1772
630321245X 1773
6303213650 1774
6303213782 1775
6303213820 1776
6303215440 1777
6303215882 1778
6303219152 1779
6303224407 1780
6303231837 1781
6303233600 1782
6303234399 1783
6303236677 1784
6303236685 1785
6303236723 1786
6303238114 1787
6303248209 1788
6303248497 1789
6303248942 1790
6303257194 1791
6303257267 1792
6303257275 1793
6303257305 1794
6303257313 1795
6303257348 1796
6303257372 1797
6303257380 1798
6303257429 1799
6303257712 1800
6303257720 1801
6303257739 1802
6303257828 1803
6303257844 1804
6303257852 1805
6303258344 1806
6303261736 1807
6303265715 1808
6303265731 1809
6303265774 1810
6303265812 1811
6303266371 1812
6303269826 1813
6303269834 1814
6303269850 1815
6303269869 1816
6303269966 1817
6303272207 1818
630327417X 1819
630327630X 1820
6303276881 1821
6303278736 1822
6303284183 1823
6303286542 1824
6303292860 1825
630329328X 1826
6303295576 1827
6303295614 1828
6303296726 1829
6303305520 1830
6303306519 1831
6303307787 1832
6303307884 1833
6303312381 1834
6303313337 1835
6303313345 1836
6303315305 1837
6303317340 1838
6303320570 1839
6303326781 1840
6303326838 1841
6303328164 1842
6303328199 1843
6303333079 1844
6303336795 1845
6303338569 1846
6303338690 1847
6303340830 1848
6303341314 1849
6303341322 1850
6303344224 1851
6303346375 1852
6303347665 1853
6303347703 1854
6303354734 1855
6303354742 1856
6303354912 1857
6303354939 1858
6303355005 1859
630335906X 1860
6303360009 1861
6303360025 1862
6303360041 1863
6303363598 1864
6303364438 1865
6303364705 1866
6303365655 1867
6303365752 1868
6303366589 1869
6303366953 1870
6303382347 1871
6303382940 1872
6303382959 1873
6303382975 1874
6303382983 1875
6303383009 1876
630338305X 1877
6303383076 1878
6303383238 1879
6303383289 1880
6303383327 1881
6303389554 1882
6303391915 1883
6303391931 1884
6303392024 1885
6303393985 1886
6303394019 1887
6303394035 1888
6303394043 1889
6303394051 1890
630339406X 1891
6303394345 1892
6303394353 1893
6303396623 1894
6303397093 1895
6303398243 1896
6303398367 1897
6303398375 1898
6303398480 1899
630339860X 1900
6303404855 1901
6303406971 1902
6303407161 1903
6303407188 1904
6303407196 1905
630340720X 1906
6303408524 1907
6303413161 1908
6303413919 1909
6303416403 1910
6303416543 1911
6303418724 1912
6303419348 1913
630341964X 1914
6303419763 1915
6303419771 1916
6303421156 1917
6303422004 1918
6303422012 1919
6303422020 1920
6303422942 1921
6303422969 1922
6303422977 1923
6303425585 1924
6303425623 1925
6303430546 1926
6303430562 1927
6303430570 1928
6303430910 1929
6303430953 1930
6303433766 1931
6303433782 1932
6303439136 1933
6303439748 1934
6303442277 1935
6303442366 1936
6303442447 1937
6303443060 1938
630344315X 1939
6303443222 1940
630344394X 1941
6303450083 1942
6303450849 1943
6303450881 1944
6303450938 1945
6303451144 1946
6303451446 1947
6303451489 1948
6303451519 1949
6303451535 1950
6303451543 1951
6303451578 1952
6303454038 1953
6303454542 1954
6303454585 1955
6303454925 1956
6303455204 1957
6303457703 1958
630345786X 1959
6303459765 1960
6303459978 1961
6303459994 1962
6303460097 1963
630346470X 1964
6303464831 1965
6303465846 1966
6303467253 1967
6303467717 1968
6303471099 1969
6303471102 1970
6303471153 1971
630347117X 1972
6303471390 1973
6303471404 1974
6303471455 1975
6303471471 1976
6303471501 1977
630347151X 1978
6303471552 1979
6303471579 1980
6303471587 1981
6303471595 1982
6303471617 1983
6303471706 1984
630347327X 1985
6303477135 1986
6303477143 1987
6303478336 1988
6303481345 1989
6303482201 1990
6303482295 1991
6303482619 1992
6303482643 1993
6303482651 1994
630348364X 1995
6303486584 1996
6303486754 1997
6303486762 1998
6303486894 1999
6303490972 2000
6303490980 2001
6303492509 2002
6303494080 2003
6303499465 2004
6303501281 2005
6303503381 2006
6303507565 2007
6303507689 2008
630350986X 2009
6303510108 2010
6303510361 2011
6303514723 2012
6303515223 2013
6303515231 2014
6303515304 2015
6303515894 2016
6303521231 2017
630352138X 2018
6303521436 2019
6303521517 2020
6303522653 2021
6303534422 2022
6303540104 2023
630354231X 2024
6303542344 2025
6303542352 2026
6303544428 2027
6303544746 2028
6303548970 2029
6303560067 2030
630356027X 2031
6303562248 2032
6303562264 2033
6303562337 2034
6303566405 2035
6303566537 2036
6303566634 2037
6303567126 2038
630356822X 2039
6303574203 2040
6303574289 2041
6303575358 2042
6303575617 2043
6303579345 2044
6303579396 2045
6303579612 2046
6303581307 2047
630358490X 2048
6303585353 2049
6303588972 2050
6303588980 2051
6303589065 2052
6303589073 2053
630358909X 2054
6303589111 2055
6303589138 2056
6303589146 2057
6303589154 2058
6303589189 2059
6303591922 2060
6303592570 2061
6303593135 2062
6303593178 2063
6303593283 2064
6303593410 2065
6303593593 2066
6303593607 2067
6303593666 2068
6303593674 2069
6303597866 2070
6303599109 2071
6303610811 2072
6303614272 2073
6303614329 2074
6303614337 2075
6303614353 2076
630361437X 2077
6303617719 2078
6303619983 2079
6303620264 2080
630362572X 2081
6303625738 2082
6303625800 2083
6303626467 2084
6303626475 2085
6303631851 2086
6303631894 2087
6303631908 2088
6303631916 2089
6303631932 2090
6303631940 2091
630363270X 2092
6303637469 2093
6303637493 2094
6303637574 2095
6303637582 2096
6303637620 2097
6303646344 2098
6303646689 2099
6303651453 2100
630365147X 2101
6303651488 2102
630365164X 2103
6303651658 2104
6303651879 2105
6303651917 2106
6303654312 2107
6303662544 2108
6303662560 2109
6303675026 2110
6303675034 2111
6303675387 2112
6303682979 2113
6303686737 2114
6303686745 2115
6303686761 2116
630368677X 2117
6303686788 2118
630368680X 2119
6303686818 2120
6303686834 2121
6303686842 2122
6303686850 2123
6303686869 2124
6303686885 2125
6303686907 2126
630368727X 2127
6303690653 2128
6303695841 2129
6303696813 2130
6303696821 2131
6303696929 2132
6303697194 2133
6303697224 2134
6303804357 2135
6303816339 2136
6303818331 2137
6303820905 2138
6303823351 2139
6303824358 2140
6303824382 2141
6303832563 2142
6303832571 2143
630383258X 2144
6303832601 2145
630383261X 2146
6303853102 2147
6303854311 2148
6303854508 2149
6303855466 2150
6303855490 2151
6303855512 2152
6303855555 2153
630386001X 2154
6303861377 2155
630386905X 2156
630387827X 2157
6303878296 2158
6303878415 2159
6303890164 2160
6303890423 2161
6303890458 2162
6303890547 2163
6303894534 2164
6303900798 2165
630390811X 2166
6303908225 2167
6303908306 2168
6303908586 2169
6303909000 2170
6303909949 2171
6303914942 2172
6303914985 2173
6303916228 2174
6303916880 2175
6303917410 2176
6303917461 2177
630391750X 2178
6303918522 2179
6303920098 2180
6303920713 2181
6303921248 2182
6303921663 2183
6303922147 2184
6303924891 2185
6303925235 2186
6303925243 2187
6303928234 2188
6303929338 2189
6303929567 2190
6303929575 2191
6303929583 2192
6303929591 2193
6303934315 2194
6303934390 2195
6303934420 2196
6303934471 2197
6303934552 2198
6303934749 2199
6303934870 2200
6303935125 2201
6303935214 2202
6303935222 2203
6303935397 2204
6303935419 2205
6303935443 2206
630393546X 2207
6303935494 2208
6303935516 2209
6303935702 2210
6303943004 2211
630394325X 2212
6303943314 2213
6303943322 2214
6303943349 2215
630394518X 2216
6303945317 2217
6303947875 2218
6303949436 2219
6303949703 2220
6303949983 2221
6303950000 2222
6303952623 2223
630395278X 2224
6303952984 2225
630395331X 2226
6303953344 2227
6303953441 2228
6303953492 2229
6303953816 2230
6303954103 2231
6303954138 2232
6303954197 2233
6303954227 2234
6303954278 2235
6303954359 2236
6303956998 2237
6303957005 2238
6303957013 2239
6303957064 2240
6303960200 2241
630396155X 2242
6303961568 2243
6303962033 2244
6303962068 2245
6303962440 2246
6303962459 2247
6303962467 2248
6303964745 2249
6303964788 2250
6303965415 2251
6303965792 2252
6303968163 2253
6303968635 2254
6303968651 2255
6303972969 2256
6303977898 2257
630398021X 2258
6303980368 2259
6303980414 2260
6303980813 2261
6303982662 2262
6303983278 2263
6303984088 2264
6303985394 2265
6303985416 2266
6303985637 2267
6303985645 2268
6303988407 2269
6303990452 2270
6303995705 2271
6303995713 2272
6303998046 2273
6303998240 2274
6303998267 2275
6304004540 2276
630400463X 2277
6304005490 2278
6304005504 2279
6304005555 2280
6304005571 2281
6304005946 2282
6304005962 2283
6304005970 2284
6304005989 2285
6304006063 2286
6304006837 2287
6304007647 2288
6304008716 2289
6304011431 2290
630401323X 2291
6304014465 2292
6304014473 2293
630401614X 2294
6304016468 2295
6304016859 2296
6304017049 2297
6304017081 2298
630401709X 2299
630401743X 2300
6304017626 2301
6304017782 2302
6304018959 2303
6304019688 2304
6304022166 2305
6304022492 2306
6304022646 2307
630402925X 2308
6304029977 2309
6304030959 2310
6304037279 2311
6304039115 2312
6304039166 2313
6304039174 2314
6304039190 2315
6304039220 2316
6304039255 2317
6304039301 2318
6304039441 2319
6304039530 2320
6304039549 2321
6304039565 2322
6304041950 2323
6304044836 2324
6304045425 2325
6304045883 2326
6304047916 2327
6304052855 2328
6304052871 2329
630405288X 2330
6304052898 2331
6304052936 2332
6304053517 2333
6304053614 2334
6304053886 2335
6304054106 2336
630405422X 2337
6304054777 2338
6304056745 2339
6304056842 2340
6304056869 2341
6304056877 2342
6304056893 2343
6304056915 2344
6304056931 2345
6304056958 2346
6304057679 2347
6304059639 2348
6304059647 2349
6304059663 2350
6304059671 2351
630406182X 2352
6304068522 2353
6304071787 2354
6304071825 2355
6304071892 2356
6304075413 2357
6304077955 2358
6304078080 2359
6304078102 2360
6304078110 2361
6304078145 2362
6304079990 2363
6304080018 2364
6304083149 2365
6304083246 2366
6304083777 2367
6304084323 2368
6304089112 2369
6304089201 2370
6304089627 2371
6304091990 2372
6304092024 2373
6304092040 2374
6304092350 2375
6304094973 2376
6304097050 2377
6304097824 2378
6304099037 2379
6304100094 2380
6304100507 2381
6304101147 2382
6304104286 2383
6304104294 2384
6304104324 2385
6304105436 2386
6304106025 2387
6304106033 2388
6304106041 2389
630410605X 2390
6304107250 2391
6304107641 2392
630410765X 2393
6304108729 2394
6304108842 2395
6304108869 2396
6304108877 2397
6304109318 2398
6304109717 2399
6304111231 2400
6304111258 2401
6304111282 2402
6304111347 2403
6304111363 2404
6304111762 2405
6304111835 2406
630411219X 2407
6304112289 2408
6304113404 2409
6304113420 2410
6304114583 2411
6304114605 2412
6304118937 2413
6304119046 2414
6304119089 2415
6304124279 2416
6304125941 2417
630413231X 2418
6304132336 2419
6304132344 2420
6304132360 2421
6304136242 2422
6304137168 2423
6304139454 2424
630414069X 2425
6304140908 2426
6304142137 2427
6304145462 2428
630414699X 2429
6304147074 2430
6304147139 2431
6304151225 2432
6304152442 2433
6304152450 2434
6304152469 2435
6304153112 2436
630415318X 2437
6304153260 2438
6304153716 2439
6304153791 2440
6304154178 2441
6304155972 2442
6304160437 2443
6304162200 2444
6304166206 2445
6304167660 2446
6304167725 2447
6304168659 2448
6304168764 2449
6304168780 2450
630416923X 2451
6304170408 2452
6304172761 2453
6304176287 2454
6304178166 2455
6304178360 2456
630417893X 2457
6304179561 2458
6304179979 2459
630418431X 2460
6304195281 2461
6304195397 2462
6304196660 2463
6304196784 2464
6304196873 2465
6304196903 2466
6304196911 2467
6304197632 2468
6304198493 2469
630420065X 2470
6304202652 2471
6304202725 2472
6304203985 2473
6304204906 2474
6304209401 2475
6304209584 2476
6304209908 2477
6304211740 2478
6304211902 2479
6304212135 2480
6304212151 2481
6304214502 2482
6304216939 2483
6304217420 2484
6304221088 2485
6304224621 2486
630422513X 2487
6304230672 2488
6304232764 2489
6304233639 2490
6304233965 2491
6304237677 2492
6304238029 2493
6304238096 2494
6304238118 2495
6304238142 2496
6304239149 2497
6304239297 2498
6304239343 2499
6304239351 2500
6304239815 2501
6304240554 2502
6304246579 2503
6304253249 2504
6304258984 2505
6304259093 2506
6304259158 2507
6304263457 2508
6304263465 2509
6304267835 2510
6304267843 2511
630426786X 2512
6304269064 2513
6304271506 2514
6304274114 2515
6304274122 2516
6304274807 2517
6304276532 2518
6304277385 2519
6304278691 2520
6304279000 2521
6304282699 2522
6304285116 2523
6304285388 2524
6304285396 2525
630428540X 2526
6304285728 2527
6304286325 2528
6304286384 2529
6304286422 2530
6304286457 2531
6304286503 2532
630428666X 2533
6304286783 2534
6304286805 2535
6304286856 2536
6304287305 2537
6304288433 2538
630428845X 2539
6304288492 2540
6304288549 2541
630428957X 2542
6304289685 2543
6304290888 2544
6304291361 2545
6304291701 2546
6304291752 2547
6304293321 2548
6304293488 2549
6304293925 2550
6304293941 2551
6304293968 2552
6304297912 2553
6304298285 2554
6304298315 2555
630430420X 2556
6304304218 2557
6304304285 2558
630430756X 2559
6304308396 2560
630430840X 2561
6304308418 2562
6304308434 2563
6304308469 2564
6304308477 2565
6304308620 2566
6304310099 2567
6304311834 2568
6304311885 2569
6304313446 2570
6304316267 2571
6304326289 2572
6304326297 2573
6304328583 2574
630432894X 2575
6304329008 2576
6304331053 2577
6304331851 2578
6304337124 2579
6304337434 2580
6304340486 2581
6304340532 2582
630434063X 2583
6304341202 2584
6304341849 2585
6304342462 2586
6304342470 2587
630434256X 2588
6304343418 2589
6304343426 2590
6304345062 2591
6304346093 2592
6304346166 2593
6304353634 2594
6304354371 2595
6304359659 2596
6304359721 2597
6304360983 2598
6304361009 2599
6304361238 2600
6304362498 2601
6304364350 2602
6304364776 2603
6304366043 2604
6304366086 2605
6304368534 2606
6304368542 2607
6304368801 2608
6304368828 2609
6304375239 2610
6304375255 2611
6304375301 2612
6304375344 2613
6304380941 2614
6304383169 2615
6304383193 2616
6304383657 2617
6304383827 2618
6304383835 2619
630438386X 2620
630438551X 2621
6304385560 2622
630438601X 2623
6304386168 2624
6304389175 2625
6304392907 2626
6304393121 2627
630439408X 2628
6304397941 2629
6304399146 2630
6304400225 2631
6304400381 2632
6304400810 2633
6304401132 2634
630440123X 2635
6304401248 2636
6304401256 2637
6304401892 2638
6304402074 2639
6304402929 2640
6304404859 2641
6304404905 2642
6304405901 2643
6304406096 2644
630440641X 2645
6304410433 2646
6304410492 2647
6304410832 2648
6304411367 2649
6304411375 2650
6304411413 2651
6304411448 2652
6304411472 2653
630441336X 2654
6304414145 2655
6304415346 2656
6304416415 2657
6304416423 2658
6304418698 2659
6304419708 2660
630442065X 2661
6304425864 2662
6304429207 2663
6304429703 2664
630442972X 2665
6304431848 2666
6304432119 2667
6304432399 2668
6304432402 2669
6304432410 2670
6304432712 2671
630443314X 2672
6304435096 2673
6304435878 2674
6304435886 2675
6304436998 2676
6304437226 2677
6304437234 2678
6304437544 2679
6304437617 2680
6304438060 2681
6304438176 2682
6304438184 2683
6304438192 2684
6304438206 2685
6304438273 2686
6304441630 2687
6304442467 2688
630444284X 2689
6304443307 2690
6304446640 2691
6304449313 2692
6304449372 2693
6304452802 2694
6304452837 2695
6304452845 2696
630445287X 2697
6304457278 2698
6304457316 2699
6304457359 2700
6304457375 2701
6304457391 2702
6304458657 2703
6304458932 2704
6304458975 2705
6304459661 2706
6304460260 2707
6304462484 2708
6304462522 2709
6304463669 2710
6304466110 2711
6304466145 2712
630446648X 2713
6304467788 2714
6304474636 2715
6304475055 2716
6304475357 2717
630447587X 2718
6304479662 2719
6304479670 2720
630447976X 2721
6304479778 2722
6304479786 2723
6304479859 2724
6304481691 2725
630448187X 2726
6304483074 2727
6304484054 2728
6304486529 2729
6304490399 2730
6304490585 2731
6304493053 2732
6304493703 2733
6304494335 2734
630449436X 2735
6304494378 2736
6304496672 2737
6304496788 2738
6304496869 2739
6304498934 2740
6304500769 2741
6304500831 2742
6304501153 2743
6304501668 2744
6304501676 2745
6304501684 2746
6304502362 2747
630450389X 2748
630450392X 2749
6304504039 2750
630450733X 2751
6304507348 2752
6304508441 2753
6304508484 2754
6304508530 2755
6304508549 2756
6304509405 2757
630451087X 2758
630451493X 2759
6304525109 2760
6304525117 2761
6304525168 2762
6304525192 2763
6304535570 2764
6304541333 2765
6304542852 2766
6304546300 2767
630454636X 2768
6304550839 2769
6304561547 2770
630456161X 2771
6304561717 2772
6304561873 2773
6304563752 2774
6304570392 2775
6304574657 2776
6304578474 2777
6304578482 2778
6304584598 2779
6304584954 2780
6304595247 2781
6304601727 2782
6304601867 2783
6304602898 2784
6304602901 2785
6304606206 2786
6304610629 2787
6304612680 2788
6304612982 2789
6304613113 2790
6304618352 2791
6304628153 2792
6304632444 2793
6304633890 2794
6304636571 2795
6304642946 2796
6304645635 2797
6304646127 2798
630464972X 2799
6304667515 2800
6304672128 2801
6304673035 2802
6304673043 2803
630467306X 2804
6304673078 2805
6304674228 2806
6304675143 2807
6304675151 2808
6304675348 2809
6304676956 2810
6304679661 2811
6304679912 2812
6304680104 2813
6304680236 2814
6304680406 2815
6304680465 2816
6304680538 2817
6304680694 2818
6304681003 2819
6304681372 2820
630468150X 2821
6304681526 2822
6304686218 2823
6304691122 2824
630469623X 2825
6304697988 2826
6304698305 2827
6304698771 2828
6304701527 2829
6304707029 2830
6304707045 2831
6304707622 2832
6304718764 2833
6304727127 2834
6304735677 2835
6304744404 2836
6304753322 2837
6304756410 2838
6304762496 2839
630476300X 2840
6304766742 2841
6304766750 2842
6304773285 2843
6304773307 2844
6304773366 2845
6304773404 2846
6304773439 2847
6304779607 2848
6304785801 2849
6304792093 2850
6304795254 2851
6304797567 2852
6304798466 2853
6304806450 2854
6304808038 2855
6304812817 2856
6304813759 2857
6304818254 2858
6304818262 2859
6304818270 2860
6304819463 2861
6304819927 2862
6304821522 2863
630482615X 2864
6304826184 2865
6304843267 2866
6304844948 2867
6304844964 2868
6304846126 2869
6304847211 2870
6304850549 2871
6304852800 2872
6304861672 2873
6304861702 2874
6304864043 2875
6304868235 2876
6304872402 2877
6304879482 2878
6304891784 2879
6304899351 2880
6304899963 2881
6304905386 2882
6304907729 2883
6304909896 2884
630491010X 2885
6304910150 2886
6304911599 2887
6304911696 2888
6304913893 2889
6304922418 2890
6304922868 2891
6304923082 2892
6304926413 2893
630492643X 2894
6304932561 2895
6304938748 2896
6304946554 2897
6304946805 2898
6304953585 2899
6304953739 2900
6304953747 2901
6304960654 2902
6304961693 2903
6304963173 2904
6304972857 2905
6304973004 2906
6304973411 2907
630497342X 2908
6304978286 2909
6304981643 2910
6304983786 2911
6304994540 2912
6304994567 2913
6305005893 2914
6305006571 2915
6305006598 2916
630500661X 2917
6305009589 2918
6305010528 2919
6305010609 2920
6305012814 2921
6305013578 2922
6305017271 2923
6305020086 2924
6305020817 2925
6305029482 2926
6305034397 2927
6305037728 2928
6305046565 2929
6305046921 2930
6305048282 2931
6305051089 2932
630505116X 2933
6305056862 2934
6305063486 2935
6305063508 2936
6305066833 2937
630506685X 2938
6305066906 2939
6305074143 2940
630507416X 2941
6305074216 2942
6305074305 2943
6305076154 2944
6305076456 2945
6305076693 2946
6305076731 2947
6305077754 2948
6305077959 2949
6305078246 2950
6305078599 2951
6305078947 2952
6305080259 2953
6305080461 2954
6305081832 2955
6305082448 2956
6305087393 2957
6305090238 2958
6305090343 2959
6305099081 2960
6305103526 2961
6305111650 2962
6305112878 2963
6305112894 2964
6305112924 2965
6305116318 2966
6305119112 2967
6305119309 2968
6305120021 2969
6305120080 2970
6305124345 2971
6305127654 2972
6305128952 2973
6305128960 2974
6305132143 2975
6305132666 2976
6305133425 2977
6305133514 2978
6305134979 2979
6305136653 2980
6305137196 2981
630513720X 2982
6305137382 2983
630514415X 2984
6305161879 2985
6305161895 2986
6305162026 2987
6305162042 2988
6305164215 2989
6305165823 2990
630516584X 2991
6305165882 2992
6305166552 2993
6305168822 2994
6305169187 2995
6305171718 2996
6305171769 2997
630517511X 2998
6305177341 2999
6305177473 3000
6305180261 3001
6305181179 3002
6305181381 3003
6305182205 3004
6305183023 3005
6305183244 3006
6305183287 3007
6305183309 3008
6305186618 3009
6305186642 3010
6305186677 3011
6305186693 3012
6305186731 3013
6305189382 3014
6305191883 3015
6305203725 3016
6305203768 3017
6305205787 3018
6305209979 3019
6305210101 3020
6305210144 3021
630521087X 3022
6305214522 3023
6305214646 3024
630522207X 3025
630522269X 3026
6305222711 3027
6305222738 3028
6305222754 3029
6305226156 3030
6305226172 3031
6305226199 3032
6305226601 3033
630522661X 3034
6305229449 3035
6305230226 3036
6305235074 3037
6305235120 3038
6305238065 3039
6305240019 3040
6305240035 3041
6305240655 3042
6305240671 3043
6305242178 3044
6305248869 3045
6305252599 3046
6305257450 3047
6305259429 3048
6305261326 3049
6305261490 3050
6305261970 3051
6305262128 3052
6305262241 3053
6305262268 3054
6305262454 3055
6305263213 3056
6305263299 3057
6305265496 3058
630526564X 3059
6305268827 3060
6305268843 3061
6305268916 3062
6305268924 3063
6305280665 3064
6305291403 3065
630529285X 3066
6305295522 3067
6305297525 3068
6305299951 3069
6305300550 3070
6305300887 3071
630530260X 3072
6305308802 3073
6305308845 3074
6305310351 3075
6305320098 3076
6305320179 3077
6305320950 3078
6305324808 3079
6305326940 3080
630533580X 3081
6305340528 3082
6305342741 3083
6305353549 3084
6305358591 3085
6305362688 3086
6305362998 3087
6305363528 3088
6305364206 3089
6305365121 3090
6305368201 3091
6305372594 3092
6305372837 3093
6305385033 3094
6305389004 3095
6305389225 3096
6305400989 3097
6305413126 3098
6305416192 3099
6305416222 3100
6305417830 3101
6305426651 3102
6305428093 3103
6305428115 3104
6305428158 3105
6305428220 3106
6305428239 3107
6305428247 3108
6305428255 3109
630542828X 3110
6305428298 3111
630542845X 3112
6305432317 3113
6305438137 3114
6305438420 3115
630543848X 3116
6305438498 3117
6305447187 3118
6305447233 3119
6305459452 3120
6305459525 3121
6305461872 3122
6305463425 3123
6305470146 3124
6305470448 3125
6305470464 3126
6305470499 3127
6305475695 3128
6305480869 3129
6305487871 3130
6305488215 3131
6305492042 3132
6305492247 3133
6305493820 3134
6305495483 3135
6305495777 3136
6305496951 3137
6305499365 3138
6305499446 3139
6305501076 3140
6305505101 3141
6305506604 3142
6305508534 3143
6305512043 3144
6305526079 3145
630553201X 3146
6305537402 3147
630553764X 3148
6305537798 3149
6305537801 3150
6305538018 3151
6305538328 3152
6305538972 3153
6305551235 3154
6305554420 3155
6305562822 3156
6305564345 3157
6305568901 3158
6305570051 3159
6305573832 3160
6305574944 3161
6305575762 3162
630557605X 3163
6305596247 3164
6305599033 3165
630560097X 3166
6305604819 3167
6305608253 3168
6305609764 3169
6305613516 3170
6305613524 3171
6305616027 3172
6305622736 3173
6305622825 3174
6305627401 3175
6305639426 3176
6305645523 3177
6305650691 3178
6305657939 3179
6305664110 3180
6305668353 3181
6305668426 3182
6305674108 3183
6305674116 3184
6305678715 3185
6305692688 3186
630569270X 3187
6305701261 3188
6305701512 3189
630570189X 3190
630571035X 3191
6305710473 3192
630571312X 3193
6305713529 3194
6305714886 3195
6305717001 3196
6305718903 3197
6305730997 3198
6305732329 3199
6305732345 3200
6305732388 3201
630573240X 3202
6305733651 3203
6305736685 3204
6305741921 3205
6305742030 3206
6305746583 3207
6305748853 3208
630574999X 3209
6305755175 3210
6305761213 3211
6305763305 3212
6305763313 3213
630576333X 3214
630576350X 3215
6305767866 3216
6305770182 3217
6305772835 3218
6305777837 3219
6305781052 3220
6305784906 3221
6305785252 3222
6305789304 3223
6305789312 3224
6305796297 3225
630579720X 3226
6305799687 3227
6305800073 3228
630580706X 3229
630580740X 3230
6305807426 3231
6305807655 3232
6305807671 3233
6305807760 3234
630580785X 3235
6305807914 3236
6305807922 3237
6305808066 3238
6305808139 3239
6305808155 3240
6305809135 3241
630581001X 3242
6305810109 3243
6305810125 3244
6305812020 3245
6305812071 3246
6305812187 3247
6305812225 3248
6305812233 3249
6305812306 3250
6305814627 3251
6305814694 3252
6305818282 3253
6305828075 3254
6305831661 3255
6305832412 3256
6305836663 3257
6305837104 3258
6305837325 3259
6305837406 3260
6305837562 3261
6305840091 3262
6305842000 3263
6305847045 3264
6305868913 3265
6305870160 3266
6305870187 3267
6305870896 3268
6305873461 3269
6305874867 3270
630587493X 3271
6305882010 3272
6305892806 3273
6305892946 3274
630589423X 3275
6305897786 3276
6305906807 3277
6305908419 3278
6305908532 3279
6305910529 3280
6305918708 3281
6305922640 3282
6305930457 3283
6305940932 3284
6305942331 3285
6305943133 3286
6305943389 3287
6305949638 3288
6305949662 3289
6305949743 3290
6305950539 3291
6305951446 3292
6305958041 3293
630595805X 3294
6305958076 3295
6305958165 3296
6305958181 3297
6305962596 3298
6305963088 3299
6305963126 3300
6305968896 3301
6305970955 3302
6305971714 3303
6305971935 3304
6305972028 3305
6305972060 3306
6305972079 3307
6305972338 3308
6305972370 3309
6305972451 3310
6305972923 3311
6305976384 3312
6306010513 3313
6306010939 3314
6306012052 3315
6306012400 3316
6819903456 3317
7300143032 3318
7502596496 3319
7538445226 3320
7560072771 3321
7799120991 3322
7799127775 3323
7799128836 3324
779913027X 3325
7799133104 3326
7799144076 3327
7799145048 3328
7799146915 3329
7799146958 3330
7799437278 3331
7799444371 3332
7880879625 3333
7883631101 3334
7883639161 3335
7883666630 3336
7883685635 3337
788370091X 3338
7883704559 3339
7883704591 3340
7883706837 3341
7884063387 3342
7885142396 3343
7885142485 3344
7885142507 3345
7885142515 3346
7885142523 3347
7885142604 3348
7885142612 3349
7885142671 3350
7885142833 3351
7885142892 3352
788572560X 3353
7885727343 3354
7885729656 3355
7885880605 3356
7885880966 3357
7885887014 3358
8371341318 3359
837255773X 3360
8379891716 3361
8901732319 3362
985357456X 3363
B000001A5E 3364
B000001BTW 3365
B00000214T 3366
B0000022L1 3367
B0000022W1 3368
B0000022WA 3369
B00000289T 3370
B0000039BK 3371
B0000039D3 3372
B0000039D5 3373
B0000039D6 3374
B0000039D7 3375
B0000039I6 3376
B0000039LU 3377
B0000039NC 3378
B000003KCU 3379
B000003KDD 3380
B000003KE0 3381
B000003KHS 3382
B000003KJX 3383
B000003KLO 3384
B000003KMM 3385
B000003NDA 3386
B0000040EK 3387
B0000040H2 3388
B0000042BZ 3389
B0000048V8 3390
B0000048YO 3391
B000004918 3392
B0000049FK 3393
B000005F8H 3394
B000005QH3 3395
B000005QHG 3396
B000005QLO 3397
B000005QRV 3398
B000005QSO 3399
B000005WSP 3400
B000005XPV 3401
B000005XRS 3402
B000005XXD 3403
B000005XY3 3404
B0000060W6 3405
B0000060X7 3406
B0000063XU 3407
B000006561 3408
B00000657W 3409
B000006584 3410
B0000065M3 3411
B0000065MQ 3412
B0000065MW 3413
B0000065MX 3414
B0000065N8 3415
B0000066CQ 3416
B000006934 3417
B000006BQM 3418
B000006DAL 3419
B000006FFU 3420
B000006FKX 3421
B000006FNL 3422
B000006GDA 3423
B000006GDN 3424
B000006GDX 3425
B000006GE1 3426
B000006GE5 3427
B000006GF6 3428
B000006GFB 3429
B000006GST 3430
B000006GTO 3431
B000006J4H 3432
B000006ND5 3433
B000006PAB 3434
B000006PE1 3435
B000006QGL 3436
B000007MW8 3437
B000007NTY 3438
B000007PAP 3439
B000007PPU 3440
B000007PQ8 3441
B000007T1D 3442
B000009DTN 3443
B000009O12 3444
B000009PPZ 3445
B000009RZN 3446
B000009S2E 3447
B00000AOAH 3448
B00000AOAV 3449
B00000DFR0 3450
B00000EZRQ 3451
B00000EZWV 3452
B00000EZZ8 3453
B00000F06S 3454
B00000F0YO 3455
B00000F14W 3456
B00000F2GH 3457
B00000F2L9 3458
B00000F2LK 3459
B00000F2M4 3460
B00000F2UF 3461
B00000F2Y6 3462
B00000F2YC 3463
B00000F316 3464
B00000F31K 3465
B00000F356 3466
B00000F37T 3467
B00000F39T 3468
B00000F3CD 3469
B00000F3CX 3470
B00000F3GI 3471
B00000F3JB 3472
B00000F3NB 3473
B00000F40X 3474
B00000F4EO 3475
B00000F4IE 3476
B00000F4IS 3477
B00000F4KD 3478
B00000F4L5 3479
B00000F4MA 3480
B00000F4MO 3481
B00000F4ZY 3482
B00000F5B0 3483
B00000F5B5 3484
B00000F5EO 3485
B00000F5KA 3486
B00000F5N1 3487
B00000F5OT 3488
B00000F5W8 3489
B00000F61N 3490
B00000F62D 3491
B00000F67S 3492
B00000F7AE 3493
B00000F7E6 3494
B00000F8KW 3495
B00000F9I1 3496
B00000FA91 3497
B00000FB1U 3498
B00000FBC9 3499
B00000FCYU 3500
B00000FCYX 3501
B00000FDVT 3502
B00000FDXT 3503
B00000FDYZ 3504
B00000FDZU 3505
B00000FELK 3506
B00000FELL 3507
B00000FELM 3508
B00000FYPB 3509
B00000FYWR 3510
B00000FZ5B 3511
B00000FZZW 3512
B00000G02H 3513
B00000G07E 3514
B00000G0CS 3515
B00000G3BN 3516
B00000G3GH 3517
B00000G3KV 3518
B00000G3L0 3519
B00000G3O5 3520
B00000G3P0 3521
B00000G3PL 3522
B00000G3R0 3523
B00000G3RI 3524
B00000HF14 3525
B00000I1DU 3526
B00000I1IL 3527
B00000I682 3528
B00000IBKT 3529
B00000IBKY 3530
B00000IBLC 3531
B00000IBMA 3532
B00000IBMB 3533
B00000IBMC 3534
B00000IBMF 3535
B00000IBPA 3536
B00000IBRL 3537
B00000IBS7 3538
B00000IBS9 3539
B00000IC7G 3540
B00000IC7Q 3541
B00000IC8A 3542
B00000IC8Z 3543
B00000IC9T 3544
B00000ICHI 3545
B00000ICYF 3546
B00000ILBK 3547
B00000ILE5 3548
B00000ILE9 3549
B00000ILEA 3550
B00000ILG0 3551
B00000INCI 3552
B00000INF7 3553
B00000INUB 3554
B00000IPG4 3555
B00000IPHK 3556
B00000IPHP 3557
B00000IQBP 3558
B00000IQVM 3559
B00000IQVS 3560
B00000IRBR 3561
B00000IREB 3562
B00000IRED 3563
B00000IXPF 3564
B00000IXPN 3565
B00000IYQR 3566
B00000J2JB 3567
B00000J2JC 3568
B00000J2KE 3569
B00000JDIL 3570
B00000JGDT 3571
B00000JGE6 3572
B00000JGOJ 3573
B00000JKNV 3574
B00000JKSG 3575
B00000JKU4 3576
B00000JKXX 3577
B00000JLVZ 3578
B00000JLWQ 3579
B00000JLWR 3580
B00000JMOE 3581
B00000JMOI 3582
B00000JMQ5 3583
B00000JNBC 3584
B00000JNBP 3585
B00000JNCI 3586
B00000JPGP 3587
B00000JPH0 3588
B00000JQTW 3589
B00000JQU8 3590
B00000JQUA 3591
B00000JQUG 3592
B00000JQV3 3593
B00000JRWE 3594
B00000JSJ5 3595
B00000JWVS 3596
B00000JWW7 3597
B00000JYLZ 3598
B00000JYWU 3599
B00000JZHG 3600
B00000JZIJ 3601
B00000JZIM 3602
B00000K0DV 3603
B00000K13T 3604
B00000K2X9 3605
B00000K32I 3606
B00000K32N 3607
B00000K3AM 3608
B00000K3UG 3609
B00000K3UU 3610
B00000K4ZH 3611
B00001IVEC 3612
B00001IVFF 3613
B00001IVFP 3614
B00001ODGH 3615
B00001ODHD 3616
B00001TZ5Z 3617
B00001TZ6P 3618
B00001U0DJ 3619
B00001U0DT 3620
B00001U0G5 3621
B00001U0GS 3622
B00001W0FF 3623
B00001W9FY 3624
B00001WY7P 3625
B00001ZWQN 3626
B00001ZWTS 3627
B0000203Y5 3628
B0000214GE 3629
B000021Y6K 3630
B000021Y6L 3631
B000021Y6N 3632
B000021Y7C 3633
B000022TS5 3634
B000022TSA 3635
B000022TSH 3636
B000028U3R 3637
B00002E22E 3638
B00002E23E 3639
B00002E23H 3640
B00002E24F 3641
B00002E24S 3642
B00002EQ0H 3643
B00002EQ0I 3644
B00002EQ0O 3645
B00002IJ48 3646
B00002JWYJ 3647
B00002JWYZ 3648
B00002JWZT 3649
B00002ND79 3650
B00002RAOU 3651
B00002RASO 3652
B00002VW6M 3653
B00002ZMNF 3654
B000031EGT 3655
B000031EGU 3656
B000035P6F 3657
B000035P6X 3658
B000035P6Z 3659
B000035P7B 3660
B000035P7M 3661
B000035P86 3662
B000035P8B 3663
B000035Z1M 3664
B000035Z1R 3665
B000035Z2A 3666
B000035Z2V 3667
B000035Z3G 3668
B000035Z46 3669
B0000372I2 3670
B000038I0Y 3671
B000038IFO 3672
B0000399W9 3673
B0000399WG 3674
B0000399WM 3675
B00003BDZW 3676
B00003BDZY 3677
B00003CWLI 3678
B00003CWOT 3679
B00003CWPL 3680
B00003CWQ9 3681
B00003CWQL 3682
B00003CWS2 3683
B00003CWT6 3684
B00003CX44 3685
B00003CX6D 3686
B00003CX73 3687
B00003CX8I 3688
B00003CX9I 3689
B00003CXBK 3690
B00003CXC6 3691
B00003CXD7 3692
B00003CXDJ 3693
B00003CXDR 3694
B00003CXE6 3695
B00003CXF4 3696
B00003CXFU 3697
B00003CXGR 3698
B00003CXH1 3699
B00003CXHG 3700
B00003CXHJ 3701
B00003CXHM 3702
B00003CXI6 3703
B00003CXIA 3704
B00003CXIF 3705
B00003CXIS 3706
B00003CXIU 3707
B00003CXIY 3708
B00003CXJ1 3709
B00003CXJ4 3710
B00003CXJ9 3711
B00003CXJY 3712
B00003CXK7 3713
B00003CXKA 3714
B00003CXKD 3715
B00003CXKJ 3716
B00003CXKS 3717
B00003CXKT 3718
B00003CXL4 3719
B00003CXL6 3720
B00003CXLD 3721
B00003CXLM 3722
B00003CXLS 3723
B00003CXMG 3724
B00003CXMO 3725
B00003CXMV 3726
B00003CXMY 3727
B00003CXN4 3728
B00003CXND 3729
B00003CXNX 3730
B00003CXO1 3731
B00003CXO3 3732
B00003CXP0 3733
B00003CXP1 3734
B00003CXP9 3735
B00003CXPD 3736
B00003CXPO 3737
B00003CXPV 3738
B00003CXQ0 3739
B00003CXQ6 3740
B00003CXQA 3741
B00003CXQM 3742
B00003CXQS 3743
B00003CXR1 3744
B00003CXR3 3745
B00003CXRA 3746
B00003CXRM 3747
B00003CXRO 3748
B00003CXRY 3749
B00003CXS4 3750
B00003CXS7 3751
B00003CXS9 3752
B00003CXSA 3753
B00003CXSF 3754
B00003CXSH 3755
B00003CXSO 3756
B00003CXT7 3757
B00003CXT9 3758
B00003CXTL 3759
B00003CXTO 3760
B00003CXUM 3761
B00003CXUP 3762
B00003CXUZ 3763
B00003CXWF 3764
B00003CXWJ 3765
B00003CXWM 3766
B00003CXXG 3767
B00003CXXI 3768
B00003CXXP 3769
B00003CXXR 3770
B00003CXXY 3771
B00003CXZ1 3772
B00003CXZ3 3773
B00003CY27 3774
B00003CY2S 3775
B00003CY51 3776
B00003CY57 3777
B00003CY5A 3778
B00003CY5C 3779
B00003CY5F 3780
B00003CY5H 3781
B00003CY5P 3782
B00003CY5U 3783
B00003CY67 3784
B00003CY69 3785
B00003CY6C 3786
B00003CY6O 3787
B00003CYJ4 3788
B00003CYLJ 3789
B00003ETJV 3790
B00003G4IR 3791
B00003GPEZ 3792
B00003JRAI 3793
B00003JRAJ 3794
B00003JRAV 3795
B00003L9BF 3796
B00003L9CE 3797
B00003L9CF 3798
B00003L9CO 3799
B00003L9CR 3800
B00003O02T 3801
B00003OSSN 3802
B00003OSTA 3803
B00003OSTT 3804
B00003Q42P 3805
B00003RQKO 3806
B00003RQND 3807
B00003TKDY 3808
B00003TKF5 3809
B00003TKFB 3810
B00003XAMS 3811
B000046S2F 3812
B00004CIM4 3813
B00004CIWC 3814
B00004CIXV 3815
B00004CJAT 3816
B00004CJZ5 3817
B00004CKFV 3818
B00004CMV1 3819
B00004CR9T 3820
B00004CT8J 3821
B00004CTW6 3822
B00004CWKU 3823
B00004CWTY 3824
B00004CX4O 3825
B00004CY5S 3826
B00004CYNF 3827
B00004CYR8 3828
B00004D2X8 3829
B00004KDER 3830
B00004KHDU 3831
B00004LC7U 3832
B00004R5SK 3833
B00004R75V 3834
B00004R8UQ 3835
B00004R99N 3836
B00004RCKI 3837
B00004RCO8 3838
B00004RERE 3839
B00004RERO 3840
B00004REWK 3841
B00004RF3O 3842
B00004RF89 3843
B00004RFF6 3844
B00004RFHO 3845
B00004RJG3 3846
B00004RL4M 3847
B00004RM2X 3848
B00004RSCG 3849
B00004RYBN 3850
B00004RYKP 3851
B00004RYSN 3852
B00004RZ01 3853
B00004S322 3854
B00004S8JT 3855
B00004SPFR 3856
B00004ST9P 3857
B00004STDA 3858
B00004T1JL 3859
B00004T2SI 3860
B00004T3AL 3861
B00004T6FM 3862
B00004T8GF 3863
B00004T8WW 3864
B00004TBUH 3865
B00004TJFJ 3866
B00004TJJS 3867
B00004TJMR 3868
B00004TLL3 3869
B00004TQF7 3870
B00004TRD2 3871
B00004TS0J 3872
B00004TX2C 3873
B00004TX5O 3874
B00004TZRZ 3875
B00004U104 3876
B00004U1F9 3877
B00004U28P 3878
B00004U409 3879
B00004U421 3880
B00004U5TJ 3881
B00004U8GU 3882
B00004U8P6 3883
B00004UB6S 3884
B00004UEDQ 3885
B00004UEDZ 3886
B00004UFSN 3887
B00004UGAU 3888
B00004VVMZ 3889
B00004VVN5 3890
B00004VVO5 3891
B00004VVOH 3892
B00004VVOV 3893
B00004VVOY 3894
B00004VVP2 3895
B00004W191 3896
B00004W20Z 3897
B00004W21U 3898
B00004W3HE 3899
B00004W46E 3900
B00004W46G 3901
B00004W46I 3902
B00004W48W 3903
B00004W4GV 3904
B00004W5TJ 3905
B00004W5UW 3906
B00004W5VE 3907
B00004W5XP 3908
B00004W5Y0 3909
B00004W9C7 3910
B00004WC7H 3911
B00004WG2B 3912
B00004WG2E 3913
B00004WG4H 3914
B00004WG4J 3915
B00004WG8O 3916
B00004WGBG 3917
B00004WI60 3918
B00004WI6C 3919
B00004WIBZ 3920
B00004WLTJ 3921
B00004WLTP 3922
B00004WLUL 3923
B00004WLVM 3924
B00004WZ3T 3925
B00004WZR4 3926
B00004X07E 3927
B00004X13Q 3928
B00004X13T 3929
B00004XMS2 3930
B00004XMSB 3931
B00004XMSF 3932
B00004XPOK 3933
B00004XPPD 3934
B00004XPPF 3935
B00004XPPI 3936
B00004XPPJ 3937
B00004XPPK 3938
B00004XPQQ 3939
B00004XQMU 3940
B00004Y2PU 3941
B00004Y2QO 3942
B00004Y2R4 3943
B00004Y3WH 3944
B00004Y56D 3945
B00004Y56F 3946
B00004Y62Z 3947
B00004Y633 3948
B00004Y6C2 3949
B00004Y7FD 3950
B00004Y7S5 3951
B00004YA19 3952
B00004YA25 3953
B00004YA66 3954
B00004YKPY 3955
B00004YKQE 3956
B00004YKQR 3957
B00004YKS9 3958
B00004YNUM 3959
B00004YRWY 3960
B00004YS5M 3961
B00004YS6W 3962
B00004YS74 3963
B00004YS93 3964
B00004YS98 3965
B00004YWJE 3966
B00004Z1FX 3967
B00004Z4SE 3968
B00004Z4U9 3969
B00004Z4VE 3970
B00004Z4WQ 3971
B00004Z4WR 3972
B00004ZB6M 3973
B00004ZDFL 3974
B00004ZERQ 3975
B00004ZESV 3976
B00004ZETJ 3977
B00004ZEU5 3978
B00005094P 3979
B000050GC8 3980
B000050IL8 3981
B000050IMO 3982
B000050NS2 3983
B000051S3A 3984
B000051S4R 3985
B000051S4W 3986
B000051SH3 3987
B000051SHA 3988
B000051WAF 3989
B000051WB5 3990
B000051WBE 3991
B0000524D0 3992
B0000524E5 3993
B0000524EB 3994
B0000524ES 3995
B0000524ET 3996
B0000524F6 3997
B000053GYD 3998
B000053OSI 3999
B000053V60 4000
B000053V72 4001
B000053V7A 4002
B000053V7C 4003
B000053V8F 4004
B000053VAG 4005
B000053VAT 4006
B000053VEG 4007
B000053W55 4008
B0000541TN 4009
B0000541UV 4010
B0000541W8 4011
B0000541X6 4012
B0000542C6 4013
B0000542CI 4014
B000054OV3 4015
B000055XAA 4016
B000055XLZ 4017
B000055YVT 4018
B000055YXJ 4019
B000055Z8E 4020
B000055ZF1 4021
B000055ZK9 4022
B000055ZKE 4023
B0000560WG 4024
B000056AVY 4025
B000056BOW 4026
B000056BSD 4027
B000056BSE 4028
B000056BSJ 4029
B000056HEC 4030
B000056HEG 4031
B000056HP2 4032
B000056HQ8 4033
B000056KQN 4034
B000056MOB 4035
B000056MOF 4036
B000056OCJ 4037
B000056OZ5 4038
B000056PMV 4039
B000056PNR 4040
B000056PPA 4041
B000056T5K 4042
B000056VOZ 4043
B000056VP3 4044
B000056WK2 4045
B000056WR0 4046
B000056WR6 4047
B000057II5 4048
B000057KCX 4049
B000057X1N 4050
B000057X1R 4051
B0000584ZH 4052
B000058CB6 4053
B000058TID 4054
B00005957B 4055
B000059GEK 4056
B000059H6T 4057
B000059H6U 4058
B000059H77 4059
B000059H79 4060
B000059HAU 4061
B000059HCH 4062
B000059MPN 4063
B000059MQ4 4064
B000059OLS 4065
B000059PP2 4066
B000059PPO 4067
B000059PPT 4068
B000059PR3 4069
B000059PSE 4070
B000059RNA 4071
B000059TFV 4072
B000059TON 4073
B000059TQ9 4074
B000059XTZ 4075
B000059XVO 4076
B00005A07A 4077
B00005A1RF 4078
B00005A1ST 4079
B00005A1SV 4080
B00005A1SW 4081
B00005A1SY 4082
B00005A1VF 4083
B00005A8S3 4084
B00005A8S9 4085
B00005A8TX 4086
B00005AA9G 4087
B00005AABE 4088
B00005ABUB 4089
B00005AFK2 4090
B00005ALS0 4091
B00005ALS2 4092
B00005AQ65 4093
B00005ASO0 4094
B00005ASOH 4095
B00005ASOO 4096
B00005ASOS 4097
B00005ASPE 4098
B00005ASQ4 4099
B00005ATQJ 4100
B00005AUJH 4101
B00005AUJM 4102
B00005AUK6 4103
B00005AW01 4104
B00005AW02 4105
B00005B1VL 4106
B00005B1VQ 4107
B00005B1Y1 4108
B00005B1YH 4109
B00005B3Z5 4110
B00005B6KZ 4111
B00005B6L0 4112
B00005BCJO 4113
B00005BCK9 4114
B00005BCKF 4115
B00005BCKI 4116
B00005BCN1 4117
B00005BCPC 4118
B00005BHW6 4119
B00005BIFV 4120
B00005BJCB 4121
B00005BJDW 4122
B00005BJWN 4123
B00005BKZD 4124
B00005BKZE 4125
B00005CFH0 4126
B00005IBCP 4127
B00005IBK9 4128
B00005IC52 4129
B00005IC54 4130
B00005J6V1 4131
B00005J9OP 4132
B00005JCCB 4133
B00005JHAA 4134
B00005JHCG 4135
B00005JK5O 4136
B00005JK8N 4137
B00005JKDR 4138
B00005JKHF 4139
B00005JKIJ 4140
B00005JKIO 4141
B00005JKIS 4142
B00005JKJA 4143
B00005JKJG 4144
B00005JKJJ 4145
B00005JKJM 4146
B00005JKJS 4147
B00005JKJY 4148
B00005JKKY 4149
B00005JKL8 4150
B00005JKLQ 4151
B00005JKLW 4152
B00005JKM2 4153
B00005JKMG 4154
B00005JKMQ 4155
B00005JKMW 4156
B00005JKMY 4157
B00005JKN2 4158
B00005JKPT 4159
B00005JKTE 4160
B00005JKTI 4161
B00005JKU7 4162
B00005JKWG 4163
B00005JKWI 4164
B00005JKWX 4165
B00005JKX3 4166
B00005JKXE 4167
B00005JKYX 4168
B00005JKZM 4169
B00005JKZU 4170
B00005JKZY 4171
B00005JL1P 4172
B00005JL29 4173
B00005JL3T 4174
B00005JL57 4175
B00005JL6V 4176
B00005JL6X 4177
B00005JL7Q 4178
B00005JL81 4179
B00005JL8Z 4180
B00005JL9A 4181
B00005JLBE 4182
B00005JLD4 4183
B00005JLEW 4184
B00005JLEX 4185
B00005JLEY 4186
B00005JLF1 4187
B00005JLF2 4188
B00005JLF3 4189
B00005JLFT 4190
B00005JLFV 4191
B00005JLFY 4192
B00005JLGP 4193
B00005JLH0 4194
B00005JLH2 4195
B00005JLI6 4196
B00005JLIB 4197
B00005JLIC 4198
B00005JLIF 4199
B00005JLJE 4200
B00005JLJK 4201
B00005JLJP 4202
B00005JLKB 4203
B00005JLNZ 4204
B00005JLOT 4205
B00005JLPK 4206
B00005JLQ8 4207
B00005JLQE 4208
B00005JLQT 4209
B00005JLQW 4210
B00005JLR1 4211
B00005JLR5 4212
B00005JLR8 4213
B00005JLRT 4214
B00005JLS5 4215
B00005JLSB 4216
B00005JLSE 4217
B00005JLT5 4218
B00005JLTN 4219
B00005JLWN 4220
B00005JLX2 4221
B00005JLX8 4222
B00005JLY1 4223
B00005JLYH 4224
B00005JLYP 4225
B00005JLYW 4226
B00005JLZ2 4227
B00005JLZK 4228
B00005JLZW 4229
B00005JM0B 4230
B00005JM1F 4231
B00005JM20 4232
B00005JM23 4233
B00005JM2Y 4234
B00005JM39 4235
B00005JM3A 4236
B00005JM3C 4237
B00005JM3G 4238
B00005JM48 4239
B00005JM4Q 4240
B00005JM4W 4241
B00005JM55 4242
B00005JM5B 4243
B00005JM5E 4244
B00005JM5Z 4245
B00005JM7T 4246
B00005JM9Q 4247
B00005JM9Z 4248
B00005JMA8 4249
B00005JMAH 4250
B00005JMCT 4251
B00005JMCW 4252
B00005JMET 4253
B00005JMFQ 4254
B00005JMH8 4255
B00005JMHI 4256
B00005JMIJ 4257
B00005JMJ4 4258
B00005JMJD 4259
B00005JMJG 4260
B00005JMMT 4261
B00005JMMW 4262
B00005JMN7 4263
B00005JMPT 4264
B00005JMQW 4265
B00005JMQZ 4266
B00005JMSD 4267
B00005JMUK 4268
B00005JMXO 4269
B00005JMXX 4270
B00005JMYF 4271
B00005JMYI 4272
B00005JMZK 4273
B00005JN0A 4274
B00005JN0D 4275
B00005JN0T 4276
B00005JN2Z 4277
B00005JN3W 4278
B00005JN4H 4279
B00005JN55 4280
B00005JN5E 4281
B00005JN5T 4282
B00005JN80 4283
B00005JN8Q 4284
B00005JN8S 4285
B00005JNA7 4286
B00005JNBN 4287
B00005JNBQ 4288
B00005JNC2 4289
B00005JND2 4290
B00005JND5 4291
B00005JNDZ 4292
B00005JNEI 4293
B00005JNEQ 4294
B00005JNEW 4295
B00005JNF1 4296
B00005JNF7 4297
B00005JNHS 4298
B00005JNHT 4299
B00005JNHU 4300
B00005JNJR 4301
B00005JNJV 4302
B00005JNLQ 4303
B00005JNNT 4304
B00005JNOG 4305
B00005JNP4 4306
B00005JNQA 4307
B00005JNQG 4308
B00005JNRM 4309
B00005JNS8 4310
B00005JNT2 4311
B00005JNTU 4312
B00005JNU5 4313
B00005JNVO 4314
B00005JNX0 4315
B00005JO16 4316
B00005JO1R 4317
B00005JO20 4318
B00005JO28 4319
B00005JO2C 4320
B00005JO2V 4321
B00005JO4D 4322
B00005JO4F 4323
B00005JO9J 4324
B00005JO9K 4325
B00005JOA4 4326
B00005JOAP 4327
B00005JOCA 4328
B00005JOHC 4329
B00005JOIH 4330
B00005JOJ8 4331
B00005JOJR 4332
B00005JOQB 4333
B00005JOQZ 4334
B00005JOSO 4335
B00005JOTJ 4336
B00005JOU0 4337
B00005JOUX 4338
B00005JOWN 4339
B00005JOWT 4340
B00005JOX2 4341
B00005JOXC 4342
B00005JOXR 4343
B00005JOXZ 4344
B00005JOYL 4345
B00005JOZ0 4346
B00005JOZI 4347
B00005JP00 4348
B00005JP03 4349
B00005JP09 4350
B00005JP0C 4351
B00005JP0X 4352
B00005JP3M 4353
B00005JP60 4354
B00005JP63 4355
B00005JP6U 4356
B00005JP86 4357
B00005JP96 4358
B00005JP97 4359
B00005JPA0 4360
B00005JPA6 4361
B00005JPAM 4362
B00005JPAS 4363
B00005JPB0 4364
B00005JPBL 4365
B00005JPD0 4366
B00005JPE3 4367
B00005JPFH 4368
B00005JPFT 4369
B00005JPH2 4370
B00005JPI2 4371
B00005JPI6 4372
B00005JPID 4373
B00005JPII 4374
B00005JPJ8 4375
B00005JPJK 4376
B00005JPK3 4377
B00005JPK8 4378
B00005JPKE 4379
B00005JPKW 4380
B00005JPL5 4381
B00005JPLQ 4382
B00005JPN8 4383
B00005JPNO 4384
B00005JPNV 4385
B00005JPNY 4386
B00005JPOE 4387
B00005JPON 4388
B00005JPP2 4389
B00005JPQE 4390
B00005JPRX 4391
B00005JPTK 4392
B00005JPTT 4393
B00005JPUN 4394
B00005JPUW 4395
B00005JPVK 4396
B00005JPX8 4397
B00005JPXA 4398
B00005JPXP 4399
B00005JPXS 4400
B00005JPXY 4401
B00005JPY0 4402
B00005JXI9 4403
B00005JXZA 4404
B00005JY1C 4405
B00005K3FL 4406
B00005K3NW 4407
B00005K3OF 4408
B00005K3OG 4409
B00005K3OI 4410
B00005K3OU 4411
B00005K9O8 4412
B00005K9OE 4413
B00005KA70 4414
B00005KA7F 4415
B00005KAQJ 4416
B00005KAQR 4417
B00005KARG 4418
B00005KB4D 4419
B00005KH1Z 4420
B00005KHJJ 4421
B00005KHJY 4422
B00005KJUL 4423
B00005KK3M 4424
B00005LB8B 4425
B00005LC1F 4426
B00005LC4J 4427
B00005LC4N 4428
B00005LC4O 4429
B00005LC5R 4430
B00005LC6W 4431
B00005LDDB 4432
B00005LIRO 4433
B00005LKIA 4434
B00005LKLF 4435
B00005LOLH 4436
B00005LPZW 4437
B00005LQ0V 4438
B00005LWKP 4439
B00005M20M 4440
B00005M2CC 4441
B00005MEUZ 4442
B00005MEV0 4443
B00005MEV2 4444
B00005MEV7 4445
B00005MEVO 4446
B00005MKKV 4447
B00005MKOL 4448
B00005MKON 4449
B00005MKXB 4450
B00005ML8T 4451
B00005MM5H 4452
B00005MM62 4453
B00005MM7B 4454
B00005MM8X 4455
B00005N5SH 4456
B00005N5SI 4457
B00005N5UF 4458
B00005N7Z0 4459
B00005N8A9 4460
B00005N8AN 4461
B00005N90Y 4462
B00005N914 4463
B00005NB8U 4464
B00005NB93 4465
B00005NBDH 4466
B00005NBDK 4467
B00005NC4Y 4468
B00005NFL5 4469
B00005NFL9 4470
B00005NFYY 4471
B00005NFZA 4472
B00005NG05 4473
B00005NG9Z 4474
B00005NGAH 4475
B00005NKC6 4476
B00005NKSD 4477
B00005NKSP 4478
B00005NKTH 4479
B00005NKUI 4480
B00005NP20 4481
B00005NQGO 4482
B00005NRQO 4483
B00005NSY6 4484
B00005NSY7 4485
B00005NTOH 4486
B00005O06O 4487
B00005O06W 4488
B00005O0SO 4489
B00005O5CM 4490
B00005O5D0 4491
B00005O5DJ 4492
B00005O5JK 4493
B00005O5JP 4494
B00005O6YD 4495
B00005OCK3 4496
B00005OCLM 4497
B00005OCR8 4498
B00005OCV2 4499
B00005OSK8 4500
B00005OSLQ 4501
B00005OSOZ 4502
B00005PJ73 4503
B00005PJ8O 4504
B00005PJ8W 4505
B00005Q2Z1 4506
B00005QAP6 4507
B00005QAP7 4508
B00005QAPH 4509
B00005QAQD 4510
B00005QAQE 4511
B00005QAR8 4512
B00005QAS3 4513
B00005QATG 4514
B00005QBZD 4515
B00005QCTZ 4516
B00005QCV8 4517
B00005QCW0 4518
B00005QCW3 4519
B00005QCW4 4520
B00005QCWK 4521
B00005QFE5 4522
B00005QFE6 4523
B00005QJIG 4524
B00005QSN3 4525
B00005QT9O 4526
B00005QTA2 4527
B00005QTAS 4528
B00005QTAU 4529
B00005QVVD 4530
B00005QW4L 4531
B00005QW5X 4532
B00005QW5Y 4533
B00005QW6Y 4534
B00005QW9I 4535
B00005QW9L 4536
B00005QWAH 4537
B00005QWAI 4538
B00005R1N2 4539
B00005R248 4540
B00005R24H 4541
B00005R24J 4542
B00005R273 4543
B00005R2D4 4544
B00005R2EC 4545
B00005R5W2 4546
B00005R7YL 4547
B00005R874 4548
B00005R87L 4549
B00005RDST 4550
B00005RDWC 4551
B00005RHGK 4552
B00005RIY5 4553
B00005RJ01 4554
B00005RRG7 4555
B00005RRJI 4556
B00005RT35 4557
B00005RY9Q 4558
B00005RYLA 4559
B00005RYP4 4560
B00005RYPB 4561
B00005RYQ6 4562
B00005RZPK 4563
B00005RZQT 4564
B00005T30I 4565
B00005T33K 4566
B00005T33W 4567
B00005T5YG 4568
B00005T7H7 4569
B00005T7HC 4570
B00005TNEQ 4571
B00005TNER 4572
B00005TNES 4573
B00005TNFN 4574
B00005TPC7 4575
B00005TPKX 4576
B00005TPLX 4577
B00005U0JX 4578
B00005U12T 4579
B00005U2K8 4580
B00005U2KN 4581
B00005U2KO 4582
B00005U2KS 4583
B00005U8EL 4584
B00005U8EN 4585
B00005U8F0 4586
B00005U8F4 4587
B00005U8QR 4588
B00005U8SP 4589
B00005UBKC 4590
B00005UF9I 4591
B00005UM21 4592
B00005UM31 4593
B00005UMF7 4594
B00005UQ76 4595
B00005UQ78 4596
B00005UQ9F 4597
B00005UQ9V 4598
B00005UQ9W 4599
B00005UQC7 4600
B00005UQEU 4601
B00005UV33 4602
B00005UV34 4603
B00005V1YF 4604
B00005V1YG 4605
B00005V3Z4 4606
B00005V4XE 4607
B00005V4XF 4608
B00005V4XW 4609
B00005V4YF 4610
B00005V5PF 4611
B00005V7CT 4612
B00005V9JT 4613
B00005V9KX 4614
B00005Y3ZL 4615
B00005Y6XI 4616
B00005Y6YJ 4617
B00005Y71H 4618
B00005Y71V 4619
B00005Y7DD 4620
B00005Y7GQ 4621
B00005YU1M 4622
B00005YU82 4623
B00005YUNO 4624
B00005YUO1 4625
B00005YUPJ 4626
B00005YUQG 4627
B00005YUSL 4628
B000060MTY 4629
B000060MUZ 4630
B000060MV6 4631
B000060MVK 4632
B000060OFU 4633
B000062TXS 4634
B000062XDX 4635
B000062XE5 4636
B000062XEP 4637
B000062XFA 4638
B000062XFG 4639
B000062Y1D 4640
B000062Y3Z 4641
B0000630SO 4642
B0000633LO 4643
B0000633QN 4644
B0000633R4 4645
B0000633U6 4646
B0000634AQ 4647
B0000639EL 4648
B0000639GO 4649
B0000639HG 4650
B0000639HO 4651
B0000639HQ 4652
B0000639IZ 4653
B0000639KS 4654
B0000639L4 4655
B000063BJ1 4656
B000063EME 4657
B000063J8R 4658
B000063J8W 4659
B000063K0V 4660
B000063K17 4661
B000063K2C 4662
B000063RQO 4663
B000063TOM 4664
B000063TQS 4665
B000063UQP 4666
B000063V14 4667
B000063V8N 4668
B000063V8R 4669
B000063V8T 4670
B000063V8U 4671
B000063W2R 4672
B0000640T0 4673
B0000640VJ 4674
B0000640VK 4675
B0000640VL 4676
B0000640VN 4677
B0000640VO 4678
B0000640VR 4679
B0000640XE 4680
B00006420D 4681
B00006422R 4682
B00006472N 4683
B000065OZ2 4684
B000065R11 4685
B000065U1J 4686
B000065U2U 4687
B000065U38 4688
B000065U5K 4689
B000065U63 4690
B000065UH7 4691
B000065V3K 4692
B000065V3X 4693
B0000665S8 4694
B0000665SJ 4695
B000066739 4696
B00006673L 4697
B00006675U 4698
B000066792 4699
B000066798 4700
B0000667LK 4701
B00006681E 4702
B000066HAS 4703
B000066IXV 4704
B000067D0Z 4705
B000067D2M 4706
B000067DCX 4707
B000067DFC 4708
B000067DNC 4709
B000067FPE 4710
B000067IVT 4711
B000067J0M 4712
B000067J17 4713
B000067J1P 4714
B000067J3S 4715
B000067NNM 4716
B000067S1H 4717
B0000687E3 4718
B0000687FU 4719
B000068CNX 4720
B000068DBD 4721
B000068DBE 4722
B000068M9Q 4723
B000068MBI 4724
B000068MBW 4725
B000068MBY 4726
B000068MDD 4727
B000068QOB 4728
B000068TPB 4729
B000068TPD 4730
B000068TPE 4731
B000068TPF 4732
B000068TPG 4733
B000068TSI 4734
B000068TSQ 4735
B000068UE9 4736
B000068V9R 4737
B000068V9S 4738
B000068V9X 4739
B000068WS6 4740
B0000694ZS 4741
B00006950U 4742
B00006951A 4743
B00006952Y 4744
B00006953K 4745
B00006954J 4746
B000069BJH 4747
B000069CFH 4748
B000069D4M 4749
B000069HQ1 4750
B000069HQ3 4751
B000069HUI 4752
B000069HXC 4753
B000069HXD 4754
B000069HXF 4755
B000069HXG 4756
B000069HYD 4757
B000069I09 4758
B000069I1H 4759
B000069I5V 4760
B000069JFY 4761
B00006A8T3 4762
B00006ADDE 4763
B00006ADDG 4764
B00006ADEO 4765
B00006ADFN 4766
B00006ADFO 4767
B00006ADFP 4768
B00006ADFT 4769
B00006ADFZ 4770
B00006ADG0 4771
B00006AGHD 4772
B00006AUGB 4773
B00006AUH9 4774
B00006AUHZ 4775
B00006AUJR 4776
B00006AUMZ 4777
B00006AVRK 4778
B00006AW5T 4779
B00006AW63 4780
B00006BT53 4781
B00006BT7Y 4782
B00006CXH1 4783
B00006CXHZ 4784
B00006CXI3 4785
B00006CXSS 4786
B00006D28S 4787
B00006D28U 4788
B00006FD8X 4789
B00006FD99 4790
B00006FDAH 4791
B00006FDAI 4792
B00006FDB3 4793
B00006FDCE 4794
B00006FDCF 4795
B00006FDCP 4796
B00006FDCQ 4797
B00006FDCR 4798
B00006FDEC 4799
B00006FDF1 4800
B00006FHZE 4801
B00006FI0S 4802
B00006G8I2 4803
B00006G8IB 4804
B00006G8J7 4805
B00006G8J8 4806
B00006G8JD 4807
B00006G8JZ 4808
B00006G8K5 4809
B00006G8K6 4810
B00006G8NP 4811
B00006G9YD 4812
B00006HAWN 4813
B00006HAWV 4814
B00006HAX7 4815
B00006HAYQ 4816
B00006HAZH 4817
B00006HBUA 4818
B00006HMPC 4819
B00006I03S 4820
B00006I042 4821
B00006II5E 4822
B00006II6N 4823
B00006II6O 4824
B00006II6P 4825
B00006II8E 4826
B00006IJJB 4827
B00006IRH9 4828
B00006IUFQ 4829
B00006IUH2 4830
B00006IUIS 4831
B00006IXEK 4832
B00006J6XH 4833
B00006JDSI 4834
B00006JDVT 4835
B00006JDVX 4836
B00006JDW0 4837
B00006JE59 4838
B00006JK1S 4839
B00006JMRD 4840
B00006JY6S 4841
B00006JY7C 4842
B00006JZI2 4843
B00006L90U 4844
B00006L916 4845
B00006L91I 4846
B00006L92B 4847
B00006L9ZT 4848
B00006LA87 4849
B00006LPB1 4850
B00006LPB4 4851
B00006LPE9 4852
B00006LPHA 4853
B00006LPHB 4854
B00006LPHG 4855
B00006LPIT 4856
B00006LPJ0 4857
B00006LPJY 4858
B00006LPKA 4859
B00006LSJI 4860
B00006NT1R 4861
B00006RCMW 4862
B00006RCNX 4863
B00006RG78 4864
B00006RJCL 4865
B00006RJCM 4866
B00006RVJR 4867
B00006SFJ7 4868
B00006SFKN 4869
B00006SFL7 4870
B00006SFOB 4871
B00006WUWP 4872
B00006WUWQ 4873
B00006ZXSK 4874
B00006ZZ05 4875
B00007149J 4876
B00007149K 4877
B00007149S 4878
B0000714BS 4879
B0000714BZ 4880
B0000714CQ 4881
B0000714DU 4882
B0000714DV 4883
B0000714FA 4884
B0000714GG 4885
B0000714HF 4886
B0000764FF 4887
B000077VQ6 4888
B000077VRT 4889
B000077VSP 4890
B000078UJW 4891
B0000797E5 4892
B0000797IO 4893
B0000798EY 4894
B000079DND 4895
B00007AJE3 4896
B00007AJGJ 4897
B00007AJKI 4898
B00007AJKK 4899
B00007AP31 4900
B00007BK2S 4901
B00007BK2T 4902
B00007CVS4 4903
B00007CVSH 4904
B00007CVWY 4905
B00007CVYT 4906
B00007DL9J 4907
B00007DWRG 4908
B00007ELCZ 4909
B00007ELDF 4910
B00007ELDP 4911
B00007ELF1 4912
B00007ELFF 4913
B00007FPC3 4914
B00007G1WV 4915
B00007G1X2 4916
B00007G1XJ 4917
B00007G1YH 4918
B00007G1YL 4919
B00007G1YN 4920
B00007G1YQ 4921
B00007G1ZS 4922
B00007G205 4923
B00007G232 4924
B00007G78A 4925
B00007GVM0 4926
B00007GZR3 4927
B00007GZRS 4928
B00007GZZV 4929
B00007I6FP 4930
B00007J6DN 4931
B00007JGCD 4932
B00007JGF9 4933
B00007JGFY 4934
B00007JGON 4935
B00007JMD8 4936
B00007JME6 4937
B00007JMEA 4938
B00007JMF3 4939
B00007JXWX 4940
B00007JZU4 4941
B00007K02J 4942
B00007K07H 4943
B00007K07J 4944
B00007K07R 4945
B00007KE63 4946
B00007KK1X 4947
B00007KK56 4948
B00007KK5I 4949
B00007L4KG 4950
B00007L4LH 4951
B00007L4OF 4952
B00007L4OG 4953
B00007L4OI 4954
B00007L4OM 4955
B00007LB4B 4956
B00007LB4C 4957
B00007LLIV 4958
B00007LVCR 4959
B00007LZ5K 4960
B00007M55V 4961
B00007M5IP 4962
B00007M5J1 4963
B000083C5F 4964
B000083C5T 4965
B000083C6V 4966
B000083C6W 4967
B00008438W 4968
B0000844JY 4969
B0000844MI 4970
B00008454R 4971
B000085EEI 4972
B000085EF9 4973
B000085RPP 4974
B000086K3E 4975
B000087EYI 4976
B000087F0V 4977
B000087F7O 4978
B000087LIM 4979
B000088DSM 4980
B00008972B 4981
B00008972D 4982
B00008972L 4983
B00008972O 4984
B00008972U 4985
B00008976O 4986
B000089787 4987
B0000897CT 4988
B0000897EG 4989
B000089QEI 4990
B000089RT0 4991
B00008AORL 4992
B00008AOVL 4993
B00008AOVO 4994
B00008AOWC 4995
B00008AOWQ 4996
B00008AOWT 4997
B00008AOX3 4998
B00008AOX5 4999
B00008AWV8 5000
B00008BCVW 5001
B00008CMSW 5002
B00008DDHY 5003
B00008DDJD 5004
B00008DDSC 5005
B00008DDUK 5006
B00008DDUY 5007
B00008DDVT 5008
B00008DDVU 5009
B00008DDWU 5010
B00008DDWV 5011
B00008DDXJ 5012
B00008DP49 5013
B00008DP4B 5014
B00008EY60 5015
B00008EY6L 5016
B00008EY6N 5017
B00008EY6Q 5018
B00008EY7B 5019
B00008EY7D 5020
B00008EY7H 5021
B00008EY9G 5022
B00008EYBH 5023
B00008F227 5024
B00008G6NH 5025
B00008G7ED 5026
B00008G7JA 5027
B00008G8A7 5028
B00008G8PP 5029
B00008G8QC 5030
B00008G8X5 5031
B00008H2G4 5032
B00008HC99 5033
B00008HCA1 5034
B00008HCB8 5035
B00008HCBJ 5036
B00008HE4B 5037
B00008IOWU 5038
B00008J2PG 5039
B00008K76X 5040
B00008K772 5041
B00008K77D 5042
B00008K77J 5043
B00008K7AM 5044
B00008KDGZ 5045
B00008L3S9 5046
B00008L3TD 5047
B00008L3TK 5048
B00008LDPV 5049
B00008MOUP 5050
B00008MTW7 5051
B00008MTWI 5052
B00008MTXY 5053
B00008MTYC 5054
B00008MTYD 5055
B00008N6ZZ 5056
B00008NFR6 5057
B00008NJFT 5058
B00008NNPH 5059
B00008NNPK 5060
B00008NRI7 5061
B00008NUUM 5062
B00008NV4G 5063
B00008O32J 5064
B00008OTTG 5065
B00008PHCX 5066
B00008PW1F 5067
B00008PW2D 5068
B00008R9KF 5069
B00008R9MC 5070
B00008S7KC 5071
B00008SCHJ 5072
B00008T79O 5073
B00008T7HA 5074
B00008V3EX 5075
B00008V5RO 5076
B00008W2OX 5077
B00008W41B 5078
B00008W64E 5079
B00008WFTU 5080
B00008WI9N 5081
B00008WI9O 5082
B00008WI9R 5083
B00008WJD6 5084
B00008WJDY 5085
B00008WJE5 5086
B00008WJEZ 5087
B00008XERA 5088
B00008XS2C 5089
B00008Y47T 5090
B00008YGRQ 5091
B00008YGRR 5092
B00008YGRT 5093
B00008YGRU 5094
B00008YGRW 5095
B00008YGRX 5096
B00008YGRY 5097
B00008YLUY 5098
B00008YLVB 5099
B00008YNI2 5100
B00008YOD2 5101
B00008YOLV 5102
B00008YRTD 5103
B00008Z44E 5104
B00008ZZ8U 5105
B000092Q5E 5106
B000092T3Y 5107
B000092T5D 5108
B000093NOL 5109
B000093NOT 5110
B000093NQY 5111
B000093NTL 5112
B000093NTP 5113
B000094FFC 5114
B000094HMU 5115
B000094J5Z 5116
B000095J1K 5117
B000095J2Y 5118
B000096I9G 5119
B000096IBE 5120
B000096IBH 5121
B000096IBI 5122
B000096IBT 5123
B0000996IS 5124
B000099T4E 5125
B00009ATIX 5126
B00009ATJZ 5127
B00009AV85 5128
B00009AV8C 5129
B00009AV91 5130
B00009AVA8 5131
B00009AVAA 5132
B00009B8FW 5133
B00009IAZK 5134
B00009IB3B 5135
B00009KNU5 5136
B00009L502 5137
B00009MEC4 5138
B00009MECJ 5139
B00009MEEN 5140
B00009MEJL 5141
B00009MEJT 5142
B00009MEK2 5143
B00009MEKH 5144
B00009MEKL 5145
B00009MEKO 5146
B00009N1WI 5147
B00009N80Z 5148
B00009NH9W 5149
B00009NH9Z 5150
B00009NHAR 5151
B00009OOFB 5152
B00009OOFG 5153
B00009PBTC 5154
B00009PY4C 5155
B00009PY4G 5156
B00009PY4I 5157
B00009QG5T 5158
B00009QG6G 5159
B00009QG7P 5160
B00009QGCE 5161
B00009RDG6 5162
B00009RDG9 5163
B00009RG46 5164
B00009RXJ3 5165
B00009UW0U 5166
B00009V7RY 5167
B00009VPHM 5168
B00009VRF0 5169
B00009W0UD 5170
B00009W2GQ 5171
B00009WHRN 5172
B00009WVM1 5173
B00009WVQV 5174
B00009WVSG 5175
B00009WVSM 5176
B00009WVT3 5177
B00009XITR 5178
B00009XN37 5179
B00009Y3P8 5180
B00009Y3RE 5181
B00009Y3RW 5182
B00009YXAU 5183
B00009YXBX 5184
B00009YXEW 5185
B00009ZPUC 5186
B00009ZY9E 5187
B0000A02TX 5188
B0000A02U0 5189
B0000A02VL 5190
B0000A02WB 5191
B0000A02YE 5192
B0000A02YG 5193
B0000A02YL 5194
B0000A0DVR 5195
B0000A14WG 5196
B0000A1HPU 5197
B0000A1HW7 5198
B0000A2ZNL 5199
B0000A2ZNX 5200
B0000A4GDT 5201
B0000A5A11 5202
B0000A5BRX 5203
B0000A5BSU 5204
B0000A7W10 5205
B0000A7W16 5206
B0000A98ZQ 5207
B0000A9D4A 5208
B0000A9GHP 5209
B0000AB16C 5210
B0000ACNQH 5211
B0000ACOXL 5212
B0000ACOYO 5213
B0000ADXG7 5214
B0000ADXG8 5215
B0000ADXGA 5216
B0000AGQ2A 5217
B0000AGQ2E 5218
B0000AGQ2H 5219
B0000AGQ3M 5220
B0000AGQ5V 5221
B0000AGQ6R 5222
B0000AGWHA 5223
B0000AGWMF 5224
B0000AGWNX 5225
B0000AGWSC 5226
B0000AINIZ 5227
B0000AISI4 5228
B0000AK80C 5229
B0000AKCJP 5230
B0000AKCKI 5231
B0000ALPFL 5232
B0000ALPIW 5233
B0000AOV8O 5234
B0000AQS18 5235
B0000AQVMW 5236
B0000AVHAO 5237
B0000AZKJ8 5238
B0000AZT2H 5239
B0000B1OGK 5240
B0000C2IQB 5241
B0000C2IQQ 5242
B0000C2IV1 5243
B0000CABBT 5244
B0000CABBW 5245
B0000CABE6 5246
B0000CABEI 5247
B0000CABH8 5248
B0000CABIQ 5249
B0000CABL2 5250
B0000CBXZ5 5251
B0000CBXZ7 5252
B0000CC885 5253
B0000CDL9K 5254
B0000CE684 5255
B0000CGDQQ 5256
B0000CGNEC 5257
B0000CGNEF 5258
B0000CGNEH 5259
B0000CNY5G 5260
B0000D0YWJ 5261
B0000D8L1K 5262
B0000D9PNG 5263
B0000D9PNX 5264
B0000D9Y62 5265
B0000DA23M 5266
B0000DBJ8M 5267
B0000DBJ9P 5268
B0000DBJDN 5269
B0000DBK9X 5270
B0000DC12Z 5271
B0000DC13R 5272
B0000DC152 5273
B0000DC3VL 5274
B0000DFXV9 5275
B0000DGBEY 5276
B0000DGKI7 5277
B0000DI88E 5278
B0000DIJOW 5279
B0000DJYML 5280
B0000DJZ83 5281
B0000DKMK0 5282
B0000DZ3EG 5283
B0000DZ3G3 5284
B0000DZ6N3 5285
B0000DZTIN 5286
B0000DZTIP 5287
B0000E2FLB 5288
B0000E2PVR 5289
B0000E32UZ 5290
B0000E32V0 5291
B0000E32WJ 5292
B0000E32X2 5293
B0000E32X3 5294
B0000E5NPY 5295
B0000E6XDU 5296
B0000EMYHV 5297
B0000EYV7E 5298
B0000INU6I 5299
B0000SWN4I 5300
B0000SX9MS 5301
B0000SX9N2 5302
B0000SXK0Y 5303
B0000TAYWA 5304
B0000TAZW4 5305
B0000TG492 5306
B0000TG49C 5307
B0000TG8UM 5308
B0000TG95Q 5309
B0000TGAAU 5310
B0000TGADW 5311
B0000TPA0G 5312
B0000TPA4C 5313
B0000TPA6K 5314
B0000TWMMA 5315
B0000U0X1Q 5316
B0000U0X20 5317
B0000UI2NM 5318
B0000UJFBK 5319
B0000UJL82 5320
B0000UX4V2 5321
B0000V46CW 5322
B0000V46D6 5323
B0000V472G 5324
B0000V4906 5325
B0000V6S5K 5326
B0000VCZK2 5327
B0000VCZLG 5328
B0000VCZNE 5329
B0000VD02E 5330
B0000VD0RO 5331
B0000VD11E 5332
B0000VD12I 5333
B0000VJG72 5334
B0000VLLNY 5335
B0000VV4MW 5336
B0000VV4OK 5337
B0000VV4XQ 5338
B0000VV4YU 5339
B0000VV5I0 5340
B0000W3QS6 5341
B0000W5J9K 5342
B0000WN0T6 5343
B0000WN15E 5344
B0000WN1N6 5345
B0000WN1PO 5346
B0000X2ECE 5347
B0000YEDYU 5348
B0000YEE6W 5349
B0000YTOKI 5350
B0000YTP02 5351
B0000YWKFO 5352
B0000ZMGWK 5353
B0000ZMGZW 5354
B0000ZMH92 5355
B00011V8HM 5356
B00011V8HW 5357
B000127LW2 5358
B00012QLB4 5359
B00012QMKO 5360
B00012SZDG 5361
B00013F32G 5362
B00013RC2K 5363
B00013RC34 5364
B00013RCAC 5365
B00013WWSO 5366
B00014K58W 5367
B00014K5UK 5368
B00014K5Y6 5369
B00014NEUS 5370
B00014NF02 5371
B00014WB1G 5372
B00015GA8A 5373
B00015HVI8 5374
B00015HVM4 5375
B00015HWX2 5376
B00015HX5E 5377
B00016JE5U 5378
B00016MC9U 5379
B00016MCAE 5380
B00016MSVM 5381
B00016RNO4 5382
B00016XNRU 5383
B000171RAE 5384
B00017LVKA 5385
B00017LVNC 5386
B00017LVSM 5387
B00018D3LE 5388
B00018D3RS 5389
B00018D3YG 5390
B00018D3YQ 5391
B00018D40O 5392
B00018D422 5393
B00018D4PO 5394
B00018U984 5395
B00018U9FW 5396
B00018WENW 5397
B00018WL3U 5398
B00018YCHI 5399
B00018YCIM 5400
B00018YCJ6 5401
B0001906VI 5402
B0001906X6 5403
B0001907AI 5404
B0001907BC 5405
B0001907BW 5406
B000192W92 5407
B00019330O 5408
B000197134 5409
B000199JJI 5410
B000199JKC 5411
B00019GHU2 5412
B00019HOR2 5413
B00019JRFY 5414
B00019PDNY 5415
B0001A79G2 5416
B0001ACJV2 5417
B0001ADAVK 5418
B0001AVZ9E 5419
B0001AVZM6 5420
B0001AVZNU 5421
B0001AW02A 5422
B0001AW066 5423
B0001AW070 5424
B0001AW0HU 5425
B0001BKAP8 5426
B0001BKBGQ 5427
B0001BPPO4 5428
B0001CCXZW 5429
B0001CJ8XM 5430
B0001CLEFM 5431
B0001CNPLI 5432
B0001CNQUS 5433
B0001CNQVM 5434
B0001CNRLG 5435
B0001CNRLQ 5436
B0001CNRNE 5437
B0001CNRNO 5438
B0001CNRRU 5439
B0001CNRS4 5440
B0001DA0B0 5441
B0001DA0UG 5442
B0001DA4RK 5443
B0001DCR0C 5444
B0001DCYBE 5445
B0001DMUCM 5446
B0001DMUF4 5447
B0001DMVVC 5448
B0001DMW9S 5449
B0001DMXEC 5450
B0001DYG1U 5451
B0001DYG38 5452
B0001E5GQI 5453
B0001E6CKW 5454
B0001EFTQU 5455
B0001EFTVA 5456
B0001EFUFK 5457
B0001EFV7M 5458
B0001EFV9K 5459
B0001F0WM0 5460
B0001F33GW 5461
B0001FGBSE 5462
B0001FGBZM 5463
B0001FR3HM 5464
B0001FR55C 5465
B0001FT50A 5466
B0001FVDG4 5467
B0001FVDVO 5468
B0001FVDY6 5469
B0001FVECM 5470
B0001GF2F6 5471
B0001GF2JM 5472
B0001GH5RY 5473
B0001GH5TW 5474
B0001GH7A4 5475
B0001GH7C2 5476
B0001GOH7K 5477
B0001GOH84 5478
B0001GSPG4 5479
B0001GWK3I 5480
B0001HAGQK 5481
B0001HAGTM 5482
B0001HAGTW 5483
B0001HAGUQ 5484
B0001HAHNM 5485
B0001HAI0E 5486
B0001I2BUI 5487
B0001I551K 5488
B0001I55N8 5489
B0001I55ZQ 5490
B0001I56LE 5491
B0001IN076 5492
B0001JXOVC 5493
B0001JXP2A 5494
B0001JXP8Y 5495
B0001JXPPC 5496
B0001JXQ1U 5497
B0001K2L4W 5498
B0001K5GOO 5499
B0001KL5BW 5500
B0001KL5DA 5501
B0001KL5HQ 5502
B0001KL5IU 5503
B0001KL60C 5504
B0001KNHAE 5505
B0001KNHKY 5506
B0001KREGW 5507
B0001L3LUE 5508
B0001LJBTE 5509
B0001LJCMU 5510
B0001LJCXE 5511
B0001LQJQW 5512
B0001LVZKW 5513
B0001LYESC 5514
B0001LYFKO 5515
B0001M3MXY 5516
B0001MDP36 5517
B0001MIQBC 5518
B0001MIQMG 5519
B0001MMGC2 5520
B0001MZ7IC 5521
B0001MZ7K0 5522
B0001MZ7KA 5523
B0001NBLVI 5524
B0001NBLYA 5525
B0001NBMAS 5526
B0001NBMEY 5527
B0001NBMFI 5528
B0001NBMHQ 5529
B0001NBNF2 5530
B0001NBNFW 5531
B0001NBNIY 5532
B0001NBNJ8 5533
B0001NNLT8 5534
B0001O3YHQ 5535
B0001O3YLM 5536
B0001O3YP8 5537
B0001OGVQ2 5538
B0001OGW0W 5539
B0001OGW16 5540
B0001P1B3O 5541
B0001PKFLS 5542
B0001Q4BOE 5543
B0001QYYVY 5544
B0001S6AQE 5545
B0001US5T2 5546
B0001US67I 5547
B0001US85S 5548
B0001US8EE 5549
B0001UZWMU 5550
B0001UZZPO 5551
B0001UZZTK 5552
B0001VL0KC 5553
B0001W1BXW 5554
B0001WNL26 5555
B0001WNL2G 5556
B0001WTVJ8 5557
B0001WTWDI 5558
B0001WTWPG 5559
B0001WTWXI 5560
B0001WTWXS 5561
B0001X1WK8 5562
B0001XAOPM 5563
B0001XAPWE 5564
B0001XAPX8 5565
B0001XLWGC 5566
B0001XV9UQ 5567
B0001Y4LZU 5568
B0001YYNSA 5569
B0001Z3I0S 5570
B0001Z3I12 5571
B0001Z3I1C 5572
B0001Z3IPS 5573
B0001Z3TS4 5574
B0001Z4OT2 5575
B0001Z51LC 5576
B0001ZDKXI 5577
B0001ZJ1HW 5578
B0001ZJQ6I 5579
B0001ZMWXW 5580
B0001ZMWYG 5581
B0001ZX0CY 5582
B0001ZX0EW 5583
B0001ZX0GA 5584
B0001ZX0GU 5585
B0001ZX0OM 5586
B0001ZZ4PA 5587
B00020BVYW 5588
B00020BW14 5589
B00020BW4G 5590
B00020H9NO 5591
B00020HA9C 5592
B00020HAWY 5593
B00020HAY2 5594
B00020HCB8 5595
B00020HCBI 5596
B00020HCC2 5597
B00020SK1Y 5598
B00020WBJ6 5599
B00020X83Y 5600
B00020X852 5601
B00021R7BM 5602
B0002234R2 5603
B0002234Y0 5604
B0002235P8 5605
B000228EG8 5606
B00022FWTA 5607
B00022PYQ6 5608
B00022XE4A 5609
B00023BKNQ 5610
B00023BLXK 5611
B00023BM4S 5612
B00023E88U 5613
B00023E894 5614
B00023ELYG 5615
B00023GFUY 5616
B00023GG6C 5617
B00023GGAI 5618
B00023P4B0 5619
B00023P4HY 5620
B00023P4JM 5621
B00023P4OC 5622
B000243E2K 5623
B00024426W 5624
B000244E2O 5625
B000244F2S 5626
B000244FFU 5627
B000244GCW 5628
B00024JC3U 5629
B000255LCK 5630
B000255LG6 5631
B000255LIY 5632
B000255LRA 5633
B00026L8NK 5634
B00026L9BQ 5635
B00026L9CU 5636
B00026PA70 5637
B000274T94 5638
B00027JY5I 5639
B00027JY8U 5640
B00027JYAS 5641
B00027SIUK 5642
B000286RR0 5643
B000286S2E 5644
B00028G6H6 5645
B00028G748 5646
B00028G75C 5647
B00028G7JI 5648
B00028G7LG 5649
B000291Q3O 5650
B000294U6E 5651
B00029LNZA 5652
B00029LO0Y 5653
B00029LO5O 5654
B00029NKS8 5655
B00029NLGY 5656
B00029NLLY 5657
B00029NMRM 5658
B00029RT2Q 5659
B00029RT9E 5660
B0002A2W2W 5661
B0002A2WFY 5662
B0002ABU5C 5663
B0002B14UW 5664
B0002B15J2 5665
B0002B15UQ 5666
B0002B15ZG 5667
B0002B25PU 5668
B0002B55FC 5669
B0002B95MG 5670
B0002B95XU 5671
B0002C4GUG 5672
B0002CHIFG 5673
B0002CHJPA 5674
B0002COTDA 5675
B0002CX1LG 5676
B0002CX1M0 5677
B0002CX224 5678
B0002DB0FO 5679
B0002DB4YQ 5680
B0002DB52M 5681
B0002DB5B8 5682
B0002DB5N6 5683
B0002DB5NG 5684
B0002DRDCS 5685
B0002DRDIC 5686
B0002DRDIM 5687
B0002DRDIW 5688
B0002DRE0Y 5689
B0002E34C0 5690
B0002EJ7JY 5691
B0002ERWV4 5692
B0002ERWVE 5693
B0002ERWXC 5694
B0002ERWZ0 5695
B0002ERXC2 5696
B0002F6AHA 5697
B0002F6B0G 5698
B0002F6B4M 5699
B0002F6BJW 5700
B0002F6BTC 5701
B0002F6BTM 5702
B0002FZ78I 5703
B0002I84EE 5704
B0002JL9N6 5705
B0002JZT5U 5706
B0002KPHVU 5707
B0002KPHWE 5708
B0002KPHXI 5709
B0002KPHZ6 5710
B0002KQOH6 5711
B0002KVUKW 5712
B0002LE8WS 5713
B0002LE9HW 5714
B0002LE9QS 5715
B0002M5TN4 5716
B0002M5TOI 5717
B0002M5U6A 5718
B0002M5U74 5719
B0002M5U7E 5720
B0002MFG0K 5721
B0002MFGDW 5722
B0002MHDYW 5723
B0002MICI8 5724
B0002MJT0I 5725
B0002MPK0Q 5726
B0002MPQRS 5727
B0002NY8PI 5728
B0002NY8R6 5729
B0002NY8VC 5730
B0002O7Y8U 5731
B0002OI03I 5732
B0002OXRSG 5733
B0002OXVA0 5734
B0002OXVDW 5735
B0002OXVF0 5736
B0002OXVG4 5737
B0002PYFZ4 5738
B0002PYS5G 5739
B0002PYS5Q 5740
B0002PYS74 5741
B0002PYS7Y 5742
B0002PYSB0 5743
B0002PYST2 5744
B0002PYSYC 5745
B0002PYTD2 5746
B0002RQ2S0 5747
B0002RQ3MK 5748
B0002RQ3MU 5749
B0002S647S 5750
B0002S648C 5751
B0002S64LO 5752
B0002S64UK 5753
B0002S65WM 5754
B0002S65X6 5755
B0002S94BQ 5756
B0002S94C0 5757
B0002S94X4 5758
B0002T2QRY 5759
B0002T2QSS 5760
B0002T7YEY 5761
B0002T7YYO 5762
B0002TSZII 5763
B0002TSZME 5764
B0002TT0MS 5765
B0002TVWQ0 5766
B0002UE1WQ 5767
B0002US528 5768
B0002UUO8G 5769
B0002V0E08 5770
B0002V7O2Y 5771
B0002V7O60 5772
B0002V7OEM 5773
B0002V7ON8 5774
B0002V7S4S 5775
B0002V7T5Q 5776
B0002V7THY 5777
B0002V7TII 5778
B0002V7TNI 5779
B0002V7TZQ 5780
B0002V7U00 5781
B0002V7U14 5782
B0002VETFO 5783
B0002VEUTY 5784
B0002VEVOI 5785
B0002VEVQG 5786
B0002VEWW4 5787
B0002VEWY2 5788
B0002VEYV8 5789
B0002VEZ3U 5790
B0002VGSBM 5791
B0002VNYI2 5792
B0002W12IU 5793
B0002W4SBI 5794
B0002W4SWW 5795
B0002W4SY0 5796
B0002W4TNA 5797
B0002W4UDO 5798
B0002WYTWG 5799
B0002WYU02 5800
B0002WZN9Y 5801
B0002WZRSG 5802
B0002WZS9Y 5803
B0002WZTCA 5804
B0002WZTLQ 5805
B0002WZTQQ 5806
B0002X8U4I 5807
B0002XEEAM 5808
B0002XKOWO 5809
B0002XL1NU 5810
B0002XL2KW 5811
B0002XNSYU 5812
B0002XNSZE 5813
B0002XNSZY 5814
B0002XVKLS 5815
B0002XVKMC 5816
B0002XVQNK 5817
B0002XVQSU 5818
B0002XVQT4 5819
B0002XZVEK 5820
B0002Y4PPK 5821
B0002Y4T92 5822
B0002Y4TOM 5823
B0002Y4TWE 5824
B0002Y69LI 5825
B0002YCUR0 5826
B0002YCVY2 5827
B0002YLC1U 5828
B0002YLC24 5829
B0002YLCFQ 5830
B0002Z16HY 5831
B0002Z7RNG 5832
B0002ZMHWM 5833
B0002ZMHX6 5834
B0002ZMITY 5835
B0003035CW 5836
B000305ZYI 5837
B00030A5J8 5838
B00031TXAY 5839
B00031V23U 5840
B00049QQ78 5841
B0004Z33DM 5842
B0004Z33FK 5843
B00061Q6VU 5844
B00061QJ9E 5845
B00061QJIA 5846
B00061QJSK 5847
B0006210ZG 5848
B0006212JK 5849
B00062IDCO 5850
B00062IDEW 5851
B00062IDLA 5852
B00062IDOC 5853
B00062IDZQ 5854
B00062IE9Q 5855
B00062IVMG 5856
B00062IVOY 5857
B00062IXJW 5858
B00062IXL0 5859
B00062IYWI 5860
B00062IYXM 5861
B00062IYY6 5862
B00062IZLI 5863
B00062WUQY 5864
B000638PIU 5865
B00063FFGA 5866
B00063MAXQ 5867
B00063UEFM 5868
B000640N7K 5869
B000642008 5870
B00064AEXI 5871
B00064AFF0 5872
B00064AM62 5873
B00064AME4 5874
B00064AMEE 5875
B00064LJVO 5876
B00064MW74 5877
B00064VQXA 5878
B00064VR0W 5879
B000654ZJ6 5880
B00065D1B4 5881
B00065GVIO 5882
B00065GX8C 5883
B00065HKL6 5884
B00065QKPS 5885
B000667GJQ 5886
B00066FPCG 5887
B00066VU7K 5888
B00066X9V0 5889
B000679MF6 5890
B000679MFG 5891
B00067BBMS 5892
B00067BCB8 5893
B00067BCBI 5894
B00067Z2R8 5895
B000683DJQ 5896
B00068NVG6 5897
B00068NVLQ 5898
B00068NVMK 5899
B00068OSVI 5900
B00068RELO 5901
B00068VNHU 5902
B00069FKVE 5903
B00069L0X6 5904
B0006A9FJ6 5905
B0006A9FKA 5906
B0006B3UE6 5907
B0006B41GM 5908
B0006D3HCO 5909
B0006D3HDS 5910
B0006D3HG0 5911
B0006FFRB6 5912
B0006FFRSE 5913
B0006FO95G 5914
B0006GAO0O 5915
B0006GAODG 5916
B0006H328E 5917
B0006IUDB2 5918
B0006J2896 5919
B0006J28DM 5920
B0006N2EZA 5921
B0006O9M6S 5922
B0006OBPTA 5923
B0006OBPTU 5924
B0006PTYP6 5925
B0006Q93AQ 5926
B0006Q93BK 5927
B0006Q93BU 5928
B0006Q93CE 5929
B0006Q94AK 5930
B0006SGYM4 5931
B0006SH25C 5932
B0006SSNVY 5933
B0006SSNXW 5934
B0006SSOUO 5935
B0006SSP9O 5936
B0006TPE4M 5937
B0006U5UT0 5938
B0006U5V58 5939
B0006VL1J2 5940
B0006VXM4E 5941
B0006Z2L0G 5942
B0006Z2L3S 5943
B0006Z2L4W 5944
B0006Z2LJC 5945
B0006Z2NDQ 5946
B0006Z8FWE 5947
B0006ZM8M2 5948
B0006ZXJ70 5949
B00070DW1C 5950
B00070EBOY 5951
B00070FX5U 5952
B00070HK24 5953
B00070HK2Y 5954
B00070HK4C 5955
B00073K7JY 5956
B000766XNK 5957
B000767QTA 5958
B00076ON28 5959
B00076ONT6 5960
B00076ONVY 5961
B00076PCPU 5962
B00076SCPW 5963
B00076YP5I 5964
B000772838 5965
B000777I9C 5966
B000777IJ2 5967
B00077BOFG 5968
B00077BPF0 5969
B0007808A2 5970
B000784WKO 5971
B000784WWW 5972
B000784XBW 5973
B000787YRW 5974
B00078808O 5975
B00078GL0S 5976
B00078RPGW 5977
B0007939Q6 5978
B0007939U2 5979
B00079FUI6 5980
B00079HZOS 5981
B00079HZUM 5982
B00079HZY8 5983
B00079ZACW 5984
B0007A0F4E 5985
B0007A0F4O 5986
B0007A5LP2 5987
B0007CEXTK 5988
B0007CEXUY 5989
B0007CNXUK 5990
B0007CNY54 5991
B0007CNY7W 5992
B0007DA3VG 5993
B0007DBJUU 5994
B0007GP70U 5995
B0007GP79G 5996
B0007GP836 5997
B0007IF19K 5998
B0007IO6PA 5999
B0007IO6V4 6000
B0007IO6WS 6001
B0007KI9LU 6002
B0007KIFI2 6003
B0007KIFIC 6004
B0007KIFNC 6005
B0007KIFUA 6006
B0007KRZUQ 6007
B0007KZQAC 6008
B0007L6NQM 6009
B0007L86LW 6010
B0007LBM22 6011
B0007LBM40 6012
B0007LPLMY 6013
B0007LPSI6 6014
B0007LPSX6 6015
B0007LPSYK 6016
B0007LXJAK 6017
B0007LXOPK 6018
B0007LXP5Y 6019
B0007LXP7W 6020
B0007LXP86 6021
B0007LXPBS 6022
B0007LYDO6 6023
B0007M2234 6024
B0007MANYY 6025
B0007MANZI 6026
B0007MHFHW 6027
B0007N19XM 6028
B0007N1AM2 6029
B0007N1BBC 6030
B0007N1JC8 6031
B0007N1JXW 6032
B0007N4AW4 6033
B0007NBJ14 6034
B0007NN6JC 6035
B0007O394S 6036
B0007OCG56 6037
B0007OCG5G 6038
B0007OCG5Q 6039
B0007OCG74 6040
B0007OY2MG 6041
B0007OY2PS 6042
B0007OY31G 6043
B0007P0LNE 6044
B0007P0XBO 6045
B0007P0Y7W 6046
B0007P14OE 6047
B0007PALOI 6048
B0007PALP2 6049
B0007PAM06 6050
B0007PCDNU 6051
B0007PID84 6052
B0007PIDCK 6053
B0007Q6VXC 6054
B0007QS22K 6055
B0007QS28E 6056
B0007QS31A 6057
B0007QS31K 6058
B0007QS324 6059
B0007R083A 6060
B0007R4SWM 6061
B0007R4SX6 6062
B0007R4SYU 6063
B0007R4T12 6064
B0007R4T1W 6065
B0007R4T3K 6066
B0007R4T3U 6067
B0007R6Y06 6068
B0007RT9MG 6069
B0007RTB9M 6070
B0007RUSGW 6071
B0007RUSL2 6072
B0007RUSNK 6073
B0007SMGSO 6074
B0007TKG30 6075
B0007TKH66 6076
B0007TKHF2 6077
B0007TKNK6 6078
B0007TZHWA 6079
B0007TZV3K 6080
B0007U7XTE 6081
B0007UDCX0 6082
B0007US7BC 6083
B0007US7E4 6084
B0007V6ITE 6085
B0007V6IW6 6086
B0007V6IWQ 6087
B0007VY3ZK 6088
B0007VY40E 6089
B0007VY53U 6090
B0007VY54O 6091
B0007VY5JE 6092
B0007WFX62 6093
B0007WFXL2 6094
B0007WFXTE 6095
B0007WFXZI 6096
B0007WQGRC 6097
B0007WQGVS 6098
B0007WQH2G 6099
B0007WQHFS 6100
B0007WRT4Q 6101
B0007XBM8O 6102
B0007XBMA2 6103
B0007XFZMS 6104
B0007XG01S 6105
B0007XG266 6106
B0007XG59U 6107
B0007Y08JW 6108
B0007Y08LA 6109
B0007Y08LK 6110
B0007Y08MY 6111
B0007Y08P6 6112
B0007Y08SS 6113
B0007Y08UG 6114
B0007Y3XRG 6115
B0007YMV9W 6116
B0007YMWFK 6117
B0007YMWGY 6118
B0007Z0NYQ 6119
B0007Z2556 6120
B0007Z2KF6 6121
B0007Z9R66 6122
B000803BQM 6123
B00080Z53O 6124
B00080ZFZ2 6125
B00080ZFZC 6126
B00080ZG2E 6127
B00080ZG2O 6128
B0008237AA 6129
B00082ZROO 6130
B000850C3C 6131
B000852G4U 6132
B0008EN6KO 6133
B0008ENHUS 6134
B0008ENHXA 6135
B0008ENID4 6136
B0008ENIR0 6137
B0008FPJK8 6138
B0008FXTB4 6139
B0008JGQN8 6140
B0008JIJ1K 6141
B0008KLV8M 6142
B0008KLV96 6143
B0008KLVB4 6144
B0009298MU 6145
B000929VQI 6146
B00092ZSQK 6147
B00093GVWY 6148
B00094AQZG 6149
B00094ARGY 6150
B00094ARJQ 6151
B00094ARU0 6152
B00094AS9A 6153
B00094AS9U 6154
B000957O8C 6155
B00096S3MW 6156
B00096S46C 6157
B00096S47G 6158
B00096S480 6159
B00097DXFS 6160
B00097DXG2 6161
B00097DY3Y 6162
B00097DY66 6163
B00097DY6G 6164
B000980GR0 6165
B0009941E8 6166
B00099BJ66 6167
B00099ZIBS 6168
B0009A407A 6169
B0009A409S 6170
B0009A40NO 6171
B0009AFF6A 6172
B0009AK57Y 6173
B0009B0GYA 6174
B0009B16TO 6175
B0009B16TY 6176
B0009CTT6U 6177
B0009CTV4U 6178
B0009DWL96 6179
B0009E27DA 6180
B0009E322K 6181
B0009E32LG 6182
B0009E32RA 6183
B0009E32TI 6184
B0009E32UW 6185
B0009E76IG 6186
B0009ESTDW 6187
B0009ETCOW 6188
B0009ETCVA 6189
B0009F43D6 6190
B0009F43FY 6191
B0009FTOEY 6192
B0009FVS8Y 6193
B0009GV9E6 6194
B0009GV9H8 6195
B0009GX1CO 6196
B0009GX1CY 6197
B0009GX282 6198
B0009H97HG 6199
B0009HBPEO 6200
B0009HLCTC 6201
B0009HLDAA 6202
B0009I7NGW 6203
B0009I7NH6 6204
B0009I7O4I 6205
B0009I89V0 6206
B0009IOR5M 6207
B0009IW894 6208
B0009J2HV2 6209
B0009J93V4 6210
B0009JE57Q 6211
B0009JE6FM 6212
B0009JE6G6 6213
B0009JE7NI 6214
B0009JQN6M 6215
B0009K75M2 6216
B0009K7QZ8 6217
B0009K8LCA 6218
B0009KA2UO 6219
B0009KA7BS 6220
B0009KA7C2 6221
B0009KA7DQ 6222
B0009KNR42 6223
B0009KQOZQ 6224
B0009KQP96 6225
B0009KQPAK 6226
B0009MAO3M 6227
B0009MAO3W 6228
B0009MDPTC 6229
B0009MK9XC 6230
B0009ML2KQ 6231
B0009ML2UG 6232
B0009MUBEY 6233
B0009NJFPO 6234
B0009NSCPS 6235
B0009NSCRQ 6236
B0009NSCTY 6237
B0009NZ2KG 6238
B0009NZ2RY 6239
B0009NZ2W4 6240
B0009NZ36O 6241
B0009NZ3SW 6242
B0009NZMYC 6243
B0009OL84E 6244
B0009OL92A 6245
B0009OUB06 6246
B0009OUB2E 6247
B0009OUBAQ 6248
B0009P42RS 6249
B0009P42S2 6250
B0009P42SC 6251
B0009P75J0 6252
B0009P7EI2 6253
B0009P8ATY 6254
B0009PAQNW 6255
B0009PBLRM 6256
B0009PLLN6 6257
B0009PUAFG 6258
B0009PVZBO 6259
B0009PVZK0 6260
B0009PVZM8 6261
B0009PW4D2 6262
B0009PZ89E 6263
B0009RQSFK 6264
B0009RQSSW 6265
B0009S2SOY 6266
B0009S2SP8 6267
B0009S2SV2 6268
B0009S2T0W 6269
B0009S4IGA 6270
B0009S4IHO 6271
B0009S4IHY 6272
B0009S4IJM 6273
B0009S4ILA 6274
B0009S4IM4 6275
B0009S4J2I 6276
B0009S4J4Q 6277
B0009TIAI6 6278
B0009U7LOO 6279
B0009UC7HA 6280
B0009UC7KM 6281
B0009UC7MK 6282
B0009UC7OI 6283
B0009UC80G 6284
B0009UC80Q 6285
B0009ULBGS 6286
B0009UVCOY 6287
B0009UZG2S 6288
B0009UZG32 6289
B0009UZG46 6290
B0009UZG6E 6291
B0009UZG6O 6292
B0009UZG78 6293
B0009UZGDW 6294
B0009UZGIM 6295
B0009UZGM8 6296
B0009VBTOG 6297
B0009VBTQY 6298
B0009VDJQ2 6299
B0009VNCWS 6300
B0009VRHLA 6301
B0009VRHLK 6302
B0009VY0OM 6303
B0009W5IMO 6304
B0009W5IYW 6305
B0009W5J3M 6306
B0009W5KHM 6307
B0009W5KJU 6308
B0009WFEEG 6309
B0009WIE34 6310
B0009WIE5C 6311
B0009WK5CW 6312
B0009WPMA2 6313
B0009X1PO8 6314
B0009X3LWM 6315
B0009X75CO 6316
B0009X75JC 6317
B0009X7678 6318
B0009X7682 6319
B0009X768M 6320
B0009X76XW 6321
B0009X76ZA 6322
B0009X770E 6323
B0009X770O 6324
B0009X775Y 6325
B0009X7BD2 6326
B0009X7BE6 6327
B0009X7BEG 6328
B0009X7BEQ 6329
B0009X7BF0 6330
B0009X7BHI 6331
B0009XRZ9M 6332
B0009XRZI8 6333
B0009XRZQK 6334
B0009XRZS8 6335
B0009XT8A6 6336
B0009XT8C4 6337
B0009Y02AU 6338
B0009Y02BE 6339
B0009Y2726 6340
B0009Y2LS6 6341
B0009YA3OA 6342
B0009YVBGO 6343
B0009YYV20 6344
B0009ZE9DK 6345
B0009ZE9QM 6346
B0009ZE9W6 6347
B0009ZE9XU 6348
B000A0D1MY 6349
B000A0GOFA 6350
B000A0GOGE 6351
B000A0GOP0 6352
B000A0GOQ4 6353
B000A0GOQY 6354
B000A0GORS 6355
B000A0GP4K 6356
B000A0GXGK 6357
B000A0GXH4 6358
B000A0GXHE 6359
B000A0GXN8 6360
B000A0GXRO 6361
B000A0GY0K 6362
B000A0GYUU 6363
B000A0P6A4 6364
B000A1IL2S 6365
B000A1IMFY 6366
B000A1INJE 6367
B000A1OFZA 6368
B000A2IPQY 6369
B000A2RRF4 6370
B000A2V8AO 6371
B000A2W4QG 6372
B000A2WAEM 6373
B000A2WP7O 6374
B000A2WT7K 6375
B000A2X0KU 6376
B000A2X0LE 6377
B000A2XC3A 6378
B000A2XC3K 6379
B000A2XCBC 6380
B000A343RI 6381
B000A345C6 6382
B000A3DGF8 6383
B000A3DGI0 6384
B000A3OREM 6385
B000A3XY5A 6386
B000A5043S 6387
B000A50442 6388
B000A5044C 6389
B000A5045Q 6390
B000A5046K 6391
B000A59PL0 6392
B000A59PLU 6393
B000A59PM4 6394
B000A59PMO 6395
B000A59POM 6396
B000A5SR46 6397
B000A6CLKQ 6398
B000A6CLL0 6399
B000A6JQHC 6400
B000A6T1J0 6401
B000A6T1X6 6402
B000A6T1ZE 6403
B000A6T22G 6404
B000A6T22Q 6405
B000A6T27G 6406
B000A6T2BM 6407
B000A6T2BW 6408
B000A7BQRE 6409
B000A7DW7Q 6410
B000A7LR82 6411
B000A7LR8M 6412
B000A7PKGW 6413
B000A7Q1Y2 6414
B000A7Q1YC 6415
B000A7Q2I2 6416
B000A85TSK 6417
B000A88ESW 6418
B000A88EU0 6419
B000A8AX0Y 6420
B000A8AXXG 6421
B000A8NZ0O 6422
B000A8OJOK 6423
B000A9QK9Q 6424
B000A9QKRI 6425
B000A9QKSM 6426
B000A9QKSW 6427
B000A9QKT6 6428
B000AA4F24 6429
B000AA4F2E 6430
B000AA4JKW 6431
B000AA4KQ0 6432
B000AAF28A 6433
B000AARK58 6434
B000ABKHZC 6435
B000AC5B7A 6436
B000AC7OXY 6437
B000AC7P2Y 6438
B000AD1QGE 6439
B000ADKTNU 6440
B000ADS61M 6441
B000ADS62Q 6442
B000ADS6D0 6443
B000ADWCV2 6444
B000ADWCYY 6445
B000ADWDEI 6446
B000ADWDF2 6447
B000AE4QD8 6448
B000AFA9CY 6449
B000AIR1CC 6450
B000AKB1GW 6451
B000AL733G 6452
B000ALM4IA 6453
B000ANDBTY 6454
B000AOL0GY 6455
B000ARXF7I 6456
B000ARXF7S 6457
B000ARXFA0 6458
B000ASATZ8 6459
B000ASDFHC 6460
B000ASDFHM 6461
B000ASDFI6 6462
B000ASDFJU 6463
B000ATQYQU 6464
B000ATQYSS 6465
B000ATQYUG 6466
B000ATQYV0 6467
B000ATQYVK 6468
B000ATQYX8 6469
B000ATQYXI 6470
B000ATUU4M 6471
B000AXWGRC 6472
B000AXWGRM 6473
B000AXWHBM 6474
B000AXWHBW 6475
B000AXWHK8 6476
B000AY3KNA 6477
B000AY6JVK 6478
B000AYEIIQ 6479
B000AYEIZ4 6480
B000AYEL6A 6481
B000AYELA6 6482
B000AYELAQ 6483
B000AYELLK 6484
B000AYNG1G 6485
B000AYQOA6 6486
B000B1DLDQ 6487
B000B58DHQ 6488
B000B5IONE 6489
B000B5IP4W 6490
B000B5IPEC 6491
B000B5KSMO 6492
B000B5XOUC 6493
B000B5XOV6 6494
B000B5XOXE 6495
B000B5XP24 6496
B000B5Y0CS 6497
B000B62N44 6498
B000B6CO34 6499
B000B6CODY 6500
B000B6H1YG 6501
B000B6N6FE 6502
B000B6TTBE 6503
B000B6TTC8 6504
B000B7HZUK 6505
B000B7QCGI 6506
B000B7QCGS 6507
B000B7QCHC 6508
B000B7QCS6 6509
B000B837XS 6510
B000B837Z6 6511
B000B8384G 6512
B000B8384Q 6513
B000B8IA3U 6514
B000B8ISPK 6515
B000B8KH4U 6516
B000B8QFXM 6517
B000B91N3S 6518
B000BB1520 6519
B000BB152A 6520
B000BB18JK 6521
B000BB1MIC 6522
B000BB1MJ6 6523
B000BB1MQO 6524
B000BBOUEU 6525
B000BBOUUE 6526
B000BBS9QK 6527
B000BBYDU6 6528
B000BC8SXI 6529
B000BC8SXS 6530
B000BC8T1E 6531
B000BCCAEQ 6532
B000BD1LD6 6533
B000BDGW94 6534
B000BDH6DU 6535
B000BF0C7A 6536
B000BF0C8E 6537
B000BFH2HI 6538
B000BGH254 6539
B000BGQSEA 6540
B000BISBDE 6541
B000BITUES 6542
B000BITUF2 6543
B000BITUI4 6544
B000BITUVG 6545
B000BITUWK 6546
B000BITUWU 6547
B000BITUXO 6548
B000BITUYI 6549
B000BITUZ2 6550
B000BITUZC 6551
B000BITV10 6552
B000BITV1A 6553
B000BITV9C 6554
B000BJS4UI 6555
B000BK537Y 6556
B000BKDNVM 6557
B000BKDNX0 6558
B000BKDO7A 6559
B000BKJ6VS 6560
B000BKVKSA 6561
B000BKVRME 6562
B000BMGEIO 6563
B000BMSUBI 6564
B000BMSUJK 6565
B000BMY2KQ 6566
B000BMY2LA 6567
B000BMY2M4 6568
B000BMY2NS 6569
B000BN6M12 6570
B000BNI90Y 6571
B000BNI9EU 6572
B000BNMX0G 6573
B000BNMX1K 6574
B000BNTM46 6575
B000BNTMDM 6576
B000BNV8NY 6577
B000BNX3BE 6578
B000BNX5AI 6579
B000BNXD6O 6580
B000BO0KLO 6581
B000BO0KLY 6582
B000BO0L90 6583
B000BO0LE0 6584
B000BO0LFY 6585
B000BO0LPO 6586
B000BO22RY 6587
B000BO7DWI 6588
B000BOH8VE 6589
B000BOH8Y6 6590
B000BOH8YG 6591
B000BOH8YQ 6592
B000BOH8Z0 6593
B000BOH91I 6594
B000BOH98G 6595
B000BP86Y6 6596
B000BPGIYQ 6597
B000BPK2IY 6598
B000BPK2NE 6599
B000BPL2EM 6600
B000BPL2F6 6601
B000BPL2FQ 6602
B000BPL2H4 6603
B000BPL2HO 6604
B000BQ5IXM 6605
B000BQ5IXW 6606
B000BQ7J6Q 6607
B000BQ7J9I 6608
B000BQPC42 6609
B000BQTC98 6610
B000BR4UQC 6611
B000BR9SA0 6612
B000BRB9ZM 6613
B000BRBA9C 6614
B000BRBA9M 6615
B000BRBAD8 6616
B000BRBXXK 6617
B000BRM992 6618
B000BT96EG 6619
B000BT96OG 6620
B000BT96PK 6621
B000BT98XK 6622
B000BT98Z8 6623
B000BTGY78 6624
B000BTH4K4 6625
B000BTITFI 6626
B000BU76YC 6627
B000BUE5D2 6628
B000BUE5DC 6629
B000BUE5DM 6630
B000BUE5E6 6631
B000BUJO1U 6632
B000BVM1SC 6633
B000BVM1SW 6634
B000BVM1TG 6635
B000BWFWFK 6636
B000BWFWG4 6637
B000BX5X5I 6638
B000BX8R10 6639
B000BXJ1XS 6640
B000BYA4EW 6641
B000BYA4I8 6642
B000BYA4JW 6643
B000BYA4M4 6644
B000BYA5BE 6645
B000BYA5GE 6646
B000BYA5HS 6647
B000BYMI5A 6648
B000BYMI7S 6649
B000BYRCFQ 6650
B000BYRCGA 6651
B000BYRCQK 6652
B000BYRCQU 6653
B000BYRCR4 6654
B000BYW6RA 6655
B000BYY0TC 6656
B000BZISRG 6657
B000BZIT5M 6658
B000C05Y22 6659
B000C1VB8M 6660
B000C1VBAA 6661
B000C20VIW 6662
B000C65Z20 6663
B000C6NPHC 6664
B000C8STW6 6665
B000C8STWQ 6666
B000CBCWKS 6667
B000CBG5OC 6668
B000CBWPXC 6669
B000CC1TQA 6670
B000CC4GEW 6671
B000CCBC9O 6672
B000CCBCCG 6673
B000CCBCCQ 6674
B000CCBCHQ 6675
B000CCBCI0 6676
B000CCBCIA 6677
B000CCBCK8 6678
B000CCD01C 6679
B000CCD1SO 6680
B000CCRMNE 6681
B000CCUBC8 6682
B000CCW2SO 6683
B000CCW2VQ 6684
B000CDGVNA 6685
B000CDGVOO 6686
B000CDGVQW 6687
B000CDSS0Y 6688
B000CDT4V6 6689
B000CELOV8 6690
B000CELOVI 6691
B000CELOW2 6692
B000CEV3L4 6693
B000CEVC9W 6694
B000CEXEWU 6695
B000CEXF56 6696
B000CEXF6A 6697
B000CEXF7O 6698
B000CEXF8I 6699
B000CEXF8S 6700
B000CEXFZG 6701
B000CEXFZQ 6702
B000CEXG00 6703
B000CFYAMC 6704
B000CMNJF4 6705
B000CMNJPE 6706
B000CNE08I 6707
B000CNE0R4 6708
B000CNE0RY 6709
B000CNESV2 6710
B000CNGBVM 6711
B000CO7I9A 6712
B000COY4RO 6713
B000CPH9Q6 6714
B000CPWDHQ 6715
B000CQ98FU 6716
B000CQLZ74 6717
B000CQM4YM 6718
B000CQO6IY 6719
B000CQQI8K 6720
B000CQQI9E 6721
B000CR76UI 6722
B000CR7R7K 6723
B000CR7RCK 6724
B000CRR356 6725
B000CRR3CE 6726
B000CRR3ME 6727
B000CRR3NI 6728
B000CRR3SI 6729
B000CS461O 6730
B000CSF7QM 6731
B000CSNCI2 6732
B000CSTK3S 6733
B000CSTK42 6734
B000CSTK7O 6735
B000CSTKJ2 6736
B000CSUNLQ 6737
B000CZ0O54 6738
B000DBHX4M 6739
B000DBHXG0 6740
B000DWMZLW 6741
B000DZ854A 6742
B000DZ95IK 6743
B000DZ95IU 6744
B000DZ95MQ 6745
B000DZIGEY 6746
B000E0LLKY 6747
B000E0OBCO 6748
B000E0OBEC 6749
B000E0OBJM 6750
B000E0OBJW 6751
B000E0ODKY 6752
B000E0OE1M 6753
B000E0OE3K 6754
B000E0OE44 6755
B000E0OE4O 6756
B000E0RN8S 6757
B000E0WJH8 6758
B000E0WJR8 6759
B000E112BG 6760
B000E1BXFG 6761
B000E1E2N6 6762
B000E1E7UE 6763
B000E1EHPY 6764
B000E1MTYU 6765
B000E1MTZE 6766
B000E1MXTG 6767
B000E1MXTQ 6768
B000E1MXVO 6769
B000E1MXWS 6770
B000E1MXZ0 6771
B000E1NWP0 6772
B000E1OI6W 6773
B000E1OIBC 6774
B000E1P3BQ 6775
B000E1YW04 6776
B000E1ZK5A 6777
B000E33VZE 6778
B000E372ZY 6779
B000E3L78C 6780
B000E3L7DM 6781
B000E3L7FK 6782
B000E3LIO0 6783
B000E40QC4 6784
B000E56Q7W 6785
B000E5KJDE 6786
B000E5KQM8 6787
B000E5KQMI 6788
B000E5KQQE 6789
B000E5KUJC 6790
B000E5KUJW 6791
B000E5KUKG 6792
B000E5KUME 6793
B000E5KUMO 6794
B000E5LEVA 6795
B000E5LEXS 6796
B000E5N670 6797
B000E5N69S 6798
B000E5N6A2 6799
B000E5N6B6 6800
B000E5N6M0 6801
B000E6EK1A 6802
B000E6EK3S 6803
B000E6EK42 6804
B000E6ES94 6805
B000E6ES9E 6806
B000E6ES9Y 6807
B000E6ESA8 6808
B000E6ESBW 6809
B000E6ESC6 6810
B000E6ESD0 6811
B000E6ESEO 6812
B000E6ESG2 6813
B000E6ESIK 6814
B000E6ESJ4 6815
B000E6TVSC 6816
B000E6ULCM 6817
B000E6UZZK 6818
B000E8JO2S 6819
B000E8JO32 6820
B000E8M0SS 6821
B000E8N8L6 6822
B000E8NRBM 6823
B000E97HUS 6824
B000E97HXA 6825
B000E97HXK 6826
B000E991A2 6827
B000E991HA 6828
B000E991SE 6829
B000E991SY 6830
B000E9UAMK 6831
B000EAT23C 6832
B000EAT24G 6833
B000EBCJN6 6834
B000EBD9VW 6835
B000EBD9W6 6836
B000EBGE5U 6837
B000EBGE82 6838
B000EBGFQI 6839
B000EDH80I 6840
B000EDWKXI 6841
B000EDWLMS 6842
B000EDWLTG 6843
B000EGDAF2 6844
B000EGDAFC 6845
B000EGEJI4 6846
B000EGEJIY 6847
B000EGEKRO 6848
B000EGYX3A 6849
B000EHM390 6850
B000EHPXP6 6851
B000EHQ7JC 6852
B000EHQ7YW 6853
B000EHQTRW 6854
B000EHQU12 6855
B000EHSVBE 6856
B000EHSVC8 6857
B000EHSVDC 6858
B000EHSVE6 6859
B000EHSVG4 6860
B000EHSVH8 6861
B000EHSVJG 6862
B000EHSVQY 6863
B000EHSVVO 6864
B000EHSVVY 6865
B000EIVX4U 6866
B000ELIZZM 6867
B000ELL1QC 6868
B000EMG90O 6869
B000EMG918 6870
B000EMG91S 6871
B000EMGCV0 6872
B000EMGF2Q 6873
B000EMGF3U 6874
B000EMGIDC 6875
B000EMGJAY 6876
B000EN4R3E 6877
B000ENUKY4 6878
B000ENUYG8 6879
B000ENUYGI 6880
B000EOIYNW 6881
B000EOTSA0 6882
B000EOTTS6 6883
B000EOTTUY 6884
B000EOTV98 6885
B000EOTWIS 6886
B000EPFDDU 6887
B000EPFDGC 6888
B000EQ45BU 6889
B000EQ46H8 6890
B000EQ5PK0 6891
B000EQ5PPA 6892
B000EQ5PU0 6893
B000EQ5PUA 6894
B000EQ5PUU 6895
B000EQ5PZK 6896
B000EQ5Q2W 6897
B000EQ5SL6 6898
B000EQ5TTW 6899
B000EQ5UHS 6900
B000EQ5V86 6901
B000EQHXHI 6902
B000EQHXI2 6903
B000EQHXIC 6904
B000EQHXN2 6905
B000EQHXNW 6906
B000ER31LE 6907
B000ER5NSS 6908
B000ERVJJ0 6909
B000ERVJKE 6910
B000ERVJKO 6911
B000ERVJMM 6912
B000ERVJMW 6913
B000ERVJNG 6914
B000ERVK5S 6915
B000ERVKMG 6916
B000ESST38 6917
B000ETRA46 6918
B000EU1Q0Y 6919
B000EU1Q2M 6920
B000EU1Q2W 6921
B000EU1Q3Q 6922
B000EU1QC2 6923
B000EULJZ6 6924
B000EULSR0 6925
B000EWBJH2 6926
B000EWBKI0 6927
B000EWBNUU 6928
B000EWBO7W 6929
B000EX9U0E 6930
B000EXDRZ8 6931
B000EXDRZI 6932
B000EXDS02 6933
B000EXDS0C 6934
B000EXDS2A 6935
B000EXDS4I 6936
B000EXDS52 6937
B000EXDS7K 6938
B000EXDSAW 6939
B000EXDSCA 6940
B000EXZFS0 6941
B000EXZKR6 6942
B000EXZKRG 6943
B000EY15NI 6944
B000EYJHDS 6945
B000EYK4H6 6946
B000EZ7VFI 6947
B000EZ7ZXQ 6948
B000EZ9084 6949
B000F0UUI2 6950
B000F0UUTG 6951
B000F0V0KY 6952
B000F1IQI2 6953
B000F2BNW2 6954
B000F3AAWK 6955
B000F3T3CS 6956
B000F3T8YQ 6957
B000F3TAOE 6958
B000F3UAE8 6959
B000F48D4G 6960
B000F48D5A 6961
B000F48D5U 6962
B000F4PD7G 6963
B000F4RH8E 6964
B000F4RHC0 6965
B000F5GJVE 6966
B000F5JQVO 6967
B000F5S20K 6968
B000F6IHSG 6969
B000F6IHTA 6970
B000F6IOCA 6971
B000F6IODE 6972
B000F6XMVS 6973
B000F6ZIFQ 6974
B000F6ZIJM 6975
B000F7CMQS 6976
B000F7CMSG 6977
B000F7CMT0 6978
B000F8O2RY 6979
B000F8OISW 6980
B000F9RLL2 6981
B000F9SO0O 6982
B000F9SUP8 6983
B000F9SUT4 6984
B000F9T700 6985
B000F9T70K 6986
B000F9WF86 6987
B000FA4TLQ 6988
B000FA577G 6989
B000FA57H6 6990
B000FA57IU 6991
B000FA57JE 6992
B000FAOC2M 6993
B000FBFUEK 6994
B000FBFYKU 6995
B000FBH3WC 6996
B000FBH3WM 6997
B000FBH3WW 6998
B000FBUFUY 6999
B000FC2EXE 7000
B000FC2FX8 7001
B000FC2GA0 7002
B000FC2GFU 7003
B000FC2HRC 7004
B000FDEV4S 7005
B000FDEVA2 7006
B000FDEVAC 7007
B000FDEVBQ 7008
B000FDFSYA 7009
B000FEBWTE 7010
B000FEBZ0A 7011
B000FFJ876 7012
B000FFJ8BM 7013
B000FFJYCA 7014
B000FFJYE8 7015
B000FFL35Q 7016
B000FFL702 7017
B000FG6A26 7018
B000FGFBS0 7019
B000FGFBUS 7020
B000FGFBVM 7021
B000FGGE7C 7022
B000FH8H7Q 7023
B000FI8MQG 7024
B000FI9OCC 7025
B000FI9OD6 7026
B000FI9ODQ 7027
B000FI9OEU 7028
B000FIHN52 7029
B000FIHN8O 7030
B000FIHNA2 7031
B000FII2Z2 7032
B000FILV2S 7033
B000FILXEY 7034
B000FIMG68 7035
B000FIMG6I 7036
B000FJTVC4 7037
B000FK6A9K 7038
B000FKO3HG 7039
B000FKO3U8 7040
B000FKO3US 7041
B000FKO3WG 7042
B000FKO41G 7043
B000FKP4BU 7044
B000FKPDY8 7045
B000FL7C82 7046
B000FL7C8W 7047
B000FL7CAU 7048
B000FL7CB4 7049
B000FLC7BE 7050
B000FML8TK 7051
B000FNNHZC 7052
B000FO0AHO 7053
B000FO0AME 7054
B000FOPPBA 7055
B000FOPPC4 7056
B000FOPPCE 7057
B000FOPZZG 7058
B000FP2IZU 7059
B000FP2YYA 7060
B000FQIRWC 7061
B000FQISGC 7062
B000FQJA2S 7063
B000FS2W12 7064
B000FS2W6M 7065
B000FS9FDK 7066
B000FS9FGW 7067
B000FS9FIK 7068
B000FS9MUQ 7069
B000FS9MY2 7070
B000FSL920 7071
B000FSME1K 7072
B000FSME1U 7073
B000FSMEBA 7074
B000FTC1GC 7075
B000FTC1GW 7076
B000FTCF3Q 7077
B000FTCLQM 7078
B000FTCLSU 7079
B000FTJ74Q 7080
B000FTWUG8 7081
B000FUOUEM 7082
B000FUTV64 7083
B000FUTVLO 7084
B000FUTVPA 7085
B000FUTVUA 7086
B000FUTVUK 7087
B000FUTVV4 7088
B000FUTVVO 7089
B000FUZY38 7090
B000FVQLIO 7091
B000FVQM4W 7092
B000FVQYSG 7093
B000FWHW86 7094
B000FWHW90 7095
B000FXVFH4 7096
B000FZEQMI 7097
B000FZETHU 7098
B000FZETJI 7099
B000FZETRU 7100
B000FZETS4 7101
B000FZEU1K 7102
B000G0O5EG 7103
B000G0O5F0 7104
B000G0O5J6 7105
B000G0O5JG 7106
B000G1ALDY 7107
B000G1R39E 7108
B000G1R3A8 7109
B000G1R4RK 7110
B000G1R4SO 7111
B000G1R4SY 7112
B000G28NPQ 7113
B000G5SIBM 7114
B000G5SIEY 7115
B000G6BL42 7116
B000G6BL7O 7117
B000G6BLC4 7118
B000G6BLWE 7119
B000G6BM0U 7120
B000G75AYS 7121
B000G75AZC 7122
B000G75B4W 7123
B000G8NXAA 7124
B000GAKBLW 7125
B000GAKFIG 7126
B000GB5M1U 7127
B000GB5M3S 7128
B000GB5M4M 7129
B000GBEWIO 7130
B000GDH8HE 7131
B000GDH9IW 7132
B000GEA1L8 7133
B000GEAMD0 7134
B000GEIRAU 7135
B000GETUBU 7136
B000GFLEAO 7137
B000GFLEFO 7138
B000GFLEKY 7139
B000GFLKEE 7140
B000GFRI68 7141
B000GFRICM 7142
B000GFTR1M 7143
B000GG4XTW 7144
B000GG4XWE 7145
B000GG4XWY 7146
B000GG4Y0U 7147
B000GG4Y3C 7148
B000GG4Y50 7149
B000GG4Y5K 7150
B000GG4Y64 7151
B000GG4Y6O 7152
B000GGSLSG 7153
B000GGSMO4 7154
B000GH3CMA 7155
B000GH3CWK 7156
B000GI3KDK 7157
B000GI3RGK 7158
B000GI3RZ6 7159
B000GIU7CW 7160
B000GIW95K 7161
B000GIXIN2 7162
B000GIXLVQ 7163
B000GIXLWA 7164
B000GIXLWU 7165
B000GLL1AQ 7166
B000GLL1U6 7167
B000GNOSD6 7168
B000GNOSGS 7169
B000GNOSHW 7170
B000GNOSJU 7171
B000GPPNO2 7172
B000GRU09I 7173
B000GRUMQY 7174
B000GRUN40 7175
B000GRUQJC 7176
B000GRUQJW 7177
B000GRUQLK 7178
B000GRUQZQ 7179
B000GRUR4G 7180
B000GSE6H4 7181
B000GTDVLK 7182
B000GTJSFS 7183
B000GTJSO4 7184
B000GTJSQM 7185
B000GTJSVC 7186
B000GTJT0C 7187
B000GUJYGK 7188
B000GUJYQ0 7189
B000GUK3SS 7190
B000GW8OA0 7191
B000GW8U9U 7192
B000GWGAY2 7193
B000GY728I 7194
B000GY75JE 7195
B000GYHRHO 7196
B000GYI048 7197
B000GYI322 7198
B000GYI32M 7199
B000GYI33Q 7200
B000GYI340 7201
B000GYI34K 7202
B000GYI3MW 7203
B000GYI3PY 7204
B000H0UPKI 7205
B000H1RFXM 7206
B000H4JH30 7207
B000H4JH4Y 7208
B000H4JH58 7209
B000H4JH7Q 7210
B000H4JH80 7211
B000H5TH2A 7212
B000H5U5GM 7213
B000H5U5MQ 7214
B000H5U5TE 7215
B000H5U5U8 7216
B000H5U5V2 7217
B000H5U68O 7218
B000H5V8CM 7219
B000H5V8CW 7220
B000H5V8D6 7221
B000H5V8DG 7222
B000H5V8NG 7223
B000H5VACU 7224
B000H6SXM4 7225
B000H6SXNI 7226
B000H6SXW4 7227
B000H6SY28 7228
B000H6SY2I 7229
B000H6SY6E 7230
B000H6SY8C 7231
B000H7J9IU 7232
B000H7J9JE 7233
B000H7JCEG 7234
B000H7JCFA 7235
B000H7JCG4 7236
B000H7JCGE 7237
B000H7JCJQ 7238
B000H8RVSO 7239
B000H9AD5G 7240
B000HA4WRU 7241
B000HA4WSO 7242
B000HC2LGM 7243
B000HC2LGW 7244
B000HC2LH6 7245
B000HC2LHQ 7246
B000HC2LZS 7247
B000HC2M0W 7248
B000HC2M2K 7249
B000HC2PLS 7250
B000HCO86I 7251
B000HCO8KE 7252
B000HDR814 7253
B000HDRB6G 7254
B000HDRBAW 7255
B000HEVTKY 7256
B000HEVTOU 7257
B000HEVZ9E 7258
B000HEVZLC 7259
B000HEWEFI 7260
B000HEWEFS 7261
B000HEWEG2 7262
B000HEWES0 7263
B000HEWEUS 7264
B000HEWGTW 7265
B000HEWGVU 7266
B000HEWH0U 7267
B000HEWHBY 7268
B000HEZ7MK 7269
B000HEZF18 7270
B000HIUWZS 7271
B000HIVIOC 7272
B000HIVIOM 7273
B000HLDFNQ 7274
B000HOJR8A 7275
B000HRCN6K 7276
B000HT37FY 7277
B000HT389O 7278
B000HT38BW 7279
B000HT38C6 7280
B000HT38D0 7281
B000HT38I0 7282
B000HT38IK 7283
B000HT3P56 7284
B000HT3P5G 7285
B000HT3P6U 7286
B000HT3P7E 7287
B000HT3PEM 7288
B000HT3PGK 7289
B000HT3PLK 7290
B000HT3PPQ 7291
B000HT3Q1Y 7292
B000HT3Q2I 7293
B000HT3Q2S 7294
B000HT3QBO 7295
B000HWXOT0 7296
B000HWZ4BG 7297
B000HWZ4DE 7298
B000HWZ4DO 7299
B000HWZ4DY 7300
B000HWZ4E8 7301
B000HWZ4EI 7302
B000HWZ4GQ 7303
B000HWZ4HU 7304
B000HWZ4IE 7305
B000HWZ4IO 7306
B000HWZ4IY 7307
B000HWZ4J8 7308
B000HWZ4JI 7309
B000HWZ4KM 7310
B000HWZ4LQ 7311
B000HWZ4M0 7312
B000HWZ4MA 7313
B000HWZ4QG 7314
B000HWZ4R0 7315
B000HWZ4RA 7316
B000HWZ4RK 7317
B000HXDM1E 7318
B000HXDQMY 7319
B000HXDWG4 7320
B000HXDWOG 7321
B000I0QLFK 7322
B000I0QLTG 7323
B000I0RNVQ 7324
B000I0RNXY 7325
B000I1V3MU 7326
B000I2IWU0 7327
B000I2J6RS 7328
B000I2J6VE 7329
B000I2J6W8 7330
B000I2JDF8 7331
B000I5YCCY 7332
B000I8OM94 7333
B000I8OOK6 7334
B000IB0DD0 7335
B000ICL3M4 7336
B000ICL3NI 7337
B000ICLRKW 7338
B000ICM5S0 7339
B000ICM5VC 7340
B000IHYBT6 7341
B000IHYXIK 7342
B000IHYXJO 7343
B000IHYXS0 7344
B000IJ7AEC 7345
B000IOM0PQ 7346
B000IOM1FU 7347
B000IOM9VQ 7348
B000ION23A 7349
B000ION276 7350
B000ION27G 7351
B000ION27Q 7352
B000ION2H6 7353
B000ION2HG 7354
B000ION7A8 7355
B000IONJHE 7356
B000IONJI8 7357
B000IQEMRI 7358
B000IU37SO 7359
B000IU37T8 7360
B000IU4DMI 7361
B000IV9CDM 7362
B000J10ERE 7363
B000J10F14 7364
B000J10KNW 7365
B000J3EB8K 7366
B000J3OTOG 7367
B000J4QWIG 7368
B000J5IPXA 7369
B000JBWWOC 7370
B000JBWWP6 7371
B000JBWWQK 7372
B000JBWWRO 7373
B000JBWWSI 7374
B000JBXH82 7375
B000JBXHI2 7376
B000JBXXYK 7377
B000JBXY0S 7378
B000JBXY44 7379
B000JCEU4G 7380
B000JJ3Y78 7381
B000JJ4DDW 7382
B000JJ4W3I 7383
B000JJ4WEW 7384
B000JJRYDI 7385
B000JJRYDS 7386
B000JJSJO6 7387
B000JJSJPA 7388
B000JJSJPU 7389
B000JJSKZY 7390
B000JJSRNY 7391
B000JKO8KE 7392
B000JLQPTK 7393
B000JLQQ58 7394
B000JLSYXU 7395
B000JLTE4S 7396
B000JLTR86 7397
B000JLTREK 7398
B000JLTRF4 7399
B000JLTRFE 7400
B000JLTRGI 7401
B000JLTRHW 7402
B000JLTRIG 7403
B000JLTRMC 7404
B000JLTS8A 7405
B000JMK6OO 7406
B000JRYOPG 7407
B000JU7JE6 7408
B000JU8H7E 7409
B000JU8H9M 7410
B000JVSUK2 7411
B000JVT07E 7412
B000JYW5B4 7413
B000JYW5BE 7414
B000JYW5E6 7415
B000K0YM0Y 7416
B000K144OM 7417
B000K14LTK 7418
B000K15G7G 7419
B000K2JU36 7420
B000K2Q7CI 7421
B000K2UGXO 7422
B000K2V7EG 7423
B000K405CY 7424
B000K4X5QM 7425
B000K4X5XK 7426
B000K52BL6 7427
B000K5FPNW 7428
B000K6GM4W 7429
B000K6L9CM 7430
B000K7UBTI 7431
B000K7UBUM 7432
B000K7UBVQ 7433
B000K7UBWK 7434
B000K7UC2Y 7435
B000K7VHMI 7436
B000K7VHNM 7437
B000K7VHNW 7438
B000K7VHOQ 7439
B000K7VHYG 7440
B000K7VL4C 7441
B000KB4898 7442
B000KDZTIK 7443
B000KE3OZO 7444
B000KF0DFM 7445
B000KF0WU8 7446
B000KG4BCM 7447
B000KGGIL4 7448
B000KGGIRI 7449
B000KGGIV4 7450
B000KGGJ04 7451
B000KGGOP4 7452
B000KGGOY0 7453
B000KGGZZ8 7454
B000KGH00C 7455
B000KGH00W 7456
B000KHME7U 7457
B000KHX71M 7458
B000KHX71W 7459
B000KJU13C 7460
B000KJU1FK 7461
B000KJU1FU 7462
B000KLNLCI 7463
B000KLQULW 7464
B000KLQUMG 7465
B000KLQUSK 7466
B000KLQUT4 7467
B000KLQUUS 7468
B000KLQUV2 7469
B000KN7BLI 7470
B000KNL2DQ 7471
B000KOXS0A 7472
B000KWZ1U2 7473
B000KWZ1UM 7474
B000KX0ING 7475
B000KX0IO0 7476
B000KX0IPE 7477
B000KX0IPY 7478
B000L2129U 7479
B000L43PG6 7480
B000L43PGQ 7481
B000L43PHK 7482
B000L91FZE 7483
B000L99JDO 7484
B000L9VL2G 7485
B000LAZDOW 7486
B000LAZDQA 7487
B000LC3IB0 7488
B000LC3IE2 7489
B000LC3III 7490
B000LC3IJ2 7491
B000LC3IKG 7492
B000LC3IKQ 7493
B000LC3IM4 7494
B000LC4C0Q 7495
B000LC4C60 7496
B000LC4CVA 7497
B000LC4ZDA 7498
B000LC4ZDK 7499
B000LC4ZDU 7500
B000LC4ZI0 7501
B000LC4ZIA 7502
B000LC52BE 7503
B000LC52DC 7504
B000LC5B7O 7505
B000LE16VC 7506
B000LE16W6 7507
B000LE178Y 7508
B000LE1798 7509
B000LE17A2 7510
B000LE1DVK 7511
B000LE1E50 7512
B000LMPDXQ 7513
B000LMPKIE 7514
B000LMPLNI 7515
B000LO5CTO 7516
B000LP5FWC 7517
B000LP5FXG 7518
B000LP6L2A 7519
B000LPS2VI 7520
B000LPS2VS 7521
B000LPS3B2 7522
B000LQJB8K 7523
B000LRZHOG 7524
B000LRZHRI 7525
B000LSAIZ8 7526
B000LSAJ5M 7527
B000LTTOOS 7528
B000LV6VZ6 7529
B000LV6VZQ 7530
B000LV6W0A 7531
B000LW7LX6 7532
B000LW7N6G 7533
B000LXGXWK 7534
B000LXGXY8 7535
B000LXH0AY 7536
B000LXH3SI 7537
B000LXHFN6 7538
B000LXHFNG 7539
B000LXHFUO 7540
B000M2E1Z6 7541
B000M2E31I 7542
B000M2E32C 7543
B000M2E340 7544
B000M2E354 7545
B000M341Q4 7546
B000M341QE 7547
B000M341QY 7548
B000M341S2 7549
B000M343AI 7550
B000M343B2 7551
B000M343BC 7552
B000M4RG0Q 7553
B000M4RG4C 7554
B000M4RG7O 7555
B000M69OW2 7556
B000M6B1AU 7557
B000M6D7SO 7558
B000M7FOO8 7559
B000M7FSSA 7560
B000M7XRC4 7561
B000M7XRYM 7562
B000M8N412 7563
B000M8N41W 7564
B000M93DBW 7565
B000M9BPFI 7566
B000M9BPG2 7567
B000MBXY6Y 7568
B000MC3QWK 7569
B000MDFTHE 7570
B000MDH85K 7571
B000MEYJHE 7572
B000MEYKCI 7573
B000MEYKDC 7574
B000MEYKDW 7575
B000MEYKE6 7576
B000MG2LP4 7577
B000MGAW8W 7578
B000MGB6N2 7579
B000MGBLFK 7580
B000MGBLFU 7581
B000MGBLGO 7582
B000MGBLIC 7583
B000MGBLPU 7584
B000MGBLQO 7585
B000MGBM1S 7586
B000MGBSHQ 7587
B000MGBSI0 7588
B000MGBSQC 7589
B000MGBSQM 7590
B000MGI7WK 7591
B000MGTQ6G 7592
B000MGTQ6Q 7593
B000MGUZAM 7594
B000MH0V3M 7595
B000MKYK2M 7596
B000MLWQ6I 7597
B000MLWQ6S 7598
B000MMLOAG 7599
B000MMMTD2 7600
B000MNOX9E 7601
B000MNOY0W 7602
B000MQ4WMY 7603
B000MQ58WM 7604
B000MQCBSQ 7605
B000MQCFLO 7606
B000MQCUJ6 7607
B000MQCULO 7608
B000MR9CXC 7609
B000MR9D5E 7610
B000MR9EQM 7611
B000MRA58S 7612
B000MRA592 7613
B000MRA59M 7614
B000MRA5EM 7615
B000MRNWF6 7616
B000MTEFNM 7617
B000MTEFUK 7618
B000MTEFV4 7619
B000MTEFVE 7620
B000MTEKGE 7621
B000MTEKGY 7622
B000MTFDDI 7623
B000MTFFO0 7624
B000MTFFTK 7625
B000MTOM8A 7626
B000MTPA5Y 7627
B000MV8AE0 7628
B000MV8AIQ 7629
B000MV9O7C 7630
B000MV9O86 7631
B000MVZYBM 7632
B000MX7TVS 7633
B000MX7V5C 7634
B000MX7V5W 7635
B000MX7V66 7636
B000MX7YOA 7637
B000MXPE7Y 7638
B000N2HD6O 7639
B000N2HDJ6 7640
B000N3AVLW 7641
B000N3AW6G 7642
B000N3AXPG 7643
B000N3SOSE 7644
B000N3SSBW 7645
B000N3T0E6 7646
B000N3T0EG 7647
B000N3T0GE 7648
B000N3T0GO 7649
B000N3TWRG 7650
B000N4RAQA 7651
B000N4RAS8 7652
B000N4SA8M 7653
B000N4SHNU 7654
B000N60H9U 7655
B000N6SE4U 7656
B000N6TYLW 7657
B000N6U0VU 7658
B000N6UDDU 7659
B000N6UF0G 7660
B000N6UF10 7661
B000N6UF1A 7662
B000N8UXT2 7663
B000N8UXTW 7664
B000N8UXYC 7665
B000NA1PUG 7666
B000NA1VI2 7667
B000NA1W3G 7668
B000NA1W3Q 7669
B000NA1WDQ 7670
B000NA1WE0 7671
B000NA1WGS 7672
B000NA1WH2 7673
B000NA78SE 7674
B000NC0K9G 7675
B000ND91OA 7676
B000ND91S6 7677
B000ND91X6 7678
B000ND91Z4 7679
B000ND921M 7680
B000NDEXFC 7681
B000NDEXO8 7682
B000NDI3Q2 7683
B000NDI4VQ 7684
B000NDI4WA 7685
B000NDJGTK 7686
B000NE4SMO 7687
B000NEZ7BA 7688
B000NHG7C0 7689
B000NHG7DY 7690
B000NIVNSW 7691
B000NIVPA8 7692
B000NIWI9K 7693
B000NJISIY 7694
B000NJISJ8 7695
B000NJKZUI 7696
B000NJM2FO 7697
B000NJMJGQ 7698
B000NJMJHK 7699
B000NJVY3U 7700
B000NJXG68 7701
B000NJXG6I 7702
B000NJXG6S 7703
B000NNUWZC 7704
B000NO1XG8 7705
B000NO1XMC 7706
B000NO2416 7707
B000NOIVT0 7708
B000NOIVTU 7709
B000NOIVV8 7710
B000NOIX48 7711
B000NOIX66 7712
B000NOIX6G 7713
B000NOIX7K 7714
B000NOIX7U 7715
B000NOIX84 7716
B000NOK0MQ 7717
B000NOKFGW 7718
B000NOKFHG 7719
B000NOKP12 7720
B000NQQ4DI 7721
B000NQR8JM 7722
B000NQRDZG 7723
B000NQRE9Q 7724
B000NQRV8U 7725
B000NTM9ZW 7726
B000NTMA1U 7727
B000NTPDSW 7728
B000NTPG7A 7729
B000NTPG84 7730
B000NVI0DU 7731
B000NVI2C4 7732
B000NVI2G0 7733
B000NVI2GU 7734
B000NVT0RU 7735
B000NVT0UM 7736
B000NY0YJU 7737
B000NY1E94 7738
B000NY1EC6 7739
B000NY8NO8 7740
B000O179DG 7741
B000O179GI 7742
B000O179IG 7743
B000O3C5DS 7744
B000O599XA 7745
B000O59A2A 7746
B000O59A2U 7747
B000O59A52 7748
B000O5B4BU 7749
B000O5GRXU 7750
B000O76PXK 7751
B000O76V4I 7752
B000O76ZNU 7753
B000O77LY2 7754
B000O77SO0 7755
B000O77SOK 7756
B000O7862S 7757
B000OA8OK4 7758
B000OCXLPU 7759
B000OCXNPI 7760
B000OCY7IK 7761
B000OCY7JE 7762
B000OCY7KI 7763
B000OCY7OE 7764
B000OCY7V2 7765
B000OCZ9WS 7766
B000OFBC9O 7767
B000OHZJG4 7768
B000OHZJIM 7769
B000OHZJSC 7770
B000OHZKZ4 7771
B000OHZKZE 7772
B000OI1G2E 7773
B000OIOOUU 7774
B000OIOOVO 7775
B000OIOPHC 7776
B000OIOPPE 7777
B000OLGCFW 7778
B000OLGCG6 7779
B000OLR8VY 7780
B000OONQ9Y 7781
B000OPO5RU 7782
B000OPO61U 7783
B000OPOALG 7784
B000OPOAMU 7785
B000OPODNQ 7786
B000OPPTN4 7787
B000ORDM7C 7788
B000OU081M 7789
B000OVLBFS 7790
B000OVLBG2 7791
B000OVLBH6 7792
B000OVLMHU 7793
B000OVLMKC 7794
B000OXAA76 7795
B000OY8NBK 7796
B000OY8NCE 7797
B000OY8NII 7798
B000OY9V7A 7799
B000OY9V7K 7800
B000OYCMLM 7801
B000OYCMMQ 7802
B000OZ2CP2 7803
B000OZ2CQQ 7804
B000OZ2CU2 7805
B000P0I4O4 7806
B000P0J0E2 7807
B000P296AS 7808
B000P296C6 7809
B000P2A6C0 7810
B000P2A6CA 7811
B000P2XMJ4 7812
B000P46OV0 7813
B000P4Q8DY 7814
B000P4ZL5K 7815
B000P5FH2Q 7816
B000P5FH4E 7817
B000P5FH4O 7818
B000P5FH4Y 7819
B000P5HARG 7820
B000P6R6Y2 7821
B000P6R9IA 7822
B000P6YNSE 7823
B000P6YNSO 7824
B000P6YNTI 7825
B000PAAJZG 7826
B000PAAK5K 7827
B000PC1PAW 7828
B000PC6YQC 7829
B000PC6YTY 7830
B000PC6YUI 7831
B000PC72JA 7832
B000PC8AKK 7833
B000PDZHK0 7834
B000PE0G0A 7835
B000PFSYO4 7836
B000PFU85M 7837
B000PFUA9Q 7838
B000PFUANC 7839
B000PFUAP0 7840
B000PGTNFM 7841
B000PGTPC8 7842
B000PGTPGO 7843
B000PGTPH8 7844
B000PHX5KU 7845
B000PHX5NM 7846
B000PHX5P0 7847
B000PHX5PK 7848
B000PHX8RA 7849
B000PISZ7M 7850
B000PISZ7W 7851
B000PISZ86 7852
B000PISZ8Q 7853
B000PKG7D4 7854
B000PKG7DE 7855
B000PKG8TM 7856
B000PKG8TW 7857
B000PMFO3Q 7858
B000PMFO40 7859
B000PMFRUQ 7860
B000PMFRZ6 7861
B000PMFS0A 7862
B000PMFS5K 7863
B000PMGNK4 7864
B000PMLJLW 7865
B000PMLJMG 7866
B000PPRCT2 7867
B000PQIBYQ 7868
B000PSJDQ4 7869
B000PSVP3S 7870
B000PUAIOI 7871
B000PWQP9I 7872
B000PY52CW 7873
B000Q35RWW 7874
B000Q5L9N6 7875
B000Q66FB6 7876
B000Q66PX4 7877
B000Q66PXE 7878
B000Q66Q56 7879
B000Q66Q8I 7880
B000Q6774K 7881
B000Q6775E 7882
B000Q6775O 7883
B000Q677HC 7884
B000Q6GUJS 7885
B000Q6GUKW 7886
B000Q6GUS4 7887
B000Q6GUSE 7888
B000Q6GUWA 7889
B000Q7S54K 7890
B000Q7ZKWU 7891
B000Q7ZKY8 7892
B000Q7ZLQK 7893
B000Q7ZLQU 7894
B000Q7ZLU6 7895
B000Q7ZLUG 7896
B000Q7ZLV0 7897
B000QCU534 7898
B000QCU9JO 7899
B000QCU9VC 7900
B000QDLSR0 7901
B000QEIOTE 7902
B000QFAFNQ 7903
B000QFAFOU 7904
B000QFBW6K 7905
B000QFCDAY 7906
B000QFCDCW 7907
B000QGDJG0 7908
B000QGDJGK 7909
B000QGDY06 7910
B000QGE856 7911
B000QGE85Q 7912
B000QGE8MY 7913
B000QQA5VC 7914
B000QQDEZG 7915
B000QQFKYE 7916
B000QRI1GM 7917
B000QRI1H6 7918
B000QUEQ4A 7919
B000QUEQ4U 7920
B000QUEQ5O 7921
B000QUEQ68 7922
B000QUEQ6I 7923
B000QUEQ6S 7924
B000QUEQ72 7925
B000QUEQ86 7926
B000QUTTQ0 7927
B000QUU4NM 7928
B000QUU7KM 7929
B000QUU7LQ 7930
B000QXDEGS 7931
B000QXDEH2 7932
B000QXDEHC 7933
B000QXDFSA 7934
B000QXDG4S 7935
B000QXDJLI 7936
B000R17RQM 7937
B000R20164 7938
B000R20ZA6 7939
B000R343N0 7940
B000R349GQ 7941
B000R349HU 7942
B000R349IO 7943
B000R349IY 7944
B000R349JI 7945
B000R349JS 7946
B000R4QER2 7947
B000R5OFOA 7948
B000R5OFPO 7949
B000R7G6JA 7950
B000R7GKPK 7951
B000R7GKPU 7952
B000R7HY0K 7953
B000R7HY46 7954
B000R7I3YG 7955
B000R7I3YQ 7956
B000R7I43Q 7957
B000R7I44K 7958
B000R8XMOQ 7959
B000R8YC22 7960
B000R9SK2Y 7961
B000R9YLKY 7962
B000RBA6BU 7963
B000RC2ES2 7964
B000RE94M4 7965
B000REQQGQ 7966
B000RETOGA 7967
B000RETOH4 7968
B000RETOHY 7969
B000RF1QE2 7970
B000RF7XYY 7971
B000RF7Y0C 7972
B000RGN2IY 7973
B000RIWAUS 7974
B000RK733U 7975
B000RKBU5W 7976
B000RL21OA 7977
B000RL6G8M 7978
B000RLULCE 7979
B000RMLMFI 7980
B000RN87CS 7981
B000RO6JZ4 7982
B000RO6JZE 7983
B000RO6JZO 7984
B000RO6KAS 7985
B000ROAMCK 7986
B000RPBGE2 7987
B000RPCJB6 7988
B000RPCJBG 7989
B000RPCJPC 7990
B000RPD0DC 7991
B000RPD0DM 7992
B000RPD0KK 7993
B000RT99FG 7994
B000RTBDV4 7995
B000RW3VDO 7996
B000RXVND8 7997
B000RXX5XE 7998
B000RXZIHU 7999
B000RXZIJS 8000
B000RXZIKW 8001
B000RXZL0E 8002
B000RXZL18 8003
B000RZIGSQ 8004
B000RZIGUE 8005
B000RZIGVI 8006
B000S0GYBQ 8007
B000S0GYJI 8008
B000S0GYMK 8009
B000S0SYJ6 8010
B000S1KX8A 8011
B000S1MM8E 8012
B000S1MMBQ 8013
B000S2B21G 8014
B000S2XD9U 8015
B000S399GU 8016
B000S6LP50 8017
B000S6LP5K 8018
B000S6LS66 8019
B000S6LS6Q 8020
B000S6LTH4 8021
B000S76LKI 8022
B000S86J3Q 8023
B000S88JT8 8024
B000S8CLR4 8025
B000SAGGSC 8026
B000SBAVIW 8027
B000SFJ3KU 8028
B000SFJ4K4 8029
B000SINSVC 8030
B000SINSX0 8031
B000SINT4S 8032
B000SK5Z2A 8033
B000SK5ZFM 8034
B000SK5ZKW 8035
B000SM6FKY 8036
B000SM6FM2 8037
B000SM7QTI 8038
B000SM7R2O 8039
B000SMNK16 8040
B000SMNL92 8041
B000SO7PCE 8042
B000SQFC0O 8043
B000SQFC1S 8044
B000SQFC3G 8045
B000SQFC40 8046
B000SQJ28C 8047
B000SQL4ZG 8048
B000SSONUC 8049
B000SSQ7J2 8050
B000SSQ7JW 8051
B000SULWJA 8052
B000SULWKO 8053
B000SULWKY 8054
B000SUY2OW 8055
B000T22PVG 8056
B000T22Q9W 8057
B000T28C68 8058
B000T28C8Q 8059
B000T28G1E 8060
B000T28G2S 8061
B000T28PG0 8062
B000T28PGA 8063
B000T28PU6 8064
B000T28PUG 8065
B000T2MYZ8 8066
B000T5MP7C 8067
B000T9D5WM 8068
B000T9OP7G 8069
B000TAN8ZU 8070
B000TBG98M 8071
B000TD2KY2 8072
B000TD4N9W 8073
B000TEUSMC 8074
B000TGGJKU 8075
B000TGJ81W 8076
B000TGJ82G 8077
B000TGJ86M 8078
B000TGJ880 8079
B000TGJ8B2 8080
B000TGKJQA 8081
B000TGKWOY 8082
B000TGKWPS 8083
B000TGUUFA 8084
B000TJ6OWA 8085
B000TJ6OZ2 8086
B000TJ6P88 8087
B000TJ6PBU 8088
B000TJBN62 8089
B000TJBN7Q 8090
B000TJBNEO 8091
B000TJBNGC 8092
B000TJBNHQ 8093
B000TLMWMY 8094
B000TLTCNG 8095
B000TLTCO0 8096
B000TLTCOU 8097
B000TLTCT0 8098
B000TLTCTA 8099
B000TM1CKQ 8100
B000TQLJ2I 8101
B000TQLJ4Q 8102
B000TQZBNQ 8103
B000TS9G3U 8104
B000TSHPTC 8105
B000TSJ04A 8106
B000TSMODE 8107
B000TSMOGG 8108
B000TSRYN4 8109
B000TSTEJG 8110
B000TSTEM8 8111
B000TSTEMI 8112
B000TSTEMS 8113
B000TSTEPA 8114
B000TUDFE4 8115
B000TUDIL4 8116
B000TV1SSS 8117
B000TVS5XY 8118
B000TXP56M 8119
B000TXPXCS 8120
B000TXY2DY 8121
B000TYV3C6 8122
B000TZ0JZM 8123
B000TZ7FTK 8124
B000TZJBP6 8125
B000TZJC32 8126
B000TZX5XK 8127
B000U0C9UE 8128
B000U1ZV1W 8129
B000U1ZV4E 8130
B000U1ZV4O 8131
B000U1ZV4Y 8132
B000U1ZV58 8133
B000U1ZV62 8134
B000U1ZV6C 8135
B000U1ZV6M 8136
B000U1ZV6W 8137
B000U1ZV76 8138
B000U1ZV7G 8139
B000U1ZV7Q 8140
B000U1ZV80 8141
B000U3BMYU 8142
B000U6YJMO 8143
B000U788WU 8144
B000U788X4 8145
B000UAE7DQ 8146
B000UAE7IQ 8147
B000UAE7J0 8148
B000UAE7KO 8149
B000UAE7L8 8150
B000UAE7O0 8151
B000UAE7P4 8152
B000UAE7PE 8153
B000UAE7UE 8154
B000UAE7UY 8155
B000UAE7VS 8156
B000UAEBFK 8157
B000UAFDQ6 8158
B000UAFDR0 8159
B000UDGOB6 8160
B000UDGOC0 8161
B000UEE6TC 8162
B000UFIYQ2 8163
B000UGWACK 8164
B000UJCAMC 8165
B000ULM980 8166
B000ULPFGI 8167
B000UNYJN6 8168
B000UNYJRW 8169
B000UNYJT0 8170
B000UNYJTK 8171
B000UNYJV8 8172
B000UNYJWM 8173
B000UNYPGM 8174
B000UO4F8O 8175
B000UO9ULQ 8176
B000UP8822 8177
B000UPSKO8 8178
B000UR9TKK 8179
B000URDEAG 8180
B000USU9LC 8181
B000UVV25Q 8182
B000UVV2CE 8183
B000UX6TG6 8184
B000UX6TJI 8185
B000UX6TKC 8186
B000UX6TKM 8187
B000UX6TLG 8188
B000UX6TPC 8189
B000UY6OU6 8190
B000UZDO3K 8191
B000UZDO62 8192
B000UZPMBW 8193
B000V1BN7M 8194
B000V1Y44Q 8195
B000V3JGIS 8196
B000V3JGJ2 8197
B000V3L1M2 8198
B000V4UH08 8199
B000V5EYXS 8200
B000V6LSLI 8201
B000V6LSM2 8202
B000V6LSNQ 8203
B000V6LST0 8204
B000V7ZMK0 8205
B000V86OKG 8206
B000V9LK4A 8207
B000VAPZM2 8208
B000VAR0T8 8209
B000VDDDVE 8210
B000VDDE04 8211
B000VDDE0Y 8212
B000VDDE18 8213
B000VE43BC 8214
B000VE4UCE 8215
B000VE4UCO 8216
B000VE4UQA 8217
B000VECAE4 8218
B000VECAEE 8219
B000VECAEO 8220
B000VEQU36 8221
B000VHVT66 8222
B000VI28Z6 8223
B000VKJ6UE 8224
B000VKJ6Z4 8225
B000VKL6VQ 8226
B000VKL6Z2 8227
B000VKL6ZW 8228
B000VKL7DI 8229
B000VKUKOA 8230
B000VM8YCI 8231
B000VNMMW0 8232
B000VNMS6U 8233
B000VQYDJM 8234
B000VS20M2 8235
B000VS6Q7W 8236
B000VS6R3A 8237
B000VSDN1O 8238
B000VSDNF0 8239
B000VSDNHS 8240
B000VT56XQ 8241
B000VTHYAE 8242
B000VULA94 8243
B000VWE5OY 8244
B000VWEG3E 8245
B000VWX6SA 8246
B000VWYJ6S 8247
B000VXK6Z0 8248
B000VXWK8Q 8249
B000VZADPG 8250
B000VZADPQ 8251
B000VZADR4 8252
B000W04RWK 8253
B000W04S24 8254
B000W07EKW 8255
B000W07EL6 8256
B000W089VA 8257
B000W089WO 8258
B000W0H5GA 8259
B000W1V5TM 8260
B000W2C29S 8261
B000W668R6 8262
B000W6ZUUC 8263
B000W8KY0G 8264
B000W8OM86 8265
B000W9DSVW 8266
B000WBMKSW 8267
B000WBZ5YI 8268
B000WBZ5Z2 8269
B000WBZZ2A 8270
B000WC38B4 8271
B000WC38BO 8272
B000WC38CS 8273
B000WC38WS 8274
B000WC39FO 8275
B000WC39JA 8276
B000WC39KY 8277
B000WC39M2 8278
B000WC39MM 8279
B000WCBVQS 8280
B000WCN7M4 8281
B000WCN8PA 8282
B000WCN8PK 8283
B000WE5I1U 8284
B000WEVGHK 8285
B000WFGQIS 8286
B000WG97YW 8287
B000WGTD82 8288
B000WGVEAC 8289
B000WGWQG8 8290
B000WGWZX2 8291
B000WGYMTM 8292
B000WGZGNS 8293
B000WGZGOC 8294
B000WH5AWO 8295
B000WL4AI0 8296
B000WLU5ZM 8297
B000WLYDNM 8298
B000WM2U86 8299
B000WM4R2I 8300
B000WM8IJG 8301
B000WMA6FU 8302
B000WMA6H8 8303
B000WMA6PK 8304
B000WMA6R8 8305
B000WMA72C 8306
B000WMA73Q 8307
B000WMA74A 8308
B000WMFZII 8309
B000WMFZK6 8310
B000WMFZMY 8311
B000WMFZNS 8312
B000WMFZO2 8313
B000WMVGX6 8314
B000WNHTCC 8315
B000WOQKD0 8316
B000WOQKM6 8317
B000WOSAUQ 8318
B000WOSAVA 8319
B000WOSAVK 8320
B000WOSAYC 8321
B000WOYSBQ 8322
B000WPAG1Q 8323
B000WPJSYM 8324
B000WPJT1Y 8325
B000WPJT2I 8326
B000WQW988 8327
B000WQWPRS 8328
B000WQWPSM 8329
B000WQWPSW 8330
B000WR4L5Q 8331
B000WSVBG2 8332
B000WTVZ3U 8333
B000WTVZG2 8334
B000WTVZGC 8335
B000WTZ6M6 8336
B000WTZ6SK 8337
B000WUUNSC 8338
B000WVPXAE 8339
B000WW1YNS 8340
B000WXDMLE 8341
B000WZAE7W 8342
B000WZQHAK 8343
B000X07SQ6 8344
B000X07TLA 8345
B000X0G92U 8346
B000X0GWNG 8347
B000X1CMXO 8348
B000X1CRY8 8349
B000X1KWS6 8350
B000X1Z0BU 8351
B000X1ZPEM 8352
B000X25F78 8353
B000X3SZLU 8354
B000X4WKG0 8355
B000X5HE7Y 8356
B000X5RBXG 8357
B000X73NEK 8358
B000X7SCQO 8359
B000X7SD6S 8360
B000X843UC 8361
B000XA5JWG 8362
B000XA5K4I 8363
B000XBPDYY 8364
B000XCK0KK 8365
B000XCVZXG 8366
B000XCZF1Y 8367
B000XCZGW2 8368
B000XCZGX6 8369
B000XCZGXG 8370
B000XCZGY0 8371
B000XECFXS 8372
B000XFVIN0 8373
B000XJ5TOA 8374
B000XJ5TOU 8375
B000XJ5TPE 8376
B000XJ5UEY 8377
B000XJ6EI0 8378
B000XJD30M 8379
B000XJD3GQ 8380
B000XJD3HU 8381
B000XJD3JS 8382
B000XJD3K2 8383
B000XNZ7NO 8384
B000XPNZTK 8385
B000XQ4HR8 8386
B000XSKDH4 8387
B000XSKDJW 8388
B000XT1P20 8389
B000XT1P48 8390
B000XT1P4S 8391
B000XT1P52 8392
B000XT1P5C 8393
B000XTLVIS 8394
B000XUF6AG 8395
B000XUF6BU 8396
B000XUOIQE 8397
B000XUOIQO 8398
B000XUOIQY 8399
B000XUUQRE 8400
B000XXWE1M 8401
B000XXWKFW 8402
B000Y0791Y 8403
B000Y11B7Q 8404
B000Y11B8K 8405
B000Y11BBC 8406
B000Y11BC6 8407
B000Y11BCG 8408
B000Y11BCQ 8409
B000Y14U1K 8410
B000Y1NNH2 8411
B000Y5CHIE 8412
B000Y5JFNY 8413
B000Y7U97I 8414
B000Y7U982 8415
B000Y7U9AK 8416
B000Y7U9AU 8417
B000Y7WGP6 8418
B000Y7ZBZS 8419
B000Y9M09G 8420
B000Y9PC7S 8421
B000YA82GA 8422
B000YAA2SQ 8423
B000YAA68C 8424
B000YAA68W 8425
B000YABIQ6 8426
B000YABV7W 8427
B000YABYLA 8428
B000YAF4MA 8429
B000YAF4Q6 8430
B000YAGYY2 8431
B000YAHD1U 8432
B000YCLRBA 8433
B000YCPUWW 8434
B000YDBP34 8435
B000YDBP3E 8436
B000YDBP3O 8437
B000YDBP52 8438
B000YDBP8O 8439
B000YDJG0I 8440
B000YDKA1W 8441
B000YDMIN0 8442
B000YDMPA6 8443
B000YDMPAQ 8444
B000YDMPB0 8445
B000YDMPBA 8446
B000YDMPBU 8447
B000YDMPCO 8448
B000YDOOEQ 8449
B000YDZPMG 8450
B000YE1REA 8451
B000YENUOK 8452
B000YGGNGK 8453
B000YGGNIS 8454
B000YH8V00 8455
B000YHQNCI 8456
B000YI99IW 8457
B000YIGNC2 8458
B000YIGNCW 8459
B000YIGNHW 8460
B000YIGNKY 8461
B000YJOGDE 8462
B000YKI4B8 8463
B000YKI4BI 8464
B000YKT4BC 8465
B000YM6DNW 8466
B000YMDJ02 8467
B000YNFXZK 8468
B000YOX3HE 8469
B000YPUFAQ 8470
B000YPUFB0 8471
B000YQK14K 8472
B000YRY7VC 8473
B000YV1L4E 8474
B000YV1Q2G 8475
B000YVB2NO 8476
B000YVBCT8 8477
B000YVBELY 8478
B000YW8RN6 8479
B000YW8S26 8480
B000YXMM9U 8481
B000YY6VIC 8482
B000Z0UEV0 8483
B000Z27H8Q 8484
B000Z27HMW 8485
B000Z63ZKG 8486
B000Z6GT18 8487
B000Z6GT4K 8488
B000Z8H02I 8489
B000Z8H1YA 8490
B000Z8H1ZE 8491
B000ZBEOEC 8492
B000ZBEOFG 8493
B000ZBEOHE 8494
B000ZBEOHY 8495
B000ZBEOI8 8496
B000ZDQI9O 8497
B000ZECQ08 8498
B000ZIZX4K 8499
B000ZIZX9A 8500
B000ZIZXAO 8501
B000ZJ2ZR2 8502
B000ZKQWHK 8503
B000ZM1MIM 8504
B000ZM1MJG 8505
B000ZMCFIS 8506
B000ZOT8NG 8507
B000ZOXDFU 8508
B000ZOXDG4 8509
B000ZOXDK0 8510
B000ZOXDKA 8511
B000ZS8GWQ 8512
B000ZZT7BS 8513
B000ZZUVRM 8514
B00102FELM 8515
B0010358CG 8516
B00104AYGA 8517
B00104AYGK 8518
B00104AYGU 8519
B00104AYL0 8520
B00104AYOC 8521
B00104AYSI 8522
B00104J4IO 8523
B00104QSOC 8524
B00104QSOM 8525
B00105304M 8526
B00105305G 8527
B00105305Q 8528
B001053074 8529
B00105307O 8530
B00105308I 8531
B0010AN7LS 8532
B0010AN7PY 8533
B0010BTMBG 8534
B0010DM3R4 8535
B0010EGAH2 8536
B0010EI3JU 8537
B0010IF6NW 8538
B0010IOALQ 8539
B0010J34ZI 8540
B0010KHOSA 8541
B0010KHOSU 8542
B0010L073I 8543
B0010S6ERE 8544
B0010SB064 8545
B0010T3ULQ 8546
B0010T6TT6 8547
B0010TDRP0 8548
B0010TL6RQ 8549
B0010V4VJY 8550
B0010V4VK8 8551
B0010V60XY 8552
B0010VDYLK 8553
B0010WW63Q 8554
B0010X5X4Y 8555
B0010X741O 8556
B0010X744G 8557
B0010X745U 8558
B0010X7464 8559
B0010X746O 8560
B0010X8NFK 8561
B0010X8NKU 8562
B0010X8NMS 8563
B0010XB1WM 8564
B0010YO0IS 8565
B0010YPT7Y 8566
B0010YSD5O 8567
B0010YSD7M 8568
B0010YSDA4 8569
B0010YSDB8 8570
B0010YVCAM 8571
B0010YVCAW 8572
B0010YVCB6 8573
B00110EJA0 8574
B00110WFVU 8575
B00111HWTE 8576
B00111YM56 8577
B00111YM5G 8578
B001139ZP6 8579
B00113ALKO 8580
B00113ALL8 8581
B00113ALM2 8582
B00113O7MM 8583
B00114UUC2 8584
B00114UUL8 8585
B00114XLRS 8586
B00114XLS2 8587
B00114XLUA 8588
B00114XLUU 8589
B00115HMMM 8590
B001165BG0 8591
B00116GEES 8592
B00116GEFC 8593
B00116GEFM 8594
B00116GEHU 8595
B00116GEJS 8596
B00116GEK2 8597
B00116RCWG 8598
B00116VG3M 8599
B00116W26M 8600
B00118S6CY 8601
B00118VEH8 8602
B001190SGK 8603
B00119UD5Q 8604
B0011B9W38 8605
B0011D6FH2 8606
B0011FDVD6 8607
B0011FLGU6 8608
B0011FLGYM 8609
B0011FLGZQ 8610
B0011FLH00 8611
B0011FLM00 8612
B0011G6FDI 8613
B0011HOEY4 8614
B0011IR2SS 8615
B0011IR3H8 8616
B0011KQSWM 8617
B0011N19HI 8618
B0011NVC9S 8619
B0011NVCAC 8620
B0011NVCAM 8621
B0011QC9OM 8622
B0011U3OA6 8623
B0011U52BK 8624
B0011UKORC 8625
B0011UKORM 8626
B0011UMC4K 8627
B0011UMC72 8628
B0011UO8ZQ 8629
B0011UO91E 8630
B0011UY65I 8631
B0011V7PSC 8632
B0011V7PSW 8633
B0011VB85S 8634
B0011VIO64 8635
B0011VR6QI 8636
B0011WN03K 8637
B0011Z5NLY 8638
B0011Z5NN2 8639
B0011ZJ5BS 8640
B0011ZJ5C2 8641
B00120LPOW 8642
B00120LPP6 8643
B00120LPPG 8644
B00120LPQ0 8645
B00120LPQK 8646
B00120TJFE 8647
B001221DU6 8648
B001223I2W 8649
B00123BY6S 8650
B00123GQLG 8651
B00123PTNW 8652
B00124ONF6 8653
B00124ONG0 8654
B00124ONSI 8655
B00125JPMQ 8656
B00125JPN0 8657
B00125WATQ 8658
B00125WAY6 8659
B00126808K 8660
B0012680AS 8661
B0012680BM 8662
B0012680D0 8663
B00126STC2 8664
B00126XCR4 8665
B00127IU4S 8666
B00127IU9I 8667
B00127R2WY 8668
B00127R2XI 8669
B00127R2YC 8670
B00127RAFS 8671
B00127RAGM 8672
B00127RAH6 8673
B00127RAHG 8674
B00127RAIK 8675
B00127RAJ4 8676
B00127RAJE 8677
B00127RAJY 8678
B00128VA6C 8679
B001298BPY 8680
B0012CJQXW 8681
B0012D6A0S 8682
B0012DUT3M 8683
B0012DZELO 8684
B0012E2F60 8685
B0012EBV8S 8686
B0012EF7N8 8687
B0012EI8BQ 8688
B0012EM5CO 8689
B0012EM5CY 8690
B0012EM5DI 8691
B0012EM5DS 8692
B0012EM5E2 8693
B0012EM5EC 8694
B0012EM5EW 8695
B0012EM5HO 8696
B0012FA8CC 8697
B0012GVKV4 8698
B0012GVKVE 8699
B0012IT79O 8700
B0012IV3PA 8701
B0012IV3PU 8702
B0012IWNSG 8703
B0012IWNSQ 8704
B0012IWO0I 8705
B0012IX34Y 8706
B0012IX35S 8707
B0012IX362 8708
B0012IX3CQ 8709
B0012IYO38 8710
B0012KJ0CG 8711
B0012KJ0DK 8712
B0012KSUT0 8713
B0012KSUTK 8714
B0012L0TFM 8715
B0012LH82Y 8716
B0012LSQ02 8717
B0012M1KWC 8718
B0012M1KXG 8719
B0012NO92O 8720
B0012OTRTI 8721
B0012OTVQC 8722
B0012OX7DA 8723
B0012Q3SZ0 8724
B0012Q3T6S 8725
B0012Q732O 8726
B0012Q7M02 8727
B0012QCZ54 8728
B0012QCZ5O 8729
B0012QE4PI 8730
B0012QE4Q2 8731
B0012QHUB8 8732
B0012RLXAG 8733
B0012RLXBU 8734
B0012RWQJ8 8735
B0012SY0E6 8736
B0012UQIW6 8737
B0012V4WSW 8738
B0012XIGVE 8739
B0012XIGXC 8740
B0012XSNE4 8741
B0012YN35M 8742
B0012YN5AA 8743
B0012Z365S 8744
B0012Z36D0 8745
B0012Z36E4 8746
B0012Z36EO 8747
B0012Z36F8 8748
B0012Z36FI 8749
B0012Z5UM0 8750
B0012Z5UMA 8751
B00132D7VI 8752
B00132D7VS 8753
B00132D7Y0 8754
B00132XZFQ 8755
B00133KFH6 8756
B00133QNUO 8757
B0013527I4 8758
B00135TVNS 8759
B001394S1E 8760
B0013BDQ42 8761
B0013D8L7W 8762
B0013D8L8Q 8763
B0013D8L9A 8764
B0013D8LCW 8765
B0013D8LGI 8766
B0013D8LHC 8767
B0013D8LHW 8768
B0013D8LIQ 8769
B0013D8LLS 8770
B0013D8LMW 8771
B0013D8LNG 8772
B0013D8LP4 8773
B0013D8LPY 8774
B0013D8LWC 8775
B0013D8M3A 8776
B0013D8M3U 8777
B0013D8M44 8778
B0013D8M4E 8779
B0013DZNAA 8780
B0013F2ESM 8781
B0013F60G4 8782
B0013F60LE 8783
B0013FCYD2 8784
B0013FSL0C 8785
B0013FSL16 8786
B0013FSL1Q 8787
B0013FW05Y 8788
B0013FZUQA 8789
B0013FZUQK 8790
B0013GS3WW 8791
B0013HL6ES 8792
B0013J1WKY 8793
B0013J30UE 8794
B0013J30YU 8795
B0013J55B6 8796
B0013J9KIU 8797
B0013JKXA4 8798
B0013JRDZM 8799
B0013K196A 8800
B0013K1AK0 8801
B0013K2ZFY 8802
B0013K2ZGI 8803
B0013K8J90 8804
B0013KGWBM 8805
B0013LL2XE 8806
B0013LL2Y8 8807
B0013LPRTE 8808
B0013LPS34 8809
B0013LRKQC 8810
B0013LRKRG 8811
B0013LRKSA 8812
B0013LRKVC 8813
B0013LRKVM 8814
B0013LRKY4 8815
B0013MYNYI 8816
B0013N7FZ6 8817
B0013NAML0 8818
B0013NAMLK 8819
B0013NAMLU 8820
B0013ND3MK 8821
B0013PVGGI 8822
B0013RILOG 8823
B0013TMUW8 8824
B0013XS87K 8825
B0013XS87U 8826
B0013XZ6NO 8827
B0013XZ6RU 8828
B0013XZ6SY 8829
B0013XZ6TI 8830
B0013XZ6U2 8831
B0013XZ70G 8832
B0013XZ76A 8833
B0013XZ76K 8834
B00140PK6O 8835
B00141188M 8836
B0014158W4 8837
B00141VKFI 8838
B00143XE5K 8839
B00143XE5U 8840
B00143XE64 8841
B00144H00Y 8842
B00144K5LK 8843
B00144K5M4 8844
B00144NHV0 8845
B00144P9RA 8846
B00144P9ZM 8847
B00144PA06 8848
B001450KCS 8849
B001451HWA 8850
B001451HXO 8851
B00145CRB0 8852
B0014637IQ 8853
B00147AJQ8 8854
B00149JKDO 8855
B00149LMDU 8856
B0014B7PQQ 8857
B0014BDP88 8858
B0014BJ1DG 8859
B0014BJ1E0 8860
B0014BQR1A 8861
B0014BQR3I 8862
B0014BQR7E 8863
B0014BQR7Y 8864
B0014C2FX8 8865
B0014CSNDY 8866
B0014D5QRE 8867
B0014D7BOK 8868
B0014DZ2WS 8869
B0014DZ2XC 8870
B0014E29TQ 8871
B0014E6424 8872
B0014E6438 8873
B0014FAIVG 8874
B0014FAIX4 8875
B0014FAIXE 8876
B0014FAIXO 8877
B0014FAIYS 8878
B0014FAIZC 8879
B0014HKQK2 8880
B0014I7AQO 8881
B0014IC320 8882
B0014OCKKY 8883
B0014QLEIQ 8884
B0014T7ETQ 8885
B0014V8IIK 8886
B0014VPFHW 8887
B0014VPFKY 8888
B0014VPFM2 8889
B0014VPFQI 8890
B0014VPFVS 8891
B0014XTW4M 8892
B0014Z3OQW 8893
B0014Z4OOS 8894
B0014ZUG2C 8895
B0015083M6 8896
B0015083Q2 8897
B00150N8EY 8898
B00151QYBM 8899
B00151QYE4 8900
B00151QYEE 8901
B00151QYFS 8902
B00151QYSK 8903
B00151QYT4 8904
B00151QYYE 8905
B00152R4VK 8906
B00152VVQY 8907
B00153ZS30 8908
B00155H5TI 8909
B001570GV0 8910
B00157OI9Q 8911
B00157OICS 8912
B00157WT60 8913
B001589S0E 8914
B00158K0RE 8915
B00158K0RO 8916
B00158K0V0 8917
B00158K14G 8918
B0015ABRE2 8919
B0015AOBOA 8920
B0015D20FY 8921
B0015FGCGK 8922
B0015FQZIK 8923
B0015HOKKS 8924
B0015I2S74 8925
B0015I2S7E 8926
B0015I2S88 8927
B0015I2SLA 8928
B0015L7RSG 8929
B0015LPRZQ 8930
B0015MTUZ8 8931
B0015NQEMY 8932
B0015OKWKS 8933
B0015OKWL2 8934
B0015Q818G 8935
B0015QWZ7O 8936
B0015QWZ92 8937
B0015RCURS 8938
B0015RRN84 8939
B0015TJBXW 8940
B0015U0QWG 8941
B0015UWYOO 8942
B0015VQB0G 8943
B0015XASZ8 8944
B0015XHP4A 8945
B0015XHQVC 8946
B0015XWU9A 8947
B0015XWU9K 8948
B0015YVHX4 8949
B001614F0S 8950
B00164KYTG 8951
B00164KYV4 8952
B001662FIW 8953
B001666484 8954
B00166UFSY 8955
B00166UFT8 8956
B001675YNY 8957
B001675YP2 8958
B001675YQ6 8959
B001675Z2E 8960
B001675Z2O 8961
B001675ZHY 8962
B001675ZJ2 8963
B001675ZJC 8964
B001675ZJM 8965
B001675ZJW 8966
B001680M26 8967
B0016821YI 8968
B00168IWSW 8969
B00168ML34 8970
B00168O6N2 8971
B00168OIIU 8972
B00168OILM 8973
B00168OIP8 8974
B001690X6A 8975
B00169E5J6 8976
B00169E5JQ 8977
B0016AK37I 8978
B0016AKSQY 8979
B0016GLYQG 8980
B0016GO9CC 8981
B0016I0AGO 8982
B0016I0AGY 8983
B0016I0AH8 8984
B0016J5E5K 8985
B0016K31ZE 8986
B0016K76V4 8987
B0016KCCCC 8988
B0016KCCCM 8989
B0016KHA10 8990
B0016KHAH4 8991
B0016LFG2Y 8992
B0016LFG38 8993
B0016LFUVG 8994
B0016MJ6GA 8995
B0016MJ6GU 8996
B0016MJ6H4 8997
B0016MJ6I8 8998
B0016MJ6JW 8999
B0016MJ6L0 9000
B0016MJ6LA 9001
B0016MJ73M 9002
B0016MJ73W 9003
B0016MLIKM 9004
B0016MLILG 9005
B0016MOV9W 9006
B0016MOWPU 9007
B0016N52IK 9008
B0016OCTUI 9009
B0016OKQO4 9010
B0016OKQOO 9011
B0016OKQQM 9012
B0016OKQZI 9013
B0016OM3TK 9014
B0016OM3WC 9015
B0016PURB0 9016
B0016PUSKK 9017
B0016PWWUY 9018
B0016Q2D1Q 9019
B0016Q2D5M 9020
B0016Q2D66 9021
B0016QNSGA 9022
B00170C15O 9023
B00170JRTW 9024
B00170LCWC 9025
B001715A92 9026
B00171F66E 9027
B00171F7MC 9028
B00171FPOC 9029
B001725ZDC 9030
B00175GAEW 9031
B00175GAI8 9032
B00175VSBW 9033
B0017600EW 9034
B00177Y9W0 9035
B00177Y9ZC 9036
B00177Y9ZW 9037
B00177YA0Q 9038
B00177YA6U 9039
B00177YFYM 9040
B0017ANAX6 9041
B0017ANAZO 9042
B0017APPSE 9043
B0017CW5R6 9044
B0017CW5U8 9045
B0017H3UOS 9046
B0017HRJ04 9047
B0017INRG8 9048
B0017INRGI 9049
B0017IVHHO 9050
B0017KP8XQ 9051
B0017KXD1U 9052
B0017LGQHM 9053
B0017LRZ04 9054
B0017M9ZGK 9055
B0017MO10U 9056
B0017O1F34 9057
B0017PFN0O 9058
B0017S66JI 9059
B0017SVH5Q 9060
B0017TCSMQ 9061
B0017VG5ZU 9062
B0017VG67M 9063
B0017VG67W 9064
B0017VG68Q 9065
B0017VG690 9066
B0017XOF50 9067
B0017XOFCS 9068
B00180IPPS 9069
B00180IPQW 9070
B00180R040 9071
B00180ZTJS 9072
B001840TU8 9073
B001870VOY 9074
B00188M5TM 9075
B00188NXN4 9076
B00188NXNO 9077
B00188XHFI 9078
B00189PSQS 9079
B00189PSUY 9080
B0018AQ2RG 9081
B0018BD9DK 9082
B0018BDDFE 9083
B0018BDDH2 9084
B0018C23OK 9085
B0018CNNV2 9086
B0018CWEU8 9087
B0018CWEUI 9088
B0018CWEVW 9089
B0018CWEXA 9090
B0018CWEY4 9091
B0018CWEYO 9092
B0018CWEZ8 9093
B0018CWEZI 9094
B0018CWF02 9095
B0018CWVWO 9096
B0018F0QS2 9097
B0018IYTF0 9098
B0018KB2TE 9099
B0018O5WTQ 9100
B0018PH3OC 9101
B0018QAIY8 9102
B0018QPPXW 9103
B0018RCN54 9104
B0018RCN5Y 9105
B0018RKEGY 9106
B0018RKEQ4 9107
B0018RWMNM 9108
B0018S5MQ0 9109
B0018TAFQ6 9110
B0018TNAIQ 9111
B0018TZJEE 9112
B0018WOR94 9113
B0018YCF50 9114
B00190XKN4 9115
B00191AEYQ 9116
B001957A12 9117
B00195FUDC 9118
B00195I3OU 9119
B00195I3PE 9120
B00197POXG 9121
B00197YZ7C 9122
B00198J580 9123
B00198PJNA 9124
B00198X0UO 9125
B00198X0UY 9126
B00198X0YA 9127
B00198X0YK 9128
B00198X0YU 9129
B001990LJQ 9130
B001992NXI 9131
B001992NYC 9132
B001992NYM 9133
B001992NZG 9134
B001992O0K 9135
B001993Y2C 9136
B001993Y9U 9137
B001993YA4 9138
B001993YB8 9139
B001993YCM 9140
B00199PPP6 9141
B0019ADXJ0 9142
B0019AIF3E 9143
B0019BI0W4 9144
B0019BI114 9145
B0019CB5T8 9146
B0019CN1RC 9147
B0019D151K 9148
B0019ESNFU 9149
B0019ESNGO 9150
B0019EXZY4 9151
B0019F02VW 9152
B0019F02W6 9153
B0019F02XK 9154
B0019F030M 9155
B0019GNX4O 9156
B0019HABE8 9157
B0019HQICW 9158
B0019HQIFE 9159
B0019L21H4 9160
B0019L770A 9161
B0019LY5IC 9162
B0019LY5IM 9163
B0019M5C0Q 9164
B0019N76XG 9165
B0019N8P2W 9166
B0019OP0GU 9167
B0019QOKRI 9168
B0019QOKSM 9169
B0019SYV0W 9170
B0019UGYB4 9171
B0019UGYDC 9172
B0019VM63I 9173
B0019X3YX2 9174
B0019X400S 9175
B0019ZS0GG 9176
B0019ZYD0I 9177
B001A30EPM 9178
B001A33ZHG 9179
B001A40ZDC 9180
B001A5ES9I 9181
B001A7GOCA 9182
B001A7X0YA 9183
B001AB69RG 9184
B001ACFQNS 9185
B001ADXWYC 9186
B001AGNMIK 9187
B001AGZJ0E 9188
B001AHPB2Y 9189
B001AI774S 9190
B001AI7766 9191
B001AI776G 9192
B001AII4RC 9193
B001AIQ14A 9194
B001AK3S4E 9195
B001AK3S4O 9196
B001AMHNKW 9197
B001AMU6AG 9198
B001AOC9G8 9199
B001AOHPXA 9200
B001APM41C 9201
B001APMD1I 9202
B001APZMJI 9203
B001AQBGM4 9204
B001AQMBDM 9205
B001AQMBF0 9206
B001AQMBGE 9207
B001AQO3SS 9208
B001AQO3TC 9209
B001AQO3V0 9210
B001AQO3WY 9211
B001AQR3J4 9212
B001AQR3LC 9213
B001AQR3NK 9214
B001AQT112 9215
B001AQT158 9216
B001AR010Q 9217
B001AR011A 9218
B001AR0CWI 9219
B001AR0D40 9220
B001AR0D54 9221
B001AR0D5Y 9222
B001AR0D6I 9223
B001ARDBXK 9224
B001ARDBXU 9225
B001ARYYNG 9226
B001ASIHZG 9227
B001ASJIXG 9228
B001ASQ9N8 9229
B001ASQ9OC 9230
B001AV3BWC 9231
B001AV3BXG 9232
B001AVCFGK 9233
B001AVCFJM 9234
B001AXTYPI 9235
B001AXU1FK 9236
B001AY0FQY 9237
B001AYMMNS 9238
B001AYWY5O 9239
B001AYWY68 9240
B001AYWY7M 9241
B001AZI236 9242
B001AZIRYA 9243
B001AZIRZO 9244
B001AZJKKK 9245
B001B0H7DG 9246
B001B151X8 9247
B001B18716 9248
B001B1876Q 9249
B001B187C0 9250
B001B1RFSW 9251
B001B23ED6 9252
B001B2U1AA 9253
B001B3LILA 9254
B001B3LILU 9255
B001B3LIN8 9256
B001B3LIO2 9257
B001B3LIQA 9258
B001B3LIQK 9259
B001B3LIQU 9260
B001B3XZAW 9261
B001B43IUS 9262
B001B43IV2 9263
B001B48C36 9264
B001B73PO4 9265
B001B73PQC 9266
B001B7CNXS 9267
B001B7CNZQ 9268
B001B7CO0K 9269
B001B8TKFG 9270
B001B8TKFQ 9271
B001B9ZVVC 9272
B001BAJSSI 9273
B001BAWKQU 9274
B001BAWKR4 9275
B001BAWKRE 9276
B001BC4X0O 9277
B001BCO8XQ 9278
B001BCUB46 9279
B001BEK856 9280
B001BEK86K 9281
B001BEK88I 9282
B001BEK8FQ 9283
B001BEK8HE 9284
B001BGS16W 9285
B001BGS17G 9286
B001BKYAY0 9287
B001BL96JI 9288
B001BMGXTI 9289
B001BMN35K 9290
B001BN25VW 9291
B001BN25YO 9292
B001BN4WFO 9293
B001BN4WHW 9294
B001BN4WI6 9295
B001BN4WK4 9296
B001BN4WLS 9297
B001BNFR26 9298
B001BNFR76 9299
B001BNFR7G 9300
B001BP3Z9G 9301
B001BPVB5G 9302
B001BQJLFC 9303
B001BSBBCQ 9304
B001BSBBGM 9305
B001BSBBGW 9306
B001BSBBIA 9307
B001BSBBIK 9308
B001BSBBJ4 9309
B001BSBBJO 9310
B001BSBBKI 9311
B001BSBBQC 9312
B001BTERXK 9313
B001BWQVW2 9314
B001BYLFDA 9315
B001BYLFFS 9316
B001C0NMU2 9317
B001C28ZDE 9318
B001C46P2K 9319
B001C47ZOW 9320
B001C4CI8A 9321
B001C4CI8U 9322
B001C4N5K0 9323
B001C4QLBA 9324
B001C4ZQ9I 9325
B001C4ZQCU 9326
B001C4ZQEI 9327
B001C71IGA 9328
B001C8W7EQ 9329
B001C9S0F0 9330
B001CBSSL4 9331
B001CC7PLM 9332
B001CC7PLW 9333
B001CC7POE 9334
B001CC7PVM 9335
B001CD6IQ4 9336
B001CDFY50 9337
B001CDFY5K 9338
B001CDFY64 9339
B001CDFY6Y 9340
B001CDL6RA 9341
B001CDLASA 9342
B001CDLAT4 9343
B001CDLATO 9344
B001CDLATY 9345
B001CEE1VC 9346
B001CFEBVQ 9347
B001CFEBW0 9348
B001CFEC2Y 9349
B001CHFM62 9350
B001CIOCJE 9351
B001CIOCNK 9352
B001CIOCO4 9353
B001CIOCOY 9354
B001CIOCP8 9355
B001CIOCPI 9356
B001CIOCRQ 9357
B001CK7ONS 9358
B001CO32HG 9359
B001CO423E 9360
B001CO42CA 9361
B001CO42CK 9362
B001CO42J8 9363
B001CO42LQ 9364
B001COL2X2 9365
B001CQ55F6 9366
B001CQONMC 9367
B001CQONNQ 9368
B001CQONOA 9369
B001CQONOK 9370
B001CQONQ8 9371
B001CQS7KG 9372
B001CQS7LU 9373
B001CR4966 9374
B001CRQ8K6 9375
B001CSWLQ0 9376
B001CT05LC 9377
B001CT8762 9378
B001CT876C 9379
B001CTA1UM 9380
B001CTDH58 9381
B001CTDH76 9382
B001CU7O3I 9383
B001CXYEVA 9384
B001CY5N1E 9385
B001CZJOZ4 9386
B001CZJOZY 9387
B001CZJP0S 9388
B001D0T4IU 9389
B001D11A2W 9390
B001D11A6I 9391
B001D261SY 9392
B001D262LA 9393
B001D265RQ 9394
B001D27GIS 9395
B001D2WU8Y 9396
B001D2WU9I 9397
B001D2WUAM 9398
B001D2WUCA 9399
B001D2WUDE 9400
B001D395NG 9401
B001D5C1F8 9402
B001D5C1FI 9403
B001D5C1PS 9404
B001D68NFO 9405
B001D7T44C 9406
B001D7T460 9407
B001D7T69K 9408
B001D7T6A4 9409
B001D7T6AO 9410
B001D7T6CM 9411
B001D7T6N6 9412
B001D8W7EA 9413
B001D8W7JA 9414
B001DB2HTC 9415
B001DB6J6Y 9416
B001DB6J7S 9417
B001DB6J82 9418
B001DDBD4K 9419
B001DDBD54 9420
B001DDBD5O 9421
B001DDBD5Y 9422
B001DELX08 9423
B001DF681G 9424
B001DHE9FQ 9425
B001DHXT48 9426
B001DHXT4I 9427
B001DHXT4S 9428
B001DHXT52 9429
B001DHXT5C 9430
B001DHXT5W 9431
B001DHXT66 9432
B001DHXT6Q 9433
B001DHXT7U 9434
B001DJ7PR8 9435
B001DJ7PTG 9436
B001DJ7PWI 9437
B001DJ7PXM 9438
B001DJ7Q04 9439
B001DJ7Q0E 9440
B001DJLCR2 9441
B001DJLD0S 9442
B001DJLD12 9443
B001DJLD1C 9444
B001DJLD1W 9445
B001DJLD26 9446
B001DJLD2G 9447
B001DMVZL2 9448
B001DMVZNK 9449
B001DN0UPI 9450
B001DN0UR6 9451
B001DN0US0 9452
B001DN0USU 9453
B001DOBH40 9454
B001DPHDBU 9455
B001DPHDC4 9456
B001DPHDCE 9457
B001DPHDJ2 9458
B001DQH91I 9459
B001DRF83S 9460
B001DRF842 9461
B001DSNEJM 9462
B001DSNEK6 9463
B001DSNEL0 9464
B001DSNELU 9465
B001DSNEM4 9466
B001DSNEME 9467
B001DTUTU8 9468
B001DW2BG0 9469
B001DWFEIW 9470
B001DWNUD8 9471
B001DWNUI8 9472
B001DWNUII 9473
B001DWNUIS 9474
B001DXBUCA 9475
B001DXS4DI 9476
B001DZOC46 9477
B001DZOC64 9478
B001DZOCKU 9479
B001DZOCVO 9480
B001DZOCZK 9481
B001DZOCZU 9482
B001E08TDA 9483
B001E0O8DA 9484
B001E1HCQY 9485
B001E2PQGG 9486
B001E530JI 9487
B001E549KC 9488
B001E6DLK0 9489
B001E6FMMU 9490
B001E6HUWK 9491
B001E6HUXO 9492
B001E6JC1W 9493
B001E6JC26 9494
B001E6JC30 9495
B001E75QHU 9496
B001E93EEK 9497
B001E95ZI8 9498
B001E95ZNS 9499
B001EAWMGA 9500
B001EBI3GW 9501
B001EBO90G 9502
B001EC7VBE 9503
B001ECDVGS 9504
B001ECP576 9505
B001ECPV8Y 9506
B001ED3JEQ 9507
B001ED8QRQ 9508
B001EHDMW6 9509
B001EHDSOS 9510
B001EHDSR0 9511
B001EI5CIM 9512
B001EKP5DC 9513
B001EKP5FK 9514
B001EL6EBS 9515
B001EL6ECM 9516
B001EM1E94 9517
B001EN5I3Q 9518
B001EOQCL2 9519
B001EOQV9K 9520
B001ER4CNO 9521
B001EUSYHQ 9522
B001EUSYIA 9523
B001EWDXT8 9524
B001EWVANE 9525
B001EXE2Y2 9526
B001F0TM3K 9527
B001F0TM62 9528
B001F0TT60 9529
B001F114J4 9530
B001F12ISU 9531
B001F12IT4 9532
B001F12J02 9533
B001F2HZHI 9534
B001F2U6X8 9535
B001F2U6XS 9536
B001F2U6YC 9537
B001F2U6ZG 9538
B001F2U700 9539
B001F2U71Y 9540
B001F2U728 9541
B001F34HRS 9542
B001F5SBWI 9543
B001F76PD8 9544
B001F7AQDS 9545
B001F7Q4IE 9546
B001F7Q4J8 9547
B001F7Q4JS 9548
B001F7XHYI 9549
B001F9FHAS 9550
B001FACH8M 9551
B001FB4VXU 9552
B001FB4VYO 9553
B001FB4VZI 9554
B001FB4VZS 9555
B001FB4W0M 9556
B001FB4W0W 9557
B001FB55H6 9558
B001FB55I0 9559
B001FB55JO 9560
B001FB55KI 9561
B001FB55LC 9562
B001FB55LW 9563
B001FB55M6 9564
B001FB55N0 9565
B001FB55NK 9566
B001FB55OE 9567
B001FB55XA 9568
B001FB55YE 9569
B001FB5634 9570
B001FBJUXG 9571
B001FBPSW8 9572
B001FBV4T4 9573
B001FBV55W 9574
B001FCD252 9575
B001FDEJF8 9576
B001FFBI9G 9577
B001FJ5D52 9578
B001FOPOD8 9579
B001FOPQN6 9580
B001FQRIRG 9581
B001FRNB62 9582
B001FSKE84 9583
B001FSKE8E 9584
B001FT4LTQ 9585
B001FT4PEW 9586
B001FT4PK6 9587
B001FZQOOU 9588
B001G0MFCE 9589
B001G0MFD8 9590
B001G0MFE2 9591
B001G0MFFG 9592
B001G0MFIS 9593
B001G0MFKQ 9594
B001G0MFL0 9595
B001G0MFLA 9596
B001G0MFLU 9597
B001G0MFM4 9598
B001G0MFME 9599
B001G0MFP6 9600
B001G0MFPG 9601
B001G0MFQ0 9602
B001G0MFQA 9603
B001G0MFQK 9604
B001G0MFQU 9605
B001G0N22G 9606
B001G1FL42 9607
B001G2S3Y6 9608
B001G3ENM6 9609
B001G5KEL8 9610
B001G5RSRG 9611
B001G619C0 9612
B001G6E7QK 9613
B001G6UPFM 9614
B001G6UPGG 9615
B001G7FTB6 9616
B001G7ICZ6 9617
B001G7PSZI 9618
B001G7Q15O 9619
B001G7Q186 9620
B001G7SS8C 9621
B001G9CNI6 9622
B001GCUBS2 9623
B001GCUER0 9624
B001GCUNWQ 9625
B001GCUNYO 9626
B001GCUNZI 9627
B001GCUO0W 9628
B001GCUO16 9629
B001GCUO4S 9630
B001GCUO5M 9631
B001GCUO6Q 9632
B001GCUO7K 9633
B001GD6VT4 9634
B001GE9R6M 9635
B001GF8WRG 9636
B001GJ4U96 9637
B001GKJ2DY 9638
B001GLLLFK 9639
B001GLLMW2 9640
B001GLLMWC 9641
B001GLX6US 9642
B001GLX71Q 9643
B001GLX74I 9644
B001GM6C44 9645
B001GMAVGE 9646
B001GMH8UQ 9647
B001GMH8WO 9648
B001GMH8WY 9649
B001GMS5O4 9650
B001GNG2WU 9651
B001GP5TL8 9652
B001GP5TLI 9653
B001GP5TLS 9654
B001GP5TMW 9655
B001GPCQKK 9656
B001GQ3ED2 9657
B001GR2ZCM 9658
B001GS7AZS 9659
B001GT9DQG 9660
B001GTOABY 9661
B001GTS9H0 9662
B001GTXZOM 9663
B001GU04Y0 9664
B001GUL6BK 9665
B001GUYAZY 9666
B001GXQSWE 9667
B001GXR7A6 9668
B001H0NXZG 9669
B001H1I8KK 9670
B001H2ZHJ4 9671
B001H5X6S0 9672
B001H5X6SK 9673
B001H5X7JS 9674
B001H606S2 9675
B001H9JBW6 9676
B001H9MYPW 9677
B001H9N870 9678
B001HADFUY 9679
B001HAO8NM 9680
B001HB1JYC 9681
B001HB1K0A 9682
B001HB1K32 9683
B001HC7XCS 9684
B001HEJYY6 9685
B001HN68ZU 9686
B001HN6918 9687
B001HN6922 9688
B001HN6940 9689
B001HN697M 9690
B001HN699A 9691
B001HN699K 9692
B001HN69AE 9693
B001HN69B8 9694
B001HN69CC 9695
B001HQZJWK 9696
B001HRJG5A 9697
B001HRS8HW 9698
B001HSNTGQ 9699
B001HSSHZ4 9700
B001HUHBAY 9701
B001HUHBB8 9702
B001HUHBBS 9703
B001HUHBC2 9704
B001HUHBD6 9705
B001HVZO7A 9706
B001HVZO7K 9707
B001HVZOA2 9708
B001HZ30O0 9709
B001HZ4K76 9710
B001HZ4K80 9711
B001HZXYDC 9712
B001IBCS3C 9713
B001IF3LYS 9714
B001IHJ97O 9715
B001IJO5BW 9716
B001ILFUB4 9717
B001ILHY2C 9718
B001IUOA2U 9719
B001IXXYCE 9720
B001IYPO4O 9721
B001J4E19C 9722
B001J4E1D8 9723
B001J66JQ8 9724
B001J710YS 9725
B001JA8UEI 9726
B001JA8UES 9727
B001JAHPFI 9728
B001JAHPJ4 9729
B001JAHPR6 9730
B001JAHPRQ 9731
B001JAHPX0 9732
B001JAHPXK 9733
B001JAHQ0C 9734
B001JAHQ0M 9735
B001JAHQ0W 9736
B001JAHQ16 9737
B001JAHQ1Q 9738
B001JAHQ3E 9739
B001JAHQ52 9740
B001JAHQGG 9741
B001JAHQH0 9742
B001JAHQOS 9743
B001JAHQW0 9744
B001JAHR4C 9745
B001JAHREW 9746
B001JAHRF6 9747
B001JAHRGK 9748
B001JAHRGU 9749
B001JAHS50 9750
B001JAHSHI 9751
B001JAHSKU 9752
B001JAHSMS 9753
B001JAHSN2 9754
B001JFKWE4 9755
B001JFZ1UE 9756
B001JH7F42 9757
B001JL96LI 9758
B001JNNDC4 9759
B001JNNDRY 9760
B001JOXWD8 9761
B001JQ31LO 9762
B001JRYH1Q 9763
B001JTRKHW 9764
B001JV5BC6 9765
B001JV5BHQ 9766
B001JXPBRE 9767
B001JXPBS8 9768
B001JXPC28 9769
B001JXPC4Q 9770
B001JXPC6O 9771
B001JXPCQ4 9772
B001K2AOQM 9773
B001K2KM8C 9774
B001K2LFNI 9775
B001K98M4Q 9776
B001K98M78 9777
B001KEGR7U 9778
B001KEGRCA 9779
B001KEGTX2 9780
B001KEHAEE 9781
B001KEHAEO 9782
B001KEHAG2 9783
B001KEHAGC 9784
B001KEHAGW 9785
B001KKU9AU 9786
B001KKU9EG 9787
B001KKU9FA 9788
B001KO1BCQ 9789
B001KP2J26 9790
B001KP2J2G 9791
B001KP2J2Q 9792
B001KP2YDK 9793
B001KQNZXM 9794
B001KRCDRU 9795
B001KRCDS4 9796
B001KRCDSY 9797
B001KRCDT8 9798
B001KVZ6AM 9799
B001KVZ6ES 9800
B001KVZ6HK 9801
B001KWB0L0 9802
B001KWHO9W 9803
B001KXZGNW 9804
B001KXZGOG 9805
B001KZH2I2 9806
B001KZIRKY 9807
B001KZOUU0 9808
B001KZVQJS 9809
B001L0KHA6 9810
B001L1IDJ2 9811
B001L1RDVQ 9812
B001L1S1PI 9813
B001L1S1SK 9814
B001L1S1W6 9815
B001L1S1WQ 9816
B001L2ZSFI 9817
B001L2ZSG2 9818
B001L2ZSKS 9819
B001L57ZZG 9820
B001L67A46 9821
B001L7XND2 9822
B001L8YQ64 9823
B001L9EXNO 9824
B001L9EXSY 9825
B001L9EXUC 9826
B001LF347E 9827
B001LGFAJS 9828
B001LIK8EI 9829
B001LK8TEM 9830
B001LK8UP0 9831
B001LLH8S4 9832
B001LLH8SE 9833
B001LM64TM 9834
B001LM64U6 9835
B001LM64UG 9836
B001LM64VA 9837
B001LM64VK 9838
B001LM64W4 9839
B001LM6VTU 9840
B001LM6VV8 9841
B001LMAK5Q 9842
B001LMAKAQ 9843
B001LMU1BO 9844
B001LMU1KU 9845
B001LN6NRE 9846
B001LOR3TU 9847
B001LPWGBY 9848
B001LPWGFA 9849
B001LRL4Y2 9850
B001LRTT30 9851
B001LRTT3A 9852
B001LRTT9E 9853
B001LXDGQK 9854
B001M45O8G 9855
B001M4YZ86 9856
B001M564BQ 9857
B001M5UDGS 9858
B001M6SH88 9859
B001M6SHA6 9860
B001M6SHD8 9861
B001M9ELQ2 9862
B001M9ELQC 9863
B001MAA6WO 9864
B001MDI9I4 9865
B001MEJYAK 9866
B001MEJYBE 9867
B001MEJYDW 9868
B001MFNB4O 9869
B001MFNB7G 9870
B001MFNB94 9871
B001MLZNKS 9872
B001MLZNLW 9873
B001MM3AZM 9874
B001MM3B1A 9875
B001MSC61A 9876
B001MT7ZEW 9877
B001MT7ZI8 9878
B001MT7ZIS 9879
B001MTYRKC 9880
B001MVWLYY 9881
B001MVWMD4 9882
B001MVWRMK 9883
B001MVWRNO 9884
B001MVYUP2 9885
B001MVYUQG 9886
B001MVYUSO 9887
B001MWGZ6S 9888
B001MWUWS0 9889
B001MWUWUI 9890
B001MYIQKO 9891
B001MYIXAW 9892
B001MYIXBQ 9893
B001MZVZGA 9894
B001N26GFC 9895
B001N26GFM 9896
B001N26GSE 9897
B001N26GTI 9898
B001N26HFG 9899
B001N2MWGO 9900
B001N2WISQ 9901
B001N4K6LU 9902
B001N4K6M4 9903
B001N5BDX4 9904
B001N6FPQY 9905
B001N6FPRI 9906
B001NCDFUG 9907
B001NFNFH6 9908
B001NFNFIK 9909
B001NFNFM6 9910
B001NFNFN0 9911
B001NG6A0Y 9912
B001NGNLEW 9913
B001NGPLCM 9914
B001NH4CEY 9915
B001NJ19KW 9916
B001NP8PQM 9917
B001NPD9JA 9918
B001NPD9PE 9919
B001NPD9Q8 9920
B001NPD9R2 9921
B001NPD9RM 9922
B001NPDO90 9923
B001NPK5BU 9924
B001NPK5C4 9925
B001NRY6R2 9926
B001NVV7G6 9927
B001NXDHOO 9928
B001NXDIMK 9929
B001NY4X0U 9930
B001NY4X3W 9931
B001NY6YTI 9932
B001NZ2OPU 9933
B001O0QFRM 9934
B001O0TWY0 9935
B001O0Z82U 9936
B001O2UTRW 9937
B001O2UTTK 9938
B001O3M36Q 9939
B001O3M370 9940
B001O4AHJK 9941
B001O4C6M6 9942
B001O4C6MQ 9943
B001O4C6NA 9944
B001O4DOQI 9945
B001O4KBMI 9946
B001O4KBN2 9947
B001O4KBNC 9948
B001O4KBNM 9949
B001O4KBO6 9950
B001O4KBP0 9951
B001O5LVV2 9952
B001O5LVVM 9953
B001O7R75O 9954
B001OBBR38 9955
B001OC6RZA 9956
B001OD4S3C 9957
B001OD8E4G 9958
B001OFM2TC 9959
B001OI36RQ 9960
B001OLP2T8 9961
B001OMU6UM 9962
B001OMZYHM 9963
B001OPQ1EO 9964
B001OPQIGK 9965
B001OPUU0U 9966
B001OQCUYS 9967
B001OQCUZM 9968
B001OQCV1K 9969
B001OQCV2E 9970
B001OQCV5G 9971
B001OQCVFQ 9972
B001OQCVH4 9973
B001OQCVI8 9974
B001OSC4G0 9975
B001OTZNYY 9976
B001OXLGIM 9977
B001OXLGK0 9978
B001OXLGKA 9979
B001OY45TS 9980
B001P3SA9O 9981
B001P3SA9Y 9982
B001P42YCW 9983
B001P5I5ME 9984
B001P7YD7I 9985
B001P8M9FK 9986
B001P8OG3M 9987
B001P9G3F6 9988
B001P9KR94 9989
B001P9N94E 9990
B001P9N99O 9991
B001P9N9AS 9992
B001P9N9B2 9993
B001P9N9BW 9994
B001PCNZEU 9995
B001PCNZHM 9996
B001PK47GC 9997
B001PK47GW 9998
B001PKHS6S 9999
B001PKHS86 10000
B001PKHS90 10001
B001PKZB8U 10002
B001PMR2KS 10003
B001PMRK0K 10004
B001PO53IO 10005
B001PO54OM 10006
B001PO54V0 10007
B001PO550A 10008
B001PO556E 10009
B001PO55AA 10010
B001PO5N6G 10011
B001PO6BYE 10012
B001PPGAIK 10013
B001PPLJOU 10014
B001PQZYQI 10015
B001PR0XZO 10016
B001PR0Y4O 10017
B001PR0Y7Q 10018
B001PR0Y8K 10019
B001PR0YEE 10020
B001PR0YGC 10021
B001PR1ZNS 10022
B001PU8N0S 10023
B001PU8O4I 10024
B001PUTN3Y 10025
B001PWY4U4 10026
B001Q59U04 10027
B001Q94TRO 10028
B001QB5SS6 10029
B001QE99BA 10030
B001QIRT4K 10031
B001QIVEVE 10032
B001QIVEVO 10033
B001QMCJ0U 10034
B001QMCJ14 10035
B001QMCJ1E 10036
B001QOGXUA 10037
B001QOGY4U 10038
B001QOGY6I 10039
B001QOGYAO 10040
B001QOGYBI 10041
B001QOGYFY 10042
B001QU880M 10043
B001QU880W 10044
B001QU9RR0 10045
B001QU9RRK 10046
B001QU9RSE 10047
B001QU9RSY 10048
B001QUF7DS 10049
B001QYOSEI 10050
B001R10BD2 10051
B001R10BJG 10052
B001R1HEMI 10053
B001R3YRIA 10054
B001R3YRIU 10055
B001R60ESE 10056
B001R67UEA 10057
B001R88C72 10058
B001R8B5TO 10059
B001RE9HDY 10060
B001REZM74 10061
B001RHGRPW 10062
B001RHGRTS 10063
B001RIZE3M 10064
B001RM92FE 10065
B001RP974C 10066
B001RP976A 10067
B001RPO3FU 10068
B001RPZE26 10069
B001RTCP1U 10070
B001RTKKMQ 10071
B001RTKKN0 10072
B001RTKKNA 10073
B001RTKKRQ 10074
B001RTP3Z0 10075
B001RTSPVY 10076
B001RUEDKA 10077
B001RVPOPW 10078
B001RXB4GS 10079
B001RXB4H2 10080
B001RXDM1I 10081
B001RXDM2M 10082
B001RXDM36 10083
B001RXDM3G 10084
B001RYA26A 10085
B001S3GDT0 10086
B001S86IYK 10087
B001S86IZE 10088
B001SF8FLW 10089
B001SLNPSO 10090
B001SLNPTI 10091
B001SMC9L2 10092
B001SO6KNS 10093
B001SPVWL2 10094
B001STTRTC 10095
B001SXZ7T2 10096
B001SXZ7TC 10097
B001SXZ7TM 10098
B001T21R50 10099
B001T21R5U 10100
B001T7O25M 10101
B001TE6PGO 10102
B001TE6PGY 10103
B001TGU6IK 10104
B001TH16D8 10105
B001TH92N4 10106
B001TIQT70 10107
B001TK80FC 10108
B001TKJDIU 10109
B001TKJDNA 10110
B001TKK3KC 10111
B001TKNWUU 10112
B001TKNWV4 10113
B001TKNWVE 10114
B001TKNWVO 10115
B001TOD6N4 10116
B001TOPYY8 10117
B001TRDQIQ 10118
B001TUZD9S 10119
B001TUZGPO 10120
B001TWT0CW 10121
B001U06NBE 10122
B001U0HB5Q 10123
B001U0HBQK 10124
B001U1RM40 10125
B001U3D88M 10126
B001U3EONK 10127
B001U3N3QY 10128
B001U3ZYX4 10129
B001U7IJVO 10130
B001UDS4BS 10131
B001UDS4CC 10132
B001UELBZ8 10133
B001UGJUSG 10134
B001UHO18Y 10135
B001UHOWX8 10136
B001UHOWYM 10137
B001UIY73C 10138
B001UJE98E 10139
B001UJE98Y 10140
B001UJUGZO 10141
B001ULCY48 10142
B001UN1KUU 10143
B001URA5YI 10144
B001UREJXQ 10145
B001US3XPK 10146
B001US3XQY 10147
B001US3XUK 10148
B001UV4X4W 10149
B001UV4X8S 10150
B001UV4XBK 10151
B001UV4XEM 10152
B001UV4XFQ 10153
B001UV4XHE 10154
B001UV4XI8 10155
B001UV4XIS 10156
B001UV4XS8 10157
B001UV4XUQ 10158
B001UV4XW4 10159
B001UV4XWY 10160
B001UV4XY2 10161
B001UW599E 10162
B001UW59JO 10163
B001UWOLQG 10164
B001UXJGII 10165
B001V7P2W2 10166
B001V7UX4E 10167
B001V7UX4O 10168
B001V7YZAM 10169
B001V7YZD4 10170
B001V7YZES 10171
B001V9K8JC 10172
B001VB8U9K 10173
B001VB8UGS 10174
B001VC99DK 10175
B001VEF7ZM 10176
B001VEJK6Y 10177
B001VFM0TW 10178
B001VG2ME4 10179
B001VLFE76 10180
B001VPJYZ0 10181
B001VPJYZA 10182
B001VPJYZK 10183
B001VPJYZU 10184
B001VPJZ0E 10185
B001W63DX2 10186
B001W72OL8 10187
B001W79MBI 10188
B001W8FS92 10189
B001W8JY7Y 10190
B001W9EUCW 10191
B001WAKFP2 10192
B001WAKOW6 10193
B001WAKOX0 10194
B001WLMOG4 10195
B001WLMOLE 10196
B001XRLWLU 10197
B001XRLWPQ 10198
B001XURJCS 10199
B001XW7ICC 10200
B001XW7ICW 10201
B001XW7ID6 10202
B001Y44EBW 10203
B001Y7CVZU 10204
B001YMDCE4 10205
B001YTTWP0 10206
B001YXXQYE 10207
B001YY6UR8 10208
B001YYQ9S8 10209
B001ZC2WK8 10210
B001ZXRGKS 10211
B0020TS5EM 10212
B0021AENJG 10213
B0021FP3PO 10214
B0021GYDAE 10215
B0021L8UG2 10216
B0021L8UHQ 10217
B0021L8UMQ 10218
B0021L8UO4 10219
B0021L8UOY 10220
B0021L8UPS 10221
B0021L8UT4 10222
B0021L8UWQ 10223
B0021L8UXK 10224
B0021L8UZ8 10225
B0021L8UZS 10226
B0021L8V0W 10227
B0021L8V1Q 10228
B0021L8V2K 10229
B0021L8V34 10230
B0021L8V3Y 10231
B0021NXN7G 10232
B0021SGOF4 10233
B0022S7DH6 10234
B0023TZ3QC 10235
B0023UZBBI 10236
B00242KD1S 10237
B002436WG2 10238
B0024396EM 10239
B0024396EW 10240
B00243HD2Y 10241
B00246QGHE 10242
B0024F08TW 10243
B0024FABCG 10244
B0024FADA6 10245
B0024FADAG 10246
B0024FADBA 10247
B0024FAG1M 10248
B0024FAG3A 10249
B0024FAG3U 10250
B0024FAG7Q 10251
B0024FAG80 10252
B0024FAG8A 10253
B0024FAR4S 10254
B0024FAR52 10255
B0024LIBDQ 10256
B0024NSFYO 10257
B0024NSFZI 10258
B0024OW1QQ 10259
B0025FY928 10260
B0025KVKDE 10261
B0025KVKDO 10262
B0025KVNOU 10263
B0025KVTLW 10264
B0025MEREQ 10265
B0025VKX04 10266
B0025VKXG8 10267
B0025VLEMK 10268
B0025X4PAQ 10269
B0025X4PBA 10270
B0025X4PPG 10271
B0025Y3SZS 10272
B0025Z4Q3U 10273
B00260HH1M 10274
B00260HH44 10275
B00264GB74 10276
B00264H48O 10277
B00265T7NI 10278
B00265T7O2 10279
B00266PDZ8 10280
B00266PDZI 10281
B00266PDZS 10282
B00267B3TC 10283
B00267N3E0 10284
B00269OW66 10285
B0026BTRUK 10286
B0026I0NEC 10287
B0026IQTOK 10288
B0026IQTR2 10289
B0026JI1RC 10290
B0026KJP6W 10291
B0026KJP76 10292
B0026LYMHI 10293
B0026MS4V2 10294
B0026OE2O8 10295
B0026RLMAW 10296
B0026RLMC0 10297
B0026RX2VE 10298
B0026S2TU8 10299
B0026ZQBK0 10300
B0026ZQIVW 10301
B0026ZQJP2 10302
B0026ZQJT8 10303
B00274SIVA 10304
B00274SIVK 10305
B00275EGX8 10306
B00275EGY2 10307
B00275EHC8 10308
B00275EHDM 10309
B00275EHFU 10310
B00275EHI2 10311
B00275EHJG 10312
B00277Q2UQ 10313
B00278FS8M 10314
B00279MJHE 10315
B0027AN26U 10316
B0027BOL4G 10317
B0027BOL4Q 10318
B0027CHPDO 10319
B0027CSMWM 10320
B0027CSMYA 10321
B0027CT65E 10322
B0027DZ22E 10323
B0027FG29Y 10324
B0027ISJ1K 10325
B0027P94CQ 10326
B0027P9AFC 10327
B0027UY88G 10328
B0027VST2Q 10329
B0027VSTJO 10330
B0027WNRV8 10331
B00280LZAE 10332
B00280QNK6 10333
B00280QNKG 10334
B00284G2A8 10335
B00284G2B2 10336
B00285WR9M 10337
B00287Z1CK 10338
B0028AENSK 10339
B0028EQMPS 10340
B0028EQMQW 10341
B0028ERBSA 10342
B0028LOT7O 10343
B0028RABR0 10344
B0028RABS4 10345
B0028RABYI 10346
B0028RY4LE 10347
B0028S1100 10348
B0028S110A 10349
B0028S110K 10350
B0028SVY20 10351
B0028SVY3E 10352
B0028SVY3Y 10353
B0028X36EE 10354
B0028Y4SPO 10355
B0028ZDJN0 10356
B00290X6NW 10357
B002945DU2 10358
B0029BQFY8 10359
B0029CLIZS 10360
B0029E3RKA 10361
B0029EW7BA 10362
B0029F21JC 10363
B0029F2M2S 10364
B0029LI69A 10365
B0029O0ANW 10366
B0029R81BM 10367
B0029U0ZZY 10368
B0029W2V9U 10369
B0029WGIDK 10370
B0029WLJHK 10371
B0029XFN80 10372
B0029XFN9O 10373
B0029XHT5A 10374
B0029Y5RA8 10375
B0029Z8K60 10376
B0029ZUQB2 10377
B002A0KV6G 10378
B002A5EBLW 10379
B002A5HF6K 10380
B002A6JWP6 10381
B002ACKBTQ 10382
B002ACKBU0 10383
B002ACKBUA 10384
B002AK9UOU 10385
B002AK9UPO 10386
B002AK9UUO 10387
B002AL2TQK 10388
B002AL2TYC 10389
B002AL2TYM 10390
B002AL2TYW 10391
B002AMUDJY 10392
B002AMUDK8 10393
B002AMVEDI 10394
B002AMVEEM 10395
B002AMVEF6 10396
B002AMVEHY 10397
B002AMVEIS 10398
B002AMVEK6 10399
B002AMW108 10400
B002APNJC4 10401
B002APNJCO 10402
B002AS45VK 10403
B002AS461Y 10404
B002ASABF4 10405
B002AT4KA0 10406
B002AXQNT2 10407
B002B5AWDM 10408
B002BDV5OE 10409
B002BE7JHK 10410
B002BEXDXY 10411
B002BEXF7I 10412
B002BFBAWO 10413
B002BFBAYW 10414
B002BIULNK 10415
B002BIULO4 10416
B002BIULQC 10417
B002BVYBJW 10418
B002BWD73W 10419
B002BWD764 10420
B002BWP2BW 10421
B002BWP2EY 10422
B002BWP2IK 10423
B002BWP2JO 10424
B002BWP3UC 10425
B002BWP3WA 10426
B002BWP49C 10427
B002BWP4A6 10428
B002BWP4C4 10429
B002BWQ4C8 10430
B002BXGIPA 10431
B002BYYA9A 10432
B002BZLBDW 10433
B002BZTNIC 10434
B002C01A28 10435
B002C07AU4 10436
B002C1GMYI 10437
B002C2KB12 10438
B002C39SQU 10439
B002C39T28 10440
B002C39T3W 10441
B002C3GTLC 10442
B002C4JUWG 10443
B002C4N66M 10444
B002C4ORME 10445
B002C68WNC 10446
B002C6VMIY 10447
B002C6VMKC 10448
B002C7ELOA 10449
B002C7ELU4 10450
B002C7ELWC 10451
B002C8YSBK 10452
B002C8YSBU 10453
B002CAWNDS 10454
B002CGT0TW 10455
B002CJI4WS 10456
B002CLKOXS 10457
B002CLKP00 10458
B002CLKV68 10459
B002CMGO5O 10460
B002CWKU18 10461
B002CYIR34 10462
B002D1XK74 10463
B002D1XKB0 10464
B002D755BW 10465
B002DDIQX0 10466
B002DDQVP0 10467
B002DH20PQ 10468
B002DH20YM 10469
B002DHACSS 10470
B002DKGWSE 10471
B002DKZR4Y 10472
B002DLB15W 10473
B002DLB184 10474
B002DLB1H0 10475
B002DLB1IO 10476
B002DMJM7K 10477
B002DNLT1Q 10478
B002DOBGWW 10479
B002DP0J24 10480
B002DQJ4A6 10481
B002DQSKMY 10482
B002DU39IK 10483
B002DU39IU 10484
B002DU39JE 10485
B002DUJ9NE 10486
B002DUJ9Q6 10487
B002DY9KQ6 10488
B002DY9KQG 10489
B002DY9KRA 10490
B002DY9KRK 10491
B002DYJTVW 10492
B002DYKBZA 10493
B002DYKPF6 10494
B002DYKPFQ 10495
B002DYKPGK 10496
B002DYKPGU 10497
B002E01LQ6 10498
B002E2M5IC 10499
B002E9HML0 10500
B002EAKWCU 10501
B002EAYDSE 10502
B002EAYE4W 10503
B002EBRF7O 10504
B002EEOE34 10505
B002EIJ98K 10506
B002EJBZHM 10507
B002EL4MJ8 10508
B002EL4RLQ 10509
B002EOVX9W 10510
B002EOVXA6 10511
B002EOVXB0 10512
B002EOVXEW 10513
B002EP8FDI 10514
B002EP8FF6 10515
B002EP8TU2 10516
B002EWD0D6 10517
B002EWD0DG 10518
B002F6MPY6 10519
B002F80SWA 10520
B002FA5NNW 10521
B002FG9N4Q 10522
B002FG9N64 10523
B002FICQFM 10524
B002FLOTPO 10525
B002FLZM8M 10526
B002FOFX6U 10527
B002FOQXRS 10528
B002FP13XQ 10529
B002FUIIZW 10530
B002FVPFU2 10531
B002G1WPI6 10532
B002G3DTSE 10533
B002GLG5OQ 10534
B002GNOLXQ 10535
B002GSXKNS 10536
B002GSXKO2 10537
B002GSXKOW 10538
B002GSXKP6 10539
B002GSXKPG 10540
B002H99KVC 10541
B002HEXVUI 10542
B002HQZX2U 10543
B002HRF68A 10544
B002HWRZTI 10545
B002HWUU3G 10546
B002I41KLE 10547
B002I61FJY 10548
B002I9Z8AS 10549
B002IDVUJM 10550
B002IFUCYE 10551
B002IFUCZS 10552
B002IO5KNS 10553
B002IT5GDC 10554
B002ITB3PM 10555
B002ITSAI0 10556
B002IVDLGY 10557
B002JCSWVG 10558
B002JHDBUS 10559
B002JT6A7M 10560
B002JVWR4A 10561
B002JYPVR2 10562
B002K0WBX2 10563
B002K52G8W 10564
B002KISB56 10565
B002KLAL88 10566
B002KPINY8 10567
B002KPUMZ6 10568
B002KQ6UE2 10569
B002KSA4F6 10570
B002KVSJ6O 10571
B002L9N4N8 10572
B002LCOHPE 10573
B002LFPAUM 10574
B002LFPBJW 10575
B002LFPBOM 10576
B002LFQIL2 10577
B002LHGI1K 10578
B002LHMD50 10579
B002LITRJ4 10580
B002LYD2L2 10581
B002M0HOV4 10582
B002M2T1UO 10583
B002M36R50 10584
B002M3JJE6 10585
B002M3JJEG 10586
B002M9FSDG 10587
B002MQM4FO 10588
B002MRRRAA 10589
B002MUAXIA 10590
B002MUAXJY 10591
B002MXG570 10592
B002MZZMRM 10593
B002MZZU1K 10594
B002N57KGM 10595
B002N5N4FS 10596
B002N5N4K8 10597
B002N5N4NU 10598
B002N5N5LG 10599
B002N5N5M0 10600
B002N5N5OI 10601
B002N7HXJ4 10602
B002NALPLS 10603
B002NM6DH2 10604
B002NN7F2I 10605
B002NO4ISG 10606
B002NPY7GS 10607
B002NS5HOQ 10608
B002NTDX9G 10609
B002NTDXS2 10610
B002NWRMO0 10611
B002NXSRNY 10612
B002NXSRWK 10613
B002O3Z4WU 10614
B002OCX630 10615
B002OCX6YO 10616
B002OEBRJ8 10617
B002OID512 10618
B002OKK2AW 10619
B002OMIKHC 10620
B002OOWKRQ 10621
B002OOWKXA 10622
B002OOWKYE 10623
B002OOWKZI 10624
B002OOWL3E 10625
B002OOWL98 10626
B002OOWLJI 10627
B002OOWLPM 10628
B002OVO18A 10629
B002P7UCJ0 10630
B002PCVLWW 10631
B002PLMJ74 10632
B002PLPQME 10633
B002PQ1PC4 10634
B002PQ7JQU 10635
B002PTTL22 10636
B002Q8GKLM 10637
B002QEHPQA 10638
B002QH4R54 10639
B002QVTBEM 10640
B002QW7AJY 10641
B002QW7AKI 10642
B002QW7ALW 10643
B002QZ2DPW 10644
B002QZDSW4 10645
B002R0EIVI 10646
B002R0ELCY 10647
B002R0LRK8 10648
B002R8JG5I 10649
B002R8Q1RE 10650
B002RBNNTA 10651
B002RBZ13Q 10652
B002RD55KI 10653
B002RD55M6 10654
B002RD55NK 10655
B002RD55PS 10656
B002RJ8YDM 10657
B002RS7ND0 10658
B002RSDW80 10659
B002RUNMMO 10660
B002RVZV9U 10661
B002S0OB8W 10662
B002S3CTL0 10663
B002S4DOA4 10664
B002SAJ6E6 10665
B002SAJ6EQ 10666
B002SAMME2 10667
B002SAMMLU 10668
B002SAMMQA 10669
B002SAMMQK 10670
B002SCQKGQ 10671
B002SJIO5O 10672
B002SQFZ68 10673
B002SVP9GO 10674
B002SYAGN2 10675
B002SZQC7K 10676
B002T4GXUQ 10677
B002T5QM42 10678
B002T5QM92 10679
B002T921C0 10680
B002T9H2MY 10681
B002TCRQ6S 10682
B002TJQLU8 10683
B002TOJOY8 10684
B002TOL4EG 10685
B002TQKL16 10686
B002TQKL1Q 10687
B002TQKL48 10688
B002TQKL4S 10689
B002TQKL7A 10690
B002TSAAAG 10691
B002TVQ48K 10692
B002TY78PU 10693
B002TZS58S 10694
B002TZS5MY 10695
B002U1LGUK 10696
B002U4F5W2 10697
B002U4UZQI 10698
B002U4UZSQ 10699
B002U573W6 10700
B002U6CJCO 10701
B002U6DVPI 10702
B002UJIY8O 10703
B002UNHFWG 10704
B002UNMW7O 10705
B002UOMGX8 10706
B002UPA4ZY 10707
B002UPQ1SI 10708
B002USF1TU 10709
B002USF1VS 10710
B002UZCJ8Y 10711
B002VBWIC4 10712
B002VECLVY 10713
B002VECLXM 10714
B002VECMB8 10715
B002VJ05EO 10716
B002VKB0LU 10717
B002VKB0MO 10718
B002VKB0NI 10719
B002VKE17U 10720
B002VKE1K2 10721
B002VL5BWS 10722
B002VPTJNQ 10723
B002VPTJOK 10724
B002VWOMZ4 10725
B002VWWLDY 10726
B002W1HBGG 10727
B002W1UIVQ 10728
B002WBYDR6 10729
B002WC89WK 10730
B002WIDRL2 10731
B002WIDRLC 10732
B002WJHBEU 10733
B002WN8IS4 10734
B002WNU0OY 10735
B002WNU0QM 10736
B002WNU0QW 10737
B002WNUVJS 10738
B002WY65VA 10739
B002XAFMTE 10740
B002XKKX7K 10741
B002XTBE60 10742
B002XTBE6U 10743
B002XTBECY 10744
B002XTBEDI 10745
B002XUL6MG 10746
B002Y0KR70 10747
B002Y5FKRW 10748
B002Y5UCOS 10749
B002YBUX0K 10750
B002YGSZBY 10751
B002YKFLBM 10752
B002YMWQ2M 10753
B002YVHOKW 10754
B002Z7FN7Q 10755
B002Z9HBLA 10756
B002ZCY7QY 10757
B002ZCY7SW 10758
B002ZCY80O 10759
B002ZCY81S 10760
B002ZCY82W 10761
B002ZCY85E 10762
B002ZCY868 10763
B002ZCY872 10764
B002ZCY8CW 10765
B002ZFEQ4E 10766
B002ZFEQ76 10767
B002ZG4QDE 10768
B002ZG9724 10769
B002ZG975Q 10770
B002ZG9774 10771
B002ZG9788 10772
B002ZG97EC 10773
B002ZG97M4 10774
B002ZG97RY 10775
B002ZG97WO 10776
B002ZG97XI 10777
B002ZG97Z6 10778
B002ZG9846 10779
B002ZG986E 10780
B002ZG988W 10781
B002ZG98DM 10782
B002ZG98L4 10783
B002ZG98LO 10784
B002ZG98OQ 10785
B002ZG9904 10786
B002ZG996I 10787
B002ZG9990 10788
B002ZG99HC 10789
B002ZG99MC 10790
B002ZG99UY 10791
B002ZGW92Y 10792
B002ZGW94M 10793
B002ZPIBRC 10794
B002ZTLVXY 10795
B002ZTLVYI 10796
B002ZTNJ2A 10797
B00308BAXK 10798
B0030BOCE6 10799
B0030BYWU0 10800
B0030CIG74 10801
B0030CRK4E 10802
B0030DGHL0 10803
B0030FXXMO 10804
B0030GCZM2 10805
B0030U1TFW 10806
B0030VANJO 10807
B0030VBGJ0 10808
B0030VBGJU 10809
B0030Y0I1Y 10810
B0030Y12A0 10811
B0030Y12BE 10812
B0030ZOYG8 10813
B00315I6DE 10814
B00317LM7Y 10815
B0031DDG9A 10816
B0031L5CJO 10817
B0031P6X84 10818
B0031RAOVY 10819
B0031XLT3U 10820
B0031Y8018 10821
B00329PYGQ 10822
B0032BWL10 10823
B0032EFQQO 10824
B0032JTV38 10825
B0032LV4KY 10826
B0032LV4NG 10827
B00331RHCM 10828
B00332DBK8 10829
B00336M8DK 10830
B00336V4DU 10831
B0033AGJ5Y 10832
B0033AGJ68 10833
B0033XUHAY 10834
B003498RT0 10835
B0034BBB1E 10836
B0034G4P7Q 10837
B0034JKZ8G 10838
B0034PWPHY 10839
B003552QUY 10840
B0035CVB30 10841
B0035ECHJ0 10842
B0035ECHP4 10843
B0035JHYG6 10844
B0035JHYGQ 10845
B0035JHYIY 10846
B0035JHYJI 10847
B0035JHYRK 10848
B0035MA5HS 10849
B0035QHXLK 10850
B0035RWG0M 10851
B0035XECFI 10852
B003626TNG 10853
B00364K7AU 10854
B00364K7DC 10855
B00366E1E6 10856
B00368PSIM 10857
B00369ERCY 10858
B0036APHNG 10859
B0036BDQ7E 10860
B0036BDQ88 10861
B0036BDQLA 10862
B0036BP5IM 10863
B0036BRBOS 10864
B0036EH3WU 10865
B0036EH3X4 10866
B0036EH3XO 10867
B0036RPM98 10868
B0036TGSJE 10869
B0036TGSWG 10870
B0036TGTEI 10871
B0036U0B0K 10872
B00370843A 10873
B00371QQ5M 10874
B00376AVHQ 10875
B00376AVIA 10876
B00379AFXS 10877
B0037B2WOG 10878
B0037HERAM 10879
B0037QGS0A 10880
B0037TIIR8 10881
B0037X5BME 10882
B00382S9MS 10883
B00383XZP8 10884
B00386EZUY 10885
B00386F0D0 10886
B00386OX4C 10887
B00388PK7O 10888
B0038AN1WI 10889
B0038BZ9JU 10890
B0038EG20W 10891
B0038FPDSS 10892
B0038JE376 10893
B0038M2AOQ 10894
B0038M2AQE 10895
B0038M2AWI 10896
B0038M2RLC 10897
B0038M2S2A 10898
B0038N9X22 10899
B0038N9X3Q 10900
B0038Q9Q6W 10901
B0038Q9QB2 10902
B0038RSIQA 10903
B0038SUBCS 10904
B00395ATPO 10905
B00395ATT0 10906
B0039NNFX4 10907
B0039USJBK 10908
B0039UT3LK 10909
B0039UU3G4 10910
B0039WHKE0 10911
B0039XFD20 10912
B0039ZBM14 10913
B0039ZBM3C 10914
B003A12WBQ 10915
B003A6C6VM 10916
B003A86D3C 10917
B003A8FET6 10918
B003A8K5G8 10919
B003AIL24C 10920
B003AQTJG2 10921
B003AT9DE2 10922
B003B3V0UM 10923
B003BEDAVS 10924
B003BI7718 10925
B003BJO8I2 10926
B003BJODJQ 10927
B003BLPEH4 10928
B003BLPEHE 10929
B003BNY1WQ 10930
B003BV8ICM 10931
B003C5FN7K 10932
B003CI2G6S 10933
B003CJXJ4A 10934
B003CJXJ8Q 10935
B003CPPY0Q 10936
B003CPPY74 10937
B003CT4XPO 10938
B003CWEQ7G 10939
B003CYLO42 10940
B003D8M0N6 10941
B003DBLDKE 10942
B003DU50U4 10943
B003DUBAWG 10944
B003DZX46G 10945
B003E1QDAI 10946
B003E4B0H6 10947
B003E51VUQ 10948
B003E6VN62 10949
B003ELOQD4 10950
B003ES5JDS 10951
B003ES5JEC 10952
B003ES5JOC 10953
B003EV6DCG 10954
B003EYVXQO 10955
B003EYVXTQ 10956
B003EYVXWI 10957
B003F1WA7C 10958
B003F2LH34 10959
B003F3NDOO 10960
B003F3NDP8 10961
B003F3NDW6 10962
B003F3NE1Q 10963
B003F3NE7K 10964
B003FBO6N8 10965
B003FSTN70 10966
B003FSTN84 10967
B003FSTN8E 10968
B003FTM18W 10969
B003FUZMWS 10970
B003FXXNH6 10971
B003G4CWQM 10972
B003G715JY 10973
B003G715ZS 10974
B003G9IT3C 10975
B003GAMN6K 10976
B003GAMOIW 10977
B003GAMOL4 10978
B003GAMOLY 10979
B003GW84R0 10980
B003H5WF3U 10981
B003H6KRKC 10982
B003H8F2VE 10983
B003H8F2WI 10984
B003H8F3AY 10985
B003H8F5SO 10986
B003H9LIZ2 10987
B003HC9JIW 10988
B003HC9JJ6 10989
B003HFUVQI 10990
B003HTPHUY 10991
B003HUNCDW 10992
B003ICWTR4 10993
B003IHUI0O 10994
B003IMERF6 10995
B003IRUFBG 10996
B003IRUFCA 10997
B003IRUFCU 10998
B003IY498Y 10999
B003J216JU 11000
B003J27WFW 11001
B003JDQJM8 11002
B003JHXS1E 11003
B003JLL2QS 11004
B003JLL2RW 11005
B003JOCZU2 11006
B003JOY4F6 11007
B003JQZXXQ 11008
B003JZCVR8 11009
B003JZCVT6 11010
B003K02EV0 11011
B003K1NGXE 11012
B003K2G0TA 11013
B003KJ7BN2 11014
B003KM4CHW 11015
B003KOY32E 11016
B003KSO3QQ 11017
B003KUSUE0 11018
B003KZ27N0 11019
B003L16FC2 11020
B003L1ZWA8 11021
B003L1ZWG2 11022
B003L20IF6 11023
B003L20IFQ 11024
B003L20IG0 11025
B003L20III 11026
B003L20IJW 11027
B003L20ILA 11028
B003L77FXE 11029
B003L77FYS 11030
B003L77G06 11031
B003L77G1K 11032
B003L77G2Y 11033
B003L77G6A 11034
B003L77G6U 11035
B003L77G7Y 11036
B003L77GBU 11037
B003L77GDS 11038
B003L77GE2 11039
B003L77GG0 11040
B003L77GGK 11041
B003L77GHE 11042
B003L77GJM 11043
B003L77GMO 11044
B003L77GPG 11045
B003L77GTM 11046
B003L77GVK 11047
B003L77H1E 11048
B003LL181U 11049
B003LLVVX0 11050
B003LSTWH0 11051
B003M3A82M 11052
B003M8NG58 11053
B003M8NGG2 11054
B003M8NGLW 11055
B003M8NGPS 11056
B003M8OHVU 11057
B003M986TS 11058
B003M9ZAC4 11059
B003MRD9KQ 11060
B003N2CVPY 11061
B003N2JKY4 11062
B003N3BQXG 11063
B003N71L1E 11064
B003NA9G0E 11065
B003ND0ATC 11066
B003ND0AXS 11067
B003NE8B4M 11068
B003NE8B6K 11069
B003NFM3JK 11070
B003NHMYHY 11071
B003NHMYJ2 11072
B003NKU9AK 11073
B003NLE5KY 11074
B003NOCXB4 11075
B003O7I6KW 11076
B003O97W2S 11077
B003O9IY98 11078
B003OCWF6I 11079
B003OT4HH6 11080
B003P0W1KE 11081
B003P3DZDI 11082
B003PIUIHO 11083
B003PJ1UTS 11084
B003PK28FM 11085
B003PU82CU 11086
B003Q6D27S 11087
B003Q6D2B4 11088
B003Q7B6ZC 11089
B003Q7B7BU 11090
B003Q7B7F6 11091
B003QF1N52 11092
B003QF1N7K 11093
B003QF1NAW 11094
B003QP4CNC 11095
B003QP4CZA 11096
B003QS0E54 11097
B003QTDH4S 11098
B003QTDH8E 11099
B003QZO8AY 11100
B003R0MEJA 11101
B003R0MEK4 11102
B003R0MEOA 11103
B003R0MEOU 11104
B003R0MEPE 11105
B003R0MEPY 11106
B003R0MESG 11107
B003R0MEW2 11108
B003R0MEXQ 11109
B003R0MEYA 11110
B003R0MEZ4 11111
B003R0MEZO 11112
B003R0MF08 11113
B003R0MF0S 11114
B003R0MF1W 11115
B003R0MF3K 11116
B003R0MF5I 11117
B003R0MF62 11118
B003R0MF6W 11119
B003R0MF7G 11120
B003R3JNQY 11121
B003R3JNTQ 11122
B003R4ZMO0 11123
B003R4ZMOK 11124
B003R4ZMPE 11125
B003R4ZMQI 11126
B003R4ZMS6 11127
B003R9IELI 11128
B003RACH88 11129
B003RD7QR2 11130
B003RHZ666 11131
B003RHZ66Q 11132
B003RHZ6CK 11133
B003RHZ6F2 11134
B003RHZ6KC 11135
B003RLLSWI 11136
B003RRXU3C 11137
B003S1UNZK 11138
B003S4LEPA 11139
B003SH6EPM 11140
B003SLEDJC 11141
B003SPDS7G 11142
B003SPDS8A 11143
B003SPDS8U 11144
B003SPDSAI 11145
B003SPDSBM 11146
B003SYQ7F2 11147
B003T6LHWW 11148
B003T9YANM 11149
B003TJM6I8 11150
B003TLMPHI 11151
B003TO541O 11152
B003TU137M 11153
B003TVTS7I 11154
B003TY2STU 11155
B003TYI092 11156
B003U0AHBO 11157
B003U4H0CE 11158
B003U9XZYQ 11159
B003UCA4XI 11160
B003UD7J3K 11161
B003UD7J62 11162
B003UD7J9E 11163
B003UD7JC6 11164
B003UD7JEE 11165
B003UESJC4 11166
B003UESJF6 11167
B003UESJHE 11168
B003UESJHY 11169
B003UESJII 11170
B003UESJME 11171
B003UEYBPI 11172
B003UGLCIK 11173
B003UH3RQO 11174
B003ULW71Q 11175
B003UM8T12 11176
B003UMW69I 11177
B003UN0752 11178
B003UU65QK 11179
B003V3FSO6 11180
B003V924K6 11181
B003VB5E2E 11182
B003VE9WPG 11183
B003VIWSA8 11184
B003VJTGNE 11185
B003VOVVWS 11186
B003VOVVXC 11187
B003VPX5XA 11188
B003VS0CXI 11189
B003VWDK06 11190
B003W39FY4 11191
B003W5C0VW 11192
B003WEAW18 11193
B003WEAW2C 11194
B003WHACGK 11195
B003WKQ44Q 11196
B003WOUP2O 11197
B003X1VJ1M 11198
B003X2P90S 11199
B003X2P98U 11200
B003X4KHRG 11201
B003XDU7ZE 11202
B003XFN1Z0 11203
B003XM707S 11204
B003XMKN40 11205
B003XMKU0M 11206
B003XMKU2A 11207
B003XMKUEI 11208
B003XTUAWI 11209
B003XTUAX2 11210
B003Y5H4W0 11211
B003Y5H4ZM 11212
B003Y5H4ZW 11213
B003Y5H51K 11214
B003Y5H54W 11215
B003Y5H57E 11216
B003Y5H5BA 11217
B003Y5H5C4 11218
B003Y5H5FG 11219
B003Y5H5GU 11220
B003Y5H5HO 11221
B003Y5HWMW 11222
B003Y9NXDK 11223
B003YCI238 11224
B003YCYZAC 11225
B003YCYZBG 11226
B003YE450U 11227
B003YE4514 11228
B003YE451E 11229
B003YF9PZY 11230
B003YGC7VM 11231
B003YKDPCI 11232
B003YKVGKG 11233
B003YKYX7O 11234
B003YKYX9M 11235
B003YUBZ7A 11236
B003YVP5FM 11237
B003YXZH94 11238
B003YXZHI0 11239
B003Z3CZGG 11240
B003Z3MUEI 11241
B003Z8ZC2A 11242
B003Z8ZCD4 11243
B003ZD9E2E 11244
B003ZFXE82 11245
B003ZHR6U2 11246
B003ZHVJFK 11247
B003ZJ0POO 11248
B003ZJK4HW 11249
B003ZQ3Z80 11250
B003ZTDZVY 11251
B003ZUO6OS 11252
B003ZVJFEI 11253
B003ZVL0V4 11254
B003ZVU1P0 11255
B003ZXNCH2 11256
B003ZXNCHW 11257
B003ZYU3TQ 11258
B003ZZ7TPG 11259
B0040319A8 11260
B004047Y06 11261
B00404ME0G 11262
B00404ME0Q 11263
B00404ME1A 11264
B00404ME1K 11265
B00404ME2E 11266
B00406UJZG 11267
B004083REE 11268
B00408YYEG 11269
B0040J1RZE 11270
B0040QTNSU 11271
B0041ETK2A 11272
B0041H55LM 11273
B0041H55SA 11274
B0041KKYDI 11275
B0041KKYEM 11276
B0041KKYH4 11277
B0041KKZIW 11278
B0041KT3OY 11279
B0041SI7A2 11280
B0041UUNUM 11281
B004270RXC 11282
B0042AEU6Y 11283
B0042AGNBE 11284
B0042DN4XG 11285
B0042EJD8A 11286
B0042EJDJ4 11287
B0042FDCMM 11288
B0042FUHRK 11289
B0042I6528 11290
B0042JGGEO 11291
B0042JH0BW 11292
B0042L0OFE 11293
B0042L0P1C 11294
B0042SSO1I 11295
B0042U9B3Q 11296
B0042ZTQ3G 11297
B00432QAKK 11298
B0043988G2 11299
B0043988IK 11300
B0043988J4 11301
B0043988P8 11302
B0043CT8KO 11303
B0043CT9E4 11304
B0043E8YAC 11305
B0043E8YAM 11306
B0043K8LXG 11307
B0043LUR6E 11308
B0043SQI9W 11309
B0043SS2EQ 11310
B0043TGIXC 11311
B0043URV1O 11312
B0043VUHXC 11313
B00440FO6M 11314
B00443FMHU 11315
B00443FMKM 11316
B00443FN1A 11317
B00443FN1U 11318
B004448GJU 11319
B004498KPU 11320
B00449C4BQ 11321
B0044BIZR6 11322
B0044LYRL4 11323
B0044M2OMM 11324
B0044U9CEC 11325
B0044WNK7U 11326
B00450AG1Y 11327
B0045EPVO2 11328
B0045FYTNK 11329
B0045I3EQA 11330
B0045JJ1O8 11331
B0045JQ3L2 11332
B0045NXMJE 11333
B0045O2PFK 11334
B00465I13S 11335
B00465I1BA 11336
B00466H37M 11337
B00466H37W 11338
B00466H3A4 11339
B00466HN86 11340
B00466HOR6 11341
B0046A9RMC 11342
B0046BI826 11343
B0046GDMV8 11344
B0046GDYLQ 11345
B0046H0HZ6 11346
B0046H0I14 11347
B0046HBKUC 11348
B0046MOVD0 11349
B0046MOVE4 11350
B0046S8MRU 11351
B0046ZT40W 11352
B00471JT0K 11353
B00471JT50 11354
B0047BXQZY 11355
B0047BXR1C 11356
B0047BXR1M 11357
B0047BXR44 11358
B0047BXR94 11359
B0047DKLCS 11360
B0047EGK9A 11361
B0047HXMJ8 11362
B0047S4UPW 11363
B0047UJBMC 11364
B0047XGYRE 11365
B00480OCXO 11366
B00483VQTE 11367
B00487156Y 11368
B0048EAYQE 11369
B0048IW0KS 11370
B0048LPRCS 11371
B0048LVDHG 11372
B0048M6PU0 11373
B004919RHI 11374
B00498NBE6 11375
B0049EO108 11376
B0049EOFCC 11377
B0049EVR32 11378
B0049J515W 11379
B0049P1ZZQ 11380
B0049PN46E 11381
B0049S1NY6 11382
B0049SF8W4 11383
B0049TC8BC 11384
B0049TC8C6 11385
B0049TC8CQ 11386
B0049Y6I7C 11387
B004A3271S 11388
B004A77FNO 11389
B004A8ZWT2 11390
B004A8ZWUQ 11391
B004A8ZWVA 11392
B004A8ZWVU 11393
B004A8ZWW4 11394
B004A8ZWWO 11395
B004A8ZX1O 11396
B004A8ZX28 11397
B004A8ZX32 11398
B004A8ZX3C 11399
B004A8ZX4G 11400
B004AC6PV2 11401
B004AE3QUS 11402
B004AE3QY4 11403
B004AFUJGG 11404
B004AGKE7Y 11405
B004AGN9MG 11406
B004AHAEV4 11407
B004AJDEBO 11408
B004AODY3C 11409
B004AR4VRW 11410
B004AUCCZ2 11411
B004AUCDK6 11412
B004AUP3EY 11413
B004AUP3F8 11414
B004AV5GX6 11415
B004AV5H2G 11416
B004AV5H3U 11417
B004AZ7ZKY 11418
B004B3PB74 11419
B004B3S9Y6 11420
B004B63M1S 11421
B004B93RC4 11422
B004BDOEZO 11423
B004BDOF1C 11424
B004BLJQOK 11425
B004BN2UT6 11426
B004BR7XGM 11427
B004BR7XLM 11428
B004BR83KC 11429
B004BZ5AM8 11430
B004C03THU 11431
B004C03TK2 11432
B004C1W1VY 11433
B004C2523M 11434
B004C39E3K 11435
B004C45AZU 11436
B004CCNB58 11437
B004CFH9EO 11438
B004CFH9F8 11439
B004CJQVI0 11440
B004CJQVNU 11441
B004CJQVO4 11442
B004CJQVQC 11443
B004CLYJF0 11444
B004CQZFEE 11445
B004CRR9FG 11446
B004CRR9IS 11447
B004CSBVJ0 11448
B004CWLRFE 11449
B004CWLRGI 11450
B004CYECFE 11451
B004CYF7D0 11452
B004CYVZ36 11453
B004CYVZ4K 11454
B004CZRDYA 11455
B004CZRE44 11456
B004CZRE7Q 11457
B004CZZZX6 11458
B004D8P258 11459
B004DAS3AW 11460
B004DCB0ZU 11461
B004DCM5RC 11462
B004DMIIPA 11463
B004DMIIPK 11464
B004DMIISC 11465
B004DMIJ0E 11466
B004DNXIHM 11467
B004DOTKBO 11468
B004DOTKC8 11469
B004DOTKDM 11470
B004DTLK76 11471
B004DY3N9Y 11472
B004E1OFAM 11473
B004E83KVU 11474
B004EC5IWU 11475
B004EE30C8 11476
B004EI2NOK 11477
B004EI2NPO 11478
B004EI2NWM 11479
B004EJTGPS 11480
B004EPYSBE 11481
B004EPYZCQ 11482
B004EPYZDK 11483
B004EPYZHQ 11484
B004EPYZIU 11485
B004EPYZNU 11486
B004EPYZOE 11487
B004EPYZOY 11488
B004EPYZP8 11489
B004EPYZQ2 11490
B004EPYZQC 11491
B004EPYZRG 11492
B004EPYZSA 11493
B004EPYZTE 11494
B004EPYZU8 11495
B004EPYZUS 11496
B004EPYZVW 11497
B004EPYZXK 11498
B004EPZ00M 11499
B004EPZ01G 11500
B004EPZ02A 11501
B004EPZ03E 11502
B004EPZ03O 11503
B004EPZ06Q 11504
B004EPZ070 11505
B004EPZ07K 11506
B004EPZ08E 11507
B004EPZ08O 11508
B004EPZ0AM 11509
B004EPZ0BG 11510
B004ES6TBS 11511
B004F4HWN0 11512
B004F4HWQM 11513
B004FGA2HQ 11514
B004FGA2LM 11515
B004FK2MWA 11516
B004FKKU92 11517
B004FM2EL2 11518
B004FPE43K 11519
B004FUYSV8 11520
B004FV4R86 11521
B004FV4R8G 11522
B004FZWDRE 11523
B004G5Z0DW 11524
B004G9C7RK 11525
B004GIIHYI 11526
B004GJYRBY 11527
B004GJYRLY 11528
B004GSVX8A 11529
B004GSVXAS 11530
B004GTVU78 11531
B004H4N13S 11532
B004H83IGY 11533
B004HHX9FK 11534
B004HHX9PK 11535
B004HO6HWK 11536
B004HO6HY8 11537
B004HO6I2O 11538
B004HO6I4M 11539
B004HW7JI8 11540
B004I11VZ0 11541
B004I1BEHU 11542
B004I1JYI6 11543
B004I1K2GY 11544
B004I1K4MQ 11545
B004I2K4E8 11546
B004I85CY4 11547
B004I8OUG0 11548
B004I8WHCO 11549
B004I9SJFW 11550
B004I9SJG6 11551
B004IB04NK 11552
B004IB04NU 11553
B004IB04OE 11554
B004IEBRSI 11555
B004IFYMWK 11556
B004IK30MI 11557
B004IK30QY 11558
B004INAKS2 11559
B004ISM6E8 11560
B004ITYDT8 11561
B004IWR06S 11562
B004IY1AW6 11563
B004IZDV90 11564
B004IZJL4Y 11565
B004J328YA 11566
B004J35K0O 11567
B004J713JW 11568
B004JHYTH0 11569
B004JMSIS6 11570
B004JUJNNC 11571
B004JXRXCM 11572
B004K1F8AC 11573
B004K4FU9S 11574
B004K4FUSE 11575
B004K4FUUC 11576
B004K4FUVQ 11577
B004K5RN2O 11578
B004K6FS5W 11579
B004K8WJ4S 11580
B004KA1DGG 11581
B004KCAYXC 11582
B004KDYQXU 11583
B004KDYQYY 11584
B004KDYR5W 11585
B004KKPQMI 11586
B004KL0OVU 11587
B004KL0OW4 11588
B004KO1NU8 11589
B004KO2EUG 11590
B004KPD1IO 11591
B004KSRML8 11592
B004KV93B2 11593
B004KZH5JK 11594
B004L03B3S 11595
B004L1DB9G 11596
B004L3AR0K 11597
B004L5GY82 11598
B004L9GM5S 11599
B004LB5FEA 11600
B004LGGXG4 11601
B004LO0AJM 11602
B004LQPP4K 11603
B004LROMQ6 11604
B004LROMS4 11605
B004LROMSY 11606
B004LROMT8 11607
B004LROMVG 11608
B004LROMWU 11609
B004LUOWZY 11610
B004LV3VQE 11611
B004LVOX7K 11612
B004LWJ6RG 11613
B004LWZVZM 11614
B004LWZW0G 11615
B004LWZW24 11616
B004LWZW2E 11617
B004LWZW2Y 11618
B004LWZW4C 11619
B004LWZW4M 11620
B004LWZW5G 11621
B004LWZW6A 11622
B004LWZW6U 11623
B004LWZW7E 11624
B004LWZW7Y 11625
B004LWZW8S 11626
B004LWZWA6 11627
B004LWZWBU 11628
B004LWZWFQ 11629
B004LWZWGK 11630
B004LXBKEC 11631
B004LZRSBY 11632
B004M3M5F4 11633
B004M9QNVK 11634
B004M9ZI0M 11635
B004MCGNSU 11636
B004MCPUWU 11637
B004MFT1PO 11638
B004MKMQJW 11639
B004MNAGBO 11640
B004MOFGFO 11641
B004MOY97U 11642
B004MPRCTG 11643
B004MPRNAE 11644
B004MQ6W5K 11645
B004MW57BY 11646
B004MWLXTO 11647
B004MYH08U 11648
B004MYOYFC 11649
B004MYYHG8 11650
B004N21KIC 11651
B004N53CJY 11652
B004N5UTUE 11653
B004NJC0R0 11654
B004NTDF2Y 11655
B004NYYDT8 11656
B004O0H6BS 11657
B004O724M2 11658
B004O8OLNQ 11659
B004OA684O 11660
B004OBZMBS 11661
B004OC006Y 11662
B004ODLUGM 11663
B004OSVTRW 11664
B004OUZLGA 11665
B004P1IXHW 11666
B004P1IXJ0 11667
B004P7CMOQ 11668
B004P8R9SO 11669
B004PFOGJ2 11670
B004PHE97E 11671
B004PHSTTS 11672
B004PHSTZ2 11673
B004PQM81E 11674
B004Q0VR52 11675
B004Q4XZ26 11676
B004QC6HKK 11677
B004QIG7CW 11678
B004QL7JYY 11679
B004QL7K6G 11680
B004QL7K70 11681
B004QO9H28 11682
B004QOB8QQ 11683
B004QOB8RA 11684
B004QOB8SO 11685
B004QOB8TS 11686
B004QOB8UC 11687
B004QPOVE6 11688
B004QQDUZ6 11689
B004QSQMG8 11690
B004QWSU46 11691
B004QXJZXK 11692
B004R35DLW 11693
B004R67RC2 11694
B004RA7XW2 11695
B004RA7YEO 11696
B004RA7YGC 11697
B004RAIZ8I 11698
B004RE29S6 11699
B004RE29T0 11700
B004RIACU4 11701
B004RPQSVE 11702
B004RUEXVQ 11703
B004S6E26K 11704
B004S6E91S 11705
B004SEUJL4 11706
B004SGWYW4 11707
B004SI5VU4 11708
B004SIP8WU 11709
B004SIPAFK 11710
B004SKI7B2 11711
B004SKIR8K 11712
B004SKQAJI 11713
B004SMTO7G 11714
B004SO26RE 11715
B004SOPTTQ 11716
B004SQFRZA 11717
B004SU5EFO 11718
B004SZVYD0 11719
B004T1RAWW 11720
B004T3BDXW 11721
B004T75RNK 11722
B004TA1GCS 11723
B004TJ1H1Y 11724
B004U2RBGU 11725
B004U33NHA 11726
B004UFA0RE 11727
B004UFE2XM 11728
B004UGCVX4 11729
B004UIFZQC 11730
B004ULEENE 11731
B004ULEEY8 11732
B004ULNJF8 11733
B004ULNJJ4 11734
B004UMAPUO 11735
B004UOHNAC 11736
B004UOHNCA 11737
B004UOHNH0 11738
B004UQPM4E 11739
B004URO3XE 11740
B004USNHWG 11741
B004USUOUO 11742
B004USUPAI 11743
B004UXUUJE 11744
B004UXUWEC 11745
B004UXUWTW 11746
B004UXUX4Q 11747
B004UXVDJA 11748
B004UXVDOA 11749
B004UXVEUS 11750
B004UXVFIO 11751
B004V2S4L0 11752
B004V2S4SS 11753
B004V6AISS 11754
B004VBZG3A 11755
B004VF63Z6 11756
B004VJJFN4 11757
B004VK74EA 11758
B004VK759Y 11759
B004VLLWBU 11760
B004VN7RN0 11761
B004VQRCCI 11762
B004VRL4BM 11763
B004VSLE7U 11764
B004VT39K4 11765
B004VW4V80 11766
B004W48KHK 11767
B004W5MHGY 11768
B004W75BVU 11769
B004WD1IXO 11770
B004WI10YQ 11771
B004WJT5EC 11772
B004WJT5FG 11773
B004WJT5H4 11774
B004WMOSIC 11775
B004WO9OMA 11776
B004WO9OOS 11777
B004WO9OR0 11778
B004WO9OS4 11779
B004WOAGIG 11780
B004WOQFOA 11781
B004X0MHEU 11782
B004X181TY 11783
B004X181VM 11784
B004X1M47O 11785
B004X1M4BU 11786
B004X1M532 11787
B004X1STT6 11788
B004X1Z14C 11789
B004X4O988 11790
B004X63SEM 11791
B004X83UHA 11792
B004X8AIF2 11793
B004X9YNNO 11794
B004XAM0Q0 11795
B004XCM89M 11796
B004XCUEXY 11797
B004XEEMA8 11798
B004XFZ47C 11799
B004XH9X2M 11800
B004XIWRW4 11801
B004XKUFY4 11802
B004XKVP7K 11803
B004XKVPLG 11804
B004XKVQKQ 11805
B004XKVQX8 11806
B004XKVRBE 11807
B004XMNSNC 11808
B004XNH4YU 11809
B004XQO8NW 11810
B004XQO8XC 11811
B004XQO90E 11812
B004XWLN20 11813
B004XYABMQ 11814
B004YCKJQU 11815
B004YDSNMQ 11816
B004YHRZJY 11817
B004YJZ5LM 11818
B004YJZ5PI 11819
B004YJZB4S 11820
B004YJZDYQ 11821
B004YM6IZ6 11822
B004YM6JCS 11823
B004YM6JF0 11824
B004YM6JK0 11825
B004YM6JLO 11826
B004YM6JUA 11827
B004YM6JVO 11828
B004YVO60Q 11829
B004YZ3M16 11830
B004Z29W2Q 11831
B004Z29WQ2 11832
B004Z29XEI 11833
B004Z2ECX0 11834
B004Z6N7HS 11835
B004Z74X0M 11836
B004Z7AHTI 11837
B004ZBA9P6 11838
B004ZBAB3Q 11839
B004ZDY400 11840
B004ZJ9VAC 11841
B004ZJ9VXY 11842
B004ZJHSXE 11843
B004ZJHSYS 11844
B004ZJZQ8S 11845
B004ZKKKWE 11846
B004ZKKKX8 11847
B004ZKKKXI 11848
B004ZKKL0A 11849
B004ZKKL14 11850
B004ZKKL32 11851
B004ZKKL5A 11852
B004ZQJ5FQ 11853
B004ZRGSDM 11854
B00501LJI6 11855
B00501N420 11856
B00505E4MA 11857
B00505QA90 11858
B00508W2Z8 11859
B0050A52BC 11860
B0050FXDDQ 11861
B0050I9760 11862
B0050ITR4W 11863
B0050JN814 11864
B0050JN8BE 11865
B0050KTMVI 11866
B0050MB3MM 11867
B0050MB43A 11868
B0050MB4OO 11869
B0050MB5KM 11870
B0050MB5N4 11871
B0050MB5NO 11872
B0050MB5PC 11873
B0050N0UR0 11874
B0050N0US4 11875
B0050O9YGW 11876
B0050P3XN6 11877
B0050PWZD0 11878
B0050PYNO4 11879
B0050UEVFU 11880
B0050UEVO6 11881
B0050Z2ZXU 11882
B0050Z3T62 11883
B00511N7B2 11884
B00518JDWW 11885
B0051938XQ 11886
B0051CSIL0 11887
B0051GLDQI 11888
B0051GLDQS 11889
B0051GOB2G 11890
B0051MKMNC 11891
B0051PLR4W 11892
B0051S1FDM 11893
B0051T480I 11894
B0051XIPYO 11895
B0051ZH6FG 11896
B0051ZIXNK 11897
B00522VTOM 11898
B00525QHVY 11899
B00527QY88 11900
B00527QYOW 11901
B00528WT5Y 11902
B0052DP1TA 11903
B0052O3OAW 11904
B0052OPIUG 11905
B0052P61WO 11906
B0052T1EBS 11907
B0052T1EDQ 11908
B0052WKZY2 11909
B0052WNHQU 11910
B0052XI5HK 11911
B0052XU4BK 11912
B0052YWHTQ 11913
B0052ZFYEK 11914
B005335K7W 11915
B00535QKPG 11916
B00537T0LK 11917
B0053GJ77I 11918
B0053O89IS 11919
B0053O89JM 11920
B0053O89KG 11921
B0053O89LK 11922
B0053O89QU 11923
B0053O89U6 11924
B0053O89WY 11925
B0053O89YM 11926
B0053O89Z6 11927
B0053O8A32 11928
B0053O8A50 11929
B0053O8A5K 11930
B0053O8A78 11931
B0053O8A8M 11932
B0053O8AAK 11933
B0053O8AFK 11934
B0053O8AGY 11935
B0053O8ALE 11936
B0053O8APU 11937
B0053O8AQE 11938
B0053OXZO6 11939
B0053PTFDK 11940
B0053TWVK0 11941
B0053WQE6O 11942
B0053XZ8YC 11943
B0053XZ95U 11944
B0053YT3II 11945
B0053ZHZI2 11946
B00540G3GG 11947
B00543R3WG 11948
B0054509I4 11949
B005452D24 11950
B00546032K 11951
B0054JELS4 11952
B0054K8JSG 11953
B0054PSY54 11954
B005535JSK 11955
B005538B1M 11956
B00553K8DQ 11957
B00553K8FY 11958
B00553K9NA 11959
B00553K9T4 11960
B00553K9Z8 11961
B00553KAHA 11962
B00553KAK2 11963
B00555ZTBK 11964
B00559SGCU 11965
B0055AYKJC 11966
B0055CP9BI 11967
B0055CP9D6 11968
B0055CP9MC 11969
B0055CP9P4 11970
B0055CP9TU 11971
B0055CP9UY 11972
B0055EAJ7A 11973
B0055HK6UW 11974
B0055HK6V6 11975
B0055HK6VG 11976
B0055HK6VQ 11977
B0055HK6YS 11978
B0055HK7DI 11979
B0055OTDCM 11980
B0055Q2WMS 11981
B0055SJWEW 11982
B0055SJX4Q 11983
B0055SJXCI 11984
B0055SJXMI 11985
B0055SJYMW 11986
B0055SNHP2 11987
B0055SNHQ6 11988
B0055SNHQG 11989
B0055SOAAI 11990
B0055UA1KO 11991
B0055V0K7M 11992
B00560317S 11993
B0056031LE 11994
B0056031NW 11995
B0056031UU 11996
B00561BMXC 11997
B00561BNI6 11998
B00561BNJK 11999
B00567TCD8 12000
B0056AJD9S 12001
B0056C1M2M 12002
B0056G1AM0 12003
B0056IXS7S 12004
B0056JBAHM 12005
B0056KV7OW 12006
B0056P6SP0 12007
B0056YMDU0 12008
B0056YMDW8 12009
B005727L9Y 12010
B00575GYT4 12011
B00575GYU8 12012
B00575GYUI 12013
B00576U8UY 12014
B005775M40 12015
B00579YI1G 12016
B0057ACEDO 12017
B0057ACHFO 12018
B0057FGCMS 12019
B0057GUD7C 12020
B0057GUGGU 12021
B0057GUH46 12022
B0057IY5CE 12023
B0057J5BMG 12024
B0057JIR0Y 12025
B0057MFA42 12026
B0057O6IGY 12027
B00582GLC6 12028
B00584A7MY 12029
B0058B859O 12030
B0058GVP5U 12031
B0058ILL2K 12032
B0058JN4X8 12033
B0058K88K6 12034
B0058KGHX6 12035
B0058KGHXG 12036
B0058MX804 12037
B0058N2SBS 12038
B0058O1FIY 12039
B0058O1FPC 12040
B0058WKA6O 12041
B0058YPG1G 12042
B0058YPGVQ 12043
B0058YPH5G 12044
B0058YPI5K 12045
B0058YPIF0 12046
B0058YPILY 12047
B0058YPJ8G 12048
B0058YPJOU 12049
B0058YPK9O 12050
B0058YPKIA 12051
B0058YPL66 12052
B0058YPMHO 12053
B0058YPN0U 12054
B0058YPO9A 12055
B0058YPPN0 12056
B0058YPQ0C 12057
B0058ZPNBI 12058
B00592CZRK 12059
B00595W3MO 12060
B00596WEVI 12061
B00596WFDK 12062
B00596WFE4 12063
B00598O9RI 12064
B0059XTTW8 12065
B0059XTTZU 12066
B0059XTU1S 12067
B0059XTU3G 12068
B0059XTU7W 12069
B0059XTUB8 12070
B0059XTUH2 12071
B0059XTUR2 12072
B0059XTUXQ 12073
B0059XTV4Y 12074
B005A1GRO2 12075
B005A5IAC0 12076
B005A5YYKC 12077
B005AMJ31U 12078
B005AMJ388 12079
B005AMJ38S 12080
B005AMJ3B0 12081
B005ARYEBY 12082
B005AU4SBC 12083
B005AVIS6C 12084
B005AX1XA8 12085
B005B0QYMM 12086
B005B0QYZY 12087
B005BPTLIQ 12088
B005BRFN8Q 12089
B005BSCPY0 12090
B005BUA1CG 12091
B005BUA1CQ 12092
B005BUA1E4 12093
B005BUA1F8 12094
B005BUA1GC 12095
B005BUA1JY 12096
B005BX3K80 12097
B005BX3NKK 12098
B005BXY1PG 12099
B005BXY1Q0 12100
B005BXY1QU 12101
B005BXY1R4 12102
B005BXY1RE 12103
B005BYBZCM 12104
B005BYBZH2 12105
B005BYBZKY 12106
B005C4444C 12107
B005C5UIFA 12108
B005C6BGVY 12109
B005C7SXMS 12110
B005CA4SKG 12111
B005CA4SP6 12112
B005CFBZ4I 12113
B005CFBZQ6 12114
B005CFBZVG 12115
B005CFBZWK 12116
B005CFC04C 12117
B005CFC0N8 12118
B005CFC0QK 12119
B005CHV14A 12120
B005CRMXKQ 12121
B005CXOGMS 12122
B005D0OH8I 12123
B005D0RDES 12124
B005D0RDH0 12125
B005D0RDKW 12126
B005D0RDMA 12127
B005D0RDRU 12128
B005D0RDU2 12129
B005D0TERW 12130
B005D7E7PY 12131
B005D7E7Y0 12132
B005D7E7ZY 12133
B005DCJ0Q0 12134
B005DCJ2TU 12135
B005DCJ3LM 12136
B005DDN51A 12137
B005DETYW8 12138
B005DETYX2 12139
B005DEUEOU 12140
B005DEUES6 12141
B005DEUEV8 12142
B005DEUEWM 12143
B005DEUF0S 12144
B005DJ62L4 12145
B005DJ7AYC 12146
B005DJDF2I 12147
B005DKS1US 12148
B005DLN1LG 12149
B005DMHHKQ 12150
B005DOSETC 12151
B005DR64QE 12152
B005DTGAXO 12153
B005DTGB0G 12154
B005DTGBN8 12155
B005DTZXL4 12156
B005DTZXPA 12157
B005DU58Q8 12158
B005DVIOAO 12159
B005DVIOIG 12160
B005DVIPE4 12161
B005E7SEK2 12162
B005E7SEM0 12163
B005E7SEMU 12164
B005E7SEOI 12165
B005EKWZD6 12166
B005ELEMV8 12167
B005ELMC1U 12168
B005ELVC3O 12169
B005ELVCKC 12170
B005ELVCS4 12171
B005ELVCY8 12172
B005ETQ2RM 12173
B005EVT4WU 12174
B005EVY8MQ 12175
B005EVY8NA 12176
B005EWRJGM 12177
B005EXA86E 12178
B005EXA87S 12179
B005EYJV3Y 12180
B005F0TH7W 12181
B005F265CU 12182
B005F265FW 12183
B005F265IE 12184
B005F3DFXG 12185
B005F3XV7Q 12186
B005F3XV80 12187
B005F3XV8U 12188
B005F3XVAS 12189
B005F44X36 12190
B005F96UHI 12191
B005F96UP0 12192
B005F96URI 12193
B005FH1RRI 12194
B005FHHCWC 12195
B005FHHD58 12196
B005FI36OE 12197
B005FISBV2 12198
B005FISC3Y 12199
B005FISC52 12200
B005FISCFW 12201
B005FITIF0 12202
B005FITIGO 12203
B005FITIK0 12204
B005FITISW 12205
B005FJQBZE 12206
B005FJQBZO 12207
B005FL8G5K 12208
B005FLCD1I 12209
B005FLD3H6 12210
B005FLSZQA 12211
B005FMKVQ6 12212
B005FNLUFQ 12213
B005FPT2E0 12214
B005FQ1ONG 12215
B005FQ2H9Q 12216
B005FQ2HBO 12217
B005FRACYM 12218
B005FRWTSO 12219
B005FT2MJ8 12220
B005FUTBWS 12221
B005FWO3OM 12222
B005G02LD8 12223
B005G172J0 12224
B005G172Q8 12225
B005G172Y0 12226
B005G4FFBE 12227
B005G4FFDW 12228
B005G4FFG4 12229
B005G5NPD8 12230
B005G5NPG0 12231
B005G5NPGK 12232
B005G5NPWY 12233
B005G652GA 12234
B005G7WGLS 12235
B005G7WGP4 12236
B005GI60VO 12237
B005GJCGIE 12238
B005GJTNNA 12239
B005GLHO48 12240
B005GM38NI 12241
B005GNU5N8 12242
B005GNZRMW 12243
B005GP7ESA 12244
B005GP7EUI 12245
B005GP7EVC 12246
B005GP7EYE 12247
B005GP7FA2 12248
B005GRTNVE 12249
B005GT3X68 12250
B005GT3XFY 12251
B005GYJPYW 12252
B005GYSUYI 12253
B005GYXN36 12254
B005GYXNIG 12255
B005GYZR3U 12256
B005H0OEJ6 12257
B005HE4AIC 12258
B005HFI7IU 12259
B005HI4LMS 12260
B005HIBWPM 12261
B005HK13P4 12262
B005HMHPHC 12263
B005HOEBUO 12264
B005HQBO9I 12265
B005HS00U0 12266
B005HS4CUY 12267
B005HU0TBI 12268
B005HVWVEU 12269
B005HVWVJK 12270
B005HVWVU4 12271
B005HVWW3K 12272
B005HVWWB2 12273
B005HWAOH0 12274
B005HWAOHK 12275
B005I0DV0S 12276
B005I4HO02 12277
B005IA9JQ8 12278
B005IA9JQI 12279
B005IA9JRM 12280
B005IA9JSG 12281
B005IA9JVI 12282
B005IF7AZK 12283
B005IKD6ZS 12284
B005IMHI82 12285
B005IUIXCE 12286
B005IUJI14 12287
B005IWG4ZK 12288
B005IYF8C8 12289
B005J47Q90 12290
B005J4TLN4 12291
B005J4TLRU 12292
B005J6U77Q 12293
B005J9ZFJ8 12294
B005J9ZFRA 12295
B005JJCMO4 12296
B005JJCMQ2 12297
B005JZ90M0 12298
B005JZBOV0 12299
B005JZBPJ6 12300
B005JZBPR8 12301
B005K08J8U 12302
B005K1VPY4 12303
B005K270VK 12304
B005K8QI9E 12305
B005K8QIS0 12306
B005KBP07W 12307
B005KG4DWU 12308
B005KG4EKQ 12309
B005KK2FOO 12310
B005KK2FTO 12311
B005KR6NNG 12312
B005KR6NQS 12313
B005KR6O1C 12314
B005LAIGF0 12315
B005LAIGJQ 12316
B005LAIGLO 12317
B005LAIGNC 12318
B005LAIGOQ 12319
B005LAIGPA 12320
B005LAIGQE 12321
B005LAIGSC 12322
B005LAIGSM 12323
B005LAIGW8 12324
B005LAIGY6 12325
B005LAIGYQ 12326
B005LAIH0Y 12327
B005LAIH1S 12328
B005LAIH2M 12329
B005LAIH5O 12330
B005LAIH86 12331
B005LAIH9A 12332
B005LAIHAE 12333
B005LAIHBS 12334
B005LAIHCW 12335
B005LAIHEA 12336
B005LAIHHC 12337
B005LAIHQS 12338
B005LAIHRC 12339
B005LAIHSQ 12340
B005LAIHUO 12341
B005LAIHW2 12342
B005LAIHY0 12343
B005LAIHZE 12344
B005LAII0I 12345
B005LAII1C 12346
B005LAII1W 12347
B005LAII2Q 12348
B005LAII3U 12349
B005LAII4E 12350
B005LAII5I 12351
B005LAII62 12352
B005LAII7G 12353
B005LAII8K 12354
B005LAII94 12355
B005LAIIAI 12356
B005LAIIB2 12357
B005LAIIFS 12358
B005LAIII0 12359
B005LAIIJY 12360
B005LAIIKS 12361
B005LAIILM 12362
B005LAIIMG 12363
B005LAIIQC 12364
B005LAIIS0 12365
B005LAIISU 12366
B005LAIITE 12367
B005LAJ140 12368
B005LAJ17M 12369
B005LAJ1H2 12370
B005LAJ1K4 12371
B005LAJ1LS 12372
B005LAJ1PE 12373
B005LAJ1ZE 12374
B005LAJ212 12375
B005LAJ23A 12376
B005LFQRT2 12377
B005LLXB9K 12378
B005LOBWA2 12379
B005LS4MQE 12380
B005LS4MUU 12381
B005LS4MW8 12382
B005LVIOYM 12383
B005LVIP1E 12384
B005LVIP1O 12385
B005LVIP28 12386
B005LW489G 12387
B005LYLP8Q 12388
B005LZW944 12389
B005M0R524 12390
B005M0X078 12391
B005M1O5K8 12392
B005M2AKLA 12393
B005M2AKO2 12394
B005M5OS74 12395
B005M5OSB0 12396
B005M5OSBU 12397
B005M9VSKU 12398
B005MAHY0M 12399
B005MO74M6 12400
B005MQ5840 12401
B005MQ58LS 12402
B005MQWJPG 12403
B005MRN3JQ 12404
B005MT3830 12405
B005MVF65G 12406
B005MWKAS8 12407
B005MYEQ4U 12408
B005MYEQ9U 12409
B005N4DMMG 12410
B005N4DNDY 12411
B005N8KP3Q 12412
B005N8KPBI 12413
B005N8SIMQ 12414
B005N95QUM 12415
B005ND8812 12416
B005NFJAOY 12417
B005NFJAWG 12418
B005NHZAXM 12419
B005NHZB3Q 12420
B005NKIPUO 12421
B005NKIPWC 12422
B005NQ5LN2 12423
B005NQ5LOG 12424
B005NQ5LOQ 12425
B005NQ5LPK 12426
B005NVMK7W 12427
B005NYMXIU 12428
B005O1LRCA 12429
B005O70ZOK 12430
B005OAEWV4 12431
B005OASMLU 12432
B005OGYH9A 12433
B005OK0YM0 12434
B005OK0YU2 12435
B005OK721G 12436
B005OK722U 12437
B005ONP7VU 12438
B005OY6LBE 12439
B005OZJVE2 12440
B005OZVXCU 12441
B005P06A1I 12442
B005PPMHWE 12443
B005PPMI00 12444
B005PTNVN4 12445
B005PTYPK2 12446
B005Q27DNO 12447
B005Q31BAO 12448
B005Q3T0LG 12449
B005QC27NU 12450
B005QI4U0W 12451
B005QIOJ3A 12452
B005QIOJIK 12453
B005QIOK48 12454
B005QJDFIE 12455
B005QODEEE 12456
B005QUQRBU 12457
B005QUQRCE 12458
B005QW98AK 12459
B005QW98IW 12460
B005R2SHX8 12461
B005R2SI1E 12462
B005RVF5XE 12463
B005RYF5JA 12464
B005S0HNU2 12465
B005S97UY2 12466
B005S9EHL6 12467
B005S9EJ14 12468
B005S9EJGO 12469
B005S9EJVY 12470
B005S9EK1S 12471
B005S9EL3K 12472
B005S9EL6C 12473
B005S9ELG2 12474
B005S9ELM6 12475
B005S9ELVC 12476
B005SDCZH0 12477
B005SH63HO 12478
B005SH6482 12479
B005SH6536 12480
B005SH65FO 12481
B005SH65S6 12482
B005SH65UO 12483
B005SHBO1Y 12484
B005SN3UPQ 12485
B005SOH84O 12486
B005SQMAPO 12487
B005SQRYE6 12488
B005SQRYEG 12489
B005SQRYG4 12490
B005SQRYGY 12491
B005SQRYJ6 12492
B005SQRYOG 12493
B005SQRYQY 12494
B005SQRYRS 12495
B005SQRYS2 12496
B005STRK4W 12497
B005SV9X22 12498
B005SYZZ80 12499
B005T7BW74 12500
B005T7BX1Y 12501
B005TC5AEA 12502
B005TC8IL2 12503
B005TFVM0I 12504
B005TI5404 12505
B005TK0MFE 12506
B005TK0WG8 12507
B005TK21WQ 12508
B005TK23EW 12509
B005TK23PQ 12510
B005TMXXX0 12511
B005TTEG0M 12512
B005TTEG5W 12513
B005TZFZ8S 12514
B005TZFZ9C 12515
B005TZFZBU 12516
B005TZFZD8 12517
B005TZFZLA 12518
B005UFUU6E 12519
B005UKI1TW 12520
B005UL4NF2 12521
B005UNI2U2 12522
B005UO1CLM 12523
B005UXJEUY 12524
B005UXJNPU 12525
B005V4X8PO 12526
B005W2BVMM 12527
B005W2BVX6 12528
B005W2BW5S 12529
B005W2BWLC 12530
B005W2BWR6 12531
B005WAP2V0 12532
B005WJX1Q4 12533
B005WL3QBW 12534
B005X5XI4C 12535
B005X5XIF6 12536
B005X5XIMO 12537
B005X5XINI 12538
B005X7H9SQ 12539
B005X7HA8K 12540
B005X9LJBM 12541
B005XB8SBE 12542
B005XB8SGO 12543
B005XB8SWI 12544
B005XB8T54 12545
B005XLFBEG 12546
B005XT2V1Y 12547
B005Y423ZC 12548
B005YCEI7K 12549
B005YDLJ76 12550
B005YFGIZM 12551
B005YFGJAG 12552
B005Z2D88O 12553
B005Z7BNJA 12554
B005Z9MGRG 12555
B005Z9MHE8 12556
B005ZCI3N4 12557
B005ZCSP0K 12558
B005ZEM932 12559
B005ZFJZKQ 12560
B005ZLF2OS 12561
B005ZMBBRY 12562
B005ZNM01O 12563
B005ZTGRMG 12564
B005ZVIMUE 12565
B00600SPG0 12566
B00606FBU2 12567
B006070RT6 12568
B0060732WA 12569
B0060KGS6O 12570
B0060KGS8M 12571
B0060KGSGO 12572
B0060MYJRC 12573
B0060MYJYU 12574
B0060MYK7G 12575
B0060MYL3E 12576
B0060MYLCU 12577
B0060MYLNY 12578
B0060MYM3S 12579
B0060MYMFQ 12580
B0060MYMPG 12581
B0060MYNN2 12582
B0060Q3IU2 12583
B0060QC7ZY 12584
B0060QSGJ0 12585
B0061HHM66 12586
B00623N52E 12587
B0062KMDGG 12588
B0062KMDWU 12589
B0062KME2O 12590
B0062NAX42 12591
B0062P332Y 12592
B0062QHZJU 12593
B0062VL4J2 12594
B0062Z0PHU 12595
B00632KSCY 12596
B00632KSYM 12597
B00632KT0U 12598
B00632KUY0 12599
B00634MLIQ 12600
B00634MLO0 12601
B006363QHE 12602
B00637HXNG 12603
B0063DOV2Q 12604
B0063FETJE 12605
B0063FGF14 12606
B0063FGG9U 12607
B0063FQREO 12608
B0064CT90U 12609
B0064JV4RY 12610
B0064M88ZC 12611
B0064MMN9O 12612
B0064NLPV0 12613
B0064NTZKI 12614
B0064NU002 12615
B0064OTH8C 12616
B0064OUGK0 12617
B0064SVM5Y 12618
B0064SVNAI 12619
B0064SVNJE 12620
B0064SVO9I 12621
B0064YON8G 12622
B0064YOWCI 12623
B00650RWZA 12624
B006512BFU 12625
B006512I7Q 12626
B006512LWI 12627
B00652FG7O 12628
B00652U6CE 12629
B00652U6XI 12630
B00652U72S 12631
B0065IZA0G 12632
B0065IZJJS 12633
B0065N6IRK 12634
B00662CH02 12635
B00664ALN0 12636
B00668IFWA 12637
B0066E6OIQ 12638
B0066E6OTA 12639
B0066E6PR6 12640
B0066E6QGG 12641
B0066E6R4M 12642
B0066E6RLK 12643
B0066E6RWE 12644
B0066E6SBO 12645
B0066E6SGY 12646
B0066O10AI 12647
B0067EKY7M 12648
B0067EKYDG 12649
B0067EKYL8 12650
B0067EKYS6 12651
B00683T51S 12652
B00683T5CW 12653
B00683T5L8 12654
B0068FZ12S 12655
B0068KTJ5S 12656
B0068MNNOE 12657
B0068MNNS0 12658
B0068MNOFC 12659
B0068RHSCW 12660
B0069556PO 12661
B00695E1BY 12662
B00699G65E 12663
B00699G6EU 12664
B0069RWA74 12665
B0069RWAL0 12666
B0069RX7TY 12667
B0069WVLM4 12668
B006A04E3S 12669
B006B9K554 12670
B006B9XBL4 12671
B006BZ8NSE 12672
B006BZ8NZM 12673
B006BZ8O3I 12674
B006C0PPO8 12675
B006C1S1DY 12676
B006CEWGLO 12677
B006DBY6GE 12678
B006E02GRK 12679
B006E04D1C 12680
B006EMSO74 12681
B006ENHG8Q 12682
B006FYYWQS 12683
B006GGRE9M 12684
B006GHA9VQ 12685
B006GQQL50 12686
B006GVN05O 12687
B006H37P2K 12688
B006H37P5C 12689
B006H37PXY 12690
B006H3KQSK 12691
B006H3KR3E 12692
B006H3Q7LA 12693
B006H4RAS8 12694
B006HGXGWA 12695
B006HGXGWU 12696
B006HGXGXE 12697
B006IJNU04 12698
B006IRQU2G 12699
B006IRQU5S 12700
B006IRQUIA 12701
B006IRQUMQ 12702
B006IRQUNA 12703
B006ISGU0M 12704
B006IVNIS6 12705
B006IW8DTO 12706
B006IW8E3Y 12707
B006IW8EA2 12708
B006J1OCHG 12709
B006JAUEK6 12710
B006JD48GY 12711
B006JD48P0 12712
B006JIL0AG 12713
B006JM1ZTI 12714
B006JN86VW 12715
B006JN86XU 12716
B006JN86Z8 12717
B006JN8770 12718
B006JN8798 12719
B006JN87CU 12720
B006JN87F2 12721
B006JN87QG 12722
B006JN87W0 12723
B006JSY3VE 12724
B006JY3OAE 12725
B006JY3OBI 12726
B006JY3OCW 12727
B006JY3OH2 12728
B006JY3OHW 12729
B006K4XXKE 12730
B006L4ZEDW 12731
B006LA6L6K 12732
B006LA6LE2 12733
B006LL3W0W 12734
B006LL3WP2 12735
B006LMRMMA 12736
B006LXMK5I 12737
B006M3M5FM 12738
B006MEVCCS 12739
B006MFQ4OS 12740
B006MHZH5I 12741
B006MJEOIM 12742
B006MK6Y8Y 12743
B006ML50RE 12744
B006MNIYFW 12745
B006MVKMTU 12746
B006MWA8O8 12747
B006MWA8QG 12748
B006MWA8WA 12749
B006MWA974 12750
B006NKFAA6 12751
B006NOC1EK 12752
B006NVU7OY 12753
B006O2BTGW 12754
B006O6GUFS 12755
B006OA8BJM 12756
B006OALDLA 12757
B006OB3JLQ 12758
B006OKEU74 12759
B006OMMTAW 12760
B006OS1B5K 12761
B006OS1B8W 12762
B006OS1BCI 12763
B006OT0ST4 12764
B006OV7RQ4 12765
B006OVPPHM 12766
B006P0FF3Q 12767
B006P0FI24 12768
B006P2TA44 12769
B006PA0KHW 12770
B006PA0TRI 12771
B006PA0WF2 12772
B006PF64AO 12773
B006PI3BUW 12774
B006PTL1QM 12775
B006QS9MKE 12776
B006QVRUS2 12777
B006QVRUY6 12778
B006QVRW2G 12779
B006QWC2ZC 12780
B006R7NJHG 12781
B006T5JZ4M 12782
B006T8KT5S 12783
B006T8KT6M 12784
B006TBYC76 12785
B006TSI7D4 12786
B006TTC50Y 12787
B006TTC54K 12788
B006TTC5F4 12789
B006TTC5GS 12790
B006TTC5J0 12791
B006TTC5PY 12792
B006TTC5SG 12793
B006TZPW2Q 12794
B006U1J5ZY 12795
B006U239KU 12796
B006U49SC6 12797
B006U49SJE 12798
B006UANCHW 12799
B006UI5ARY 12800
B006UKX6IC 12801
B006VC3LDO 12802
B006VHJL5Q 12803
B006VJ1AAI 12804
B006VRRGOO 12805
B006VUYJ00 12806
B006VXX8IQ 12807
B006W8CJ1W 12808
B006W95BWA 12809
B006WDWBK6 12810
B006WK4YB8 12811
B006WN5W5M 12812
B006WNMHYQ 12813
B006WNSHUY 12814
B006WNSHZO 12815
B006WPZUJS 12816
B006WQUI8K 12817
B006WZIB1C 12818
B006X040NY 12819
B006X08DZ0 12820
B006X0ZN3K 12821
B006X0ZN5I 12822
B006X0ZN7Q 12823
B006X202AM 12824
B006XDU7Y2 12825
B006XEH7EO 12826
B006YGCEPS 12827
B006YTGLEU 12828
B006YWIFH8 12829
B006Z510Y4 12830
B006Z7Z3IG 12831
B006Z7Z3KY 12832
B006Z7Z3L8 12833
B006Z7Z3PO 12834
B006Z7Z3ZO 12835
B006Z94HWM 12836
B006ZL1P66 12837
B006ZL2T66 12838
B006ZL84EW 12839
B006ZMN5QI 12840
B006ZPJWBM 12841
B006ZRAF0C 12842
B006ZUMMKU 12843
B006ZY0PDW 12844
B0070B9R1U 12845
B0070B9RCO 12846
B0070B9RF6 12847
B0070B9RFQ 12848
B0070B9S46 12849
B0070B9S96 12850
B0070EUH1Q 12851
B0070ZDMZ8 12852
B007146EEY 12853
B0071IUMK2 12854
B0071L6SUW 12855
B0071LEFY8 12856
B0071LEIPE 12857
B0071LEOV2 12858
B0071LEPDE 12859
B0071PT9JU 12860
B0071U3MRA 12861
B00720OO62 12862
B007232DF8 12863
B0072BNK02 12864
B0072GOJ48 12865
B0072GOJ98 12866
B0072GPQNG 12867
B0072HTWQM 12868
B0072OFOM6 12869
B0072Q4SXU 12870
B0072VFXKC 12871
B0072VFXN4 12872
B00744WZ8U 12873
B00746R3LM 12874
B0074JOCMC 12875
B0074JOCQI 12876
B0074JOCTU 12877
B0074JODC6 12878
B0074JODP8 12879
B0074JOU8I 12880
B0074JOVFK 12881
B0074JOVTQ 12882
B00753MAXA 12883
B00753MBCA 12884
B007549W44 12885
B007549W62 12886
B007549WKI 12887
B007549XLG 12888
B0075C6F8C 12889
B0076MWT7C 12890
B0076XTIWU 12891
B00770PIU8 12892
B0077176AM 12893
B007726J4U 12894
B00772HQTC 12895
B00772M1D8 12896
B0077ATSU4 12897
B0077AYMXM 12898
B0077E8RFC 12899
B0077MFBYO 12900
B0077PBPVE 12901
B0077PHJ6E 12902
B0077PHKJK 12903
B0077PTWLO 12904
B0077PTWNM 12905
B0077T5SBS 12906
B0077T5SLI 12907
B0077T5SOA 12908
B0077T5SUE 12909
B0077T5SWC 12910
B0078X2A7I 12911
B00795E3ZM 12912
B0079C8N8S 12913
B0079ILHRG 12914
B0079ILHZS 12915
B0079ILI6G 12916
B0079J28NW 12917
B0079JMM4W 12918
B0079K4W9E 12919
B0079ZWUNY 12920
B007AFS0N2 12921
B007AJMBJ2 12922
B007AJOI0C 12923
B007AYJ3CK 12924
B007BCO592 12925
B007BMIG24 12926
B007BMIG6U 12927
B007BMIGQ0 12928
B007BMIGRO 12929
B007BMIGZG 12930
B007BS38J4 12931
B007BZ083Q 12932
B007C3TVEY 12933
B007C8RZO2 12934
B007C8RZRO 12935
B007C8RZWO 12936
B007CEFTSA 12937
B007CF6S1Q 12938
B007CJL17I 12939
B007CZ37B0 12940
B007D0FVRM 12941
B007DIZQQ0 12942
B007EAFTXW 12943
B007EQR970 12944
B007F1ES28 12945
B007F8ZDEI 12946
B007FF3HQM 12947
B007FFUMKQ 12948
B007FGXVCG 12949
B007FQXEQO 12950
B007FQXEVY 12951
B007FQXEWI 12952
B007FQXEXW 12953
B007FSEAHY 12954
B007FZ7NEE 12955
B007G4X7VC 12956
B007G8SEF2 12957
B007GE98WO 12958
B007GMKX5W 12959
B007GMKXC0 12960
B007H9COG0 12961
B007HB6C9I 12962
B007HHWJD0 12963
B007HTKZ8O 12964
B007HW8U2Y 12965
B007I1Q4JU 12966
B007I1Q4MM 12967
B007I1Q54O 12968
B007I6T9MY 12969
B007I8KXDQ 12970
B007IJKQG4 12971
B007IKKSNY 12972
B007J3HWDE 12973
B007J3ISIM 12974
B007JE3JQW 12975
B007JG5HZ6 12976
B007JNZYPM 12977
B007JVM69Q 12978
B007K1I810 12979
B007K7IAGM 12980
B007K7IAHQ 12981
B007K7IAVC 12982
B007K7IB9I 12983
B007K7IC6K 12984
B007K7IC7E 12985
B007KAUWO2 12986
B007KFZ7Y2 12987
B007KW5MOU 12988
B007KW5NDA 12989
B007L6JQ3S 12990
B007L6VP46 12991
B007L6VP8W 12992
B007L6VPL4 12993
B007L6VQ2W 12994
B007L6VQWW 12995
B007L6VR6M 12996
B007L6VRHG 12997
B007LNBRKQ 12998
B007MCUAD6 12999
B007MDB6Y2 13000
B007NPUW9E 13001
B007NPXP5C 13002
B007NU54H4 13003
B007OWW6V8 13004
B007OXB1GI 13005
B007P3Q95K 13006
B007P470R0 13007
B007P9HVJC 13008
B007PK8686 13009
B007PK88AW 13010
B007PK9NG0 13011
B007PTCRIW 13012
B007PVHANM 13013
B007PVHBCC 13014
B007PXYWNQ 13015
B007PXYXEE 13016
B007Q0JJD6 13017
B007Q0JJNQ 13018
B007Q0K9ZI 13019
B007Q1GKR8 13020
B007R915PG 13021
B007R915RE 13022
B007REV4LQ 13023
B007RKFXTE 13024
B007RKFXWQ 13025
B007RMQ4CW 13026
B007RMQ4F4 13027
B007RMQ52Q 13028
B007RO8X1U 13029
B007S0DB56 13030
B007S3GIM6 13031
B007TBJD1K 13032
B007TSV4IS 13033
B007TYI7LE 13034
B007TZOD16 13035
B007U4DDXK 13036
B007UQ8IKG 13037
B007USWCMY 13038
B007UW9W8W 13039
B007V5AR64 13040
B007VI74VM 13041
B007VXT9SS 13042
B007VXTA1O 13043
B007VYEDHO 13044
B007VYQ6DS 13045
B007WGDC7I 13046
B007X1K450 13047
B007XTDWO2 13048
B007Y6CTSY 13049
B007ZMHBBM 13050
B007ZR9HPA 13051
B00803PFXG 13052
B0080BFW7W 13053
B0080OAJV8 13054
B0080QOL10 13055
B0080QOL1A 13056
B00812T29E 13057
B0081FSMMO 13058
B0081HLM2E 13059
B0081OM6UY 13060
B008220AGC 13061
B008220BGQ 13062
B008220CQU 13063
B0082SIQB2 13064
B00834JR1S 13065
B0083QJV6M 13066
B0083QJVMQ 13067
B0083SBMGW 13068
B0083SF0FG 13069
B0083SJFYS 13070
B0083TUE6A 13071
B0083TUE7E 13072
B0083TUEDS 13073
B0083UH5U2 13074
B0083UHIPE 13075
B0083UHZK2 13076
B0083XXWRE 13077
B00843TZJ2 13078
B00846OYHM 13079
B0084DVVTE 13080
B0084I0LLI 13081
B0084I9QIW 13082
B0084IHVUC 13083
B0084K6IF4 13084
B008582FCK 13085
B00858MY5S 13086
B0085A9JPO 13087
B0085A9K62 13088
B0085HWZ9Y 13089
B0085MEGE6 13090
B0085Z3AEA 13091
B0085Z6YYI 13092
B0085Z6Z2O 13093
B008645Z0M 13094
B0086A3ZL2 13095
B0086IMNRQ 13096
B0087ITBT8 13097
B0089BSNQA 13098
B0089LX8II 13099
B008BJTY4K 13100
B008BMMXF4 13101
B008C0C1Y8 13102
B008C0C23I 13103
B008CFZQQS 13104
B008CMF0P8 13105
B008CN091M 13106
B008CYDDN2 13107
B008D1R52E 13108
B008DH9O86 13109
B008DVJNTW 13110
B008EHZWOU 13111
B008EPKWWE 13112
B008FCX2D2 13113
B008FYZHLK 13114
B008G33PLO 13115
B008G4T5VM 13116
B008GM1012 13117
B008H1Q3YG 13118
B008H5J510 13119
B008H6GH7Y 13120
B008H6GH9W 13121
B008H6GHEM 13122
B008H6GHG0 13123
B008H6GHHY 13124
B008H6GHII 13125
B008H6GHJM 13126
B008H6GHKG 13127
B008H6GHL0 13128
B008H6GHLU 13129
B008HE9P3E 13130
B008HUSFIE 13131
B008HUSFJ8 13132
B008HUSFTS 13133
B008HYKH9U 13134
B008I34YYY 13135
B008I34Z34 13136
B008I3SDNC 13137
B008IG0BBQ 13138
B008IG0DJQ 13139
B008IG0F7G 13140
B008IG0FEY 13141
B008KXLAUS 13142
B008KZVNFS 13143
B008L0YMSW 13144
B008M0PBMM 13145
B008MCKLAM 13146
B008MILYYI 13147
B008MIMWP8 13148
B008N8A3DA 13149
B008N8A3JE 13150
B008NNY9HQ 13151
B008NQO10I 13152
B008OGIPJA 13153
B008OHV5R8 13154
B008OIQZ36 13155
B008OPZD8C 13156
B008P9M614 13157
B008QP3NQ4 13158
B008R65XLU 13159
B008R65XVA 13160
B008R65XWO 13161
B008R65XXS 13162
B008R65Y3C 13163
B008RA61TO 13164
B008RV5K5E 13165
B008S83IQE 13166
B008SBXFNM 13167
B008U1ANHG 13168
B008UDXBS2 13169
B008UE8ICK 13170
B008UIANNI 13171
B008UP0CIW 13172
B008UZ949K 13173
B008UZA8FY 13174
B008UZDXEW 13175
B008V8NQPE 13176
B008VBSR7S 13177
B008VIMLRI 13178
B008VNI9EW 13179
B008VPCL6M 13180
B008VPCL7G 13181
B008WAM2DI 13182
B008WAM2E2 13183
B008WAM2N8 13184
B008WAM2QK 13185
B008WAM2TW 13186
B008WCP2GA 13187
B008X8VM1W 13188
B008XAT0JG 13189
B008XAT0SW 13190
B008XAT0VO 13191
B008XAT0ZU 13192
B008XAT118 13193
B008XAT15E 13194
B008XAT1LS 13195
B008XEZXES 13196
B008XJM6H0 13197
B008XRE81E 13198
B008Y1YKTO 13199
B008Y1YKU8 13200
B008YAPR7E 13201
B008YAPRS8 13202
B008YIUC1W 13203
B008YKV2NW 13204
B008YRL6LI 13205
B008YRL6WM 13206
B008YRL7JE 13207
B008YV11JQ 13208
B008YYSEN4 13209
B008Z0D5L8 13210
B008ZQ4WEQ 13211
B008ZRKIHA 13212
B008ZRKIQ6 13213
B00900WLBW 13214
B009050H0Y 13215
B0090EDE1Y 13216
B0090EDEIC 13217
B0090EDEQY 13218
B0090F6SD4 13219
B0090JB4V6 13220
B0090JB6DC 13221
B0090JBAPG 13222
B0090JBD8A 13223
B0090JBFE2 13224
B0090JBOC0 13225
B0090JBTFM 13226
B0090O07S2 13227
B0090SI39I 13228
B0090SI3DY 13229
B0090SI3EI 13230
B0090SI3HU 13231
B0090SI42Y 13232
B0090SI4BA 13233
B0090SI4HO 13234
B0090SI4LU 13235
B0090SI55A 13236
B0090SVDRW 13237
B0090V4IPI 13238
B0090W3BNM 13239
B0090W3BPA 13240
B0090XUARQ 13241
B00911L7VA 13242
B00911MH14 13243
B00914ETQW 13244
B00915G4IC 13245
B00915G6MG 13246
B00915G6NK 13247
B00915G6OE 13248
B00915G6Q2 13249
B00915G6R6 13250
B00915G6SU 13251
B00915G6TE 13252
B00915G6WQ 13253
B00917IPSW 13254
B009186JNO 13255
B0091AUVRM 13256
B0091D48QO 13257
B0091JJ278 13258
B0091NWBC2 13259
B0092HW8OI 13260
B0092QDMQ2 13261
B0092QH902 13262
B0092U7JSU 13263
B00930LIT0 13264
B00930LJ6C 13265
B00936GS26 13266
B00938UVC2 13267
B0093DFM8A 13268
B0093DFMJ4 13269
B0093I9114 13270
B0093ICOE0 13271
B0093OFLZ8 13272
B0093QIDLK 13273
B009410JOI 13274
B00945HSU2 13275
B009474UW4 13276
B00947NAHU 13277
B0094GSRXS 13278
B0094GWPOU 13279
B0095E61U0 13280
B0095FJHXC 13281
B0095HHLMO 13282
B0095HHM78 13283
B0095XJ7OI 13284
B0095XJ7PW 13285
B0095Y3YHI 13286
B0095ZTOJ4 13287
B00960EHRC 13288
B00960EHT0 13289
B00962R0EW 13290
B00962R0F6 13291
B00962R0H4 13292
B00968THNS 13293
B0096AYJPM 13294
B0096AYKXI 13295
B0096MJH2K 13296
B0096PBD42 13297
B0096PBD5G 13298
B0096RC4X4 13299
B0096RC57O 13300
B0096RC6Z0 13301
B0096UG7XY 13302
B0096W46PS 13303
B0096W46VW 13304
B0096W4784 13305
B0096W47NO 13306
B00979JV00 13307
B00979KQK4 13308
B0097RU2LO 13309
B0098465QW 13310
B0099116AY 13311
B0099116J0 13312
B0099116S6 13313
B009934S5M 13314
B00996RSYM 13315
B009999YD2 13316
B009A87WU4 13317
B009A8825S 13318
B009A9EMYM 13319
B009AF5OY8 13320
B009AGEZ8S 13321
B009AJB0YM 13322
B009AMABH6 13323
B009AMAH9I 13324
B009AMAJBO 13325
B009AMAJVO 13326
B009AMAK54 13327
B009AMAKBI 13328
B009AMAKWM 13329
B009AMALBM 13330
B009AMALLM 13331
B009AMAM0M 13332
B009AMAOAA 13333
B009AMAOTQ 13334
B009AVC9Z4 13335
B009AVCAGC 13336
B009AVCALC 13337
B009AX48NS 13338
B009AYNOYQ 13339
B009B6XJVQ 13340
B009B82ET2 13341
B009B82EZ6 13342
B009B82F2S 13343
B009B82FCS 13344
B009B8YMOW 13345
B009B8YZIK 13346
B009C30ROU 13347
B009CI8RS8 13348
B009CSVRNU 13349
B009CW565G 13350
B009CZTFY6 13351
B009D1G9S4 13352
B009D4RPIE 13353
B009D4SQEQ 13354
B009DA74DY 13355
B009DBSWZ2 13356
B009DE6HW4 13357
B009DH36ZC 13358
B009DH371K 13359
B009DHOZ5M 13360
B009DJKKKE 13361
B009DS31ZG 13362
B009DS3VQA 13363
B009DS5Y6A 13364
B009DS6YGO 13365
B009DT9ANW 13366
B009DW5X0I 13367
B009EOMNSA 13368
B009ERK0XW 13369
B009ERK1AE 13370
B009ERK1ZO 13371
B009ERK2UI 13372
B009EU6F1U 13373
B009EU77NK 13374
B009G5C8Q4 13375
B009GG2T3A 13376
B009GGWWL4 13377
B009GJDDHS 13378
B009GUSWDM 13379
B009GXTG0C 13380
B009GYS70Q 13381
B009H3LNF2 13382
B009H3LNW0 13383
B009H3LOBK 13384
B009H3LP82 13385
B009HIKAN8 13386
B009HSDC2Y 13387
B009I23DAA 13388
B009I2OA2U 13389
B009INABXG 13390
B009INAC12 13391
B009INAHZS 13392
B009INAK8C 13393
B009IV2ZCI 13394
B009J212G6 13395
B009JBWOU0 13396
B009KKLQKO 13397
B009KU2MAM 13398
B009KU2N7E 13399
B009L0NC96 13400
B009L4DSV4 13401
B009L63QIM 13402
B009LA1QZS 13403
B009LDCX1Q 13404
B009LDCXNY 13405
B009LDD3WY 13406
B009LDD54K 13407
B009M4KSHK 13408
B009MO5960 13409
B009MO5E10 13410
B009NNM70G 13411
B009NNM9OA 13412
B009NNMAZI 13413
B009NRQTPG 13414
B009NRQU50 13415
B009OCR2U6 13416
B009OD8XQC 13417
B009OE2NZI 13418
B009OE2O1Q 13419
B009OE2O2A 13420
B009OE2O70 13421
B009OE2OCU 13422
B009OE2ODY 13423
B009P3J5XG 13424
B009P3J6D0 13425
B009PHCI68 13426
B009PN18R2 13427
B009PN3OD8 13428
B009PNHSYY 13429
B009POCG22 13430
B009RJRI2I 13431
B009RJRIJG 13432
B009RJRJ2C 13433
B009RNK0YC 13434
B009RWRINE 13435
B009RWVLN2 13436
B009RX7WTI 13437
B009SCONXQ 13438
B009TE9GZI 13439
B009TR7A08 13440
B009TT0BSE 13441
B009TTGLJ2 13442
B009TTTLD0 13443
B009UHGW7Y 13444
B009UHH26O 13445
B009VL299E 13446
B009VUCOW2 13447
B009VXVMAO 13448
B009VYAVYG 13449
B009VYE656 13450
B009W1VYFI 13451
B009WGYXIS 13452
B009X13UT0 13453
B009X484OS 13454
B009X919YU 13455
B009XJVKKS 13456
B009XTF8JM 13457
B009YQJ2Q4 13458
B009YQJ368 13459
B009YQO3MW 13460
B009YXCKDE 13461
B009Z59778 13462
B009ZNA918 13463
B009ZNTX38 13464
B00A0HT94G 13465
B00A0HT99G 13466
B00A196N8I 13467
B00A1AU64E 13468
B00A1AU6VC 13469
B00A27OJ94 13470
B00A2H9VBU 13471
B00A2H9WW8 13472
B00A2J92KI 13473
B00A2LFXVI 13474
B00A2XTJI4 13475
B00A34LX2M 13476
B00A3MBSPQ 13477
B00A429YOW 13478
B00A4F5A60 13479
B00A4TMLNG 13480
B00A4Y61ZU 13481
B00A50PD2U 13482
B00A5ABQVM 13483
B00A6EZEOM 13484
B00A6HL704 13485
B00A6SZRT0 13486
B00A6UHBJM 13487
B00A6UHC0U 13488
B00A6YR6DY 13489
B00A73ANHA 13490
B00A73ANIY 13491
B00A7E8PA6 13492
B00A7MSQRK 13493
B00A7MSQSO 13494
B00A7ZH8GM 13495
B00A7ZHDOO 13496
B00A8GBVOK 13497
B00A8KJLPM 13498
B00A8KJMP6 13499
B00A8LYYI0 13500
B00A8PPL9M 13501
B00A92MBIS 13502
B00A92MF8Y 13503
B00A92MGLA 13504
B00A9XP25G 13505
B00A9YBW0Y 13506
B00A9ZMNE2 13507
B00AA8Q0FQ 13508
B00AAA62TI 13509
B00AADADM2 13510
B00AADAEHQ 13511
B00AADAK5W 13512
B00AAN283Y 13513
B00AAQHP66 13514
B00AATFJI4 13515
B00AATFJKC 13516
B00AATGDW0 13517
B00AATGDXO 13518
B00AATGDY8 13519
B00AAXZ75K 13520
B00AAZ9FKG 13521
B00AB2NX1K 13522
B00AB55C1Q 13523
B00ABA1OP4 13524
B00ABHRMQ2 13525
B00ADO9C9I 13526
B00ADRYGSC 13527
B00AEB70V2 13528
B00AEFXL5W 13529
B00AEFY2WI 13530
B00AEFYVGU 13531
B00AEJM61I 13532
B00AEK9BKQ 13533
B00AENNHOE 13534
B00AEVXGFG 13535
B00AF1H8D6 13536
B00AF6B22E 13537
B00AFDN5Y0 13538
B00AFEYI3G 13539
B00AFEYJ80 13540
B00AFQSZ0G 13541
B00AG471ZM 13542
B00AG6NO7O 13543
B00AGMT7MY 13544
B00AGMT7WY 13545
B00AHQQHFE 13546
B00AHREQMY 13547
B00AHTKIVU 13548
B00AIA884W 13549
B00AIA89J6 13550
B00AIA89OQ 13551
B00AIANIPQ 13552
B00AIBZFDI 13553
B00AIBZJDY 13554
B00AIBZJS4 13555
B00AIBZKFG 13556
B00AIBZLR8 13557
B00AIBZMD6 13558
B00AIQD5H6 13559
B00AIZ282U 13560
B00AIZ2FPK 13561
B00AIZ2K78 13562
B00AJCVI9Q 13563
B00AJCX1I2 13564
B00AJEL71S 13565
B00AJER44M 13566
B00AJLHUYO 13567
B00AJLHVES 13568
B00AJXO42S 13569
B00AJXO48W 13570
B00AJXO56I 13571
B00AJXO5X6 13572
B00AK51O96 13573
B00AKB8OZC 13574
B00AKB8PWE 13575
B00AKFF6PE 13576
B00AKGG5PS 13577
B00AKGG6JS 13578
B00AKHE40U 13579
B00AKIP9Y4 13580
B00AKIPAG6 13581
B00AKK6LM6 13582
B00AKK6MD4 13583
B00AKOMGZ8 13584
B00AL6P4A4 13585
B00ALMNCLQ 13586
B00ALTQRNO 13587
B00ALTQRRK 13588
B00ALX3QBQ 13589
B00AMDA2O4 13590
B00AMDA2OY 13591
B00AMHFPK6 13592
B00AMHFQXM 13593
B00AML732A 13594
B00AMQG8NU 13595
B00AMQGB6O 13596
B00AMQGFJM 13597
B00AMQGGFA 13598
B00AMR5FGA 13599
B00AMSLDW4 13600
B00AMSLDX8 13601
B00AMSM9AO 13602
B00AMSNEGM 13603
B00AMSQBNK 13604
B00AMSQBSU 13605
B00AMSQBUI 13606
B00AMSS3TU 13607
B00AMSS3UO 13608
B00AMSS3XQ 13609
B00AMSTXSU 13610
B00AMU8K8C 13611
B00AMXSFRK 13612
B00AN10NU8 13613
B00AN5LCXQ 13614
B00AN5LD2Q 13615
B00ANDDBBY 13616
B00ANGICCO 13617
B00ANGICPG 13618
B00ANJNFCI 13619
B00ANRG432 13620
B00ANT85VY 13621
B00ANV82HE 13622
B00ANVX6DY 13623
B00AO1RKFS 13624
B00AO1RKOO 13625
B00AO686E2 13626
B00AOCDDDK 13627
B00AOCDDO4 13628
B00AP2DC94 13629
B00APGRMX2 13630
B00APH7PTC 13631
B00APOQR4E 13632
B00APW2U88 13633
B00AQ590C8 13634
B00AQ590DM 13635
B00AQ590FK 13636
B00AQ590IC 13637
B00AQ590KU 13638
B00AQ5SPBU 13639
B00AQ5U234 13640
B00AQ6BCGO 13641
B00AQ6J536 13642
B00AQ6J5JU 13643
B00AQ8IUJ4 13644
B00AQAZZ3Q 13645
B00AQAZZ40 13646
B00AQBDU4Q 13647
B00AQGE5BS 13648
B00AQJ6QJY 13649
B00AQJANI4 13650
B00AQMGQVY 13651
B00AQN09G6 13652
B00AQSN620 13653
B00AQVMZKQ 13654
B00AQVMZXS 13655
B00ARA4SLU 13656
B00AREP9VE 13657
B00ARRQ9NI 13658
B00ARWX2SI 13659
B00AS1Q8FW 13660
B00AT6NUN4 13661
B00ATCDGHI 13662
B00ATK0452 13663
B00AU15GLC 13664
B00AU740H2 13665
B00AUJH30Q 13666
B00AUJH3GU 13667
B00AUMMYZW 13668
B00AUPSR14 13669
B00AW8OZ88 13670
B00AW9M3XQ 13671
B00AW9M4FS 13672
B00AW9M54I 13673
B00AW9M7TG 13674
B00AW9M8N6 13675
B00AW9MB4W 13676
B00AWHDFHQ 13677
B00AWI6ZS6 13678
B00AWN5ASW 13679
B00AWSX6CY 13680
B00AWWX7X8 13681
B00AX5B0O2 13682
B00AX5B0QU 13683
B00AX5B0RY 13684
B00AXFK96M 13685
B00AXJQV2O 13686
B00AY2DL78 13687
B00AY6PK5A 13688
B00AYGVCCK 13689
B00AYHKJOG 13690
B00AYVI6SI 13691
B00AZESO72 13692
B00AZFECT0 13693
B00AZI9JP4 13694
B00AZKY0OW 13695
B00AZL30H4 13696
B00AZL310A 13697
B00AZMFG48 13698
B00AZMFINM 13699
B00AZMFJ90 13700
B00AZMFKNK 13701
B00AZMFL2K 13702
B00AZMFM3I 13703
B00AZMFO0E 13704
B00AZMFONG 13705
B00AZNEVNE 13706
B00B00HUC0 13707
B00B04NIZO 13708
B00B04NJLW 13709
B00B06GF3Y 13710
B00B0FQ8NC 13711
B00B18FA50 13712
B00B1DV59A 13713
B00B1E6EAY 13714
B00B1LKXZY 13715
B00B1LM730 13716
B00B1LM74O 13717
B00B1RB8ZC 13718
B00B209RHY 13719
B00B2BYY3U 13720
B00B2TU1R0 13721
B00B2TUCBA 13722
B00B2VMNM4 13723
B00B2YH7BS 13724
B00B4EPDF8 13725
B00B4J2L4E 13726
B00B4MMVVY 13727
B00B4TAXXK 13728
B00B50J8ZC 13729
B00B52F278 13730
B00B58FUBA 13731
B00B58FURY 13732
B00B58FWGI 13733
B00B58FWTU 13734
B00B58FWYA 13735
B00B5A9FNM 13736
B00B5A9FOG 13737
B00B5AP7NY 13738
B00B5DWH0W 13739
B00B657N6W 13740
B00B6DTFK6 13741
B00B6DTGGO 13742
B00B6OEB6S 13743
B00B6S56X6 13744
B00B6W9UKC 13745
B00B74MJOS 13746
B00B76JW7I 13747
B00B7EQPNE 13748
B00B7K0K98 13749
B00B83N2NU 13750
B00B83OIVA 13751
B00B83ROIE 13752
B00B89X0CW 13753
B00B8PRDHE 13754
B00B8WD0DS 13755
B00B94VG72 13756
B00B94VJYW 13757
B00B96TGQS 13758
B00B999F2U 13759
B00BACT1I4 13760
B00BAQZDU0 13761
B00BARKZ1G 13762
B00BATGDCO 13763
B00BAXTY30 13764
B00BAXTY6M 13765
B00BAXTY6W 13766
B00BAXTY7G 13767
B00BAXTY8U 13768
B00BAXTY9O 13769
B00BAXTYG2 13770
B00BAXTYGW 13771
B00BAXTYI0 13772
B00BB8LTDM 13773
B00BB8LU5Y 13774
B00BBAGF0W 13775
B00BBAQD8G 13776
B00BBE9668 13777
B00BBI7DU0 13778
B00BBI7EZY 13779
B00BBTNOE8 13780
B00BBUNUOG 13781
B00BC0JJDQ 13782
B00BC0WR9O 13783
B00BC1UPP6 13784
B00BC1UPRO 13785
B00BC36XFK 13786
B00BC36YWC 13787
B00BC75HTE 13788
B00BCB1JJW 13789
B00BCMSXOK 13790
B00BCMSYDU 13791
B00BCMT0AQ 13792
B00BCMT1PK 13793
B00BCMT2CC 13794
B00BCMT2EA 13795
B00BCMT3TO 13796
B00BCOVMD2 13797
B00BCPOEI6 13798
B00BCPOEIG 13799
B00BCPOFQ2 13800
B00BCV3IN2 13801
B00BD5GGI6 13802
B00BD6KETC 13803
B00BD6M5ZS 13804
B00BDSRM4K 13805
B00BDZV4OW 13806
B00BDZV4PQ 13807
B00BDZV8TI 13808
B00BDZV8ZM 13809
B00BEEKN26 13810
B00BEHOEX2 13811
B00BEIYG98 13812
B00BEIYGT8 13813
B00BEIYGXE 13814
B00BEIYHT2 13815
B00BEIYIUA 13816
B00BEIYKDU 13817
B00BEIYKX0 13818
B00BEIYLAW 13819
B00BEIYM42 13820
B00BEIYNDW 13821
B00BEIYNIW 13822
B00BEIYO5O 13823
B00BEIYOMC 13824
B00BEIYP1W 13825
B00BEIYPN0 13826
B00BEIYRQA 13827
B00BEIYRYM 13828
B00BEIYSL4 13829
B00BEJL4XS 13830
B00BEJL5LE 13831
B00BEJL69U 13832
B00BEJL6JK 13833
B00BEL4QFO 13834
B00BEYWW4I 13835
B00BEZEDNU 13836
B00BF0CGT2 13837
B00BF0SKKQ 13838
B00BF5CTWQ 13839
B00BFCMXRK 13840
B00BFO5PN2 13841
B00BFSPY84 13842
B00BG4R8SG 13843
B00BG4REFS 13844
B00BG4RJG2 13845
B00BGDCX0A 13846
B00BGGITV4 13847
B00BGGITX2 13848
B00BGI05Y6 13849
B00BGI07NK 13850
B00BGLQHWW 13851
B00BGO4XFM 13852
B00BH4172I 13853
B00BH418RW 13854
B00BH419CG 13855
B00BHK99JU 13856
B00BHLTIT0 13857
B00BHO7M5O 13858
B00BHWG0G8 13859
B00BHWG0N6 13860
B00BI5YEWG 13861
B00BI6SKYI 13862
B00BI6SPLG 13863
B00BI6SUIE 13864
B00BI7ZAM2 13865
B00BIQW7OM 13866
B00BIR2A3E 13867
B00BIYQOXY 13868
B00BJ0RERM 13869
B00BJ0RGCU 13870
B00BJ4CDL0 13871
B00BJB2GWY 13872
B00BJC8RPI 13873
B00BJLDJ2U 13874
B00BJO5SPS 13875
B00BK82YZU 13876
B00BK86S4I 13877
B00BK8E4D0 13878
B00BKBCHFE 13879
B00BKBCLBY 13880
B00BL0MGB4 13881
B00BL0WKQK 13882
B00BL1BH0O 13883
B00BL1BIP8 13884
B00BL1BJFW 13885
B00BL9GCUG 13886
B00BL9NQ00 13887
B00BLA94IM 13888
B00BLN4UVU 13889
B00BLN4V2I 13890
B00BLN4V4G 13891
B00BLN4V6E 13892
B00BLNDRKK 13893
B00BLOKNVK 13894
B00BMIVK4E 13895
B00BMRTPEM 13896
B00BMTYW20 13897
B00BMUL4MK 13898
B00BNADXSC 13899
B00BNAE14W 13900
B00BNAE1BA 13901
B00BNAE30O 13902
B00BNAE6M4 13903
B00BNESEVE 13904
B00BNH9NCU 13905
B00BNH9NNE 13906
B00BNH9O8I 13907
B00BNQ7PUS 13908
B00BNV9WCW 13909
B00BNWWVFG 13910
B00BO9PJAM 13911
B00BOTCHRU 13912
B00BPEJZEM 13913
B00BPFPNCE 13914
B00BPRI6WG 13915
B00BQ1D7WK 13916
B00BQ412GU 13917
B00BQ412J2 13918
B00BQI3VSI 13919
B00BQI43E4 13920
B00BQI49VG 13921
B00BQK4XUQ 13922
B00BQK4Y1Y 13923
B00BQK4YEG 13924
B00BQNSJVC 13925
B00BQRBGYA 13926
B00BQRBIS4 13927
B00BQTLVWK 13928
B00BQXTCNQ 13929
B00BQXTCVS 13930
B00BQXTCYK 13931
B00BQXTD4O 13932
B00BR0SECI 13933
B00BRBIABM 13934
B00BRKYZVM 13935
B00BSN0VZ2 13936
B00BSU0FPG 13937
B00BSVUED8 13938
B00BT765ZM 13939
B00BT7664M 13940
B00BTJTYB2 13941
B00BTJV9RO 13942
B00BTRKMNI 13943
B00BTYHBWG 13944
B00BTYXNQE 13945
B00BTYXNRI 13946
B00BU5YQQS 13947
B00BU984DK 13948
B00BUAJZGY 13949
B00BUDDMGU 13950
B00BUEUH6C 13951
B00BUH1QHS 13952
B00BURN0GI 13953
B00BUWD7UW 13954
B00BUWD7WA 13955
B00BUYWJEA 13956
B00BVMX9O0 13957
B00BVMXBDO 13958
B00BW4S87A 13959
B00BW4S87U 13960
B00BW4S89S 13961
B00BW7ZMAS 13962
B00BWHAP6Y 13963
B00BWQU0RY 13964
B00BWRKVTU 13965
B00BWU1EPW 13966
B00BWUS3BK 13967
B00BWUVIXU 13968
B00BWV07XG 13969
B00BX8A92C 13970
B00BX8PG5M 13971
B00BXRVQO8 13972
B00BXTDVEO 13973
B00BXTH44C 13974
B00BXTH49M 13975
B00BY0EBDC 13976
B00BY0EBK0 13977
B00BY6XM5E 13978
B00BY8D9UU 13979
B00BYEWR2K 13980
B00BYNL8DU 13981
B00BYS0WGE 13982
B00BYS0XWC 13983
B00BZ668FE 13984
B00BZILQL8 13985
B00BZZMXMW 13986
B00C0YUY4Q 13987
B00C12ZIN4 13988
B00C1AIMXE 13989
B00C1LIZMQ 13990
B00C25352Q 13991
B00C2535TE 13992
B00C2A4SYA 13993
B00C2CDJ34 13994
B00C2JD630 13995
B00C2R11Z2 13996
B00C2R124W 13997
B00C391Y3I 13998
B00C3ALL9O 13999
B00C3JUAYW 14000
B00C3JULLY 14001
B00C4BDG7M 14002
B00C4BDG7W 14003
B00C6ACVD6 14004
B00C6ACWLC 14005
B00C6ATG98 14006
B00C6BFIYE 14007
B00C6F622M 14008
B00C6QXFIU 14009
B00C6WHSRI 14010
B00C70FFUG 14011
B00C7A8WNS 14012
B00C7A8WWO 14013
B00C7A8WY2 14014
B00C7A8WZQ 14015
B00C7AOAEI 14016
B00C7BZYRO 14017
B00C7BZZ32 14018
B00C7BZZRI 14019
B00C7C014Y 14020
B00C7C025M 14021
B00C7C02KC 14022
B00C7E3E6E 14023
B00C7E3E7S 14024
B00C7FKQWS 14025
B00C7MW53E 14026
B00C7MW5EI 14027
B00C7MW5SE 14028
B00C7OB6QY 14029
B00C7PSGBQ 14030
B00C7QD8MC 14031
B00C7T0EPS 14032
B00C81AW8E 14033
B00C888MJ8 14034
B00C888NFQ 14035
B00C888NRO 14036
B00C888OFA 14037
B00C8CQRQ4 14038
B00C9G22R2 14039
B00C9WH2R6 14040
B00CA3M7H4 14041
B00CA3M7L0 14042
B00CA4S024 14043
B00CA4S04C 14044
B00CAATSME 14045
B00CANKYX8 14046
B00CAWF150 14047
B00CAYH23M 14048
B00CB5ERCY 14049
B00CB7SRG4 14050
B00CBG9SQS 14051
B00CBJ53HS 14052
B00CBLP2T0 14053
B00CBMWLU2 14054
B00CBVWWUW 14055
B00CC34978 14056
B00CC6Z0ZK 14057
B00CCYNYBO 14058
B00CD45IYO 14059
B00CD45J52 14060
B00CD45JCU 14061
B00CD45JDE 14062
B00CD45JGG 14063
B00CDAG0WW 14064
B00CDEJRDC 14065
B00CDH9VEE 14066
B00CDV4NN4 14067
B00CDV4NTS 14068
B00CDV4OEC 14069
B00CDV4OR4 14070
B00CDV4Q9A 14071
B00CDWQNZ4 14072
B00CEAXE7U 14073
B00CEIOH3M 14074
B00CEIOH9G 14075
B00CENRUB8 14076
B00CENSU1W 14077
B00CENW0H2 14078
B00CENWUZE 14079
B00CERJI5U 14080
B00CERJINC 14081
B00CFB6OPM 14082
B00CFK5J9U 14083
B00CG0YM24 14084
B00CIJ93DQ 14085
B00CJ0402I 14086
B00CJ318FM 14087
B00CJ318SE 14088
B00CJ5BG8Y 14089
B00CJ7Y0US 14090
B00CKWI13O 14091
B00CL0MCN0 14092
B00CL1516E 14093
B00CL151P0 14094
B00CL151ZU 14095
B00CLGXC24 14096
B00CM0EQC4 14097
B00CMDPTJ0 14098
B00CMHL3GY 14099
B00CMIQ32M 14100
B00CMQID9K 14101
B00CMQX84A 14102
B00COT74RW 14103
B00CPEK3NI 14104
B00CPN933U 14105
B00CPR3RB0 14106
B00CPSGI8S 14107
B00CPTUN5G 14108
B00CPTUN8S 14109
B00CPTUNY2 14110
B00CPTUO1Y 14111
B00CPTUO8W 14112
B00CPTUOBO 14113
B00CQ8792G 14114
B00CQ8U6A8 14115
B00CQ9VEDK 14116
B00CREAO9O 14117
B00CRF4S0O 14118
B00CRFQTWY 14119
B00CRRCF20 14120
B00CRVL5ZE 14121
B00CRWDKRO 14122
B00CS1N1XC 14123
B00CS7GYF8 14124
B00CS9NI1E 14125
B00CSALPOU 14126
B00CSCJ02M 14127
B00CSW08NC 14128
B00CT1HP2Y 14129
B00CT1JQG2 14130
B00CT1MJHU 14131
B00CT1NSC0 14132
B00CT502SO 14133
B00CTHOG02 14134
B00CTMQ7WM 14135
B00CTQWIYO 14136
B00CTWBPQ0 14137
B00CTWSGA8 14138
B00CU2QTGU 14139
B00CU2RNVA 14140
B00CU55HHY 14141
B00CU6WBB8 14142
B00CU6WBFE 14143
B00CU6WBOU 14144
B00CU6WBSQ 14145
B00CU6WC94 14146
B00CUKTGSA 14147
B00CV1PG32 14148
B00CV922RM 14149
B00CVB6UXW 14150
B00CVB6XZM 14151
B00CWBPQ22 14152
B00CWM7EPS 14153
B00CWR111G 14154
B00CWZUOV6 14155
B00CX7OVJO 14156
B00CX7TOOG 14157
B00CXRTGSA 14158
B00CXVRDEA 14159
B00CYLRQ46 14160
B00CYMMSH0 14161
B00CYMMU3W 14162
B00CYQXATG 14163
B00CYQXBSQ 14164
B00CYQXD2K 14165
B00CYQXDNE 14166
B00CYQXE10 14167
B00CYQXETM 14168
B00CYQXFP0 14169
B00CYQXGMW 14170
B00CYQXH4O 14171
B00CZ138YM 14172
B00CZ7AL32 14173
B00CZB9BE8 14174
B00CZC9QZQ 14175
B00CZP9YWS 14176
B00D09AYJK 14177
B00D0Z2JT2 14178
B00D1D46FI 14179
B00D1VVT28 14180
B00D25MJ8G 14181
B00D2D1WVI 14182
B00D2UMHD8 14183
B00D2UMHSI 14184
B00D2UMHVA 14185
B00D2UMHWO 14186
B00D2UMI7I 14187
B00D2YCLEO 14188
B00D2ZF24O 14189
B00D39UPUU 14190
B00D39UQ2W 14191
B00D3LA6BQ 14192
B00D3LA6M0 14193
B00D3PYS6Q 14194
B00D3UOE7O 14195
B00D3XM3MY 14196
B00D3XM892 14197
B00D49YBTA 14198
B00D49YDR0 14199
B00D49YEHO 14200
B00D4C6780 14201
B00D4G0O4E 14202
B00D4QPL1A 14203
B00D6I7EC0 14204
B00D6I7HH2 14205
B00D6I7JEI 14206
B00D78DBPS 14207
B00D7AM2GA 14208
B00D7AM2PQ 14209
B00D7AM2WO 14210
B00D7AM2YW 14211
B00D7AM64I 14212
B00D7AM6QQ 14213
B00D8MWW26 14214
B00D90UW42 14215
B00D91GRA4 14216
B00D954AGS 14217
B00D97DLYS 14218
B00D97DMQU 14219
B00D9EJFQY 14220
B00D9EJFS2 14221
B00D9EJFV4 14222
B00D9EJFYQ 14223
B00D9EJFZA 14224
B00D9SRBZC 14225
B00DB43PLI 14226
B00DB97LHC 14227
B00DB97LMW 14228
B00DB97LZ4 14229
B00DBPBOYM 14230
B00DBPBP8C 14231
B00DBVHHDS 14232
B00DC5K1FO 14233
B00DC5K2J4 14234
B00DCG3696 14235
B00DCHPXKK 14236
B00DCLT8RA 14237
B00DCLTFCI 14238
B00DCRE50O 14239
B00DCRE590 14240
B00DCRE87O 14241
B00DCS9TP4 14242
B00DD56724 14243
B00DDHFKMA 14244
B00DDT0J88 14245
B00DDT0JB0 14246
B00DDT944I 14247
B00DEKKEPO 14248
B00DEKKFBW 14249
B00DENJIDU 14250
B00DEQQK8S 14251
B00DGCIYZC 14252
B00DGCIZD8 14253
B00DGKFQSW 14254
B00DGWZKHM 14255
B00DHB3U4W 14256
B00DHB3V14 14257
B00DHB419U 14258
B00DHD933W 14259
B00DHDDE0A 14260
B00DHJSXLY 14261
B00DHJT200 14262
B00DHJT4DU 14263
B00DHJT5Q6 14264
B00DHRLK84 14265
B00DHS8MUM 14266
B00DHS8N3S 14267
B00DI0135K 14268
B00DIR2PIW 14269
B00DJ44MRG 14270
B00DJQKJO4 14271
B00DJYJOPG 14272
B00DJYJPLO 14273
B00DJYJQ6I 14274
B00DJYJT5Q 14275
B00DJYJWVW 14276
B00DJYK1XU 14277
B00DJYKDCY 14278
B00DL47424 14279
B00DL477I0 14280
B00DL479DS 14281
B00DL47KWI 14282
B00DL47RQ2 14283
B00DL47V1S 14284
B00DL47XES 14285
B00DL47YY2 14286
B00DL6ICD2 14287
B00DLX76BY 14288
B00DMEC0WW 14289
B00DMK6WN4 14290
B00DMUFYZQ 14291
B00DN9LAJU 14292
B00DNF1QCK 14293
B00DNF1R74 14294
B00DNF1RAQ 14295
B00DNF1RM4 14296
B00DNF1S28 14297
B00DNF1SKK 14298
B00DNF1TB8 14299
B00DNJ99F2 14300
B00DNLZNH8 14301
B00DNLZNYG 14302
B00DNLZOCC 14303
B00DNLZQFW 14304
B00DNLZR1U 14305
B00DNLZRHO 14306
B00DNLZRLU 14307
B00DNLZRXI 14308
B00DNLZS32 14309
B00DNQCH0Y 14310
B00DNQKF2G 14311
B00DNQM7N6 14312
B00DNR0DPO 14313
B00DOB3N56 14314
B00DOBD482 14315
B00DON8NHM 14316
B00DOZNF1O 14317
B00DOZNGC2 14318
B00DOZNGT0 14319
B00DOZNGTK 14320
B00DOZNH58 14321
B00DOZNI8Y 14322
B00DOZRT0W 14323
B00DP4YC7U 14324
B00DP9MDE4 14325
B00DPCR4S6 14326
B00DPDMWW8 14327
B00DPH7RBU 14328
B00DPH7SZA 14329
B00DPJEW4I 14330
B00DPL32ME 14331
B00DPUB59W 14332
B00DPUB5LK 14333
B00DPYH3BM 14334
B00DQEHKZ0 14335
B00DQFMHPC 14336
B00DQFWFMC 14337
B00DQN6IOK 14338
B00DQR8Z3S 14339
B00DQVST76 14340
B00DRDBTT8 14341
B00DRGDKK6 14342
B00DRQETJM 14343
B00DRQETNI 14344
B00DRQEU28 14345
B00DS79GY8 14346
B00DS79HBU 14347
B00DS79HCE 14348
B00DS79HGK 14349
B00DS79HK6 14350
B00DSAUJ32 14351
B00DSAUN1A 14352
B00DSDUVFK 14353
B00DT55O9U 14354
B00DT55OBI 14355
B00DT55ORM 14356
B00DT55P9Y 14357
B00DTECHWS 14358
B00DTPRYY8 14359
B00DTPRZ10 14360
B00DUD7VDI 14361
B00DUF0IFO 14362
B00DUJBVQA 14363
B00DUJBWIW 14364
B00DUQIEUO 14365
B00DV1XYTO 14366
B00DV75IVK 14367
B00DVD5Q8E 14368
B00DVD5STQ 14369
B00DW5IKN4 14370
B00DW5IKNO 14371
B00DW5ILF6 14372
B00DW7IV5O 14373
B00DW8E6K2 14374
B00DWFVCLQ 14375
B00DWGO02I 14376
B00DXJ1ZFO 14377
B00DXLO086 14378
B00DXOIEFI 14379
B00DXP7L88 14380
B00DY1KPLG 14381
B00DY64A3U 14382
B00DY64BLG 14383
B00DY64C8S 14384
B00DY64CR4 14385
B00DY9GSRS 14386
B00DYAE2IY 14387
B00DYEBLYI 14388
B00DYQ1G78 14389
B00DYRNGQ6 14390
B00DZ48IH0 14391
B00DZBZPHY 14392
B00DZH7QV6 14393
B00DZSPP2C 14394
B00DZUD40K 14395
B00DZUV0M4 14396
B00E00GBYA 14397
B00E00ORZK 14398
B00E0FW054 14399
B00E0KWBE4 14400
B00E0MT3SE 14401
B00E0QSGKG 14402
B00E1HIXDY 14403
B00E1LQRWY 14404
B00E1LRCY6 14405
B00E1LSX44 14406
B00E1QLEJA 14407
B00E21QTHQ 14408
B00E3G1G46 14409
B00E3HDW3I 14410
B00E3UN6N6 14411
B00E3V9UKI 14412
B00E44EZHC 14413
B00E44EZUE 14414
B00E4Q6TMO 14415
B00E4Q6TYM 14416
B00E56GB12 14417
B00E5N8DGG 14418
B00E5ZOXP4 14419
B00E687JK6 14420
B00E688AZE 14421
B00E688U9K 14422
B00E6D4HHO 14423
B00E6F15HM 14424
B00E6PUYDI 14425
B00E6PUYJW 14426
B00E6QHY9Y 14427
B00E8A0P80 14428
B00E8A0PNK 14429
B00E8AVN9U 14430
B00E8G5H0K 14431
B00E8G5HQE 14432
B00E8RKHWW 14433
B00E8RVSZC 14434
B00E8UKY3Q 14435
B00E96AYYS 14436
B00E99FY9K 14437
B00E9FIFVS 14438
B00EAH3GHI 14439
B00EALTVJ6 14440
B00EALTWHW 14441
B00EAPC860 14442
B00EBJ64Z6 14443
B00EC9UHZI 14444
B00ECFEL2C 14445
B00ECGEGGM 14446
B00ECGIL9K 14447
B00ECJGB44 14448
B00ECVPOZO 14449
B00ECXJBTM 14450
B00ECXJBX8 14451
B00ECXJC28 14452
B00EDM2QUS 14453
B00EDM2RMA 14454
B00EDM2RN4 14455
B00EDQCIGG 14456
B00EDR5N3A 14457
B00EDUCO3O 14458
B00EE25ELA 14459
B00EE41SAE 14460
B00EE6C4CI 14461
B00EE6C4NW 14462
B00EE8AIV0 14463
B00EEBNCI8 14464
B00EEE999G 14465
B00EEW1D2Y 14466
B00EF0NYVI 14467
B00EF1PLV8 14468
B00EF1PM44 14469
B00EF447W4 14470
B00EF4U78M 14471
B00EF4U7AK 14472
B00EF4U7JQ 14473
B00EH4KY2Y 14474
B00EHJNR4G 14475
B00EHK2S04 14476
B00EI2CUN6 14477
B00EI3X9Z8 14478
B00EI3XANO 14479
B00EI3XB9W 14480
B00EIJTLK4 14481
B00EIPEQLW 14482
B00EIXWMII 14483
B00EJFEN50 14484
B00EJGMH7U 14485
B00EJU9GQ6 14486
B00EJUXNOM 14487
B00EJXX2DQ 14488
B00EK52XQK 14489
B00EK6RM92 14490
B00EKFI1HA 14491
B00EKGX4GW 14492
B00EKR61BQ 14493
B00EL6NWB8 14494
B00EL6NWQI 14495
B00EL6NWWC 14496
B00ELKDD9U 14497
B00ELMZ60M 14498
B00EMLRKIS 14499
B00EMLRKLA 14500
B00EMN0COA 14501
B00EN2GYFG 14502
B00ENFS0FK 14503
B00ENFS0GY 14504
B00ENO1LSY 14505
B00ENO3RXG 14506
B00ENP6I9U 14507
B00EO2I6RO 14508
B00EOBB6DQ 14509
B00EOBB866 14510
B00EOHGQPI 14511
B00EOMJ9O8 14512
B00EOMJB5A 14513
B00EPA3UVW 14514
B00EPH8SEY 14515
B00EPOHRDU 14516
B00EQ2KXA0 14517
B00EQFFP28 14518
B00ERH1718 14519
B00ESFCETS 14520
B00ESG5AD4 14521
B00ESK1PES 14522
B00ESZZOBS 14523
B00ESZZOEA 14524
B00ESZZOM2 14525
B00ESZZOMM 14526
B00ET6LPRI 14527
B00ET9X5ZU 14528
B00ETHN9L2 14529
B00EU8RB14 14530
B00EU8RBXW 14531
B00EUEWQ2W 14532
B00EUI4XHE 14533
B00EV1D4IY 14534
B00EV1YZD2 14535
B00EV1YZDM 14536
B00EV1YZRI 14537
B00EV4F5TC 14538
B00EV5I8JA 14539
B00EVBG922 14540
B00EVU3SYA 14541
B00EW63A3C 14542
B00EXAXZVY 14543
B00EXPOCBG 14544
B00EXPOCXY 14545
B00EXPOEGO 14546
B00EYA6VF0 14547
B00EYA6VGY 14548
B00EYPJHDI 14549
B00EZ0DXL4 14550
B00EZ227DW 14551
B00EZ227X2 14552
B00EZ4DXBU 14553
B00EZ50RFY 14554
B00EZCVFGC 14555
B00EZDHVU0 14556
B00EZPCYFU 14557
B00EZQH11G 14558
B00EZQOLKA 14559
B00F031XPS 14560
B00F0JG7E4 14561
B00F1BFL3Y 14562
B00F1BFZXA 14563
B00F1FVKVC 14564
B00F37VHBQ 14565
B00F37VHPM 14566
B00F3L8OKY 14567
B00F3L8OP4 14568
B00F3LV4FG 14569
B00F3M3ZC0 14570
B00F3OLV9M 14571
B00F3OLVYC 14572
B00F3TDA2I 14573
B00F40UBM8 14574
B00F4CIPRE 14575
B00F5CQ78C 14576
B00F5ZHI14 14577
B00F6D62O4 14578
B00F6SAMTA 14579
B00F6Y3FLG 14580
B00F77MAC2 14581
B00F77MARM 14582
B00F878KAC 14583
B00F878KFM 14584
B00F988AV4 14585
B00F98FNRS 14586
B00F98FOI6 14587
B00F98FOPE 14588
B00F9D00SU 14589
B00F9F4DX6 14590
B00F9F975A 14591
B00F9IB1M4 14592
B00FA97P2W 14593
B00FA9CIKG 14594
B00FAI3GOE 14595
B00FAMJ964 14596
B00FAPPQ54 14597
B00FB1E9XC 14598
B00FC1ZC2S 14599
B00FC1ZC9Q 14600
B00FDJGL6A 14601
B00FDZ7VZE 14602
B00FDZ7W08 14603
B00FE5MX74 14604
B00FE5N09Y 14605
B00FEFOK4I 14606
B00FEHCPZ2 14607
B00FEHCQYW 14608
B00FEHCR1E 14609
B00FEOYY8G 14610
B00FEP9PQG 14611
B00FERT0PK 14612
B00FERT1TU 14613
B00FF5KW8A 14614
B00FF9SKP8 14615
B00FF9SKSK 14616
B00FFARI7I 14617
B00FFB1KTE 14618
B00FFSTP94 14619
B00FGEO9NE 14620
B00FGK84JS 14621
B00FGVRZR4 14622
B00FGVS06E 14623
B00FJO95TE 14624
B00FJWM04S 14625
B00FJYXQCG 14626
B00FK9KTRU 14627
B00FKIB3XA 14628
B00FKN1GJQ 14629
B00FKPHNF0 14630
B00FKPJ3VM 14631
B00FKT9DYK 14632
B00FKTB1H2 14633
B00FL1BHTG 14634
B00FL2EWYM 14635
B00FL2F2UK 14636
B00FL31UF0 14637
B00FLDG52I 14638
B00FM4S7KO 14639
B00FM4S7P4 14640
B00FM4S8H6 14641
B00FM4S8IU 14642
B00FMGPVCO 14643
B00FMGPWNW 14644
B00FMR66J0 14645
B00FNPQW2W 14646
B00FNR9ZN8 14647
B00FNRA0KA 14648
B00FOGH2RY 14649
B00FOHHO80 14650
B00FOLGW48 14651
B00FPP99MK 14652
B00FPPQYXM 14653
B00FPUN57K 14654
B00FPVGWY2 14655
B00FPWWCCC 14656
B00FQLK2TM 14657
B00FQY4C86 14658
B00FR1WZDM 14659
B00FR23GPW 14660
B00FR23O4U 14661
B00FR23QNE 14662
B00FR23S3W 14663
B00FR81Z40 14664
B00FR83S18 14665
B00FRE6OB8 14666
B00FRILRL6 14667
B00FRILRRK 14668
B00FRKKVL6 14669
B00FRQ0HOQ 14670
B00FRQ0L2O 14671
B00FRY70K2 14672
B00FTGYPK6 14673
B00FUABJMS 14674
B00FW6BBM8 14675
B00FWMVVJ0 14676
B00FWMVVLS 14677
B00FWSWFD0 14678
B00FWUX94M 14679
B00FWVXRLG 14680
B00FWVXRNE 14681
B00FX58Y9Q 14682
B00FXB8RRO 14683
B00FXOO1VC 14684
B00FXWAZX2 14685
B00FYPEEFS 14686
B00FYV7WCY 14687
B00FZ4KT84 14688
B00FZIIPUO 14689
B00G0INDXC 14690
B00G0PXU1A 14691
B00G2IREUI 14692
B00G2PA0ES 14693
B00G3B2DWI 14694
B00G3BRC24 14695
B00G3BRCBU 14696
B00G3BVTKA 14697
B00G3D732Q 14698
B00G3HOLV8 14699
B00G4NV7B8 14700
B00G4Q3KOC 14701
B00G575OV2 14702
B00G575PI4 14703
B00G575PM0 14704
B00G5GNZ1E 14705
B00G5N6C8U 14706
B00G6SO7A4 14707
B00G7M190U 14708
B00G7QQ1CC 14709
B00G7QQ1Y0 14710
B00GAHG7PE 14711
B00GAJFIXO 14712
B00GAXASK8 14713
B00GAXASKS 14714
B00GAXASLC 14715
B00GB0ORJ8 14716
B00GB0ORSE 14717
B00GB0OSP6 14718
B00GB0OTNM 14719
B00GBZVOEY 14720
B00GC2KI2U 14721
B00GD7UMDO 14722
B00GD7UO6E 14723
B00GD9GNEY 14724
B00GDEZNTK 14725
B00GDEZP52 14726
B00GDEZPGG 14727
B00GDM4O3I 14728
B00GEKO51U 14729
B00GG2M7K2 14730
B00GGMKSGM 14731
B00GHH9GXC 14732
B00GHH9HZY 14733
B00GHH9IIA 14734
B00GHH9IRG 14735
B00GHJX8W0 14736
B00GHP8SH4 14737
B00GHP8SS8 14738
B00GHP8T1Y 14739
B00GHU35HM 14740
B00GI0SX7S 14741
B00GICGEAE 14742
B00GJ6HQDI 14743
B00GJFX8TA 14744
B00GJNQ2NG 14745
B00GJNQ3S0 14746
B00GJNQ65U 14747
B00GJOXW1A 14748
B00GJT1ZPU 14749
B00GJT22VQ 14750
B00GLPCKX8 14751
B00GLPYVQC 14752
B00GLPYVT4 14753
B00GLT2SOA 14754
B00GLT2TR6 14755
B00GM1X2JM 14756
B00GM1X2RO 14757
B00GM473M6 14758
B00GM5GLDW 14759
B00GM5U80Y 14760
B00GM7STPI 14761
B00GMM19VY 14762
B00GMM19ZA 14763
B00GMTGQXS 14764
B00GMTQI86 14765
B00GMTS9RE 14766
B00GMV89QI 14767
B00GMV8CQU 14768
B00GMV8E5Y 14769
B00GMV8IVE 14770
B00GMV8JVI 14771
B00GMV8KGW 14772
B00GMV8M2Y 14773
B00GN13CNC 14774
B00GNZLZQO 14775
B00GOC74I4 14776
B00GOC74QG 14777
B00GOC74RU 14778
B00GOC74YI 14779
B00GOC750Q 14780
B00GOC752E 14781
B00GOC758I 14782
B00GOFVED2 14783
B00GOHZV6Q 14784
B00GOT10SM 14785
B00GOVRVTM 14786
B00GOYHSBU 14787
B00GOYHSTC 14788
B00GP9B0Q8 14789
B00GPWERCO 14790
B00GPWP214 14791
B00GQQ77IU 14792
B00GR33LAK 14793
B00GRZPQWY 14794
B00GRZPQX8 14795
B00GRZPRB4 14796
B00GS08Y3Q 14797
B00GS08Z9E 14798
B00GS19OOS 14799
B00GS1JRPY 14800
B00GS4B7GS 14801
B00GSBQ2HU 14802
B00GSDSRQW 14803
B00GSMZ3I8 14804
B00GSSD73K 14805
B00GST8QFS 14806
B00GST8RJ8 14807
B00GST8UH2 14808
B00GSTHC7G 14809
B00GSTHCHQ 14810
B00GSTHCSK 14811
B00GSTHCSU 14812
B00GSTHCTE 14813
B00GT4NCBU 14814
B00GTF526M 14815
B00GTKYI1C 14816
B00GTZWXYQ 14817
B00GTZWZH6 14818
B00GUFCPPC 14819
B00GUO3C3W 14820
B00GV8AZI2 14821
B00GV8B1BM 14822
B00GVFJ5PE 14823
B00GWBQK28 14824
B00GWJIDB6 14825
B00GWJIDFW 14826
B00GWJIDM0 14827
B00GWWADDY 14828
B00GWWV1XU 14829
B00GWXHYPI 14830
B00GWXI1AK 14831
B00GWXI1F0 14832
B00GWXI1UU 14833
B00GWXI20E 14834
B00GWXI28Q 14835
B00GWXI2EU 14836
B00GWXI2X6 14837
B00GX7D5JW 14838
B00GXFZOYI 14839
B00GY71GJC 14840
B00GZ0ML2Y 14841
B00GZPD3Y4 14842
B00H0EN8UI 14843
B00H0EN98E 14844
B00H2FPY20 14845
B00H3DW7P8 14846
B00H3N3UV8 14847
B00H47IWDY 14848
B00H47IXF6 14849
B00H4BHIF8 14850
B00H4IGZJG 14851
B00H4IR3JC 14852
B00H4KQMX8 14853
B00H4WGGXW 14854
B00H4ZEFTQ 14855
B00H540KMM 14856
B00H57T5FC 14857
B00H5NY7DQ 14858
B00H5NY7KY 14859
B00H5NY7NG 14860
B00H5NY7O0 14861
B00H5NY7U4 14862
B00H5NY8EY 14863
B00H5RYN5Y 14864
B00H6YAB16 14865
B00H7BJ0C4 14866
B00H7BJ0WO 14867
B00H7BJ1GY 14868
B00H7BJ1I2 14869
B00H7BJ1XC 14870
B00H7E3T5K 14871
B00H7E8KVI 14872
B00H7KJTMG 14873
B00H7LCPGW 14874
B00H7LJ2UO 14875
B00H7T56IS 14876
B00H8J2NTC 14877
B00H8KC1N4 14878
B00H8KC1OS 14879
B00H8KRWKG 14880
B00H8N5IQS 14881
B00H91LVTM 14882
B00H9BFV98 14883
B00H9FDD2Q 14884
B00H9HZITU 14885
B00H9L28OO 14886
B00H9LHVHI 14887
B00H9LKHGA 14888
B00HA0FOEU 14889
B00HDAG7FW 14890
B00HDEEU48 14891
B00HDF6ZWM 14892
B00HE01030 14893
B00HE1EDO2 14894
B00HE1EEQ4 14895
B00HEEAM94 14896
B00HEPCRLE 14897
B00HEQO9DM 14898
B00HEQOD56 14899
B00HETDQKG 14900
B00HETGCDE 14901
B00HETMEZE 14902
B00HETRHPG 14903
B00HEUXKWO 14904
B00HF5J9XW 14905
B00HF95PA4 14906
B00HF98SYO 14907
B00HFC30A8 14908
B00HFCAEAW 14909
B00HFSHB3Y 14910
B00HFWETQW 14911
B00HFWETZ8 14912
B00HGJB3MC 14913
B00HHAX9BI 14914
B00HHIPPW6 14915
B00HHYF548 14916
B00HHYF59S 14917
B00HHYF5CU 14918
B00HHYF5EI 14919
B00HIMHXG2 14920
B00HJQMA1U 14921
B00HJRVWM2 14922
B00HJYVNSS 14923
B00HLSW674 14924
B00HLSW6YC 14925
B00HLTD5EG 14926
B00HLTD6E0 14927
B00HLTD8RA 14928
B00HLTDAGO 14929
B00HLTDARS 14930
B00HLTDCLM 14931
B00HMOW9WE 14932
B00HMOW9YM 14933
B00HMOWA0A 14934
B00HMOWA32 14935
B00HMVJB0K 14936
B00HNGC56G 14937
B00HNGC5FC 14938
B00HNGZK6I 14939
B00HNH3HIU 14940
B00HNTIXK0 14941
B00HNX0S4A 14942
B00HNX29S8 14943
B00HP4W1M4 14944
B00HPT4BK4 14945
B00HPX33MM 14946
B00HQI72UA 14947
B00HQI811Y 14948
B00HQOD0SM 14949
B00HQOFIA0 14950
B00HQQ7KCC 14951
B00HR34TBE 14952
B00HR34TEG 14953
B00HR35ZEY 14954
B00HR3705Q 14955
B00HR3D56O 14956
B00HR736AA 14957
B00HR7OOME 14958
B00HRHZ5BI 14959
B00HRISNPM 14960
B00HRK4K3Y 14961
B00HRUQ8HK 14962
B00HRUQ8S4 14963
B00HRUQ8YS 14964
B00HRUQ992 14965
B00HRUQ9BA 14966
B00HRUQ9QK 14967
B00HRUQ9TM 14968
B00HRUQA6O 14969
B00HRUQARI 14970
B00HRYH67M 14971
B00HRYH6DG 14972
B00HRYH6F4 14973
B00HRYH6GI 14974
B00HS2OWNO 14975
B00HS3PGF6 14976
B00HSJ2CVQ 14977
B00HSKI8GS 14978
B00HSS7N2U 14979
B00HSSZKAW 14980
B00HSVNV6O 14981
B00HUAGYF8 14982
B00HUAGZ34 14983
B00HUAGZKW 14984
B00HUAH0YW 14985
B00HUAH1H8 14986
B00HUCF420 14987
B00HUCF7AO 14988
B00HUG74OW 14989
B00HUQC442 14990
B00HUS7W88 14991
B00HUTB4SQ 14992
B00HUTPK4U 14993
B00HUVLHNQ 14994
B00HUX3IYK 14995
B00HVBB140 14996
B00HVBB16I 14997
B00HVFA322 14998
B00HVFA36I 14999
B00HVFA39A 15000
B00HW0ORP0 15001
B00HW0OSPO 15002
B00HW3EI3I 15003
B00HW3EK8G 15004
B00HW3EMTI 15005
B00HW3EXCE 15006
B00HW3EY46 15007
B00HW3EZXQ 15008
B00HW3EZZE 15009
B00HW3L2J6 15010
B00HW3L61U 15011
B00HW3LG3S 15012
B00HW4O1VG 15013
B00HX0KIAM 15014
B00HX3ZKS4 15015
B00HX8CJ5Q 15016
B00HXEWG4E 15017
B00HXEWHM0 15018
B00HXH00YE 15019
B00HXH5WQU 15020
B00HYZ0ZLS 15021
B00HYZ10RQ 15022
B00HZ67OOW 15023
B00HZ7S508 15024
B00HZVX14O 15025
B00I099JKA 15026
B00I099JNM 15027
B00I099JO6 15028
B00I099JYQ 15029
B00I099JZK 15030
B00I099K0Y 15031
B00I099K4U 15032
B00I0CAVV8 15033
B00I0CAVXG 15034
B00I0VTPYI 15035
B00I1K6Z4Q 15036
B00I2UULIG 15037
B00I2YXN5A 15038
B00I30MQ4W 15039
B00I3RHUX2 15040
B00I40QJFS 15041
B00I40QJIA 15042
B00I4581F4 15043
B00I45844W 15044
B00I458456 15045
B00I462XF2 15046
B00I462XJS 15047
B00I462XSY 15048
B00I46NYIM 15049
B00I480QBI 15050
B00I4DSDE0 15051
B00I4ODXT4 15052
B00I563DSC 15053
B00I5EONJC 15054
B00I5NKPWC 15055
B00I6JOD8M 15056
B00I80NVTQ 15057
B00I83WHSO 15058
B00I83WKTA 15059
B00I86MQF0 15060
B00I87U8UE 15061
B00I87U9H6 15062
B00I8OQ6US 15063
B00I9BU2IC 15064
B00I9KV1TM 15065
B00I9TDMLS 15066
B00IA1VPP0 15067
B00IA7MFEO 15068
B00IAR2CHY 15069
B00IAR2DJG 15070
B00IBIIQTU 15071
B00IBIIR4E 15072
B00IBKXTCW 15073
B00IBQ5NIO 15074
B00ICN1Y5W 15075
B00ICR6SBI 15076
B00ICWO144 15077
B00ICXM1UE 15078
B00ID3TPA2 15079
B00ID3TPHA 15080
B00ID6UJUO 15081
B00ID75X1S 15082
B00ID75XAE 15083
B00ID8H98C 15084
B00ID8HATK 15085
B00IDRQ3PI 15086
B00IE419W2 15087
B00IE41AA8 15088
B00IE4ER12 15089
B00IEBAN6S 15090
B00IEXX4KS 15091
B00IEXX4XA 15092
B00IF0KASY 15093
B00IF0KAYS 15094
B00IF2OFMO 15095
B00IF8PTVO 15096
B00IGVJH0E 15097
B00II4DYHG 15098
B00II4S0K2 15099
B00II6C66E 15100
B00II7H5SM 15101
B00IICFEX0 15102
B00IJG5502 15103
B00IJS2NZU 15104
B00IJS2OHM 15105
B00IJZMZW4 15106
B00IJZW35I 15107
B00IK43YOM 15108
B00IK481FO 15109
B00IKM5L6I 15110
B00IKM5LT0 15111
B00IKM5LXG 15112
B00IKM5MIA 15113
B00IKM5MQC 15114
B00IKM5OTW 15115
B00IKM5OYW 15116
B00IKVSE0Y 15117
B00ILAWJLO 15118
B00IMQZVLC 15119
B00IMYVCGW 15120
B00IN3KZ9C 15121
B00IN3PU74 15122
B00IN5W91M 15123
B00IN69Q9O 15124
B00INCBASS 15125
B00INLE6HG 15126
B00IO03I6Q 15127
B00IO8PU3C 15128
B00IO8UO9C 15129
B00IO998U2 15130
B00IO9EWQM 15131
B00IOFDJCO 15132
B00IOFDKAK 15133
B00IOFN0EG 15134
B00IORPR90 15135
B00IORPROU 15136
B00IP969JY 15137
B00IPL286U 15138
B00IQ8TT0K 15139
B00IQ8TT82 15140
B00IQAUO48 15141
B00IQAUO6Q 15142
B00IRD8JJ6 15143
B00IRHTMK2 15144
B00IRIMGTA 15145
B00IRLISLM 15146
B00IS6WPT2 15147
B00IS6WQ2S 15148
B00ISAFF2C 15149
B00ISDJUYI 15150
B00ISZNBCI 15151
B00IT3KQWM 15152
B00IT70F3S 15153
B00ITAQ2T6 15154
B00ITAQ3ZY 15155
B00ITPE2QQ 15156
B00ITSHHN8 15157
B00ITV5SRC 15158
B00ITX6MZ2 15159
B00ITZXDDY 15160
B00IUSP7OI 15161
B00IV3FLO8 15162
B00IVC030G 15163
B00IVLRC88 15164
B00IWS74O2 15165
B00IWS74TM 15166
B00IWS74WO 15167
B00IWULSTC 15168
B00IXD2MGQ 15169
B00IXD2N1K 15170
B00IXGU2TM 15171
B00IXPWGIS 15172
B00IXXVCT4 15173
B00IYJHAWK 15174
B00IYLWSP2 15175
B00IYRLU6Y 15176
B00IYRLURI 15177
B00IZE00MQ 15178
B00IZEATRM 15179
B00IZZDVTO 15180
B00IZZDWKM 15181
B00IZZDZFE 15182
B00IZZDZMW 15183
B00J0461UU 15184
B00J0IPLBQ 15185
B00J0IQISG 15186
B00J22YU62 15187
B00J2G4ZAY 15188
B00J2MQ06U 15189
B00J2PQY5E 15190
B00J2PQYWC 15191
B00J2PQYYK 15192
B00J2T176Q 15193
B00J2T1856 15194
B00J2T18XS 15195
B00J3GJL52 15196
B00J3M54AW 15197
B00J3QIAZE 15198
B00J42UMS0 15199
B00J49R1BY 15200
B00J4BW0SQ 15201
B00J5G1MWK 15202
B00J5JSV3A 15203
B00J5LXMTG 15204
B00J5LXPPM 15205
B00J5LXS4U 15206
B00J5LXT44 15207
B00J5SKAOO 15208
B00J8LXD56 15209
B00J9BZ4KC 15210
B00J9BZ4O8 15211
B00J9BZOXY 15212
B00J9BZVQE 15213
B00J9C01W2 15214
B00J9C07GC 15215
B00J9C0DRU 15216
B00J9C1H2A 15217
B00J9PVE2A 15218
B00J9W4AWE 15219
B00JA3RPAG 15220
B00JA3RSR6 15221
B00JAD6DHW 15222
B00JB4TOTY 15223
B00JBBJJ4C 15224
B00JBBRKSE 15225
B00JC359JS 15226
B00JC4XHYQ 15227
B00JCCHM30 15228
B00JCCHMU8 15229
B00JEEZT22 15230
B00JESQSY6 15231
B00JF5GAY6 15232
B00JFN2TQG 15233
B00JH4U9GK 15234
B00JHH1VDC 15235
B00JHH1VSW 15236
B00JHH1VUU 15237
B00JHH202I 15238
B00JHH2096 15239
B00JHH20VY 15240
B00JHH21AE 15241
B00JHH21C2 15242
B00JHH225S 15243
B00JHH22O4 15244
B00JJ3EH6C 15245
B00JJJ3REO 15246
B00JJRLFTU 15247
B00JJRLG58 15248
B00JJRLG7G 15249
B00JK32362 15250
B00JK7QTZE 15251
B00JK7QU6W 15252
B00JK7QWEM 15253
B00JKE4SVE 15254
B00JKE4VBQ 15255
B00JKEM25S 15256
B00JKJ13EY 15257
B00JKJSRHA 15258
B00JKT5PSY 15259
B00JKT890A 15260
B00JKTCC8K 15261
B00JKTFQJM 15262
B00JLC57OW 15263
B00JLDT9MC 15264
B00JLDTAOO 15265
B00JLDTB2U 15266
B00JLDTBCU 15267
B00JLJ0AI8 15268
B00JLJ0AUQ 15269
B00JLV09S2 15270
B00JM5C9T4 15271
B00JMLQGQ0 15272
B00JO9O1WG 15273
B00JOPMKNC 15274
B00JOWHSIW 15275
B00JPA7VNK 15276
B00JPFTPDY 15277
B00JPFTS2M 15278
B00JPFTSWM 15279
B00JPFTW1E 15280
B00JPJC8RK 15281
B00JPQ1HXO 15282
B00JPQ1ISS 15283
B00JPU7JIW 15284
B00JPXAO36 15285
B00JQHOJZU 15286
B00JRB00RG 15287
B00JRXHEAA 15288
B00JS3CSLY 15289
B00JSB19YI 15290
B00JSC8BMU 15291
B00JU3S6IQ 15292
B00JU3S7Z8 15293
B00JU94ZPS 15294
B00JV0543I 15295
B00JV0547O 15296
B00JVFUNBG 15297
B00JVSF0T8 15298
B00JW3SM1A 15299
B00JW3ST90 15300
B00JX3SHIC 15301
B00JXFHPSS 15302
B00JXFHSEE 15303
B00JXNBXRE 15304
B00JZYJ7F6 15305
B00K0HD7TO 15306
B00K0HDCPI 15307
B00K0S2RZI 15308
B00K1EKVC2 15309
B00K1G4RMA 15310
B00K1G4RYI 15311
B00K1MPGBK 15312
B00K2CI0HG 15313
B00K2CI184 15314
B00K31RCKC 15315
B00K5SY9GI 15316
B00K62YF80 15317
B00K6D1HUI 15318
B00K6DEQ6A 15319
B00K6DEQ92 15320
B00K6DIZM6 15321
B00K6K9G86 15322
B00K7BCWLW 15323
B00K7BH5NC 15324
B00K7IPH5I 15325
B00K7PB3ZY 15326
B00K80QGCS 15327
B00K856ENO 15328
B00K87YGI2 15329
B00K8835WE 15330
B00K8GXBMK 15331
B00KA0VEGO 15332
B00KACCIQM 15333
B00KAEIFCQ 15334
B00KASQQTQ 15335
B00KAVPEWI 15336
B00KB01MO2 15337
B00KB01OG8 15338
B00KB01QEI 15339
B00KB49LAK 15340
B00KB613WM 15341
B00KB61584 15342
B00KBIXQYS 15343
B00KBIXSD2 15344
B00KBYIZKW 15345
B00KC77Z4A 15346
B00KC8V8NI 15347
B00KCA32P8 15348
B00KCA32XK 15349
B00KD5HFJG 15350
B00KDL4TVM 15351
B00KDU8HQQ 15352
B00KDUE3IC 15353
B00KE3B9US 15354
B00KE7PBCQ 15355
B00KE7PC66 15356
B00KE7PC6Q 15357
B00KFNF17E 15358
B00KFNF2DM 15359
B00KFRBJVM 15360
B00KGA8EHU 15361
B00KGLE3KG 15362
B00KH0XX1Q 15363
B00KH57U60 15364
B00KH57U6K 15365
B00KH57UPG 15366
B00KH57URE 15367
B00KH57UXS 15368
B00KH8KWDA 15369
B00KHA5SL4 15370
B00KHA5TJ0 15371
B00KHA8992 15372
B00KHA99BY 15373
B00KHB4CAG 15374
B00KHBBWBS 15375
B00KHSUAJG 15376
B00KI27R4M 15377
B00KINIOVG 15378
B00KITEHI4 15379
B00KIZY2QA 15380
B00KIZYDCI 15381
B00KJ1DD4U 15382
B00KKZ4K1A 15383
B00KLKTMY4 15384
B00KLLTEF0 15385
B00KMJBDFA 15386
B00KMJBGV6 15387
B00KMJBHOC 15388
B00KMULA6Q 15389
B00KN2KY4W 15390
B00KNVF2SG 15391
B00KO10QH2 15392
B00KO10QIQ 15393
B00KOBUO42 15394
B00KOW4AQE 15395
B00KOW4BB8 15396
B00KPYT3LS 15397
B00KQTGWPC 15398
B00KRAXFWI 15399
B00KS6EPKC 15400
B00KS6ERUK 15401
B00KSEAMAG 15402
B00KSEAMT2 15403
B00KTEBFGK 15404
B00KTFJ6DS 15405
B00KTOPHSC 15406
B00KTZAKLU 15407
B00KTZAL2S 15408
B00KTZALDC 15409
B00KU3Y40O 15410
B00KU3Y4JA 15411
B00KU3Y5CG 15412
B00KUWUKPI 15413
B00KVFHBLK 15414
B00KVNCTMI 15415
B00KVS6YZQ 15416
B00KVVP4EA 15417
B00KW02JRK 15418
B00KW85NXO 15419
B00KWTEU78 15420
B00KWTZ1RG 15421
B00KX1UHF4 15422
B00KX44QNK 15423
B00KXQL6CW 15424
B00KXQL6IQ 15425
B00KY9N0S6 15426
B00KYLJLRS 15427
B00KYQS6UG 15428
B00KZKWQPM 15429
B00L0MICXE 15430
B00L16P1QU 15431
B00L1TML1U 15432
B00L1WJESA 15433
B00L1WJF4S 15434
B00L1WJG6K 15435
B00L1WJIYU 15436
B00L1WJK2K 15437
B00L22H2TM 15438
B00L29MR4A 15439
B00L2YY09U 15440
B00L2YY0EA 15441
B00L37J2FS 15442
B00L3PCNGU 15443
B00L3ZB4F6 15444
B00L4IDS4W 15445
B00L4K3MLE 15446
B00L4KRP12 15447
B00L5KORSA 15448
B00L5QX00U 15449
B00L5QX0S2 15450
B00L5QX14A 15451
B00L5R5GE2 15452
B00L5Y8GJC 15453
B00L6AW0M4 15454
B00L6AW1GY 15455
B00L6AW2MC 15456
B00L6UI596 15457
B00L83F0RQ 15458
B00L89VL96 15459
B00L8LD93K 15460
B00L8QOY0C 15461
B00L8QOYG6 15462
B00L8QOZ1A 15463
B00L8QP03C 15464
B00L8QP082 15465
B00L8QP0AA 15466
B00L8QP0C8 15467
B00L8QP0K0 15468
B00L8QP0U0 15469
B00L8QP0XM 15470
B00L8YJIDW 15471
B00L9CDUAK 15472
B00L9FLXXI 15473
B00L9OPDA8 15474
B00LAUMICM 15475
B00LAYEN4Y 15476
B00LBFFR2Y 15477
B00LBHOCHS 15478
B00LD0V9UQ 15479
B00LDCGBNE 15480
B00LDCJ19A 15481
B00LE36FZ6 15482
B00LERXH9Y 15483
B00LEUA6O0 15484
B00LEW3JII 15485
B00LFHYWW4 15486
B00LFW6BA0 15487
B00LG7VWIA 15488
B00LGCPE3E 15489
B00LH98QTK 15490
B00LHCJ0FQ 15491
B00LHDVE7W 15492
B00LHK2398 15493
B00LIUIFGM 15494
B00LKCQONE 15495
B00LLI7IKU 15496
B00LLQ45EO 15497
B00LLQ479M 15498
B00LLV9XJQ 15499
B00LM4A21A 15500
B00LMBUQ8M 15501
B00LMBUR6S 15502
B00LMBUR7W 15503
B00LMBURV8 15504
B00LMJUOWC 15505
B00LMKKY94 15506
B00LMKKYAS 15507
B00LN2WKGQ 15508
B00LN7V4KO 15509
B00LN8786M 15510
B00LNBQ8SI 15511
B00LNBQ8UG 15512
B00LO1T13Q 15513
B00LO1T5GE 15514
B00LOCL7DW 15515
B00LOCL89A 15516
B00LOCL8P4 15517
B00LOCLB56 15518
B00LOCLBTM 15519
B00LOCLBVU 15520
B00LOCLBWO 15521
B00LOCLCPU 15522
B00LOCLDPY 15523
B00LOCLDSG 15524
B00LOZ9ODY 15525
B00LPD0EVG 15526
B00LPD0GL4 15527
B00LPGIISE 15528
B00LPPIDSA 15529
B00LSVIY26 15530
B00LSW76MO 15531
B00LT1JHLW 15532
B00LT1JKN2 15533
B00LTO3378 15534
B00LTO33JQ 15535
B00LTO33Q4 15536
B00LTO342M 15537
B00LTQPB3U 15538
B00LTTUE70 15539
B00LTZ288C 15540
B00LU5PB0S 15541
B00LU7K55M 15542
B00LVGP8EA 15543
B00LVZJW4I 15544
B00LVZJXM4 15545
B00LVZK0SK 15546
B00LVZK1LG 15547
B00LWB95RU 15548
B00LWJ3OB0 15549
B00LWLZVT6 15550
B00LX26FX0 15551
B00LX26G0M 15552
B00LXGN2L4 15553
B00LXH2BL0 15554
B00LY1YLKE 15555
B00LY1YOGA 15556
B00LYHXHUI 15557
B00LYHXI4I 15558
B00LYHXI84 15559
B00LYY75M2 15560
B00LZQ8I7U 15561
B00M0DTYUW 15562
B00M0GM2NA 15563
B00M0GM4DS 15564
B00M0GM4V0 15565
B00M0GM72Q 15566
B00M0GMBMC 15567
B00M0GMC26 15568
B00M0JTTU6 15569
B00M0JTZVO 15570
B00M0JU1XU 15571
B00M0JU3XI 15572
B00M115F4C 15573
B00M1CFRDA 15574
B00M1CFS34 15575
B00M1CFX4S 15576
B00M1YSS7K 15577
B00M24YBXE 15578
B00M25EALG 15579
B00M2FFHSG 15580
B00M2MTCAS 15581
B00M31VF2G 15582
B00M3O6CSU 15583
B00M3TK772 15584
B00M3TK8ZS 15585
B00M482XH4 15586
B00M4A93NY 15587
B00M4BCFH4 15588
B00M4DUT5C 15589
B00M4KXLCI 15590
B00M4LP84Q 15591
B00M6X9ZOQ 15592
B00M6X9ZS2 15593
B00M7D805A 15594
B00M7D81SQ 15595
B00M8KBGNU 15596
B00M9HHGVI 15597
B00M9W8HRA 15598
B00MAMZ17S 15599
B00MARZSW6 15600
B00MBI0B0I 15601
B00MBNRPT8 15602
B00MBNYKBY 15603
B00MBVLD0M 15604
B00MC4ALZG 15605
B00MEEVVYO 15606
B00MEVMU38 15607
B00MEX5VLO 15608
B00MEXP52Y 15609
B00MFCPURE 15610
B00MFVHLT0 15611
B00MGBS4OU 15612
B00MGBS5PS 15613
B00MH26N32 15614
B00MH26O5Y 15615
B00MH3XSSO 15616
B00MH8IV2W 15617
B00MH9NEQY 15618
B00MHIKQB6 15619
B00MHIKRXS 15620
B00MHNENBA 15621
B00MI56U6S 15622
B00MIA0FH8 15623
B00MIA0HJE 15624
B00MIA0JHY 15625
B00MIA0KM8 15626
B00MIA0M5I 15627
B00MIKP00U 15628
B00MJDV0LY 15629
B00MK1RA4G 15630
B00MLSJTCE 15631
B00MMPB62M 15632
B00MMPB66I 15633
B00MN9PPZQ 15634
B00MN9PQ0A 15635
B00MN9PQ2I 15636
B00MN9PQ7I 15637
B00MNBTNZC 15638
B00MNOLCA8 15639
B00MNOLCLW 15640
B00MO21VC8 15641
B00MO21W2W 15642
B00MO21WAY 15643
B00MOUF4G4 15644
B00MP2FFL0 15645
B00MP2FKLU 15646
B00MP2FRT0 15647
B00MP2FS94 15648
B00MP2G2R6 15649
B00MQI46RW 15650
B00MQVSD7I 15651
B00MQVSEZE 15652
B00MRDW4H0 15653
B00MRNSZZA 15654
B00MS02GIY 15655
B00MU1YE40 15656
B00MU1YEJK 15657
B00MU1YEWW 15658
B00MU1YEY0 15659
B00MUNSV3S 15660
B00MUR3JEA 15661
B00MV55HNC 15662
B00MW0CI0G 15663
B00MWECMZS 15664
B00MWP7086 15665
B00MWP70SG 15666
B00MWP723Y 15667
B00MX3B0CE 15668
B00MX3EM7E 15669
B00MXYG3M0 15670
B00MY498QW 15671
B00MZ3VQKS 15672
B00MZ3VRX4 15673
B00MZ3X908 15674
B00N1JPZM0 15675
B00N1JQ0N8 15676
B00N1JQ18W 15677
B00N1JQ1IM 15678
B00N1JQ2I6 15679
B00N1JQ39O 15680
B00N1JQ3UI 15681
B00N1W3WNG 15682
B00N3FGZP8 15683
B00N3FMXEA 15684
B00N3N6EBK 15685
B00N46CU2I 15686
B00N4W4YNA 15687
B00N5AICVQ 15688
B00N5B5B3M 15689
B00N6ZVQ18 15690
B00N83WZ9A 15691
B00N83X12U 15692
B00N83X2JC 15693
B00N8JIGT2 15694
B00N8JIHC8 15695
B00N9HNVZC 15696
B00N9QM6N6 15697
B00NALHK8Q 15698
B00NAQ3EOK 15699
B00NARLNGK 15700
B00NARLPEK 15701
B00NARLV8K 15702
B00NARLVTY 15703
B00NB0OTWQ 15704
B00NC61CSS 15705
B00NC9TTKI 15706
B00NCDVVLY 15707
B00NES1EHS 15708
B00NFJMLUU 15709
B00NFYCJNY 15710
B00NG3X9OW 15711
B00NGAJ980 15712
B00NGAJCVO 15713
B00NGAJH0K 15714
B00NGAJHF0 15715
B00NGAJJGC 15716
B00NGL7IY6 15717
B00NGL7J68 15718
B00NGL7JK4 15719
B00NH0MC4W 15720
B00NH89D6E 15721
B00NHG1D96 15722
B00NHVC0YS 15723
B00NI4DOW6 15724
B00NIZI9XY 15725
B00NJ4QG4I 15726
B00NJ4RGFG 15727
B00NJ4S3EY 15728
B00NJ4U5U4 15729
B00NJ4UZI6 15730
B00NKHC5RQ 15731
B00NLZA9HK 15732
B00NMF8SEK 15733
B00NMJQKEG 15734
B00NMUCHNS 15735
B00NNQJKG8 15736
B00NO834N0 15737
B00NP06CCW 15738
B00NP06DJE 15739
B00NPHD5KC 15740
B00NPHDBUQ 15741
B00NPSXQDM 15742
B00NQE6X3A 15743
B00NT6NGT4 15744
B00NT71BNQ 15745
B00NTNY7SQ 15746
B00NTWTWDW 15747
B00NU6CP0Y 15748
B00NUNILZK 15749
B00NV6K02S 15750
B00NVDYMBG 15751
B00NVJ1CE0 15752
B00NVJ1J48 15753
B00NVY8V0I 15754
B00NW6KRMA 15755
B00NW6KRZM 15756
B00NW6KTFK 15757
B00NWIFYWG 15758
B00NWIFZ02 15759
B00NWKWA58 15760
B00NX18OE2 15761
B00NXJKTUG 15762
B00NXLLYQ2 15763
B00NXR1EEI 15764
B00NXRG75E 15765
B00NY9ATQ4 15766
B00NYC4PNO 15767
B00NYC65M8 15768
B00NYC7PG8 15769
B00O0292FI 15770
B00O0MBPOO 15771
B00O1D37NO 15772
B00O1D3AX6 15773
B00O1D3BZ8 15774
B00O1D3C02 15775
B00O1D3C1G 15776
B00O1D3C2K 15777
B00O1D3C3E 15778
B00O1D3C66 15779
B00O1D3C6Q 15780
B00O20UHDO 15781
B00O28CD6A 15782
B00O2IZPD8 15783
B00O2MRX6G 15784
B00O2QWDY4 15785
B00O2QWG28 15786
B00O2YPMNK 15787
B00O3UBDQ8 15788
B00O4CTSD0 15789
B00O4CTSHG 15790
B00O4CWP7G 15791
B00O4QT01Q 15792
B00O4UN5YK 15793
B00O4UN8VU 15794
B00O4ZC57I 15795
B00O4ZC5A0 15796
B00O5A094S 15797
B00O5A099S 15798
B00O5AJRAU 15799
B00O5GZ6OA 15800
B00O5GZ8F2 15801
B00O7LYMIO 15802
B00O7LYUXQ 15803
B00O83UNZM 15804
B00O83UPAK 15805
B00O83UQ54 15806
B00O8BC17M 15807
B00O8J0LJ4 15808
B00O8RSFOE 15809
B00O97HZ3A 15810
B00O9ZSK9A 15811
B00O9ZSKIQ 15812
B00O9ZSKP4 15813
B00OAIHHRC 15814
B00OAIHIQC 15815
B00OBIA3KE 15816
B00OBIBCXQ 15817
B00OBQ9PDC 15818
B00OC6LO7Q 15819
B00OFUEY12 15820
B00OGD8PX6 15821
B00OGL6S64 15822
B00OGQUAU4 15823
B00OGT2UFE 15824
B00OGWB2UK 15825
B00OHLR3QM 15826
B00OHLR4JS 15827
B00OHLR6QY 15828
B00OHLRC68 15829
B00OHNEL60 15830
B00OIASPZK 15831
B00OIKJK4U 15832
B00OJ0X41E 15833
B00OJMC8TQ 15834
B00OKB80KW 15835
B00OL007TE 15836
B00OLIIFOA 15837
B00OMCCI8Y 15838
B00ON0JIKG 15839
B00OPCF3EW 15840
B00OPMFLT4 15841
B00OPNQ66K 15842
B00OQRU9FY 15843
B00OQRU9ZY 15844
B00OQRUACQ 15845
B00OQRUAO4 15846
B00OQUZQZO 15847
B00OTADCSE 15848
B00OTR96J6 15849
B00OU2GO36 15850
B00OU2GO8Q 15851
B00OU4MORY 15852
B00OU4MP0K 15853
B00OU4MTOC 15854
B00OU4MUD2 15855
B00OUF232O 15856
B00OV3VGP0 15857
B00OWGP47C 15858
B00OY7YOZ2 15859
B00OYSZP5E 15860
B00OYT0ZM6 15861
B00OZJ2Y38 15862
B00OZKI1PC 15863
B00OZKI28S 15864
B00OZOIETQ 15865
B00OZYEM9C 15866
B00P11J4LY 15867
B00P16DFEQ 15868
B00P1NG32A 15869
B00P1WGHLI 15870
B00P2967RE 15871
B00P2G1O4S 15872
B00P2LVW9K 15873
B00P2S21W0 15874
B00P2ZEFCC 15875
B00P6VLL0G 15876
B00P7RWOF0 15877
B00P826P1I 15878
B00P8KD29I 15879
B00P8RUO6U 15880
B00P93XOX8 15881
B00P9UVC0I 15882
B00P9UVDDE 15883
B00PBE2H6U 15884
B00PC1FD9U 15885
B00PFRFXB4 15886
B00PG3NWJ2 15887
B00PGTNA52 15888
B00PH1H6TK 15889
B00PHD691Y 15890
B00PHGTRCE 15891
B00PHK6KQG 15892
B00PHL8VQW 15893
B00PHSDS0E 15894
B00PIVKB0U 15895
B00PK7HXDU 15896
B00PKPGLOY 15897
B00PKPGMKC 15898
B00PLEF4XS 15899
B00PM3MDGO 15900
B00PMCYZ1G 15901
B00PMDSVTM 15902
B00POBKLNG 15903
B00PPJHI7E 15904
B00PSLIQ9I 15905
B00PULRC0U 15906
B00PULRDJU 15907
B00PULRH2S 15908
B00PUXTO90 15909
B00PV09C3U 15910
B00PV09C6M 15911
B00PV09C7G 15912
B00PX6YPG6 15913
B00PY4Q9OS 15914
B00PYAE2M8 15915
B00PZX2CT4 15916
B00Q0G2VXM 15917
B00Q2OQNCM 15918
B00Q2WGOAA 15919
B00Q3F0GG4 15920
B00Q4MRSLM 15921
B00Q4PAEQ0 15922
B00Q4VPZJU 15923
B00Q56TN8I 15924
B00Q5998BM 15925
B00Q5LAH2E 15926
B00Q5NNMEW 15927
B00Q6Z16F6 15928
B00Q7DWUDY 15929
B00Q7LS3C8 15930
B00Q7WBGHG 15931
B00Q8KCS60 15932
B00QFUG0YO 15933
B00QG6IDJC 15934
B00QGQFOHG 15935
B00QHIRRSC 15936
B00QJ9C7B6 15937
B00QJ9N1N4 15938
B00QJ9N1VQ 15939
B00QJAZ4MY 15940
B00QJAZ514 15941
B00QJN33II 15942
B00QJN33Q0 15943
B00QJN34R8 15944
B00QJN34VE 15945
B00QK4ANEI 15946
B00QKOKS8O 15947
B00QKS2DP6 15948
B00QMSP4KK 15949
B00QMSP504 15950
B00QMV2TBO 15951
B00QMWEIQ2 15952
B00QMX8RJA 15953
B00QNYZ9C6 15954
B00QRPZEVW 15955
B00QSHWYWQ 15956
B00QSHWZNE 15957
B00QSO7VD6 15958
B00QSRL3X2 15959
B00QT4VBTU 15960
B00QT4VDC0 15961
B00QT4VDSO 15962
B00QTG2KY8 15963
B00QTKCP58 15964
B00QTKCPOE 15965
B00QU8E3WM 15966
B00QUFHTMQ 15967
B00QUFHWMS 15968
B00QXA0TNE 15969
B00QXIIZ3W 15970
B00QYR398S 15971
B00QYZJ826 15972
B00R041BAW 15973
B00R041BVQ 15974
B00R041CT2 15975
B00R041DB4 15976
B00R041EXQ 15977
B00R041FXA 15978
B00R3LIB0A 15979
B00R3MU8XM 15980
B00R3SYKSU 15981
B00R4SM4LY 15982
B00R55U120 15983
B00R5YGP08 15984
B00R6HLE1O 15985
B00R7ECEP6 15986
B00R7ECUGE 15987
B00R8GUXPG 15988
B00R8HWMEU 15989
B00R8ILF06 15990
B00R8KIJ3U 15991
B00RC16SCO 15992
B00RCPFF06 15993
B00RD6DZL0 15994
B00RDCKLHA 15995
B00RDEIRB0 15996
B00RDEITYU 15997
B00RDTK43E 15998
B00RDTK452 15999
B00RDZMVOS 16000
B00REG9FDQ 16001
B00REG9GEE 16002
B00REK1ZJO 16003
B00RFG73IY 16004
B00RFG788E 16005
B00RJXKUOM 16006
B00RLK36FI 16007
B00RNELG5E 16008
B00RQJPNFU 16009
B00RTKEFSC 16010
B00RUT3DWG 16011
B00RW8SHJE 16012
B00RWKN7O2 16013
B00RY3N7S8 16014
B00RYZFNZG 16015
B00RZ9EOPG 16016
B00RZHDE04 16017
B00S0DW2KU 16018
B00S0DW2RI 16019
B00S16H0DA 16020
B00S1ITA2W 16021
B00S1VJRJU 16022
B00S1VR5UI 16023
B00S1VR6C0 16024
B00S2LSA5G 16025
B00S4YGUGM 16026
B00S4YGWAQ 16027
B00S4YGWLA 16028
B00S58LN8C 16029
B00S6MBEC2 16030
B00S6MBGY8 16031
B00S7AS0J8 16032
B00S80X0C4 16033
B00S89IAWU 16034
B00S89IJX0 16035
B00S89IOPS 16036
B00S89IPBG 16037
B00S89IVTM 16038
B00S8ONLYM 16039
B00S8ONMKA 16040
B00S8XJJP8 16041
B00S90X97Y 16042
B00S9S12R0 16043
B00S9U3TU6 16044
B00S9XHJ86 16045
B00SADQOEU 16046
B00SB9SL3A 16047
B00SB9Y6KW 16048
B00SC8KTHG 16049
B00SDB0EDG 16050
B00SDB0HNI 16051
B00SFRHKAI 16052
B00SG16TIC 16053
B00SH0513Q 16054
B00SHEOWTQ 16055
B00SHEOXJ0 16056
B00SHEP9WA 16057
B00SHJLVWM 16058
B00SIHK138 16059
B00SIHK22I 16060
B00SJC9WV4 16061
B00SJFCL78 16062
B00SJFG6HE 16063
B00SJFG6L0 16064
B00SJFL40S 16065
B00SJFV6NI 16066
B00SJFV6U6 16067
B00SKEQZ52 16068
B00SLH734K 16069
B00SNPXCYK 16070
B00SPWRSU0 16071
B00ST5TC4S 16072
B00STKR50Q 16073
B00STY5J82 16074
B00SU1DDVY 16075
B00SU2UXUW 16076
B00SV06VLS 16077
B00SVTE0NA 16078
B00SWFM7W4 16079
B00SWFMB8O 16080
B00SXFIHIG 16081
B00SYNSNHW 16082
B00SYX6J2I 16083
B00SZLEL2Y 16084
B00T3IKKR8 16085
B00T3IKPSM 16086
B00T3IKQM2 16087
B00T4LLJUG 16088
B00T4LLSDO 16089
B00T5D4LB2 16090
B00T5D4M2U 16091
B00T5DYVJE 16092
B00T6KIL2E 16093
B00T6KIMR8 16094
B00T6KINS6 16095
B00T6KIORG 16096
B00T6KIPO8 16097
B00T6QIZ7O 16098
B00T73APGA 16099
B00T73AQJG 16100
B00T73AUUG 16101
B00T73AVIC 16102
B00T7Z5QAI 16103
B00T83TLTQ 16104
B00T86J0UI 16105
B00T9G67TO 16106
B00TB6JUCI 16107
B00TE22Z26 16108
B00TEBVLM2 16109
B00TEC7H9M 16110
B00TEC7IEG 16111
B00TEC7J22 16112
B00TEC7K62 16113
B00TEYPUIK 16114
B00TF7KYXC 16115
B00TFGRY4U 16116
B00TFOKI7M 16117
B00TFOKJ8A 16118
B00TFSYSN8 16119
B00TGCIH0I 16120
B00TGF9GGO 16121
B00TGGMK98 16122
B00TGJ1AJG 16123
B00TGNLUSI 16124
B00TH87RPM 16125
B00THZJ5PK 16126
B00TI5RQL4 16127
B00TJ14IBI 16128
B00TJ30A04 16129
B00TJFXH02 16130
B00TJRZAA0 16131
B00TKIJGDA 16132
B00TL6QUV2 16133
B00TPL8DF4 16134
B00TPL8DXQ 16135
B00TPN7EES 16136
B00TPN7ET8 16137
B00TQ4PBBO 16138
B00TQGGH10 16139
B00TRAO72G 16140
B00TRAO7EE 16141
B00TRAO7UI 16142
B00TRAO8VQ 16143
B00TRK0ODC 16144
B00TSI10YA 16145
B00TV6BLVQ 16146
B00TY0W7TY 16147
B00TYJDQ54 16148
B00TYZ3662 16149
B00TZF2GUI 16150
B00TZF2JTG 16151
B00TZF2N9C 16152
B00TZF2NHO 16153
B00U0NA94E 16154
B00U0R1RGE 16155
B00U1QGJBM 16156
B00U34EBM6 16157
B00U38W0X4 16158
B00U3UKXSG 16159
B00U7DLSVK 16160
B00U7M7UPY 16161
B00U8BDQPC 16162
B00UA00GNG 16163
B00UA86G5U 16164
B00UAJ6X6G 16165
B00UARSZXC 16166
B00UB2MTM4 16167
B00UB76QKA 16168
B00UB76R9U 16169
B00UB7Z6MO 16170
B00UBZLI00 16171
B00UBZLLZC 16172
B00UCADTZ6 16173
B00UCFVHC8 16174
B00UCJ6TPE 16175
B00UEM9TY2 16176
B00UGPEWFI 16177
B00UGPFQHG 16178
B00UGPIKL0 16179
B00UGPNK6A 16180
B00UGPQXFA 16181
B00UGPR9N0 16182
B00UGPTP1Y 16183
B00UHAJ1AI 16184
B00UHAJ24S 16185
B00UHJ7J8U 16186
B00UI5CU6Y 16187
B00UIDS0W4 16188
B00UITXJZQ 16189
B00UITXK8M 16190
B00UITXKTG 16191
B00UJH1UW6 16192
B00UJZQF5A 16193
B00UKSXN60 16194
B00UL9050A 16195
B00UMDEVIC 16196
B00UMDF01Y 16197
B00UMDF1YA 16198
B00UMDF51E 16199
B00UMDF5UA 16200
B00UMDF6J0 16201
B00UN7FHCG 16202
B00UNEIZHS 16203
B00UNEJ8DI 16204
B00UNONQSQ 16205
B00UOB45DI 16206
B00UOB45SS 16207
B00UOW29C6 16208
B00UOYITZU 16209
B00UQW1GFU 16210
B00UQW1I4E 16211
B00URJFYEG 16212
B00USBLX8Y 16213
B00UT57BFS 16214
B00UU0B5WC 16215
B00UUOV8D4 16216
B00UUOVQ5Y 16217
B00UXVS18Y 16218
B00UXXSWVI 16219
B00UZJO7UA 16220
B00V0CLVN2 16221
B00V42YNLA 16222
B00V5JEJ1Q 16223
B00V950K3C 16224
B00VA32GHQ 16225
B00VAVNN5W 16226
B00VBPX4V0 16227
B00VC1YFFM 16228
B00VE6OXSY 16229
B00VFVIJFG 16230
B00VG3O31M 16231
B00VG3OB3W 16232
B00VGQJLDO 16233
B00VGXABLI 16234
B00VGXKNTS 16235
B00VHAG0NI 16236
B00VHAG1O6 16237
B00VJIIOSC 16238
B00VK09FMI 16239
B00VKEWZQ2 16240
B00VKX6V9U 16241
B00VKX6VWC 16242
B00VKYKY7E 16243
B00VMIWA3O 16244
B00VNQWT0Y 16245
B00VNQWUB2 16246
B00VNQWWXI 16247
B00VNX5S96 16248
B00VRRVHGQ 16249
B00VRRVHMA 16250
B00VSBYH40 16251
B00VSE0IMM 16252
B00VSG3MSC 16253
B00VSHC4EE 16254
B00VSKT1V0 16255
B00VTDQK9M 16256
B00VTDQT1Q 16257
B00VU4YPR4 16258
B00VUK505O 16259
B00VW70MGW 16260
B00VX21UL2 16261
B00VX21ZWG 16262
B00VX2200C 16263
B00VX2208Y 16264
B00VX223UY 16265
B00VXV65RW 16266
B00W195VZC 16267
B00W1LAT6G 16268
B00W1LATOS 16269
B00W1XYVWW 16270
B00W3JQXUM 16271
B00W3XNNE2 16272
B00W43AF10 16273
B00W5JQ3FU 16274
B00W605FDO 16275
B00W69F3DC 16276
B00W7AGH4Y 16277
B00W7AHCXE 16278
B00W85TAHE 16279
B00WAJ8PA6 16280
B00WAJ8RBI 16281
B00WAZHRQ8 16282
B00WAZHS0I 16283
B00WBJSO3S 16284
B00WCCYBYK 16285
B00WDQNYUM 16286
B00WEPI5WY 16287
B00WF9LL7A 16288
B00WFDJ5WO 16289
B00WFN0Y4W 16290
B00WFN4MJK 16291
B00WGUWDVG 16292
B00WHZZAP6 16293
B00WICYRIY 16294
B00WKZO3CO 16295
B00WNBABVC 16296
B00WQT2R0Y 16297
B00WQT3UMI 16298
B00WR531SY 16299
B00WRNGTRG 16300
B00WS8R2M6 16301
B00WSJL4JC 16302
B00WSSC6E0 16303
B00WTGP3SM 16304
B00WU5B494 16305
B00WV7TN80 16306
B00WV7TNEE 16307
B00WV7TOCU 16308
B00WV7TOPC 16309
B00WVMMGH0 16310
B00WY8IVAW 16311
B00WZNQTEG 16312
B00X3DC6Y4 16313
B00X3DC702 16314
B00X3DC7ES 16315
B00X3DC7KW 16316
B00X3DC80G 16317
B00X3PSKEC 16318
B00X4TV9RC 16319
B00X5RLY1E 16320
B00X5RLYR8 16321
B00X5UIYPK 16322
B00X5ZSONM 16323
B00X6IQYPI 16324
B00X797L62 16325
B00X797LUS 16326
B00X797NJW 16327
B00X797NTW 16328
B00X7HEIB0 16329
B00X7SIALI 16330
B00X8RONBO 16331
B00X8RONG4 16332
B00X8SRUPO 16333
B00X99RMNW 16334
B00X99RMUU 16335
B00XBL0J6U 16336
B00XDBMB4Q 16337
B00XDBMBAK 16338
B00XDBMBRI 16339
B00XHZQAAY 16340
B00XIF8GF0 16341
B00XIXGQ6S 16342
B00XJ8HAHG 16343
B00XJJGRRO 16344
B00XK9B070 16345
B00XKJFVDE 16346
B00XLTWSGG 16347
B00XLX0Z62 16348
B00XNMY10M 16349
B00XQ142MW 16350
B00XQ2CC6O 16351
B00XQ2EQH2 16352
B00XRZU2E4 16353
B00XUQAFVK 16354
B00XUV1B4U 16355
B00XVHKYVE 16356
B00XVJ3L4E 16357
B00XVJ3MW0 16358
B00XWDKNR2 16359
B00XWV8W6I 16360
B00XX3VR0S 16361
B00XX97KP8 16362
B00XZCIENK 16363
B00XZZMTOM 16364
B00Y0QOFCE 16365
B00Y0QOK92 16366
B00Y0QOMFO 16367
B00Y11WX90 16368
B00Y250HMU 16369
B00Y7R9EYK 16370
B00Y7R9FWQ 16371
B00YAZNBTI 16372
B00YB3KXZ4 16373
B00YB99FJ8 16374
B00YCY46VO 16375
B00YHR5UW0 16376
B00YI71PN2 16377
B00YIZWFQ0 16378
B00YIZWIFI 16379
B00YIZWIRQ 16380
B00YJDHA7U 16381
B00YJDHGOM 16382
B00YJKEK8A 16383
B00YJKEKFI 16384
B00YJLAQS2 16385
B00YOJIDBQ 16386
B00YQJRYGY 16387
B00YRV20HY 16388
B00YS4V5BC 16389
B00YS8CBS4 16390
B00YSBFCGE 16391
B00YSBFD5O 16392
B00YSBFG2E 16393
B00YSBFH8C 16394
B00YSBFHMI 16395
B00YSG2ZPA 16396
B00YT8SFR4 16397
B00YT9IQYU 16398
B00YT9IT2Y 16399
B00YTSH1YC 16400
B00YTSH25U 16401
B00YTSH2L4 16402
B00YZBF1YU 16403
B00Z0GES3E 16404
B00Z1BKRG0 16405
B00Z710V6K 16406
B00Z7EMJ4E 16407
B00Z9HS8E4 16408
B00Z9YZRVE 16409
B00ZASOJOA 16410
B00ZASTW92 16411
B00ZATHD9W 16412
B00ZAZB4T6 16413
B00ZCHTR6O 16414
B00ZE1JYRU 16415
B00ZE1K2ZI 16416
B00ZE500TM 16417
B00ZE501RS 16418
B00ZGDIGZ2 16419
B00ZGIOL42 16420
B00ZGIOL8I 16421
B00ZGRMTLA 16422
B00ZGUUTN2 16423
B00ZJYJCWY 16424
B00ZJYVJUW 16425
B00ZPH4RRA 16426
B00ZPH4SAQ 16427
B00ZQ36R4Y 16428
B00ZR3W40E 16429
B00ZR3W45O 16430
B00ZRBQVVO 16431
B00ZS21J6E 16432
B00ZUL9LGS 16433
B00ZUL9LMW 16434
B00ZUNDCKM 16435
B00ZVBG3A4 16436
B00ZVJ97BS 16437
B00ZWC16CC 16438
B00ZX1Y7KU 16439
B00ZY4PFS4 16440
B00ZYBI84U 16441
B00ZYW5N1U 16442
B01011KJKI 16443
B01013C5IU 16444
B0106RTAPM 16445
B0107GC2AM 16446
B0107GC96Y 16447
B010CHR1ES 16448
B010CVV2AI 16449
B010DRLTIG 16450
B010EJOB4C 16451
B010F0KYSM 16452
B010FS6IT8 16453
B010FVGTK8 16454
B010GJM8EA 16455
B010H6NMKQ 16456
B010HX0WJS 16457
B010LY9JUQ 16458
B010LY9PZ0 16459
B010MJ851Y 16460
B010MZ4D00 16461
B010N4GRKE 16462
B010NDZJ9A 16463
B010NDZJA4 16464
B010OEBTQK 16465
B010OR9A9K 16466
B010Q6K0BG 16467
B010Q6K1UG 16468
B010R3ILY6 16469
B010TIZC2S 16470
B01127XNEE 16471
B0112HPUW2 16472
B0112HPUX6 16473
B0112HPVEY 16474
B0112HPVM6 16475
B0112HPWQG 16476
B0112HPWX4 16477
B0112HPX1K 16478
B0113FXB9W 16479
B01147YQKW 16480
B0115GL96Q 16481
B0115NB7N4 16482
B01169SSOI 16483
B0116FT65W 16484
B0117Q3S3G 16485
B0117UHFU4 16486
B0118S6VPK 16487
B0118S73VG 16488
B0119OFSGQ 16489
B0119RZ67O 16490
B011B33U6A 16491
B011CZOKCU 16492
B011ID14F2 16493
B011ID1JLG 16494
B011IEW6EY 16495
B011KG2G5O 16496
B011KG2IAM 16497
B011KG2J60 16498
B011KG2KLO 16499
B011KG2KYQ 16500
B011KG2LXQ 16501
B011KME78M 16502
B011LPC9CE 16503
B011LV3GJI 16504
B011LW416O 16505
B011LW42W2 16506
B011MHCLJC 16507
B011MU9ZIY 16508
B011MUA592 16509
B011MUA5J2 16510
B011MUA8B2 16511
B011PS4YGQ 16512
B011PS50W8 16513
B011PS518G 16514
B011PS51LI 16515
B011Q0F17O 16516
B011Q0FSC2 16517
B011Q0KET4 16518
B011SDC1LI 16519
B011T0C6HO 16520
B011T0C71E 16521
B011T0C73W 16522
B0125IDN9O 16523
B0126M38DA 16524
B0126ZKK56 16525
B0128P0WKW 16526
B0128P22QY 16527
B0128QAXLO 16528
B0128QB16A 16529
B01293V7W0 16530
B012BPM40U 16531
B012BYDJZK 16532
B012BYDK90 16533
B012BYDKFO 16534
B012BYDKJU 16535
B012C86TMU 16536
B012C89VGQ 16537
B012DCNERI 16538
B012DWS874 16539
B012G7INVC 16540
B012G7IWYA 16541
B012HTAGBY 16542
B012IO4TGG 16543
B012O29DR2 16544
B012O29ISG 16545
B012PU762W 16546
B012RC89Z6 16547
B012UNH336 16548
B012UORWJ0 16549
B012WBL3I2 16550
B012X1YCL6 16551
B012YPV0KM 16552
B012YPV0YS 16553
B0130CD3W6 16554
B0130HWAJI 16555
B013539XIS 16556
B0137I9F66 16557
B0137I9HLE 16558
B0137I9LJC 16559
B0139TET14 16560
B013BPR7QU 16561
B013C6OPIG 16562
B013C6OW1Q 16563
B013C6OXCY 16564
B013F4VQSM 16565
B013FCN628 16566
B013GCK51M 16567
B013HC8KO0 16568
B013HOZJCY 16569
B013HY6KVS 16570
B013I9RJBC 16571
B013JA9QDO 16572
B013JA9TIG 16573
B013JBJ6HO 16574
B013JBJ8T0 16575
B013JZW8E8 16576
B013P0WZ86 16577
B013P0WZSG 16578
B013P0X1HK 16579
B013P0X1MU 16580
B013P6PEUG 16581
B013PV310Q 16582
B013RO1HM0 16583
B013TFJ4SQ 16584
B013W7LRBI 16585
B013XD39BC 16586
B013YKOVC0 16587
B0142G2NM0 16588
B0142WELF6 16589
B0142WKAQ0 16590
B0145CBN68 16591
B0145NSN92 16592
B0145UQRB6 16593
B0145UQS1A 16594
B0145URUZI 16595
B014604U5K 16596
B0146628UI 16597
B0146T50XM 16598
B0147OOWMQ 16599
B014AGF6RG 16600
B014DEGQZ6 16601
B014DEGTYO 16602
B014DEGUIE 16603
B014DMSGVU 16604
B014E1TJRA 16605
B014E1TJUW 16606
B014EU6JU6 16607
B014GDAVLE 16608
B014GJBTWI 16609
B014GQ8118 16610
B014HDTT84 16611
B014HFOANQ 16612
B014I4IUXC 16613
B014I67SGU 16614
B014IAWFKU 16615
B014IL60TG 16616
B014JVY5YC 16617
B014KEP8WG 16618
B014L2XZ9K 16619
B014L2Y1NE 16620
B014L2Y7EW 16621
B014L2YC7O 16622
B014L2YE8G 16623
B014L2YKMG 16624
B014L2YKQ2 16625
B014LHPGTW 16626
B014LIIYPY 16627
B014Q67LDM 16628
B014Q67MVI 16629
B014R6Q05G 16630
B014RDXD18 16631
B014TC60LC 16632
B014VVNY7E 16633
B0152AVWXQ 16634
B0152AVXFI 16635
B0152AVXUI 16636
B0152AW10Y 16637
B0152AW154 16638
B0152AW1A4 16639
B0152AW2CQ 16640
B0152AW2U8 16641
B01535VBN6 16642
B0155YRFZS 16643
B01578E31Q 16644
B0158OAFTS 16645
B0158W4NT8 16646
B01595QPQ8 16647
B0159OSR24 16648
B0159OSRNI 16649
B015EVT7FI 16650
B015FR7JEC 16651
B015GR8N9Q 16652
B015GSX7CS 16653
B015H66J56 16654
B015HM3E8K 16655
B015I14600 16656
B015J50NNY 16657
B015JHRLWS 16658
B015JLUO5A 16659
B015N12RW4 16660
B015N8JCK2 16661
B015N8JH84 16662
B015OVC1EM 16663
B015Q04ETQ 16664
B015RD3AHO 16665
B015S4DRYI 16666
B015S4DRZW 16667
B015S4DS1K 16668
B015UE84BC 16669
B015UOAV9A 16670
B015WLJUYS 16671
B015WU6DQW 16672
B015WVHV4E 16673
B015XC8G2I 16674
B015XC8JA2 16675
B01603ANBQ 16676
B01608JL64 16677
B0160STWAY 16678
B01619206U 16679
B0161H1ORS 16680
B0162TZ4D0 16681
B01648ETWQ 16682
B01648P6IM 16683
B0164CMT8I 16684
B0167IE0KY 16685
B01690GTK4 16686
B01690GTKY 16687
B01690GTP4 16688
B0169PXG8W 16689
B0169PXGFU 16690
B0169PXGUA 16691
B016APPT6S 16692
B016BSPP4K 16693
B016BSPTZA 16694
B016BSSJ34 16695
B016E66ZHU 16696
B016F7J9SU 16697
B016HHKX7O 16698
B016HHR8G8 16699
B016IAQX6K 16700
B016JB0JWC 16701
B016KAMQTG 16702
B016LGTB1A 16703
B016LR93JY 16704
B016NVSE16 16705
B016NVSE3E 16706
B016P01W4G 16707
B016PUXLM2 16708
B016R7C3AE 16709
B016S5ZFAK 16710
B016S5ZICA 16711
B016UTP1MQ 16712
B016V3A7A2 16713
B016WU7GOO 16714
B016YPHWOG 16715
B0170FTFOY 16716
B01711DG2O 16717
B01723F80E 16718
B01729J1G0 16719
B01729J1J2 16720
B0172HAKQM 16721
B0176IELOY 16722
B0176IENI8 16723
B0176IENR4 16724
B017757OCW 16725
B0177ZM3JQ 16726
B0177ZM3MI 16727
B0178WFE0S 16728
B017AD7CDM 16729
B017AJ0LPC 16730
B017AL1VO0 16731
B017DYVDTM 16732
B017DYVF40 16733
B017E5806O 16734
B017GEWCVC 16735
B017GEWHYO 16736
B017GZFDXK 16737
B017H9JLCY 16738
B017HMM38U 16739
B017HP18H4 16740
B017HP18LA 16741
B017HP18WO 16742
B017JIWGQG 16743
B017JOME6M 16744
B017JQO6BG 16745
B017KNPQVW 16746
B017L9NBX0 16747
B017MTC4UU 16748
B017NNN31Y 16749
B017O74PPM 16750
B017RH4WZW 16751
B017RO6AMI 16752
B017RR4YG4 16753
B017RR4ZIQ 16754
B017RR5C7O 16755
B017RR5HW4 16756
B017RR6JYE 16757
B017RR6NFE 16758
B017RR6YJE 16759
B017RR6ZG6 16760
B017RR78TY 16761
B017S3OP7A 16762
B017SQVOSA 16763
B017SWJZXU 16764
B017SWK01G 16765
B017TQW3NE 16766
B017W1P79I 16767
B017WLX1Q4 16768
B017XZUT3C 16769
B017Y01GOM 16770
B017Y0HMKO 16771
B017Y119BQ 16772
B017Y1GE4S 16773
B017Y394CA 16774
B0182W7JSS 16775
B0182W7KBY 16776
B0184DLI28 16777
B0184GSAWG 16778
B01851XUV6 16779
B018595KK2 16780
B0185P7LO4 16781
B0185X21XM 16782
B0186O8R1U 16783
B0189HKF14 16784
B0189HP0DC 16785
B0189I11B6 16786
B0189OU0JY 16787
B0189Y6HHI 16788
B018AXRKFG 16789
B018FK66TU 16790
B018GSTN5A 16791
B018IDVB3U 16792
B018IDVB6W 16793
B018IDVBH6 16794
B018JLPUIS 16795
B018TJ12HI 16796
B018TNBX50 16797
B018TNKDOW 16798
B018V1ZTGO 16799
B018V1ZX88 16800
B018V1ZY3M 16801
B018V1ZYVY 16802
B018V2009O 16803
B018V20152 16804
B018WQBNSQ 16805
B018WQBNY0 16806
B018YGWQH6 16807
B0191SI1WK 16808
B0192PEOGY 16809
B0192PEPRC 16810
B0192PERP2 16811
B019329VF0 16812
B01948X3CK 16813
B01953CL7W 16814
B0195G9YNI 16815
B0195QXI76 16816
B0195VYVOA 16817
B0195XEGJS 16818
B0197DPJ9C 16819
B01995ZGHS 16820
B0199VU6KY 16821
B019A3QMJA 16822
B019C6X02M 16823
B019DTO7KC 16824
B019EC9QK4 16825
B019EC9R08 16826
B019EC9R4E 16827
B019EC9RBM 16828
B019EMPBN0 16829
B019FIFS9A 16830
B019GY79LS 16831
B019HTRRVE 16832
B019HZNPKA 16833
B019KDXBA8 16834
B019N4K1UM 16835
B019NB5EVG 16836
B019O6CEYA 16837
B019OI2HDQ 16838
B019OI2HJ0 16839
B019PJEXSG 16840
B019PKH8I2 16841
B019PQ0NZG 16842
B019RGCZ3M 16843
B019RR2IXS 16844
B019RVUFT8 16845
B019T8QBR4 16846
B019WJ6W88 16847
B019WMTVLA 16848
B019WMTX72 16849
B019WMTZPM 16850
B019WMTZSY 16851
B019Z6641I 16852
B01A5NZ2MC 16853
B01A71FC90 16854
B01A7ZI6CQ 16855
B01A9IV54W 16856
B01A9LM9B2 16857
B01A9R6C1O 16858
B01AAZVX96 16859
B01AB4Y726 16860
B01AB4Y74O 16861
B01AB4Y7T4 16862
B01ACAEQMU 16863
B01ACAERQU 16864
B01ACAN0QS 16865
B01ACE4UPY 16866
B01AEOM79I 16867
B01AEOM79S 16868
B01AFGSSWU 16869
B01AH3QQ1Q 16870
B01AHHRTEU 16871
B01AHK50AC 16872
B01AHWLX2O 16873
B01AJV0CSE 16874
B01AKEGU1S 16875
B01AKUNOES 16876
B01ALA0LFM 16877
B01AOF5S8O 16878
B01ASMCHPA 16879
B01AT251SE 16880
B01ATCA3RS 16881
B01AU6P8XW 16882
B01AUH49W2 16883
B01AWWUCCQ 16884
B01AWWUDIO 16885
B01AYDOI1O 16886
B01AYMA95Y 16887
B01B1LE39A 16888
B01B1XA2KC 16889
B01B270N24 16890
B01B2CX0LU 16891
B01B5ED5H4 16892
B01B67YA10 16893
B01B6V2GF8 16894
B01B800I1G 16895
B01B80LOAA 16896
B01B80LOIC 16897
B01B8836R6 16898
B01BCNJ7TS 16899
B01BDUS0NY 16900
B01BEDN0MG 16901
B01BHCPQEY 16902
B01BHTSIOC 16903
B01BIC00KS 16904
B01BKI6IF6 16905
B01BKL9EXG 16906
B01BKM0Z60 16907
B01BL87PBG 16908
B01BLH8R50 16909
B01BLX0UBS 16910
B01BMH1Q20 16911
B01BN52ZWG 16912
B01BPK82GC 16913
B01BQPZVPQ 16914
B01BT1VYSK 16915
B01BT1W024 16916
B01BTBH5DS 16917
B01BTDOSSG 16918
B01BTDOSTK 16919
B01BUQ70W8 16920
B01BX2B01Q 16921
B01BX2B4JE 16922
B01BX2B5YS 16923
B01BX2B9VW 16924
B01BYO09DI 16925
B01BZBLP9C 16926
B01BZE7MNW 16927
B01C42FMKO 16928
B01C4PR4UC 16929
B01C5R3B8S 16930
B01C6FFN8U 16931
B01C6KIKY4 16932
B01C6S1TEE 16933
B01C9O7D40 16934
B01CDT609K 16935
B01CDT60CC 16936
B01CE00Q5C 16937
B01CH6SA7E 16938
B01CIMBWUE 16939
B01CIXVWZ8 16940
B01CIXVX84 16941
B01CIXVXXO 16942
B01CJMBBTK 16943
B01CJW33B4 16944
B01COPZYOK 16945
B01CP0Q8S0 16946
B01CPU8ON2 16947
B01CQ75N6K 16948
B01CQ8RR7C 16949
B01CQOVHGS 16950
B01CQOVHPO 16951
B01CT4CDS6 16952
B01CT4CETE 16953
B01CU6SSQ4 16954
B01CUMHBJS 16955
B01CUMITSA 16956
B01CUS6508 16957
B01CX1AOC2 16958
B01CX1HVYG 16959
B01CZ3K23E 16960
B01CZAFLOC 16961
B01CZT1CRI 16962
B01D2KF7C0 16963
B01D3LBCAE 16964
B01D52PV12 16965
B01D55MPK4 16966
B01D5KI4M2 16967
B01D5MQPNU 16968
B01D64VSYI 16969
B01D7A78G8 16970
B01D7AA21G 16971
B01D9EUNB4 16972
B01D9EUNBY 16973
B01D9EUNGY 16974
B01D9TA53U 16975
B01DBCMSFI 16976
B01DBVQ4KE 16977
B01DD4KNQK 16978
B01DDEEWSU 16979
B01DE364JU 16980
B01DGN1HY0 16981
B01DGN6PI8 16982
B01DJ63U12 16983
B01DKLQMM0 16984
B01DL2EX6A 16985
B01DL6PBA8 16986
B01DL93E68 16987
B01DLVAHQG 16988
B01DMV2QVO 16989
B01DN54ROI 16990
B01DOQAKUQ 16991
B01DPPMPSG 16992
B01DPW1A0I 16993
B01DR3ZQ3C 16994
B01DRWEO6S 16995
B01DSXJTDE 16996
B01DT59KFI 16997
B01DTNVGYI 16998
B01DVALT2I 16999
B01DWXO08E 17000
B01DX0NCOO 17001
B01DX0NCXU 17002
B01DX0ND1Q 17003
B01DX0ND2K 17004
B01DX72HPM 17005
B01DYN0MJ8 17006
B01DYX9W0I 17007
B01DZQ10M2 17008
B01E04ZW1S 17009
B01E0833YC 17010
B01E0CGNGS 17011
B01E0XL3FI 17012
B01E4S3GXG 17013
B01E5XJGPW 17014
B01E606F7Q 17015
B01E606F8A 17016
B01E698FFC 17017
B01E6CE17U 17018
B01E7XTFN8 17019
B01E7XUONI 17020
B01E7XVGVM 17021
B01E8CKGUE 17022
B01E9D9N92 17023
B01E9MHF6Q 17024
B01E9MTYGA 17025
B01E9O0Q0Q 17026
B01EFSORXS 17027
B01EGOAZQO 17028
B01EIS45ZK 17029
B01EIS4668 17030
B01EIS46CM 17031
B01EIW2RMO 17032
B01EJKRZ7C 17033
B01EJMGVKM 17034
B01EK44KXE 17035
B01ELI9E9O 17036
B01ENSOKJQ 17037
B01ENYOKR2 17038
B01EPYJXL8 17039
B01ETYJ4IG 17040
B01EVZK2WA 17041
B01EYBIBL0 17042
B01EYF72MK 17043
B01F000RXY 17044
B01F1WTLDI 17045
B01F2R9WVS 17046
B01F4L7OV2 17047
B01F4NMWMG 17048
B01F4O91WY 17049
B01F5ZY3JI 17050
B01F5ZY4YC 17051
B01F6EHOFS 17052
B01F6EHOVW 17053
B01FKMJXNW 17054
B01FKPW2E6 17055
B01FKXO8S6 17056
B01FKYGSG0 17057
B01FMEYIY2 17058
B01FMROEJ8 17059
B01FQIUDPW 17060
B01FR35ZQS 17061
B01FZ8I7R4 17062
B01G06T00S 17063
B01G1RYZRO 17064
B01G43HGWQ 17065
B01G43HHNO 17066
B01G4N5Q0A 17067
B01G5XD8GS 17068
B01G71NN3Q 17069
B01G8S3I4C 17070
B01G9CFRPU 17071
B01G9CFSSQ 17072
B01GGE7BTQ 17073
B01GGPI1R6 17074
B01GIX5EOO 17075
B01GJQCZ7Y 17076
B01GJQM5JM 17077
B01GKKXXG6 17078
B01GP4HSH2 17079
B01GQ10L32 17080
B01GRU5CQS 17081
B01GSW5VDO 17082
B01GU82O9U 17083
B01GWBZ3K2 17084
B01GWC8524 17085
B01GWCB40Y 17086
B01GWCD1XM 17087
B01GWCDFT2 17088
B01GWCMWQO 17089
B01GWDFSO6 17090
B01GWEBFRO 17091
B01H1VSVME 17092
B01H1VTEMK 17093
B01H2G0LX0 17094
B01H2JPTDO 17095
B01H2OWNH4 17096
B01H2OWOXW 17097
B01H2OZEDY 17098
B01H2TW824 17099
B01H49VL8Y 17100
B01H4FJP7C 17101
B01H4FJR5W 17102
B01H7QA5XG 17103
B01HC3880G 17104
B01HDOFUS2 17105
B01HEXVLEE 17106
B01HH7KC60 17107
B01HHGAKD6 17108
B01HHGAKEU 17109
B01HIUL6WU 17110
%22weird_al%22_yankovic 17111
'til_tuesday 17112
01_distribution 17113
10-12_years 17114
1080i 17115
1091_pictures 17116
1500_or_nothin' 17117
1910s 17118
1920s 17119
1930s 17120
1940s 17121
1950s 17122
1960s 17123
1970s 17124
1980s 17125
1990s 17126
2000s 17127
2010s 17128
2020s 17129
20th_century_fox_home_entertainment 17130
20th_century-fox 17131
20th_century-fox_television 17132
20th_century_fox 17133
20th_century_fox_home_entertainment 17134
20th_century_fox_television 17135
20th_century_studios 17136
20th_television 17137
20th_television_(original) 17138
21st_century_film_corporation 17139
2_entertain 17140
2entertain 17141
3-6_years 17142
4-for-3_dvd 17143
50_cent 17144
7-11_years 17145
7-9_years 17146
7l_&_esoteric 17147
9th_creation 17148
a&e_home_video 17149
a&e_original_movies 17150
a&e_(tv_channel) 17151
a&e_networks 17152
a&e_television_networks 17153
a+e_networks 17154
a._c._lyles 17155
a._edward_sutherland 17156
a._j._bowen 17157
a._j._cook 17158
a._kitman_ho 17159
a._r._rahman 17160
a.h._busby 17161
a.j._cook 17162
a24 17163
a_cappella 17164
a_martinez 17165
a_perfect_circle 17166
aaliyah 17167
aamir_khan 17168
aaron_abrams 17169
aaron_ashmore 17170
aaron_burns 17171
aaron_copland 17172
aaron_courseault 17173
aaron_douglas_(actor) 17174
aaron_eckhart 17175
aaron_horvath 17176
aaron_kwok 17177
aaron_mccargo,_jr. 17178
aaron_norris 17179
aaron_paul 17180
aaron_poole 17181
aaron_ramsey 17182
aaron_rosenberg 17183
aaron_ruell 17184
aaron_russo 17185
aaron_ryder 17186
aaron_schwartz_(american_actor) 17187
aaron_spelling 17188
aaron_stanford 17189
aaron_staton 17190
aaron_taylor-johnson 17191
aaron_tveit 17192
aaron_woodley 17193
aaron_woolf 17194
aaron_yoo 17195
aaron_zigman 17196
ab_svensk_filmindustri 17197
abbas_kiarostami 17198
abbas_rahimi 17199
abbey_lee 17200
abbie_cornish 17201
abby_ryder_fortson 17202
abc_tv_shows 17203
abc_family 17204
abc_television_network 17205
abdellatif_kechiche 17206
abdul_aziz_(filmmaker) 17207
abe_levitow 17208
abe_vigoda 17209
abel_korzeniowski 17210
abhay_deol 17211
abhin_galeya 17212
abhishek_bachchan 17213
abigail_breslin 17214
abigail_spencer 17215
abkco_records 17216
abner_biberman 17217
abraham_benrubi 17218
abraham_laboriel 17219
abraham_polonsky 17220
abraham_sofaer 17221
accardo_quartet 17222
achint_kaur 17223
acid_jazz 17224
acid_rock 17225
acoustic_blues 17226
acoustic_music 17227
acoustic_rock 17228
action 17229
action_&_adventure 17230
action-adventure 17231
action_(genre) 17232
action_adventure_film 17233
action_fiction 17234
action_film 17235
action_genre 17236
ada_carrasco 17237
adam_alexi-malle 17238
adam_arkin 17239
adam_baldwin 17240
adam_beach 17241
adam_berry 17242
adam_bohling 17243
adam_brody 17244
adam_campbell_(actor) 17245
adam_carolla 17246
adam_clapham 17247
adam_deacon 17248
adam_dimarco 17249
adam_driver 17250
adam_elliot 17251
adam_fields 17252
adam_garcia 17253
adam_goldberg 17254
adam_goldberg_(actor) 17255
adam_gorgoni 17256
adam_green_(filmmaker) 17257
adam_gregory_(actor) 17258
adam_hann-byrd 17259
adam_herz 17260
adam_hicks 17261
adam_james_(actor) 17262
adam_kantor 17263
adam_kassen 17264
adam_kendrick 17265
adam_kury 17266
adam_lamberg 17267
adam_lambert 17268
adam_lavorgna 17269
adam_levine 17270
adam_marcus_(director) 17271
adam_mckay 17272
adam_pascal 17273
adam_rifkin 17274
adam_roarke 17275
adam_robitel 17276
adam_rodriguez 17277
adam_rodríguez 17278
adam_salky 17279
adam_sandler 17280
adam_schlesinger 17281
adam_schroeder 17282
adam_scott_(actor) 17283
adam_shaheen_(producer) 17284
adam_shankman 17285
adam_storke 17286
adam_tandy 17287
adam_wakefield 17288
adam_west 17289
adam_williams_(actor) 17290
adam_wylie 17291
adamo_paolo_cultraro 17292
adamo_ruggiero 17293
addison_timlin 17294
adel_bencherif 17295
adelaide_clemens 17296
adele_mara 17297
adem_ilhan 17298
aden_gillett 17299
aden_young 17300
adepero_oduye 17301
adesua_etomi 17302
adetokumboh_m'cormack 17303
adewale_akinnuoye-agbaje 17304
adi_cărăuleanu 17305
adil_hussain 17306
adir_miller 17307
aditya_(kannada_actor) 17308
aditya_chopra 17309
adolf_shestakov 17310
adolfo_celi 17311
adolfo_fernández_bustamante 17312
adolfo_margiotta 17313
adolph_deutsch 17314
adolph_zukor 17315
adolphe_menjou 17316
adrian_butchart 17317
adrian_cruz 17318
adrian_dunbar 17319
adrian_grenier 17320
adrian_johnston_(musician) 17321
adrian_lyne 17322
adrian_martinez_(actor) 17323
adrian_pasdar 17324
adrian_paul 17325
adrian_petriw 17326
adrian_pintea 17327
adrian_rawlins 17328
adrian_scarborough 17329
adrian_schiller 17330
adrian_scott 17331
adrian_shergold 17332
adrian_younge 17333
adriana_asti 17334
adriana_barraza 17335
adriana_trigiani 17336
adrianne_palicki 17337
adriano_celentano 17338
adrien_brody 17339
adrienne-joi_johnson 17340
adrienne_bailon 17341
adrienne_barbeau 17342
adrienne_corri 17343
adult_alternative 17344
adult_contemporary 17345
adult_album_alternative 17346
adult_animated 17347
adult_contemporary 17348
adult_contemporary_music 17349
adventure 17350
adventure_(genre) 17351
adventure_fiction 17352
adventure_film 17353
adventures 17354
adán_jodorowsky 17355
adèle_exarchopoulos 17356
adèle_haenel 17357
aerosmith 17358
affion_crockett 17359
affirm_films 17360
africa 17361
african_american_cinema 17362
african_american_heritage 17363
afro-cuban_jazz 17364
afro_celt_sound_system 17365
after_dark_films 17366
agam_darshi 17367
agasi_babayan 17368
agata_buzek 17369
agnes_bruckner 17370
agnes_kittelsen 17371
agnes_moorehead 17372
agneta_eckemyr 17373
agnieszka_holland 17374
agnieszka_wagner 17375
aguilera,_christina 17376
agun 17377
agustín_almodóvar 17378
ahmad_pejman 17379
ahmed_best 17380
ahmet_zappa 17381
ahn_sung-ki 17382
ahna_o'reilly 17383
ahu_türkpençe 17384
ai_kakuma 17385
ai_kobayashi 17386
ai_orikasa 17387
aida_young 17388
aidan_gillen 17389
aidan_mcardle 17390
aidan_quinn 17391
aimee_carrero 17392
aimee_teegarden 17393
air_(french_band) 17394
aisha_hinds 17395
aisha_tyler 17396
aishwarya_rai 17397
aishwarya_rai_bachchan 17398
aislín_mcguckin 17399
aitana_sánchez-gijón 17400
aj_cook 17401
aj_michalka 17402
aj_schnack 17403
akaji_maro 17404
akassh 17405
akemi_negishi 17406
aki_aleong 17407
aki_avni 17408
aki_kaurismäki 17409
aki_maeda 17410
akihiko_hirata 17411
akiji_kobayashi 17412
akiko_yano 17413
akim_tamiroff 17414
akira_ifukube 17415
akira_kubo 17416
akira_kurosawa 17417
akira_takarada 17418
akiva_goldsman 17419
akiva_schaffer 17420
akiyoshi_nakao 17421
akon 17422
aksel_hennie 17423
akshay_hariharan 17424
al-zain_sabah_al-naser_al-sabah 17425
al_brodax 17426
al_capps 17427
al_corley 17428
al_dubin 17429
al_lettieri 17430
al_pacino 17431
al_santos_(actor) 17432
al_st._john 17433
al_stillman 17434
al_white 17435
alain_chabat 17436
alain_cuny 17437
alain_delon 17438
alain_goldman 17439
alain_guiraudie 17440
alain_hernández 17441
alain_poiré 17442
alain_prost 17443
alain_romans 17444
alain_sarde 17445
alain_siritzky 17446
alakina_mann 17447
alan_alda 17448
alan_arkin 17449
alan_armer 17450
alan_autry 17451
alan_badel 17452
alan_barnette 17453
alan_bates 17454
alan_belkin 17455
alan_bjelinski 17456
alan_brewer 17457
alan_bridges 17458
alan_brown_(filmmaker) 17459
alan_brown_(producer) 17460
alan_bunce 17461
alan_burnett 17462
alan_caillou 17463
alan_campbell_(actor) 17464
alan_cox_(actor) 17465
alan_cumming 17466
alan_dale 17467
alan_dershowitz 17468
alan_dinehart 17469
alan_fudge 17470
alan_gelfant 17471
alan_gibson_(director) 17472
alan_hale_jr. 17473
alan_hale_sr. 17474
alan_howarth_(composer) 17475
alan_j._levi 17476
alan_j._pakula 17477
alan_j._w._bell 17478
alan_jay_lerner 17479
alan_king 17480
alan_kirschenbaum 17481
alan_klingenstein 17482
alan_ladd 17483
alan_ladd,_jr. 17484
alan_landsburg 17485
alan_lazar 17486
alan_macnaughtan 17487
alan_marshall_(film_producer) 17488
alan_marshall_(producer) 17489
alan_menken 17490
alan_metter 17491
alan_metzger 17492
alan_moloney 17493
alan_mowbray 17494
alan_parker 17495
alan_parsons 17496
alan_paton 17497
alan_poul 17498
alan_price 17499
alan_rachins 17500
alan_rafkin 17501
alan_rawsthorne 17502
alan_reed 17503
alan_riche 17504
alan_rickman 17505
alan_roberts_(filmmaker) 17506
alan_ruck 17507
alan_scarfe 17508
alan_schechter_(film_producer) 17509
alan_silvestri 17510
alan_smithee 17511
alan_taylor_(director) 17512
alan_tudyk 17513
alan_vint 17514
alan_young 17515
alan_zaslove 17516
alana_austin 17517
alana_stewart 17518
alani_vasquez 17519
alanna_ubach 17520
alaric_jans 17521
alaric_tay 17522
alastair_duncan_(actor,_born_1958) 17523
alastair_orr 17524
alastair_sim 17525
alba_flores 17526
alba_francesca 17527
alba_rohrwacher 17528
albanian_language 17529
albert_alarr 17530
albert_band 17531
albert_bassermann 17532
albert_berger 17533
albert_brooks 17534
albert_capellani 17535
albert_de_courville 17536
albert_dekker 17537
albert_e._smith_(producer) 17538
albert_fennell 17539
albert_finney 17540
albert_glasser 17541
albert_herman 17542
albert_j._cohen 17543
albert_king 17544
albert_lamorisse 17545
albert_lewin 17546
albert_lewis_(producer) 17547
albert_maysles 17548
albert_paulsen 17549
albert_pyun 17550
albert_r._broccoli 17551
albert_s._rogell 17552
albert_s._ruddy 17553
albert_salmi 17554
albert_serra 17555
albert_sharpe 17556
albert_shin 17557
albert_yeung 17558
albert_zugsmith 17559
alberta_watson 17560
alberto_colombo_(composer) 17561
alberto_grimaldi 17562
alberto_iglesias 17563
alberto_lattuada 17564
alberto_sordi 17565
albie_hecht 17566
album-oriented_rock_(aor) 17567
alchemy_(company) 17568
alden_ehrenreich 17569
aldo_fabrizi 17570
aldo_grimaldi 17571
aldo_puglisi 17572
aldo_ray 17573
alec_baldwin 17574
alec_guinness 17575
alec_mccowen 17576
alejandro_amenábar 17577
alejandro_gonzález_iñárritu 17578
alejandro_jodorowsky 17579
alejandro_rey 17580
alek_keshishian 17581
aleksa_palladino 17582
aleksander_bardini 17583
aleksander_l._nordaas 17584
aleksandr_abdulov 17585
aleksandr_golutva 17586
aleksandr_medvedkin 17587
aleksandr_shvorin 17588
aleksandr_zatsepin 17589
aleksei_serebryakov_(actor) 17590
aleksey_batalov 17591
aleksi_mäkelä_(director) 17592
alesha_dixon 17593
alessandra_rosaldo 17594
alessandra_torresani 17595
alessandro_carloni 17596
alessandro_cicognini 17597
alessandro_fracassi 17598
alessandro_juliani 17599
alessandro_mario 17600
alessandro_nivola 17601
alessio_boni 17602
alex_berger 17603
alex_borstein 17604
alex_brown_(actor) 17605
alex_cord 17606
alex_cox 17607
alex_de_renzy 17608
alex_desert 17609
alex_doduk 17610
alex_esmail 17611
alex_etel 17612
alex_fong_(singer) 17613
alex_garland 17614
alex_gartner 17615
alex_gibney 17616
alex_grossi 17617
alex_haslam 17618
alex_heffes 17619
alex_hyde-white 17620
alex_jennings 17621
alex_johns 17622
alex_kalymnios 17623
alex_kapp_horner 17624
alex_kendrick 17625
alex_kingston 17626
alex_kurtzman 17627
alex_lovy 17628
alex_mckenna 17629
alex_north 17630
alex_norton 17631
alex_o'loughlin 17632
alex_proyas 17633
alex_reid_(actress) 17634
alex_rocco 17635
alex_roe 17636
alex_ross_perry 17637
alex_russell_(actor) 17638
alex_segal 17639
alex_veadov 17640
alex_winitsky 17641
alex_winter 17642
alex_wurman 17643
alex_zamm 17644
alexa_davalos 17645
alexa_davies 17646
alexa_ilacad 17647
alexa_vega 17648
alexander_beyer 17649
alexander_buchman 17650
alexander_butler 17651
alexander_calvert 17652
alexander_chaplin 17653
alexander_courage 17654
alexander_d'arcy 17655
alexander_dreymon 17656
alexander_fu 17657
alexander_fu_sheng 17658
alexander_grasshoff 17659
alexander_hall 17660
alexander_knox 17661
alexander_korda 17662
alexander_kott 17663
alexander_ludwig 17664
alexander_ludwig_(actor) 17665
alexander_mackendrick 17666
alexander_paal 17667
alexander_payne 17668
alexander_rodnyansky 17669
alexander_scourby 17670
alexander_siddig 17671
alexander_skarsgård 17672
alexander_witt 17673
alexandra_daddario 17674
alexandra_holden 17675
alexandra_johnes 17676
alexandra_kelly 17677
alexandra_maria_lara 17678
alexandra_sorina 17679
alexandra_stewart 17680
alexandra_wilson 17681
alexandre_aja 17682
alexandre_azaria 17683
alexandre_desplat 17684
alexandre_poncet 17685
alexandre_rockwell 17686
alexandre_rodrigues_(actor) 17687
alexandru_potocean 17688
alexi_murdoch 17689
alexia_fast 17690
alexis_arquette 17691
alexis_bledel 17692
alexis_dziena 17693
alexis_georgoulis 17694
alexis_minotis 17695
alexis_smith 17696
alexondra_lee 17697
alf_clausen 17698
alf_kjellin 17699
alfi_kabiljo 17700
alfonso_arau 17701
alfonso_cuarón 17702
alfonso_ribeiro 17703
alfre_woodard 17704
alfred_cheung 17705
alfred_drake 17706
alfred_e._green 17707
alfred_hitchcock 17708
alfred_j._goulding 17709
alfred_l._werker 17710
alfred_molina 17711
alfred_newman_(composer) 17712
alfred_paget 17713
alfred_r._kelman 17714
alfred_ryder 17715
alfred_travers 17716
alfredo_bini 17717
alfredo_de_villa 17718
ali_akram_shuvo 17719
ali_düşenkalkar 17720
ali_hillis 17721
ali_kazim 17722
ali_larter 17723
ali_leroi 17724
ali_liebert 17725
ali_selim 17726
ali_suliman 17727
alia_shawkat 17728
alice_brady 17729
alice_braga 17730
alice_calhoun 17731
alice_cooper 17732
alice_englert 17733
alice_evans 17734
alice_eve 17735
alice_faye 17736
alice_ghostley 17737
alice_in_chains 17738
alice_joyce 17739
alice_krige 17740
alice_lewis 17741
alice_white 17742
alicia_agut 17743
alicia_hermida 17744
alicia_keys 17745
alicia_markova 17746
alicia_silverstone 17747
alicia_vikander 17748
alicia_witt 17749
alida_valli 17750
alien_invasion 17751
alien_saga 17752
aliens 17753
aline_macmahon 17754
aline_towne 17755
alisa_mizuki 17756
alisa_reyes 17757
alisan_porter 17758
alison_arngrim 17759
alison_brie 17760
alison_doody 17761
alison_goldfrapp 17762
alison_greenspan 17763
alison_lohman 17764
alison_owen 17765
alison_pill 17766
alison_routledge 17767
alissa_jung 17768
alister_grierson 17769
all 17770
all_a&e_titles 17771
all_bbc_titles 17772
all_disney_titles 17773
all_fox_titles 17774
all_fx_shows 17775
all_hbo_titles 17776
all_lionsgate_titles 17777
all_made-for-tv_movies 17778
all_mgm_titles 17779
all_mtv 17780
all_new_yorker_titles 17781
all_sci_fi_channel_shows 17782
all_showtime_titles 17783
all_sony_pictures_classics 17784
all_sony_pictures_titles 17785
all_sundance_titles 17786
all_terminator 17787
all_titles 17788
all_universal_studios_titles 17789
all3media 17790
alla_surikova 17791
allan_arbus 17792
allan_carr 17793
allan_corduner 17794
allan_dwan 17795
allan_ekelund 17796
allan_glaser 17797
allan_gray_(composer) 17798
allan_jones_(actor) 17799
allan_loeb 17800
allan_miller 17801
allan_moyle 17802
allan_royal 17803
allen_baron 17804
allen_cavan 17805
allen_covert 17806
allen_garfield 17807
allen_hoskins 17808
allen_jenkins 17809
allen_leech 17810
allen_payne 17811
allen_shawn 17812
alliance 17813
alliance_atlantis 17814
alliance_atlantis_communications 17815
alliance_films 17816
allied_artists_pictures 17817
allied_artists_pictures_corporation 17818
allison_abbate 17819
allison_anders 17820
allison_burnett 17821
allison_janney 17822
allison_liddi-brown 17823
allison_mcatee 17824
allison_scagliotti 17825
allison_silverman 17826
allison_smith_(actress) 17827
allison_tolman 17828
allison_williams_(actress) 17829
allu_sirish 17830
ally_sheedy 17831
ally_walker 17832
allyn_joslyn 17833
alma_productions 17834
alma_rubens 17835
alma_zack 17836
almanta_suska 17837
alphonso_mcauley 17838
alt_industrial 17839
alternative_metal 17840
alternative_rock 17841
alternative_country 17842
alternative_hip_hop 17843
alternative_metal 17844
alternative_r&b 17845
alternative_rock 17846
alto_reed 17847
altovise_davis 17848
aluizio_abranches 17849
alun_armstrong 17850
alvin_cooperman 17851
aly_michalka 17852
alyson_court 17853
alyson_hannigan 17854
alyson_stoner 17855
alyssa_milano 17856
amanda_abbington 17857
amanda_barrie 17858
amanda_blake 17859
amanda_bynes 17860
amanda_crew 17861
amanda_detmer 17862
amanda_leatherman 17863
amanda_pays 17864
amanda_peet 17865
amanda_plummer 17866
amanda_redman 17867
amanda_righetti 17868
amanda_seyfried 17869
amanda_tapping 17870
amanda_wyss 17871
amar'e_stoudemire 17872
amaury_nolasco 17873
amazon_prime_video 17874
amber_an 17875
amber_heard 17876
amber_riley 17877
amber_rose_revah 17878
amber_sealey 17879
amber_tamblyn 17880
amber_valletta 17881
ambient 17882
ambient_pop 17883
ambient_music 17884
ambient_pop 17885
amc_networks 17886
amc_theatres 17887
ameenah_kaplan 17888
ameesha_patel 17889
amel_j._figueroa 17890
amelia_bullmore 17891
amelia_kinkade 17892
amelia_thripura_henderson 17893
america_ferrera 17894
america_olivo 17895
american_alternative 17896
american_punk 17897
american_broadcasting_company 17898
american_cinema_productions 17899
american_international_pictures 17900
american_international_productions 17901
american_masters 17902
american_public_television 17903
americana 17904
americana_(music) 17905
ami_ayalon 17906
ami_dolenz 17907
amir_harel 17908
amitabh_bachchan 17909
amlf 17910
amos_gitai 17911
amplify_(distributor) 17912
amr_waked 17913
amrish_puri 17914
amy_adams 17915
amy_adelson 17916
amy_birnbaum 17917
amy_brenneman 17918
amy_grabow 17919
amy_hargreaves 17920
amy_heckerling 17921
amy_hobby 17922
amy_irving 17923
amy_j._berg 17924
amy_jo_johnson 17925
amy_lalonde 17926
amy_locane 17927
amy_madigan 17928
amy_manson 17929
amy_matysio 17930
amy_morton 17931
amy_nuttall 17932
amy_okuda 17933
amy_poehler 17934
amy_ray 17935
amy_redford 17936
amy_robinson 17937
amy_ryan 17938
amy_seimetz 17939
amy_sloan 17940
amy_smart 17941
amy_spanger 17942
amy_tan 17943
amy_wright 17944
amy_yasbeck 17945
amzie_strickland 17946
ana_alicia 17947
ana_gasteyer 17948
ana_lily_amirpour 17949
ana_torrent 17950
anahita_khalatbari 17951
anamaria_marinca 17952
anand_tucker 17953
anant_singh_(film_producer) 17954
anat_atzmon 17955
anatole_dauman 17956
anatole_de_grunwald 17957
anatole_litvak 17958
anatole_taubman 17959
anatoly_fradis 17960
anatoly_solonitsyn 17961
anchor_bay_entertainment 17962
anchor_bay_films 17963
anders_w._berthelsen 17964
anderson_cooper 17965
andes 17966
andie_macdowell 17967
andre_benjamin 17968
andre_braugher 17969
andre_detoth 17970
andre_gregory 17971
andre_hakim 17972
andre_holland 17973
andre_stojka 17974
andrea_barata_ribeiro 17975
andrea_barber 17976
andrea_brooks 17977
andrea_calderwood 17978
andrea_guerra_(composer) 17979
andrea_howard 17980
andrea_kalin 17981
andrea_king 17982
andrea_libman 17983
andrea_marcovicci 17984
andrea_martin 17985
andrea_morricone 17986
andrea_osvárt 17987
andrea_parker 17988
andrea_sawatzki 17989
andrea_sperling 17990
andrea_tidona 17991
andreas_hess_(producer) 17992
andreas_katsulas 17993
andreas_patton 17994
andreas_wilson 17995
andreas_wisniewski 17996
andrei_arlovski 17997
andrei_kravchuk 17998
andrei_tarkovsky 17999
andrew_%22dice%22_clay 18000
andrew_a._kosove 18001
andrew_adamson 18002
andrew_barnabas 18003
andrew_benson 18004
andrew_bongiorno 18005
andrew_breitbart 18006
andrew_butler_(actor) 18007
andrew_cosby 18008
andrew_currie_(director) 18009
andrew_davis_(filmmaker) 18010
andrew_dice_clay 18011
andrew_divoff 18012
andrew_donally 18013
andrew_dosunmu 18014
andrew_eaton 18015
andrew_fleming 18016
andrew_form 18017
andrew_freeman_(musician) 18018
andrew_g._vajna 18019
andrew_garfield 18020
andrew_gottlieb 18021
andrew_gunn_(film_producer) 18022
andrew_gunn_(producer) 18023
andrew_havill 18024
andrew_hewitt 18025
andrew_howard 18026
andrew_jarecki 18027
andrew_karsch 18028
andrew_kasch 18029
andrew_keegan 18030
andrew_kosove 18031
andrew_kreisberg 18032
andrew_l._stone 18033
andrew_lane_(film_producer) 18034
andrew_lau 18035
andrew_lazar 18036
andrew_leman 18037
andrew_lloyd_webber 18038
andrew_lockington 18039
andrew_loog_oldham 18040
andrew_macdonald_(producer) 18041
andrew_marton 18042
andrew_mccarthy 18043
andrew_mclaglen 18044
andrew_niccol 18045
andrew_osborn_(producer) 18046
andrew_prine 18047
andrew_r._jones 18048
andrew_robson_(actor) 18049
andrew_ryan_(actor) 18050
andrew_s._karsch 18051
andrew_scheinman 18052
andrew_shim 18053
andrew_stanton 18054
andrew_stevens 18055
andrew_sugerman 18056
andrew_tolokonnikov 18057
andrew_trapani 18058
andrew_v._mclaglen 18059
andrew_walker_(actor) 18060
andrew_waller 18061
andrew_wight 18062
andrew_zimmern 18063
andrey_merzlikin 18064
andros_epaminondas 18065
andrzej_bartkowiak 18066
andrás_hámori 18067
andrás_m._kecskés 18068
andré_3000 18069
andré_abujamra 18070
andré_benjamin 18071
andré_dussolier 18072
andré_dussollier 18073
andré_hakim 18074
andré_hennicke 18075
andré_morell 18076
andré_previn 18077
andré_roanne 18078
andré_sogliuzzo 18079
andré_the_giant 18080
andré_wilms 18081
andrée_lachapelle 18082
andrés_palacios 18083
andy_ackerman 18084
andy_bean_(actor) 18085
andy_biersack 18086
andy_comeau 18087
andy_de_emmony 18088
andy_devine 18089
andy_devine_(english_actor) 18090
andy_dick 18091
andy_fickman 18092
andy_garcia 18093
andy_garcía 18094
andy_gibb 18095
andy_griffith 18096
andy_heyward 18097
andy_jones_(comedian) 18098
andy_lau 18099
andy_lipkis 18100
andy_mikita 18101
andy_muschietti 18102
andy_nyman 18103
andy_on 18104
andy_paterson 18105
andy_richter 18106
andy_samberg 18107
andy_samuel 18108
andy_serkis 18109
andy_sturmer 18110
andy_warhol 18111
ane_brun 18112
aneta_corsaut 18113
anette_støvelbæk 18114
aneurin_barnard 18115
ang_lee 18116
angel_aquino 18117
angel_boris 18118
angel_gracia 18119
angela_bartys 18120
angela_bassett 18121
angela_bettis 18122
angela_bundalovic 18123
angela_davis 18124
angela_featherstone 18125
angela_goethals 18126
angela_greene 18127
angela_lansbury 18128
angela_morley 18129
angela_rockwood 18130
angela_winkler 18131
angelababy 18132
angeli_bayani 18133
angeli_gonzales 18134
angeliki_papoulia 18135
angelina_jolie 18136
angelique_bones 18137
angelo_badalamenti 18138
angelo_barbagallo 18139
angelo_francesco_lavagnino 18140
angelo_pizzo 18141
angelo_rizzoli 18142
angelo_rizzoli_(1943-2013) 18143
angharad_rees 18144
angie_cepeda 18145
angie_dickinson 18146
angie_harmon 18147
angie_xtravaganza 18148
anglo-amalgamated 18149
anglo-amalgamated_film_distributors 18150
anglo-emi_film_distributors 18151
angus_macfadyen 18152
angus_maclane 18153
angus_sampson 18154
angus_t._jones 18155
anh_duong 18156
ania_bukstein 18157
ania_pieroni 18158
anica_tomić 18159
anika_noni_rose 18160
animal_planet 18161
animated 18162
animated_cartoons 18163
animated_characters 18164
animated_movies 18165
animated_cartoon 18166
animated_series 18167
animated_sitcom 18168
animation 18169
anime 18170
anime_&_manga 18171
anita_baker 18172
anita_briem 18173
anita_durante 18174
anita_ekberg 18175
anita_kanwar 18176
anita_louise 18177
anita_mui 18178
anita_stewart 18179
anjali_jay 18180
anjanette_comer 18181
anjelica_huston 18182
ann-margret 18183
ann_b._davis 18184
ann_blyth 18185
ann_doran 18186
ann_dowd 18187
ann_dvorak 18188
ann_eleonora_jørgensen 18189
ann_gillis 18190
ann_harding 18191
ann_hopkins 18192
ann_hui 18193
ann_jillian 18194
ann_magnuson 18195
ann_miller 18196
ann_morgan_guilbert 18197
ann_robinson 18198
ann_ronell 18199
ann_rutherford 18200
ann_sheridan 18201
ann_smyrner 18202
ann_sothern 18203
ann_todd 18204
ann_turner_(director) 18205
anna-louise_plowman 18206
anna_boden_and_ryan_fleck 18207
anna_chancellor 18208
anna_chlumsky 18209
anna_cummer 18210
anna_cyzon 18211
anna_deavere_smith 18212
anna_drijver 18213
anna_falchi 18214
anna_faris 18215
anna_friel 18216
anna_gunn 18217
anna_kanakis 18218
anna_karina 18219
anna_kendrick 18220
anna_mae_routledge 18221
anna_magnani 18222
anna_maria_alberghetti 18223
anna_maria_horsford 18224
anna_massey 18225
anna_mcgahan 18226
anna_nakagawa 18227
anna_paquin 18228
anna_popplewell 18229
anna_sahlene 18230
anna_stratton 18231
anna_synodinou 18232
anna_thomas 18233
anna_torv 18234
anna_zielinski 18235
anna_šišková 18236
annabella_piugattuk 18237
annabella_sciorra 18238
annabeth_gish 18239
annaleigh_ashford 18240
annalise_basso 18241
annapurna_pictures 18242
annasophia_robb 18243
anne-dominique_toussaint 18244
anne-marie_duff 18245
anne-marie_johnson 18246
anne_archer 18247
anne_bancroft 18248
anne_baxter 18249
anne_bobby 18250
anne_brown 18251
anne_carey 18252
anne_carlucci 18253
anne_dudley 18254
anne_fletcher 18255
anne_francis 18256
anne_hathaway 18257
anne_heche 18258
anne_heung 18259
anne_hubbell 18260
anne_jackson 18261
anne_köhncke 18262
anne_leduc 18263
anne_marie_la_traverse 18264
anne_marie_loder 18265
anne_meara 18266
anne_mensah 18267
anne_nagel 18268
anne_ramsay 18269
anne_reid 18270
anne_revere 18271
anne_shirley_(actress) 18272
anne_sundberg 18273
anne_suzuki 18274
anne_tremko 18275
anne_triola 18276
anne_twomey_(actor) 18277
anne_underwood 18278
anne_vernon 18279
anne_wiazemsky 18280
annette_badland 18281
annette_bening 18282
annette_crosbie 18283
annette_funicello 18284
annette_haven 18285
annette_o'toole 18286
annibale_ninchi 18287
annie_corley 18288
annie_parisse 18289
annie_potts 18290
annie_ross 18291
annika_hallin 18292
anoop_seelin 18293
another_bad_creation 18294
anouk_aimée 18295
ansel_elgort 18296
ansiba_hassan 18297
ant_timpson 18298
antena_3_televisión 18299
anthea_sylbert 18300
anthology_series 18301
anthony_anderson 18302
anthony_asquith 18303
anthony_b._powell 18304
anthony_bregman 18305
anthony_bushell 18306
anthony_c._ferrante 18307
anthony_daniels 18308
anthony_dawson 18309
anthony_de_longis 18310
anthony_denison 18311
anthony_dexter 18312
anthony_diblasi 18313
anthony_dicarlo 18314
anthony_edwards_(actor) 18315
anthony_eisley 18316
anthony_focx 18317
anthony_franciosa 18318
anthony_green_(actor) 18319
anthony_griffith_(actor) 18320
anthony_hamilton_(musician) 18321
anthony_harvey 18322
anthony_head 18323
anthony_heald 18324
anthony_hemingway 18325
anthony_higgins_(actor) 18326
anthony_hinds 18327
anthony_hopkins 18328
anthony_howell_(actor) 18329
anthony_ilott 18330
anthony_james_(actor) 18331
anthony_johnson_(actor) 18332
anthony_katagas 18333
anthony_kimmins 18334
anthony_lapaglia 18335
anthony_lemke 18336
anthony_lucero_(director) 18337
anthony_mackie 18338
anthony_mann 18339
anthony_marinelli 18340
anthony_michael_hall 18341
anthony_minghella 18342
anthony_nelson_keys 18343
anthony_page 18344
anthony_perkins 18345
anthony_quayle 18346
anthony_quinn 18347
anthony_ramos_(actor) 18348
anthony_rapp 18349
anthony_ray_(producer) 18350
anthony_simcoe 18351
anthony_spinelli 18352
anthony_steel_(actor) 18353
anthony_tyler_quinn 18354
anthony_veiller 18355
anthony_warde 18356
anthony_wong_(hong_kong_actor) 18357
anthony_zerbe 18358
antje_traue 18359
antoine_duhamel 18360
antoine_fuqua 18361
antoine_saint-john 18362
antoine_vézina 18363
anton_corbijn 18364
anton_diffring 18365
anton_lesser 18366
anton_sanko 18367
anton_smit 18368
anton_vassil 18369
anton_walbrook 18370
anton_yelchin 18371
antoni_corone 18372
antonia_bird 18373
antonia_prebble 18374
antonina_maksimova 18375
antonio_%22l.a.%22_reid 18376
antonio_banderas 18377
antonio_campos_(director) 18378
antonio_cantafora 18379
antonio_cifariello 18380
antonio_de_la_torre_(actor) 18381
antonio_fargas 18382
antonio_marsina 18383
antonio_moreno 18384
antonio_pinto_(composer) 18385
antonio_piras 18386
antonio_tarver 18387
antony_carbone 18388
antony_cotton 18389
antony_hamilton 18390
antony_hickling 18391
antony_hopkins 18392
antony_i._ginnane 18393
antony_partos 18394
antony_sher 18395
antônio_pinto_(composer) 18396
anu_malik 18397
anulka_dziubinska 18398
anupam_kher 18399
anurag_kashyap 18400
anushka_sharma 18401
anya_wu 18402
aoi_teshima 18403
apocalyptic_and_post-apocalyptic_fiction 18404
appalachian 18405
apparition_(company) 18406
april_bowlby 18407
april_pearson 18408
april_scott 18409
aqua_(band) 18410
aquila_films 18411
arabic 18412
aracely_arámbula 18413
aran_bell 18414
arashi_fukasawa 18415
arata_(actor) 18416
arbaaz_khan 18417
arcelia_ramírez 18418
arch_hall,_jr. 18419
arch_oboler 18420
archie_kao 18421
archie_mayo 18422
archie_panjabi 18423
areen_omari 18424
arena_rock 18425
arena_rock 18426
aretha_franklin 18427
arghavan_gousheh 18428
argosy_pictures 18429
ari_folman 18430
ari_graynor 18431
ari_millen 18432
ariadna_gil 18433
arian_moayed 18434
ariana_grande 18435
ariana_richards 18436
ariane_films 18437
ariane_labed 18438
arianne_zucker 18439
arias 18440
arie_verveen 18441
ariel_kleiman 18442
ariel_levy_(actor) 18443
ariel_schulman 18444
ariel_vromen 18445
ariel_winter 18446
ariel_zeitoun 18447
arielle_kebbel 18448
arif_mardin 18449
arija_bareikis 18450
aristomenis_tsirbas 18451
arj_barker 18452
arjay_smith 18453
arjun_rampal 18454
arlen_dean_snyder 18455
arlen_escarpeta 18456
arlene_klasky 18457
arlene_sanford 18458
arlene_sellers 18459
arlette_zylberberg 18460
arletty 18461
arliss_howard 18462
arly_jover 18463
armand_amar 18464
armand_assante 18465
armand_deutsch 18466
armand_mastroianni 18467
armand_schaefer 18468
armando_iannucci 18469
armando_trovajoli 18470
armen_dzhigarkhanyan 18471
armie_hammer 18472
armin_mueller-stahl 18473
armin_van_buuren 18474
armyan_bernstein 18475
arnaud_binard 18476
arnie_gelbart 18477
arnie_roth 18478
arnold_drake 18479
arnold_johnson_(actor) 18480
arnold_kent 18481
arnold_kopelson 18482
arnold_laven 18483
arnold_moss 18484
arnold_oceng 18485
arnold_pressburger 18486
arnold_rifkin 18487
arnold_schwarzenegger 18488
arnold_stang 18489
arnold_vosloo 18490
arnon_milchan 18491
aron_kincaid 18492
aron_warner 18493
arpit_ranka 18494
arsenio_hall 18495
arsinée_khanjian 18496
art_&_artists 18497
art_house_&_international 18498
art_carney 18499
art_evans_(actor) 18500
art_lafleur 18501
art_linson 18502
art_malik 18503
art_n'_soul 18504
art_napoleon_(film_director) 18505
art_pop 18506
art_rock 18507
art_seidel 18508
arte_johnson 18509
artel_great 18510
arthur_allan_seidelman 18511
arthur_b._rubinstein 18512
arthur_b._woods 18513
arthur_baker_(musician) 18514
arthur_benjamin 18515
arthur_bliss 18516
arthur_byron 18517
arthur_chance 18518
arthur_cohn 18519
arthur_davis_(animator) 18520
arthur_franz 18521
arthur_freed 18522
arthur_gardner_(producer) 18523
arthur_hill_(canadian_actor) 18524
arthur_hiller 18525
arthur_honegger 18526
arthur_hornblow_jr. 18527
arthur_hunnicutt 18528
arthur_kane 18529
arthur_kennedy 18530
arthur_kennedy_(actor) 18531
arthur_lange 18532
arthur_lowe 18533
arthur_lubin 18534
arthur_m._sarkissian 18535
arthur_morton_(composer) 18536
arthur_o'connell 18537
arthur_p._jacobs 18538
arthur_penn 18539
arthur_rankin,_jr. 18540
arthur_rankin_jr. 18541
arthur_robison 18542
arthur_schwartz 18543
arthur_simonini 18544
arthur_sullivan 18545
arthur_treacher 18546
artie_butler 18547
artie_kane 18548
artificial_eye 18549
artisan_entertainment 18550
artur_brauner 18551
artur_smolyaninov 18552
arturo_sandoval 18553
arun_rangachari 18554
arunoday_singh 18555
aryana_engineer 18556
arye_gross 18557
asafa_powell 18558
asami_miyajima 18559
asanee_suwan 18560
ash_bowers 18561
ashanti_(singer) 18562
ashiqur_rahman 18563
ashish_deo 18564
ashleigh_ball 18565
ashleigh_ball_(voice_actress) 18566
ashleigh_cummings 18567
ashley_bell_(actress) 18568
ashley_benson 18569
ashley_eckstein 18570
ashley_greene 18571
ashley_hinshaw 18572
ashley_jensen 18573
ashley_johnson_(actress) 18574
ashley_judd 18575
ashley_laurence 18576
ashley_olsen 18577
ashley_palmer_(actress) 18578
ashley_rickards 18579
ashley_tesoro 18580
ashley_tisdale 18581
ashley_williams_(actress) 18582
ashley_williams_(footballer) 18583
ashlie_rhey 18584
ashlynn_yennie 18585
ashok_amritraj 18586
ashok_dhanuka 18587
ashraf_barhom 18588
ashton_holmes 18589
ashton_kutcher 18590
ashutosh_gowariker 18591
ashutosh_rana 18592
asia_argento 18593
asia_vieira 18594
asif_kapadia 18595
asking_alexandria 18596
aslı_özge 18597
asmik_ace 18598
asrani 18599
associated_british-pathe 18600
associated_british-pathé 18601
associated_british_film_distributors 18602
associated_british_picture_corporation 18603
associated_exhibitors 18604
associated_film_distribution 18605
assumpta_serna 18606
astor_pictures 18607
astor_pictures_corporation 18608
astral_films 18609
astral_media 18610
astrid_folstad 18611
astro_(rapper) 18612
asun_ortega 18613
athene_seyler 18614
atlantic_releasing_corporation 18615
atli_örvarsson 18616
atom_egoyan 18617
atsuko_takahashi 18618
atsumi_tanezaki 18619
atsuro_watabe 18620
atsushi_abe 18621
atticus_ross 18622
atıf_yılmaz 18623
aubrey_baring 18624
aubrey_dollar 18625
aubrey_mather 18626
aubrey_peeples 18627
aubrey_plaza 18628
aubrey_schenck 18629
aubrey_wisberg 18630
audie_england 18631
audie_murphy 18632
audra_lindley 18633
audra_mcdonald 18634
audrey_dalton 18635
audrey_hepburn 18636
audrey_marrs 18637
audrey_reid_(actress) 18638
audrey_tautou 18639
audrey_totter 18640
audrey_wasilewski 18641
audrey_wells 18642
audrina_patridge 18643
august_emerson 18644
august_schellenberg 18645
augustine_frizzell 18646
augustus_prew 18647
aunjanue_ellis 18648
auraeus_solito 18649
aurora_film_corporation 18650
aurore_clément 18651
aurum_producciones 18652
austin_butler 18653
austin_chick 18654
austin_pendleton 18655
austin_st._john 18656
austin_stark 18657
austin_wai 18658
australia_&_new_zealand 18659
australian_film_commission 18660
austria 18661
auti_angel 18662
autumn_reeser 18663
ava_gardner 18664
ava_luna 18665
avan_jogia 18666
avant_garde_&_free_jazz 18667
avant-garde_music 18668
avant-garde_pop 18669
avant-pop 18670
avco_embassy_pictures 18671
ave_ninchi 18672
avery_brooks 18673
avery_schreiber 18674
avi_arad 18675
avi_dichter 18676
avi_lerner 18677
avi_nesher 18678
aviis_zhong 18679
avis_bunnage 18680
avraham_shalom 18681
axel_jodorowsky 18682
axiom_films 18683
axwell 18684
aya_hisakawa 18685
aya_irizuki 18686
aya_okamoto 18687
aya_ueto 18688
ayelet_zurer 18689
ayrton_senna 18690
ayumi_fujimura 18691
aywon_film_corporation 18692
ayşe_önder 18693
b._reeves_eason 18694
b.b._king 18695
b.p._schulberg 18696
babou_ceesay 18697
babs_olusanmokun 18698
baburaj_(actor) 18699
baby_bash 18700
babyface_(musician) 18701
babylonian_productions 18702
bac_films 18703
background_score 18704
badfinger 18705
badly_drawn_boy 18706
bae_doona 18707
bahar_soomekh 18708
bahman_ghobadi 18709
bai_ling 18710
baila 18711
bailee_madison 18712
bakersfield_sound 18713
ballet_&_dance 18714
ballets 18715
ballets_&_dances 18716
baltasar_kormákur 18717
balthazar_getty 18718
bam_margera 18719
bananarama 18720
banijay 18721
banksy 18722
bao_bei'er 18723
bappi_lahiri 18724
barb_morrison 18725
barbara_acklin 18726
barbara_bach 18727
barbara_bedford_(actress) 18728
barbara_bel_geddes 18729
barbara_britton 18730
barbara_broccoli 18731
barbara_carrera 18732
barbara_crampton 18733
barbara_dare 18734
barbara_de_fina 18735
barbara_eden 18736
barbara_ewing 18737
barbara_feldon 18738
barbara_frawley 18739
barbara_hale 18740
barbara_hershey 18741
barbara_hicks 18742
barbara_jo_lawrence 18743
barbara_kellerman 18744
barbara_kelly 18745
barbara_kopple 18746
barbara_lawrence 18747
barbara_leigh 18748
barbara_magnolfi 18749
barbara_mcnair 18750
barbara_murray 18751
barbara_muschietti 18752
barbara_nichols 18753
barbara_niven 18754
barbara_parkins 18755
barbara_read 18756
barbara_rhoades 18757
barbara_rush 18758
barbara_rütting 18759
barbara_sarafian 18760
barbara_stanger 18761
barbara_stanwyck 18762
barbara_steele 18763
barbara_tranter 18764
barbara_white_(actress) 18765
barbara_williams_(actress) 18766
barbara_young_(actress) 18767
barbet_schroeder 18768
barbie_shu 18769
barbra_streisand 18770
barclay_hope 18771
barenaked_ladies 18772
barkhad_abdi 18773
barnaby_thompson 18774
barnard_hughes 18775
baron_vaughn 18776
baroque_dance_suites 18777
baroque_pop 18778
baroque_pop 18779
barrie_dunn 18780
barrie_ingham 18781
barrie_m._osborne 18782
barrington_pheloung 18783
barry_beckett 18784
barry_bostwick 18785
barry_coe 18786
barry_corbin 18787
barry_de_vorzon 18788
barry_dennen 18789
barry_fitzgerald 18790
barry_gibb 18791
barry_goldberg 18792
barry_gray 18793
barry_humphries 18794
barry_jackson_(actor) 18795
barry_josephson 18796
barry_levinson 18797
barry_mccaffrey 18798
barry_mendel 18799
barry_newman 18800
barry_otto 18801
barry_pepper 18802
barry_poltermann 18803
barry_sonnenfeld 18804
barry_spikings 18805
barry_sullivan_(actor) 18806
barry_sullivan_(american_actor) 18807
barry_van_dyke 18808
barry_watson_(actor) 18809
barry_white 18810
barry_williams_(actor) 18811
bart_freundlich 18812
bart_johnson 18813
bartell_larue 18814
bartine_burkett 18815
bas_rutten 18816
basement_jaxx 18817
bashar_rahal 18818
basie,_count 18819
basil_gelpke 18820
basil_iwanyk 18821
basil_poledouris 18822
basil_radford 18823
basil_ruysdael 18824
basil_sydney 18825
basil_wallace 18826
basketmouth 18827
bayard_veiller 18828
baynes_barron 18829
baz_luhrmann 18830
bbc 18831
bbc_two 18832
bbc_worldwide 18833
bd_wong 18834
beach_house 18835
beacon_pictures 18836
beans_el-balawi 18837
bear_mccreary 18838
beasley_smith 18839
beastie_boys 18840
beatrice_arthur 18841
beau_bridges 18842
beau_flynn 18843
beau_garrett 18844
beau_knapp 18845
beau_mirchoff 18846
beau_st._clair 18847
beau_starr 18848
beaumont_smith 18849
bebe_daniels 18850
bebe_neuwirth 18851
bebop 18852
beck 18853
becker_entertainment 18854
becker_group 18855
becky_fischer 18856
bee_gees 18857
beeban_kidron 18858
beejan_land 18859
beenie_man 18860
behaviour_interactive 18861
behrooz_arshadi 18862
bei_ru 18863
beijing_enlight_pictures 18864
bela_lugosi 18865
belgium 18866
believe_pictures 18867
belinda_bauer_(actress) 18868
belinda_j._montgomery 18869
bella_heathcote 18870
bella_thorne 18871
belle_&_sebastian 18872
ben_affleck 18873
ben_barenholtz 18874
ben_barnes_(actor) 18875
ben_browder 18876
ben_burtt 18877
ben_chaplin 18878
ben_chapman_(actor) 18879
ben_cooper 18880
ben_cross 18881
ben_daniels 18882
ben_easter 18883
ben_falcone 18884
ben_feldman 18885
ben_feldman_(actor) 18886
ben_foster_(actor) 18887
ben_gazzara 18888
ben_hollingsworth_(actor) 18889
ben_johnson_(actor) 18890
ben_kingsley 18891
ben_lyon 18892
ben_masters 18893
ben_mccain 18894
ben_mckenzie 18895
ben_mendelsohn 18896
ben_miller 18897
ben_murphy 18898
ben_myron 18899
ben_rock 18900
ben_rosenfield 18901
ben_sharpsteen 18902
ben_shenkman 18903
ben_sherwood 18904
ben_sigston 18905
ben_silverstone 18906
ben_sombogaart 18907
ben_stassen 18908
ben_stiller 18909
ben_vaughn 18910
ben_vereen 18911
ben_weisman 18912
ben_welden 18913
ben_whishaw 18914
ben_zarai 18915
benay_venuta 18916
benedict_bogeaus 18917
benedict_cumberbatch 18918
benedict_smith 18919
benedict_taylor 18920
benedict_wong 18921
bengt_ekerot 18922
benh_zeitlin 18923
benicio_del_toro 18924
benito_martinez_(actor) 18925
benjamin_a._weissman 18926
benjamin_benedict 18927
benjamin_bratt 18928
benjamin_busch 18929
benjamin_fisz 18930
benjamin_frankel 18931
benjamin_herrmann 18932
benjamin_salisbury 18933
benjamin_waisbren 18934
benjamin_walker_(actor) 18935
benjamin_wallfisch 18936
benjamin_whitrow 18937
benjamin_yuen 18938
benn_northover 18939
bennett_miller 18940
benno_fürmann 18941
benny_baker 18942
benny_chan_(film_director) 18943
benny_medina 18944
benoît_jacquot 18945
benoît_jutras 18946
benoît_poelvoorde 18947
benson_lee 18948
bent-jorgen_perlmutt 18949
bent_hamer 18950
bent_mejding 18951
benz_antoine 18952
bermuda_schwartz 18953
bern_cohen 18954
berna_akpınar 18955
bernadette_peters 18956
bernard_alane 18957
bernard_blier 18958
bernard_fox_(actor) 18959
bernard_girard 18960
bernard_giraudeau 18961
bernard_glasser 18962
bernard_h._hyman 18963
bernard_hepton 18964
bernard_herrmann 18965
bernard_hill 18966
bernard_l._kowalski 18967
bernard_lee 18968
bernard_mceveety 18969
bernard_miles 18970
bernard_smith_(editor) 18971
bernard_thompson_(director) 18972
bernard_vorhaus 18973
bernardine_dohrn 18974
bernardo_bertolucci 18975
bernd_eichinger 18976
bernhard_goetzke 18977
bernhard_kaun 18978
bernhard_wicki 18979
bernie_casey 18980
bernie_hamilton 18981
bernie_kopell 18982
bernie_leadon 18983
bernie_mac 18984
bernie_madoff 18985
bernie_sanders 18986
berny_wolf 18987
bero_beyer 18988
berolina-film 18989
berry_kroeger 18990
bert_gilroy 18991
bert_i._gordon 18992
bert_remsen 18993
bert_shefter 18994
berta_vázquez 18995
bertelsmann_music_group 18996
bertille_noël-bruneau 18997
berton_churchill 18998
bertram_bracken 18999
bertrand_tavernier 19000
beryl_vertue 19001
bess_armstrong 19002
bess_kargman 19003
bessie_love 19004
beth_behrs 19005
beth_broderick 19006
beth_grant 19007
beth_mccarthy-miller 19008
beth_porter 19009
bethany_brown 19010
bethany_whitmore 19011
betsy_beutler 19012
betsy_blair 19013
betsy_drake 19014
betsy_jones-moreland 19015
betsy_palmer 19016
betsy_russell 19017
betta_st._john 19018
bette_davis 19019
bette_midler 19020
bettie_page 19021
betty_ann_davies 19022
betty_comden 19023
betty_driver 19024
betty_field 19025
betty_gabriel 19026
betty_garrett 19027
betty_grable 19028
betty_hutton 19029
betty_lawford 19030
betty_miles 19031
betty_thomas 19032
betty_white 19033
betty_willingale 19034
beulah_bondi 19035
beverley_mitchell 19036
beverly_archer 19037
beverly_d'angelo 19038
beverly_garland 19039
beverly_todd 19040
beverly_washburn 19041
beyoncé 19042
bh_tilt 19043
bharat_nalluri 19044
bharti_achrekar 19045
bharti_singh 19046
bhushan_kumar 19047
bianca_hunter 19048
bianca_kajlich 19049
bianca_lawson 19050
bianca_santos 19051
bibi_andersson 19052
bibi_besch 19053
bibo_bergeron 19054
bice_valerian 19055
biff_elliot 19056
biff_mcguire 19057
biffy_clyro 19058
big_band 19059
big_beat 19060
big_beat 19061
big_blue_film 19062
big_boi 19063
big_daddy_kane 19064
big_sugar_(band) 19065
bigelow_cooper 19066
bijibal 19067
bill_anderson_(producer) 19068
bill_ayers 19069
bill_ayrey 19070
bill_barretta 19071
bill_bellamy 19072
bill_bennett_(director) 19073
bill_bixby 19074
bill_blake 19075
bill_block 19076
bill_burr 19077
bill_camp 19078
bill_carraro 19079
bill_cobbs 19080
bill_condon 19081
bill_conti 19082
bill_cosby 19083
bill_couturié 19084
bill_cunningham_(american_photographer) 19085
bill_duke 19086
bill_eagles 19087
bill_engvall 19088
bill_fagerbakke 19089
bill_farmer 19090
bill_fiore 19091
bill_forsyth 19092
bill_fraser 19093
bill_gerber 19094
bill_glenn 19095
bill_goodwin 19096
bill_hader 19097
bill_holman_(musician) 19098
bill_hunter_(actor) 19099
bill_irwin 19100
bill_kerr 19101
bill_kong 19102
bill_l._norton 19103
bill_lee_(musician) 19104
bill_maher 19105
bill_mccutcheon 19106
bill_mcguffie 19107
bill_melendez 19108
bill_miller_(film_producer) 19109
bill_moseley 19110
bill_murray 19111
bill_nighy 19112
bill_nunn 19113
bill_odenkirk 19114
bill_osco 19115
bill_owen_(actor) 19116
bill_paterson_(actor) 19117
bill_paxton 19118
bill_perkins_(businessman) 19119
bill_pohlad 19120
bill_price_(record_producer) 19121
bill_pullman 19122
bill_raymond 19123
bill_rebane 19124
bill_sage 19125
bill_sherman 19126
bill_siegel 19127
bill_skarsgård 19128
bill_smitrovich 19129
bill_stoney 19130
bill_szymczyk 19131
bill_thompson_(voice_actor) 19132
bill_todman,_jr. 19133
bill_travers 19134
bill_tung 19135
bill_wallace_(martial_arts) 19136
bill_walsh_(producer) 19137
bill_williams_(actor) 19138
bille_august 19139
bille_brown 19140
bille_woodruff 19141
billie_burke 19142
billie_hayes 19143
billie_thomas 19144
billie_whitelaw 19145
billy_%22green%22_bush 19146
billy_aaron_brown 19147
billy_barber_(musician) 19148
billy_barty 19149
billy_bob_thornton 19150
billy_boyd_(actor) 19151
billy_burke_(actor) 19152
billy_campbell 19153
billy_campbell_(tv_executive) 19154
billy_connolly 19155
billy_corgan 19156
billy_crudup 19157
billy_crystal 19158
billy_de_wolfe 19159
billy_dean 19160
billy_dee_williams 19161
billy_drago 19162
billy_franks 19163
billy_goldenberg 19164
billy_howerdel 19165
billy_idol 19166
billy_j._kramer 19167
billy_joel 19168
billy_kearns 19169
billy_laughlin 19170
billy_livsey 19171
billy_lush 19172
billy_may 19173
billy_mumy 19174
billy_murray_(singer) 19175
billy_pollina 19176
billy_preston 19177
billy_ray_(screenwriter) 19178
billy_ray_cyrus 19179
billy_sheehan 19180
billy_sherrill 19181
billy_strange 19182
billy_warlock 19183
billy_west 19184
billy_wilder 19185
billy_zane 19186
bing_crosby 19187
binnie_barnes 19188
biograph_company 19189
biographical_drama 19190
biographical_film 19191
biographies 19192
biography 19193
bipasha_basu 19194
birgit_minichmayr 19195
birgitta_pettersson 19196
birgitta_valberg 19197
birgitte_larsen 19198
birth-2_years 19199
birthe_wolter 19200
björk 19201
björn_granath 19202
björne_larson 19203
black_metal 19204
black_comedy 19205
black_label_society 19206
black_sabbath 19207
blair_brown 19208
blair_redford 19209
blair_tefkin 19210
blair_treu 19211
blair_underwood 19212
blaire_baron 19213
blake_edwards 19214
blake_foster 19215
blake_harrison 19216
blake_lively 19217
blake_michael 19218
blake_neely 19219
blake_shelton 19220
blakey,_art 19221
blanca_portillo 19222
blanche_sweet 19223
blaxploitation 19224
bleecker_street_(company) 19225
blind_idiot_god 19226
bliss_media 19227
blockbuster_inc. 19228
blondie_(band) 19229
blu-ray 19230
blue-eyed_soul 19231
blue_man_group 19232
bluebird_photoplays 19233
bluegrass 19234
bluegrass_music 19235
blues 19236
blues_rock 19237
blues_music 19238
blues_rock 19239
blythe_danner 19240
bo_derek 19241
bo_hopkins 19242
bo_svenson 19243
boaz_davidson 19244
boaz_yakin 19245
bob_alcivar 19246
bob_balaban 19247
bob_banks 19248
bob_bergen 19249
bob_clampett 19250
bob_clark 19251
bob_clearmountain 19252
bob_crane 19253
bob_crewe 19254
bob_crosby 19255
bob_denver 19256
bob_dishy 19257
bob_dolman 19258
bob_dylan 19259
bob_ezrin 19260
bob_fosse 19261
bob_gale 19262
bob_golic 19263
bob_gosse 19264
bob_gunton 19265
bob_holt_(actor) 19266
bob_hope 19267
bob_hoskins 19268
bob_joles 19269
bob_marley 19270
bob_marley_(comedian) 19271
bob_mcfadden 19272
bob_montgomery_(songwriter) 19273
bob_mothersbaugh 19274
bob_newhart 19275
bob_nolan 19276
bob_odenkirk 19277
bob_rafelson 19278
bob_saget 19279
bob_schooley 19280
bob_schwinghamer 19281
bob_seamans 19282
bob_seger 19283
bob_spiers 19284
bob_steele_(actor) 19285
bob_todd 19286
bob_uecker 19287
bob_weinstein 19288
bob_weinstock 19289
bob_yari 19290
bobbi_sue_luther 19291
bobbie_gentry 19292
bobby_(band) 19293
bobby_caldwell_(drummer) 19294
bobby_campo 19295
bobby_cannavale 19296
bobby_cohen 19297
bobby_connelly 19298
bobby_deol 19299
bobby_di_cicco 19300
bobby_downes 19301
bobby_driscoll 19302
bobby_farrelly 19303
bobby_johnston 19304
bobby_mcgee 19305
bobby_roberts_(film_producer) 19306
bobby_roth 19307
bobby_seale 19308
bobby_slayton 19309
bobby_troup 19310
bobcat_goldthwait 19311
bojana_novakovic 19312
bokeem_woodbine 19313
bolek_polívka 19314
bolero 19315
bolo_yeung 19316
bolot_beyshenaliyev 19317
boman_irani 19318
bon_jovi 19319
bon_jovi 19320
bong-ou_lee 19321
bong_joon-ho 19322
bong_soo_han 19323
bonita_friedericy 19324
bonita_granville 19325
bonnie_arnold 19326
bonnie_bedelia 19327
bonnie_bruckheimer 19328
bonnie_burt 19329
bonnie_curtis 19330
bonnie_hunt 19331
bonnie_timmermann 19332
bonnie_wright 19333
booboo_stewart 19334
booker_bradshaw 19335
borge,_victor 19336
boris_blank_(musician) 19337
boris_elkis 19338
boris_ingster 19339
boris_karloff 19340
boris_kodjoe 19341
boris_morros 19342
boris_sagal 19343
bossa_nova 19344
bostin_christopher 19345
boti_bliss 19346
bourne_(novel_series) 19347
bourvil 19348
bow_wow_(rapper) 19349
bowie,_david 19350
box_sets 19351
box_office_spectaculars 19352
boxed_sets 19353
boyd_holbrook 19354
boykitten 19355
bp_cooper 19356
brad_anderson_(director) 19357
brad_bird 19358
brad_carter 19359
brad_davis_(actor) 19360
brad_dourif 19361
brad_fiedel 19362
brad_foxhoven 19363
brad_furman 19364
brad_garrett 19365
brad_grey 19366
brad_johnson_(actor,_born_1959) 19367
brad_jones_(musician) 19368
brad_krevoy 19369
brad_pelo 19370
brad_peyton 19371
brad_pitt 19372
brad_rowe_(actor) 19373
brad_silberling 19374
brad_simpson_(producer) 19375
brad_stine 19376
brad_sykes 19377
brad_turner_(director) 19378
brad_william_henke 19379
brad_winderbaum 19380
brad_wright 19381
brad_wyman 19382
bradford_dillman 19383
bradford_l._schlei 19384
bradley_adams 19385
bradley_cooper 19386
bradley_d._king 19387
bradley_dorsey 19388
bradley_fuller 19389
bradley_j._fischer_(producer) 19390
bradley_raymond 19391
bradley_whitford 19392
brady_corbet 19393
brahim_haggiag 19394
brandon_auret 19395
brandon_baker 19396
brandon_chang 19397
brandon_darby 19398
brandon_dewilde 19399
brandon_hammond 19400
brandon_lee 19401
brandon_maxwell 19402
brandon_mychal_smith 19403
brandon_quintin_adams 19404
brandon_routh 19405
brandon_t._jackson 19406
brandon_vietti 19407
brandt_andersen 19408
brandy_(singer) 19409
brandy_norwood 19410
brant_daugherty 19411
brave_new_films 19412
brazil 19413
bre_blair 19414
brea_grant 19415
bread_(band) 19416
breakbeat 19417
breakthrough_cinema 19418
breckin_meyer 19419
bren_foster 19420
brenda_blethyn 19421
brenda_chapman 19422
brenda_fricker 19423
brenda_joyce_(actress) 19424
brenda_lee 19425
brenda_marshall 19426
brenda_song 19427
brenda_vaccaro 19428
brendan_bradley_(actor) 19429
brendan_coyle 19430
brendan_fehr 19431
brendan_fletcher 19432
brendan_fraser 19433
brendan_gleeson 19434
brendan_lynch_(music_producer) 19435
brendan_mackey 19436
brendan_maher_(director) 19437
brendan_mccarthy_(producer) 19438
brendan_o'brien_(music_producer) 19439
brendan_o'brien_(record_producer) 19440
brendan_sexton_iii 19441
brendon_ryan_barrett 19442
brennan_elliott 19443
brent_briscoe 19444
brent_butt 19445
brent_carver 19446
brent_hodge 19447
brent_maher 19448
brent_poppen 19449
brent_ryan_green 19450
brent_shields 19451
brent_spiner 19452
brenton_spencer 19453
brenton_thwaites 19454
bret_hart 19455
bret_mckenzie 19456
brett_anderson 19457
brett_boyett 19458
brett_c._leonard 19459
brett_cullen 19460
brett_detar 19461
brett_eichenberger 19462
brett_halsey 19463
brett_harrelson 19464
brett_leonard 19465
brett_morgen 19466
brett_ratner 19467
brett_sullivan 19468
brian_a._miller 19469
brian_a_miller 19470
brian_aherne 19471
brian_austin_green 19472
brian_baumgartner 19473
brian_bird 19474
brian_campbell 19475
brian_clemens 19476
brian_cox_(actor) 19477
brian_dannelly 19478
brian_de_palma 19479
brian_deacon 19480
brian_dennehy 19481
brian_desmond_hurst 19482
brian_donlevy 19483
brian_downey_(actor) 19484
brian_doyle-murray 19485
brian_drummond 19486
brian_easdale 19487
brian_eno 19488
brian_flanagan 19489
brian_forster 19490
brian_geraghty 19491
brian_goldner 19492
brian_grazer 19493
brian_hallisay 19494
brian_henson 19495
brian_howe_(actor) 19496
brian_j._white 19497
brian_k._roberts 19498
brian_keith 19499
brian_kelly_(actor) 19500
brian_kerwin 19501
brian_kimmel 19502
brian_koonin 19503
brian_koppelman 19504
brian_krause 19505
brian_levant 19506
brian_markinson 19507
brian_may 19508
brian_may_(composer) 19509
brian_murphy_(actor) 19510
brian_murray_(actor) 19511
brian_o'connor_(bassist) 19512
brian_o'halloran 19513
brian_o'malley_(director) 19514
brian_oliver_(producer) 19515
brian_oulton 19516
brian_patrick_wade 19517
brian_percival 19518
brian_posehn 19519
brian_potter_(musician) 19520
brian_presley 19521
brian_quinn_(comedian) 19522
brian_r._etting 19523
brian_ralston 19524
brian_reilly 19525
brian_reitzell 19526
brian_robbins 19527
brian_stepanek 19528
brian_stokes_mitchell 19529
brian_t._delaney 19530
brian_thompson 19531
brian_trenchard-smith 19532
brian_tse_(singer) 19533
brian_tyler 19534
brian_tyler_(composer) 19535
brian_unger 19536
brian_wilde 19537
brian_wilson 19538
brian_wimmer 19539
brian_yuzna 19540
briana_evigan 19541
briarcliff_entertainment 19542
bridget_fonda 19543
bridget_ikin 19544
bridget_moynahan 19545
bridgette_andersen 19546
bridgette_wilson 19547
bridgit_mendler 19548
brie_larson 19549
brigid_bazlen 19550
brigitte_bako 19551
brigitte_bardot 19552
brigitte_fossey 19553
brigitte_lin_chin-hsia 19554
brigitte_poupart 19555
brigitte_sauriol 19556
brigitte_skay 19557
brion_james 19558
brit_marling 19559
britain 19560
british_&_celtic_folk 19561
british_alternative 19562
british_folk 19563
british_invasion 19564
british_isles 19565
british_metal 19566
british_punk 19567
british_television 19568
british_&_foreign 19569
british_folk_rock 19570
british_international_pictures 19571
british_lion_films 19572
britney_spears 19573
britpop 19574
britt_allcroft 19575
britt_ekland 19576
britt_irvin 19577
britt_mckillip 19578
britt_robertson 19579
brittany_ashworth 19580
brittany_daniel 19581
brittany_ishibashi 19582
brittany_murphy 19583
brittany_snow 19584
broad_green_pictures 19585
broadway 19586
broadway_&_vocalists 19587
broadway_theatre_archive 19588
brock_peters 19589
brock_white 19590
broda_shaggi 19591
broderick_crawford 19592
broderick_johnson 19593
brodus_clay 19594
broken_social_scene 19595
bronislau_kaper 19596
bronisław_kaper 19597
bronson_pinchot 19598
bronson_webb 19599
brontis_jodorowsky 19600
bronwen_hughes 19601
brook_benton 19602
brooke_adams_(actress) 19603
brooke_burns 19604
brooke_butler_(actor) 19605
brooke_fraser 19606
brooke_langton 19607
brooke_mikey_anderson 19608
brooke_nevin 19609
brooke_satchwell 19610
brooke_shields 19611
brooklyn_decker 19612
brown_bannister 19613
brown_eyed_girls 19614
bruce_a._block 19615
bruce_a._evans 19616
bruce_a._young 19617
bruce_altman 19618
bruce_belland 19619
bruce_bennett 19620
bruce_beresford 19621
bruce_bilson 19622
bruce_boxleitner 19623
bruce_broughton 19624
bruce_brown_(director) 19625
bruce_bruce 19626
bruce_cabot 19627
bruce_campbell 19628
bruce_cohen 19629
bruce_cowling 19630
bruce_davey 19631
bruce_davison 19632
bruce_dern 19633
bruce_fairbairn 19634
bruce_fowler 19635
bruce_glover 19636
bruce_greenwood 19637
bruce_hart_(songwriter) 19638
bruce_hung 19639
bruce_jarchow 19640
bruce_johnston 19641
bruce_langhorne 19642
bruce_le 19643
bruce_lee 19644
bruce_mahler 19645
bruce_malmuth 19646
bruce_mcculloch 19647
bruce_mcdonald_(director) 19648
bruce_mcgill 19649
bruce_newbold 19650
bruce_payne 19651
bruce_peninsula_(band) 19652
bruce_pittman 19653
bruce_ramsay 19654
bruce_robinson 19655
bruce_rowland 19656
bruce_smeaton 19657
bruce_spence 19658
bruce_springsteen 19659
bruce_timm 19660
bruce_w._smith 19661
bruce_willis 19662
bruna_papandrea 19663
bruni_löbel 19664
bruno_bozzetto 19665
bruno_barreto 19666
bruno_bozzetto 19667
bruno_campos 19668
bruno_coulais 19669
bruno_ganz 19670
bruno_kirby 19671
bruno_lawrence 19672
bruno_mattei 19673
bruno_ravel 19674
bruno_romy 19675
bruno_schleinstein 19676
brunson_green 19677
bryan_adams 19678
bryan_barber 19679
bryan_batt 19680
bryan_brown 19681
bryan_burk 19682
bryan_cranston 19683
bryan_dechart 19684
bryan_forbes 19685
bryan_foy 19686
bryan_furst 19687
bryan_greenberg 19688
bryan_larkin 19689
bryan_leung 19690
bryan_marshall 19691
bryan_michael_stoller 19692
bryan_singer 19693
bryanston_distributing_company 19694
bryant_washburn 19695
bryce_dallas_howard 19696
bryton_james 19697
bubba_smith 19698
bubblegum 19699
bubblegum_pop 19700
buchi_(comedian) 19701
buck_henry 19702
buck_jones 19703
buck_sanders 19704
buck_taylor 19705
bucky_dent 19706
bud_abbott 19707
bud_collyer 19708
bud_cort 19709
bud_luckey 19710
bud_spencer 19711
bud_tingwell 19712
bud_yorkin 19713
budd_boetticher 19714
buddy_adler 19715
buddy_baker_(composer) 19716
buddy_bregman 19717
buddy_desylva 19718
buddy_g._desylva 19719
buddy_hackett 19720
buddy_kaye 19721
buena_vista_(brand) 19722
buena_vista_distribution 19723
buena_vista_home_entertainment 19724
buena_vista_international 19725
buena_vista_international_television 19726
buena_vista_pictures 19727
buena_vista_pictures_distribution 19728
buena_vista_television 19729
bug_hall 19730
bumper_robinson 19731
bunta_sugawara 19732
burgess_jenkins 19733
burgess_meredith 19734
burke_byrnes 19735
burkhard_dallwitz 19736
burl_ives 19737
burn_gorman 19738
burny_mattinson 19739
burr_steers 19740
burt_bacharach 19741
burt_douglas 19742
burt_kelly 19743
burt_kelly_(producer) 19744
burt_kennedy 19745
burt_kwouk 19746
burt_lancaster 19747
burt_reynolds 19748
burt_sugarman 19749
burt_weissbourd 19750
burt_young 19751
burton_gilliam 19752
burton_lane 19753
busby_berkeley 19754
busta_rhymes 19755
buster_crabbe 19756
buster_jones 19757
buster_keaton 19758
buster_pearson 19759
butch_mccain 19760
butch_vig 19761
butcher's_film_service 19762
butthole_surfers 19763
buxton_orr 19764
buzz_aldrin 19765
buzz_feitshans 19766
buzz_kulik 19767
by_age 19768
by_animator 19769
by_country 19770
by_genre 19771
by_instructor 19772
by_original_language 19773
byambasuren_davaa 19774
byron_haskin 19775
byron_howard 19776
byron_mann 19777
byun_hee-bong 19778
bárbara_goenaga 19779
béatrice_dalle 19780
béla_lugosi 19781
béla_tarr 19782
bénédicte_couvreur 19783
bérénice_marlohe 19784
c-murder 19785
c._aubrey_smith 19786
c._j._thomason 19787
c._j._vanston 19788
c._montague_shaw 19789
c._o._erickson 19790
c._thomas_howell 19791
c.b._harding 19792
c.y._yang 19793
cab_calloway 19794
cabaret 19795
caitlin_fitzgerald 19796
caitlin_stasey 19797
caitlin_wachs 19798
caitrin_rogers 19799
caity_lotz 19800
cal_brunker 19801
cal_dalton 19802
cal_howard 19803
caldecot_chubb 19804
caldwell_esselstyn 19805
caleb_landry_jones 19806
calista_flockhart 19807
callan_mulvey 19808
callum_blue 19809
callum_keith_rennie 19810
callum_turner 19811
calvin_borel 19812
calypso 19813
cam_clarke 19814
cam_gigandet 19815
camelia_frieberg 19816
camelia_zorlescu 19817
cameron_bancroft_(actor) 19818
cameron_boyce 19819
cameron_bright 19820
cameron_crowe 19821
cameron_daddo 19822
cameron_diaz 19823
cameron_dye 19824
cameron_hopkin 19825
cameron_mackintosh 19826
cameron_mathison 19827
cameron_mitchell_(actor) 19828
cameron_monaghan 19829
cameron_richardson 19830
cami_winikoff 19831
camilla_arfwedson 19832
camilla_belle 19833
camilla_sparv 19834
camille_bonora 19835
camille_coduri 19836
camille_delamarre 19837
camille_saint-saëns 19838
camille_sullivan 19839
camillo_pilotto 19840
camp 19841
campbell_scott 19842
campbell_singer 19843
camryn_manheim 19844
can_(band) 19845
canada 19846
canada_lee 19847
canadian_broadcasting_corporation 19848
canadian_hip_hop 19849
candace_bailey 19850
candace_cameron 19851
candace_cameron_bure 19852
candace_hutson 19853
candi_milo 19854
candi_staton 19855
candice_accola 19856
candice_bergen 19857
candice_yu 19858
candis_cayne 19859
candy_candido 19860
candy_clark 19861
cannon_film_distributors 19862
cannon_films 19863
cantatas 19864
capitol_films 19865
captain_raju 19866
capucine 19867
cara_buono 19868
cara_pifko 19869
cara_theobold 19870
cara_williams 19871
caracol_internacional 19872
carbon_leaf 19873
carey_lowell 19874
carey_mulligan 19875
caribbean_&_cuba 19876
carice_van_houten 19877
carina_lau 19878
carl_anthony_payne_ii 19879
carl_auen 19880
carl_bradshaw_(actor) 19881
carl_brisson 19882
carl_colpaert 19883
carl_crew 19884
carl_davis 19885
carl_davis_(record_producer) 19886
carl_ebert 19887
carl_foreman 19888
carl_franklin 19889
carl_froelich 19890
carl_gabriel_yorke 19891
carl_gottlieb 19892
carl_harbord 19893
carl_laemmle 19894
carl_laemmle,_jr. 19895
carl_laemmle_jr. 19896
carl_levin 19897
carl_lumbly 19898
carl_orff 19899
carl_ottosen 19900
carl_pierson 19901
carl_prechezer 19902
carl_reiner 19903
carl_schenkel 19904
carl_schultz 19905
carl_theodor_dreyer 19906
carl_weathers 19907
carl_woebcken 19908
carla_balenda 19909
carla_bruni 19910
carla_del_poggio 19911
carla_fracci 19912
carla_gravina 19913
carla_gugino 19914
carla_shelley 19915
carla_thomas 19916
carleton_young 19917
carlin_glynn 19918
carlo_carlei 19919
carlo_katigbak 19920
carlo_lizzani 19921
carlo_ponti 19922
carlo_rota 19923
carlo_savina 19924
carlo_siliotto 19925
carlo_vanzina 19926
carlos_alazraqui 19927
carlos_areces 19928
carlos_bernard 19929
carlos_casaravilla 19930
carlos_hipólito 19931
carlos_jacott 19932
carlos_mencia 19933
carlos_penavega 19934
carlos_rafael_rivera 19935
carlos_riquelme 19936
carlos_romero_(actor) 19937
carlos_saldanha 19938
carlton_international 19939
carly_jibson 19940
carly_mckillip 19941
carly_rae_jepsen 19942
carly_simon 19943
carmen_argenziano 19944
carmen_beato 19945
carmen_cartellieri 19946
carmen_de_lavallade 19947
carmen_dragon 19948
carmen_ejogo 19949
carmen_electra 19950
carmen_lee 19951
carmen_lombardo 19952
carmen_machi 19953
carmen_miranda 19954
carmen_serano 19955
carmen_zapata 19956
carmi_gillon 19957
carol_bahoric 19958
carol_caruso 19959
carol_christensen 19960
carol_doda 19961
carol_flint 19962
carol_kane 19963
carol_lynley 19964
carol_reed 19965
carol_schreder 19966
carol_wayne 19967
carola_regnier 19968
carolco_pictures 19969
carole_cook 19970
carole_gray 19971
carole_hart 19972
carole_karemera 19973
carole_landis 19974
carole_laure 19975
carole_lombard 19976
carolina_bang 19977
caroline_carver_(actress) 19978
caroline_craig 19979
caroline_dhavernas 19980
caroline_ford_(actress) 19981
caroline_goodall 19982
caroline_kaplan 19983
caroline_munro 19984
caroline_peters 19985
caroline_quentin 19986
caroline_rhea 19987
caroline_thompson 19988
caroline_williams 19989
caroline_wood 19990
caroll_spinney 19991
carolyn_jones 19992
carolyn_lawrence 19993
carolyn_linn 19994
carolyn_pfeiffer 19995
carolyn_pickles 19996
carolynne_cunningham 19997
carpenters 19998
carrie-anne_moss 19999
carrie_fisher 20000
carrie_genzel 20001
carrie_kei_heim 20002
carrie_ng 20003
carrie_snodgress 20004
carrie_underwood 20005
carroll_baker 20006
carroll_o'connor 20007
carré_otis 20008
carter_burwell 20009
carter_de_haven 20010
carter_dehaven 20011
carter_jenkins 20012
carter_smith 20013
cartoon_network 20014
cartoon_series 20015
cary-hiroyuki_tagawa 20016
cary_elwes 20017
cary_grant 20018
cary_woods 20019
caryn_ward_ross 20020
cascada 20021
casey_affleck 20022
casey_kasem 20023
casey_manierka-quaile 20024
casey_siemaszko 20025
casey_silver 20026
cash,_johnny 20027
casper_kelly 20028
casper_van_dien 20029
cassandra_delaney 20030
cassandra_scerbo 20031
cassi_davis 20032
cassian_elwes 20033
cassidy_rae 20034
cassie_scerbo 20035
castulo_guerra 20036
catalina_denis 20037
catalina_sandino 20038
catalina_sandino_moreno 20039
cate_blanchett 20040
caterina_scorsone 20041
catfish_and_the_bottlemen 20042
cathay_organisation 20043
catherine_bach 20044
catherine_bell_(actress) 20045
catherine_burns 20046
catherine_deneuve 20047
catherine_dent 20048
catherine_disher 20049
catherine_hardwicke 20050
catherine_hessling 20051
catherine_hicks 20052
catherine_jacob_(actress) 20053
catherine_keener 20054
catherine_kellner 20055
catherine_lough_haggquist 20056
catherine_martin_(designer) 20057
catherine_mary_stewart 20058
catherine_mccormack 20059
catherine_miller_(actress) 20060
catherine_o'hara 20061
catherine_oxenberg 20062
catherine_steadman 20063
catherine_sutherland 20064
catherine_wilkening 20065
catherine_winder 20066
catherine_zeta-jones 20067
cathryn_damon 20068
cathryn_de_prume 20069
cathy_cahlin_ryan 20070
cathy_downs 20071
cathy_konrad 20072
cathy_lee_crosby 20073
cathy_moriarty 20074
cathy_moriarty-gentile 20075
cathy_o'donnell 20076
cathy_weseluck 20077
catlin_adams 20078
catriona_maccoll 20079
cavan_kendall 20080
cbc_television 20081
cbs 20082
cbs_films 20083
cbs_paramount_domestic_television 20084
cbs_television_distribution 20085
cch_pounder 20086
cds_&_vinyl 20087
cec_linder 20088
cec_verrell 20089
cecil_b._demille 20090
cecil_kellaway 20091
cecil_parker 20092
cecilia_liu 20093
cecilie_a._mosli 20094
cedric_hardwicke 20095
cedric_the_entertainer 20096
cedric_yarbrough 20097
ceelo_green 20098
celerino_castillo_iii 20099
celeste_holm 20100
celia_costas 20101
celia_cruz 20102
celia_d._costas 20103
celia_imrie 20104
celia_ireland 20105
celia_johnson 20106
celia_weston 20107
celina_murga 20108
celso_valli 20109
celtic_new_age 20110
celtic_woman 20111
central_independent_television 20112
central_partnership 20113
cesar_romero 20114
cesare_danova 20115
cezary_skubiszewski 20116
ceán_chaffin 20117
chad_allen_(actor) 20118
chad_everett 20119
chad_fischer 20120
chad_lowe 20121
chad_mccumbee 20122
chad_michael_collins 20123
chad_michael_murray 20124
chad_morgan_(actress) 20125
chad_webber 20126
chadwick_boseman 20127
chadwick_pictures 20128
chaka_khan 20129
chamber_music 20130
chamber_pop 20131
chamber_pop 20132
chan_hung-lit 20133
chan_kwong-wing 20134
chan_kwong_wing 20135
chan_sing 20136
chance_kelly 20137
chanda_sharma 20138
chandler_canterbury 20139
chandra_west 20140
chanelle_peloso 20141
chang_cheh 20142
chang_chen 20143
channel_4 20144
channels 20145
channing_tatum 20146
chanson 20147
chantal_neuwirth 20148
chantal_quesnel 20149
chantal_strand 20150
chants 20151
character_pieces 20152
characters_&_series 20153
charisma_carpenter 20154
charlayne_woodard 20155
charlene_choi 20156
charles_%22buddy%22_rogers 20157
charles_august_nichols 20158
charles_avery_(actor) 20159
charles_aznavour 20160
charles_b._pierce 20161
charles_b._wessler 20162
charles_band 20163
charles_bartlett_(film_director) 20164
charles_barton_(director) 20165
charles_bernstein_(composer) 20166
charles_bickford 20167
charles_binamé 20168
charles_boyer 20169
charles_brackett 20170
charles_bradshaw 20171
charles_bronson 20172
charles_burnett_(director) 20173
charles_butterworth_(actor) 20174
charles_carson_(actor) 20175
charles_chaplin 20176
charles_coborn 20177
charles_coburn 20178
charles_correll_(director) 20179
charles_crichton 20180
charles_dance 20181
charles_de'ath 20182
charles_denner 20183
charles_drake_(actor) 20184
charles_durning 20185
charles_e._henderson 20186
charles_edwards_(english_actor) 20187
charles_emmett_mack 20188
charles_fleischer 20189
charles_fox_(composer) 20190
charles_frank 20191
charles_frend 20192
charles_gillibert 20193
charles_gordone 20194
charles_gray_(actor) 20195
charles_grodin 20196
charles_gross 20197
charles_h._ferguson 20198
charles_h._schneer 20199
charles_haid 20200
charles_halton 20201
charles_hannawalt 20202
charles_hawtrey_(actor,_born_1914) 20203
charles_herbert 20204
charles_herman-wurmfeld 20205
charles_hoffman_(screenwriter) 20206
charles_jarrott 20207
charles_joffe 20208
charles_judels 20209
charles_k._feldman 20210
charles_knight_(filmmaker) 20211
charles_lane_(filmmaker) 20212
charles_laughton 20213
charles_lewis_(journalist) 20214
charles_martin_smith 20215
charles_matthau 20216
charles_maxwell_(composer) 20217
charles_mcdougall 20218
charles_mcgraw 20219
charles_mintz 20220
charles_napier_(actor) 20221
charles_nelson_reilly 20222
charles_newirth 20223
charles_previn 20224
charles_r._rogers 20225
charles_ray_(actor) 20226
charles_reisner 20227
charles_robert_carner 20228
charles_robinson_(actor,_born_1945) 20229
charles_rocket 20230
charles_roven 20231
charles_ruggles 20232
charles_s._dutton 20233
charles_sellier 20234
charles_sellon 20235
charles_shaughnessy 20236
charles_shyer 20237
charles_starrett 20238
charles_stone_iii 20239
charles_sturridge 20240
charles_vanel 20241
charles_vidor 20242
charles_w._fries 20243
charles_walters 20244
charles_williams_(american_actor) 20245
charles_williams_(composer) 20246
charles_winkler 20247
charles_winninger 20248
charles_wolcott 20249
charles_ying 20250
charley_boorman 20251
charlie_chaplin 20252
charlie_cho 20253
charlie_clouser 20254
charlie_cox 20255
charlie_david 20256
charlie_day 20257
charlie_drake 20258
charlie_heat 20259
charlie_hunnam 20260
charlie_lyons 20261
charlie_marsh_(actor) 20262
charlie_mcdermott 20263
charlie_mole 20264
charlie_robinson_(actor) 20265
charlie_ruggles 20266
charlie_ryan 20267
charlie_schlatter 20268
charlie_sheen 20269
charlie_simpson 20270
charlie_tahan 20271
charlie_yeung 20272
charlize_theron 20273
charlotte_ayanna 20274
charlotte_beaumont 20275
charlotte_burton 20276
charlotte_gainsbourg 20277
charlotte_le_bon 20278
charlotte_lewis 20279
charlotte_rampling 20280
charlotte_ritchie 20281
charlotte_ross 20282
charlotte_salt 20283
charlotte_stewart 20284
charlotte_vega 20285
charlotte_zwerin 20286
charlton_heston 20287
charly_hübner 20288
charo_santos-concio 20289
chas._floyd_johnson 20290
chase_moore 20291
chase_williamson 20292
chat_show 20293
chazz_palminteri 20294
cheech_&_chong 20295
cheech_marin 20296
chelah_horsdal 20297
chelan_simmons 20298
chelse_swain 20299
chelsea_field 20300
chelsea_handler 20301
chelsea_kane 20302
chelsea_winstanley 20303
chelsey_reist 20304
chen_chao-jung 20305
chen_daoming 20306
chen_kaige 20307
chen_kun 20308
chen_kuo-fu 20309
chen_tingjia 20310
chen_yung_yu 20311
cheng_pei-pei 20312
cher 20313
cheri_oteri 20314
cherie_lunghi 20315
cherien_dabis 20316
cherine_anderson 20317
cheryl_chase_(actress) 20318
cheryl_dunye 20319
cheryl_hines 20320
cheryl_ladd 20321
cheryl_miller_(actress) 20322
cheryl_walker_(actress) 20323
cheryl_waters_(actress) 20324
chester_conklin 20325
chester_erskine 20326
chester_franklin 20327
chester_morris 20328
chesterfield_pictures 20329
chet_atkins 20330
chevy_chase 20331
cheyenne_jackson 20332
chi_kuan_chun 20333
chi_mcbride 20334
chiaki_kuriyama 20335
chiang_sheng 20336
chiara_mastroianni 20337
chicago_blues 20338
chick_vennera 20339
chico_hamilton 20340
chico_marx 20341
chie_nakamura 20342
chie_tanaka 20343
chieko_matsubara 20344
chikage_awashima 20345
child_(band) 20346
children's_music 20347
children's_film 20348
children's_television_series 20349
chill_wills 20350
china 20351
china_anne_mcclain 20352
china_film_group 20353
china_film_group_corporation 20354
china_star_entertainment_group 20355
chinese 20356
chinese_martial_arts 20357
ching_siu-tung 20358
chingmy_yau 20359
chip_hourihan 20360
chips_rafferty 20361
chirkutt 20362
chisa_yokoyama 20363
chishū_ryū 20364
chitralekha_guho 20365
chitrashi_rawat 20366
chiwetel_ejiofor 20367
chizuru_ikewaki 20368
chloe_csengery 20369
chloe_hunter 20370
chloe_lukasiak 20371
chloe_webb 20372
chloë_grace_moretz 20373
chloë_sevigny 20374
cho_young-wuk 20375
choi_dong-hoon 20376
choi_min-sik 20377
choi_seung-hyun 20378
choi_siwon 20379
chor_yuen 20380
chosen_jacobs 20381
chow_yun-fat 20382
chris_addison 20383
chris_bacon_(composer) 20384
chris_barrett_(filmmaker) 20385
chris_barrie 20386
chris_bauer 20387
chris_bender_(film_producer) 20388
chris_bender_(producer) 20389
chris_blackwell 20390
chris_boardman_(composer) 20391
chris_brinker 20392
chris_brown 20393
chris_browning 20394
chris_butler_(filmmaker) 20395
chris_campanaro 20396
chris_carmack 20397
chris_cassidy 20398
chris_coleman_(footballer) 20399
chris_columbus_(filmmaker) 20400
chris_cooper 20401
chris_cornell 20402
chris_coy 20403
chris_crilly 20404
chris_de_faria 20405
chris_demetral 20406
chris_diamantopoulos 20407
chris_dowling_(director) 20408
chris_eigeman 20409
chris_elliott 20410
chris_evans_(actor) 20411
chris_eyre 20412
chris_farley 20413
chris_frantz 20414
chris_gibbin 20415
chris_gorak 20416
chris_hanley 20417
chris_hayward 20418
chris_hegedus 20419
chris_hemsworth 20420
chris_isaak 20421
chris_jarvis_(actor) 20422
chris_kattan 20423
chris_klein_(actor) 20424
chris_koch 20425
chris_lee_(producer) 20426
chris_lilley_(comedian) 20427
chris_marquette 20428
chris_mckay 20429
chris_mckenna_(actor) 20430
chris_meledandri 20431
chris_messina_(actor) 20432
chris_miller_(animator) 20433
chris_moll 20434
chris_moore_(film_producer) 20435
chris_mulkey 20436
chris_nahon 20437
chris_newby 20438
chris_noonan 20439
chris_noth 20440
chris_o'donnell 20441
chris_o'dowd 20442
chris_pang 20443
chris_parnell 20444
chris_pedersen_(actor) 20445
chris_penn 20446
chris_pine 20447
chris_pontius 20448
chris_potter_(actor) 20449
chris_pratt 20450
chris_rea 20451
chris_riggi 20452
chris_roberts_(game_developer) 20453
chris_roberts_(video_game_developer) 20454
chris_rock 20455
chris_rose 20456
chris_salvatore 20457
chris_sanders 20458
chris_sarandon 20459
chris_savino 20460
chris_seefried 20461
chris_shiflett 20462
chris_sivertson 20463
chris_soldevilla 20464
chris_sparling 20465
chris_spencer_(actor) 20466
chris_stein 20467
chris_stokes_(filmmaker) 20468
chris_stokes_(record_producer) 20469
chris_tsangarides 20470
chris_tucker 20471
chris_vance_(actor) 20472
chris_weitz 20473
chris_weller 20474
chris_whitley 20475
chris_wiggins 20476
chris_williams_(director) 20477
chris_wyatt_(producer) 20478
chris_wylde 20479
chris_young_(actor) 20480
chris_zylka 20481
chrissie_chau 20482
chrissie_fit 20483
christa_campbell 20484
christa_miller 20485
christa_théret 20486
christal_films 20487
christian 20488
christian_movies_&_tv 20489
christian_video 20490
christian-jaque 20491
christian_adult_contemporary 20492
christian_alvart 20493
christian_bale 20494
christian_berkel 20495
christian_borle 20496
christian_campbell 20497
christian_clavier 20498
christian_colson 20499
christian_cooke 20500
christian_de_sica 20501
christian_ditter 20502
christian_duguay_(director) 20503
christian_faure_(director) 20504
christian_hardcore 20505
christian_hip_hop 20506
christian_j._frank 20507
christian_kane 20508
christian_keyes 20509
christian_leblanc 20510
christian_mclaughlin_(film_producer) 20511
christian_metal 20512
christian_nyby 20513
christian_pitre 20514
christian_pop 20515
christian_potenza 20516
christian_rock 20517
christian_serratos 20518
christian_siriano 20519
christian_slater 20520
christian_stolte 20521
christian_wargo 20522
christiane_schmidtmer 20523
christina_applegate 20524
christina_cox 20525
christina_hendricks 20526
christina_jennings 20527
christina_milian 20528
christina_pickles 20529
christina_ricci 20530
christine_baranski 20531
christine_cavanaugh 20532
christine_ebersole 20533
christine_evangelista 20534
christine_finn 20535
christine_horne 20536
christine_jeffs 20537
christine_kaufmann 20538
christine_lahti 20539
christine_mayo 20540
christine_mcintyre 20541
christine_o'malley 20542
christine_stephen-daly 20543
christine_taylor 20544
christine_vachon 20545
christine_willes 20546
christmas 20547
christmas_by_medium 20548
christmas_music 20549
christmas_special 20550
christoph_fisser 20551
christoph_holch 20552
christoph_waltz 20553
christophe_barratier 20554
christophe_beck 20555
christophe_lioud 20556
christopher_abbott 20557
christopher_atkins 20558
christopher_bauer 20559
christopher_benjamin_(actor) 20560
christopher_berry 20561
christopher_cain 20562
christopher_cazenove 20563
christopher_collet 20564
christopher_connelly_(actor) 20565
christopher_convery 20566
christopher_cousins 20567
christopher_crowe_(screenwriter) 20568
christopher_daniel_barnes 20569
christopher_dedrick 20570
christopher_denham 20571
christopher_dillon_quinn 20572
christopher_drake 20573
christopher_eberts 20574
christopher_eccleston 20575
christopher_egan 20576
christopher_erskin 20577
christopher_franke 20578
christopher_gable 20579
christopher_gaze 20580
christopher_george 20581
christopher_good 20582
christopher_gordon_(composer) 20583
christopher_gorham 20584
christopher_guard 20585
christopher_guest 20586
christopher_gunning 20587
christopher_hall_(producer) 20588
christopher_hampton 20589
christopher_jacot 20590
christopher_jaymes 20591
christopher_judge 20592
christopher_knight_(actor) 20593
christopher_knights 20594
christopher_l._stone 20595
christopher_lambert 20596
christopher_landon_(filmmaker) 20597
christopher_lee 20598
christopher_lennertz 20599
christopher_leone 20600
christopher_lloyd 20601
christopher_maleki 20602
christopher_massey 20603
christopher_massimine 20604
christopher_masterson 20605
christopher_mcdonald 20606
christopher_mcdonald_(actor) 20607
christopher_mcquarrie 20608
christopher_meloni 20609
christopher_menaul 20610
christopher_mintz-plasse 20611
christopher_murney 20612
christopher_neil 20613
christopher_nicholas_smith 20614
christopher_nielsen 20615
christopher_nolan 20616
christopher_palmer 20617
christopher_pennock 20618
christopher_plummer 20619
christopher_ralph 20620
christopher_reeve 20621
christopher_rich_(actor) 20622
christopher_rich_(american_actor) 20623
christopher_riley 20624
christopher_simon 20625
christopher_smith_(director) 20626
christopher_soren_kelly 20627
christopher_stanley 20628
christopher_tin 20629
christopher_tyng 20630
christopher_walken 20631
christopher_wilkinson 20632
christopher_willis 20633
christopher_wong 20634
christopher_woodrow 20635
christopher_young 20636
christos_v._konstantakopoulos 20637
christy_cabanne 20638
christy_carlson_romano 20639
christy_chung 20640
chryssie_whitehead 20641
chua_lam 20642
chuck_berry 20643
chuck_bowman 20644
chuck_connors 20645
chuck_cooper_(actor) 20646
chuck_d 20647
chuck_hughes_(chef) 20648
chuck_jones 20649
chuck_mccann 20650
chuck_norris 20651
chuck_patton 20652
chuck_russell 20653
chuck_wein 20654
chulpan_khamatova 20655
chumlee 20656
chyler_leigh 20657
chō 20658
ciara 20659
ciara_bravo 20660
ciarán_foy 20661
ciarán_hinds 20662
ciarán_mcmenamin 20663
cicala_filmworks 20664
cicely_courtneidge 20665
cicely_tyson 20666
ciencia_ficcin_y_fantasa 20667
cillian_byrne 20668
cillian_murphy 20669
cindy_busby 20670
cindy_carol 20671
cindy_cowan 20672
cindy_o'callaghan 20673
cindy_pickett 20674
cindy_sampson 20675
cindy_williams 20676
cinecom 20677
cinecom_pictures 20678
cinedigm 20679
cinema_epoch 20680
cinema_international_corporation 20681
cinema_management_group 20682
cinema_service 20683
cinemation_industries 20684
cinemax 20685
cineplex_odeon_films 20686
cinerama_releasing_corporation 20687
cinergi_pictures 20688
cinergi_productions 20689
cineriz 20690
cinetel_films 20691
cinqué_lee 20692
cinzia_monreale 20693
cinédis 20694
cirque_du_soleil 20695
cj_adams 20696
cj_e&m_film_division 20697
cj_entertainment 20698
cj_navato 20699
claire_bloom 20700
claire_danes 20701
claire_forlani 20702
claire_holt 20703
claire_kelly 20704
claire_mcdowell 20705
claire_nebout 20706
claire_pichet 20707
claire_rushbrook 20708
claire_trevor 20709
claire_yiu 20710
clancy_brown 20711
clapton,_eric 20712
clara_bow 20713
clara_calamai 20714
clara_khoury 20715
clara_ward 20716
clare_grogan 20717
clare_kramer 20718
clarence_brown 20719
clarence_greene 20720
clarence_nash 20721
clarence_williams_iii 20722
clarence_öfwerman 20723
clarissa_selwynne 20724
clark_duke 20725
clark_gable 20726
clark_gregg 20727
clark_l._paylow 20728
clark_peterson 20729
clark_spencer 20730
classic_big_band 20731
classic_country 20732
classic_r&b 20733
classic_rock 20734
classic_tv 20735
classic_vocalists 20736
classical 20737
classical_music 20738
classics 20739
classics_kids_love 20740
claster_television 20741
claude-michel_schönberg 20742
claude_akins 20743
claude_bolling 20744
claude_dampier 20745
claude_gagnon 20746
claude_lelouch 20747
claude_rains 20748
claude_sautet 20749
claudette_colbert 20750
claudia_black 20751
claudia_cardinale 20752
claudia_drake 20753
claudia_ferri 20754
claudia_katz 20755
claudia_mcneil 20756
claudia_myers 20757
claudie_blakley 20758
claudine_auger 20759
claudio_argento 20760
claudio_brook 20761
claudio_camaso 20762
claudio_cassinelli 20763
claudio_fragasso 20764
claudio_fäh 20765
claudio_gioè 20766
claudio_monteverdi 20767
claudio_simonetti 20768
claus_bantzer 20769
clayne_crawford 20770
clayton_moore 20771
clayton_townsend 20772
clea_duvall 20773
clearcut_productions 20774
cleavon_little 20775
clemens_scheitz 20776
clemente_fracassi 20777
cleopatra_coleman 20778
cliff_chenfeld 20779
cliff_curtis 20780
cliff_deyoung 20781
cliff_edwards 20782
cliff_eidelman 20783
cliff_gorman 20784
cliff_martinez 20785
cliff_masterson 20786
cliff_osmond 20787
cliff_potts 20788
cliff_reid 20789
cliff_robertson 20790
cliff_roquemore 20791
clifford_irving 20792
clifford_odets 20793
clifton_collins,_jr. 20794
clifton_collins_jr. 20795
clifton_james 20796
clifton_parker 20797
clifton_powell 20798
clifton_webb 20799
climax_golden_twins 20800
clint_black 20801
clint_eastwood 20802
clint_howard 20803
clint_mansell 20804
clint_walker 20805
clinton_cerejo 20806
clinton_shorter 20807
clinton_sundberg 20808
clive_barker 20809
clive_donner 20810
clive_merrison 20811
clive_owen 20812
clive_russell 20813
cloris_leachman 20814
cloudco_entertainment 20815
clu_gulager 20816
clémence_poésy 20817
clément_sibony 20818
cmd_distribution 20819
cobie_smulders 20820
coca-cola_telecommunications 20821
cocinor 20822
coco_jones 20823
cody_cameron 20824
cody_christian 20825
cody_horn 20826
cody_kasch 20827
cody_mcmains 20828
coen_brothers 20829
cohen_media_group 20830
coky_giedroyc 20831
cole_hauser 20832
cole_porter 20833
cole_williams 20834
coleen_gray 20835
colette_lyons 20836
colin_blakely 20837
colin_campbell_(director) 20838
colin_campbell_(film_maker) 20839
colin_chilvers 20840
colin_cunningham 20841
colin_donnell 20842
colin_egglesfield 20843
colin_farrell 20844
colin_ferguson_(actor) 20845
colin_firth 20846
colin_friels 20847
colin_hanks 20848
colin_higgins 20849
colin_keith-johnston 20850
colin_lawrence 20851
colin_o'donoghue 20852
colin_salmon 20853
colin_steele_(singer) 20854
colin_towns 20855
colin_trevorrow 20856
colin_vaines 20857
colin_wilson_(film_producer) 20858
collective_soul 20859
colleen_brennan 20860
colleen_camp 20861
colleen_dewhurst 20862
colleen_rennison 20863
collin_chou 20864
collins,_phil 20865
collins_pennie 20866
colm_feore 20867
colm_meaney 20868
colombia 20869
colorfast_pictures 20870
columbia_pictures 20871
columbia_pictures_corporation 20872
columbia_pictures_television 20873
columbia_tristar_domestic_television 20874
columbia_tristar_film_distributors_international 20875
columbia_tristar_home_video 20876
columbia_tristar_television 20877
columbus_short 20878
combustible_edison 20879
comedia 20880
comedic_music 20881
comedy 20882
comedy_&_spoken_word 20883
comedy-drama 20884
comedy_(drama) 20885
comedy_central 20886
comedy_drama 20887
comedy_film 20888
comedy_horror 20889
comedy_music 20890
comedy_rock 20891
common_(rapper) 20892
communications_and_entertainment_limited 20893
compagnie_française_de_distribution_cinématographique 20894
compass_international_pictures 20895
complextro 20896
comworld_pictures 20897
conan_o'brien 20898
concert_film 20899
concerto_grossi 20900
concertos 20901
concetta_tomei 20902
conchata_ferrell 20903
conisch 20904
connie_britton 20905
connie_francis 20906
connie_mason 20907
connie_nielsen 20908
connie_sellecca 20909
connie_stevens 20910
connor_jessup 20911
connor_paolo 20912
conny_plank 20913
conrad_pope 20914
conrad_salinger 20915
conrad_veidt 20916
conrad_vernon 20917
constance_bennett 20918
constance_cummings 20919
constance_dowling 20920
constance_gay 20921
constance_moore 20922
constance_smith 20923
constance_talmadge 20924
constance_towers 20925
constantin_film 20926
contemporary_big_band 20927
contemporary_blues 20928
contemporary_folk 20929
contemporary_r&b 20930
contemporary_christian_music 20931
contemporary_r&b 20932
contemporary_worship_music 20933
continental_europe 20934
continental_distributing 20935
conway_tearle 20936
cooking_&_beverages 20937
cooking_show 20938
cool_jazz 20939
coolio 20940
cooper,_alice 20941
cops_&_triads 20942
cora_venus_lunny 20943
coralie_trinh_thi 20944
coralina_cataldi-tassoni 20945
corbin_allred 20946
corbin_bernsen 20947
corbin_bleu 20948
corey_allen 20949
corey_burton 20950
corey_feldman 20951
corey_grant 20952
corey_haim 20953
corey_harrison 20954
corey_hawkins 20955
corey_johnson_(actor) 20956
corey_reynolds 20957
corey_sevier 20958
corey_stoll 20959
corey_yuen 20960
corin_hardy 20961
corin_nemec 20962
corinne_calvet 20963
corinne_griffith 20964
cornel_wilde 20965
cornelia_funke 20966
cornelius_(musician) 20967
cornell_borchers 20968
corsair_pictures 20969
cory_edwards 20970
cory_hardrict 20971
cory_mcabee 20972
costas_mandylor 20973
costume_drama 20974
country 20975
country_&_bluegrass 20976
country_comedy 20977
country_rock 20978
country_folk 20979
country_music 20980
country_pop 20981
country_rock 20982
courtenay_taylor 20983
courteney_cox 20984
courtney_b._vance 20985
courtney_eaton 20986
courtney_ford 20987
courtney_gains 20988
courtney_halverson 20989
courtney_hunt 20990
courtney_love 20991
courtney_solomon 20992
cowboy 20993
cowley_wright 20994
cozi_zuehlsdorff 20995
crackle_(streaming_service) 20996
craig_armstrong_(composer) 20997
craig_bartlett 20998
craig_bierko 20999
craig_bolotin 21000
craig_fairbrass 21001
craig_ferguson 21002
craig_goldy 21003
craig_hill_(actor) 21004
craig_kelly_(actor) 21005
craig_mccracken 21006
craig_northey 21007
craig_perry 21008
craig_pruess 21009
craig_r._baxley 21010
craig_roberts 21011
craig_robinson_(actor) 21012
craig_safan 21013
craig_shapiro 21014
craig_sheffer 21015
craig_t._nelson 21016
craig_thomas_rivela 21017
craig_warnock 21018
craig_wasson 21019
craig_wedren 21020
craig_zadan 21021
craig_zobel 21022
cream_(band) 21023
cree_cicchino 21024
cree_summer 21025
creighton_hale 21026
crime 21027
crime_drama 21028
crime_fiction 21029
crime_film 21030
crime_thriller 21031
cringe_comedy 21032
crispin_glover 21033
crista_flanagan 21034
cristi_harris 21035
cristian_mungiu 21036
cristian_solimeno 21037
cristian_vogel 21038
cristina_ferrare 21039
cristina_galbó 21040
cristina_marsillach 21041
cristina_ruspoli 21042
cristina_serafini 21043
cristián_de_la_fuente 21044
criterion_collection 21045
critic's_choice 21046
cro_(musician) 21047
crown_international_pictures 21048
crugie 21049
crystal_allen 21050
crystal_bernard 21051
crystal_lowe 21052
crystal_r._fox 21053
crystal_waters 21054
csongor_kassai 21055
cuba 21056
cuba_gooding_jr. 21057
cult_movies 21058
culture_vannin 21059
cung_le 21060
cupcakke 21061
curd_jürgens 21062
curly_howard 21063
curt_bois 21064
curt_cress 21065
curt_jurgens 21066
curt_sobel 21067
curtis_%2250_cent%22_jackson 21068
curtis_armstrong 21069
curtis_bernhardt 21070
curtis_ellis 21071
curtis_hanson 21072
curtis_mayfield 21073
curzon_artificial_eye 21074
cy_endfield 21075
cy_feuer 21076
cyberpunk 21077
cybill_shepherd 21078
cyd_charisse 21079
cyia_batten 21080
cylk_cozart 21081
cynthia_bond 21082
cynthia_geary 21083
cynthia_gibb 21084
cynthia_hargrave 21085
cynthia_mckinney 21086
cynthia_myers 21087
cynthia_nixon 21088
cynthia_patrick 21089
cynthia_preston 21090
cynthia_rothrock 21091
cynthia_stevenson 21092
cynthia_whitcomb 21093
cypress_hill 21094
cyril_cusack 21095
cyril_j._mockridge 21096
cyril_mockridge 21097
cyril_neville 21098
cyril_raffaelli 21099
cyril_raymond 21100
cyril_ritchard 21101
cyril_wecht 21102
cyrille_thouvenin 21103
cyrus_yavneh 21104
cécile_de_france 21105
céline_sciamma 21106
călin_peter_netzer 21107
d&e_entertainment 21108
d'arcy_carden 21109
d'urville_martin 21110
d._a._pennebaker 21111
d._channsin_berry 21112
d._j._caruso 21113
d._j._cotrona 21114
d._l._hughley 21115
d._ross_lederman 21116
d._w._griffith 21117
d._w._moffett 21118
d.b._sweeney 21119
d.l._green 21120
d.l._hughley 21121
da_brat 21122
dabbu 21123
dabney_coleman 21124
dafne_fernández 21125
dagmar_lassander 21126
daiei_film 21127
daisy_mccrackin 21128
daisy_ridley 21129
dakota_blue_richards 21130
dakota_fanning 21131
dakota_goyo 21132
dakota_johnson 21133
dale_dickey 21134
dale_evans 21135
dale_midkiff 21136
dale_pollock 21137
dale_robertson 21138
dale_rosenbloom 21139
daler_nazarov 21140
daliah_lavi 21141
dalida 21142
dalip_tahil 21143
dallas_austin 21144
dallas_m._fitzgerald 21145
dallas_sonnier 21146
dalpalan 21147
dalton_trumbo 21148
damian_harris 21149
damian_jones_(producer) 21150
damian_lau 21151
damian_marley 21152
damiano_damiani 21153
damien_echols 21154
damien_timmer 21155
damion_dietz 21156
damion_poitier 21157
damián_szifron 21158
damon_albarn 21159
damon_gameau 21160
damon_gupton 21161
damon_lindelof 21162
damon_santostefano 21163
damon_wayans 21164
damon_wayans_jr. 21165
dan_anderson_(voice_actor) 21166
dan_auerbach 21167
dan_aykroyd 21168
dan_beirne 21169
dan_blocker 21170
dan_bucatinsky 21171
dan_byrd 21172
dan_carey_(record_producer) 21173
dan_castellaneta 21174
dan_chupong 21175
dan_cogan 21176
dan_curtis 21177
dan_dailey 21178
dan_duryea 21179
dan_fogelman 21180
dan_fogler 21181
dan_glickman 21182
dan_green_(voice_actor) 21183
dan_haggerty 21184
dan_halsted 21185
dan_hedaya 21186
dan_hicks_(actor) 21187
dan_ireland 21188
dan_jinks 21189
dan_jones_(composer) 21190
dan_lauria 21191
dan_lin 21192
dan_maag 21193
dan_milano 21194
dan_o'herlihy 21195
dan_payne 21196
dan_povenmire 21197
dan_romer 21198
dan_sales 21199
dan_scanlon 21200
dan_shor 21201
dan_stevens 21202
dan_trachtenberg 21203
dan_wyllie 21204
dan_wyman 21205
dan_zeff 21206
dana_adam_shapiro 21207
dana_andrews 21208
dana_ashbrook 21209
dana_brown 21210
dana_brunetti 21211
dana_carvey 21212
dana_delany 21213
dana_elcar 21214
dana_ghia 21215
dana_gillespie 21216
dana_hill 21217
dana_ivey 21218
dana_ivgy 21219
dana_shum 21220
dana_snyder 21221
dana_wynter 21222
danai_gurira 21223
danay_garcía 21224
dance_&_electronic 21225
dance_&_music 21226
dance_hall 21227
dance_pop 21228
dance-pop 21229
dance-rock 21230
dance_music 21231
dancehall 21232
dandy_nichols 21233
dane_allan_smith 21234
dane_clark 21235
dane_cook 21236
dane_dehaan 21237
danfung_dennis 21238
dani_(singer) 21239
dani_levy 21240
dania_ramirez 21241
danica_curcic 21242
danica_mckellar 21243
daniel_adams_(director) 21244
daniel_alfredson 21245
daniel_arnold_(actor) 21246
daniel_balaji 21247
daniel_baldwin 21248
daniel_barber_(director) 21249
daniel_benzali 21250
daniel_bernhardt 21251
daniel_brühl 21252
daniel_c._striepeke 21253
daniel_casey 21254
daniel_craig 21255
daniel_cross_(filmmaker) 21256
daniel_cudmore 21257
daniel_dae_kim 21258
daniel_davis 21259
daniel_day-lewis 21260
daniel_dubiecki 21261
daniel_duval 21262
daniel_emilfork 21263
daniel_espinosa 21264
daniel_farrands 21265
daniel_fathers 21266
daniel_gillies 21267
daniel_giménez_cacho 21268
daniel_goldberg_(producer) 21269
daniel_gordon_(film_director) 21270
daniel_hart_(musician) 21271
daniel_henney 21272
daniel_henshall 21273
daniel_hugh_kelly 21274
daniel_iron 21275
daniel_j._travanti 21276
daniel_johnston 21277
daniel_kaluuya 21278
daniel_kash 21279
daniel_knudsen 21280
daniel_lanois 21281
daniel_lapaine 21282
daniel_lee_(film_director) 21283
daniel_licht 21284
daniel_lipman 21285
daniel_louis 21286
daniel_lupi 21287
daniel_macivor 21288
daniel_mann 21289
daniel_markel 21290
daniel_mays 21291
daniel_mcdonald_(actor) 21292
daniel_melnick 21293
daniel_miller_(music_producer) 21294
daniel_myrick 21295
daniel_olbrychski 21296
daniel_pemberton 21297
daniel_petrie 21298
daniel_radcliffe 21299
daniel_rappaport 21300
daniel_roebuck 21301
daniel_stamm 21302
daniel_stern_(actor) 21303
daniel_sunjata 21304
daniel_toscan_du_plantier 21305
daniel_waters_(screenwriter) 21306
daniel_white_(composer) 21307
daniel_wu 21308
daniel_zacapa 21309
daniel_zettel 21310
daniel_zovatto 21311
daniela_bianchi 21312
daniela_farinacci 21313
daniela_čolić-prižmić 21314
daniele_amfitheatrof 21315
daniele_luchetti 21316
daniele_patucchi 21317
daniella_alonso 21318
daniella_evangelista 21319
danielle_bisutti 21320
danielle_chuchran 21321
danielle_darrieux 21322
danielle_harris 21323
danielle_macdonald 21324
danielle_nicolet 21325
danielle_panabaker 21326
danielle_proulx 21327
danielle_renfrew_behrens 21328
danielle_savre 21329
danielle_von_zerneck 21330
danila_kozlovsky 21331
danish 21332
danneel_harris 21333
danny_a._abeckaser 21334
danny_ahn 21335
danny_aiello 21336
danny_barnes_(musician) 21337
danny_bonaduce 21338
danny_boyle 21339
danny_cannon 21340
danny_chan_kwok-kwan 21341
danny_comden 21342
danny_dare 21343
danny_dark 21344
danny_devito 21345
danny_donnelly 21346
danny_dyer 21347
danny_elfman 21348
danny_gilmore 21349
danny_glover 21350
danny_hassel 21351
danny_huston 21352
danny_j_lewis 21353
danny_jacobs_(actor) 21354
danny_kamekona 21355
danny_kaye 21356
danny_lee_(actor) 21357
danny_lux 21358
danny_mcbride 21359
danny_pino 21360
danny_quinn 21361
danny_schechter 21362
danny_trejo 21363
danny_troob 21364
danny_woodburn 21365
danson_tang 21366
dante_basco 21367
dany_boon 21368
dany_mesároš 21369
dany_saval 21370
daphne_zuniga 21371
darby_stanchfield 21372
daria_nicolodi 21373
darin_(singer) 21374
darin_scott 21375
dario_argento 21376
dario_marianelli 21377
darius_mccrary 21378
darius_rucker 21379
dark_horse_entertainment 21380
darko_mitrevski 21381
darlanne_fluegel 21382
darleen_carr 21383
darlene_caamaño 21384
darlene_love 21385
darnell_martin 21386
darrell_calker 21387
darrell_d'silva 21388
darrell_rooney 21389
darren_aronofsky 21390
darren_burrows 21391
darren_doane 21392
darren_dunstan 21393
darren_floyd 21394
darren_grant 21395
darren_hayes 21396
darren_lynn_bousman 21397
darren_mcgavin 21398
darren_shahlavi 21399
darren_smith_(actor) 21400
darren_tate 21401
darrin_henson 21402
darryl_f._zanuck 21403
darwin_shaw 21404
daryl_duke 21405
daryl_hannah 21406
daryl_mitchell_(actor) 21407
daryl_sabara 21408
darío_grandinetti 21409
dash_mihok 21410
daughtry_(band) 21411
dave_b._mitchell 21412
dave_bautista 21413
dave_chappelle 21414
dave_coulier 21415
dave_england 21416
dave_eringa 21417
dave_faulkner_(musician) 21418
dave_fleischer 21419
dave_foley 21420
dave_franco 21421
dave_goelz 21422
dave_green_(director) 21423
dave_grohl 21424
dave_grusin 21425
dave_jennings_(scientist) 21426
dave_kilminster 21427
dave_madden 21428
dave_matthews 21429
dave_moody_(musician) 21430
dave_ramsey 21431
dave_sardy 21432
dave_sheridan_(actor) 21433
dave_thomas_(actor) 21434
dave_willis 21435
dave_wilson_(director) 21436
dave_wittenberg 21437
davey_boy_smith 21438
david_a._armstrong 21439
david_a._malone 21440
david_a._r._white 21441
david_a._rosemont 21442
david_a._siegel 21443
david_a._stewart 21444
david_a.r._white 21445
david_aaron_baker 21446
david_alan_basche 21447
david_alan_grier 21448
david_alpay 21449
david_amram 21450
david_anders 21451
david_anspaugh 21452
david_arnold 21453
david_arquette 21454
david_atrakchi 21455
david_aukin 21456
david_ayer 21457
david_baker_(biochemist) 21458
david_banner 21459
david_barrera 21460
david_belle 21461
david_bennent 21462
david_birney 21463
david_boreanaz 21464
david_bossie 21465
david_bowe_(actor) 21466
david_bowers_(director) 21467
david_bowie 21468
david_brandon_(actor) 21469
david_brookwell 21470
david_brown_(producer) 21471
david_buck 21472
david_buckley 21473
david_butler_(director) 21474
david_buttolph 21475
david_c._robinson 21476
david_c._williams_(film_composer) 21477
david_campbell_(composer) 21478
david_carpenter 21479
david_carradine 21480
david_carson_(director) 21481
david_caruso 21482
david_cassidy 21483
david_castillo_(actor) 21484
david_castro 21485
david_chase 21486
david_chiang 21487
david_chilton_(composer) 21488
david_chisum 21489
david_christensen 21490
david_clark_(producer) 21491
david_clayton_rogers 21492
david_clennon 21493
david_conte 21494
david_cronenberg 21495
david_cross 21496
david_daker 21497
david_darlow_(actor) 21498
david_dastmalchian 21499
david_decoteau 21500
david_del_rio 21501
david_della_rocco 21502
david_dencik 21503
david_desanctis 21504
david_dobkin_(director) 21505
david_dontoh 21506
david_dorfman 21507
david_dortort 21508
david_douglas_(director) 21509
david_doyle_(actor) 21510
david_duchovny 21511
david_dukes 21512
david_e._durston 21513
david_e._kelley 21514
david_e._talbert 21515
david_eagleman 21516
david_eick 21517
david_f._friedman 21518
david_farrar_(actor) 21519
david_feiss 21520
david_ferry_(actor) 21521
david_fincher 21522
david_foster 21523
david_foster_(film_producer) 21524
david_fox_(actor) 21525
david_france_(writer) 21526
david_frankel 21527
david_franklin_(actor) 21528
david_gallagher 21529
david_gates 21530
david_gilbert_(activist) 21531
david_giler 21532
david_gilmour 21533
david_glen_eisley 21534
david_golub 21535
david_gordon_green 21536
david_gow 21537
david_graf 21538
david_green_(director) 21539
david_grisman 21540
david_gulpilil 21541
david_gyasi 21542
david_h._depatie 21543
david_hackl 21544
david_harbour 21545
david_hart_(actor) 21546
david_hasselhoff 21547
david_hemmings 21548
david_hempstead 21549
david_heneker 21550
david_henrie 21551
david_herman 21552
david_hess 21553
david_hewlett 21554
david_heyman 21555
david_hirschfelder 21556
david_hoberman 21557
david_hollander 21558
david_horovitch 21559
david_horowitz 21560
david_howard_(director) 21561
david_huddleston 21562
david_hughes_(musician) 21563
david_hyde_pierce 21564
david_jackson_(director) 21565
david_jacobson_(director) 21566
david_james_(film_producer) 21567
david_janssen 21568
david_jason 21569
david_johansen 21570
david_julyan 21571
david_k._lovegren 21572
david_kahne 21573
david_kaye_(magician) 21574
david_keith_(actor) 21575
david_kelly_(actor) 21576
david_kirkland 21577
david_kirkpatrick_(producer) 21578
david_kirschner 21579
david_kitay 21580
david_kitchens 21581
david_koechner 21582
david_koepp 21583
david_krumholtz 21584
david_l._keith 21585
david_labiosa 21586
david_landau_(actor) 21587
david_lander 21588
david_lean 21589
david_lee_mcinnis 21590
david_leland 21591
david_leon 21592
david_levien 21593
david_lewis_(director) 21594
david_lewis_(producer) 21595
david_lindley_(musician) 21596
david_lipper 21597
david_lochary 21598
david_longstreth 21599
david_loren_cunningham 21600
david_lovegren 21601
david_lowery_(director) 21602
david_lynch 21603
david_m._thompson 21604
david_macdonald_(director) 21605
david_madden_(executive) 21606
david_mamet 21607
david_mansfield 21608
david_marciano 21609
david_maysles 21610
david_mccallum 21611
david_mcfadzean 21612
david_mclean_(actor) 21613
david_mcnally_(director) 21614
david_michael_frank 21615
david_michael_latt 21616
david_mickey_evans 21617
david_millbern 21618
david_miller_(director) 21619
david_mimran 21620
david_morrissey 21621
david_morse 21622
david_morse_(actor) 21623
david_moscow 21624
david_munrow 21625
david_n._cole 21626
david_naughton 21627
david_newman_(composer) 21628
david_nibley 21629
david_niven 21630
david_niven_jr. 21631
david_nixon_(director) 21632
david_nutter 21633
david_o'hara 21634
david_o._russell 21635
david_o._sacks 21636
david_o._selznick 21637
david_oakes 21638
david_ogden_stiers 21639
david_oyelowo 21640
david_packer_(actor) 21641
david_parfitt 21642
david_patrick_kelly 21643
david_paymer 21644
david_permut 21645
david_pirner 21646
david_prachař 21647
david_proval 21648
david_prowse 21649
david_puttnam 21650
david_r._ellis 21651
david_raksin 21652
david_rappaport 21653
david_rees_snell 21654
david_richards_(record_producer) 21655
david_rimawi 21656
david_robb 21657
david_robert_mitchell 21658
david_roma 21659
david_roper_(actor) 21660
david_rudman 21661
david_ryall 21662
david_s._cass_sr. 21663
david_s._goyer 21664
david_s._ward 21665
david_sabin 21666
david_sardy 21667
david_schwartz 21668
david_schwimmer 21669
david_selby 21670
david_selman 21671
david_seltzer 21672
david_semel 21673
david_shanks 21674
david_shire 21675
david_siegel_(screenwriter) 21676
david_slade 21677
david_snell_(composer) 21678
david_sonenberg 21679
david_soren_(animator) 21680
david_sosna 21681
david_soul 21682
david_spade 21683
david_sproxton 21684
david_st._hubbins 21685
david_strathairn 21686
david_sturzaker 21687
david_suchet 21688
david_sullivan_(actor) 21689
david_susskind 21690
david_swift_(director) 21691
david_t._friendly 21692
david_tennant 21693
david_thewlis 21694
david_thornton_(actor) 21695
david_threlfall 21696
david_tomlinson 21697
david_torn 21698
david_twohy 21699
david_v._picker 21700
david_valdes 21701
david_viola 21702
david_von_ancken 21703
david_w._rintels 21704
david_w._zucker 21705
david_walliams 21706
david_warbeck 21707
david_warner_(actor) 21708
david_wayne 21709
david_weisbart 21710
david_weisman 21711
david_wenham 21712
david_westhead 21713
david_wheatley_(composer) 21714
david_whitaker_(composer) 21715
david_winning 21716
david_wohl 21717
david_womark 21718
david_yates 21719
david_yost 21720
david_zucker 21721
david_švec 21722
davis_guggenheim 21723
davitt_sigerson 21724
dawn_addams 21725
dawn_bender 21726
dawn_steel 21727
dawn_wells 21728
dawnn_lewis 21729
dayahang_rai 21730
dayle_haddon 21731
dc 21732
dc_talk 21733
dd_smash 21734
de_laurentiis_entertainment_group 21735
de_passe_jones_entertainment 21736
de_vol 21737
dean_armstrong 21738
dean_cain 21739
dean_deblois 21740
dean_devlin 21741
dean_edwards 21742
dean_elliott 21743
dean_fredericks 21744
dean_hrycan 21745
dean_jagger 21746
dean_jones_(actor) 21747
dean_martin 21748
dean_mcdermott 21749
dean_norris 21750
dean_parisot 21751
dean_silvers 21752
dean_stockwell 21753
dean_winters 21754
deanna_durbin 21755
deanna_oliver 21756
deanna_robbins 21757
death_metal 21758
death_metal 21759
debbi_morgan 21760
debbie_harry 21761
debbie_reynolds 21762
debbie_rochon 21763
debby_ryan 21764
debi_derryberry 21765
debi_mazar 21766
debmar-mercury 21767
deborah_forte 21768
deborah_geffner 21769
deborah_grant_(actress) 21770
deborah_harmon 21771
deborah_kampmeier 21772
deborah_kaplan 21773
deborah_kara_unger 21774
deborah_kennedy 21775
deborah_kerr 21776
deborah_lurie 21777
deborah_mailman 21778
deborah_odell 21779
deborah_raffin 21780
deborah_snyder 21781
deborah_van_valkenburgh 21782
deborah_walley 21783
deborah_wolsh 21784
debra_hill 21785
debra_martin_chase 21786
debra_messing 21787
debra_monk 21788
debra_paget 21789
debra_rich 21790
debra_winger 21791
decal_(company) 21792
declan_o'brien 21793
deconstructed_club 21794
dede_gardner 21795
dede_mabiaku 21796
dedee_pfeiffer 21797
dee_bradley_baker 21798
dee_snider 21799
dee_wallace 21800
deep_purple 21801
deep_funk 21802
deepak_shivdasani 21803
deepika_padukone 21804
deforest_kelley 21805
deirdre_mullins 21806
deirdre_o'connell_(actress) 21807
dej_productions 21808
del_negro_(actor) 21809
del_shores 21810
del_synnott 21811
delbert_mann 21812
dele_odule 21813
delia_boccardo 21814
della_reese 21815
delmar_watson 21816
delmer_daves 21817
delores_taylor 21818
delphine_chanéac 21819
delroy_lindo 21820
delta_blues 21821
delta_burke 21822
delta_goodrem 21823
demetri_martin 21824
demetria_mckinney 21825
demi_lovato 21826
demi_moore 21827
demián_bichir 21828
dempsey_pappion 21829
denholm_elliott 21830
denis_carot 21831
denis_héroux 21832
denis_king 21833
denis_leary 21834
denis_lill 21835
denis_o'hare 21836
denis_podalydès 21837
denis_quilley 21838
denis_villeneuve 21839
denise_black 21840
denise_boutte 21841
denise_burse 21842
denise_cronenberg 21843
denise_crosby 21844
denise_darcel 21845
denise_di_novi 21846
denise_galik 21847
denise_miller 21848
denise_nicholas 21849
denise_richards 21850
denise_robert 21851
deniz_akdeniz 21852
denmark 21853
dennie_gordon 21854
dennis_b._kane 21855
dennis_bovell 21856
dennis_christopher 21857
dennis_dugan 21858
dennis_e._doty 21859
dennis_farina 21860
dennis_fimple 21861
dennis_franz 21862
dennis_hammer 21863
dennis_haysbert 21864
dennis_herring 21865
dennis_hopper 21866
dennis_kucinich 21867
dennis_lambert 21868
dennis_mccarthy_(composer) 21869
dennis_miller 21870
dennis_moore_(actor) 21871
dennis_morgan 21872
dennis_o'keefe 21873
dennis_price 21874
dennis_quaid 21875
dennis_to 21876
dennis_waterman 21877
dennis_weaver 21878
dennis_wilson 21879
denniz_pop 21880
denver,_john 21881
denver_pyle 21882
denys_arcand 21883
denys_cowan 21884
denzel_washington 21885
denzil_botus 21886
deon_lotz 21887
deon_richmond 21888
deragh_campbell 21889
deran_sarafian 21890
derek_basco 21891
derek_bermel 21892
derek_cianfrance 21893
derek_connolly 21894
derek_de_lint 21895
derek_farr 21896
derek_godfrey 21897
derek_hough 21898
derek_jacobi 21899
derek_kwok 21900
derek_long_(actor) 21901
derek_luke 21902
derek_magyar 21903
derek_mears 21904
derek_mogford 21905
derek_richardson_(actor) 21906
derek_smalls 21907
derek_tsang 21908
derek_waters 21909
derek_yee 21910
derelys_perdue 21911
dermot_mulroney 21912
derri_daugherty 21913
derrick_borte 21914
derrick_de_marney 21915
derrick_o'connor 21916
des_mcanuff 21917
desi_arnaz 21918
desi_arnaz,_jr. 21919
desiree_west 21920
desireé_cousteau 21921
desmond_askew 21922
desmond_davis 21923
desmond_doss 21924
desmond_harrington 21925
desmond_nakano 21926
desmond_tester 21927
destin_daniel_cretton 21928
destination_films 21929
det_danske_filminstitut 21930
dete_meserve 21931
detective_fiction 21932
dev_anand 21933
dev_patel 21934
devin_kelley 21935
devin_ratray 21936
devo 21937
devon_allman 21938
devon_bostick 21939
devon_graye 21940
devon_gummersall 21941
devon_sawa 21942
devotchka 21943
devyn_nekoda 21944
dewey_martin_(actor) 21945
dexter_fletcher 21946
dhafer_youssef 21947
dhaffer_l'abidine 21948
dhani_harrison 21949
dharma_productions 21950
diablo_cody 21951
diahnne_abbott 21952
diamond_dallas_page 21953
dian_bachar 21954
diana_dors 21955
diana_elizabeth_torres 21956
diana_kaarina 21957
diana_kent 21958
diana_koerner 21959
diana_lorys 21960
diana_millay 21961
diana_rigg 21962
diana_ross 21963
diana_sands 21964
diana_van_der_vlis 21965
diane_ayala_goldner 21966
diane_baker 21967
diane_cilento 21968
diane_crespo 21969
diane_fleri 21970
diane_fletcher 21971
diane_franklin 21972
diane_gaidry 21973
diane_hendricks 21974
diane_keaton 21975
diane_keen 21976
diane_kruger 21977
diane_ladd 21978
diane_lane 21979
diane_varsi 21980
diane_venora 21981
dianna_agron 21982
dianne_ashford 21983
dianne_hull 21984
dianne_jackson 21985
dianne_wiest 21986
dick_carson 21987
dick_cavett 21988
dick_dale 21989
dick_debenedictis 21990
dick_dunne 21991
dick_emery 21992
dick_foran 21993
dick_gautier 21994
dick_gilbert 21995
dick_halligan 21996
dick_hyman 21997
dick_lowry 21998
dick_miller 21999
dick_powell 22000
dick_richards 22001
dick_shawn 22002
dick_van_dyke 22003
dick_van_patten 22004
dick_wesson_(actor) 22005
dick_wilde 22006
dick_york 22007
dickon_hinchliffe 22008
didi_conn 22009
didier_albert 22010
diedrich_bader 22011
diego_luna 22012
diego_stocco 22013
diem_lien 22014
dieselpunk 22015
dillon_freasier 22016
dimension_extreme 22017
dimension_films 22018
dimension_pictures_(1970s_company) 22019
dimitri_de_grunwald 22020
dimitri_diatchenko 22021
dimitri_tiomkin 22022
dimples_romana 22023
dina_merrill 22024
dina_meyer 22025
dinesh_panicker 22026
dino_de_laurentiis 22027
dino_fekaris 22028
diogo_morgado 22029
dion_basco 22030
dionne_quan 22031
dionysos_(french_band) 22032
dirch_passer 22033
dire_straits 22034
director_x 22035
dirk_benedict 22036
dirk_blocker 22037
dirk_brossé 22038
dirk_wittenborn 22039
dirty_three 22040
disaster_film 22041
disasterpeace 22042
disco 22043
discovery_channel 22044
discovery,_inc. 22045
discovery_channel 22046
discovery_communications 22047
disney 22048
disney_channel 22049
disney_channel_original_movies 22050
disney_channel_series 22051
disney_home_video 22052
disney-abc_domestic_television 22053
disney_channel 22054
disney_media_distribution 22055
disney–abc_domestic_television 22056
disney–abc_home_entertainment_and_television_distribution 22057
distributors_corporation_of_america 22058
divine_(actor) 22059
divine_(performer) 22060
dixieland 22061
dj_lethal 22062
dj_paul 22063
dj_qualls 22064
djent 22065
djimon_hounsou 22066
dmitry_meskhiev 22067
dmitry_vasyukov 22068
doc_shaw 22069
docudrama 22070
docufiction 22071
documentary 22072
documentary_educational_resources 22073
documentary_film 22074
documentary_television_series 22075
docurama 22076
dody_goodman 22077
doe_avedon 22078
dogwoof_pictures 22079
dolf_de_vries 22080
dolly_hall 22081
dolly_parton 22082
dolores_hart 22083
dolores_michaels 22084
dolph_lundgren 22085
dom_deluise 22086
domenico_procacci 22087
domhnall_gleeson 22088
dominic_cooper 22089
dominic_frisby 22090
dominic_frontiere 22091
dominic_guard 22092
dominic_lewis 22093
dominic_mafham 22094
dominic_monaghan 22095
dominic_purcell 22096
dominic_rains 22097
dominic_sena 22098
dominic_west 22099
dominick_dunne 22100
dominik_garcia-lorido 22101
dominik_graf 22102
dominique_abel 22103
dominique_besnehard 22104
dominique_dunne 22105
dominique_farrugia 22106
dominique_othenin-girard 22107
dominique_pinon 22108
dominique_sanda 22109
dominique_swain 22110
domiziana_giordano 22111
don_%22red%22_barry 22112
don_adams 22113
don_ameche 22114
don_argott 22115
don_backy 22116
don_bagley 22117
don_beddoe 22118
don_bluth 22119
don_brincka 22120
don_carmody 22121
don_chaffey 22122
don_cheadle 22123
don_costa 22124
don_curry 22125
don_davis_(composer) 22126
don_defore 22127
don_douglas 22128
don_e._fauntleroy 22129
don_ellis 22130
don_felder 22131
don_francks 22132
don_guest 22133
don_hahn 22134
don_hall_(filmmaker) 22135
don_handfield 22136
don_hany 22137
don_henderson_(film_producer) 22138
don_henley 22139
don_johnson 22140
don_knotts 22141
don_lake 22142
don_lamond_(actor) 22143
don_law 22144
don_letts 22145
don_mancini 22146
don_mcbrearty 22147
don_mcglashan 22148
don_mcguire_(actor) 22149
don_mckellar 22150
don_mcmanus 22151
don_michael_paul 22152
don_mitchell_(actor) 22153
don_murphy 22154
don_murray_(actor) 22155
don_omar 22156
don_pedro_colley 22157
don_ralke 22158
don_rethke 22159
don_rickles 22160
don_roy_king 22161
don_s._davis 22162
don_scardino 22163
don_schain 22164
don_sharp 22165
don_siegel 22166
don_simpson 22167
don_steele 22168
don_stroud 22169
don_taylor_(actor) 22170
don_taylor_(american_actor_and_director) 22171
don_taylor_(director_born_1920) 22172
don_thompson_award 22173
don_was 22174
don_weis 22175
dona_holloway 22176
donal_logue 22177
donal_mccann 22178
donald_binns 22179
donald_crisp 22180
donald_de_line 22181
donald_faison 22182
donald_g._jackson 22183
donald_glover 22184
donald_harrison_jr. 22185
donald_houston 22186
donald_keith_(actor) 22187
donald_kushner 22188
donald_macbride 22189
donald_moffat 22190
donald_o'connor 22191
donald_petrie 22192
donald_pleasence 22193
donald_shebib 22194
donald_sinden 22195
donald_sutherland 22196
donald_wrye 22197
dong_jie 22198
donna_d'errico 22199
donna_deitch 22200
donna_dixon 22201
donna_gigliotti 22202
donna_martell 22203
donna_mills 22204
donna_murphy 22205
donna_reed 22206
donna_summer 22207
donnie_eichar 22208
donnie_land 22209
donnie_wahlberg 22210
donnie_yen 22211
donny_hathaway 22212
donny_lucas 22213
donny_osmond 22214
donovan 22215
donovan_leitch_(actor) 22216
donovan_scott 22217
donzaleigh_abernathy 22218
doo_wop 22219
doo-wop 22220
doom_metal 22221
dora_doll 22222
dore_schary 22223
doreen_jacobi 22224
dorian_corey 22225
dorian_harewood 22226
dorie_barton 22227
doris_day 22228
doris_dörrie 22229
doris_roberts 22230
dorla_bell 22231
dorothy_arnold_(olson) 22232
dorothy_black_(actress) 22233
dorothy_comingore 22234
dorothy_dandridge 22235
dorothy_dean 22236
dorothy_devore 22237
dorothy_fay 22238
dorothy_gish 22239
dorothy_granger 22240
dorothy_gulliver 22241
dorothy_hart 22242
dorothy_lamour 22243
dorothy_malone 22244
dorothy_mcguire 22245
dorothy_provine 22246
dorothy_stratten 22247
dorothée_berryman 22248
dorsey_burnette 22249
dory_previn 22250
dottie_west 22251
double_edge_films 22252
doug_allen_(actor) 22253
doug_block 22254
doug_bradley 22255
doug_draizin 22256
doug_e._doug 22257
doug_goldstein 22258
doug_hagdahl 22259
doug_hutchison 22260
doug_jones_(actor) 22261
doug_langway 22262
doug_lefler 22263
doug_mankoff 22264
doug_mayfield 22265
doug_mcclure 22266
doug_mckeon 22267
doug_mitchell_(film_producer) 22268
doug_savant 22269
doug_sheehan 22270
doug_stone 22271
douglas_barr 22272
douglas_booth 22273
douglas_croft 22274
douglas_evans_(actor) 22275
douglas_fairbanks 22276
douglas_fowley 22277
douglas_gamley 22278
douglas_henshall 22279
douglas_hickox 22280
douglas_hodge 22281
douglas_jackson_(director) 22282
douglas_mckeown 22283
douglas_pipes 22284
douglas_rae_(tv_executive) 22285
douglas_silva 22286
douglas_sirk 22287
douglas_smith_(actor) 22288
douglas_wick 22289
douglas_wilmer 22290
dougray_scott 22291
dove_cameron 22292
dr._dre 22293
dr._luke 22294
dr_period 22295
drafthouse_films 22296
dragon_ball_z:_resurrection_'f' 22297
drake_(entertainer) 22298
drake_doremus 22299
drama 22300
drama_(film_and_television) 22301
drama_(genre) 22302
drama_desk_award_for_outstanding_book_of_a_musical 22303
drama_desk_award_for_outstanding_music 22304
drama_desk_award_for_outstanding_musical 22305
drama_film 22306
dramatic_programming 22307
dream_pop 22308
dream_theater 22309
dreama_walker 22310
dreamworks 22311
dreamworks_animation 22312
dreamworks_home_entertainment 22313
dreamworks_pictures 22314
drew_barrymore 22315
drew_droege 22316
drew_fuller 22317
drew_neumann 22318
drew_roy 22319
drew_seeley 22320
drew_sidora 22321
dreya_weber 22322
dror_moreh 22323
dror_zahavi 22324
dru_joyce 22325
dru_joyce_ii 22326
drum_&_bass 22327
drum_and_bass 22328
dts 22329
duane_martin 22330
dub 22331
dub_taylor 22332
dubstep 22333
dudley_moore 22334
duilio_coletti 22335
duke_ellington 22336
duke_worne 22337
duncan_bell_(actor) 22338
duncan_gibbins 22339
duncan_henderson 22340
duncan_jones 22341
duncan_kenworthy 22342
duncan_preston 22343
duncan_renaldo 22344
duncan_sheik 22345
duncan_watson 22346
dune 22347
dustin_clare 22348
dustin_diamond 22349
dustin_farnum 22350
dustin_hoffman 22351
dustin_ingram 22352
dustin_milligan 22353
dustin_nguyen 22354
dustin_o'halloran 22355
dutch 22356
duwayne_dunham 22357
dušan_hanák 22358
dušan_radić 22359
dwayne_johnson 22360
dwight_ewell 22361
dwight_h._little 22362
dwight_henry_(actor) 22363
dwight_little 22364
dwight_yoakam 22365
dyan_cannon 22366
dyanne_thorne 22367
dylan,_bob 22368
dylan_baker 22369
dylan_bruno 22370
dylan_kidd 22371
dylan_mcdermott 22372
dylan_moran 22373
dylan_sprayberry 22374
dylan_walsh 22375
dziga_vertov 22376
e._duke_vincent 22377
e._elias_merhige 22378
e._g._daily 22379
e._g._marshall 22380
e._j._peaker 22381
e._l._james 22382
e._l._katz 22383
e._lloyd_sheldon 22384
e.g._daily 22385
e.g._marshall 22386
e.w._swackhamer 22387
e4_(tv_channel) 22388
eagle-lion_films 22389
eagles_(band) 22390
ealing_studios 22391
eamonn_walker 22392
earl_bahl 22393
earl_bellamy 22394
earl_boen 22395
earl_butz 22396
earl_hammond 22397
earl_holliman 22398
earl_maynard 22399
earl_mohan 22400
earl_owensby 22401
earl_owensby_studios 22402
earle_foxe 22403
earle_hyman 22404
earle_williams 22405
earth,_wind_&_fire 22406
east_coast 22407
east_coast_blues 22408
east_coast_hip_hop 22409
eastern_europe 22410
easy_listening 22411
easy_listening 22412
ed_asner 22413
ed_begley 22414
ed_begley,_jr. 22415
ed_begley_jr. 22416
ed_binns 22417
ed_bogas 22418
ed_cunningham 22419
ed_devereaux 22420
ed_flanders 22421
ed_fraiman 22422
ed_friendly 22423
ed_gass-donnelly 22424
ed_guiney 22425
ed_harris 22426
ed_helms 22427
ed_hood 22428
ed_kemmer 22429
ed_lauter 22430
ed_mcmahon 22431
ed_o'neill 22432
ed_roland 22433
ed_shearmur 22434
ed_skrein 22435
ed_speleers 22436
ed_stone 22437
ed_wood 22438
ed_wynn 22439
edd_byrnes 22440
eddie_albert 22441
eddie_anderson_(comedian) 22442
eddie_barclay 22443
eddie_byrne 22444
eddie_clarke_(musician) 22445
eddie_davis_(director) 22446
eddie_deezen 22447
eddie_firestone 22448
eddie_fisher_(singer) 22449
eddie_foy,_jr. 22450
eddie_griffin 22451
eddie_izzard 22452
eddie_kaye_thomas 22453
eddie_marsan 22454
eddie_mayehoff 22455
eddie_murphy 22456
eddie_peng 22457
eddie_pepitone 22458
eddie_redmayne 22459
eddie_rouse 22460
eddie_santiago 22461
eddie_selzer 22462
eddie_spears 22463
eddie_steeples 22464
eddie_velez 22465
eddy_ko 22466
eden_espinosa 22467
edgar_bergen 22468
edgar_buchanan 22469
edgar_g._ulmer 22470
edgar_j._scherick 22471
edgar_kennedy 22472
edgar_mortiz 22473
edgar_wright 22474
edi_gathegi 22475
edie_adams 22476
edie_falco 22477
edie_landau 22478
edith_atwater 22479
edith_borella 22480
edith_bouvier_beale 22481
edith_evans 22482
edith_ewing_bouvier_beale 22483
edith_hamlin 22484
edith_massey_(actress) 22485
edmond_o'brien 22486
edmondo_amati 22487
edmund_goulding 22488
edmund_grainger 22489
edmund_gwenn 22490
edmund_purdom 22491
edna_best 22492
edna_may_oliver 22493
edna_pendleton 22494
edoardo_ballerini 22495
edoardo_gabbriellini 22496
edson_stroll 22497
eduard_artemyev 22498
eduard_martsevich 22499
eduardo_ciannelli 22500
eduardo_fajardo 22501
eduardo_noriega_(spanish_actor) 22502
eduardo_palomo 22503
eduardo_rodríguez_(director) 22504
eduardo_sánchez_(director) 22505
educational 22506
edvard_grieg 22507
edward_a._kull 22508
edward_albert 22509
edward_andrews 22510
edward_arnold_(actor) 22511
edward_asner 22512
edward_atterton 22513
edward_bernds 22514
edward_black_(producer) 22515
edward_brophy 22516
edward_bunker 22517
edward_burns 22518
edward_burtynsky 22519
edward_buzzell 22520
edward_byrnes 22521
edward_c._lilley 22522
edward_chapman_(actor) 22523
edward_coxen 22524
edward_dmytryk 22525
edward_elgar 22526
edward_f._cline 22527
edward_fox_(actor) 22528
edward_furlong 22529
edward_g._robinson 22530
edward_h._griffith 22531
edward_halperin 22532
edward_herrmann 22533
edward_heyman 22534
edward_j._danziger 22535
edward_j._kay 22536
edward_j._white 22537
edward_james_olmos 22538
edward_judd 22539
edward_k._milkis 22540
edward_lewis_(producer) 22541
edward_ludwig 22542
edward_m._abroms 22543
edward_montagne 22544
edward_norris 22545
edward_norton 22546
edward_platt 22547
edward_powell 22548
edward_r._pressman 22549
edward_rogers_(composer) 22550
edward_rosen 22551
edward_s._feldman 22552
edward_saxon 22553
edward_selzer 22554
edward_shearmur 22555
edward_small 22556
edward_ward_(composer) 22557
edward_winter_(actor) 22558
edward_yang 22559
edward_zwick 22560
edwin_astley 22561
edwin_h._knopf 22562
edwin_hodge 22563
edwin_l._marin 22564
edwin_mccain 22565
edwin_neal 22566
edwin_wendler 22567
edwina_booth 22568
effie_brown 22569
efram_zimbalist,_jr. 22570
efrem_zimbalist_jr. 22571
efren_ramirez 22572
ehren_mcghehey 22573
eiji_funakoshi 22574
eiji_okuda 22575
eijirō_tōno 22576
eiko_masuyama 22577
eiko_matsuda 22578
eileen_atkins 22579
eileen_brennan 22580
eileen_colgan 22581
eileen_essell 22582
eileen_heckart 22583
eileen_sedgwick 22584
einar_sissener 22585
eion_bailey 22586
eita 22587
eitarō_shindō 22588
eka_darville 22589
ekachai_uekrongtham 22590
ekaterina_klimova 22591
ekin_cheng 22592
ekta_kapoor 22593
elaine_devry 22594
elaine_hammerstein 22595
elaine_hendrix 22596
elaine_jin 22597
elaine_joyce 22598
elaine_may 22599
elaine_stritch 22600
elaine_welteroth 22601
elaine_yiu 22602
elden_henson 22603
eldridge_cleaver 22604
eleanor_bron 22605
eleanor_david 22606
eleanor_foraker 22607
eleanor_parker 22608
eleanor_stewart 22609
electric_blues 22610
electric_blues 22611
electric_entertainment 22612
electro-rock 22613
electro_(music) 22614
electro_house 22615
electro_music 22616
electroclash 22617
electronic 22618
electronic_pop 22619
electronic_dance_music 22620
electronic_music 22621
electronic_rock 22622
electronica 22623
electronicore 22624
electropop 22625
electropunk 22626
elegies 22627
element_pictures 22628
elena_anaya 22629
eleonore_dailly 22630
elevation_pictures 22631
elga_sorbas 22632
eli_anne_linnestad 22633
eli_roth 22634
eli_wallach 22635
elia_cmiral 22636
elia_kazan 22637
eliades_ochoa 22638
elias_koteas 22639
elie_samaha 22640
elijah_kelley 22641
elijah_wood 22642
elina_hietala 22643
elina_knihtilä 22644
elinor_glyn 22645
elio_petri 22646
eliot_spitzer 22647
elisa_donovan 22648
elisabeth_elliot 22649
elisabeth_harnois 22650
elisabeth_moss 22651
elisabeth_risdon 22652
elisabeth_robinson 22653
elisabeth_röhm 22654
elisabeth_shue 22655
elise_neal 22656
elise_schaap 22657
elisha_cook,_jr. 22658
elisha_cook_jr. 22659
elisha_cuthbert 22660
elissa_landi 22661
elissa_neil 22662
eliza_bennett 22663
eliza_coupe 22664
eliza_dushku 22665
eliza_sam 22666
eliza_swenson 22667
eliza_taylor 22668
elizabeth_alexander_(actress) 22669
elizabeth_ashley 22670
elizabeth_avellán 22671
elizabeth_banks 22672
elizabeth_bennett_(actress) 22673
elizabeth_berkley 22674
elizabeth_bracco 22675
elizabeth_debicki 22676
elizabeth_gracen 22677
elizabeth_hartman 22678
elizabeth_karlsen 22679
elizabeth_kucinich 22680
elizabeth_lazebnik 22681
elizabeth_mathis 22682
elizabeth_mcgovern 22683
elizabeth_mclaughlin 22684
elizabeth_mitchell 22685
elizabeth_montgomery 22686
elizabeth_olin 22687
elizabeth_olsen 22688
elizabeth_perkins 22689
elizabeth_peña 22690
elizabeth_reaser 22691
elizabeth_rice 22692
elizabeth_russell_(actress) 22693
elizabeth_sung 22694
elizabeth_swados 22695
elizabeth_taylor 22696
elizabeth_warren 22697
ella_anderson 22698
ella_joyce 22699
ella_raines 22700
elle_fanning 22701
ellen_barkin 22702
ellen_burstyn 22703
ellen_corby 22704
ellen_degeneres 22705
ellen_drew 22706
ellen_dubin 22707
ellen_foley 22708
ellen_goldsmith-vein 22709
ellen_greene 22710
ellen_hollman 22711
ellen_holly 22712
ellen_horn 22713
ellen_marlow 22714
ellen_muth 22715
ellen_sandweiss 22716
ellie_cornell 22717
ellie_goulding 22718
ellie_haddington 22719
ellie_harvie 22720
ellie_kemper 22721
elliot_goldenthal 22722
elliot_mazer 22723
elliot_ngok 22724
elliot_page 22725
elliott_gould 22726
elliott_kastner 22727
elliott_nugent 22728
ellory_elkayem 22729
elmar_wepper 22730
elmer_bernstein 22731
elmer_clifton 22732
elmo_williams 22733
elmyr_de_hory 22734
elsa_cárdenas 22735
elsa_lanchester 22736
elsa_martinelli 22737
elsa_pataky 22738
elsie_ferguson 22739
elsie_jane_wilson 22740
elsie_mackay_(actress) 22741
elton_john 22742
elvira_lindo 22743
elvis_costello 22744
elvis_presley 22745
ely_a._landau 22746
ely_landau 22747
elyse_levesque 22748
elyssa_davalos 22749
elías_querejeta 22750
embassy_pictures 22751
embeth_davidtz 22752
embrafilme 22753
emerald_fennell 22754
emerging_pictures 22755
emeric_pressburger 22756
emery_dobyns 22757
emery_wright 22758
emi 22759
emi_films 22760
emi_shinohara 22761
emil_newman 22762
emil_sitka 22763
emile_ardolino 22764
emile_chautard 22765
emile_de_antonio 22766
emile_hirsch 22767
emilia_clarke 22768
emilia_fox 22769
emiliano_piedra 22770
emilie_de_ravin 22771
emilio_aragón_álvarez 22772
emilio_diez_barroso 22773
emilio_echevarría 22774
emilio_estefan 22775
emilio_estevez 22776
emilio_fernández 22777
emilio_kauderer 22778
emilio_tufacchi 22779
emily_alyn_lind 22780
emily_blunt 22781
emily_browning 22782
emily_chu 22783
emily_deschanel 22784
emily_holmes 22785
emily_kinney 22786
emily_lloyd 22787
emily_mae_young 22788
emily_meade 22789
emily_mortimer 22790
emily_osment 22791
emily_perkins 22792
emily_rutherfurd 22793
emily_saliers 22794
emily_squires 22795
emily_swallow 22796
emily_tennant 22797
emily_vancamp 22798
emily_wadley 22799
emily_watson 22800
emily_woof 22801
eminem 22802
emir_kusturica 22803
emjay_anthony 22804
emlyn_williams 22805
emma_amos_(actress) 22806
emma_bell 22807
emma_booth_(actress) 22808
emma_bunton 22809
emma_catherwood 22810
emma_caulfield 22811
emma_chambers 22812
emma_fuhrmann 22813
emma_pierson 22814
emma_rigby 22815
emma_roberts 22816
emma_samms 22817
emma_stone 22818
emma_thomas 22819
emma_thompson 22820
emma_watson 22821
emmanuel_jal 22822
emmanuel_priou 22823
emmanuelle_béart 22824
emmanuelle_chriqui 22825
emmanuelle_devos 22826
emmanuelle_seigner 22827
emmanuelle_vaugier 22828
emmerich_hanus 22829
emmy_rossum 22830
emo 22831
emon_saha 22832
emperor_motion_pictures 22833
empire_international_pictures 22834
empire_pictures 22835
empresa_hispanoamericana_de_video 22836
empress_schuck 22837
endemol 22838
endre_harkányi 22839
engelbert_humperdinck_(singer) 22840
english_language 22841
enigma_(german_band) 22842
enio_girolami 22843
ennio_de_concini 22844
ennio_girolami 22845
ennio_morricone 22846
enrico_bomba 22847
enrico_chapela 22848
enrico_lo_verso 22849
enrico_maria_salerno 22850
enrique_arce 22851
enrique_irazoqui 22852
enrique_murciano 22853
enrique_rosas 22854
enrique_santiesteban 22855
enter_shikari 22856
entertainment_film_distributors 22857
entertainment_one 22858
entertainment_one_distribution 22859
entertainment_one_films 22860
enuka_okuma 22861
enya 22862
enyinna_nwigwe 22863
enzo_barboni 22864
enzo_cerusico 22865
enzo_g._castellari 22866
eone_entertainment 22867
ephraim_sykes 22868
episcopal_church_(united_states) 22869
eran_riklis 22870
erbi_ago 22871
erdal_güney 22872
eric_abraham_(producer) 22873
eric_abrahamson_(producer) 22874
eric_allaman 22875
eric_allan_kramer 22876
eric_balfour 22877
eric_bana 22878
eric_bercovici 22879
eric_bogosian 22880
eric_braeden 22881
eric_bross 22882
eric_bruskotter 22883
eric_cantona 22884
eric_christian_olsen 22885
eric_christmas 22886
eric_clapton 22887
eric_close 22888
eric_coates 22889
eric_dane 22890
eric_edelstein 22891
eric_esrailian 22892
eric_fellner 22893
eric_fleming 22894
eric_forsberg 22895
eric_hetzel 22896
eric_idle 22897
eric_jacobson 22898
eric_johnson_(actor) 22899
eric_jupp 22900
eric_kaplan 22901
eric_khoo 22902
eric_ladin 22903
eric_lane_(actor) 22904
eric_laneuville 22905
eric_lloyd 22906
eric_mabius 22907
eric_mccormack 22908
eric_n._robertson 22909
eric_nenninger 22910
eric_newman_(producer) 22911
eric_peterson 22912
eric_porter 22913
eric_portman 22914
eric_radomski 22915
eric_roberts 22916
eric_robertson_(composer) 22917
eric_rogers_(composer) 22918
eric_schlosser 22919
eric_shea 22920
eric_spear 22921
eric_stoltz 22922
eric_stuart 22923
eric_sykes 22924
eric_tayler 22925
eric_thal 22926
eric_till 22927
eric_towner 22928
eric_wainaina_(musician) 22929
eric_woolfson 22930
erica_ash 22931
erica_gavin 22932
erica_leerhsen 22933
erica_yohn 22934
erich_pommer 22935
erich_von_stroheim 22936
erich_wolfgang_korngold 22937
erick_avari 22938
erik_bork 22939
erik_feig 22940
erik_griffin 22941
erik_jacobsen 22942
erik_jendresen 22943
erik_knudsen 22944
erik_matti 22945
erik_nelson_(filmmaker) 22946
erik_nordgren 22947
erik_palladino 22948
erik_per_sullivan 22949
erik_richter 22950
erika_alexander 22951
erika_bók 22952
erika_christensen 22953
erika_dario 22954
erika_eleniak 22955
erika_oda 22956
erika_remberg 22957
erika_toda 22958
eriko_sato 22959
erin_bethea 22960
erin_cummings 22961
erin_gray 22962
erin_karpluk 22963
erin_kelly 22964
erin_mathews 22965
erin_moran 22966
erin_pitt 22967
eriq_lasalle 22968
erland_josephson 22969
erle_c._kenton 22970
ermanno_donati 22971
ernest_b._schoedsack 22972
ernest_borgnine 22973
ernest_gold_(composer) 22974
ernest_graves_(actor) 22975
ernest_king 22976
ernest_lehman 22977
ernest_r._dickerson 22978
ernest_whitman 22979
ernestine_barrier 22980
ernesto_maria_pasquali 22981
ernie_barbarash 22982
ernie_dingo 22983
ernie_hudson 22984
ernie_kovacs 22985
ernie_morrison 22986
ernie_reyes_jr. 22987
ernie_reyes_sr. 22988
erno_crisa 22989
erno_rapee 22990
ernst_erich_buder 22991
ernst_lubitsch 22992
ernst_toch 22993
ernö_rapée 22994
eros_films 22995
eros_international 22996
errol_flynn 22997
errol_morris 22998
erroll_garner 22999
erskine_sanford 23000
erwin_c._dietrich 23001
erwin_halletz 23002
erwin_stoff 23003
erykah_badu 23004
esai_morales 23005
esben_dalsgaard_andersen 23006
eskay_movies 23007
eskimo_joe 23008
esoteric_(rapper) 23009
espen_sandberg 23010
essence_atkins 23011
essential_art_house 23012
essie_davis 23013
estelita_rodriguez 23014
estella_warren 23015
estelle_harris 23016
estelle_parsons 23017
estelle_taylor 23018
estelle_winwood 23019
esther_howard 23020
esther_williams 23021
eszter_balint 23022
ethan_embry 23023
ethan_hawke 23024
ethan_juan 23025
ethan_spaulding 23026
ethan_stiefel 23027
ethan_suplee 23028
ethan_wiley 23029
ethel_barrymore 23030
ethel_kennedy 23031
ethel_merman 23032
ethel_michelson 23033
ethel_shannon 23034
ethel_waters 23035
etsushi_toyokawa 23036
ettore_manni 23037
etudes 23038
euan_lloyd 23039
eugen_york 23040
eugene_brady 23041
eugene_clark_(actor) 23042
eugene_forde 23043
eugene_frenke 23044
eugene_jarecki 23045
eugene_levy 23046
eugene_o'brien_(actor) 23047
eugene_pallette 23048
eugene_persson 23049
eugene_roche 23050
eugene_roth 23051
eugene_zador 23052
eugenia_gilbert 23053
eugenia_yuan 23054
eugenie_leontovich 23055
eugenio_derbez 23056
eugenio_mira 23057
eugène_lourié 23058
eumir_deodato 23059
eunice_gayson 23060
euro_pop 23061
euro_disco 23062
europacorp 23063
europacorp._distribution 23064
europe 23065
europop 23066
euzhan_palcy 23067
eva_amurri 23068
eva_dahlbeck 23069
eva_gabor 23070
eva_green 23071
eva_habermann 23072
eva_marie_saint 23073
eva_mattes 23074
eva_mendes 23075
eva_orner 23076
eva_renzi 23077
evan_adams 23078
evan_c._kim 23079
evan_goldberg 23080
evan_jones_(actor) 23081
evan_jonigkeit 23082
evan_lurie 23083
evan_peters 23084
evan_rachel_wood 23085
evan_ross 23086
evangeline_lilly 23087
eve_(rapper) 23088
eve_arden 23089
eve_brenner 23090
eve_harlow 23091
eve_meyer 23092
eve_plumb 23093
eve_torres 23094
evelio_delgado 23095
evelyn_brent 23096
evelyn_holt 23097
evelyn_keyes 23098
evelyn_nesbit 23099
evelyn_varden 23100
everett_freeman 23101
everett_riskin 23102
everett_sloane 23103
evergreen_entertainment 23104
everlyn_sampi 23105
evgueni_galperine 23106
evi_marandi 23107
evzen_kolar 23108
ewa_błaszczyk 23109
ewa_fröling 23110
ewald_balser 23111
ewan_mcgregor 23112
ewen_bremner 23113
ewen_leslie 23114
excel_entertainment_group 23115
exclusive_films 23116
executive_producer 23117
exercise 23118
exercise_&_fitness 23119
exo_(band) 23120
experimental_rap 23121
experimental_hip_hop 23122
experimental_music 23123
explosions_in_the_sky 23124
extended_editions 23125
eytan_fox 23126
ezra_miller 23127
ezra_swerdlow 23128
f._gary_gray 23129
f._j._mccormick 23130
f._murray_abraham 23131
fabian_(entertainer) 23132
fabian_forte 23133
fabianne_therese 23134
fabio_frizzi 23135
fabio_golombek 23136
fabrizio_de_angelis 23137
fabrizio_gifuni 23138
facets_multi-media 23139
faire_binney 23140
fairuza_balk 23141
faith_&_spirituality 23142
faith_domergue 23143
faith_evans 23144
faith_ford 23145
faizon_love 23146
fala_chen 23147
fall_on_your_sword 23148
family 23149
family_features 23150
family-friendly 23151
family_drama 23152
family_saga 23153
famke_janssen 23154
famous_players-lasky 23155
fan_bingbing 23156
fan_wei_(actor) 23157
fanny_ardant 23158
fantasy 23159
fantasy_comedy 23160
fantasy_film 23161
fantasy_television 23162
far_east_&_asia 23163
farah_khan 23164
fares_fares 23165
farhad_mann 23166
farhan_akhtar 23167
faridur_reza_sagor 23168
faris_kermani 23169
farley_granger 23170
farrah_fawcett 23171
fat_joe 23172
fathom_events 23173
fats_waller 23174
faune_a._chambers 23175
fay_bainter 23176
fay_baker 23177
fay_masterson 23178
fay_wray 23179
faye_dunaway 23180
faye_emerson 23181
faye_grant 23182
faye_oshima_belyeu 23183
faye_wong 23184
feature_films 23185
feature_films_for_families 23186
federico_bonasso 23187
federico_fellini 23188
federico_jusid 23189
federico_ruiz_(composer) 23190
fei_xiang 23191
feist_(singer) 23192
felicia_day 23193
felicity_huffman 23194
felicity_jones 23195
felissa_rose 23196
felix_bressart 23197
felix_e._feist 23198
felix_jackson 23199
felix_van_groeningen 23200
feng_shaofeng 23201
feng_xiaogang 23202
feng_yuanzheng 23203
ferde_grofé 23204
ferdinand_zecca 23205
ferdinando_baldi 23206
fereshteh_sadre_orafaee 23207
fernando_arau 23208
fernando_cerchio 23209
fernando_de_fuentes 23210
fernando_fernán_gómez 23211
fernando_lamas 23212
fernando_meirelles 23213
fernando_ramos_da_silva 23214
fernando_rey 23215
fernando_trueba 23216
fernando_velázquez_(composer) 23217
ferzan_özpetek 23218
fess_parker 23219
field_cate 23220
fielder_cook 23221
fikret_portakal 23222
filip_jan_rymsza 23223
filippo_nigro 23224
film4_productions 23225
film_booking_offices_of_america 23226
film_classics 23227
film_noir 23228
filmauro 23229
filmax 23230
filmax_home_video 23231
filmdistrict 23232
filmgroup 23233
filmmaking 23234
filmverlag_der_autoren 23235
filmways 23236
filmways_pictures 23237
fine_line_features 23238
finland 23239
finlay_currie 23240
finn_atkins 23241
finn_wittrock 23242
finn_wolfhard 23243
finneas_o'connell 23244
finnish 23245
finola_dwyer 23246
fiona_dolman 23247
fiona_dourif 23248
fiona_gordon 23249
fiona_shaw 23250
fionnula_flanagan 23251
fiorenzo_carpi 23252
fireworks_entertainment 23253
first_to_know 23254
first-person_shooter 23255
first_independent_films 23256
first_independent_pictures 23257
first_look_international 23258
first_look_pictures 23259
first_look_studios 23260
first_national_pictures 23261
first_run_features 23262
fisher_stevens 23263
fitness 23264
fitness_&_yoga 23265
five_(group) 23266
five_finger_death_punch 23267
five_star 23268
flamenco 23269
flatlinerz 23270
flavio_bucci 23271
flavio_insinna 23272
flea_(musician) 23273
fleetwood_mac 23274
flemming_rasmussen 23275
flipkart_video 23276
flo_rida 23277
flora_cheong-leen 23278
flora_e._douglas 23279
flora_finch 23280
flora_robson 23281
florence_bates 23282
florence_desmond 23283
florence_halop 23284
florence_henderson 23285
florence_hoath 23286
florence_la_badie 23287
florence_seidelman 23288
florenz_ziegfeld 23289
florian_fricke 23290
florian_lukas 23291
florian_schneider 23292
fm_le_sieur 23293
focus_features 23294
focus_features 23295
folco_lulli 23296
folk 23297
folk_rock 23298
folk_music 23299
folk_rock 23300
folmar_blangsted 23301
foo_fighters_(band) 23302
food_reality_television 23303
for_the_whole_family 23304
force_theory 23305
ford_beebe 23306
foreign_films 23307
foreign_spotlight 23308
forest_whitaker 23309
forms_&_genres 23310
forrest_lewis 23311
forrest_stanley 23312
forrest_tucker 23313
fortissimo_films 23314
fortunio_bonanova 23315
fouad_nahas 23316
fourth_television_network 23317
fox_news 23318
fox_tv 23319
fox-rank 23320
fox_(spain) 23321
fox_atomic 23322
fox_faith 23323
fox_film 23324
fox_film_corporation 23325
fox_international_productions 23326
fox_searchlight_pictures 23327
fran_bennett 23328
fran_drescher 23329
fran_rubel_kuzui 23330
fran_walsh 23331
franc._reyes 23332
france 23333
france_nuyen 23334
frances_barber 23335
frances_conroy 23336
frances_de_la_tour 23337
frances_dee 23338
frances_e._neal 23339
frances_fisher 23340
frances_langford 23341
frances_mcdormand 23342
frances_o'connor 23343
frances_raines 23344
frances_sternhagen 23345
francesca_angelucci_capaldi 23346
francesca_annis 23347
francesca_ciardi 23348
francesca_marie_smith 23349
francesco_de_masi 23350
franchise_pictures 23351
franchot_tone 23352
francia_raisa 23353
francine_mcdougall 23354
francine_racette 23355
francis_capra 23356
francis_d._lyon 23357
francis_damberger 23358
francis_de_sales_(actor) 23359
francis_ford_coppola 23360
francis_guinan 23361
francis_l._sullivan 23362
francis_lai 23363
francis_lawrence 23364
francis_lópez 23365
francis_matthews_(actor) 23366
francis_monkman 23367
francis_ng 23368
francis_searle 23369
francis_x._bushman 23370
francisco_rabal 23371
franck_khalfoun 23372
franco_citti 23373
franco_cristaldi 23374
franco_fabrizi 23375
franco_garofalo_(actor) 23376
franco_indovina 23377
franco_interlenghi 23378
franco_mannino 23379
franco_nero 23380
franco_zeffirelli 23381
francois_tetaz 23382
frank_bennett_(actor) 23383
frank_borzage 23384
frank_cappello 23385
frank_capra 23386
frank_cellier_(actor) 23387
frank_churchill 23388
frank_coraci 23389
frank_cordell 23390
frank_currier 23391
frank_de_kova 23392
frank_de_vol 23393
frank_demattia 23394
frank_dileo 23395
frank_drown 23396
frank_finlay 23397
frank_fitzpatrick 23398
frank_fox_(director) 23399
frank_gambale 23400
frank_gorshin 23401
frank_graham_(voice_actor) 23402
frank_grillo 23403
frank_henenlotter 23404
frank_hübner 23405
frank_john_hughes 23406
frank_king_(producer) 23407
frank_l._anderson 23408
frank_langella 23409
frank_latimore 23410
frank_liddell_(record_producer) 23411
frank_lloyd 23412
frank_loesser 23413
frank_lovejoy 23414
frank_mancuso,_jr. 23415
frank_marshall_(film_producer) 23416
frank_marshall_(filmmaker) 23417
frank_marshall_(producer) 23418
frank_mccarthy_(producer) 23419
frank_mcdonald_(director) 23420
frank_mchugh 23421
frank_mcrae 23422
frank_middlemass 23423
frank_morgan 23424
frank_ocean 23425
frank_opperman_(american_actor) 23426
frank_overton 23427
frank_oz 23428
frank_p._rosenberg 23429
frank_perkins_(composer) 23430
frank_perry 23431
frank_price 23432
frank_puglia 23433
frank_rogers_(record_producer) 23434
frank_ross_(producer) 23435
frank_sanucci 23436
frank_sinatra 23437
frank_skinner 23438
frank_skinner_(composer) 23439
frank_spencer_(composer) 23440
frank_sutton 23441
frank_tashlin 23442
frank_thornton 23443
frank_tuttle 23444
frank_von_zerneck 23445
frank_vosper 23446
frank_welker 23447
frank_whaley 23448
frank_wilcox 23449
frank_williams_(formula_one) 23450
frank_woodruff 23451
frank_worth 23452
frank_yablans 23453
frank_yaconelli 23454
franka_potente 23455
frankie_avalon 23456
frankie_chan 23457
frankie_faison 23458
frankie_howerd 23459
frankie_laine 23460
frankie_muniz 23461
frankie_sakai 23462
franklin_adreon 23463
franklin_cover 23464
franklin_j._schaffner 23465
franklin_pangborn 23466
franklyn_farnum 23467
franklyn_marks 23468
franklyn_pangborn 23469
franklyn_seales 23470
franky_g 23471
frans_cronje 23472
františek_vláčil 23473
franz_drameh 23474
franz_eckstein 23475
franz_s._leichter 23476
franz_schubert 23477
franz_seitz,_jr. 23478
franz_waxman 23479
franz_wenzler 23480
franziska_kinz 23481
françois_berléand 23482
françois_civil 23483
françois_cluzet 23484
françois_damiens 23485
françois_dupeyron 23486
françois_hadji-lazaro 23487
françois_leterrier 23488
françois_ozon 23489
françois_reichenbach 23490
françois_truffaut 23491
françoise_dorléac 23492
françoise_yip 23493
fraser_clarke_heston 23494
fraser_munden 23495
fraunie_fraunholz 23496
fred_amata 23497
fred_armisen 23498
fred_astaire 23499
fred_baron_(producer) 23500
fred_beir 23501
fred_c._brannon 23502
fred_c._caruso 23503
fred_clark 23504
fred_coe 23505
fred_durst 23506
fred_ewanuick 23507
fred_f._sears 23508
fred_frith 23509
fred_fuchs 23510
fred_gerber 23511
fred_grandy 23512
fred_griffith_(actor) 23513
fred_gwynne 23514
fred_j._lincoln 23515
fred_karger 23516
fred_karger_(composer) 23517
fred_karlin 23518
fred_katz_(cellist) 23519
fred_koehler 23520
fred_kohlmar 23521
fred_m._wilcox_(director) 23522
fred_macmurray 23523
fred_melamed 23524
fred_niblo 23525
fred_norbert_kelly 23526
fred_olen_ray 23527
fred_orain 23528
fred_quimby 23529
fred_roos 23530
fred_savage 23531
fred_schepisi 23532
fred_steiner 23533
fred_tatasciore 23534
fred_walton_(director) 23535
fred_ward 23536
fred_weintraub 23537
fred_willard 23538
fred_williamson 23539
fred_wolf_(animator) 23540
fred_wolf_(writer) 23541
fred_zinnemann 23542
freda_jackson 23543
freddie_fields 23544
freddie_francis 23545
freddie_highmore 23546
freddie_jones 23547
freddie_mercury 23548
freddie_prinze 23549
freddie_prinze,_jr. 23550
freddie_prinze_jr. 23551
freddie_rich 23552
freddie_stroma 23553
freddy_rodriguez_(actor) 23554
frederic_forrest 23555
frederic_richard_sullivan 23556
frederic_talgorn 23557
frederick_coffin 23558
frederick_hollander 23559
frederick_kerr 23560
frederick_king_keller 23561
frederick_muller 23562
frederik_wiedmann 23563
fredi_m._murer 23564
fredi_washington 23565
fredric_march 23566
fredrik_johansson_(electronic_sports_player) 23567
fredrik_nordström 23568
free_jazz 23569
freestyle 23570
freestyle_releasing 23571
freida_pinto 23572
fremantle_(company) 23573
fremantlemedia 23574
french 23575
french_pop 23576
french_stewart 23577
freya_mavor 23578
freyda_rothstein 23579
frieda_inescort 23580
friedrich_hollaender 23581
fritz_alberti 23582
fritz_kortner 23583
fritz_lang 23584
fritz_rasp 23585
fritz_weaver 23586
friz_freleng 23587
fruit_bats_(band) 23588
frédéric_brillion 23589
frédéric_gorny 23590
frédéric_talgorn 23591
frédéric_tcheng 23592
fukushi_ochiai 23593
full_moon_video 23594
full_moon_entertainment 23595
full_moon_features 23596
fully_loaded_dvds 23597
fulvio_lucisano 23598
fumiko_orikasa 23599
fumio_hayasaka 23600
fumio_kurokawa 23601
funimation 23602
funimation_entertainment 23603
funk 23604
funk_metal 23605
funk_rock 23606
funny_or_die 23607
fuse_odg 23608
futuristic 23609
fx 23610
fábio_assunção 23611
félix_marten 23612
g-funk 23613
g._anand 23614
g._b._samuelson 23615
g._d._spradlin 23616
g._e._smith 23617
g._w._bailey 23618
g._w._pabst 23619
g.d._spradlin 23620
gabe_khouth 23621
gabe_polsky 23622
gabor_csupo 23623
gabourey_sidibe 23624
gabriel_arcand 23625
gabriel_byrne 23626
gabriel_casseus 23627
gabriel_cowan 23628
gabriel_damon 23629
gabriel_dell 23630
gabriel_hogan 23631
gabriel_iglesias 23632
gabriel_macht 23633
gabriel_mann 23634
gabriel_mekler 23635
gabriel_pascal 23636
gabriel_yared 23637
gabriela_cowperthwaite 23638
gabriele_ferzetti 23639
gabriele_lavia 23640
gabriele_muccino 23641
gabriele_salvatores 23642
gabriella_martinelli 23643
gabriella_pession 23644
gabriella_wright 23645
gabrielle_anwar 23646
gabrielle_dennis 23647
gabrielle_miller 23648
gabrielle_tana 23649
gabrielle_union 23650
gabrielle_walsh 23651
gaby_dellal 23652
gaby_hoffmann 23653
gackt 23654
gael_garcía_bernal 23655
gaelan_connell 23656
gaia,_inc. 23657
gaia_weiss 23658
gaiam 23659
gaiam_vivendi_entertainment 23660
gail_fisher 23661
gail_katz 23662
gail_lyon 23663
gail_mutrux 23664
gail_o'grady 23665
gail_patrick 23666
gail_russell 23667
gail_travers 23668
gal_gadot 23669
gala_television 23670
gale_anne_hurd 23671
gale_gordon 23672
gale_robbins 23673
gallagher_(comedian) 23674
gallen_lo 23675
galt_niederhoffer 23676
galyn_görg 23677
game_show 23678
gangsta_&_hardcore 23679
gangsta_rap 23680
gara_takashima 23681
garage_punk 23682
garage_rock 23683
garage_rock_revival 23684
garbage_(band) 23685
gareth_bale 23686
gareth_edwards_(director) 23687
gareth_wiley 23688
garret_dillahunt 23689
garrett_batty 23690
garrett_clayton 23691
garrett_hedlund 23692
garrett_morris 23693
garry_chalk 23694
garry_cooper 23695
garry_marshall 23696
garry_mcdonald 23697
garry_sherman 23698
garry_who 23699
garson_kanin 23700
garth_davis 23701
garth_drabinsky 23702
garth_fundis 23703
garth_richardson 23704
garwin_sanford 23705
gary_adelson 23706
gary_barber 23707
gary_barlow 23708
gary_basaraba 23709
gary_brockette 23710
gary_busey 23711
gary_calamar 23712
gary_chang 23713
gary_clark_jr. 23714
gary_cole 23715
gary_cooper 23716
gary_daniels 23717
gary_farmer 23718
gary_fleder 23719
gary_gilbert 23720
gary_goetzman 23721
gary_goldman 23722
gary_graham 23723
gary_graver 23724
gary_grimes 23725
gary_grubbs 23726
gary_halvorson 23727
gary_hollywood 23728
gary_hudson_(actor) 23729
gary_johnson 23730
gary_joseph 23731
gary_levinsohn 23732
gary_lewis_(actor) 23733
gary_lucchesi 23734
gary_mcfarland 23735
gary_menteer 23736
gary_merrill 23737
gary_nardino 23738
gary_nelson_(director) 23739
gary_numan 23740
gary_oldman 23741
gary_raymond 23742
gary_s._scott 23743
gary_schmoeller 23744
gary_sherman_(director) 23745
gary_sinise 23746
gary_speed 23747
gary_trousdale 23748
gary_vinson 23749
gary_w._goldstein 23750
gary_winick 23751
gary_yates_(director) 23752
gaspar_noé 23753
gaspard_manesse 23754
gaspard_ulliel 23755
gast_waltzing 23756
gaston_glass 23757
gates_mcfadden 23758
gato_barbieri 23759
gattlin_griffith 23760
gaumont_british 23761
gaumont_distribution 23762
gaumont_film_company 23763
gauri_khan 23764
gavie_chahal 23765
gavin_degraw 23766
gavin_hood 23767
gavin_macleod 23768
gavin_millar 23769
gavin_polone 23770
gay_hamilton 23771
gedde_watanabe 23772
geek_rock 23773
geena_davis 23774
gemma_arterton 23775
gemma_craven 23776
gemma_jones 23777
gena_rowlands 23778
gene_barry 23779
gene_corman 23780
gene_cunningham 23781
gene_de_paul 23782
gene_evans 23783
gene_gerrard 23784
gene_gutowski 23785
gene_hackman 23786
gene_kelly 23787
gene_kirkwood 23788
gene_lockhart 23789
gene_mcdaniels 23790
gene_nelson 23791
gene_page 23792
gene_quintano 23793
gene_roddenberry 23794
gene_rosow 23795
gene_roth 23796
gene_saks 23797
gene_sheldon 23798
gene_tierney 23799
gene_wilder 23800
general 23801
general_film_company 23802
general_film_distributors 23803
genesis 23804
genesis_rodriguez 23805
genevieve_bujold 23806
genevieve_gorder 23807
genevieve_hannelius 23808
geneviève_bujold 23809
geneviève_page 23810
genie_francis 23811
genius_entertainment 23812
genius_products 23813
genjiro_arato 23814
gennady_gladkov 23815
genndy_tartakovsky 23816
genneya_walton 23817
geno_silva 23818
genre_for_featured_categories 23819
geoff_barrow 23820
geoff_burrowes 23821
geoff_gustafson 23822
geoff_hurst 23823
geoff_johns 23824
geoff_murphy 23825
geoff_pierson 23826
geoff_stults 23827
geoff_zanelli 23828
geoffrey_arend 23829
geoffrey_bayldon 23830
geoffrey_cantor_(actor) 23831
geoffrey_horne 23832
geoffrey_hughes_(actor) 23833
geoffrey_lewis_(actor) 23834
geoffrey_palmer_(actor) 23835
geoffrey_rush 23836
geoffrey_sax 23837
geoffrey_thorne 23838
geoffrey_whitehead 23839
georg_c._klaren 23840
georg_jacoby 23841
georg_john 23842
georg_stanford_brown 23843
georg_wilhelm_pabst 23844
george_%22gabby%22_hayes 23845
george_%22honey_boy%22_evans 23846
george_a._romero 23847
george_albert_smith_(inventor) 23848
george_antheil 23849
george_archainbaud 23850
george_armitage 23851
george_axelrod 23852
george_b._seitz 23853
george_baker_(british_actor) 23854
george_bancroft_(actor) 23855
george_bassman 23856
george_blondheim 23857
george_bowers_(filmmaker) 23858
george_brent 23859
george_bruns 23860
george_burns 23861
george_c._scott 23862
george_c._wolfe 23863
george_calil 23864
george_canyon 23865
george_carl 23866
george_carlin 23867
george_chakiris 23868
george_chesebro 23869
george_clinton_(funk_musician) 23870
george_clooney 23871
george_cooper_(actor) 23872
george_coulouris 23873
george_cukor 23874
george_d._wallace 23875
george_de_la_peña 23876
george_dicenzo 23877
george_duning 23878
george_dunning 23879
george_dzundza 23880
george_e._stoll 23881
george_e._stone 23882
george_eastman_(actor) 23883
george_englund 23884
george_fenton 23885
george_field_(actor) 23886
george_finn 23887
george_folsey_jr. 23888
george_foreman 23889
george_furla 23890
george_furth 23891
george_gallo 23892
george_gaynes 23893
george_gershwin 23894
george_glass 23895
george_grizzard 23896
george_haight 23897
george_hamilton_(actor) 23898
george_harris_(actor) 23899
george_harrison 23900
george_hearn 23901
george_hickenlooper 23902
george_holt_(actor) 23903
george_j._lewis 23904
george_kennedy 23905
george_langworthy 23906
george_lazenby 23907
george_lemaire_(producer) 23908
george_lindsey 23909
george_litto 23910
george_lopez 23911
george_lucas 23912
george_macready 23913
george_maharis 23914
george_marshall_(director) 23915
george_martin 23916
george_mccowan 23917
george_mihalka 23918
george_miller_(filmmaker) 23919
george_montgomery_(actor) 23920
george_moskov 23921
george_murdock_(actor) 23922
george_n._neise 23923
george_neise 23924
george_newbern 23925
george_nolfi 23926
george_o'brien_(actor) 23927
george_o'hanlon 23928
george_o'hara_(actor) 23929
george_p._cosmatos 23930
george_pal 23931
george_pavlou 23932
george_peppard 23933
george_pitcher_(producer) 23934
george_plimpton 23935
george_pollock_(director) 23936
george_r._batcheller 23937
george_richelarie 23938
george_s._clinton 23939
george_s._irving 23940
george_sanders 23941
george_schaefer_(director) 23942
george_schenck 23943
george_seaton 23944
george_segal 23945
george_shapiro 23946
george_sherman 23947
george_sidney 23948
george_stevens 23949
george_stoll 23950
george_strait 23951
george_t._miller 23952
george_takei 23953
george_tillman,_jr. 23954
george_tillman_jr. 23955
george_tipton 23956
george_tobias 23957
george_voskovec 23958
george_w._perkins_(television_producer) 23959
george_waggner 23960
george_wallace_(american_comedian) 23961
george_wang_(actor) 23962
george_wells_(screenwriter) 23963
george_wendt 23964
george_zoritch 23965
george_zucco 23966
georges_auric 23967
georges_bizet 23968
georges_delerue 23969
georges_garvarentz 23970
georges_khabbaz 23971
georges_lourau 23972
georges_méliès 23973
georges_poujouly 23974
georges_van_parys 23975
georgi_staykov 23976
georgia_caine 23977
georgia_flood 23978
georgia_groome 23979
georgia_hale 23980
georgie_henley 23981
georgie_stoll 23982
georgina_cates 23983
georgina_lowe 23984
georgina_rylance 23985
georgina_spelvin 23986
ger_duany 23987
gerald_anderson 23988
gerald_busby 23989
gerald_fried 23990
gerald_mccullouch 23991
gerald_mcraney 23992
gerald_t._olson 23993
gerald_testar 23994
gerald_thomas 23995
geraldine_chaplin 23996
geraldine_fitzgerald 23997
geraldine_mcqueen_(character) 23998
geraldine_page 23999
gerard_butler 24000
gerard_mcsorley 24001
gerard_parkes 24002
gerardo_herrero 24003
gerd_oswald 24004
gerda_maurus 24005
gerhard_daum 24006
geri_halliwell 24007
germaine_franco 24008
germaine_wong 24009
german 24010
german_language 24011
germany 24012
gerrit_graham 24013
gerry_becker 24014
gerry_brown 24015
gerry_conway_(musician) 24016
gerry_johnson 24017
gerry_lively 24018
gerry_marsden 24019
gerry_rafferty 24020
gert_van_den_bergh 24021
gertrude_flynn 24022
gertrude_lawrence 24023
gholam_ali_bakhshi 24024
ghost_(swedish_band) 24025
ghost_house_pictures 24026
gia_carides 24027
gia_mantegna 24028
giacomo_battiato 24029
giacomo_campiotti 24030
giacomo_puccini 24031
giampiero_albertini 24032
gian_franco_reverberi 24033
giancarlo_esposito 24034
giancarlo_giammetti 24035
giancarlo_giannini 24036
giancarlo_prete 24037
giancarlo_volpe 24038
gianna_jun 24039
gianni_di_gregorio 24040
gianni_ferrio 24041
gianni_nunnari 24042
gianni_romoli 24043
gianpaolo_venuta 24044
gibb-galuten-richardson 24045
gideon_emery 24046
gideon_shemer 24047
gig_young 24048
gigi_edgley 24049
gigi_lai 24050
gigi_levangie_grazer 24051
gigi_pritzker 24052
gil_bellows 24053
gil_birmingham 24054
gil_friesen 24055
gil_junger 24056
gil_mckinney 24057
gila_almagor 24058
gila_golan 24059
gilbert_adler 24060
gilbert_gottfried 24061
gilbert_melki 24062
gilbert_p._hamilton 24063
gilbert_roland 24064
gildor_roy 24065
giles_foster 24066
gill_holland 24067
gilles_bourdos 24068
gilles_carle 24069
gilles_grangier 24070
gilles_legrand 24071
gilles_marini 24072
gilles_penso 24073
gillian_anderson 24074
gillian_armstrong 24075
gillian_jacobs 24076
gillies_mackinnon 24077
gillo_pontecorvo 24078
gimel_everett 24079
gina_gallego 24080
gina_gershon 24081
gina_holden 24082
gina_kim 24083
gina_lollobrigida 24084
gina_mckee 24085
gina_pratiwi 24086
gina_prince-bythewood 24087
gina_ravera 24088
gina_shay 24089
ginette_leclerc 24090
ginette_reno 24091
ginge_anvik 24092
ginger_baker 24093
ginger_rogers 24094
ginnifer_goodwin 24095
ginuwine 24096
giona_ostinelli 24097
giorgio_armani 24098
giorgio_capitani 24099
giorgio_gaslini 24100
giorgio_moroder 24101
giovanna_galletti 24102
giovanna_mezzogiorno 24103
giovanni_enrico_vidali 24104
giovanni_frezza 24105
giovanni_fusco 24106
giovanni_ribisi 24107
giovonnie_samuels 24108
girish_karnad 24109
girl_groups 24110
gisburg 24111
giuliano_carnimeo 24112
giulietta_masina 24113
giulio_base 24114
giulio_petroni 24115
giuseppe_addobbati 24116
giuseppe_amato 24117
giuseppe_andrews 24118
giuseppe_bausilio 24119
giuseppe_becce 24120
giuseppe_tornatore 24121
gladys_cooper 24122
gladys_george 24123
gladys_knight 24124
glam 24125
glam_metal 24126
glam_punk 24127
glam_rock 24128
glauco_onorato 24129
glen_a._larson 24130
glen_ballard 24131
glen_berry 24132
glen_campbell 24133
glen_gould 24134
glen_murakami 24135
glen_vernon 24136
glen_zipper 24137
glenda_farrell 24138
glenda_jackson 24139
glenn_anders 24140
glenn_barden 24141
glenn_close 24142
glenn_corbett 24143
glenn_felix 24144
glenn_ficarra 24145
glenn_fitzgerald 24146
glenn_ford 24147
glenn_frey 24148
glenn_howerton 24149
glenn_jordan 24150
glenn_miller 24151
glenn_morshower 24152
glenn_plummer 24153
glenn_robbins 24154
glenn_shadix 24155
glenn_standring 24156
glenn_strange 24157
glenn_weiss 24158
glenne_headly 24159
glitch_(music) 24160
globo_filmes 24161
gloria_dehaven 24162
gloria_estefan 24163
gloria_film 24164
gloria_foster 24165
gloria_grahame 24166
gloria_jean 24167
gloria_katz 24168
gloria_reuben 24169
gloria_stuart 24170
gloria_talbott 24171
glynis_johns 24172
glynn_turman 24173
glynnis_o'connor 24174
gma_films 24175
gmm_grammy 24176
go_ah-sung 24177
goblin_(band) 24178
godfrey_cambridge 24179
godfrey_reggio 24180
godzilla 24181
gogó_rojo 24182
goh_nakamura 24183
golan-globus_productions 24184
golden_princess_film_production 24185
goldfrapp 24186
goldie_hawn 24187
goldwyn_pictures 24188
golshifteh_farahani 24189
gong_li 24190
gonzalo_curiel_(composer) 24191
gonzalo_lópez-gallego 24192
gonzo_journalism 24193
goo_goo_dolls 24194
gopi_sunder 24195
goran_bregović 24196
goran_kostić 24197
goran_visnjic 24198
goran_višnjić 24199
gordie_johnson 24200
gordon_bijelonic 24201
gordon_carroll 24202
gordon_chan 24203
gordon_currie_(actor) 24204
gordon_douglas_(director) 24205
gordon_goodwin 24206
gordon_hessler 24207
gordon_hopkirk 24208
gordon_jackson_(actor) 24209
gordon_jones_(actor) 24210
gordon_lightfoot 24211
gordon_liu 24212
gordon_macrae 24213
gordon_pinsent 24214
gordon_smith_(screenwriter) 24215
gordon_westcott 24216
gordon_wharmby 24217
gordy_haab 24218
gore_verbinski 24219
gore_vidal 24220
gorman_bechard 24221
goro_kishitani 24222
goro_naya 24223
gorō_miyazaki 24224
gorō_mutsumi 24225
gospel 24226
gospel_music 24227
goth 24228
goth_&_industrial 24229
gothic_metal 24230
gottfried_huppertz 24231
gottfried_john 24232
gottfried_reinhardt 24233
goya_toledo 24234
grace_bauer 24235
grace_cunard 24236
grace_gummer 24237
grace_kelly 24238
grace_park_(actress) 24239
grace_phipps 24240
grace_zabriskie 24241
graeme_campbell_(director) 24242
graeme_revell 24243
graham_beckel 24244
graham_broad 24245
graham_broadbent 24246
graham_chapman 24247
graham_greene_(actor) 24248
graham_king 24249
graham_reynolds_(composer) 24250
graham_skipper 24251
gramercy_pictures 24252
grant_a._johnson 24253
grant_bowler 24254
grant_cramer 24255
grant_curtis 24256
grant_harvey 24257
grant_heslov 24258
grant_hill_(producer) 24259
grant_shaud 24260
grant_whytock 24261
grant_williams_(actor) 24262
grant_withers 24263
gravitas_ventures 24264
grayson_hall 24265
grayson_russell 24266
greater_union 24267
greece 24268
greer_garson 24269
greg_abbey 24270
greg_and_colin_strause 24271
greg_beeman 24272
greg_berlanti 24273
greg_carter_(filmmaker) 24274
greg_droman 24275
greg_edmonson 24276
greg_evigan 24277
greg_germann 24278
greg_grunberg 24279
greg_haddrick 24280
greg_hicks 24281
greg_kinnear 24282
greg_kurstin 24283
greg_mclean_(film_director) 24284
greg_mottola 24285
greg_plitt 24286
greg_schultz_(producer) 24287
greg_serano 24288
greg_sestero 24289
greg_shapiro_(producer) 24290
greg_whiteley 24291
gregg_alexander 24292
gregg_araki 24293
gregg_berger 24294
gregg_bishop 24295
gregg_champion 24296
gregg_hale_(producer) 24297
gregg_henry 24298
gregg_hoffman 24299
gregg_palmer 24300
gregor_jordan 24301
gregorio_garcia_segura 24302
gregorio_smith 24303
gregorio_walerstein 24304
gregory_goodman 24305
gregory_harrison 24306
gregory_hines 24307
gregory_jacobs 24308
gregory_la_cava 24309
gregory_nava 24310
gregory_peck 24311
gregory_plotkin 24312
gregory_prange 24313
gregory_ratoff 24314
gregory_smith_(actor) 24315
gregory_walcott 24316
gregory_widen 24317
greta_garbo 24318
greta_gerwig 24319
greta_nissen 24320
greta_scacchi 24321
gretchen_mol 24322
grey_delisle 24323
greydon_clark 24324
greyston_holt 24325
griff_furst 24326
griffin_boice 24327
griffin_dunne 24328
grigor_taylor 24329
grigoriy_dobrygin 24330
grigory_chukhray 24331
groove_metal 24332
groucho_marx 24333
grunge 24334
grégoire_leprince-ringuet 24335
grégory_levasseur 24336
gua_ah-leh 24337
guang_li 24338
gucci_mane 24339
guglielmo_spoletini 24340
gugu_mbatha-raw 24341
guido_&_maurizio_de_angelis 24342
guild_film_distribution 24343
guild_pathé_cinema 24344
guillaume_canet 24345
guillermo_del_toro 24346
guillermo_díaz_(actor) 24347
guillermo_francella 24348
guitar_gods 24349
gul_panag 24350
gulshan_grover 24351
guneet_monga 24352
gunnar_björnstrand 24353
gunnar_hansen 24354
gunnel_lindblom 24355
guo_tao_(actor) 24356
guo_wenjing 24357
guri_alfi 24358
gurinder_chadha 24359
gurmeet_ram_rahim_singh 24360
gus_edwards_(vaudeville) 24361
gus_levene 24362
gus_trikonis 24363
gus_van_sant 24364
gustav_von_wangenheim 24365
gustavo_alatriste 24366
gustavo_césar_carrión 24367
gustavo_dudamel 24368
gustavo_rojo 24369
gustavo_santaolalla 24370
gustl_gstettenbaur 24371
guy_davis_(musician) 24372
guy_farley 24373
guy_ferland 24374
guy_green_(filmmaker) 24375
guy_hamilton 24376
guy_heeley 24377
guy_henry_(actor) 24378
guy_jenkin 24379
guy_kibbee 24380
guy_maddin 24381
guy_madison 24382
guy_magenta 24383
guy_moon 24384
guy_moshe 24385
guy_newall 24386
guy_oseary 24387
guy_pearce 24388
guy_ritchie 24389
guy_rolfe 24390
guy_stockwell 24391
guy_trosper 24392
guy_williams_(actor) 24393
gwei_lun-mei 24394
gwen_ffrangcon-davies 24395
gwen_verdon 24396
gwen_watford 24397
gwendoline_christie 24398
gwendoline_yeo 24399
gwilym_emyr_owen_iii 24400
gwilym_lee 24401
gwyneth_paltrow 24402
gypsy_rose_lee 24403
gábor_csupó 24404
génesis_rodríguez 24405
gérard_depardieu 24406
gérard_lauzier 24407
géza_von_bolváry 24408
götz_otto 24409
götz_spielmann 24410
h._b._halicki 24411
h._bruce_humberstone 24412
h._c._potter 24413
h._jon_benjamin 24414
h._p._lovecraft_historical_society 24415
h._scott_salinas 24416
h.b._warner 24417
h.c._potter 24418
h.w._gim 24419
ha_jung-woo 24420
hadas_yaron 24421
haddon_mason 24422
hadley_fraser 24423
haeman_chatemee 24424
hahn_rowe 24425
haifaa_al-mansour 24426
hailee_steinfeld 24427
haim_tabakman 24428
haji_(actress) 24429
hakeem_kae-kazim 24430
hakim_abdulsamad 24431
hal_ashby 24432
hal_b._wallis 24433
hal_holbrook 24434
hal_kanter 24435
hal_lieberman 24436
hal_lindes 24437
hal_needham 24438
hal_roach 24439
hal_smith_(actor) 24440
hal_sparks 24441
hal_stalmaster 24442
halestorm_entertainment 24443
haley_joel_osment 24444
haley_lu_richardson 24445
haley_ramm 24446
hall_johnson 24447
halle_berry 24448
hallee_hirsh 24449
hallie_foote 24450
hallie_todd 24451
hallmark_home_video 24452
hallmark_channel 24453
hallmark_entertainment 24454
hallmark_hall_of_fame 24455
halloween 24456
haluk_bilginer 24457
ham_tran 24458
hamilton_dhlamini 24459
hamilton_luske 24460
hamish_linklater 24461
hampton_fancher 24462
hampton_yount 24463
han_sanping 24464
han_ying-chieh 24465
hanan_townshend 24466
handmade_films_international 24467
hank_azaria 24468
hank_garrett 24469
hank_mann 24470
hank_moonjean 24471
hank_williams 24472
hanna-barbera 24473
hanna_landy 24474
hanna_ralph 24475
hanna_schygulla 24476
hannah_endicott-douglas 24477
hannah_hoekstra 24478
hannah_taylor-gordon 24479
hannah_taylor_gordon 24480
hanneke_niens 24481
hannelore_elsner 24482
hanno_pöschl 24483
hanns_eisler 24484
hanns_lippmann 24485
hanns_zischler 24486
hans-martin_majewski 24487
hans_adalbert_schlettow 24488
hans_alfredson 24489
hans_conried 24490
hans_dagelet 24491
hans_j._salter 24492
hans_matheson 24493
hans_petter_moland 24494
hans_steinhoff 24495
hans_zimmer 24496
hansal_mehta 24497
hansheinrich_dransmann 24498
hany_abu-assad 24499
harald_braun 24500
harald_kloser 24501
harald_ohrvik 24502
harald_zwart 24503
hard_rock 24504
hard_rock_&_metal 24505
hard_'n_phirm 24506
hard_rock 24507
hardcore 24508
hardcore_&_punk 24509
hardcore_hip_hop 24510
hardcore_punk 24511
hardy_kruger 24512
hardy_krüger 24513
hark_bohm 24514
harlan_brose 24515
harland_williams 24516
harlee_mcbride 24517
harley_jane_kozak 24518
harmon_jones 24519
harmon_kaslow 24520
harmony_gold_usa 24521
harmony_korine 24522
harmony_santana 24523
harold_adamson 24524
harold_arlen 24525
harold_becker 24526
harold_budd 24527
harold_faltermeyer 24528
harold_french 24529
harold_gould 24530
harold_greenberg 24531
harold_hecht 24532
harold_hurley 24533
harold_huth 24534
harold_j._stone 24535
harold_lee_tichenor 24536
harold_perrineau 24537
harold_pinter 24538
harold_prince 24539
harold_ramis 24540
harold_russell 24541
harold_schneider 24542
harold_wheeler_(musician) 24543
harpo_marx 24544
harriet_andersson 24545
harriet_macgibbon 24546
harriet_sansom_harris 24547
harriet_walter 24548
harris_yulin 24549
harrison_ford 24550
harrison_myers 24551
harry_potter 24552
harry_potter_and_the_deathly_hallows 24553
harry_potter_and_the_goblet_of_fire 24554
harry_potter_and_the_half-blood_prince 24555
harry_potter_and_the_order_of_the_phoenix 24556
harry_potter_and_the_prisoner_of_azkaban 24557
harry_alan_towers 24558
harry_anderson 24559
harry_andrews 24560
harry_beaumont 24561
harry_belafonte 24562
harry_benham 24563
harry_carey_(actor_born_1878) 24564
harry_carey_jr. 24565
harry_connick_jr. 24566
harry_davenport_(actor) 24567
harry_dean_stanton 24568
harry_elfont 24569
harry_enfield 24570
harry_essex 24571
harry_falk_(director) 24572
harry_gilbey 24573
harry_gregson-williams 24574
harry_guardino 24575
harry_hadden-paton 24576
harry_hamlin 24577
harry_holcombe 24578
harry_hook 24579
harry_horner 24580
harry_hurwitz 24581
harry_j._ufland 24582
harry_joe_brown 24583
harry_l._decker 24584
harry_lauter 24585
harry_lee_danziger 24586
harry_lennix 24587
harry_manfredini 24588
harry_markopolos 24589
harry_marsh 24590
harry_morgan 24591
harry_northrup 24592
harry_redmond_jr. 24593
harry_robinson_(musician) 24594
harry_ruskin 24595
harry_s._webb 24596
harry_saltzman 24597
harry_sherman 24598
harry_stafford_(composer) 24599
harry_stradling 24600
harry_sukman 24601
harry_thomason 24602
harry_van_gorkum 24603
harry_warren 24604
harry_woods_(actor) 24605
hart_bochner 24606
hartmut_becker 24607
haruhiko_kato 24608
haruka_tomatsu 24609
haruko_sugimura 24610
harumi_sone 24611
haruo_nakajima 24612
haruomi_hosono 24613
harve_presnell 24614
harvey_b._dunn 24615
harvey_bullock_(writer) 24616
harvey_fierstein 24617
harvey_frand 24618
harvey_keitel 24619
harvey_korman 24620
harvey_levin 24621
harvey_mason_jr. 24622
harvey_miller_(screenwriter) 24623
harvey_weinstein 24624
hary_prinz 24625
hat_trick_productions 24626
hattie_dalton 24627
hattie_mcdaniel 24628
hattie_morahan 24629
hawaii 24630
hawk_koch 24631
hayao_miyazaki 24632
hayato_ichihara 24633
hayato_matsuo 24634
hayden_christensen 24635
hayden_panettiere 24636
hayden_rolence 24637
hayden_rorke 24638
hayes_macarthur 24639
hayley_atwell 24640
hayley_kiyoko 24641
hayley_mills 24642
hayley_orrantia 24643
haylie_duff 24644
hazel_court 24645
hazel_dickens 24646
hazel_scott 24647
hazim_bitar 24648
hbo 24649
hbo_enterprises 24650
hbo_films 24651
hbo_max 24652
hbo_video 24653
healing 24654
hearst_entertainment_productions 24655
heartland_rock 24656
heath_ledger 24657
heathcote_williams 24658
heather_angel_(actress) 24659
heather_burns 24660
heather_graham 24661
heather_juergensen 24662
heather_langenkamp 24663
heather_locklear 24664
heather_matarazzo 24665
heather_mcintosh 24666
heather_menzies 24667
heather_north 24668
heather_o'rourke 24669
heather_parry 24670
heather_rae 24671
heather_stephens 24672
heather_tom 24673
heavy_d 24674
heavy_metal_music 24675
hector_elizondo 24676
hedy_lamarr 24677
heidelinde_weis 24678
heidi_brühl 24679
heidi_ewing 24680
heidi_johanningmeier 24681
heidi_klum 24682
heidi_thomas 24683
heinz_eric_roemheld 24684
heinz_roemheld 24685
heitor_pereira 24686
helen_ainsworth 24687
helen_burns 24688
helen_estabrook 24689
helen_gregory 24690
helen_haye 24691
helen_hayes 24692
helen_hunt 24693
helen_leake 24694
helen_lee_worthing 24695
helen_mccrory 24696
helen_mirren 24697
helen_pai 24698
helen_reddy 24699
helen_shaver 24700
helen_slater 24701
helen_traubel 24702
helen_walker 24703
helena_bonham_carter 24704
helena_rojo 24705
helga_liné 24706
hemdale_film_corporation 24707
henderson_forsythe 24708
hendrik_moonen 24709
henner_hoffman 24710
henning_lohner 24711
henny_youngman 24712
henri-georges_clouzot 24713
henri_letondal 24714
henri_verneuil 24715
henrik_galeen 24716
henrik_ruben_genz 24717
henrik_skram 24718
henry_alex_rubin 24719
henry_armetta 24720
henry_b._walthall 24721
henry_bean 24722
henry_bergman 24723
henry_blanke 24724
henry_calvin 24725
henry_cavill 24726
henry_corden 24727
henry_czerny 24728
henry_daniell 24729
henry_edwards_(actor) 24730
henry_ephron 24731
henry_f._gilbert 24732
henry_fonda 24733
henry_g._saperstein 24734
henry_gibson 24735
henry_goodman 24736
henry_hathaway 24737
henry_hull 24738
henry_ian_cusick 24739
henry_jackman 24740
henry_jones_(actor) 24741
henry_joost 24742
henry_kaiser_(musician) 24743
henry_king_(director) 24744
henry_kolker 24745
henry_koster 24746
henry_lai_wan-man 24747
henry_levin_(film_director) 24748
henry_macrae 24749
henry_mancini 24750
henry_otto 24751
henry_polic_ii 24752
henry_rollins 24753
henry_russell_(musician) 24754
henry_selick 24755
henry_silva 24756
henry_simmons 24757
henry_thomas 24758
henry_travers 24759
henry_wilcoxon 24760
henry_winkler 24761
herb_jeffries 24762
herb_wallerstein 24763
herbert_anderson 24764
herbert_blache 24765
herbert_blaché 24766
herbert_brodkin 24767
herbert_franklin_solow 24768
herbert_fux 24769
herbert_glazer 24770
herbert_grönemeyer 24771
herbert_i._leeds 24772
herbert_l._strock 24773
herbert_lom 24774
herbert_marshall 24775
herbert_morgan 24776
herbert_mundin 24777
herbert_rawlinson 24778
herbert_ross 24779
herbert_stothart 24780
herbert_trantow 24781
herbert_wise 24782
herbie_hancock 24783
herman's_hermits 24784
herman_bing 24785
herman_cohen 24786
herman_j._mankiewicz 24787
herman_shumlin 24788
herman_stein 24789
herman_yau 24790
hermann_kopp 24791
hermione_baddeley 24792
hermione_gingold 24793
herschel_bernardi 24794
herschel_burke_gilbert 24795
herschell_gordon_lewis 24796
herta_ware 24797
hervé_villechaize 24798
hettie_macdonald 24799
hiam_abbass 24800
hideaki_anno 24801
hideji_miyajima 24802
hideki_takahashi 24803
hideko_takamine 24804
hidemasa_nagata 24805
hideo_gosha 24806
hideo_nakata 24807
hidetoshi_nishijima_(actor) 24808
hideyuki_hirayama 24809
high_school_musical_2 24810
high_top_releasing 24811
hikaru_midorikawa 24812
hilarie_burton 24813
hilary_bevan_jones 24814
hilary_duff 24815
hilary_dwyer 24816
hilary_henkin 24817
hilary_mason 24818
hilary_momberger 24819
hilary_shepard 24820
hilary_swank 24821
hilde_krahl 24822
hilde_olausson 24823
hildegarde_neil 24824
hill_harper 24825
hillbilly 24826
hilmar_örn_hilmarsson 24827
himanshu_dhanuka 24828
hindi 24829
hip_hop_music 24830
hip_hop_soul 24831
hip_house 24832
hiram_keller 24833
hiro_ota 24834
hiroaki_serizawa 24835
hirokazu_kore-eda 24836
hiroki_takahashi 24837
hiromasa_yonebayashi 24838
hiroshi_abe_(actor) 24839
hiroshi_fukazawa 24840
hiroshi_kawai 24841
hiroshi_koizumi 24842
hiroshi_nishikiori 24843
hiroshi_watanabe_(animator) 24844
hiroyuki_kobayashi_(producer) 24845
hiroyuki_okiura 24846
hiroyuki_sanada 24847
historical 24848
historical_context 24849
historical_drama 24850
historical_drama_film 24851
historical_fiction 24852
historical_romance 24853
history 24854
history_channel 24855
hobart_bosworth 24856
hodkinson_pictures 24857
holiday_&_wedding 24858
holiday,_billie 24859
holidays_&_seasonal 24860
holland_roden 24861
holland_taylor 24862
holliday_grainger 24863
holly_dunn 24864
holly_elissa_dignard 24865
holly_fields 24866
holly_goldberg_sloan 24867
holly_hunter 24868
holly_marie_combs 24869
holly_robinson_peete 24870
hollywood_records 24871
holocaust 24872
holt_mccallany 24873
homayoun_ershadi 24874
home_box_office 24875
home_improvement 24876
homer_reihm 24877
honeypreet_insan 24878
hong_kong 24879
honoka 24880
honor_blackman 24881
hoot_gibson 24882
hope_clarke 24883
hope_davis 24884
hope_lange 24885
horace_heidt 24886
horace_mcmahon 24887
hornswoggle 24888
horror 24889
horror_(genre) 24890
horror_fiction 24891
horror_film 24892
horrorcore 24893
horst_janson_(actor) 24894
horton_foote 24895
hosea_chanchez 24896
hossein_abedini 24897
hossein_alizadeh 24898
house 24899
house_music 24900
houston_museum_of_natural_science 24901
houston_rhines 24902
howard_ashman 24903
howard_baldwin 24904
howard_benson 24905
howard_caine 24906
howard_christie 24907
howard_da_silva 24908
howard_deutch 24909
howard_drossin 24910
howard_duff 24911
howard_greenfield 24912
howard_hawks 24913
howard_hesseman 24914
howard_hughes 24915
howard_jackson_(composer) 24916
howard_kazanjian 24917
howard_keel 24918
howard_klausner 24919
howard_lindsay 24920
howard_m._mitchell 24921
howard_mcgillin 24922
howard_mcnear 24923
howard_morris 24924
howard_p._alston 24925
howard_rollins 24926
howard_rosenman 24927
howard_shore 24928
howard_w._koch 24929
howard_zieff 24930
howco 24931
howco_international 24932
howco_international_pictures 24933
howie_horwitz 24934
howie_long 24935
howie_mandel 24936
hoyts 24937
hristo_shopov 24938
hrithik_roshan 24939
hsu_li-kong 24940
huang_bo 24941
huang_shengyi 24942
huang_xiaoming 24943
huang_yi_(actress) 24944
huaxia_film_distribution 24945
huayi_brothers 24946
hubert_bath 24947
hubert_clifford 24948
huell_howser 24949
huey_p._newton 24950
hugh_beaumont 24951
hugh_bonneville 24952
hugh_dancy 24953
hugh_davidson_(actor) 24954
hugh_dempster 24955
hugh_grant 24956
hugh_griffith 24957
hugh_hudson 24958
hugh_jackman 24959
hugh_keays-byrne 24960
hugh_laurie 24961
hugh_marlowe 24962
hugh_marsh 24963
hugh_mccollum 24964
hugh_mcdermott_(actor) 24965
hugh_o'brian 24966
hugh_o'connor 24967
hugh_o'conor 24968
hugh_padgham 24969
hugh_perceval 24970
hugh_prosser 24971
hugh_stewart_(film_editor) 24972
hugh_webster_(actor) 24973
hugh_wilson_(director) 24974
hughes_brothers 24975
hugo_&_luigi 24976
hugo_blick 24977
hugo_fregonese 24978
hugo_friedhofer 24979
hugo_haas 24980
hugo_riesenfeld 24981
hugo_sigman 24982
hugo_speer 24983
hugo_stiglitz 24984
hugo_w._friedhofer 24985
hugo_weaving 24986
hugo_winterhalter 24987
hulk_hogan 24988
human_nature_(band) 24989
humbert_balsan 24990
humberto_zurita 24991
hume_cronyn 24992
hummie_mann 24993
humphrey_bogart 24994
humphrey_searle 24995
hunt_lowry 24996
hunt_stromberg 24997
hunter_carson 24998
hurd_hatfield 24999
hwang_jung-min 25000
hwang_shin-hye 25001
hy_averback 25002
hyde_(musician) 25003
hymn 25004
hymns 25005
hynden_walch 25006
hywel_bennett 25007
héctor_babenco 25008
héctor_elizondo 25009
héctor_jiménez 25010
hürrem_erman 25011
hōchū_ōtsuka 25012
i._a._l._diamond 25013
i._s._johar 25014
i_see_monstas 25015
iain_archer 25016
iain_canning 25017
iain_de_caestecker 25018
iain_glen 25019
iain_mckee 25020
iain_softley 25021
ian_arber 25022
ian_bannen 25023
ian_barry_(director) 25024
ian_bartholomew 25025
ian_brennan_(writer) 25026
ian_bryce 25027
ian_buchanan 25028
ian_cheney 25029
ian_emes 25030
ian_fraser_(composer) 25031
ian_gilmour_(actor) 25032
ian_gomez 25033
ian_harding 25034
ian_hart 25035
ian_hendry 25036
ian_holm 25037
ian_honeyman 25038
ian_james_corlett 25039
ian_mcdiarmid 25040
ian_mcdougall_(producer) 25041
ian_mckellen 25042
ian_mcleod_(film_producer) 25043
ian_mcneice 25044
ian_mcshane 25045
ian_nelson_(actor,_born_1995) 25046
ian_ogilvy 25047
ian_richardson 25048
ian_roberts_(rugby_league) 25049
ian_roberts_(south_african_actor) 25050
ian_somerhalder 25051
ian_stanley 25052
ian_veneracion 25053
ian_whyte_(actor) 25054
ian_ziering 25055
iben_dorner 25056
iben_hjejle 25057
ice-t 25058
ice_cube 25059
ichikawa_ebizō_xi 25060
ichirō_arishima 25061
icon_film_distribution 25062
icon_productions 25063
ida_lupino 25064
ida_may_park 25065
ida_nowakowska 25066
idalis_deleon 25067
iddo_goldberg 25068
ideal_film_company 25069
idina_menzel 25070
idm 25071
ido_ostrowsky 25072
idris_elba 25073
ifc_films 25074
ifc_midnight 25075
iggy_pop 25076
ignacia_allamand 25077
ignacio_serricchio 25078
igor_drljaca 25079
igor_jijikine 25080
igor_kalyonov 25081
igor_prižmić 25082
iiro_rantala 25083
ika_nord 25084
ike_barinholtz 25085
ike_eisenmann 25086
ike_jones 25087
iko_uwais 25088
il_volo 25089
ilan_eshkeri 25090
ilan_mitchell-smith 25091
ildiko_bansagi 25092
ildikó_kemény 25093
ileen_maisel 25094
ilinca_călugăreanu 25095
illeana_douglas 25096
ilona_massey 25097
ilona_sekacz 25098
ilona_svobodová 25099
ilya_lopert 25100
im_global 25101
im_hyun-sik 25102
im_won-hee 25103
image_entertainment 25104
imagenation 25105
imaginasian 25106
iman_(model) 25107
imax 25108
imax_corporation 25109
imelda_staunton 25110
imogen_poots 25111
imogen_stubbs 25112
imogene_coca 25113
impress_telefilms 25114
imran_abbas_(actor) 25115
imran_mahmudul 25116
imx 25117
ina_garten 25118
ina_raymundo 25119
inbar_lavi 25120
incubus_(band) 25121
independent_film_channel 25122
independently_distributed 25123
india 25124
india_eisley 25125
indiana_evans 25126
indican_pictures 25127
indie_&_art_house 25128
indie_&_lo-fi 25129
indie_rock 25130
indie_folk 25131
indie_pop 25132
indie_rights 25133
indie_rock 25134
indietronica 25135
indira_varma 25136
indra_siera 25137
industrial 25138
industrial_hip_hop 25139
industrial_metal 25140
industrial_music 25141
ineko_arima 25142
infantil_y_familiar 25143
infinifilm_edition 25144
inga_landgré 25145
ingeborga_dapkūnaitė 25146
inger_stevens 25147
ingmar_bergman 25148
ingrid_bergman 25149
ingrid_bolsø_berdal 25150
ingrid_pitt 25151
ingrid_thulin 25152
ingvar_hirdwall 25153
inkblot_productions 25154
inna_korobkina 25155
inon_zur 25156
inspectah_deck 25157
inspiration_pictures 25158
inspirational 25159
instrumental_rock 25160
intermedia_films 25161
international_film-ag 25162
international_video_entertainment 25163
invader_(artist) 25164
inés_sastre 25165
ioan_gruffudd 25166
ion_overman 25167
ion_television 25168
ione_skye 25169
ira_gershwin 25170
ira_newborn 25171
ira_sachs 25172
iran 25173
ireland 25174
irene_bedard 25175
irene_dunne 25176
irene_litinsky 25177
irene_miracle 25178
irene_worth 25179
irina_alfyorova 25180
irina_baronova 25181
irina_demick 25182
iris_bahr 25183
irish_folk 25184
iriya_azuma 25185
irma_p._hall 25186
irma_raush 25187
iron_maiden 25188
iron_butterfly 25189
iron_maiden 25190
irrfan_khan 25191
irvin_kershner 25192
irvin_willat 25193
irvin_yeaworth 25194
irving_allen 25195
irving_asher 25196
irving_berlin 25197
irving_cummings 25198
irving_gertz 25199
irving_j._moore 25200
irving_kahal 25201
irving_pichel 25202
irving_rapper 25203
irving_ravetch 25204
irving_starr 25205
irving_thalberg 25206
irwin_kostal 25207
irwin_winkler 25208
irwin_yablans 25209
irène_jacob 25210
isaac_c._singleton_jr. 25211
isaac_florentine 25212
isaac_hayes 25213
isaac_hempstead_wright 25214
isaac_stern 25215
isaach_de_bankolé 25216
isabel_coixet 25217
isabel_glasser 25218
isabel_jewell 25219
isabel_lucas 25220
isabel_tellería 25221
isabella_ferrari 25222
isabella_rossellini 25223
isabelle_adjani 25224
isabelle_carré 25225
isabelle_fuhrman 25226
isabelle_huppert 25227
isabelle_renauld 25228
isaiah_mustafa 25229
isaiah_washington 25230
isamu_nagato 25231
isao_takahata 25232
isao_tomita 25233
ishirō_honda 25234
isla_fisher 25235
island_records 25236
ismael_'east'_carlo 25237
ismail_merchant 25238
ismaël_ferroukhi 25239
isobel_elsom 25240
israel_horovitz 25241
issei_takahashi 25242
issey_ogata 25243
istituto_luce 25244
istván_szabó 25245
isuzu_yamada 25246
it_bites 25247
itaal_shur 25248
italia_ricci 25249
italian 25250
italo_zingarelli 25251
italy 25252
itc_entertainment 25253
ittoku_kishibe 25254
itv_(tv_network) 25255
itv_granada 25256
itv_studios 25257
itv_studios_global_entertainment 25258
iu_(singer) 25259
iva_bittová 25260
iva_davies 25261
ivan_lapikov 25262
ivan_reitman 25263
ivan_sergei 25264
ivan_tors 25265
ivan_vandor 25266
ivana_baquero 25267
ivana_korolová 25268
ivana_miličević 25269
ivor_guest,_4th_viscount_wimborne 25270
ivri_lider 25271
ivy_(band) 25272
iván_petrovich 25273
iwao_takamoto 25274
izabella_miko 25275
işıl_yücesoy 25276
i̇lhan_mimaroğlu 25277
i̇rşad_aydın 25278
j-pop 25279
j._a._c._redford 25280
j._anthony_brown 25281
j._boyce_harman_jr. 25282
j._c._chandor 25283
j._carrol_naish 25284
j._d._cannon 25285
j._d._evermore 25286
j._d._miller 25287
j._d._williams 25288
j._don_ferguson 25289
j._e._freeman 25290
j._evan_bonifant 25291
j._halcombe_laning 25292
j._j._abrams 25293
j._j._johnson 25294
j._j._sedelmaier 25295
j._k._simmons 25296
j._l._frothingham 25297
j._larose 25298
j._lee_thompson 25299
j._michael_muro 25300
j._michael_straczynski 25301
j._p._manoux 25302
j._peter_robinson 25303
j._ralph 25304
j._s._cardone 25305
j._sasikumar 25306
j._smith-cameron 25307
j._stewart_burns 25308
j._stuart_blackton 25309
j._t._petty 25310
j._t._walsh 25311
j._todd_harris 25312
j._trevor_edmond 25313
j._walter_ruben 25314
j.a._preston 25315
j.a.c._redford 25316
j.c._calciano 25317
j.c._shardo 25318
j.d._cannon 25319
j.d._lifshitz 25320
j.d._roth 25321
j.h._wyman 25322
j.k._simmons 25323
j.r._rotem 25324
j.t._walsh 25325
j_blakeson 25326
jaason_simmons 25327
jaaz_multimedia 25328
jac_schaeffer 25329
jacek_koman 25330
jacinda_barrett 25331
jack_abramoff 25332
jack_albertson 25333
jack_angel 25334
jack_arnold_(director) 25335
jack_beaver 25336
jack_bender 25337
jack_benny 25338
jack_binder 25339
jack_black 25340
jack_brooks_(lyricist) 25341
jack_cardiff 25342
jack_carson 25343
jack_cassidy 25344
jack_chertok 25345
jack_christian 25346
jack_clayton 25347
jack_clemons 25348
jack_coleman_(actor) 25349
jack_colvin 25350
jack_conley_(actor) 25351
jack_conway_(film-maker) 25352
jack_conway_(filmmaker) 25353
jack_couffer 25354
jack_cummings_(director) 25355
jack_curtis_(voice_actor) 25356
jack_curtis_dubowsky 25357
jack_davenport 25358
jack_denton 25359
jack_desena 25360
jack_donohue_(director) 25361
jack_douglas_(record_producer) 25362
jack_dylan_grazer 25363
jack_elam 25364
jack_elliott_(composer) 25365
jack_endino 25366
jack_f._murphy 25367
jack_ferver 25368
jack_fier 25369
jack_fisk 25370
jack_giarraputo 25371
jack_gilford 25372
jack_ging 25373
jack_gold 25374
jack_griffo 25375
jack_grinnage 25376
jack_h._harris 25377
jack_h._skirball 25378
jack_harvey_(actor_and_director) 25379
jack_hawkins 25380
jack_hedley 25381
jack_hill 25382
jack_holt_(actor) 25383
jack_hoxie 25384
jack_hulbert 25385
jack_huston 25386
jack_ingram_(actor) 25387
jack_j._gross 25388
jack_jones_(singer) 25389
jack_kelly_(actor) 25390
jack_kesy 25391
jack_kinney 25392
jack_kirkwood 25393
jack_kruschen 25394
jack_kuhne 25395
jack_l._warner 25396
jack_la_rue 25397
jack_laird 25398
jack_lee_(film_director) 25399
jack_leewood 25400
jack_lemmon 25401
jack_lenz 25402
jack_levin_(producer) 25403
jack_livesey 25404
jack_luden 25405
jack_m._warner 25406
jack_macgowran 25407
jack_marshall_(composer) 25408
jack_mcbrayer 25409
jack_mcelhone 25410
jack_mcgee_(actor) 25411
jack_mulcahy_(actor) 25412
jack_mulhall 25413
jack_mullaney 25414
jack_nance 25415
jack_nelson_(actor) 25416
jack_neo 25417
jack_nicholson 25418
jack_nitzsche 25419
jack_o'connell_(actor) 25420
jack_o'halloran 25421
jack_oakie 25422
jack_palance 25423
jack_perez 25424
jack_perrin 25425
jack_pickford 25426
jack_plotnick 25427
jack_purvis_(actor) 25428
jack_rapke 25429
jack_reddish 25430
jack_reynor 25431
jack_riley_(actor) 25432
jack_rose_(screenwriter) 25433
jack_schwartzman 25434
jack_shaindlin 25435
jack_shepherd_(actor) 25436
jack_sher 25437
jack_sholder 25438
jack_smight 25439
jack_soo 25440
jack_starrett 25441
jack_stokes_(director) 25442
jack_taylor_(actor) 25443
jack_thompson_(actor) 25444
jack_warden 25445
jack_warner_(actor) 25446
jack_watling 25447
jack_webb 25448
jack_weston 25449
jack_wetherall 25450
jack_white 25451
jack_whitehall 25452
jack_wu 25453
jackass 25454
jacki_weaver 25455
jackie_burroughs 25456
jackie_chan 25457
jackie_condon 25458
jackie_coogan 25459
jackie_cooper 25460
jackie_deshannon 25461
jackie_earle_haley 25462
jackie_gleason 25463
jackie_hoffman 25464
jackie_joseph 25465
jackie_kong 25466
jackie_long 25467
jackie_mason 25468
jackie_moran 25469
jackie_robinson 25470
jackie_siegel 25471
jackie_tohn 25472
jackson,_michael 25473
jackson_beck 25474
jackson_c._frank 25475
jackson_rathbone 25476
jackson_stewart_(film_director) 25477
jacky_cheung 25478
jacky_heung 25479
jackée 25480
jackée_harry 25481
jaclyn_smith 25482
jaco_van_dormael 25483
jacob_ericksson 25484
jacob_groth 25485
jacob_kornbluth 25486
jacob_reynolds 25487
jacob_vargas 25488
jacob_wysocki 25489
jacqueline_beer 25490
jacqueline_bisset 25491
jacqueline_brookes 25492
jacqueline_dewit 25493
jacqueline_kim 25494
jacqueline_lovell 25495
jacqueline_obradors 25496
jacqueline_pierreux 25497
jacques-paul_bertrand 25498
jacques_audiard 25499
jacques_bar 25500
jacques_becker 25501
jacques_bonnaffé 25502
jacques_bourdon 25503
jacques_cluzaud 25504
jacques_demy 25505
jacques_doillon 25506
jacques_françois 25507
jacques_jaccard 25508
jacques_loussier 25509
jacques_martineau 25510
jacques_perrin 25511
jacques_sernas 25512
jacques_tati 25513
jacques_thelemaque 25514
jacques_tourneur 25515
jada_pinkett_smith 25516
jade_pettyjohn 25517
jaden_smith 25518
jadin_wong 25519
jae_chong 25520
jae_hee 25521
jaeden_lieberher 25522
jaeden_martell 25523
jafar_panahi 25524
jagadish 25525
jai_courtney 25526
jaime_bergman 25527
jaime_king 25528
jaime_mendoza-nava 25529
jaime_murray 25530
jaime_pressly 25531
jaime_winstone 25532
jaimee_foxworth 25533
jaimie_alexander 25534
jaimie_d'cruz 25535
jairus_aquino 25536
jake_abel 25537
jake_alexander 25538
jake_austin_walker 25539
jake_bugg 25540
jake_busey 25541
jake_choi 25542
jake_goldberger 25543
jake_gyllenhaal 25544
jake_johnson 25545
jake_kasdan 25546
jake_lacy 25547
jake_mcdorman 25548
jake_monaco 25549
jake_pitts 25550
jake_scott_(director) 25551
jake_shimabukuro 25552
jake_t._austin 25553
jake_thomas 25554
jake_weary 25555
jake_weber 25556
jake_west 25557
jakob_oftebro 25558
jakob_schuh 25559
jakov_sedlar 25560
jaleel_white 25561
jam_bands 25562
jamaica 25563
jamal_mixon 25564
james_bond 25565
james_'kimo'_wills 25566
james_a._contner 25567
james_a._rota 25568
james_acheson 25569
james_algar 25570
james_allodi 25571
james_anderson_(american_actor) 25572
james_arness 25573
james_b._clark_(director) 25574
james_b._harris 25575
james_b._rogers 25576
james_b._sikking 25577
james_badge_dale 25578
james_baskett 25579
james_bauer 25580
james_bernard_(composer) 25581
james_best 25582
james_black_(guitarist) 25583
james_blunt 25584
james_bobin 25585
james_bolam 25586
james_bridges 25587
james_broderick 25588
james_brolin 25589
james_brown 25590
james_brown_(actor) 25591
james_c.e._burke 25592
james_caan 25593
james_cagney 25594
james_callis 25595
james_cameron 25596
james_cardwell_(actor) 25597
james_cellan_jones 25598
james_chen_(actor) 25599
james_coburn 25600
james_coco 25601
james_corden 25602
james_cosmo 25603
james_craig_(actor) 25604
james_cromwell 25605
james_d'arcy 25606
james_d._brubaker 25607
james_d._stern 25608
james_daly_(actor) 25609
james_darren 25610
james_davis_(director) 25611
james_dean 25612
james_dearden 25613
james_demonaco 25614
james_denton 25615
james_denton_(actor) 25616
james_donald 25617
james_doohan 25618
james_dooley_(composer) 25619
james_dreyfus 25620
james_earl_jones 25621
james_eastep 25622
james_eckhouse 25623
james_edward_barker 25624
james_edwards_(actor) 25625
james_ellison_(actor) 25626
james_farentino 25627
james_fargo 25628
james_faulkner_(actor) 25629
james_fleet 25630
james_foley_(director) 25631
james_fox 25632
james_frain 25633
james_franciscus 25634
james_franco 25635
james_frawley 25636
james_g._robinson 25637
james_gammon 25638
james_gandhi 25639
james_gandolfini 25640
james_garner 25641
james_gay-rees 25642
james_gilbert_(producer) 25643
james_goldstone 25644
james_gordon_(actor) 25645
james_gray_(director) 25646
james_gregory_(actor) 25647
james_gunn 25648
james_gunn_(screenwriter,_born_1920) 25649
james_guthrie_(record_producer) 25650
james_hampton_(actor) 25651
james_hayman 25652
james_hetfield 25653
james_hill_(british_director) 25654
james_hong 25655
james_horner 25656
james_isaac 25657
james_ivory 25658
james_jacks 25659
james_karen 25660
james_keach 25661
james_komack 25662
james_l._brooks 25663
james_l._fields 25664
james_l._venable 25665
james_lassiter 25666
james_lavino 25667
james_legros 25668
james_macarthur 25669
james_madio 25670
james_margellos 25671
james_marsden 25672
james_marsh_(director) 25673
james_marsters 25674
james_martinez_(actor) 25675
james_maryanski 25676
james_mason 25677
james_mcavoy 25678
james_mcbarrow 25679
james_mcdaniel 25680
james_merendino 25681
james_mitchell_(actor) 25682
james_mitchum 25683
james_moll 25684
james_murray_(comedian) 25685
james_neilson_(director) 25686
james_nesbitt 25687
james_newton_howard 25688
james_o'neill_(actor,_born_1863) 25689
james_oliverio 25690
james_olson_(actor) 25691
james_orr_(filmmaker) 25692
james_packer 25693
james_philbrook 25694
james_ponsoldt 25695
james_r._rosenthal 25696
james_raglan 25697
james_ransone 25698
james_rebhorn 25699
james_remar 25700
james_rolfe 25701
james_roosevelt 25702
james_russo 25703
james_saito 25704
james_schamus 25705
james_scurlock 25706
james_sebastian_faulkner 25707
james_seymour_brett 25708
james_shigeta 25709
james_spader 25710
james_stewart 25711
james_stroud 25712
james_swift_(producer) 25713
james_taylor 25714
james_tien_(actor) 25715
james_tinling 25716
james_van_der_beek 25717
james_van_patten 25718
james_vanderbilt 25719
james_victor_(actor) 25720
james_w._blake 25721
james_wan 25722
james_waterston 25723
james_watkins_(director) 25724
james_wen 25725
james_westerfield 25726
james_whale 25727
james_whitmore 25728
james_whitmore_jr 25729
james_wilby 25730
james_william_guercio 25731
james_wolk 25732
james_wong_(filmmaker) 25733
james_wong_(lyricist) 25734
james_woods 25735
jameson_parker 25736
jamey_sheridan 25737
jami_gertz 25738
jamie-lynn_sigler 25739
jamie_anderson_(actor) 25740
jamie_bamber 25741
jamie_bartlett 25742
jamie_bell 25743
jamie_blackley 25744
jamie_blanks 25745
jamie_chung 25746
jamie_deroy 25747
jamie_dornan 25748
jamie_farr 25749
jamie_foreman 25750
jamie_foxx 25751
jamie_kennedy 25752
jamie_lee_curtis 25753
jamie_lidell 25754
jamie_patricof 25755
jamie_saft 25756
jamie_sives 25757
jamie_travis 25758
jamie_uys 25759
jamie_warren 25760
jamil_walker_smith 25761
jamin_winans 25762
jamison_jones 25763
jamshied_sharifi 25764
jan-michael_vincent 25765
jan_a._p._kaczmarek 25766
jan_a.p._kaczmarek 25767
jan_broberg_felt 25768
jan_chapman 25769
jan_de_bont 25770
jan_decleir 25771
jan_george 25772
jan_hammer 25773
jan_hřebejk 25774
jan_niklas 25775
jan_rabson 25776
jan_rubeš 25777
jan_sterling 25778
jan_troell 25779
jana_kramer 25780
jane_austen_on_dvd_store 25781
jane_adams_(actress,_born_1965) 25782
jane_alexander 25783
jane_anderson 25784
jane_antonia_cornish 25785
jane_badler 25786
jane_baxter 25787
jane_birkin 25788
jane_bryan 25789
jane_campion 25790
jane_carr 25791
jane_connell 25792
jane_curtin 25793
jane_elliot 25794
jane_espenson 25795
jane_fleming_(producer) 25796
jane_fonda 25797
jane_freeman_(actress) 25798
jane_hamsher 25799
jane_hartwell 25800
jane_hazlegrove 25801
jane_horrocks 25802
jane_kaczmarek 25803
jane_kennedy_(actor) 25804
jane_krakowski 25805
jane_lapotaire 25806
jane_leeves 25807
jane_levy 25808
jane_lynch 25809
jane_march 25810
jane_merrow 25811
jane_novak 25812
jane_powell 25813
jane_randolph 25814
jane_rosenthal 25815
jane_russell 25816
jane_seymour_(actress) 25817
jane_wiedlin 25818
jane_winton 25819
jane_withers 25820
jane_wyatt 25821
jane_wyman 25822
jane_wymark 25823
janeane_garofalo 25824
janel_moloney 25825
janel_parrish 25826
janet_blair 25827
janet_burston 25828
janet_eilber 25829
janet_gaynor 25830
janet_healy 25831
janet_jackson 25832
janet_kidder 25833
janet_landgard 25834
janet_leigh 25835
janet_margolin 25836
janet_mcteer 25837
janet_montgomery 25838
janet_munro 25839
janet_shaw_(actress) 25840
janet_suzman 25841
janet_tobias 25842
janet_wright 25843
janette_scott 25844
jang_hee-jin 25845
jang_jae_ho 25846
jang_keun-suk 25847
jang_young-nam 25848
jangle_pop 25849
janice_adair 25850
janice_karman 25851
janice_rule 25852
janine_turner 25853
janis_carter 25854
janis_joplin 25855
janis_karpinski 25856
janis_paige 25857
jansen_panettiere 25858
january_jones 25859
janus_films 25860
janyse_jaud 25861
japan 25862
japanese 25863
jared_and_jerusha_hess 25864
jared_cohn 25865
jared_forman 25866
jared_harris 25867
jared_ian_goldman 25868
jared_keeso 25869
jared_kusnitz 25870
jared_leto 25871
jared_maceachern 25872
jared_padalecki 25873
jarl_kulle 25874
jaromil_jireš 25875
jaroslav_průcha 25876
jarrod_emick 25877
jasen_wade 25878
jasmin_geljo 25879
jasmine_guy 25880
jasmine_trinca 25881
jason_acuña 25882
jason_alexander 25883
jason_baldwin 25884
jason_barry 25885
jason_bateman 25886
jason_behr 25887
jason_biggs 25888
jason_blum 25889
jason_bourque 25890
jason_brandt 25891
jason_cadieux 25892
jason_celaya 25893
jason_clarke 25894
jason_clarke_(actor) 25895
jason_connery 25896
jason_cooper_(musician) 25897
jason_david_frank 25898
jason_diamond 25899
jason_dolley 25900
jason_dottley 25901
jason_flemyng 25902
jason_friedberg_and_aaron_seltzer 25903
jason_gedrick 25904
jason_gould 25905
jason_hughes_(actor) 25906
jason_isaacs 25907
jason_james_richter 25908
jason_kliot 25909
jason_kravits 25910
jason_lee_(actor) 25911
jason_lewis_(actor) 25912
jason_london 25913
jason_mantzoukas 25914
jason_marsden 25915
jason_mchugh 25916
jason_mewes 25917
jason_michael_berman 25918
jason_miller_(playwright) 25919
jason_mitchell 25920
jason_momoa 25921
jason_narvy 25922
jason_o'mara 25923
jason_patric 25924
jason_priestley 25925
jason_reitman 25926
jason_ritter 25927
jason_robards 25928
jason_robert_moore 25929
jason_rush_(actor) 25930
jason_schwartzman 25931
jason_scott_lee 25932
jason_segel 25933
jason_spevack 25934
jason_spisak 25935
jason_statham 25936
jason_sudeikis 25937
jason_weaver 25938
jason_winston_george 25939
jason_wise_(director) 25940
jason_yachanin 25941
jaspal_bhatti 25942
jasper_james 25943
jasper_pääkkönen 25944
jaswinder_bhalla 25945
jatin–lalit 25946
jaume_collet-serra 25947
javier_bardem 25948
javier_beltrán 25949
javier_cámara 25950
javier_godino 25951
javier_navarrete 25952
javier_setó 25953
javon_walton 25954
jay-z 25955
jay_baruchel 25956
jay_benson 25957
jay_brannan 25958
jay_brazeau 25959
jay_bulger 25960
jay_c._flippen 25961
jay_chattaway 25962
jay_chou 25963
jay_duplass 25964
jay_ferguson_(american_musician) 25965
jay_gruska 25966
jay_hernandez 25967
jay_karnes 25968
jay_leno 25969
jay_mohr 25970
jay_o._sanders 25971
jay_oliva 25972
jay_polstein 25973
jay_r._ferguson 25974
jay_roach 25975
jay_russell 25976
jay_ryan_(actor) 25977
jay_sandrich 25978
jay_stern 25979
jay_wade_edwards 25980
jay_wilsey 25981
jayden_yuan 25982
jaye_davidson 25983
jaye_p._morgan 25984
jayma_mays 25985
jayne_atkinson 25986
jayne_loader 25987
jayne_mansfield 25988
jayson_thiessen 25989
jazz 25990
jazz_fusion 25991
jazz-funk 25992
jazz_blues 25993
jazz_fusion 25994
jazz_raycole 25995
jazz_rock 25996
jd_disalvatore 25997
jea 25998
jean-baptiste_de_laubier 25999
jean-christophe_bouvet 26000
jean-claude_brialy 26001
jean-claude_dreyfus 26002
jean-claude_guilbert 26003
jean-claude_petit 26004
jean-claude_van_damme 26005
jean-jacques_annaud 26006
jean-louis_barrault 26007
jean-louis_livi 26008
jean-louis_trintignant 26009
jean-luc_azoulay 26010
jean-luc_bilodeau 26011
jean-luc_ponty 26012
jean-marc_barr 26013
jean-marc_vallée 26014
jean-marie_poiré 26015
jean-paul_belmondo 26016
jean-paul_rappeneau 26017
jean-pierre_améris 26018
jean-pierre_aumont 26019
jean-pierre_cassel 26020
jean-pierre_darroussin 26021
jean-pierre_isbouts 26022
jean-pierre_jeunet 26023
jean-pierre_kalfon 26024
jean-pierre_léaud 26025
jean_arthur 26026
jean_boyer_(director) 26027
jean_brooks 26028
jean_bruce_scott 26029
jean_chalopin 26030
jean_champion 26031
jean_delannoy 26032
jean_doumanian 26033
jean_dujardin 26034
jean_gabin 26035
jean_harlow 26036
jean_heather 26037
jean_hersholt 26038
jean_hill_(actress) 26039
jean_louisa_kelly 26040
jean_marais 26041
jean_marsh 26042
jean_martin 26043
jean_murat 26044
jean_negulesco 26045
jean_parker 26046
jean_peters 26047
jean_reno 26048
jean_renoir 26049
jean_rochefort 26050
jean_seberg 26051
jean_servais 26052
jean_simmons 26053
jean_smart 26054
jean_stapleton 26055
jean_thuillier 26056
jean_vander_pyl 26057
jean_wall 26058
jean_wiener 26059
jean_yanne 26060
jean_yarbrough 26061
jeananne_crowley 26062
jeanette_macdonald 26063
jeanne_bates 26064
jeanne_carmen 26065
jeanne_cooper 26066
jeanne_crain 26067
jeanne_moreau 26068
jeanne_tripplehorn 26069
jeannie_berlin 26070
jeannine_riley 26071
jeannot_szwarc 26072
jed_kurzel 26073
jeff_%22swampy%22_marsh 26074
jeff_alexander 26075
jeff_anderson 26076
jeff_balis 26077
jeff_barnaby 26078
jeff_beal 26079
jeff_beck 26080
jeff_bennett 26081
jeff_betancourt 26082
jeff_bleckner 26083
jeff_bowler 26084
jeff_bridges 26085
jeff_britting 26086
jeff_burr 26087
jeff_cardoni 26088
jeff_celentano 26089
jeff_chandler 26090
jeff_chandler_(actor) 26091
jeff_conaway 26092
jeff_cooper_(canadian_actor) 26093
jeff_corey 26094
jeff_corwin 26095
jeff_daniel_phillips 26096
jeff_daniels 26097
jeff_danna 26098
jeff_doucette 26099
jeff_dunham 26100
jeff_east 26101
jeff_f._king 26102
jeff_fahey 26103
jeff_feuerzeig 26104
jeff_foxworthy 26105
jeff_franklin 26106
jeff_garlin 26107
jeff_goldblum 26108
jeff_grove 26109
jeff_kaake 26110
jeff_kober 26111
jeff_levy-hinte 26112
jeff_lewis_(actor) 26113
jeff_licon 26114
jeff_mackay 26115
jeff_melman 26116
jeff_morrow 26117
jeff_most 26118
jeff_nichols 26119
jeff_orlowski 26120
jeff_prosserman 26121
jeff_richards_(actor,_born_1924) 26122
jeff_rona 26123
jeff_russo 26124
jeff_stilson 26125
jeff_toyne 26126
jeff_tremaine 26127
jeff_tymoschuk 26128
jeff_wadlow 26129
jeff_york 26130
jefferson_airplane 26131
jefferson_moore 26132
jeffrey_chernov 26133
jeffrey_combs 26134
jeffrey_d._sams 26135
jeffrey_dean_morgan 26136
jeffrey_demunn 26137
jeffrey_donovan 26138
jeffrey_garcia 26139
jeffrey_hornaday 26140
jeffrey_hunter 26141
jeffrey_jones 26142
jeffrey_katzenberg 26143
jeffrey_konvitz 26144
jeffrey_lau 26145
jeffrey_licon 26146
jeffrey_lynn 26147
jeffrey_m._smith 26148
jeffrey_nordling 26149
jeffrey_schwarz 26150
jeffrey_sharp 26151
jeffrey_tambor 26152
jeffrey_thomas_(actor) 26153
jeffrey_weiss 26154
jeffrey_wright 26155
jeffrey_wright_(actor) 26156
jello_biafra 26157
jelly_roll_morton 26158
jemaine_clement 26159
jemma_dallender 26160
jemma_rodgers 26161
jen_and_sylvia_soska 26162
jena_malone 26163
jena_sims 26164
jenette_goldstein 26165
jeni_courtney 26166
jenifer_lewis 26167
jenn_proske 26168
jenna_elfman 26169
jenna_fischer 26170
jenni_baird 26171
jennie_garth 26172
jennie_linden 26173
jennie_livingston 26174
jennifer_aniston 26175
jennifer_aspen 26176
jennifer_baichwal 26177
jennifer_beals 26178
jennifer_carpenter 26179
jennifer_cody 26180
jennifer_connelly 26181
jennifer_coolidge 26182
jennifer_ehle 26183
jennifer_elise_cox 26184
jennifer_ellison 26185
jennifer_esposito 26186
jennifer_ferrin 26187
jennifer_freeman 26188
jennifer_garner 26189
jennifer_hale 26190
jennifer_hanson 26191
jennifer_hudson 26192
jennifer_jason_leigh 26193
jennifer_jones 26194
jennifer_jostyn 26195
jennifer_lawrence 26196
jennifer_lien 26197
jennifer_lopez 26198
jennifer_love_hewitt 26199
jennifer_miller_(actress) 26200
jennifer_morrison 26201
jennifer_o'dell 26202
jennifer_o'neill 26203
jennifer_rhodes 26204
jennifer_saunders 26205
jennifer_schwalbach_smith 26206
jennifer_taylor_(actress) 26207
jennifer_tilly 26208
jennifer_tisdale 26209
jennifer_todd 26210
jennifer_warren 26211
jennifer_weiss_(producer) 26212
jennifer_westfeldt 26213
jennifer_young 26214
jennifer_yuh_nelson 26215
jennings_lang 26216
jenniphr_goodman 26217
jenno_topping 26218
jenny_agutter 26219
jenny_hanley 26220
jenny_hunter 26221
jenny_lewis 26222
jenny_lou_carson 26223
jenny_mccarthy 26224
jenny_mollen 26225
jenny_o'hara 26226
jenny_seagrove 26227
jenny_slate 26228
jenny_spain 26229
jenny_wade 26230
jenny_wright 26231
jens_jørn_spottag 26232
jens_lien 26233
jensen_ackles 26234
jensen_daggett 26235
jensen_farley_pictures 26236
jeramie_rain 26237
jere_burns 26238
jeremiah_chechik 26239
jeremiah_s._chechik 26240
jeremy_bolt 26241
jeremy_chan 26242
jeremy_coon 26243
jeremy_davidson_(actor) 26244
jeremy_davies 26245
jeremy_dawson_(producer) 26246
jeremy_foley_(actor) 26247
jeremy_garelick 26248
jeremy_gelbwaks 26249
jeremy_howard_(actor) 26250
jeremy_irons 26251
jeremy_irvine 26252
jeremy_jordan_(actor,_born_1984) 26253
jeremy_jordan_(singer,_born_1973) 26254
jeremy_kagan 26255
jeremy_kleiner 26256
jeremy_london 26257
jeremy_northam 26258
jeremy_piven 26259
jeremy_ratchford 26260
jeremy_ray_taylor 26261
jeremy_ray_valdez 26262
jeremy_renner 26263
jeremy_sams 26264
jeremy_saulnier 26265
jeremy_scahill 26266
jeremy_seifert 26267
jeremy_sisto 26268
jeremy_slate 26269
jeremy_soule 26270
jeremy_strong_(actor) 26271
jeremy_suarez 26272
jeremy_sumpter 26273
jeremy_theobald 26274
jeremy_thomas 26275
jeri_ryan 26276
jerilou_whelchel 26277
jermaine_'huggy'_hopkins 26278
jermaine_jackson 26279
jermaine_jackson_jr. 26280
jerod_mixon 26281
jeroen_krabbé 26282
jeroen_perceval 26283
jerome_courtland 26284
jerome_dillon 26285
jerome_epstein 26286
jerome_harmon 26287
jerome_hellman 26288
jerome_kern 26289
jerome_moross 26290
jerome_storm 26291
jerry_a._baerwitz 26292
jerry_adler 26293
jerry_belson 26294
jerry_bruckheimer 26295
jerry_calà 26296
jerry_ciccoritti 26297
jerry_di_giacomo 26298
jerry_donahue 26299
jerry_doyle_(radio_host) 26300
jerry_ferrara 26301
jerry_fielding 26302
jerry_florey 26303
jerry_gershwin 26304
jerry_goldsmith 26305
jerry_hardin 26306
jerry_herman 26307
jerry_hopper 26308
jerry_houser 26309
jerry_jameson 26310
jerry_lee_lewis 26311
jerry_leiber 26312
jerry_levine 26313
jerry_lewis 26314
jerry_london 26315
jerry_mouse 26316
jerry_nelson 26317
jerry_o'connell 26318
jerry_orbach 26319
jerry_paris 26320
jerry_rees 26321
jerry_schatzberg 26322
jerry_springer 26323
jerry_stiller 26324
jerry_thorpe 26325
jerry_tondo 26326
jerry_van_dyke 26327
jerry_wald 26328
jerry_weintraub 26329
jerry_zucker 26330
jerzy_kosiński 26331
jerzy_skolimowski 26332
jesdaporn_pholdee 26333
jesper_christensen 26334
jess_harnell 26335
jess_oppenheimer 26336
jess_robbins 26337
jesse_borrego 26338
jesse_bradford 26339
jesse_camacho 26340
jesse_dylan 26341
jesse_eisenberg 26342
jesse_hutch 26343
jesse_j._perez 26344
jesse_james_(actor) 26345
jesse_johnson_(actor) 26346
jesse_l._lasky 26347
jesse_l._martin 26348
jesse_lasky 26349
jesse_leach 26350
jesse_mccartney 26351
jesse_metcalfe 26352
jesse_moss_(actor) 26353
jesse_peretz 26354
jesse_vint 26355
jesse_warn 26356
jesse_welles 26357
jesse_white_(actor) 26358
jessica_alba 26359
jessica_barden 26360
jessica_barth 26361
jessica_biel 26362
jessica_brown_findlay 26363
jessica_capshaw 26364
jessica_chastain 26365
jessica_clark_(actress) 26366
jessica_duffy 26367
jessica_harper 26368
jessica_hynes 26369
jessica_lange 26370
jessica_lucas 26371
jessica_lundy 26372
jessica_manley 26373
jessica_mauboy 26374
jessica_mcnamee 26375
jessica_parker_kennedy 26376
jessica_paré 26377
jessica_steen 26378
jessica_szohr 26379
jessica_tandy 26380
jessica_walter 26381
jessie_collins 26382
jessie_misskelley 26383
jessie_nelson_(filmmaker) 26384
jessie_ralph 26385
jessie_royce_landis 26386
jessy_schram 26387
jesus 26388
jesús_franco 26389
jet_li 26390
jeta_amata 26391
jewel_lee_(actress) 26392
jewel_staite 26393
jewish_&_yiddish 26394
jewish_heritage 26395
jide_kosoko 26396
jill_banner 26397
jill_bennett_(american_actress) 26398
jill_clayburgh 26399
jill_eikenberry 26400
jill_fraser_(composer) 26401
jill_hennessy 26402
jill_larson 26403
jill_marie_jones 26404
jill_schoelen 26405
jill_scott_(singer) 26406
jill_st._john 26407
jill_talley 26408
jill_teed 26409
jill_whelan 26410
jillian_armenante 26411
jillian_clare 26412
jim_abbiss 26413
jim_abrahams 26414
jim_backus 26415
jim_beanz 26416
jim_beaver 26417
jim_belushi 26418
jim_blashfield 26419
jim_booth 26420
jim_breuer 26421
jim_broadbent 26422
jim_brown 26423
jim_burke_(film_producer) 26424
jim_byrnes_(actor) 26425
jim_carrey 26426
jim_carter_(actor) 26427
jim_caviezel 26428
jim_chee 26429
jim_cummings 26430
jim_dale 26431
jim_fall 26432
jim_fisher 26433
jim_gaffigan 26434
jim_goddard 26435
jim_gray_(jurist) 26436
jim_henson 26437
jim_henson_productions 26438
jim_hoskinson 26439
jim_hutton 26440
jim_jarmusch 26441
jim_johnston_(composer) 26442
jim_kammerud 26443
jim_kouf 26444
jim_lang_(composer) 26445
jim_lemley 26446
jim_loach 26447
jim_mallon 26448
jim_mcbride 26449
jim_mckay 26450
jim_mickle 26451
jim_nabors 26452
jim_neidhart 26453
jim_o'connolly 26454
jim_o'rourke_(musician) 26455
jim_parrack 26456
jim_parsons 26457
jim_sharman 26458
jim_sheridan 26459
jim_siedow 26460
jim_steinman 26461
jim_storm_(actor) 26462
jim_sturgess 26463
jim_swaffield 26464
jim_tavaré 26465
jim_taylor_(writer) 26466
jim_van_eerden 26467
jim_varney 26468
jim_verraros 26469
jim_ward_(voice_actor) 26470
jim_wilson_(producer) 26471
jim_wise 26472
jim_wynorski 26473
jimmi_simpson 26474
jimmie_haskell 26475
jimmy_baio 26476
jimmy_bennett 26477
jimmy_bowen 26478
jimmy_dean 26479
jimmy_dorsey 26480
jimmy_drankovitch 26481
jimmy_edwards 26482
jimmy_evangelatos 26483
jimmy_fallon 26484
jimmy_hayward 26485
jimmy_ienner 26486
jimmy_iovine 26487
jimmy_jean-louis 26488
jimmy_lavalle 26489
jimmy_macdonald_(sound_effects_artist) 26490
jimmy_manzie 26491
jimmy_mirikitani 26492
jimmy_page 26493
jimmy_smits 26494
jimmy_t._murakami 26495
jimmy_taenaka 26496
jimmy_tatro 26497
jimmy_van_heusen 26498
jimmy_wakely 26499
jimmy_wang_yu 26500
jimmy_webb 26501
jimmy_wolk 26502
jin_muraki 26503
jing_boran 26504
jingle_ma 26505
jinx_falkenburg 26506
jinxx 26507
jive_records 26508
jj_feild 26509
jo_ann_pflug 26510
jo_lawry 26511
jo_marie_payton 26512
jo_pullen 26513
jo_sung-hee 26514
jo_van_fleet 26515
joachim_król 26516
joachim_rafaelsen 26517
joachim_rønning 26518
joakim_nätterqvist 26519
joan_alexander 26520
joan_allen 26521
joan_bennett 26522
joan_blackman 26523
joan_blondell 26524
joan_bruce 26525
joan_caulfield 26526
joan_chen 26527
joan_collins 26528
joan_crawford 26529
joan_cusack 26530
joan_evans_(actress) 26531
joan_fontaine 26532
joan_freeman_(actress) 26533
joan_greenwood 26534
joan_hackett 26535
joan_harrison_(screenwriter) 26536
joan_hickson 26537
joan_jett 26538
joan_leslie 26539
joan_lofts 26540
joan_marshall 26541
joan_micklin_silver 26542
joan_plowright 26543
joan_rivers 26544
joan_sims 26545
joan_staley 26546
joan_taylor 26547
joan_van_ark 26548
joan_weldon 26549
joana_vicente 26550
joanna_beresford 26551
joanna_cameron 26552
joanna_cassidy 26553
joanna_garcia 26554
joanna_garcia_swisher 26555
joanna_garcía 26556
joanna_hole 26557
joanna_kerns 26558
joanna_lumley 26559
joanna_newsom 26560
joanna_pacula 26561
joanna_pacuła 26562
joanna_pettet 26563
joanna_scanlan 26564
joanna_vanderham 26565
joanne_baron 26566
joanne_dru 26567
joanne_froggatt 26568
joanne_sellar 26569
joanne_whalley 26570
joanne_woodward 26571
joaquim_de_almeida 26572
joaquin_garay_iii 26573
joaquin_phoenix 26574
joaquín_cosío 26575
joaquín_martínez 26576
joaquín_pardavé 26577
jobeth_williams 26578
jocelin_donahue 26579
jocelyn_brando 26580
jocelyn_moorhouse 26581
jocelyn_pook 26582
jodelle_ferland 26583
jodhi_may 26584
jodi_benson 26585
jodi_carlisle 26586
jodi_lyn_o'keefe 26587
jodie_foster 26588
jodie_markell 26589
jodie_sweetin 26590
jodie_whittaker 26591
jody_gerson 26592
jody_hill 26593
jody_lawrance 26594
jody_mccrea 26595
jody_thompson 26596
joe_adams_(actor) 26597
joe_adler 26598
joe_alaskey 26599
joe_alwyn 26600
joe_anderson_(actor) 26601
joe_brooks_(actor) 26602
joe_campbell_(actor) 26603
joe_carnahan 26604
joe_chappelle 26605
joe_chiccarelli 26606
joe_chrest 26607
joe_cobb 26608
joe_cole_(actor) 26609
joe_connelly_(producer) 26610
joe_cornish 26611
joe_d'amato 26612
joe_dain 26613
joe_dante 26614
joe_delia 26615
joe_derita 26616
joe_dimaggio 26617
joe_dinicol 26618
joe_don_baker 26619
joe_fab 26620
joe_flaherty 26621
joe_flanigan 26622
joe_fleishaker 26623
joe_flynn_(american_actor) 26624
joe_gatto 26625
joe_gavin 26626
joe_gilgun 26627
joe_henry 26628
joe_hisaishi 26629
joe_jackson_(musician) 26630
joe_johnston 26631
joe_jonas 26632
joe_kraemer_(composer) 26633
joe_layton 26634
joe_leaphorn 26635
joe_lesté 26636
joe_lynch_(director) 26637
joe_manganiello 26638
joe_mantegna 26639
joe_mantell 26640
joe_mantello 26641
joe_medjuck 26642
joe_morton 26643
joe_nussbaum 26644
joe_pantoliano 26645
joe_pasternak 26646
joe_penny 26647
joe_pesci 26648
joe_raposo 26649
joe_renzetti 26650
joe_roberts_(actor) 26651
joe_rock 26652
joe_rogan 26653
joe_roth 26654
joe_rubbo 26655
joe_santos 26656
joe_seneca 26657
joe_soares 26658
joe_spano 26659
joe_spinell 26660
joe_stapleton_(poker) 26661
joe_strummer 26662
joe_swanberg 26663
joe_torry 26664
joe_viterelli 26665
joe_walsh 26666
joe_wizan 26667
joe_wright 26668
joel_b._michaels 26669
joel_chan_(actor) 26670
joel_david_moore 26671
joel_diamond 26672
joel_douek 26673
joel_edgerton 26674
joel_gallen 26675
joel_goffin 26676
joel_goldsmith 26677
joel_goodman_(composer) 26678
joel_gretsch 26679
joel_grey 26680
joel_hershman 26681
joel_hopkins 26682
joel_kinnaman 26683
joel_little 26684
joel_mccrea 26685
joel_mchale 26686
joel_mcneely 26687
joel_meyerowitz 26688
joel_michaely 26689
joel_murray 26690
joel_p._west 26691
joel_rogosin 26692
joel_s._rice 26693
joel_schumacher 26694
joel_silberg 26695
joel_silver 26696
joel_simon 26697
joel_soisson 26698
joel_torre 26699
joel_zwick 26700
joelle_carter 26701
joely_fisher 26702
joely_richardson 26703
joey_aresco 26704
joey_bishop 26705
joey_carbone 26706
joey_fatone 26707
joey_kern 26708
joey_king 26709
joey_lauren_adams 26710
joey_lawrence 26711
joey_marquez 26712
joey_waronker 26713
joey_wong 26714
joey_zimmerman 26715
johan_heldenbergh 26716
johan_söderqvist 26717
johann_alexander_hübler-kahla 26718
johann_urb 26719
johanna_braddy 26720
johanna_wokalek 26721
johanne-marie_tremblay 26722
johannes_bah_kuhnke 26723
johannes_krisch 26724
john_wayne_store 26725
john,_elton 26726
john_5_(guitarist) 26727
john_a._davis 26728
john_a._mcdougall 26729
john_a_kuri 26730
john_adams_(composer) 26731
john_addison 26732
john_agar 26733
john_aglialoro 26734
john_alderton 26735
john_altman_(composer) 26736
john_altschuler 26737
john_alvin_(actor) 26738
john_and_james_woolf 26739
john_and_roy_boulting 26740
john_anderson_(actor) 26741
john_archer_(actor) 26742
john_argyle 26743
john_ashton_(actor) 26744
john_astin 26745
john_august 26746
john_aylward 26747
john_b._bennett 26748
john_b._murray_(filmmaker) 26749
john_badham 26750
john_baldecchi 26751
john_ballinger_(musician) 26752
john_baragrey 26753
john_bard_manulis 26754
john_barry_(composer) 26755
john_barry_(set_designer) 26756
john_barrymore 26757
john_batchelor_(australian_actor) 26758
john_batdorf 26759
john_battsek 26760
john_baxter_(director) 26761
john_beal_(actor) 26762
john_beasley_(actor) 26763
john_beck_(actor) 26764
john_belushi 26765
john_benjamin_hickey 26766
john_billingsley 26767
john_boorman 26768
john_boyega 26769
john_brabourne 26770
john_brahm 26771
john_brumpton 26772
john_bryan_(art_director) 26773
john_burrows 26774
john_c._champion 26775
john_c._mcginley 26776
john_c._reilly 26777
john_cale 26778
john_calley 26779
john_cameron_(musician) 26780
john_cameron_mitchell 26781
john_candy 26782
john_cardos 26783
john_carney_(director) 26784
john_carpenter 26785
john_carradine 26786
john_carroll_(actor) 26787
john_carroll_lynch 26788
john_carson_(actor) 26789
john_cassavetes 26790
john_castle 26791
john_cater 26792
john_cazale 26793
john_cena 26794
john_chapman_(producer) 26795
john_charles_(composer) 26796
john_chong 26797
john_cleese 26798
john_clive 26799
john_coates_(producer) 26800
john_colicos 26801
john_comer 26802
john_copeland_(producer) 26803
john_corbett 26804
john_corbett_(actor) 26805
john_cornell 26806
john_cromwell_(director) 26807
john_crowley_(director) 26808
john_croydon 26809
john_curran_(director) 26810
john_cusack 26811
john_d'aquino 26812
john_d._h._greenwood 26813
john_d._hancock 26814
john_d._lemay 26815
john_dahl 26816
john_dall 26817
john_daniels_(actor) 26818
john_dankworth 26819
john_dark 26820
john_dau 26821
john_davidson_(actor) 26822
john_davidson_(entertainer) 26823
john_davis_(producer) 26824
john_deacon 26825
john_debney 26826
john_dehner 26827
john_deluca 26828
john_denver 26829
john_derek 26830
john_diehl_(actor) 26831
john_dimaggio 26832
john_dods 26833
john_doucette 26834
john_du_prez 26835
john_duigan 26836
john_dunsworth 26837
john_duttine 26838
john_dye 26839
john_e._burch 26840
john_emery_(actor) 26841
john_english_(director) 26842
john_erick_dowdle 26843
john_ericson 26844
john_erman 26845
john_f._hamilton 26846
john_f._roach 26847
john_farrow 26848
john_fawcett_(director) 26849
john_fiedler 26850
john_fields_(record_producer) 26851
john_finn 26852
john_fleck_(actor) 26853
john_flynn_(director) 26854
john_fogerty 26855
john_ford 26856
john_foreman_(producer) 26857
john_forsythe 26858
john_fortenberry 26859
john_francis_daley 26860
john_francis_dillon_(director) 26861
john_frank_rosenblum 26862
john_frankenheimer 26863
john_franklyn-robbins 26864
john_fraser_(actor) 26865
john_frizzell_(composer) 26866
john_frusciante 26867
john_g._avildsen 26868
john_g._blystone 26869
john_g._lenic 26870
john_g._thomas 26871
john_gallagher,_jr. 26872
john_gallagher_jr. 26873
john_gallaudet 26874
john_garfield 26875
john_gatins 26876
john_getz 26877
john_gielgud 26878
john_gilbert_(actor) 26879
john_glen_(director) 26880
john_glover_(actor) 26881
john_goldschmidt 26882
john_goldwyn 26883
john_goodman 26884
john_gray_(director) 26885
john_gregson 26886
john_greyson 26887
john_guillermin 26888
john_gulager 26889
john_h._auer 26890
john_h._williams_(film_producer) 26891
john_halas 26892
john_hamburg 26893
john_hammond_(actor) 26894
john_hannah_(actor) 26895
john_harmon_(actor) 26896
john_hart_(producer) 26897
john_harvatine_iv 26898
john_hawkes_(actor) 26899
john_heard_(actor) 26900
john_henderson_(director) 26901
john_hensley 26902
john_henton 26903
john_herzfeld 26904
john_hillerman 26905
john_hodiak 26906
john_hopkins_(actor) 26907
john_hough_(director) 26908
john_howard 26909
john_howard_(american_actor) 26910
john_hoyt 26911
john_hubley 26912
john_hughes_(filmmaker) 26913
john_hurt 26914
john_huston 26915
john_hyams 26916
john_ireland_(actor) 26917
john_irvin 26918
john_jacobs_(producer) 26919
john_james_(actor) 26920
john_jarratt 26921
john_kander 26922
john_kani 26923
john_kapelos 26924
john_karlen 26925
john_kassir 26926
john_keefe_(actor) 26927
john_kellette 26928
john_kemeny_(film_producer) 26929
john_kemeny_(producer) 26930
john_kent_harrison 26931
john_kerr_(actor) 26932
john_knatchbull,_7th_baron_brabourne 26933
john_korty 26934
john_krasinski 26935
john_kusiak 26936
john_laing_(director) 26937
john_landis 26938
john_langley 26939
john_larch 26940
john_larroquette 26941
john_le_mesurier 26942
john_lee_hancock 26943
john_legend 26944
john_leguizamo 26945
john_leipold 26946
john_lennon 26947
john_lesher_(producer) 26948
john_leslie_(pornographic_actor) 26949
john_leventhal 26950
john_lewis_(pianist) 26951
john_lithgow 26952
john_lloyd_(writer) 26953
john_logan_(writer) 26954
john_longden 26955
john_luessenhop 26956
john_lund_(actor) 26957
john_lunn 26958
john_lupton 26959
john_lurie 26960
john_lynch_(actor) 26961
john_m._jackson 26962
john_m._jacobsen 26963
john_m._stahl 26964
john_mackenzie_(film_director) 26965
john_madden_(director) 26966
john_magaro 26967
john_mahoney 26968
john_malkovich 26969
john_mariano 26970
john_mark_painter 26971
john_marley 26972
john_matuszak 26973
john_maxwell_(producer) 26974
john_mayer 26975
john_maynard_(filmmaker) 26976
john_mcdonnell_(producer) 26977
john_mcenery 26978
john_mcgiver 26979
john_mcguire_(actor) 26980
john_mcintire 26981
john_mcintyre_(cartoonist) 26982
john_mckay_(director) 26983
john_mcmartin 26984
john_mcnaughton 26985
john_mctiernan 26986
john_meillon 26987
john_meredyth_lucas 26988
john_merton 26989
john_michael_higgins 26990
john_michael_mcdonagh 26991
john_milius 26992
john_mills 26993
john_mills-cockell 26994
john_moore_(director) 26995
john_morris_(composer) 26996
john_moyer_(comedian) 26997
john_murphy_(composer) 26998
john_musker 26999
john_n._smith 27000
john_neschling 27001
john_nettles 27002
john_neville_(actor) 27003
john_newton_(actor) 27004
john_noble 27005
john_nolan_(british_actor) 27006
john_oliver 27007
john_osborne 27008
john_ottman 27009
john_p._ryan 27010
john_p._ryan_(actor) 27011
john_paddy_carstairs 27012
john_paesano 27013
john_pankow 27014
john_papsidera 27015
john_parr 27016
john_pasquin 27017
john_patrick_amedori 27018
john_paul_jones_(musician) 27019
john_paul_tremblay 27020
john_payne_(actor) 27021
john_penney 27022
john_phillip_law 27023
john_phillips_(musician) 27024
john_pogue 27025
john_polson 27026
john_pomeroy 27027
john_powell_(composer) 27028
john_powell_(film_composer) 27029
john_r._cherry_iii 27030
john_r._dilworth 27031
john_randolph_(actor) 27032
john_ratzenberger 27033
john_requa 27034
john_rhys-davies 27035
john_ritter 27036
john_robert_hoffman 27037
john_robinson_(american_actor) 27038
john_rodney 27039
john_rothman 27040
john_rubinstein 27041
john_russell_(actor) 27042
john_s._robertson 27043
john_savage_(actor) 27044
john_saxon 27045
john_sayles 27046
john_schlesinger 27047
john_schmerling 27048
john_schneider_(producer) 27049
john_schneider_(screen_actor) 27050
john_schuck 27051
john_schultz_(director) 27052
john_scott_(composer) 27053
john_sessions 27054
john_shanks 27055
john_shea 27056
john_shepherd_(actor) 27057
john_shiban 27058
john_shrapnel 27059
john_simon_(record_producer) 27060
john_singleton 27061
john_slattery 27062
john_smith_(actor) 27063
john_smithson 27064
john_sparkes 27065
john_spencer_(actor) 27066
john_stainton 27067
john_stamos 27068
john_stanton_(actor) 27069
john_steadman_(actor) 27070
john_stockwell_(actor) 27071
john_stone_(producer) 27072
john_stratton_(actor) 27073
john_sturges 27074
john_swihart 27075
john_t._woods 27076
john_tarnoff 27077
john_telfer 27078
john_terlesky 27079
john_terry_(actor) 27080
john_travolta 27081
john_turturro 27082
john_tyrrell_(actor) 27083
john_van_tongeren 27084
john_vargas 27085
john_vernon 27086
john_viener 27087
john_w._burton_(film_producer) 27088
john_w._considine_jr. 27089
john_w._hyde 27090
john_walker_(film_producer) 27091
john_warwick 27092
john_waters 27093
john_watson_(film_producer) 27094
john_wayne 27095
john_wells_(filmmaker) 27096
john_wells_(producer) 27097
john_whitesell 27098
john_williams 27099
john_williams_(actor) 27100
john_winter_(producer) 27101
john_witherspoon_(actor) 27102
john_woo 27103
john_woodvine 27104
john_xintavelonis 27105
johnathan_rice 27106
johnathon_schaech 27107
johnnie_taylor 27108
johnnie_to 27109
johnny_burke_(lyricist) 27110
johnny_cash 27111
johnny_depp 27112
johnny_douglas_(conductor) 27113
johnny_flynn_(musician) 27114
johnny_galecki 27115
johnny_gill 27116
johnny_goodman 27117
johnny_green 27118
johnny_hates_jazz 27119
johnny_k 27120
johnny_klimek 27121
johnny_knoxville 27122
johnny_lange 27123
johnny_lewis 27124
johnny_lin 27125
johnny_lu 27126
johnny_mack_brown 27127
johnny_mandel 27128
johnny_mercer 27129
johnny_meres 27130
johnny_pacar 27131
johnny_rodriguez 27132
johnny_sands 27133
johnny_sekka 27134
johnny_simmons 27135
johnny_strong 27136
johnny_washbrook 27137
johnny_weissmuller 27138
johnny_whitaker 27139
johnny_whitworth 27140
johnny_yong_bosch 27141
jojo_draven 27142
jolley_&_swain 27143
jon-erik_hexum 27144
jon_abrahams 27145
jon_amiel 27146
jon_avnet 27147
jon_bernthal 27148
jon_blair 27149
jon_bon_jovi 27150
jon_boorstin 27151
jon_brion 27152
jon_carin 27153
jon_cedar 27154
jon_cowan 27155
jon_cryer 27156
jon_davison_(film_producer) 27157
jon_ehrlich 27158
jon_ekstrand 27159
jon_favreau 27160
jon_finn 27161
jon_gries 27162
jon_gunn 27163
jon_hamm 27164
jon_heder 27165
jon_hopkins 27166
jon_huertas 27167
jon_jashni 27168
jon_kilik 27169
jon_lind 27170
jon_lovitz 27171
jon_m._chu 27172
jon_michael_hill 27173
jon_pertwee 27174
jon_peters 27175
jon_polito 27176
jon_sigve_skard 27177
jon_stewart 27178
jon_tenney 27179
jon_turteltaub 27180
jon_turtle 27181
jon_voight 27182
jonah_hill 27183
jonah_lotan 27184
jonah_ray 27185
jonah_smith 27186
jonas_pate 27187
jonas_åkerlund 27188
jonathan_banks 27189
jonathan_bennett_(actor) 27190
jonathan_brandis 27191
jonathan_breck 27192
jonathan_brugh 27193
jonathan_c._stewart_(actor) 27194
jonathan_cake 27195
jonathan_cavendish_(producer) 27196
jonathan_chang 27197
jonathan_cherry 27198
jonathan_crombie 27199
jonathan_d._krane 27200
jonathan_davis 27201
jonathan_demme 27202
jonathan_frakes 27203
jonathan_freeman_(actor) 27204
jonathan_glatzer 27205
jonathan_glazer 27206
jonathan_glickman 27207
jonathan_goldsmith_(musician) 27208
jonathan_goldstein_(filmmaker) 27209
jonathan_groff 27210
jonathan_haagensen 27211
jonathan_hale 27212
jonathan_hardy 27213
jonathan_haze 27214
jonathan_hensleigh 27215
jonathan_hyde 27216
jonathan_jackson_(actor) 27217
jonathan_kaplan 27218
jonathan_kesselman 27219
jonathan_kite 27220
jonathan_larson 27221
jonathan_lee_(record_producer) 27222
jonathan_levine_(screenwriter) 27223
jonathan_liebesman 27224
jonathan_lipnicki 27225
jonathan_lisecki 27226
jonathan_lynn 27227
jonathan_mcdaniel 27228
jonathan_morgan_heit 27229
jonathan_mostow 27230
jonathan_newman 27231
jonathan_olsberg 27232
jonathan_prince 27233
jonathan_pryce 27234
jonathan_rhys-meyers 27235
jonathan_rhys_meyers 27236
jonathan_sadowski 27237
jonathan_sanger 27238
jonathan_schwartz_(producer) 27239
jonathan_shestack 27240
jonathan_silverman 27241
jonathan_slavin 27242
jonathan_stark_(actor) 27243
jonathan_stern 27244
jonathan_taplin 27245
jonathan_taylor_thomas 27246
jonathan_tiersten 27247
jonathan_torrens 27248
jonathan_tucker 27249
jonathan_tunick 27250
jonathan_tzachor 27251
jonathan_wacks 27252
jonathan_ward_(actor) 27253
jonathan_winters 27254
jonathon_young 27255
jones,_george 27256
jonna_lee_(actress) 27257
jonny_greenwood 27258
jonny_lee_miller 27259
jonny_owen 27260
jonny_persey 27261
jonny_weston 27262
joo_jin-mo 27263
jope_ruonansuu 27264
jordan_bridges 27265
jordan_deniz_boyner 27266
jordan_fisher 27267
jordan_foley 27268
jordan_gertner 27269
jordan_horowitz 27270
jordan_kerner 27271
jordan_kiziuk 27272
jordan_schur 27273
jordan_todosey 27274
jordan_vogt-roberts 27275
jordana_brewster 27276
jordi_mollà 27277
jordi_mollá 27278
jorge_arriagada 27279
jorge_clemente_(actor) 27280
jorge_diaz_(actor) 27281
jorge_drexler 27282
jorge_garcia 27283
jorge_grau 27284
jorge_michel_grau 27285
jorge_mistral 27286
jorge_rivero 27287
jorge_salinas 27288
jorge_saralegui 27289
jorge_thielen_armand 27290
jorja_dwyer 27291
jorja_fox 27292
jos_de_putter 27293
jos_stelling 27294
jose_ferrer 27295
jose_javier_reyes 27296
jose_pablo_cantillo 27297
josef_hlinomaz 27298
josef_marais 27299
josef_rovenský 27300
josef_vinklář 27301
josef_von_sternberg 27302
joseph_barbera 27303
joseph_bishara 27304
joseph_bologna 27305
joseph_calleia 27306
joseph_campanella 27307
joseph_carl_breil 27308
joseph_cedar 27309
joseph_conlan 27310
joseph_cotten 27311
joseph_de_grasse 27312
joseph_drake_(producer) 27313
joseph_e._levine 27314
joseph_feury 27315
joseph_fiennes 27316
joseph_gershenson 27317
joseph_gordon-levitt 27318
joseph_h._lewis_(director) 27319
joseph_j._lilley 27320
joseph_janni 27321
joseph_kane 27322
joseph_koo 27323
joseph_l._mankiewicz 27324
joseph_levering 27325
joseph_loduca 27326
joseph_losey 27327
joseph_m._newman 27328
joseph_m._schenck 27329
joseph_maher 27330
joseph_mawle 27331
joseph_mazzello 27332
joseph_pevney 27333
joseph_ruben 27334
joseph_sargent 27335
joseph_schildkraut 27336
joseph_stephens 27337
joseph_strick 27338
joseph_trapanese 27339
joseph_wiseman 27340
joseph_zito 27341
josephine_byrnes 27342
josephine_crowell 27343
josephine_decker 27344
josephine_koo 27345
josephine_tewson 27346
josh_andrew_koenig 27347
josh_boone_(director) 27348
josh_bowman 27349
josh_braun 27350
josh_brolin 27351
josh_brown_(actor) 27352
josh_charles 27353
josh_cooke 27354
josh_duhamel 27355
josh_flitter 27356
josh_fox 27357
josh_gad 27358
josh_hamilton_(actor) 27359
josh_hartnett 27360
josh_henderson 27361
josh_holloway 27362
josh_homme 27363
josh_hopkins 27364
josh_hutcherson 27365
josh_lucas 27366
josh_mancell 27367
josh_mond 27368
josh_peck 27369
josh_radnor 27370
josh_schwartz 27371
josh_stolberg 27372
josh_trank 27373
josh_wiggins 27374
josh_zuckerman 27375
joshua_bowman 27376
joshua_close 27377
joshua_d._maurer 27378
joshua_garcia 27379
joshua_jackson 27380
joshua_leonard 27381
joshua_logan 27382
joshua_malina 27383
joshua_marston 27384
joshua_meador 27385
joshua_michael_stern 27386
joshua_oppenheimer 27387
joshua_taylor 27388
joshua_zeman 27389
josi_w._konski 27390
josiane_balasko 27391
josie_ho 27392
josie_loren 27393
josie_maran 27394
joss_ackland 27395
joss_whedon 27396
josé_ferrer 27397
josé_giovanni 27398
josé_gonzález_(singer) 27399
josé_gras 27400
josé_iturbi 27401
josé_luis_garcía_pérez 27402
josé_luis_gómez_(actor) 27403
josé_luis_lópez_vázquez 27404
josé_padilha 27405
josé_ramón_larraz 27406
joy_batchelor 27407
joy_bryant 27408
joy_cavill 27409
joy_tanner 27410
joyce_carey 27411
joyce_chopra 27412
joyce_eliason 27413
joyce_mackenzie 27414
joyce_meadows 27415
joyce_taylor 27416
joyce_van_patten 27417
joyryde 27418
jr_valentin 27419
jsu_garcia 27420
juan_a._mas 27421
juan_blanco 27422
juan_canals_de_homs 27423
juan_carlos_barreto 27424
juan_carlos_fresnadillo 27425
juan_chioran 27426
juan_david_restrepo 27427
juan_diego_botto 27428
juan_j._colomer 27429
juan_josé_campanella 27430
juan_lópez_moctezuma 27431
juan_manuel_cabrera 27432
juan_mas 27433
juan_pablo_di_pace 27434
juan_torena 27435
juanita_bynum 27436
juano_hernandez 27437
jud_taylor 27438
judah_friedlander 27439
judas_priest 27440
judd_apatow 27441
judd_hirsch 27442
judd_lynn 27443
judd_nelson 27444
jude_law 27445
judge_reinhold 27446
judi_bowker 27447
judi_dench 27448
judi_west 27449
judith_anderson 27450
judith_hill 27451
judith_hoag 27452
judith_ivey 27453
judith_light 27454
judith_montell 27455
judith_roberts_(actress) 27456
judith_scott_(american_actress) 27457
judith_vittet 27458
judy_bailey 27459
judy_davis 27460
judy_garland 27461
judy_geeson 27462
judy_greer 27463
judy_hofflund 27464
judy_holliday 27465
judy_marte 27466
judy_munsen 27467
judy_ongg 27468
judy_parfitt 27469
judy_reyes 27470
judyann_elder 27471
juha_veijonen 27472
juhani_niemelä 27473
jule_styne 27474
jules_bass 27475
jules_buck 27476
jules_dassin 27477
jules_furthman 27478
jules_greenbaum 27479
jules_munshin 27480
jules_sitruk 27481
jules_v._levy 27482
jules_white 27483
julia_barretto 27484
julia_bruns 27485
julia_campbell 27486
julia_dietze 27487
julia_foster 27488
julia_louis-dreyfus 27489
julia_montgomery 27490
julia_nickson 27491
julia_ormond 27492
julia_phillips 27493
julia_roberts 27494
julia_sawalha 27495
julia_stiles 27496
julian_adams 27497
julian_blaustein 27498
julian_farino 27499
julian_fellowes 27500
julian_glover 27501
julian_jarrold 27502
julian_krainin 27503
julian_morris 27504
julian_nott 27505
julian_ovenden 27506
julian_richings 27507
julian_sands 27508
julian_wadham 27509
julian_wintle 27510
juliana_harkavy 27511
julianna_margulies 27512
julianne_hough 27513
julianne_moore 27514
julianne_nicholson 27515
julianne_phillips 27516
juliano_ribeiro_salgado 27517
julie_adams 27518
julie_anderson 27519
julie_andrews 27520
julie_anne_robinson 27521
julie_baines 27522
julie_benz 27523
julie_bowen 27524
julie_carmen 27525
julie_christie 27526
julie_corman 27527
julie_cox 27528
julie_davis 27529
julie_delpy 27530
julie_gallo 27531
julie_gonzalo 27532
julie_hagerty 27533
julie_harris_(american_actress) 27534
julie_kavner 27535
julie_london 27536
julie_ménard 27537
julie_sommars 27538
julie_stewart 27539
julie_strain 27540
julie_taymor 27541
julie_walters 27542
julie_warner 27543
julie_yorn 27544
julien_bertheau 27545
julien_derode 27546
julien_duvivier 27547
juliet_anderson 27548
juliet_aubrey 27549
juliet_blake 27550
juliet_sorci 27551
juliet_stevenson 27552
julieta_venegas 27553
julieta_zylberberg 27554
juliette_binoche 27555
juliette_danielle 27556
juliette_goglia 27557
juliette_kaplan 27558
juliette_lewis 27559
julika_jenkins 27560
julio_medem 27561
julius_avery 27562
julius_hagen 27563
julius_j._epstein 27564
julius_packiam 27565
julius_tannen 27566
julián_carrillo 27567
jump_blues 27568
jun_falkenstein 27569
jun_fukuda 27570
jun_ji-hyun 27571
jun_kunimura 27572
jun_kwang-ryul 27573
jun_matsumoto 27574
jun_tazaki 27575
june_allyson 27576
june_duprez 27577
june_foray 27578
june_havoc 27579
june_kenney 27580
june_salter 27581
june_squibb 27582
june_thorburn 27583
june_travis 27584
june_whitfield 27585
jung_woo-sung 27586
junichi_okada 27587
junior_amiga 27588
junior_coghlan 27589
junji_fujita 27590
junji_sakamoto 27591
junkie_xl 27592
junko_takeuchi 27593
juno_temple 27594
jurnee_smollett 27595
justice_smith 27596
justin_bartha 27597
justin_bieber 27598
justin_caine_burnett 27599
justin_chadwick 27600
justin_chambers 27601
justin_chatwin 27602
justin_chon 27603
justin_fletcher 27604
justin_gordon 27605
justin_hartley 27606
justin_hayward 27607
justin_kirk 27608
justin_kurzel 27609
justin_lin 27610
justin_long 27611
justin_meldal-johnsen 27612
justin_shenkarow 27613
justin_small 27614
justin_theroux 27615
justin_timberlake 27616
justin_welborn 27617
justin_wilkes 27618
justine_cain 27619
justine_waddell 27620
justus_von_dohnányi 27621
jános_derzsi 27622
jérémie_renier 27623
jóhann_jóhannsson 27624
józsef_gyabronka 27625
jörg_buttgereit 27626
jörg_graser 27627
jörn-uwe_fahrenkrog-petersen 27628
jørgen_langhelle 27629
júlia_lemmertz 27630
jürgen_knieper 27631
jürgen_prochnow 27632
jürgen_schuster 27633
jürgen_vogel 27634
k'sun_ray 27635
k-pop 27636
k._danor_gerald 27637
k._t._stevens 27638
k.c._clyde 27639
k.d._aubert 27640
kabir_bedi 27641
kabir_khan_(director) 27642
kacey_barnfield 27643
kacey_clarke 27644
kacey_rohl 27645
kad_merad 27646
kadee_strickland 27647
kadeem_hardison 27648
kadokawa_daiei_studio 27649
kadokawa_herald_pictures 27650
kadokawa_pictures 27651
kaho_(actress) 27652
kais_nashef 27653
kaitlin_olson 27654
kaitlyn_dever 27655
kaitlyn_maher 27656
kajol 27657
kal_penn 27658
kaleidoscope_entertainment 27659
kaley_cuoco 27660
kali_rocha 27661
kalina_jędrusik 27662
kalki_koechlin 27663
kamal_haasan 27664
kamatari_fujiwara 27665
kambuzia_partovi 27666
kamil_tkacz 27667
kana_kurashina 27668
kana_nishino 27669
kane_(wrestler) 27670
kane_hodder 27671
kang_hye-jung 27672
kang_ji-hwan 27673
kangana_ranaut 27674
kaniehtiio_horn 27675
kanji_tsuda 27676
kao_chin_su-mei 27677
kaori_momoi 27678
kaori_sakagami 27679
kaoru_wada 27680
kara_crane 27681
kara_killmer 27682
kara_vallow 27683
karan_johar 27684
karan_soni 27685
kardinal_offishall 27686
kareem_abdul-jabbar 27687
kareena_kapoor 27688
karel_janák 27689
karel_reisz 27690
karel_roden 27691
karen_allen 27692
karen_arthur 27693
karen_austin 27694
karen_baldwin_(producer) 27695
karen_black 27696
karen_carlson 27697
karen_david 27698
karen_dotrice 27699
karen_gillan 27700
karen_kiss 27701
karen_lancaume 27702
karen_miyama 27703
karen_mok 27704
karen_moncrieff 27705
karen_morley 27706
karen_murphy_(producer) 27707
karen_prell 27708
karen_reyes 27709
karen_robson 27710
karen_steele 27711
karen_witter 27712
karen_young_(actress) 27713
karena_lam 27714
karena_ng 27715
kari_michaelsen 27716
kari_väänänen 27717
kari_wuhrer 27718
karim_hussain 27719
karin_booth 27720
karin_konoval 27721
karina_smulders 27722
karl_geary 27723
karl_ludwig_diehl 27724
karl_malden 27725
karl_pilkington 27726
karl_pruner 27727
karl_scheydt 27728
karl_urban 27729
karl_wallinger 27730
karla_souza 27731
karlie_kloss 27732
karolyn_ali 27733
karra_elejalde 27734
karrueche_tran 27735
karyn_kusama 27736
kasper_barfoed 27737
kassie_depaiva 27738
kasumi_arimura 27739
kasym_zhakibayev 27740
kat_de_lieva 27741
kat_dennings 27742
kat_graham 27743
kate_ashfield 27744
kate_beahan 27745
kate_beckinsale 27746
kate_bosworth 27747
kate_burton_(actress) 27748
kate_bush 27749
kate_capshaw 27750
kate_davis_(director) 27751
kate_dickie 27752
kate_forte 27753
kate_hudson 27754
kate_isitt 27755
kate_jackson 27756
kate_lanier 27757
kate_lester 27758
kate_lister 27759
kate_maberly 27760
kate_mara 27761
kate_melton 27762
kate_mulgrew 27763
kate_nelligan 27764
kate_reid 27765
kate_trotter 27766
kate_tsui 27767
kate_vernon 27768
kate_walsh_(actress) 27769
kate_winslet 27770
katee_sackhoff 27771
katey_sagal 27772
kath_soucie 27773
katharina_schüttler 27774
katharina_thalbach 27775
katharine_alexander 27776
katharine_hepburn 27777
katharine_isabelle 27778
katharine_mcphee 27779
katharine_ross 27780
katherine_brooks 27781
katherine_harris_barrymore 27782
katherine_heigl 27783
katherine_helmond 27784
katherine_lanasa 27785
katherine_locke 27786
katherine_maccoll 27787
katherine_macdonald 27788
katherine_waterston 27789
katheryn_hecht 27790
katheryn_winnick 27791
kathleen_barr 27792
kathleen_beller 27793
kathleen_cody_(actor) 27794
kathleen_harrison 27795
kathleen_kennedy_(producer) 27796
kathleen_neal_cleaver 27797
kathleen_quinlan 27798
kathleen_ryan 27799
kathleen_turner 27800
kathleen_wilhoite 27801
kathlyn_williams 27802
kathryn_bigelow 27803
kathryn_erbe 27804
kathryn_f._galan 27805
kathryn_grant_(actress) 27806
kathryn_hahn 27807
kathryn_harrold 27808
kathryn_mccormick 27809
kathryn_morris 27810
kathryn_mullen 27811
kathryn_newton 27812
kathryn_tucker_(producer) 27813
kathy_baker 27814
kathy_bates 27815
kathy_burke 27816
kathy_fields 27817
kathy_griffin 27818
kathy_ireland 27819
kathy_najimy 27820
kathy_yuen 27821
kati_outinen 27822
katie_featherston 27823
katie_holmes 27824
katie_hooten 27825
katie_mcgrath 27826
katie_morgan 27827
katie_stuart 27828
katie_volding 27829
katja_von_garnier 27830
katrin_cartlidge 27831
katrin_sass 27832
katrina_bowden 27833
katrina_elam 27834
katrina_kaif 27835
katsuhiko_nishijima 27836
katsuhiko_sasaki 27837
katsuji_morishita 27838
katsumasa_uchida 27839
katt_williams 27840
katy_jurado 27841
katy_kung 27842
katy_mixon 27843
katy_perry 27844
kaushalya_fernando 27845
kay_francis 27846
kay_hammond 27847
kay_harris 27848
kay_lenz 27849
kay_panabaker 27850
kay_thompson 27851
kayo_hatta 27852
kazuaki_kiriya 27853
kazuhiko_inoue 27854
kazuki_ōmori 27855
kazuma_miki 27856
kazumasa_hashimoto 27857
kazumi_evans 27858
kazunari_ninomiya 27859
kazuo_hasegawa 27860
kazuo_ōtani 27861
kazuya_murata_(director) 27862
kazuya_nakai 27863
kazuyoshi_yokota 27864
ke_huy_quan 27865
keane_(band) 27866
keanu_reeves 27867
keb'_mo' 27868
keefus_ciancia 27869
keegan-michael_key 27870
keegan_connor_tracy 27871
keegan_dewitt 27872
keegan_macintosh 27873
keeley_hawes 27874
keenan_wynn 27875
keenen_ivory_wayans 27876
keesha_sharp 27877
kehinde_bankole 27878
kei_tani 27879
kei_wakakusa 27880
keiichi_suzuki_(composer) 27881
keiji_fujiwara 27882
keiji_inai 27883
keiju_kobayashi 27884
keiko_agena 27885
keiko_takeshita 27886
keir_dullea 27887
keir_gilchrist 27888
keira_knightley 27889
keisuke_kinoshita 27890
keita_kono 27891
keita_saitō 27892
keith_barish 27893
keith_barron 27894
keith_baxter_(actor) 27895
keith_beauchamp_(filmmaker) 27896
keith_calder 27897
keith_carradine 27898
keith_coogan 27899
keith_david 27900
keith_ferguson_(voice_actor) 27901
keith_forsey 27902
keith_gordon 27903
keith_hampshire 27904
keith_hartman 27905
keith_marsh 27906
keith_moon 27907
keith_redmon 27908
keith_robinson_(actor) 27909
keith_samples 27910
keith_szarabajka 27911
keke_palmer 27912
kel_mitchell 27913
kellan_lutz 27914
kelli_maroney 27915
kelli_o'hara 27916
kelli_williams 27917
kellie_martin 27918
kellie_pickler 27919
kellie_shanygne_williams 27920
kelly_asbury 27921
kelly_bishop 27922
kelly_blatz 27923
kelly_brook 27924
kelly_clarkson 27925
kelly_fremon_craig 27926
kelly_hu 27927
kelly_jones 27928
kelly_keaton 27929
kelly_lebrock 27930
kelly_lee_(actress) 27931
kelly_lin 27932
kelly_lynch 27933
kelly_makin 27934
kelly_mcgillis 27935
kelly_metzger 27936
kelly_osbourne 27937
kelly_piper 27938
kelly_preston 27939
kelly_price 27940
kelly_reichardt 27941
kelly_reilly 27942
kelly_reno 27943
kelly_ripa 27944
kelly_rowan 27945
kelly_sheridan 27946
kelly_stables 27947
kelly_ward 27948
kelsey_grammer 27949
kemal_sahir_gürel 27950
kemi_lala_akindoju 27951
ken_annakin 27952
ken_berry 27953
ken_bevel 27954
ken_caillat 27955
ken_cameron 27956
ken_chan_(composer) 27957
ken_cook 27958
ken_curtis 27959
ken_darby 27960
ken_davitian 27961
ken_duken 27962
ken_foree 27963
ken_gampu 27964
ken_howard 27965
ken_hughes 27966
ken_jeong 27967
ken_jones_(music) 27968
ken_kao 27969
ken_kirzinger 27970
ken_kwapis 27971
ken_lerner 27972
ken_marino 27973
ken_matsudaira 27974
ken_olandt 27975
ken_olin 27976
ken_pogue 27977
ken_riddington 27978
ken_russell 27979
ken_sagoes 27980
ken_sansom 27981
ken_scott_(screenwriter) 27982
ken_shapiro 27983
ken_stott 27984
ken_sutherland 27985
ken_takakura 27986
ken_thorne 27987
ken_wahl 27988
ken_wannberg 27989
ken_watanabe 27990
ken_wiederhorn 27991
kenan_thompson 27992
kene_holliday 27993
kenean_buel 27994
kenichi_matsuyama 27995
kenji_kawai 27996
kenji_misumi 27997
kenji_mizoguchi 27998
kenji_sahara 27999
kenji_utsumi 28000
kenjiro_tsuda 28001
kennedi_clements 28002
kennedy_russell 28003
kenneth_ascher 28004
kenneth_branagh 28005
kenneth_connor 28006
kenneth_cranham 28007
kenneth_harlan 28008
kenneth_hyman 28009
kenneth_johnson_(producer) 28010
kenneth_kokin 28011
kenneth_lampl 28012
kenneth_lipper 28013
kenneth_ma 28014
kenneth_macgowan 28015
kenneth_mars 28016
kenneth_more 28017
kenneth_tsang 28018
kenneth_utt 28019
kenneth_wannberg 28020
kenneth_webb_(director) 28021
kenneth_welsh 28022
kenneth_williams 28023
kenny_baker_(english_actor) 28024
kenny_deori_basumatary 28025
kenny_johnson 28026
kenny_kweens 28027
kenny_leon 28028
kenny_moore 28029
kenny_ortega 28030
kenny_wormald 28031
kent_(band) 28032
kent_alterman 28033
kent_cheng 28034
kent_mccord 28035
kent_rogers 28036
kent_smith 28037
kent_ulrich 28038
kentucker_audley 28039
kenyon_hopkins 28040
keone_young 28041
keoni_waxman 28042
kerbdog 28043
keri_lynn_pratt 28044
keri_russell 28045
kerr_smith 28046
kerri_kenney-silver 28047
kerry_armstrong 28048
kerry_fox 28049
kerry_remsen 28050
kerry_shale 28051
kerry_washington 28052
kerwin_mathews 28053
keshia_knight_pulliam 28054
kether_donohue 28055
kevin_allen_(director) 28056
kevin_anderson_(actor) 28057
kevin_bacon 28058
kevin_bivona 28059
kevin_booth 28060
kevin_chamberlin 28061
kevin_chapman 28062
kevin_churko 28063
kevin_clash 28064
kevin_connolly_(actor) 28065
kevin_connor_(director) 28066
kevin_conroy 28067
kevin_conway_(actor) 28068
kevin_corcoran 28069
kevin_corrigan 28070
kevin_costner 28071
kevin_dillon 28072
kevin_dobson 28073
kevin_dowling_(director) 28074
kevin_downes 28075
kevin_doyle_(actor) 28076
kevin_dunn 28077
kevin_durand 28078
kevin_eastman 28079
kevin_eastwood 28080
kevin_farley 28081
kevin_feige 28082
kevin_gage_(actor) 28083
kevin_greutert 28084
kevin_grevioux 28085
kevin_hare 28086
kevin_harrington_(actor) 28087
kevin_hart 28088
kevin_hooks 28089
kevin_j._o'connor_(actor) 28090
kevin_james 28091
kevin_kilner 28092
kevin_kiner 28093
kevin_kline 28094
kevin_lee_(actor) 28095
kevin_lima 28096
kevin_macdonald_(director) 28097
kevin_manthei 28098
kevin_martin_(american_musician) 28099
kevin_mccarthy_(actor) 28100
kevin_mccormick_(movie_producer) 28101
kevin_mcdonald 28102
kevin_mckidd 28103
kevin_mcnally 28104
kevin_messick 28105
kevin_michael_richardson 28106
kevin_misher 28107
kevin_moreton 28108
kevin_munroe 28109
kevin_murphy_(actor) 28110
kevin_murphy_(screenwriter) 28111
kevin_nealon 28112
kevin_pollak 28113
kevin_rafferty 28114
kevin_rahm 28115
kevin_reynolds_(director) 28116
kevin_riepl 28117
kevin_rodney_sullivan 28118
kevin_sargent_(composer) 28119
kevin_schon 28120
kevin_schultz 28121
kevin_shields 28122
kevin_shirley 28123
kevin_smith 28124
kevin_sorbo 28125
kevin_spacey 28126
kevin_stillwell 28127
kevin_sullivan_(producer) 28128
kevin_sussman 28129
kevin_tenney 28130
kevin_tighe 28131
kevin_vanhook 28132
kevin_wade 28133
kevin_williamson_(screenwriter) 28134
kevin_yagher 28135
kevin_zegers 28136
keye_luke 28137
khaled_mouzanar 28138
khalid_abdalla 28139
khalifa_natour 28140
khandie_khisses 28141
khary_payton 28142
kherington_payne 28143
khushboo_sundar 28144
ki-yo 28145
kia_jam 28146
kid_cudi 28147
kid_ink 28148
kids_&_family 28149
kidtoon_films 28150
kiefer_sutherland 28151
kiel_martin 28152
kiele_sanchez 28153
kiely_williams 28154
kieran_culkin 28155
kieran_o'brien 28156
kiernan_shipka 28157
kieron_moore 28158
kiersten_warren 28159
kierston_wareing 28160
kieth_merrill 28161
kieu_chinh 28162
kihachi_okamoto 28163
kiichi_nakai 28164
kika_markham 28165
kikuko_inoue 28166
kim_ah-joong 28167
kim_basinger 28168
kim_bass 28169
kim_bodnia 28170
kim_bum 28171
kim_byung-woo 28172
kim_cattrall 28173
kim_coates 28174
kim_coles 28175
kim_darby 28176
kim_delaney 28177
kim_dong-jun 28178
kim_fields 28179
kim_greist 28180
kim_ha-neul 28181
kim_hae-sook 28182
kim_hamilton 28183
kim_han-min 28184
kim_hunter 28185
kim_hyang-gi 28186
kim_hye-soo 28187
kim_hyeon-seong 28188
kim_hyun-sook 28189
kim_jee-woon 28190
kim_jorgensen 28191
kim_jung-eun 28192
kim_kang-woo 28193
kim_kardashian 28194
kim_ki-duk 28195
kim_mccraw 28196
kim_min-jong 28197
kim_min-kyo 28198
kim_mu-yeol 28199
kim_novak 28200
kim_richards 28201
kim_roi-ha 28202
kim_sang-kyung 28203
kim_so-yeon 28204
kim_soo-hyun 28205
kim_sung-su_(director) 28206
kim_tae-seong_(composer) 28207
kim_thomson 28208
kim_wayans 28209
kim_weston 28210
kim_yeong-cheol_(actor) 28211
kim_yong-hwa 28212
kim_yoon-seok 28213
kimber_rickabaugh 28214
kimberley_kates 28215
kimberly_brooks 28216
kimberly_caldwell 28217
kimberly_elise 28218
kimberly_j._brown 28219
kimberly_norris_guerrero 28220
kimberly_peirce 28221
kimberly_williams-paisley 28222
kimbo_slice 28223
kimiko_glenn 28224
kimiko_yo 28225
kimiye_corwin 28226
king's_x 28227
king,_b.b. 28228
king_donovan 28229
king_features_entertainment 28230
king_hu 28231
king_moody 28232
king_vidor 28233
king_world_productions 28234
kings_road_entertainment 28235
kinji_fukasaku 28236
kino_international_(company) 28237
kino_lorber 28238
kino_świat 28239
kinowelt_home_entertainment 28240
kinsey_packard 28241
kinuyo_tanaka 28242
kiowa_k._winans 28243
kip_pardue 28244
kipp_hamilton 28245
kira_davis 28246
kira_tozer 28247
kiray_celis 28248
kirby_bliss_blanton 28249
kirby_grant 28250
kirby_heyborne 28251
kiril_džajkovski 28252
kirin_kiki 28253
kirk_b.r._woller 28254
kirk_browning 28255
kirk_cameron 28256
kirk_demicco 28257
kirk_douglas 28258
kirk_hammett 28259
kirk_r._thatcher 28260
kirk_shaw 28261
kirron_kher 28262
kirsten_dunst 28263
kirsten_prout 28264
kirsten_vangsness 28265
kirstie_alley 28266
kirsty_dillon 28267
kirsty_mitchell 28268
kiss_(band) 28269
kit_harington 28270
kitty_winn 28271
kiyoshi_atsumi 28272
kiyoshi_kobayashi 28273
kiyoshi_kurosawa 28274
kiyoshi_yoshida 28275
klaus_badelt 28276
klaus_kinski 28277
klaus_maria_brandauer 28278
klaus_pohl_(actor) 28279
klay_hall 28280
kleber_mendonça_filho 28281
knud_dahl 28282
knut_berger 28283
knut_haugmark 28284
knut_husebø 28285
koch-lorber_films 28286
koch_media 28287
koch_vision 28288
kodi_smit-mcphee 28289
kohl_sudduth 28290
koichi_ohata 28291
koichi_sakamoto 28292
koichi_sugiyama 28293
koji_kawano 28294
kojun_saitō 28295
koko_(dog) 28296
kon_ichikawa 28297
konrad_dannenberg 28298
korea 28299
korean_broadcasting_system 28300
korean_language 28301
koreya_senda 28302
kori_rae 28303
kotono_mitsuishi 28304
kou_shibasaki 28305
kraftwerk 28306
krautrock 28307
krazy_george_henderson 28308
kreng_(musician) 28309
krewella 28310
kris_bowers 28311
kris_hill 28312
kris_kristofferson 28313
kris_marshall 28314
kris_pearn 28315
kristanna_loken 28316
kristen_anderson-lopez 28317
kristen_bell 28318
kristen_johnston 28319
kristen_schaal 28320
kristen_stewart 28321
kristen_wiig 28322
kristen_wilson 28323
kristi_zea 28324
kristian_levring 28325
kristie_macosko_krieger 28326
kristin_asbjørnsen 28327
kristin_booth 28328
kristin_chenoweth 28329
kristin_davis 28330
kristin_griffith 28331
kristin_kreuk 28332
kristin_scott_thomas 28333
kristina_wayborn 28334
kristine_belson 28335
kristine_sutherland 28336
kristofer_hivju 28337
kristoffer_polaha 28338
kristoffer_tabori 28339
kristopher_carter 28340
kristy_mcnichol 28341
kristy_swanson 28342
kristy_wu 28343
kristy_yang 28344
kriv_stenders 28345
krsto_papić 28346
krystal_vee 28347
krysten_ritter 28348
krzysztof_kieślowski 28349
krzysztof_komeda 28350
kseniya_kachalina 28351
ku_feng 28352
kumar_pallana 28353
kumi_mizuno 28354
kumiko_goto 28355
kunal_nayyar 28356
kunihiko_ikuhara 28357
kunihiko_mitamura 28358
kunihiko_yuyama 28359
kuniko_miyake 28360
kunio_murai 28361
kuno_becker 28362
kurt_blachy 28363
kurt_cobain 28364
kurt_fuller 28365
kurt_heinecke 28366
kurt_kasznar 28367
kurt_kuenne 28368
kurt_maetzig 28369
kurt_max_runte 28370
kurt_mckinney 28371
kurt_neumann_(director) 28372
kurt_russell 28373
kurt_schröder 28374
kurt_swinghammer 28375
kurt_thomas_(gymnast) 28376
kurt_wimmer 28377
kurtwood_smith 28378
kwak_do-won 28379
kwok_fung 28380
kwong_wa 28381
ky-mani_marley 28382
kyla_pratt 28383
kyle_balda 28384
kyle_chandler 28385
kyle_davis_(actor) 28386
kyle_eastwood 28387
kyle_gallner 28388
kyle_maclachlan 28389
kyle_newman 28390
kyle_rankin 28391
kyle_schmid 28392
kyle_schwitek 28393
kyle_t._heffner 28394
kylie_bunbury 28395
kylie_minogue 28396
kylie_rogers 28397
kym_whitley 28398
kym_wilson 28399
kyme_(actress) 28400
kyra_sedgwick 28401
kyōko_kagawa 28402
kyōko_koizumi 28403
kátia_lund 28404
käthe_dorsch 28405
kåre_hedebrant 28406
kíla 28407
köksal_engür 28408
kōichi_funatsu 28409
kōichi_satō_(actor) 28410
kōichi_yamadera 28411
kōji_ishii 28412
kōji_kikkawa 28413
kōji_makaino 28414
kōji_morimoto 28415
kōji_shiraishi 28416
kōji_takahashi 28417
kōji_yakusho 28418
kōsuke_toyohara 28419
l'alliance_cinématographique_européenne 28420
l._q._jones 28421
l._subramaniam 28422
l.q._jones 28423
la_bionda 28424
la_la_anthony 28425
lacey_chabert 28426
ladislav_pešek 28427
lady_antebellum 28428
lady_gaga 28429
ladyhawke_(musician) 28430
laeta_kalogridis 28431
lafe_mckee 28432
laibach_(band) 28433
laila_ali 28434
laila_mikkelsen 28435
lainie_kazan 28436
laird_cregar 28437
lajos_koltai 28438
lajos_szakacsi 28439
lake_bell 28440
lakeith_stanfield 28441
lakeshore_entertainment 28442
lal_(actor) 28443
lalo_schifrin 28444
lam_suet 28445
lamar_trotti 28446
lambert_hillyer 28447
lambert_wilson 28448
lamman_rucker 28449
lamont_bentley 28450
lan_cheng-lung 28451
lana_clarkson 28452
lana_del_rey 28453
lana_parrilla 28454
lana_turner 28455
lana_wachowski 28456
lance_armstrong 28457
lance_bass 28458
lance_crouther 28459
lance_gross 28460
lance_henriksen 28461
lance_kinsey 28462
lance_percival 28463
lance_robertson 28464
lando_buzzanca 28465
landon_liboiron 28466
landy_wen 28467
lane_smith 28468
lange_film_releasing 28469
langley_kirkwood 28470
lani_tupu 28471
lansing_l._smith 28472
lantern_entertainment 28473
lar_park_lincoln 28474
lara_breay 28475
lara_cox 28476
lara_flynn_boyle 28477
lara_parker 28478
laraine_day 28479
laraine_newman 28480
larenz_tate 28481
larisa_oleynik 28482
larry_a._thompson 28483
larry_bagby 28484
larry_blamire 28485
larry_brandenburg 28486
larry_brezner 28487
larry_bryggman 28488
larry_cedar 28489
larry_charles 28490
larry_cohen 28491
larry_darmour 28492
larry_drake 28493
larry_fessenden 28494
larry_fine 28495
larry_franco 28496
larry_gelbart 28497
larry_hagman 28498
larry_j._franco 28499
larry_joe_campbell 28500
larry_kennar 28501
larry_klein 28502
larry_kramer 28503
larry_latham_(animator) 28504
larry_levinson 28505
larry_manetti 28506
larry_meistrich 28507
larry_miller_(comedian) 28508
larry_parks 28509
larry_pecorella 28510
larry_peerce 28511
larry_rickles 28512
larry_rosen_(producer) 28513
larry_storch 28514
larry_sugar 28515
larry_the_cable_guy 28516
lars-magnus_lindgren 28517
lars-owe_carlberg 28518
lars_bredo_rahbek 28519
lars_hanson 28520
lars_knudsen_(producer) 28521
lars_lillo-stenberg 28522
lars_ranthe 28523
lars_ulrich 28524
lars_von_trier 28525
lasse_hallström 28526
lati_grobman 28527
latin_hip-hop 28528
latin_jazz 28529
latin_music 28530
latin_pop 28531
latin_rock 28532
latin_jazz 28533
lau_dan 28534
lau_kar-leung 28535
lau_kar-wing 28536
lau_kar_leung 28537
laura-leigh 28538
laura_allen 28539
laura_antonelli 28540
laura_bailey_(voice_actress) 28541
laura_bayley 28542
laura_benanti 28543
laura_bertram 28544
laura_betti 28545
laura_bowman 28546
laura_brent 28547
laura_checkley 28548
laura_dern 28549
laura_harrington 28550
laura_harris 28551
laura_howard 28552
laura_jane_coles 28553
laura_jordan_(actress) 28554
laura_karpman 28555
laura_la_plante 28556
laura_leighton 28557
laura_linney 28558
laura_morante 28559
laura_ramsey 28560
laura_regan 28561
laura_ritchie 28562
laura_rossi 28563
laura_san_giacomo 28564
laura_spencer_(actress) 28565
laura_vasiliu 28566
laura_whitehorn 28567
laura_ziskin 28568
laurel_goodwin 28569
laurel_holloman 28570
lauren_ambrose 28571
lauren_bacall 28572
lauren_bittner 28573
lauren_bowles 28574
lauren_cohan 28575
lauren_graham 28576
lauren_greenfield 28577
lauren_holly 28578
lauren_hutton 28579
lauren_lane 28580
lauren_lazin 28581
lauren_lee_smith 28582
lauren_london 28583
lauren_miller 28584
lauren_miller_rogen 28585
lauren_montgomery 28586
lauren_shuler_donner 28587
lauren_stamile 28588
lauren_tewes 28589
lauren_tom 28590
lauren_vélez 28591
laurence_fishburne 28592
laurence_fox 28593
laurence_harvey 28594
laurence_mark 28595
laurence_naismith 28596
laurence_olivier 28597
laurence_olivier_award_for_best_musical_revival 28598
laurence_olivier_award_for_best_new_musical 28599
laurence_r._harvey 28600
laurence_rosenthal 28601
laurence_trimble 28602
laurent_ferlet 28603
laurent_lafitte 28604
laurent_petitgand 28605
laurent_pétin 28606
laurie_bird 28607
laurie_collyer 28608
laurie_heineman 28609
laurie_johnson 28610
laurie_lynd 28611
laurie_macdonald 28612
laurie_mclarty 28613
laurie_metcalf 28614
laurie_mitchell 28615
laurie_mock 28616
laurie_taylor_(sociologist) 28617
laurieann_gibson 28618
lav_diaz 28619
lava_productions_ag 28620
lavan_davis 28621
lawrence_bender 28622
lawrence_c._windom 28623
lawrence_cheng 28624
lawrence_dane 28625
lawrence_doheny 28626
lawrence_edward_watkin 28627
lawrence_gilliard_jr. 28628
lawrence_gordon_(producer) 28629
lawrence_hilton-jacobs 28630
lawrence_huntington 28631
lawrence_inglee 28632
lawrence_j._cohen 28633
lawrence_kasanoff 28634
lawrence_kasdan 28635
lawrence_ko 28636
lawrence_lasker 28637
lawrence_monoson 28638
lawrence_montaigne 28639
lawrence_pressman 28640
lawrence_turman 28641
lawrence_weingarten 28642
layke_anderson 28643
laz_alonso 28644
ld_entertainment 28645
lea_lander 28646
lea_thompson 28647
leah_lail 28648
leah_pinsent 28649
leah_pipes 28650
leah_purcell 28651
leandro_firmino_da_hora 28652
leann_rimes 28653
leatrice_joy 28654
lebron_james 28655
lech_majewski 28656
lee_%22lasses%22_white 28657
lee_bowman 28658
lee_byung-hun 28659
lee_byung-woo 28660
lee_caplin 28661
lee_chamberlin 28662
lee_chang-dong 28663
lee_cormie 28664
lee_evans_(comedian) 28665
lee_friedlander_(film_director) 28666
lee_garlington 28667
lee_geung-young 28668
lee_grant 28669
lee_h._katzin 28670
lee_han-wi 28671
lee_holdridge 28672
lee_horsley 28673
lee_j._cobb 28674
lee_jong-won 28675
lee_jung-jae 28676
lee_kang-sheng 28677
lee_ki-young 28678
lee_majors 28679
lee_marvin 28680
lee_mendelson 28681
lee_mi-yeon 28682
lee_montgomery 28683
lee_pace 28684
lee_patrick_(actress) 28685
lee_philips 28686
lee_purcell 28687
lee_remick 28688
lee_rich 28689
lee_roberts 28690
lee_robinson_(director) 28691
lee_rose_(director) 28692
lee_sang-il_(film_director) 28693
lee_seo-jin 28694
lee_seung-yeon 28695
lee_sholem 28696
lee_stranahan 28697
lee_strasberg 28698
lee_tamahori 28699
lee_tergesen 28700
lee_tockar 28701
lee_van_cleef 28702
lee_ving 28703
lee_whitlock 28704
lee_williams_(actor) 28705
lee_zahler 28706
leela_savasta 28707
leelee_sobieski 28708
leem_lubany 28709
leevi_madetoja 28710
lefty_frizzell 28711
legacy_releasing 28712
legal_drama 28713
leif_erickson_(actor) 28714
leif_garrett 28715
leigh_harline 28716
leigh_jason 28717
leigh_lawson 28718
leigh_lombardi 28719
leigh_taylor-young 28720
leigh_whannell 28721
leighton_lucas 28722
leighton_meester 28723
leila_arcieri 28724
leila_gerstein 28725
leila_hyams 28726
leila_mimmack 28727
leith_stevens 28728
lela_rochon 28729
leland_hayward 28730
leland_orser 28731
lele_marchitelli 28732
len_cariou 28733
len_wiseman 28734
lena_endre 28735
lena_headey 28736
lena_olin 28737
lene_børglum 28738
leni_riefenstahl 28739
lenn_kudrjawizki 28740
lennart_hjulström 28741
lennie_hayton 28742
lennie_james 28743
lennie_niehaus 28744
lennon–mccartney 28745
lenny_henry 28746
lenny_kaye 28747
lenny_von_dohlen 28748
lenny_white 28749
lenore_zann 28750
leo_birenberg 28751
leo_brouwer 28752
leo_c._popkin 28753
leo_carrillo 28754
leo_d._maloney 28755
leo_f._forbstein 28756
leo_fafard 28757
leo_fitzpatrick 28758
leo_genn 28759
leo_gordon 28760
leo_gregory 28761
leo_martinez 28762
leo_mccarey 28763
leo_mckern 28764
leo_rossi 28765
leo_shuken 28766
leon_ames 28767
leon_errol 28768
leon_gast 28769
leon_greene 28770
leon_huff 28771
leon_ichaso 28772
leon_isaac_kennedy 28773
leon_janney 28774
leon_ko 28775
leon_lai 28776
leon_lučev 28777
leon_niemczyk 28778
leon_robinson 28779
leon_schlesinger 28780
leon_thau 28781
leonard_bernstein 28782
leonard_chess 28783
leonard_earl_howze 28784
leonard_freeman 28785
leonard_goldberg 28786
leonard_goldstein 28787
leonard_harris_(actor) 28788
leonard_ho 28789
leonard_nimoy 28790
leonard_roberts 28791
leonard_rosenman 28792
leonard_salzedo 28793
leonardo_dicaprio 28794
leonardo_sbaraglia 28795
leonid_alekseev 28796
leonid_desyatnikov 28797
leonid_yarmolnik 28798
leonine_holding 28799
leonor_varela 28800
leonor_watling 28801
leopold_ross 28802
leopoldo_trieste 28803
leora_dana 28804
leota_lorraine 28805
leroy_shield 28806
les_baxter 28807
les_clark 28808
les_films_corona 28809
les_films_du_losange 28810
les_films_gloria 28811
les_hooper 28812
les_mayfield 28813
les_reed_(songwriter) 28814
les_stroud 28815
les_tremayne 28816
leshay_tomlinson 28817
lesley-anne_down 28818
lesley_ann_warren 28819
lesley_barber 28820
lesley_chilcott 28821
lesley_dunlop 28822
lesley_manville 28823
lesley_miller 28824
lesley_nicol_(actress) 28825
lesley_selander 28826
lesley_sharp 28827
lesli_margherita 28828
leslie_ash 28829
leslie_banks 28830
leslie_belzberg 28831
leslie_bibb 28832
leslie_caron 28833
leslie_cheung 28834
leslie_easterbrook 28835
leslie_fenton 28836
leslie_fuller 28837
leslie_gilliat 28838
leslie_goodwins 28839
leslie_greif 28840
leslie_hope 28841
leslie_howard 28842
leslie_howard_(actor) 28843
leslie_jordan 28844
leslie_mann 28845
leslie_morgenstein 28846
leslie_nielsen 28847
leslie_norman_(director) 28848
leslie_parkyn 28849
leslie_parrish 28850
leslie_phillips 28851
leslie_small 28852
leslie_stevens 28853
leslie_uggams 28854
leslie_urdang 28855
leslie_wing 28856
lesllie_bovee 28857
leslye_headland 28858
lester_persky 28859
leszek_burzynski 28860
letitia_wright 28861
letoya_luckett 28862
lets_be_friends 28863
letty_aronson 28864
letícia_román 28865
leueen_macgrath 28866
leung_siu-lung 28867
lev_l._spiro 28868
lev_lobov 28869
levan_gabriadze 28870
levar_burton 28871
level_42 28872
leven_rambin 28873
levon_helm 28874
lew_ayres 28875
lew_gallo 28876
lew_landers 28877
lew_morton 28878
lew_pollack 28879
lew_porter 28880
lew_schneider 28881
lew_temple 28882
lewis_allen_(director) 28883
lewis_collins 28884
lewis_d._collins 28885
lewis_freedman 28886
lewis_gilbert 28887
lewis_j._rachmil 28888
lewis_j._selznick 28889
lewis_milestone 28890
lewis_r._foster 28891
lewis_seiler 28892
lewis_stone 28893
lewis_teague 28894
lewis_wilson 28895
lex_barker 28896
lex_de_azevedo 28897
lex_lang 28898
lex_lutzus 28899
lexi_ainsworth 28900
lexington_broadcast_services_company 28901
lgbt 28902
lgbtq_representations_in_hip_hop_music 28903
li_bingbing 28904
li_jun_li 28905
li_shao_xiang 28906
li_xiaofeng_(professional_gamer) 28907
li_xuejian 28908
li_yuchun 28909
lia_sargent 28910
lia_williams 28911
liam_aiken 28912
liam_cunningham 28913
liam_finn_(film_producer) 28914
liam_garrigan 28915
liam_hemsworth 28916
liam_mcintyre 28917
liam_neeson 28918
liam_o'brien 28919
liam_o'donnell_(director) 28920
liana_liberato 28921
libra_films 28922
lidia_vitale 28923
liesel_pritzker_simmons 28924
lieux_dressler 28925
liev_schreiber 28926
liev_schrieber 28927
lifetime_original_movies 28928
lifetime_(tv_channel) 28929
lifetime_(tv_network) 28930
lifetime_television 28931
light_entertainment 28932
lightning_entertainment 28933
lightning_pictures 28934
lightyear_entertainment 28935
lil'_fizz 28936
lil'_kim 28937
lil_mama 28938
lila_garrett 28939
lili_bech 28940
lili_fini_zanuck 28941
lili_simmons 28942
lili_taylor 28943
lilia_michel 28944
lilia_skala 28945
liliana_mumy 28946
liliana_pardo 28947
lill_roughley 28948
lilli_palmer 28949
lillian_gish 28950
lilly_wachowski 28951
lily_collins 28952
lily_james 28953
lily_tomlin 28954
lilyan_chauvin 28955
lim_yu-beng 28956
lin_gengxin 28957
lin_lisheng 28958
lin_peng 28959
lin_shaye 28960
lina_leandersson 28961
lina_rodriguez 28962
lincoln_lewis 28963
linda_bassett 28964
linda_blair 28965
linda_bloodworth-thomason 28966
linda_cardellini 28967
linda_chung 28968
linda_cristal 28969
linda_darnell 28970
linda_emond 28971
linda_evans 28972
linda_fiorentino 28973
linda_hamilton 28974
linda_harrison 28975
linda_hassani 28976
linda_haynes 28977
linda_henry 28978
linda_hunt 28979
linda_kelsey 28980
linda_kerridge 28981
linda_kozlowski 28982
linda_kuk 28983
linda_larkin 28984
linda_lavin 28985
linda_mccartney 28986
linda_mendelson 28987
linda_mendoza 28988
linda_perry 28989
linda_purl 28990
linda_reisman 28991
linda_steiner 28992
linda_watkins 28993
linden_ashby 28994
lindsay_anderson 28995
lindsay_beamish 28996
lindsay_crouse 28997
lindsay_doran 28998
lindsay_duncan 28999
lindsay_frost 29000
lindsay_lohan 29001
lindsay_wagner 29002
lindsey_mckeon 29003
lindsey_shaw 29004
lindsley_parsons 29005
lindy_booth 29006
ling_yun_(actor) 29007
linh_dan_pham 29008
linnea_quigley 29009
lino_ventura 29010
linus_roache 29011
linwood_boomer 29012
lio_tipton 29013
lion's_gate 29014
lionel_atwill 29015
lionel_barrymore 29016
lionel_c._martin 29017
lionel_chetwynd 29018
lionel_jeffries 29019
lionel_mark_smith 29020
lionel_newman 29021
lionel_stander 29022
lionel_wigram_(film_producer) 29023
lions_gate_entertainment 29024
lions_gate_films 29025
lions_gate_home_entertainment 29026
lionsgate 29027
lionsgate_dvds_under_$10 29028
lionsgate_dvds_under_$15 29029
lionsgate_dvds_under_$20 29030
lionsgate_home_entertainment 29031
lionsgate_indie_selects 29032
lionsgate_films 29033
lionsgate_home_entertainment 29034
lionsgate_premiere 29035
lionsgate_television 29036
lionsgate_uk 29037
lior_ashkenazi 29038
lippert_pictures 29039
lisa_arrindell_anderson 29040
lisa_bonet 29041
lisa_brenner 29042
lisa_bruce 29043
lisa_cholodenko 29044
lisa_coleman_(musician) 29045
lisa_eichhorn 29046
lisa_eilbacher 29047
lisa_fischer 29048
lisa_fruchtman 29049
lisa_gerrard 29050
lisa_hartman 29051
lisa_hartman_black 29052
lisa_hensley_(actress) 29053
lisa_henson 29054
lisa_jakub 29055
lisa_kudrow 29056
lisa_ling 29057
lisa_loven_kongsli 29058
lisa_lu 29059
lisa_m._hansen 29060
lisa_maxwell_(actress) 29061
lisa_muskat 29062
lisa_niemi 29063
lisa_onodera 29064
lisa_schrage 29065
lisa_wilcox 29066
lisagay_hamilton 29067
lisaraye_mccoy 29068
list_of_days_of_our_lives_cast_members 29069
list_of_previous_days_of_our_lives_cast_members 29070
list_of_saturday_night_live_cast_members 29071
list_of_sci_fi_pictures_original_films 29072
list_of_world_wrestling_entertainment_employees 29073
lita_milan 29074
lita_richardson 29075
lita_stantic 29076
little_ann_little 29077
little_richard 29078
little_tony_(singer) 29079
liu_peiqi 29080
liu_yifei 29081
liv_tyler 29082
liv_ullmann 29083
liva_forsberg 29084
live_action 29085
live_television 29086
lixin_fan 29087
liz_heller 29088
liz_holzman 29089
liz_renay 29090
liza_chasin 29091
liza_minnelli 29092
liza_wang 29093
liza_weil 29094
lizabeth_scott 29095
lizzy_caplan 29096
ll_cool_j 29097
lloyd_bacon 29098
lloyd_bochner 29099
lloyd_bridges 29100
lloyd_french 29101
lloyd_haynes 29102
lloyd_hughes_(actor) 29103
lloyd_j._schwartz 29104
lloyd_kaufman 29105
lloyd_kramer 29106
lloyd_levin 29107
lloyd_nolan 29108
lloyd_owen 29109
lloyd_segan 29110
lloyd_whitlock 29111
lluís_homar 29112
lo_mang 29113
lo_wei 29114
loan_chabanol 29115
lochlyn_munro 29116
lodovico_gasparini 29117
loek_dikker 29118
loews_cineplex_entertainment 29119
logan_grove 29120
logan_lerman 29121
logan_marshall-green 29122
lois_chiles 29123
lois_maxwell 29124
lois_nettleton 29125
lois_smith 29126
lola_albright 29127
lola_brooks_(actor) 29128
lola_glaudini 29129
lola_naymark 29130
lola_todd 29131
lolita_davidovich 29132
lolita_ritmanis 29133
lombardo_boyar 29134
lon_chaney 29135
lon_chaney,_jr. 29136
lon_chaney_jr. 29137
lon_mccallister 29138
lone_scherfig 29139
lonette_mckee 29140
long 29141
loni_anderson 29142
lonny_price 29143
lopert_pictures 29144
lopert_pictures_corporation 29145
loren_dean 29146
lorene_scafaria 29147
lorenz_hart 29148
lorenza_izzo 29149
lorenzo_di_bonaventura 29150
lorenzo_music 29151
lorenzo_tucker 29152
loretta_devine 29153
loretta_king_hadler 29154
loretta_lynn 29155
loretta_swit 29156
loretta_young 29157
lori_cheatle 29158
lori_forte 29159
lori_hallier 29160
lori_heuring 29161
lori_loughlin 29162
lori_mccreary 29163
lori_petty 29164
lori_singer 29165
lorimar-telepictures 29166
lorna_gray 29167
lorna_luft 29168
lorne_balfe 29169
lorne_cardinal 29170
lorne_michaels 29171
lorraine_bracco 29172
lorraine_lévy 29173
lorraine_richard 29174
lota_chukwu 29175
lothaire_bluteau 29176
lothar_mendes 29177
lotte_entertainment 29178
lotte_koch 29179
lotte_lenya 29180
lou_adler 29181
lou_antonio 29182
lou_christie 29183
lou_costello 29184
lou_diamond_phillips 29185
lou_ferrigno 29186
lou_gish 29187
lou_jacobi 29188
lou_rhodes 29189
lou_scheimer 29190
lou_taylor_pucci 29191
lou_tellegen 29192
loudon_wainwright_iii 29193
louie_rankin 29194
louis_armstrong 29195
louis_beydts 29196
louis_c.k. 29197
louis_calhern 29198
louis_cheung 29199
louis_d._lighton 29200
louis_de_rochemont 29201
louis_dolivet 29202
louis_emerick 29203
louis_f._edelman 29204
louis_fan_(actor) 29205
louis_febre 29206
louis_ferreira 29207
louis_feuillade 29208
louis_forbes 29209
louis_gossett_jr. 29210
louis_hayward 29211
louis_herthum 29212
louis_jourdan 29213
louis_king 29214
louis_leterrier 29215
louis_levy 29216
louis_malle 29217
louis_mandylor 29218
louis_marks 29219
louis_negin 29220
louis_næss-schmidt 29221
louis_quinn 29222
louis_sclavis 29223
louis_silvers 29224
louisa_lytton 29225
louisa_moritz 29226
louise_beavers 29227
louise_bourgoin 29228
louise_brooks 29229
louise_currie 29230
louise_dresser 29231
louise_fazenda 29232
louise_fletcher 29233
louise_griffiths 29234
louise_harris 29235
louise_huff 29236
louise_portal 29237
louise_vallance 29238
louise_vesth 29239
lounge_music 29240
lowell_dean 29241
lowell_lo 29242
lowell_sherman 29243
lu_feng_(actor) 29244
lu_yang 29245
lu_yi_(actor) 29246
luana_anders 29247
luana_patten 29248
luana_walters 29249
luann_haslam 29250
lubna_azabal 29251
luc_besson 29252
luc_déry 29253
luc_jacquet 29254
luca_barbareschi 29255
luca_guadagnino 29256
lucas_black 29257
lucas_foster 29258
lucas_grabeel 29259
lucas_till 29260
lucas_vidal 29261
lucero_(band) 29262
lucia_bosè 29263
lucian_piane 29264
luciana_paluzzi 29265
luciano_martino 29266
lucie_arnaz 29267
lucie_pátiková 29268
lucien_cailliet 29269
lucien_littlefield 29270
lucija_šerbedžija 29271
lucile_watson 29272
lucille_ball 29273
lucille_norman 29274
lucinda_dickey 29275
lucinda_jenney 29276
lucio_fulci 29277
lucky_mckee 29278
lucy_boynton 29279
lucy_davis 29280
lucy_decoutere 29281
lucy_fisher 29282
lucy_hale 29283
lucy_lawless 29284
lucy_liu 29285
lucy_marlow 29286
lucy_punch 29287
lucy_russell_(actress) 29288
lucy_tulugarjuk 29289
lucy_walker_(director) 29290
lucía_bedoya 29291
ludacris 29292
ludi_boeken 29293
ludovico_einaudi 29294
ludwig_göransson 29295
ludwig_trepte 29296
luggi_waldleitner 29297
luigi_carpentieri 29298
luigi_falorni 29299
luigi_lo_cascio 29300
luigi_mele 29301
luigi_pistilli 29302
luigi_vannucchi 29303
luis_bacalov 29304
luis_buñuel 29305
luis_de_pablo 29306
luis_guzmán 29307
luis_mandoki 29308
luis_maría_serra 29309
luis_tosar 29310
luise_rainer 29311
lukas_graham 29312
lukas_haas 29313
luke_askew 29314
luke_benward 29315
luke_bracey 29316
luke_campbell_(director) 29317
luke_eberl 29318
luke_evans_(actor) 29319
luke_goss 29320
luke_greenfield 29321
luke_halpin 29322
luke_kirby 29323
luke_kirby_(actor) 29324
luke_murphy_(actor) 29325
luke_perry 29326
luke_treadaway 29327
luke_wilson 29328
luli_deste 29329
lullabies 29330
lumi_cavazos 29331
luminița_gheorghiu 29332
lupe_ontiveros 29333
lupe_vélez 29334
lupita_nyong'o 29335
luther_davis 29336
luther_ingram 29337
luther_vandross 29338
lux_film 29339
lya_de_putti 29340
lyda_salmonova 29341
lydia_alfonsi 29342
lydia_dean_pilcher 29343
lydia_nicole 29344
lydia_woodward 29345
lyldoll 29346
lyle_lovett 29347
lyle_talbot 29348
lyle_workman 29349
lymari_nadal 29350
lyn_murray 29351
lynda_boyd 29352
lynda_obst 29353
lyndall_hobbs 29354
lyndsy_fonseca 29355
lynette_howell_taylor 29356
lynn-holly_johnson 29357
lynn_bari 29358
lynn_carlin 29359
lynn_collins 29360
lynn_ferguson 29361
lynn_harris 29362
lynn_hung 29363
lynn_loring 29364
lynn_mancinelli 29365
lynn_raynor 29366
lynn_redgrave 29367
lynn_whitfield 29368
lynne_griffin 29369
lynne_overman 29370
lynne_ramsay 29371
lysette_anthony 29372
lászló_benedek 29373
léa_pool 29374
léa_seydoux 29375
lélia_wanick_salgado 29376
léo_lasko 29377
lü_yue_(cinematographer) 29378
m._c._gainey 29379
m._emmet_walsh 29380
m._g._radhakrishnan 29381
m._g._soman 29382
m._j._bassett 29383
m._j._frankovich 29384
m._k._arjunan 29385
m._night_shyamalan 29386
m.c._gainey 29387
ma_yili 29388
maaya_sakamoto 29389
mable_john 29390
mabrouk_el_mechri 29391
mac_davis 29392
mac_miller 29393
macaulay_culkin 29394
macdonald_carey 29395
mace_neufeld 29396
macha_grenon 29397
macha_méril 29398
machiko_kyō 29399
machine_gun_kelly_(musician) 29400
machine_head_(band) 29401
machinima.com 29402
mack_david 29403
mack_gordon 29404
mack_sennett 29405
mack_swain 29406
mackenzie_astin 29407
mackenzie_crook 29408
mackenzie_foy 29409
mackenzie_phillips 29410
macklyn_arbuckle 29411
maclean_rogers 29412
macon_blair 29413
macy_gray 29414
madan_mohan_(composer) 29415
maddie_baillio 29416
maddie_blaustein 29417
maddie_corman 29418
maddie_taylor 29419
made-for-tv_movies 29420
madeleine_carroll 29421
madeleine_potter 29422
madeleine_sherwood 29423
madeleine_stowe 29424
madeline_carroll 29425
madeline_kahn 29426
madeline_zima 29427
madelyn_deutch 29428
mader_(composer) 29429
madge_bellamy 29430
madge_evans 29431
madge_kennedy 29432
madhu 29433
madison_pettis 29434
madlyn_rhue 29435
madman_entertainment 29436
madonna 29437
madredeus 29438
mads_mikkelsen 29439
mae_barnes 29440
mae_marsh 29441
mae_murray 29442
mae_questel 29443
mae_west 29444
mae_whitman 29445
maeve_quinlan 29446
mag_bodard 29447
magali_noël 29448
magda_apanowicz 29449
magda_szubanski 29450
maggie_baird 29451
maggie_carey 29452
maggie_cheung 29453
maggie_civantos 29454
maggie_grace 29455
maggie_greenwald 29456
maggie_gyllenhaal 29457
maggie_kirkpatrick 29458
maggie_q 29459
maggie_renzi 29460
maggie_siff 29461
maggie_smith 29462
magic_light_pictures 29463
magical_girl 29464
magna_pacific 29465
magnet_releasing 29466
magnificats 29467
magnolia_pictures 29468
magnus_fiennes 29469
magnús_scheving 29470
mahendra_perera 29471
mahershala_ali 29472
mahiro_maeda 29473
maia_brewton 29474
maia_mitchell 29475
maiara_walsh 29476
maika_monroe 29477
maiko_iuchi 29478
maila_nurmi 29479
majestic_pictures 29480
majid_majidi 29481
major_dodson 29482
major_ravi 29483
makio_inoue 29484
mako_(actor) 29485
mako_iwamatsu 29486
makoto_shinkai 29487
makram_khoury 29488
mal_waldron 29489
mala_powers 29490
malala_yousafzai 29491
malavika_menon 29492
malcolm-jamal_warner 29493
malcolm_arnold 29494
malcolm_burn 29495
malcolm_d._lee 29496
malcolm_danare 29497
malcolm_goodwin 29498
malcolm_kennard 29499
malcolm_lockyer 29500
malcolm_mcdowell 29501
malcolm_st._clair_(filmmaker) 29502
malcolm_waite 29503
malcolm_williamson 29504
malik_yoba 29505
malin_åkerman 29506
malinda_williams 29507
mallika_sherawat 29508
malou_santos 29509
mambo 29510
mamie_gummer 29511
mammootty 29512
mamoru_oshii 29513
mamoru_hosoda 29514
mandarin_films_distribution_co._ltd. 29515
mandate_pictures 29516
mandopop 29517
mandy_moore 29518
mandy_patinkin 29519
mandy_wong 29520
manfred_wong 29521
manga_entertainment 29522
manic_street_preachers 29523
manilow,_barry 29524
manish_dayal 29525
manish_mundra 29526
manjinder_virk 29527
manny_coto 29528
manny_gould 29529
manny_pérez 29530
manolo_cardona 29531
manolo_solo 29532
manos_hadjidakis 29533
manson_international 29534
mantan_moreland 29535
manu_bennett 29536
manuel_blanc 29537
manuel_conde 29538
manuel_de_sica 29539
manuel_esperón 29540
manuel_ojeda 29541
manuel_schenkhuizen 29542
mao_di 29543
mara_corday 29544
mara_wilson 29545
marat_basharov 29546
marc-andré_grondin 29547
marc_abraham 29548
marc_anthony 29549
marc_blucas 29550
marc_butan 29551
marc_caro 29552
marc_connelly 29553
marc_crehuet 29554
marc_donato 29555
marc_e._platt 29556
marc_evans 29557
marc_ferrero 29558
marc_fiorini 29559
marc_forster 29560
marc_lavoine 29561
marc_lawrence 29562
marc_lawrence_(filmmaker) 29563
marc_mcclure 29564
marc_menchaca 29565
marc_michel 29566
marc_norman 29567
marc_platt_(producer) 29568
marc_shaiman 29569
marc_singer 29570
marc_smerling 29571
marc_streitenfeld 29572
marc_toberoff 29573
marc_turtletaub 29574
marc_warren 29575
marc_webb 29576
marcel_bozzuffi 29577
marcel_carné 29578
marcel_dalio 29579
marcel_hellman 29580
marcel_herrand 29581
marcel_iureș 29582
marcel_lattès 29583
marcel_lévesque 29584
marcel_marceau 29585
marcel_sarmiento 29586
marcell_nagy 29587
marcello_de_martino 29588
marcello_mastroianni 29589
marcelo_piñeyro 29590
marcelo_zarvos 29591
marches 29592
marcia_gay_harden 29593
marcia_nasatir 29594
marcia_strassman 29595
marcia_warren 29596
marcin_dorociński 29597
marco_amenta 29598
marco_beltrami 29599
marco_brambilla 29600
marco_dapper 29601
marco_gumabao 29602
marco_hofschneider 29603
marco_leonardi 29604
marco_ngai 29605
marco_tullio_giordana 29606
marco_vicario 29607
marco_weber_(film_producer) 29608
marcos_siega 29609
marcus_carl_franklin 29610
marcus_miller 29611
marcus_morton 29612
marcus_raboy 29613
marcus_t._paulk 29614
marcus_thomas_(actor) 29615
mare_winningham 29616
maren_jensen 29617
marg_helgenberger 29618
margalo_gillmore 29619
margaret_avery 29620
margaret_colin 29621
margaret_dumont 29622
margaret_early 29623
margaret_hamilton_(actress) 29624
margaret_hayes 29625
margaret_j._winkler 29626
margaret_landis 29627
margaret_laney 29628
margaret_leighton 29629
margaret_lockwood 29630
margaret_ménégoz 29631
margaret_o'brien 29632
margaret_rutherford 29633
margaret_sheridan_(actress) 29634
margaret_sullavan 29635
margaret_tallichet 29636
margaret_whitton 29637
margarete_schön 29638
margaretta_scott 29639
margarita_alexandre 29640
margarita_levieva 29641
margery_wilson 29642
margia_dean 29643
margie_liszt 29644
margit_carlqvist 29645
margit_evelyn_newton 29646
margo_(actress) 29647
margo_harshman 29648
margo_martindale 29649
margo_stilley 29650
margot_kidder 29651
margot_robbie 29652
marguerite_chapman 29653
marguerite_courtot 29654
marguerite_de_la_motte 29655
marguerite_marsh 29656
marguerite_moreau 29657
mari_rantasila 29658
mari_wilson 29659
maria_alyokhina 29660
maria_bello 29661
maria_canals-barrera 29662
maria_de_medeiros 29663
maria_doyle_kennedy 29664
maria_geelbooi 29665
maria_grazia_buccella 29666
maria_heiskanen 29667
maria_kawamura 29668
maria_michi 29669
maria_ouspenskaya 29670
maria_schell 29671
maria_schneider_(actress) 29672
maria_schrader 29673
maria_simon_(actress) 29674
maria_yi 29675
mariah_carey 29676
mariana_hill 29677
mariana_tosca 29678
marianna_palka 29679
marianne_faithfull 29680
marianne_farley 29681
marianne_jean-baptiste 29682
marianne_maddalena 29683
marie-france_pisier 29684
marie-josée_croze 29685
marie-monique_robin 29686
marie_cardinal 29687
marie_gillain 29688
marie_laforêt 29689
marie_osmond 29690
marie_windsor 29691
mariel_hemingway 29692
mariette_hartley 29693
marika_dominczyk 29694
marika_lagercrantz 29695
marilu_henner 29696
marilyn_agrelo 29697
marilyn_burns 29698
marilyn_chambers 29699
marilyn_hassett 29700
marilyn_jacobs_tenser 29701
marilyn_joi 29702
marilyn_maxwell 29703
marilyn_monroe 29704
marilù_tolo 29705
marin_hinkle 29706
marin_karmitz 29707
marina_foïs 29708
marina_gatell 29709
marina_hands 29710
marina_koshetz 29711
marina_rice_bader 29712
marina_sirtis 29713
marina_vlady 29714
marino_atria 29715
marino_girolami 29716
marino_masé 29717
mario_adorf 29718
mario_andreacchio 29719
mario_bava 29720
mario_caiano 29721
mario_castelnuovo-tedesco 29722
mario_cecchi_gori 29723
mario_f._kassar 29724
mario_iván_martínez 29725
mario_kassar 29726
mario_lanfranchi 29727
mario_lanza 29728
mario_lopez 29729
mario_majeroni 29730
mario_mattoli 29731
mario_monicelli 29732
mario_muñoz_(director) 29733
mario_nascimbene 29734
mario_pisu 29735
mario_van_peebles 29736
mario_zampi 29737
marion_cotillard 29738
marion_cronin 29739
marion_davies 29740
marion_hutton 29741
marion_marshall 29742
marion_ramsey 29743
marion_ross 29744
maris_racal 29745
maris_wrixon 29746
marisa_berenson 29747
marisa_coughlan 29748
marisa_laurito 29749
marisa_pavan 29750
marisa_ramirez 29751
marisa_tomei 29752
mariska_hargitay 29753
marisol_del_olmo 29754
marissa_jaret_winokur 29755
marit_pia_jacobsen 29756
marius_aicher 29757
marius_goring 29758
marius_weyers 29759
marjie_millar 29760
marjoe_gortner 29761
marjorie_fielding 29762
marjorie_main 29763
marjorie_monaghan 29764
marjorie_reynolds 29765
marjorie_riordan 29766
mark-paul_gosselaar 29767
mark_a._altman 29768
mark_a.z._dippe 29769
mark_a.z._dippé 29770
mark_achbar 29771
mark_addy 29772
mark_amin 29773
mark_bacino 29774
mark_batson 29775
mark_bell_(lfo) 29776
mark_blum 29777
mark_boal 29778
mark_boone_junior 29779
mark_bradshaw_(composer) 29780
mark_burg 29781
mark_burnett 29782
mark_canton 29783
mark_cendrowski 29784
mark_chao 29785
mark_ciardi 29786
mark_crispin_miller 29787
mark_cuban 29788
mark_curry_(actor) 29789
mark_dacascos 29790
mark_damon 29791
mark_decarlo 29792
mark_degli_antoni 29793
mark_duplass 29794
mark_feuerstein 29795
mark_forstater 29796
mark_gibbon 29797
mark_goldaine 29798
mark_gordon_(film) 29799
mark_gordon_(producer) 29800
mark_griffiths_(film_director) 29801
mark_hamill 29802
mark_harmon 29803
mark_hartley 29804
mark_hellinger 29805
mark_hembrow 29806
mark_herman 29807
mark_hildreth_(actor) 29808
mark_huffam 29809
mark_illsley 29810
mark_isham 29811
mark_ivanir 29812
mark_johnson_(producer) 29813
mark_kassen 29814
mark_kilian 29815
mark_knopfler 29816
mark_l._lester 29817
mark_l._walberg 29818
mark_lee_(singaporean_actor) 29819
mark_levin_(director) 29820
mark_lewis_jones 29821
mark_lindsay 29822
mark_lindsay_chapman 29823
mark_lothar 29824
mark_mancina 29825
mark_mccorkle 29826
mark_mcgrath 29827
mark_mckenzie_(composer) 29828
mark_mckinney 29829
mark_metcalf 29830
mark_miller_(actor) 29831
mark_mori 29832
mark_moseley_(actor) 29833
mark_moses 29834
mark_mothersbaugh 29835
mark_mylod 29836
mark_neveldine_and_brian_taylor 29837
mark_o'keefe_(screenwriter) 29838
mark_ordesky 29839
mark_orton 29840
mark_owen 29841
mark_pellegrino 29842
mark_pellington 29843
mark_piznarski 29844
mark_polish 29845
mark_rappaport 29846
mark_redhead 29847
mark_rendall 29848
mark_rhino_smith 29849
mark_rietman 29850
mark_roberts_(tv_producer) 29851
mark_robson_(film_director) 29852
mark_rolston 29853
mark_romanek 29854
mark_rosenberg_(producer) 29855
mark_rosenthal_(screenwriter) 29856
mark_rosman 29857
mark_rudd 29858
mark_ruffalo 29859
mark_rydell 29860
mark_ryder 29861
mark_rylance 29862
mark_sandrich 29863
mark_sheppard 29864
mark_shivas 29865
mark_snow 29866
mark_sourian 29867
mark_steven_johnson 29868
mark_strong 29869
mark_strudal 29870
mark_tarlov 29871
mark_thompson_(disc_jockey) 29872
mark_tonderai 29873
mark_turnbull 29874
mark_vahradian 29875
mark_valley 29876
mark_victor 29877
mark_wahlberg 29878
mark_waters 29879
mark_waters_(director) 29880
mark_watters 29881
mark_webber_(actor) 29882
mark_westcott 29883
mark_williams_(actor) 29884
mark_williams_(filmmaker) 29885
mark_wolfe 29886
mark_zupan_(sportsman) 29887
marki_bey 29888
markie_post 29889
markku_lehmuskallio 29890
markku_peltola 29891
marko_zaror 29892
markus_selin 29893
markus_stockhausen 29894
marla_gibbs 29895
marla_sokoloff 29896
marleen_gorris 29897
marlene_dietrich 29898
marlene_felix 29899
marley_shelton 29900
marlin_mckeever 29901
marlin_skiles 29902
marlo_thomas 29903
marlon_brando 29904
marlon_wayans 29905
marlyn_mason 29906
marnie_mcphail 29907
marques_houston 29908
marsha_garces_williams 29909
marsha_hunt_(actress,_born_1917) 29910
marsha_mason 29911
marsha_warfield 29912
marshall_allman 29913
marshall_bell 29914
marshall_herskovitz 29915
marshall_manesh 29916
marshall_r._teague 29917
marshall_reed 29918
marshall_thompson 29919
marta_dubois 29920
martha_coolidge 29921
martha_davis_(filmmaker) 29922
martha_de_laurentiis 29923
martha_fiennes 29924
martha_hyer 29925
martha_macisaac 29926
martha_mattox 29927
martha_plimpton 29928
martha_scott 29929
martin_balsam 29930
martin_baum_(agent) 29931
martin_benson_(actor) 29932
martin_birch 29933
martin_bregman 29934
martin_brest 29935
martin_buch 29936
martin_campbell 29937
martin_clunes 29938
martin_doblmeier 29939
martin_donovan 29940
martin_drainville 29941
martin_elfand 29942
martin_freeman 29943
martin_frič 29944
martin_henderson 29945
martin_hewitt_(actor) 29946
martin_huber 29947
martin_hynes 29948
martin_jurow 29949
martin_katz_(producer) 29950
martin_klebba 29951
martin_kosleck 29952
martin_kove 29953
martin_landau 29954
martin_lawrence 29955
martin_lisemore 29956
martin_luther_king_jr. 29957
martin_léon 29958
martin_manulis 29959
martin_mcdonagh 29960
martin_melcher 29961
martin_milner 29962
martin_mooney_(screenwriter) 29963
martin_mull 29964
martin_phipps 29965
martin_poll 29966
martin_potter_(actor) 29967
martin_provost 29968
martin_rackin 29969
martin_ransohoff 29970
martin_richards_(producer) 29971
martin_ritt 29972
martin_roach 29973
martin_rosen_(director) 29974
martin_scorsese 29975
martin_sheen 29976
martin_short 29977
martin_spanjers 29978
martin_starr 29979
martin_tillman 29980
martin_virgo 29981
martin_weisz 29982
martina_gedeck 29983
martine_carol 29984
marton_csokas 29985
marty_beller 29986
marty_callner 29987
marty_feldman 29988
marty_hornstein 29989
marty_kaplan 29990
marty_katz 29991
marty_stuart 29992
martyn_auty 29993
marvel_productions 29994
marvin_a._gluck 29995
marvin_gaye 29996
marvin_hamlisch 29997
marvin_hatley 29998
marvin_j._chomsky 29999
marvin_miller_(actor) 30000
marvin_schwartz 30001
marvin_winans 30002
marvin_worth 30003
marvista_entertainment 30004
mary-kate_&_ashley 30005
mary-kate_and_ashley_olsen 30006
mary-kate_olsen 30007
mary-louise_parker 30008
mary-margaret_humes 30009
mary_alden 30010
mary_alice 30011
mary_aloe 30012
mary_anderson_(actress,_born_1918) 30013
mary_astor 30014
mary_badham 30015
mary_beth_hughes 30016
mary_beth_hurt 30017
mary_birdsong 30018
mary_boland 30019
mary_carlisle 30020
mary_donnelly_haskell 30021
mary_eaton 30022
mary_elizabeth_mastrantonio 30023
mary_elizabeth_winstead 30024
mary_ellen_mark 30025
mary_gordon_(actor) 30026
mary_j._blige 30027
mary_jane_skalski 30028
mary_jo_catlett 30029
mary_kay_place 30030
mary_kornman 30031
mary_louise_weller 30032
mary_lynn_rajskub 30033
mary_mccormack 30034
mary_mcdonnell 30035
mary_meade 30036
mary_mersch 30037
mary_morris 30038
mary_nell_santacroce 30039
mary_page_keller 30040
mary_parent 30041
mary_peach 30042
mary_pickford 30043
mary_rodgers 30044
mary_steenburgen 30045
mary_stuart_masterson 30046
mary_sweeney 30047
mary_tyler_moore 30048
mary_vivian_pearce 30049
mary_walsh_(actress) 30050
mary_wickes 30051
mary_woronov 30052
maryam_henein 30053
maryke_hendrikse 30054
maría_adánez 30055
maría_botto 30056
maría_conchita_alonso 30057
maría_luisa_bemberg 30058
maría_ripoll 30059
maría_silva_(actress) 30060
maría_tereza_montoya 30061
masaaki_taniguchi 30062
masaharu_fukuyama 30063
masahiko_minami 30064
masahiko_nishimura 30065
masahiro_motoki 30066
masaichi_nagata 30067
masako_araki 30068
masako_izumi 30069
masami_kikuchi 30070
masamichi_amano 30071
masanobu_andō 30072
masanobu_takashima 30073
masao_takiyama 30074
masaru_sato 30075
masaru_yokoyama 30076
masatoshi_nagase 30077
masatoshi_nakamura 30078
masayuki_akieda 30079
masayuki_mori_(actor) 30080
mason_cook 30081
mason_daring 30082
mason_gamble 30083
mason_novick 30084
mason_vale_cotton 30085
masses 30086
massimo_ghini 30087
massimo_girotti 30088
massimo_poggio 30089
massimo_serato 30090
massive_attack 30091
master_p 30092
masumi_okada 30093
mataichiro_yamamoto 30094
mate_matišić 30095
mateo_gil 30096
mateo_messina 30097
mathcore 30098
mathew_st._patrick 30099
mathias_malzieu 30100
mathieu_amalric 30101
mathieu_demy 30102
mathieu_mortelmans 30103
matt_berman 30104
matt_bomer 30105
matt_bush_(actor) 30106
matt_carroll_(producer) 30107
matt_cohen_(actor) 30108
matt_craven 30109
matt_czuchry 30110
matt_damon 30111
matt_devlen 30112
matt_dillon 30113
matt_doyle_(actor) 30114
matt_frewer 30115
matt_groening 30116
matt_keeslar 30117
matt_lanter 30118
matt_lauer 30119
matt_letscher 30120
matt_long 30121
matt_lucas 30122
matt_lucas_(comedian) 30123
matt_maiellaro 30124
matt_mccoy_(actor) 30125
matt_meese 30126
matt_milne 30127
matt_mitler 30128
matt_newton 30129
matt_o'leary 30130
matt_piedmont 30131
matt_prokop 30132
matt_reeves 30133
matt_ross_(actor) 30134
matt_schulze 30135
matt_serletic 30136
matt_shively 30137
matt_smith 30138
matt_stell 30139
matt_stone 30140
matt_tolmach 30141
matt_tyrnauer 30142
matt_vogel_(puppeteer) 30143
matt_walsh_(comedian) 30144
matt_willis_(actor) 30145
matt_winston 30146
matteo_garrone 30147
matthew_a._cherry 30148
matthew_atherton 30149
matthew_beard_(english_actor) 30150
matthew_bennett 30151
matthew_bright 30152
matthew_broderick 30153
matthew_crouch 30154
matthew_currie_holmes 30155
matthew_davis 30156
matthew_diamond 30157
matthew_ferguson 30158
matthew_fox 30159
matthew_fox_(actor) 30160
matthew_garber 30161
matthew_gerrard 30162
matthew_goode 30163
matthew_gravelle 30164
matthew_gray_gubler 30165
matthew_greenfield 30166
matthew_hiltzik 30167
matthew_j._munn 30168
matthew_james_thomas 30169
matthew_justice 30170
matthew_knight 30171
matthew_lawrence 30172
matthew_le_nevez 30173
matthew_lillard 30174
matthew_macfadyen 30175
matthew_margeson 30176
matthew_marsden 30177
matthew_mcconaughey 30178
matthew_mcnulty 30179
matthew_mercer 30180
matthew_modine 30181
matthew_moy 30182
matthew_nable 30183
matthew_penn 30184
matthew_perry 30185
matthew_peterman 30186
matthew_rhys 30187
matthew_robbins_(screenwriter) 30188
matthew_robinson_(director) 30189
matthew_senreich 30190
matthew_settle 30191
matthew_solari 30192
matthew_vaughn 30193
matthew_walker_(canadian_actor) 30194
matthew_wilkas 30195
matthews,_dave 30196
matthias_schoenaerts 30197
matthias_schweighöfer 30198
matthieu_chedid 30199
matti_bye 30200
matti_pellonpää 30201
mattie_liptak 30202
matty_kemp 30203
matty_malneck 30204
matyas_seiber 30205
maud_adams 30206
maura_tierney 30207
maureen_flannigan 30208
maureen_mccormick 30209
maureen_mcgovern 30210
maureen_o'hara 30211
maureen_o'sullivan 30212
maureen_stapleton 30213
maurice_bennett_flynn 30214
maurice_biraud 30215
maurice_braddell 30216
maurice_chevalier 30217
maurice_costello 30218
maurice_denham 30219
maurice_evans_(actor) 30220
maurice_jarre 30221
maurice_kanbar 30222
maurice_kaufmann 30223
maurice_king_(producer) 30224
maurice_lamarche 30225
maurice_le_roux 30226
maurice_murphy_(actor) 30227
maurice_poli 30228
maurice_ronet 30229
maurice_thiriet 30230
maurice_white 30231
maurizio_micheli 30232
maurizio_nichetti 30233
maury_chaykin 30234
maury_ginsberg 30235
maury_laws 30236
maverick_entertainment_group 30237
mavis_fan 30238
max_baer_jr. 30239
max_beesley 30240
max_brown_(english_actor) 30241
max_c._freedman 30242
max_carver 30243
max_casella 30244
max_charles 30245
max_e._youngstein 30246
max_fleischer 30247
max_goldblatt 30248
max_handelman 30249
max_hurwitz 30250
max_julien 30251
max_kasch 30252
max_lang 30253
max_lloyd-jones 30254
max_mack 30255
max_martin 30256
max_martini 30257
max_minghella 30258
max_ophüls 30259
max_palevsky 30260
max_perlich 30261
max_pomeranc 30262
max_richter 30263
max_rosenberg 30264
max_ryan 30265
max_steiner 30266
max_terhune 30267
max_thayer 30268
max_thieriot 30269
max_von_sydow 30270
maxim_gaudette 30271
maxim_knight 30272
maximilian_brückner 30273
maximilian_schell 30274
maxine_bahns 30275
maxwell_caulfield 30276
maxwell_karger 30277
may_allison 30278
may_mcavoy 30279
may_robson 30280
may_whitty 30281
maya_angelou 30282
maya_forbes 30283
maya_karin 30284
maya_ritter 30285
maya_rudolph 30286
maya_sansa 30287
maya_stojan 30288
mayim_bialik 30289
maynard_james_keenan 30290
maz_jobrani 30291
mbong_amata 30292
mc_productions 30293
mcbride_&_the_ride 30294
mccoy_de_leon 30295
mcg 30296
mckaley_miller 30297
mckenna_grace 30298
meadow_sisto 30299
meagan_good 30300
meaghan_martin 30301
meat_loaf 30302
meat_puppets 30303
media_8_entertainment 30304
media_asia_entertainment_group 30305
media_asia_group 30306
medical_drama 30307
meditation 30308
medium 30309
meg_foster 30310
meg_randall 30311
meg_ryan 30312
meg_tilly 30313
megadeth 30314
megahn_perry 30315
megan_blake 30316
megan_burns 30317
megan_callaway 30318
megan_cavallari 30319
megan_ellison 30320
megan_follows 30321
megan_fox 30322
megan_gallagher 30323
megan_hilty 30324
megan_park 30325
megan_ward 30326
meghan_markle 30327
meghan_ory 30328
megumi_hayashibara 30329
megumi_odaka 30330
megumi_ogata 30331
megumi_takamoto 30332
mehdi_dehbi 30333
mei_ah_entertainment 30334
meir_teper 30335
meital_barda 30336
mekhi_phifer 30337
mel_b 30338
mel_blanc 30339
mel_brooks 30340
mel_damski 30341
mel_epstein 30342
mel_ferrer 30343
mel_gibson 30344
mel_harris 30345
mel_jackson 30346
mel_leven 30347
mel_smith 30348
mel_stuart 30349
mel_welles 30350
melanie_c 30351
melanie_chartoff 30352
melanie_griffith 30353
melanie_hill 30354
melanie_kohn 30355
melanie_lynskey 30356
melanie_mayron 30357
melina_kanakaredes 30358
melinda_clarke 30359
melinda_dillon 30360
melissa_george 30361
melissa_gilbert 30362
melissa_jaffer 30363
melissa_jo_peltier 30364
melissa_joan_hart 30365
melissa_leo 30366
melissa_mccarthy 30367
melissa_newman_(actress) 30368
melissa_ng 30369
melissa_peterman 30370
melissa_rauch 30371
melissa_rivers 30372
melissa_sagemiller 30373
melodic_death_metal 30374
melodic_hardcore 30375
melody_kay 30376
melody_patterson 30377
melody_perkins 30378
melonie_diaz 30379
melora_hardin 30380
melora_walters 30381
melvil_poupaud 30382
melville_shavelson 30383
melville_w._brown 30384
melvin_frank 30385
melvin_van_peebles 30386
melvyn_douglas 30387
mem_ferda 30388
memmo_carotenuto 30389
memphis_blues 30390
memphis_soul 30391
men_in_black 30392
mena_suvari 30393
menachem_daum 30394
menahem_golan 30395
meng_fei_(actor) 30396
menhaj_huda 30397
mercedes_mason 30398
mercedes_ruehl 30399
merchant_ivory_productions 30400
mercyme 30401
meredith_baxter 30402
meredith_salenger 30403
merian_c._cooper 30404
merle_oberon 30405
merle_travis 30406
merrill_jenson 30407
merritt_butrick 30408
merritt_patterson 30409
merry_clayton 30410
mervyn_johns 30411
mervyn_leroy 30412
mervyn_warren 30413
meryl_streep 30414
metal 30415
metalcore 30416
metallica 30417
method_man 30418
metric_(band) 30419
metro-goldwyn-mayer 30420
metro-goldwyn-mayer_cartoon_studio 30421
metro-goldwyn-mayer_home_entertainment 30422
metro-goldwyn_mayer 30423
metro_goldwyn_mayer 30424
metro_pictures 30425
metro_pictures_corporation 30426
metromedia 30427
metromedia_producers_corporation 30428
metropolitan_filmexport 30429
mexico 30430
mgm 30431
mgm_dvds_under_$15 30432
mgm_home_entertainment 30433
mgm_movie_time 30434
mgm_screen_epics 30435
mgm_soul_cinema 30436
mgm_vintage_classics 30437
mgm_distribution_co. 30438
mgm_home_entertainment 30439
mgm_television 30440
mgm_worldwide_television 30441
mia_farrow 30442
mia_kirshner 30443
mia_sara 30444
mia_schaikewitz 30445
mia_wasikowska 30446
mia_x 30447
micah_sloat 30448
michael-leon_wooley 30449
michael_a._degaetano 30450
michael_a._goorjian 30451
michael_a._hoey 30452
michael_alldredge 30453
michael_almereyda 30454
michael_anderson,_jr. 30455
michael_anderson_(director) 30456
michael_anderson_jr. 30457
michael_andrews_(musician) 30458
michael_angarano 30459
michael_ansara 30460
michael_apted 30461
michael_b._jordan 30462
michael_badalucco 30463
michael_balcon 30464
michael_barnathan 30465
michael_bay 30466
michael_beach 30467
michael_bell_(actor) 30468
michael_benaroya 30469
michael_bendetti 30470
michael_berryman 30471
michael_biehn 30472
michael_boatman 30473
michael_boddicker 30474
michael_bowen_(actor) 30475
michael_brandon 30476
michael_brook 30477
michael_bublé 30478
michael_byrne_(actor) 30479
michael_c._fox 30480
michael_c._gross 30481
michael_c._hall 30482
michael_cacoyannis 30483
michael_caine 30484
michael_callan 30485
michael_caton-jones 30486
michael_cavanaugh_(actor) 30487
michael_cera 30488
michael_cerveris 30489
michael_chambers 30490
michael_chiklis 30491
michael_clarke_duncan 30492
michael_cohl 30493
michael_cole_(actor) 30494
michael_conrad 30495
michael_constantine 30496
michael_convertino 30497
michael_conway_baker 30498
michael_copon 30499
michael_corrente 30500
michael_costigan_(film_producer) 30501
michael_crawford 30502
michael_cretu 30503
michael_crichton 30504
michael_cuesta 30505
michael_curtiz 30506
michael_d._moore 30507
michael_damian 30508
michael_dante 30509
michael_davis_(director) 30510
michael_de_luca 30511
michael_de_mesa 30512
michael_deeley 30513
michael_delorenzo 30514
michael_deluise 30515
michael_des_barres 30516
michael_donovan 30517
michael_donovan_(producer) 30518
michael_dorman 30519
michael_dorn 30520
michael_dougherty 30521
michael_douglas 30522
michael_dudikoff 30523
michael_durrell 30524
michael_e._knight 30525
michael_e._rodgers 30526
michael_ealy 30527
michael_easton 30528
michael_eisner 30529
michael_eklund 30530
michael_emerson 30531
michael_fassbender 30532
michael_finnell 30533
michael_flynn_(actor) 30534
michael_g._wilson 30535
michael_galasso 30536
michael_galinsky 30537
michael_gambon 30538
michael_garrett_(composer) 30539
michael_giacchino 30540
michael_gibbs_(composer) 30541
michael_gladis 30542
michael_goodwin_(actor) 30543
michael_goorjian 30544
michael_gordon_(film_director) 30545
michael_gore 30546
michael_gottlieb_(director) 30547
michael_gough 30548
michael_graham_cox 30549
michael_graziadei 30550
michael_green_(agent) 30551
michael_greyeyes 30552
michael_gross_(actor) 30553
michael_gruskoff 30554
michael_gwynn 30555
michael_habeck 30556
michael_haneke 30557
michael_hertzberg 30558
michael_herz_(producer) 30559
michael_higgins_(actor) 30560
michael_hirsh_(producer) 30561
michael_hitchcock 30562
michael_hoenig 30563
michael_hoffman_(american_director) 30564
michael_hogan_(canadian_actor) 30565
michael_hordern 30566
michael_huffington 30567
michael_hui 30568
michael_hurst 30569
michael_hyatt 30570
michael_imperioli 30571
michael_ironside 30572
michael_j._critelli 30573
michael_j._fox 30574
michael_j._nelson 30575
michael_j._pollard 30576
michael_j._powell 30577
michael_jace 30578
michael_jackson 30579
michael_jaffe 30580
michael_jai_white 30581
michael_jay_(songwriter) 30582
michael_jayston 30583
michael_jelenic 30584
michael_jeter 30585
michael_k._williams 30586
michael_kagan 30587
michael_kamen 30588
michael_keaton 30589
michael_kelly_(actor) 30590
michael_kelly_(american_actor) 30591
michael_kenneth_williams 30592
michael_kitchen 30593
michael_klinger_(producer) 30594
michael_kopsa 30595
michael_kors 30596
michael_krassner 30597
michael_kuhn_(film_producer) 30598
michael_landes 30599
michael_landon_jr. 30600
michael_lantieri 30601
michael_laughlin 30602
michael_learned 30603
michael_lehmann 30604
michael_lembeck 30605
michael_lerner_(actor) 30606
michael_linn 30607
michael_lombard 30608
michael_london 30609
michael_madsen 30610
michael_manasseri 30611
michael_mando 30612
michael_mann 30613
michael_mann_(director) 30614
michael_masser 30615
michael_mayer_(director) 30616
michael_mcelhatton 30617
michael_mcelroy_(actor) 30618
michael_mcglone 30619
michael_mcgowan_(director) 30620
michael_mcgreevey 30621
michael_mckean 30622
michael_mclean_(composer) 30623
michael_mcmanus_(canadian_actor) 30624
michael_mcmillian 30625
michael_mcquarn 30626
michael_medwin 30627
michael_michele 30628
michael_miu 30629
michael_moore 30630
michael_moran_(film_producer) 30631
michael_moriarty 30632
michael_murphy_(actor) 30633
michael_nesmith 30634
michael_nouri 30635
michael_nozik 30636
michael_nyman 30637
michael_nyqvist 30638
michael_o'hare 30639
michael_o'herlihy 30640
michael_o'keefe 30641
michael_o'shea_(actor) 30642
michael_oblowitz 30643
michael_ochs 30644
michael_ohoven 30645
michael_ontkean 30646
michael_ouweleen 30647
michael_palin 30648
michael_parks 30649
michael_paré 30650
michael_pataki 30651
michael_pate 30652
michael_paul_chan 30653
michael_pavone 30654
michael_paxton 30655
michael_pearlman 30656
michael_penn 30657
michael_perry_and_jason_burkett 30658
michael_petroni 30659
michael_peyser 30660
michael_peña 30661
michael_phillip_wojewoda 30662
michael_phillips_(producer) 30663
michael_pitt 30664
michael_polish 30665
michael_pollan 30666
michael_potts_(actor) 30667
michael_powell 30668
michael_pressman 30669
michael_price_(composer) 30670
michael_radford 30671
michael_rapaport 30672
michael_raymond-james 30673
michael_redgrave 30674
michael_rennie 30675
michael_richard_plowman 30676
michael_richards 30677
michael_riley 30678
michael_ripper 30679
michael_ritchie_(film_director) 30680
michael_robertson_(filmmaker) 30681
michael_roe 30682
michael_rogers_(actor) 30683
michael_rooker 30684
michael_rosenbaum 30685
michael_rowe 30686
michael_ruppert 30687
michael_rymer 30688
michael_s._rosenfeld 30689
michael_salomon 30690
michael_sarrazin 30691
michael_schaefer_(producer) 30692
michael_schiffer 30693
michael_schoeffling 30694
michael_schroeder_(director) 30695
michael_schultz 30696
michael_scott_(producer) 30697
michael_shamberg 30698
michael_shamus_wiles 30699
michael_shanks 30700
michael_shannon 30701
michael_shea_(actor) 30702
michael_sheen 30703
michael_simpson_(producer) 30704
michael_small 30705
michael_smiley 30706
michael_stahl-david 30707
michael_stearns 30708
michael_stevens_(composer) 30709
michael_stipe 30710
michael_stoyanov 30711
michael_stuhlbarg 30712
michael_sucsy 30713
michael_sugar 30714
michael_switzer 30715
michael_t._weiss 30716
michael_tadross 30717
michael_talbott 30718
michael_taliferro 30719
michael_tavera 30720
michael_taylor_(film_producer) 30721
michael_thurmeier 30722
michael_tiddes 30723
michael_timmins 30724
michael_tolan 30725
michael_tollin 30726
michael_tong 30727
michael_toshiyuki_uno 30728
michael_trevino 30729
michael_trucco 30730
michael_tse 30731
michael_tuchner 30732
michael_tucker_(actor) 30733
michael_vartan 30734
michael_w._smith 30735
michael_wandmacher 30736
michael_warren_(actor) 30737
michael_wayne 30738
michael_weatherly 30739
michael_welch_(actor) 30740
michael_white_(producer) 30741
michael_wilding 30742
michael_williams_(actor) 30743
michael_williams_(film_producer) 30744
michael_wincott 30745
michael_winner 30746
michael_winslow 30747
michael_winterbottom 30748
michael_wong_(actor) 30749
michael_wright_(actor) 30750
michael_york 30751
michaela_deprince 30752
michaela_watkins 30753
michal_shtamler 30754
michaël_r._roskam 30755
michał_żebrowski 30756
michel_auclair 30757
michel_bouquet 30758
michel_brault 30759
michel_colombier 30760
michel_constantin 30761
michel_côté_(actor) 30762
michel_debats 30763
michel_galabru 30764
michel_gondry 30765
michel_legrand 30766
michel_michelet 30767
michel_piccoli 30768
michel_propper 30769
michel_ray 30770
michel_serrault 30771
michel_seydoux 30772
michele_carey 30773
michele_carmarda 30774
michele_lee 30775
michele_little 30776
michele_morgan_(american_actress) 30777
michele_placido 30778
michele_soavi 30779
micheline_francey 30780
micheline_presle 30781
michelle_ang 30782
michelle_bauer 30783
michelle_borth 30784
michelle_calvó 30785
michelle_dockery 30786
michelle_johnson_(actress) 30787
michelle_lee_(plastic_surgeon) 30788
michelle_lombardo 30789
michelle_monaghan 30790
michelle_morgan_(actress) 30791
michelle_nicastro 30792
michelle_nolden 30793
michelle_pfeiffer 30794
michelle_philips 30795
michelle_rodriguez 30796
michelle_thomas 30797
michelle_trachtenberg 30798
michelle_wai 30799
michelle_williams_(actress) 30800
michelle_yeoh 30801
michie_tomizawa 30802
michiyo_aratama 30803
michèle_mercier 30804
michèle_morgan 30805
michèle_pétin 30806
mick_jackson_(director) 30807
mick_jagger 30808
mick_jones_(foreigner) 30809
mick_lally 30810
mickey_daniels 30811
mickey_hart 30812
mickey_jones 30813
mickey_keating_(director) 30814
mickey_moore 30815
mickey_rooney 30816
mickey_rose 30817
mickey_rourke 30818
mickey_shaughnessy 30819
mickey_sumner 30820
micki_dickoff 30821
mickie_most 30822
micole_mercurio 30823
microsoft 30824
middle_east 30825
mie_hama 30826
mieczysław_weinberg 30827
mig_macario 30828
miguel_a._núñez_jr. 30829
miguel_aceves_mejía 30830
miguel_albaladejo 30831
miguel_arteta 30832
miguel_bosé 30833
miguel_ferrer 30834
miguel_sandoval 30835
mihály_víg 30836
mika_boorem 30837
mika_dela_cruz 30838
mika_nakashima 30839
mikael_håfström 30840
mikael_persbrandt 30841
mikael_salomon 30842
mikael_tariverdiev 30843
mike_barker_(director) 30844
mike_binder 30845
mike_cahill_(director) 30846
mike_chapman 30847
mike_clattenburg 30848
mike_connors 30849
mike_curb 30850
mike_disa 30851
mike_dopud 30852
mike_downey_(producer) 30853
mike_doyle_(actor) 30854
mike_edmonds 30855
mike_elliott_(film_producer) 30856
mike_epps 30857
mike_erwin 30858
mike_farrell 30859
mike_flanagan_(director) 30860
mike_fleiss 30861
mike_gabriel 30862
mike_garson 30863
mike_hedges 30864
mike_henry_(football) 30865
mike_henry_(voice_actor) 30866
mike_hodges 30867
mike_hynson 30868
mike_jackson_(film_producer) 30869
mike_johnson_(animator) 30870
mike_judge 30871
mike_leigh 30872
mike_lerner_(filmmaker) 30873
mike_lobell 30874
mike_lookinland 30875
mike_mazurki 30876
mike_mcglone 30877
mike_mckeever 30878
mike_medavoy 30879
mike_mills_(director) 30880
mike_mitchell_(director) 30881
mike_moder 30882
mike_mogis 30883
mike_myers 30884
mike_nawrocki 30885
mike_newell_(director) 30886
mike_nichols 30887
mike_nicholson 30888
mike_norris_(actor) 30889
mike_o'malley 30890
mike_papantonio 30891
mike_patton 30892
mike_portnoy 30893
mike_post 30894
mike_pyle_(fighter) 30895
mike_richardson_(publisher) 30896
mike_s._ryan 30897
mike_salisbury 30898
mike_slee 30899
mike_smith_(actor) 30900
mike_starr_(actor) 30901
mike_stoller 30902
mike_thorne 30903
mike_tyson 30904
mike_upton 30905
mike_vogel 30906
mike_walker_(director) 30907
mike_white_(filmmaker) 30908
mike_white_(scriptwriter) 30909
mikhail_gluzskiy 30910
mikhail_kalatozov 30911
mikhail_porechenkov 30912
mikhail_red 30913
mikhail_romm 30914
mikhail_zhygalov 30915
mikhail_ziv 30916
miki_esparbé 30917
miki_itō 30918
miki_mizuno 30919
mikijirō_hira 30920
mikio_narita 30921
mikio_naruse 30922
mikis_theodorakis 30923
mikkel_boe_følsgaard 30924
mikkel_følsgaard 30925
mikkel_serup 30926
mikko_nousiainen 30927
miklós_rózsa 30928
miko_hughes 30929
mila_aung-thwin 30930
mila_kunis 30931
milan_chams 30932
milan_kymlicka 30933
milburn_(band) 30934
mildred_dunnock 30935
mildred_natwick 30936
miles_davis 30937
miles_fisher 30938
miles_goodman 30939
miles_mander 30940
miles_meadows 30941
miles_ocampo 30942
miles_teller 30943
miley_cyrus 30944
milind_soman 30945
military_&_war 30946
military_drama 30947
military_science_fiction 30948
milla_jovovich 30949
millard_mitchell 30950
millard_webb 30951
millennium_entertainment 30952
millennium_films 30953
millie_innes 30954
millie_perkins 30955
milly_vitale 30956
milo_o'shea 30957
milo_quesada 30958
milo_ventimiglia 30959
miloš_forman 30960
milt_franklyn 30961
milt_okun 30962
milton_berle 30963
milton_delugg 30964
milton_h._bren 30965
milton_katselas 30966
milton_okun 30967
milton_reid 30968
milton_sperling 30969
milton_subotsky 30970
mimi_heinrich 30971
mimi_kennedy 30972
mimi_leder 30973
mimi_rogers 30974
mimsy_farmer 30975
mimí_lazo 30976
mina_kubota 30977
minami_takahashi 30978
minase_yashiro 30979
mincaye 30980
mindy_cohn 30981
mindy_sterling 30982
minerva_urecal 30983
ming-na_wen 30984
miniseries 30985
mink_stole 30986
minnie_driver 30987
minnie_gentry 30988
minor_watson 30989
minoru_chiaki 30990
minoru_miki 30991
minoru_takashima 30992
minta_durfee 30993
miori_takimoto 30994
mira_furlan 30995
mira_nair 30996
mira_sorvino 30997
mirai_moriyama 30998
mirai_shida 30999
miramax 31000
miramax_home_entertainment 31001
miramax_home_video 31002
miramax_family_films 31003
miramax_films 31004
miramax_international 31005
miranda_cosgrove 31006
miranda_de_pencier 31007
miranda_otto 31008
miranda_ram-nolte 31009
miranda_richardson 31010
miranda_tapsell 31011
mircea_monroe 31012
mireille_enos 31013
miriam_cooper 31014
miriam_cutler 31015
miriam_hopkins 31016
miriam_margolyes 31017
miriam_shor 31018
miriam_stein 31019
miroslav_cikán 31020
miroslav_čáslavka 31021
mirosław_zbrojewicz 31022
mirwais_ahmadzaï 31023
mirza_davitaia 31024
misa_uehara_(actress,_born_1937) 31025
mischa_bakaleinikoff 31026
mischa_barton 31027
mischa_spoliansky 31028
misha_collins 31029
misha_gabriel 31030
misha_sawdagor 31031
misha_segal 31032
missi_pyle 31033
mister_smith_entertainment 31034
misterio_y_suspenso 31035
misty_rowe 31036
misty_upham 31037
mitch_holleman 31038
mitch_vogel 31039
mitchel_musso 31040
mitchell_brothers 31041
mitchell_galin 31042
mitchell_kriegman 31043
mitchell_leisen 31044
mitchell_lichtenstein 31045
mitchell_ryan 31046
mithoon 31047
mitsutaka_itakura 31048
miyu_irino 31049
miyuki_sawashiro 31050
mladen_milicevic 31051
mm2_entertainment 31052
mo'nique 31053
mo_gallini 31054
moby 31055
mockumentary 31056
moctesuma_esparza 31057
mod_createspace_video 31058
modern_adaptations 31059
modern_blues 31060
modest_mouse 31061
moe_howard 31062
mohamed_fellag 31063
mohamed_majd 31064
mohammad_amir_naji 31065
mohan_sithara 31066
mohanlal 31067
moira_armstrong 31068
moira_kelly 31069
moisés_kaufman 31070
mollie_milligan 31071
molly_hagan 31072
molly_parker 31073
molly_quinn 31074
molly_ringwald 31075
molly_shannon 31076
molly_smith_(producer) 31077
momentum_pictures 31078
mona_achache 31079
mona_fong 31080
mona_freeman 31081
mona_washbourne 31082
monarch_home_video 31083
mone_kamishiraishi 31084
mongrel_media 31085
monica_(singer) 31086
monica_bellucci 31087
monica_calhoun 31088
monica_keena 31089
monica_potter 31090
monique_coleman 31091
monique_gabrielle 31092
mono_(uk_band) 31093
monogram_pictures 31094
monogram_pictures_corporation 31095
monsters_&_mutants 31096
monte_hellman 31097
montell_jordan 31098
monterey_media 31099
montgomery_clift 31100
monty_python_store 31101
monty_banks 31102
moombahcore 31103
moombahton 31104
moon_bloodgood 31105
moon_chae-won 31106
moore_marriott 31107
moran_atias 31108
more_to_explore 31109
morena_baccarin 31110
morey_amsterdam 31111
morgan_brittany 31112
morgan_fairchild 31113
morgan_fox_(model) 31114
morgan_freeman 31115
morgan_j._freeman 31116
morgan_neville 31117
morgan_saylor 31118
morgan_woodward 31119
morgana_king 31120
morio_kazama 31121
moritz_bleibtreu 31122
moritz_borman 31123
morris_ankrum 31124
morris_chapnick 31125
morris_chestnut 31126
morris_day 31127
morris_stoloff 31128
mort_glickman 31129
mort_lindsey 31130
mort_shuman 31131
morten_tyldum 31132
mortimer_wilson 31133
morton_downey 31134
morton_gould 31135
morwenna_banks 31136
mos_def 31137
moses_chan 31138
moses_gunn 31139
moses_storm 31140
mosfilm 31141
moshe_diamant 31142
moshé_mizrahi 31143
mostofa_sarwar_farooki 31144
mother_love_(entertainer) 31145
motion_picture_distributing_and_sales_company 31146
motoko_kumai 31147
motown 31148
motoyoshi_oda 31149
motörhead 31150
mouna_traoré 31151
movie_scores 31152
movie_soundtracks 31153
movies 31154
movies_&_tv 31155
mowg_(composer) 31156
moya_brennan 31157
mozhan_marnò 31158
mpho_koaho 31159
mpi_home_video 31160
mr._brainwash 31161
mr._lawrence 31162
mr._t 31163
mti_home_video 31164
mtv 31165
mtv_films 31166
muffie_meyer 31167
muhammad_ali 31168
muir_mathieson 31169
mulatu_astatke 31170
muna_otaru 31171
mundell_lowe 31172
murat_tokgöz 31173
muriel_evans 31174
muriel_pavlow 31175
murli_sharma 31176
murray_gold 31177
murray_hamilton 31178
murray_langston 31179
murray_lerner 31180
murray_schisgal 31181
muse_(band) 31182
muse_entertainment 31183
muse_entertainment_enterprises 31184
muse_watson 31185
music 31186
music_&_musicals 31187
music_artists 31188
music_videos_&_concerts 31189
music_box_films 31190
music_film 31191
musical_comedy 31192
musical_film 31193
musical_theatre 31194
musicals 31195
musicals_&_performing_arts 31196
musidora 31197
mutual_film 31198
mvm_films 31199
mychael_danna 31200
myd_(musician) 31201
myk_watford 31202
mykel_hawke 31203
mykel_shannon_jenkins 31204
mykelti_williamson 31205
mylène_demongeot 31206
myriad_pictures 31207
myrna_loy 31208
myron_mccormick 31209
myron_selznick 31210
myrtle_sarrosa 31211
myrtle_stedman 31212
myrtle_vail 31213
mystery_&_suspense 31214
mystery_&_thrillers 31215
mystery_fiction 31216
mystery_film 31217
mátyás_seiber 31218
mädchen_amick 31219
märta_torén 31220
måns_mårlind 31221
mélanie_elliott 31222
mélanie_laurent 31223
mélanie_thierry 31224
mélissa_désormeaux-poulin 31225
mía_maestro 31226
míriam_colón 31227
mýa 31228
n._gladkov 31229
n.o.r.e. 31230
nabhaan_rizwan 31231
nabil_elouahabi 31232
nacho_cano 31233
nacho_vigalondo 31234
nada_abou_farhat 31235
nadeeka_guruge 31236
nadezhda_markina 31237
nadezhda_mikhalkova 31238
nadezhda_tolokonnikova 31239
nadia_gray 31240
nadia_tass 31241
nadine_labaki 31242
nadine_nortier 31243
nadine_schiff 31244
nadine_velazquez 31245
nadira_babbar 31246
nadja_uhl 31247
nagisa_ōshima 31248
najim_arshad 31249
najwa_nimri 31250
nakamura_shidō_ii 31251
nakia_burrise 31252
nakul_vaid 31253
namrata_shirodkar 31254
nan_grey 31255
nan_martin 31256
nan_peterson 31257
nan_woods 31258
nana_bryant 31259
nana_dzhordzhadze 31260
nana_katase 31261
nana_mizuki 31262
nana_patekar 31263
nancy_allen_(actress) 31264
nancy_barrett 31265
nancy_carroll 31266
nancy_cartwright 31267
nancy_criss 31268
nancy_gates 31269
nancy_giles 31270
nancy_guild 31271
nancy_hardin 31272
nancy_hsueh 31273
nancy_isime 31274
nancy_juvonen 31275
nancy_kovack 31276
nancy_kwan 31277
nancy_mckeon 31278
nancy_meyers 31279
nancy_olson 31280
nancy_parsons 31281
nancy_reagan 31282
nancy_robertson_(actress) 31283
nancy_savoca 31284
nancy_sinatra 31285
nancy_sorel 31286
nancy_stafford 31287
nancy_travis 31288
nancy_walker 31289
nancy_wilson_(rock_musician) 31290
nandita_das 31291
nando_gazzolo 31292
nanette_bordeaux 31293
nanette_burstein 31294
nanette_newman 31295
nanni_moretti 31296
nansun_shi 31297
naoki_satō 31298
naomi_battrick 31299
naomi_foner_gyllenhaal 31300
naomi_jaffe 31301
naomi_judd 31302
naomi_nishida 31303
naomi_scott 31304
naomi_uno 31305
naomi_watts 31306
naomie_harris 31307
naoyuki_tomomatsu 31308
narciso_yepes 31309
nariaki_kato 31310
nash_aguas 31311
nashville_sound 31312
nasim_pedrad 31313
nastassja_kinski 31314
nat_adderley_jr. 31315
nat_holt 31316
nat_perrin 31317
nat_wolff 31318
natalia_verbeke 31319
natalia_wörner 31320
natalie_becker 31321
natalie_blackman 31322
natalie_canerday 31323
natalie_desselle 31324
natalie_imbruglia 31325
natalie_martinez 31326
natalie_portman 31327
natalie_press 31328
natalie_trundy 31329
natalie_wood 31330
natalie_zea 31331
natalya_gundareva 31332
natan_fyodorovsky 31333
natar_ungalaaq 31334
natascha_mcelhone 31335
natasha_bedingfield 31336
natasha_gregson_wagner 31337
natasha_henstridge 31338
natasha_little 31339
natasha_lyonne 31340
natasha_richardson 31341
natasha_yarovenko 31342
natassia_malthe 31343
nate_mendel 31344
nate_parker 31345
nate_torrence 31346
nate_walcott 31347
nathalie_baye 31348
nathalie_delon 31349
nathan_baesel 31350
nathan_barr 31351
nathan_fillion 31352
nathan_furst 31353
nathan_gamble 31354
nathan_h._juran 31355
nathan_johnson_(musician) 31356
nathan_juran 31357
nathan_kahane 31358
nathan_lane 31359
nathan_larson_(musician) 31360
nathan_lee_chasing_his_horse 31361
nathan_lopez 31362
nathan_mitchell 31363
nathan_phillips_(actor) 31364
nathan_scott_(composer) 31365
nathan_van_cleave 31366
nathan_wang 31367
nathan_west 31368
nathaniel_brown 31369
nathaniel_méchaly 31370
nathaniel_shilkret 31371
national_film 31372
national_general_pictures 31373
national_geographic_channel 31374
national_geographic_society 31375
native_american 31376
nature_&_wildlife 31377
nature_documentary 31378
nature_ganganbaigal 31379
naughty_by_nature 31380
navdeep_singh_(director) 31381
naveen_andrews 31382
navin_chowdhry 31383
nawazuddin_siddiqui 31384
nazan_kırılmış 31385
nazanin_boniadi 31386
nbc 31387
nbc_universal_television_distribution 31388
nbcuniversal_entertainment_japan 31389
nbcuniversal_syndication_studios 31390
nbcuniversal_television_and_streaming 31391
nbcuniversal_television_distribution 31392
nbcuniversal_television_group 31393
ne-yo 31394
neal_acree 31395
neal_avron 31396
neal_d._barnard 31397
neal_dodson 31398
neal_h._moritz 31399
neal_h._mortiz 31400
neal_hefti 31401
neal_israel 31402
neal_jones 31403
neal_mccoy 31404
neal_mcdonough 31405
nealmillerbio.html 31406
ned_beatty 31407
ned_dennehy 31408
ned_dowd 31409
ned_romero 31410
ned_sparks 31411
ned_tanen 31412
ned_vaughn 31413
nedu_wazobia 31414
neha_oberoi 31415
nehemiah_persoff 31416
neil_burger 31417
neil_canton 31418
neil_diamond 31419
neil_dickson 31420
neil_dudgeon 31421
neil_hamilton_(actor) 31422
neil_jordan 31423
neil_kopp 31424
neil_labute 31425
neil_meron 31426
neil_morrissey 31427
neil_north 31428
neil_patrick_harris 31429
neil_ryan_sese 31430
neil_sedaka 31431
neil_william_hrabowy 31432
neil_young 31433
neill_blomkamp 31434
nell_campbell 31435
nell_carter 31436
nellie_bellflower 31437
nelly 31438
nelsan_ellis 31439
nelson_george 31440
nelson_woss 31441
neo-noir 31442
neo-psychedelia 31443
neo-soul 31444
neo_(hungarian_band) 31445
neo_soul 31446
nephew_tommy 31447
nesli_çölgeçen 31448
nestor_carbonell 31449
nestor_paiva 31450
nestor_serrano 31451
net5 31452
netflix 31453
netherlands 31454
neve_campbell 31455
neville_brand 31456
new_age 31457
new_jack 31458
new_line_platinum_series 31459
new_orleans_blues 31460
new_orleans_jazz 31461
new_wave 31462
new_wave_&_post-punk 31463
new_yorker_films 31464
new-age_music 31465
new_beat 31466
new_city_releasing 31467
new_concorde 31468
new_jack_swing 31469
new_line_cinema 31470
new_video 31471
new_wave_music 31472
new_world_communications 31473
new_world_international 31474
new_world_pictures 31475
new_yorker_films 31476
newmarket_capital_group 31477
newmarket_films 31478
news_magazine 31479
nexo 31480
ng_man-tat 31481
ng_see-yuen 31482
ni_ni 31483
nia_long 31484
nia_peeples 31485
nia_vardalos 31486
niall_johnson 31487
niall_macginnis 31488
niall_matter 31489
niall_toibin 31490
niall_tóibín 31491
nicaragua 31492
nichelle_nichols 31493
nichola_burley 31494
nicholas_aaron 31495
nicholas_audsley 31496
nicholas_barnes 31497
nicholas_bonner 31498
nicholas_braun 31499
nicholas_brendon 31500
nicholas_britell 31501
nicholas_clapp 31502
nicholas_clay 31503
nicholas_colasanto 31504
nicholas_corea 31505
nicholas_d'agosto 31506
nicholas_de_pencier 31507
nicholas_downs 31508
nicholas_eadie 31509
nicholas_gleaves 31510
nicholas_gonzalez 31511
nicholas_guest 31512
nicholas_hooper 31513
nicholas_hoult 31514
nicholas_hytner 31515
nicholas_meyer 31516
nicholas_pike 31517
nicholas_ray 31518
nicholas_rowe_(actor) 31519
nicholas_stoller 31520
nicholas_tabarrok 31521
nicholas_tse 31522
nicholas_webster 31523
nicholle_tom 31524
nick_adams_(actor,_born_1931) 31525
nick_cannon 31526
nick_cassavetes 31527
nick_cave 31528
nick_cheung 31529
nick_chinlund 31530
nick_cravat 31531
nick_damici 31532
nick_e._tarabay 31533
nick_eversman 31534
nick_frost 31535
nick_glennie-smith 31536
nick_gomez 31537
nick_grinde 31538
nick_harvey_(australian_actor) 31539
nick_hendrix 31540
nick_hurran 31541
nick_kroll 31542
nick_laird-clowes 31543
nick_lyon 31544
nick_mancuso 31545
nick_meyer 31546
nick_moran 31547
nick_morris 31548
nick_n._raslan 31549
nick_nolte 31550
nick_offerman 31551
nick_palatas 31552
nick_park 31553
nick_principe 31554
nick_quested 31555
nick_ramus 31556
nick_raskulinecz 31557
nick_robinson_(american_actor) 31558
nick_russell-pavier 31559
nick_santora 31560
nick_searcy 31561
nick_smirnoff 31562
nick_soper 31563
nick_stahl 31564
nick_swardson 31565
nick_urata 31566
nick_wechsler_(film_producer) 31567
nick_wechsler_(producer) 31568
nick_willing 31569
nick_zano 31570
nickelodeon_movies 31571
nicki_aycox 31572
nicki_minaj 31573
nicky_chinn 31574
nicky_katt 31575
nicky_ryan 31576
nico_fidenco 31577
nico_tortorella 31578
nicol_williamson 31579
nicola_piovani 31580
nicola_walker 31581
nicolai_cleve_broch 31582
nicolas_bazan 31583
nicolas_cage 31584
nicolas_cazalé 31585
nicolas_chartier 31586
nicolas_gessner 31587
nicolas_winding_refn 31588
nicole_ari_parker 31589
nicole_beharie 31590
nicole_conn 31591
nicole_de_boer 31592
nicole_ehrlich 31593
nicole_holofcener 31594
nicole_jaffe 31595
nicole_kidman 31596
nicole_laliberte 31597
nicole_maurey 31598
nicole_muñoz 31599
nicole_oliver 31600
nicole_parker 31601
nicole_sullivan 31602
nicoletta_braschi 31603
nicoletta_machiavelli 31604
nicollette_sheridan 31605
nicolás_celis 31606
nicolás_lópez_(chilean_director) 31607
niecy_nash 31608
niels_arden_oplev 31609
niels_arestrup 31610
niels_schneider 31611
niels_w._gade 31612
nigel_barrie 31613
nigel_bennett 31614
nigel_bruce 31615
nigel_cole 31616
nigel_davenport 31617
nigel_green 31618
nigel_havers 31619
nigel_hawthorne 31620
nigel_marven 31621
nigel_mcguinness 31622
nigel_paterson 31623
nigel_patrick 31624
nigel_sinclair 31625
nigel_stafford-clark 31626
nigel_stock_(actor) 31627
nigel_terry 31628
nigel_thomas 31629
nigel_tufnel 31630
nigel_westlake 31631
nigeria 31632
nightwish 31633
nik_fackler 31634
nika_futterman 31635
nike_arrighi 31636
niki_caro 31637
niki_chow 31638
nikita_hopkins 31639
nikita_mikhalkov 31640
nikkatsu 31641
nikki_blonsky 31642
nikki_reed 31643
niklas_hjulström 31644
nikolai_burlyayev 31645
nikolai_grinko 31646
nikolai_karachentsov 31647
nikolai_kinski 31648
nikolai_kryuchkov 31649
nikolai_müllerschön 31650
nikolai_sergeyev_(actor) 31651
nikolai_sizov 31652
nikolaj_arcel 31653
nile_rodgers 31654
nils_poppe 31655
nimrat_kaur 31656
nimród_antal 31657
nina_axelrod 31658
nina_dobrev 31659
nina_foch 31660
nina_garcia 31661
nina_hoss 31662
nina_jacobson 31663
nina_landis 31664
nina_yang_bongiovi 31665
nine_inch_nails 31666
nino_castelnuovo 31667
nino_kirtadze 31668
nino_rota 31669
nino_zanchin 31670
nipun_akter 31671
nira_park 31672
nisreen_faour 31673
nitin_kundra 31674
nitin_sawhney 31675
niv_fichman 31676
nivek_ogre 31677
no_limit_records 31678
no_wave 31679
noah 31680
noah_bastian 31681
noah_baumbach 31682
noah_beery 31683
noah_beery,_jr. 31684
noah_beery_jr. 31685
noah_beery_sr. 31686
noah_emmerich 31687
noah_fleiss 31688
noah_schnapp 31689
noah_schuffman 31690
noah_segan 31691
noah_taylor 31692
noah_wyle 31693
noam_chomsky 31694
noam_murro 31695
noboru_iguchi 31696
noboru_tsuburaya 31697
nobuo_nakamura 31698
nobuyuki_hiyama 31699
nocturnes 31700
noel_callahan 31701
noel_clarke 31702
noel_fisher 31703
noel_fisher_(actor) 31704
noel_m._smith 31705
noel_pearson_(producer) 31706
noels 31707
noise-rock 31708
noizy 31709
nolan_gane 31710
nolan_gerard_funk 31711
nomura_mansai 31712
non-linear_editing_system 31713
nona_gaye 31714
nonso_anozie 31715
noomi_rapace 31716
nora_arnezeder 31717
nora_ephron 31718
nora_grossman 31719
nora_twomey 31720
nora_zehetner 31721
norah_jones 31722
norbert_kückelmann 31723
norbert_preuss 31724
norbert_weisser 31725
norbert_young 31726
nordisk_film 31727
noriaki_sugiyama 31728
noriaki_yuasa 31729
noriko_kijima 31730
noriyuki_abe 31731
norm_ferguson_(animator) 31732
norm_prescott 31733
norma_aleandro 31734
norma_bailey 31735
norma_bengell 31736
norma_talmadge 31737
norman_alden 31738
norman_burton 31739
norman_chui 31740
norman_cohn_(film_producer) 31741
norman_fell 31742
norman_foster_(director) 31743
norman_jewison 31744
norman_kaye 31745
norman_krasna 31746
norman_leavitt 31747
norman_lloyd 31748
norman_mailer 31749
norman_maurer 31750
norman_orenstein 31751
norman_panama 31752
norman_priggen 31753
norman_reedus 31754
norman_rodway 31755
norman_smith_(record_producer) 31756
norman_steinberg 31757
norman_taurog 31758
norman_tokar 31759
norman_twain 31760
norman_wisdom 31761
norman_yemm 31762
norman_z._mcleod 31763
normand_corbeil 31764
norteo 31765
north_america 31766
northern 31767
norway 31768
nova 31769
nova_pilbeam 31770
nozomu_enoki 31771
nozomu_kasagi 31772
nozomu_sasaki 31773
noémie_lenoir 31774
noémie_lvovsky 31775
noémie_merlant 31776
noël_coward 31777
noël_mitrani 31778
nse_ikpe_etim 31779
nu-disco 31780
nu_metal 31781
nunnally_johnson 31782
nuria_gonzález 31783
nusrat_imrose_tisha 31784
nutech_digital 31785
nutsa_kukhianidze 31786
nyree_dawn_porter 31787
nǃxau_ǂtoma 31788
o'shea_jackson_jr. 31789
o._j._simpson 31790
o.e._hasse 31791
oasis_films 31792
obba_babatundé 31793
oc_ukeje 31794
occult_detective_fiction 31795
occult_rock 31796
ocean_colour_scene 31797
ocean_shores_video 31798
oceana_wu 31799
octavia_spencer 31800
octavia_st._laurent 31801
october_films 31802
oded_fehr 31803
odeon_films 31804
odeon_sky_filmworks 31805
odetta 31806
odette_annable 31807
odette_myrtil 31808
odette_yustman 31809
off-color_humor 31810
ogden_gavanski 31811
oh_dal-su 31812
oh_jung-se 31813
oh_land 31814
ohad_benchetrit 31815
oja_kodar 31816
ok_go 31817
ola_otnes 31818
olan_soule 31819
old_school 31820
old-time_country 31821
oldies 31822
oldies_&_retro 31823
oleg_menshikov 31824
oleg_mutu 31825
oleg_stefan 31826
oleg_tabakov 31827
oleg_yankovsky 31828
olesya_rulin 31829
olga_james 31830
olga_kabo 31831
olga_kurylenko 31832
olga_neuwirth 31833
olin_howland 31834
oliver_cooper 31835
oliver_drake_(filmmaker) 31836
oliver_hardy 31837
oliver_hirschbiegel 31838
oliver_kraus 31839
oliver_morosco 31840
oliver_parker 31841
oliver_platt 31842
oliver_reed 31843
oliver_stokowski 31844
oliver_stone 31845
oliver_wallace 31846
olivia_bonamy 31847
olivia_colman 31848
olivia_d'abo 31849
olivia_de_havilland 31850
olivia_harrison 31851
olivia_hussey 31852
olivia_lamasan 31853
olivia_luccardi 31854
olivia_munn 31855
olivia_newton-john 31856
olivia_taylor_dudley 31857
olivia_thirlby 31858
olivia_wilde 31859
olivia_williams 31860
olivier_assayas 31861
olivier_ducastel 31862
olivier_gourmet 31863
olivier_martinez 31864
olivier_megaton 31865
olivier_perrier 31866
olle_nordemar 31867
olli_schulz 31868
ollie_olsen 31869
ollie_ryall 31870
oln 31871
olumide_oworu 31872
olympia_dukakis 31873
olé_olé_(band) 31874
om_puri 31875
omar_benson_miller 31876
omar_epps 31877
omar_gooding 31878
omar_metwally 31879
omar_sharif 31880
omara_portuondo 31881
omari_hardwick 31882
omarion 31883
omi_vaidya 31884
omid_djalili 31885
omri_katz 31886
onata_aprile 31887
ondřej_brzobohatý 31888
ondřej_trojan 31889
onur_saylak 31890
onyx_(group) 31891
oona_laurence 31892
open_road_films 31893
opera 31894
opera_&_classical_vocal 31895
operatic_pop 31896
operation_prime_time 31897
operettas 31898
oprah_winfrey 31899
optimum_releasing 31900
orange_sky_golden_harvest 31901
oratorios 31902
orchestra 31903
oren_koules 31904
oren_moverman 31905
oren_peli 31906
oren_rudavsky 31907
oren_senderman 31908
orion_classics 31909
orion_pictures 31910
orion_pictures_corporation 31911
oris_erhuero 31912
orlando_bloom 31913
orlando_brown_(actor) 31914
orlando_jones 31915
orly_adelson 31916
orson_bean 31917
orson_welles 31918
orville_o._dull 31919
osa_massen 31920
osamu_tezuka 31921
osas_ighodaro 31922
osbourne,_ozzy 31923
oscar_collection 31924
oscar_homolka 31925
oscar_isaac 31926
oscar_levant 31927
oscar_martínez_(actor) 31928
oscar_micheaux 31929
oscar_polk 31930
oscar_straus_(composer) 31931
oscilloscope_(company) 31932
oscilloscope_laboratories 31933
oscilloscope_pictures 31934
oskar_homolka 31935
oskar_messter 31936
oskar_werner 31937
osric_chau 31938
ossie_davis 31939
osvaldo_golijov 31940
other 31941
othman_karim 31942
otto_kruger 31943
otto_lang_(film_producer) 31944
otto_messmer 31945
otto_preminger 31946
otto_sander 31947
otto_stenzeel 31948
outkast 31949
outlaw_country 31950
overture_films 31951
overtures 31952
oviya 31953
owain_yeoman 31954
owen_alabado 31955
owen_bradley 31956
owen_hart 31957
owen_moore 31958
owen_wilson 31959
ozzie_nelson 31960
p._n._sathya 31961
pablo_chiapella 31962
pablo_rago 31963
pacific_islands 31964
pacific_international_enterprises 31965
paddy_breathnach 31966
paddy_considine 31967
paddy_moloney 31968
page_kennedy 31969
paget_brewster 31970
pahlaj_nihalani 31971
pailin_wedel 31972
palace_films_and_cinemas 31973
palace_pictures 31974
palmer_williams_jr. 31975
pam_grier 31976
pam_tillis 31977
pamela_adlon 31978
pamela_austin 31979
pamela_blake 31980
pamela_brumley 31981
pamela_flores 31982
pamela_franklin 31983
pamela_hensley 31984
pamela_reed 31985
pamela_springsteen 31986
pamela_stephenson 31987
pamela_tiffin 31988
pamela_villoresi 31989
pamelyn_chee 31990
pan-européenne 31991
pandora_film 31992
pandro_s._berman 31993
pang_brothers 31994
panna_rittikrai 31995
panorama_studios 31996
pantelion_films 31997
panther_bior 31998
paola_mori 31999
paolo_barzman 32000
paolo_bonacelli 32001
paolo_malco 32002
paolo_seganti 32003
paolo_sorrentino 32004
paolo_stoppa 32005
paramore 32006
paramount_home_entertainment 32007
paramount_british_pictures 32008
paramount_classics 32009
paramount_domestic_television 32010
paramount_famous_lasky_corporation 32011
paramount_home_entertainment 32012
paramount_home_media_distribution 32013
paramount_media_networks 32014
paramount_pictures 32015
paramount_television_domestic_distribution 32016
paramount_television_studios 32017
paramount_vantage 32018
paranormal_tv 32019
paris_barclay 32020
paris_hilton 32021
paris_poirier 32022
park_bo-young 32023
park_chan-wook 32024
park_chul-soo 32025
park_hae-il 32026
park_hee-soon 32027
park_myeong-su 32028
park_overall 32029
park_sang-won 32030
park_woo-sang 32031
parker_posey 32032
parker_stevenson 32033
parley_baer 32034
parliament_(band) 32035
parminder_nagra 32036
parno_mittra 32037
parody 32038
parody_music 32039
parry_shen 32040
parufamet 32041
parviz_parastui 32042
pascal_elbé 32043
pascal_franchot 32044
pascal_gabriel 32045
pascale_bussières 32046
passport_to_europe 32047
pat_boone 32048
pat_carroll_(actress) 32049
pat_cassidy 32050
pat_corley 32051
pat_crowley 32052
pat_dollard 32053
pat_finn_(actor) 32054
pat_healy_(actor) 32055
pat_hingle 32056
pat_klous 32057
pat_morita 32058
pat_musick 32059
pat_o'brien_(actor) 32060
pat_paterson 32061
pat_paulsen 32062
pat_smear 32063
pat_sullivan_(film_producer) 32064
pat_swinney_kaufman 32065
pat_thomson 32066
pathfinder_pictures 32067
pathé 32068
pathé_consortium_cinéma 32069
pathé_distribution 32070
pathé_exchange 32071
pato_hoffmann 32072
patric_knowles 32073
patric_verrone 32074
patrice_donnelly 32075
patrice_ledoux 32076
patricia_arquette 32077
patricia_breslin 32078
patricia_clarkson 32079
patricia_clifford 32080
patricia_drake 32081
patricia_ellis 32082
patricia_fass_palmer 32083
patricia_gage 32084
patricia_heaton 32085
patricia_hodge 32086
patricia_ja_lee 32087
patricia_laffan 32088
patricia_lawrence 32089
patricia_neal 32090
patricia_ortega 32091
patricia_owens_(actress) 32092
patricia_quinn_(northern_irish_actress) 32093
patricia_rae 32094
patricia_riggen 32095
patricia_rozema 32096
patricia_tallman 32097
patricia_velásquez 32098
patricia_viterbo 32099
patricia_wettig 32100
patrick_bauchau 32101
patrick_bedford 32102
patrick_bergin 32103
patrick_brantseg 32104
patrick_cargill 32105
patrick_cassidy_(actor) 32106
patrick_cassidy_(composer) 32107
patrick_cranshaw 32108
patrick_creadon 32109
patrick_criado 32110
patrick_curtis_(producer) 32111
patrick_d'assumçao 32112
patrick_dempsey 32113
patrick_doyle 32114
patrick_duffy 32115
patrick_ewald 32116
patrick_fabian 32117
patrick_fugit 32118
patrick_gleeson 32119
patrick_heusinger 32120
patrick_kennedy_(actor) 32121
patrick_kilpatrick 32122
patrick_leonard 32123
patrick_levis 32124
patrick_lung 32125
patrick_lussier 32126
patrick_macnee 32127
patrick_magee_(actor) 32128
patrick_malahide 32129
patrick_markey 32130
patrick_mcgaw 32131
patrick_mcgoohan 32132
patrick_montgomery 32133
patrick_moraz 32134
patrick_mower 32135
patrick_muldoon 32136
patrick_mynhardt 32137
patrick_o'neal_(actor) 32138
patrick_read_johnson 32139
patrick_reams 32140
patrick_renna 32141
patrick_ridremont 32142
patrick_roach 32143
patrick_st._esprit 32144
patrick_stewart 32145
patrick_swayze 32146
patrick_tam_(actor) 32147
patrick_tatopoulos 32148
patrick_troughton 32149
patrick_tse 32150
patrick_van_horn 32151
patrick_warburton 32152
patrick_wayne 32153
patrick_williams_(composer) 32154
patrick_wilson_(american_actor) 32155
patsy_kensit 32156
patsy_moran 32157
patti_d'arbanville 32158
patti_hansen 32159
patti_labelle 32160
pattie_brooks 32161
patton_oswalt 32162
patty_duke 32163
paul_mccartney 32164
paul_a._partain 32165
paul_a._rothchild 32166
paul_adelstein 32167
paul_america 32168
paul_andrew_williams 32169
paul_angelis 32170
paul_antonelli 32171
paul_apak_angilirq 32172
paul_arnold_(composer) 32173
paul_bales 32174
paul_barkin 32175
paul_bartel 32176
paul_benjamin 32177
paul_bern 32178
paul_bertoya 32179
paul_bettany 32180
paul_bogart 32181
paul_bradley_(producer) 32182
paul_bradshaw_(television) 32183
paul_brickman 32184
paul_brill 32185
paul_brooks 32186
paul_burke_(actor) 32187
paul_calderon 32188
paul_calderón 32189
paul_campbell_(jamaican_actor) 32190
paul_cantelon 32191
paul_cavanagh 32192
paul_chihara 32193
paul_colichman 32194
paul_cox_(director) 32195
paul_cronin 32196
paul_crowder 32197
paul_daneman 32198
paul_dano 32199
paul_davidson_(producer) 32200
paul_dawson_(actor) 32201
paul_de_villiers 32202
paul_dessau 32203
paul_dini 32204
paul_dooley 32205
paul_doucet 32206
paul_douglas_(actor) 32207
paul_dunlap 32208
paul_dzewniak 32209
paul_eddington 32210
paul_feig 32211
paul_ferrara 32212
paul_fix 32213
paul_fonteyn 32214
paul_frankeur 32215
paul_freeman_(actor) 32216
paul_frees 32217
paul_giamatti 32218
paul_giovanni 32219
paul_glass 32220
paul_gleason 32221
paul_goddard_(actor) 32222
paul_grabowsky 32223
paul_greengrass 32224
paul_gross 32225
paul_guilfoyle 32226
paul_guilfoyle_(actor_born_in_1902) 32227
paul_haggis 32228
paul_hampton 32229
paul_hardcastle 32230
paul_harris_boardman 32231
paul_haslinger 32232
paul_hebert_(french_actor) 32233
paul_heller 32234
paul_henreid 32235
paul_hepker 32236
paul_hertzberg 32237
paul_heyman 32238
paul_hipp 32239
paul_hoen 32240
paul_hogan 32241
paul_hubschmid 32242
paul_jackson_(producer) 32243
paul_jay 32244
paul_jesson 32245
paul_johansson 32246
paul_jones_(film_producer) 32247
paul_julian_(artist) 32248
paul_junger_witt 32249
paul_kelly_(actor) 32250
paul_kelly_(australian_musician) 32251
paul_kohner 32252
paul_koslo 32253
paul_l._smith 32254
paul_langton 32255
paul_laurence 32256
paul_le_mat 32257
paul_leary 32258
paul_leni 32259
paul_leonard-morgan 32260
paul_lidel_(musician) 32261
paul_linke 32262
paul_logan_(actor) 32263
paul_lukas 32264
paul_lynch_(director) 32265
paul_lynde 32266
paul_mantee 32267
paul_marc_davis 32268
paul_maslansky 32269
paul_mccartney 32270
paul_mccole 32271
paul_mcgann 32272
paul_mcgillion 32273
paul_mcguigan_(filmmaker) 32274
paul_mercier_(actor) 32275
paul_mercurio 32276
paul_michael_glaser 32277
paul_miller_(tv_director) 32278
paul_misraki 32279
paul_morrison_(director) 32280
paul_muller_(actor) 32281
paul_muni 32282
paul_n._lazarus_iii 32283
paul_newman 32284
paul_nicholls_(actor) 32285
paul_o'keefe 32286
paul_oakenfold 32287
paul_perri 32288
paul_rae 32289
paul_reiser 32290
paul_reubens 32291
paul_rhys 32292
paul_richter 32293
paul_robb 32294
paul_robeson 32295
paul_rodriguez_(actor) 32296
paul_rubell 32297
paul_rudd 32298
paul_saltzman 32299
paul_sand 32300
paul_sawtell 32301
paul_scardon 32302
paul_schiff 32303
paul_schneider_(actor) 32304
paul_schrader 32305
paul_schrier 32306
paul_shaffer 32307
paul_shapiro_(director) 32308
paul_shenar 32309
paul_simon 32310
paul_sirmons 32311
paul_smith_(composer) 32312
paul_smith_(film_and_television_composer) 32313
paul_sorvino 32314
paul_stewart_(actor) 32315
paul_taublieb 32316
paul_thomas_(pornographic_actor) 32317
paul_thomas_anderson 32318
paul_tivers 32319
paul_verhoeven 32320
paul_w._s._anderson 32321
paul_walker 32322
paul_webster_(producer) 32323
paul_wegener 32324
paul_weitz_(filmmaker) 32325
paul_wendkos 32326
paul_wesley 32327
paul_williams_(songwriter) 32328
paul_wilmshurst 32329
paul_winfield 32330
paul_worley 32331
paul_zaza 32332
paula_devicq 32333
paula_garcés 32334
paula_jai_parker 32335
paula_kelly_(actress) 32336
paula_malcomson 32337
paula_patton 32338
paula_poundstone 32339
paula_prentiss 32340
paula_usero 32341
paula_wagner 32342
paula_weinstein 32343
paulette_goddard 32344
paulie_rojas 32345
paulina_gaitán 32346
pauline_collins 32347
pauline_frederick 32348
pauline_moran 32349
paulo_branco 32350
paulo_costanzo 32351
pauly_shore 32352
pavel_derevyanko 32353
pavel_kříž 32354
pavel_landovský 32355
pavel_skřípal 32356
pavle_čemerikić 32357
pawel_szajda 32358
paweł_pawlikowski 32359
paxton_whitehead 32360
paz_de_la_huerta 32361
paz_vega 32362
pbs 32363
pbs_distribution 32364
peace_arch_entertainment 32365
pearl_bailey 32366
pearl_thusi 32367
peccadillo_pictures 32368
pedro_almodóvar 32369
pedro_armendáriz 32370
pedro_armendáriz_jr. 32371
pedro_bromfman 32372
pedro_de_cordoba 32373
pee-wee_herman 32374
peer_raben 32375
peggie_castle 32376
peggy_ashcroft 32377
peggy_holmes 32378
peggy_knudsen 32379
peggy_montgomery 32380
peggy_moran 32381
peggy_mount 32382
peggy_rajski 32383
peggy_webber 32384
pelé 32385
pen_densham 32386
penelope_ann_miller 32387
penelope_spheeris 32388
penelope_wilton 32389
penn_badgley 32390
penny_cook 32391
penny_marshall 32392
penélope_cruz 32393
pepe_danquart 32394
pepe_serna 32395
pepper_labeija 32396
per_christensen 32397
per_christian_ellefsen 32398
per_fredrik_åsly 32399
per_gessle 32400
per_gørvell 32401
per_oscarsson 32402
per_ragnar 32403
percival_mackey 32404
percy_edwards 32405
percy_marmont 32406
percy_rodriguez 32407
perdita_weeks 32408
performing_arts 32409
peri_gilpin 32410
period_drama 32411
perry_botkin_jr. 32412
perry_como 32413
perry_lafferty 32414
perry_pirkanen 32415
persia_white 32416
persian_(farsi) 32417
pet_shop_boys 32418
peta_sergeant 32419
petchtai_wongkamlao 32420
pete_anderson 32421
pete_bellotte 32422
pete_coogan 32423
pete_cunningham_(kickboxer) 32424
pete_duel 32425
pete_king_(composer) 32426
pete_mccormack 32427
pete_o'herne 32428
pete_postlethwaite 32429
pete_rugolo 32430
pete_smith_(actor) 32431
pete_travis 32432
pete_walker_(director) 32433
peter-henry_arnatsiaq 32434
peter_aalbæk_jensen 32435
peter_allen_(composer) 32436
peter_allen_(musician) 32437
peter_andrikidis 32438
peter_arne 32439
peter_askin 32440
peter_avanzino 32441
peter_baldwin_(director) 32442
peter_bart 32443
peter_bartlett_(actor) 32444
peter_barton_(actor) 32445
peter_baylis 32446
peter_berg 32447
peter_berling 32448
peter_best_(composer) 32449
peter_bevan 32450
peter_billingsley 32451
peter_blais 32452
peter_bogdanovich 32453
peter_bonerz 32454
peter_boyle 32455
peter_brocco 32456
peter_brown_(actor) 32457
peter_capaldi 32458
peter_carlberg 32459
peter_carsten 32460
peter_cattaneo 32461
peter_chan 32462
peter_chelsom 32463
peter_chernin 32464
peter_chung 32465
peter_collinson_(film_director) 32466
peter_cook 32467
peter_cornwell_(director) 32468
peter_coyote 32469
peter_cullen 32470
peter_cushing 32471
peter_czernin 32472
peter_dasent 32473
peter_davison 32474
peter_dawson_(actor) 32475
peter_del_vecho 32476
peter_deluise 32477
peter_dinklage 32478
peter_dobson 32479
peter_douglas 32480
peter_duffell 32481
peter_facinelli 32482
peter_faiman 32483
peter_falk 32484
peter_farrelly 32485
peter_finch 32486
peter_fincham 32487
peter_firth 32488
peter_flinth 32489
peter_fonda 32490
peter_franzén 32491
peter_friedman 32492
peter_fudakowski 32493
peter_gabriel 32494
peter_gadiot 32495
peter_gallagher 32496
peter_gardiner_(actor) 32497
peter_godfrey_(director) 32498
peter_graves 32499
peter_graves_(actor) 32500
peter_gregson_(cellist) 32501
peter_grunwald 32502
peter_gunn_(actor) 32503
peter_gwynne 32504
peter_h._hunt 32505
peter_hedges 32506
peter_hewitt_(director) 32507
peter_hewitt_(film_director) 32508
peter_himmelman 32509
peter_horton 32510
peter_howitt 32511
peter_hurkos 32512
peter_hyams 32513
peter_ivers 32514
peter_jackson 32515
peter_jacobson 32516
peter_james_bryant 32517
peter_jeffrey 32518
peter_jessop 32519
peter_jurasik 32520
peter_kam 32521
peter_kassovitz 32522
peter_krause 32523
peter_laird 32524
peter_lam 32525
peter_lauritson 32526
peter_lawford 32527
peter_lepeniotis 32528
peter_linz 32529
peter_lord 32530
peter_lorre 32531
peter_m._lenkov 32532
peter_macdonald_(director) 32533
peter_macdonald_(film_director) 32534
peter_macgregor-scott 32535
peter_mackenzie 32536
peter_macneill 32537
peter_macnicol 32538
peter_manning_robinson 32539
peter_markle 32540
peter_martin_(actor) 32541
peter_masterson 32542
peter_matz 32543
peter_mayhew 32544
peter_mccarthy_(american_film_producer) 32545
peter_medak 32546
peter_mensah 32547
peter_michael_goetz 32548
peter_miles_(american_actor) 32549
peter_miller_(actor) 32550
peter_mooney 32551
peter_mullan 32552
peter_nelson_(actor) 32553
peter_nero 32554
peter_newman_(producer) 32555
peter_noah 32556
peter_noone 32557
peter_o'brian_(film_producer) 32558
peter_o'toole 32559
peter_outerbridge 32560
peter_oxley 32561
peter_pau 32562
peter_phelps 32563
peter_reynolds_(actor) 32564
peter_richardson_(american_director) 32565
peter_riegert 32566
peter_rodgers_organization 32567
peter_rogers 32568
peter_s._brown 32569
peter_safran 32570
peter_sallis 32571
peter_saraf 32572
peter_sarsgaard 32573
peter_sasdy 32574
peter_schneider_(film_executive) 32575
peter_scolari 32576
peter_segal 32577
peter_sellers 32578
peter_shinkoda 32579
peter_singer 32580
peter_snell_(producer) 32581
peter_sohn 32582
peter_sollett 32583
peter_stebbings 32584
peter_stickles 32585
peter_stormare 32586
peter_strauss 32587
peter_stuart 32588
peter_sullivan_(record_producer) 32589
peter_tewksbury 32590
peter_ustinov 32591
peter_van_eyck 32592
peter_vaughan 32593
peter_webber 32594
peter_weir 32595
peter_weller 32596
peter_werner 32597
peter_whitford 32598
peter_wingfield 32599
peter_wolf_(producer) 32600
peter_woodward 32601
peter_yates 32602
petr_hapka 32603
petra_laseur 32604
petra_morzé 32605
petronella_barker_(actress_born_1965) 32606
petter_næss 32607
peyman_moaadi 32608
peyton_list_(actress,_born_1998) 32609
peyton_reed 32610
pharrell_williams 32611
phase_4_films 32612
phedon_papamichael_jr. 32613
phellipe_haagensen 32614
phil_alden_robinson 32615
phil_boutelje 32616
phil_bruns 32617
phil_chess 32618
phil_collins 32619
phil_daniels 32620
phil_davis_(actor) 32621
phil_donahue 32622
phil_harris 32623
phil_hartman 32624
phil_karlson 32625
phil_lamarr 32626
phil_lord_and_christopher_miller 32627
phil_morris_(actor) 32628
phil_morrison_(director) 32629
phil_ochs 32630
phil_roman 32631
phil_rosen 32632
phil_silvers 32633
phil_sogard 32634
phil_soussan 32635
phil_spector 32636
phil_traill 32637
phil_vischer 32638
phil_wickham 32639
philadelphia_soul 32640
philip_arditti 32641
philip_baker_hall 32642
philip_bruns 32643
philip_capice 32644
philip_chan_(actor) 32645
philip_charles_mackenzie 32646
philip_d'antoni 32647
philip_daniel_bolden 32648
philip_dorn 32649
philip_g._epstein 32650
philip_gefter 32651
philip_glass 32652
philip_green_(composer) 32653
philip_jackson_(actor) 32654
philip_kaufman 32655
philip_ko 32656
philip_kwok 32657
philip_latham 32658
philip_michael_thomas 32659
philip_miller_(composer) 32660
philip_proctor 32661
philip_rose_(theatrical_producer) 32662
philip_rosenthal 32663
philip_seymour_hoffman 32664
philip_springer 32665
philip_stone 32666
philip_yordan 32667
philipp_kadelbach 32668
philipp_stölzl 32669
philippa_campbell 32670
philippa_lowthorpe 32671
philippe_aractingi 32672
philippe_de_chérisey 32673
philippe_eidel 32674
philippe_falardeau 32675
philippe_godeau 32676
philippe_leroy_(actor) 32677
philippe_martinez 32678
philippe_morier-genoud 32679
philippe_nahon 32680
philippe_noiret 32681
philippe_petit 32682
philippe_rousselet 32683
philippe_sarde 32684
philippe_torreton 32685
philippe_volter 32686
phill_lewis 32687
phillip_alford 32688
phillip_borsos 32689
phillip_glasser 32690
phillip_j._bartell 32691
phillip_j._roth 32692
phillip_noyce 32693
phillip_p._keene 32694
phillip_terry 32695
philly_soul 32696
philosophical_fiction 32697
phoebe_cates 32698
phoebe_nicholls 32699
phoebe_tonkin 32700
phoenix_(band) 32701
phyllida_law 32702
phyllis_calvert 32703
phyllis_coates 32704
phyllis_diller 32705
phyllis_morris_(actress) 32706
pia_zadora 32707
piano_blues 32708
picturehouse_(company) 32709
picturehouse_cinemas 32710
picturehouse_entertainment 32711
pier_angeli 32712
pier_luigi_torri 32713
pier_paolo_pasolini 32714
pierce_brosnan 32715
pierce_gagnon 32716
pierce_rafferty 32717
piercey_dalton 32718
pierfrancesco_favino 32719
piero_piccioni 32720
piero_pierotti 32721
piero_umiliani 32722
pierre-ange_le_pogam 32723
pierre_boulanger 32724
pierre_brasseur 32725
pierre_coffin 32726
pierre_cressoy 32727
pierre_david_(film_producer) 32728
pierre_de_moro 32729
pierre_deladonchamps 32730
pierre_edwards 32731
pierre_fresnay 32732
pierre_gendron_(producer) 32733
pierre_larquey 32734
pierre_montazel 32735
pierre_proner 32736
pierre_renoir 32737
pierre_richard 32738
pierre_spengler 32739
pierre_tchernia 32740
pierre_van_dormael 32741
pierrino_mascarino 32742
piers_wenger 32743
pierson_fodé 32744
pieter_schlosser 32745
pietro_germi 32746
pietro_valsecchi 32747
pilar_savone 32748
pina_pellicer 32749
pinar_toprak 32750
ping_medina 32751
pink_floyd 32752
pink_(singer) 32753
pink_floyd 32754
pino_calvi 32755
pino_donaggio 32756
pinto_colvig 32757
piolo_pascual 32758
piotr_adamczyk 32759
piotr_andrejew 32760
piotr_machalica 32761
pip_carter 32762
pip_torrens 32763
piper_curda 32764
piper_laurie 32765
piper_perabo 32766
pippa_cross 32767
pippa_scott 32768
pippo_baudo 32769
pippo_delbono 32770
pitof 32771
pixote_hunt 32772
piyush_mishra 32773
pj_deboy 32774
pj_walsh 32775
plaion 32776
planet_of_the_apes 32777
plato_a._skouras 32778
pleuni_touw 32779
plutarco_haza 32780
plácido_domingo 32781
pm_entertainment 32782
po-chih_leong 32783
po-chu_chui 32784
poland 32785
police_procedural 32786
polish 32787
polish_brothers 32788
political_drama 32789
political_satire 32790
politics 32791
polkas 32792
polly_ann_young 32793
polly_bergen 32794
polly_cohen_johnsen 32795
polly_holliday 32796
polly_moran 32797
polly_platt 32798
polly_walker 32799
pollyanna_mcintosh 32800
polychrome_pictures 32801
polygram 32802
polygram_filmed_entertainment 32803
pooch_hall 32804
pop 32805
pop_&_contemporary 32806
pop_metal 32807
pop_rap 32808
pop-rap 32809
pop_music 32810
pop_punk 32811
pop_rock 32812
pop_rock_music 32813
pope_productions 32814
popol_vuh_(band) 32815
poppy_lee_friar 32816
poppy_montgomery 32817
popular_music 32818
porchlight_entertainment 32819
porter_hall 32820
portia_doubleday 32821
portuguese 32822
post_hardcore 32823
post-disco 32824
post-dubstep 32825
post-grunge 32826
post-hardcore 32827
post-punk 32828
post-punk_revival 32829
post-rock 32830
poul_bang 32831
power_pop 32832
power_chan 32833
power_metal 32834
power_pop 32835
powers_boothe 32836
prachya_pinkaew 32837
pras_michel 32838
praveena 32839
preferred_pictures 32840
preity_zinta 32841
prem_chopra 32842
presley,_elvis 32843
presley_chweneyagae 32844
preston_a._whitmore_ii 32845
preston_bailey 32846
preston_fischer 32847
preston_foster 32848
preston_holmes 32849
preston_lacy 32850
preston_sturges 32851
preston_stutzman 32852
primal_pictures 32853
prince 32854
prince_(musician) 32855
prince_edward,_earl_of_wessex 32856
prince_paul_(producer) 32857
princess_diaries 32858
priscilla_barnes 32859
priscilla_lane 32860
priscilla_pointer 32861
priscilla_presley 32862
prison 32863
pritam 32864
pritish_nandy 32865
priyanka_karki 32866
producers_distributing_corporation 32867
producers_releasing_corporation 32868
producers_sales_organization 32869
professional_wrestling 32870
progress_film 32871
progressive 32872
progressive_metal 32873
progressive_rock 32874
progressive_house 32875
progressive_metal 32876
progressive_rock 32877
protest_song 32878
proto_punk 32879
proto-punk 32880
protopunk 32881
pruitt_taylor_vince 32882
psychedelic_rock 32883
psychedelic_folk 32884
psychedelic_funk 32885
psychedelic_music 32886
psychedelic_pop 32887
psychedelic_rock 32888
psychological_drama 32889
public_announcement 32890
public_broadcasting_service 32891
public_broadcasting_service_(pbs) 32892
puddle_of_mudd 32893
pulp_noir 32894
punch_andrews 32895
punk 32896
punk_revival 32897
punk-pop 32898
punk_blues 32899
punk_rock 32900
pure_flix_entertainment 32901
pyotr_kislov 32902
pyotr_verzilov 32903
pyramid_(band) 32904
pál_gábor 32905
q-tip_(rapper) 32906
q._allan_brocka 32907
qi_yuwu 32908
qigang_chen 32909
qin_junjie 32910
queen 32911
queen_(band) 32912
queen_latifah 32913
quentin_tarantino 32914
quiet_storm 32915
quincy_jones 32916
quincy_jones_iii 32917
quinn_cummings 32918
quinn_hunchar 32919
quinn_martin 32920
quinn_redeker 32921
quvenzhané_wallis 32922
r&b 32923
r._a._cinader 32924
r._a._mihailoff 32925
r._d._call 32926
r._d._robb 32927
r._g._springsteen 32928
r._j._cutler 32929
r._kelly 32930
r._l._ryan 32931
r._lee_ermey 32932
r._madhavan 32933
r.e.m. 32934
r.g._armstrong 32935
r.h._thomson 32936
r.s._allen 32937
r.w._goodwin 32938
raai_laxmi 32939
rachael_blake_(australian_actress) 32940
rachael_crawford 32941
rachael_horovitz 32942
rachael_leigh_cook 32943
rachael_stirling 32944
rachael_taylor 32945
rachel_bilson 32946
rachel_blanchard 32947
rachel_boynton 32948
rachel_chagall 32949
rachel_dratch 32950
rachel_duncan 32951
rachel_franco 32952
rachel_grady 32953
rachel_griffiths 32954
rachel_hayward 32955
rachel_hurd-wood 32956
rachel_korine 32957
rachel_lam 32958
rachel_luttrell 32959
rachel_marcus 32960
rachel_mcadams 32961
rachel_miner 32962
rachel_nichols_(actress) 32963
rachel_portman 32964
rachel_roberts_(actress) 32965
rachel_roy 32966
rachel_skarsten 32967
rachel_talalay 32968
rachel_ticotin 32969
rachel_true 32970
rachel_weisz 32971
rachel_winter 32972
rachele_brooke_smith 32973
rachelle_lefevre 32974
rade_sherbedgia 32975
rade_šerbedžija 32976
radha_mitchell 32977
radio_pictures 32978
radius-twc 32979
radosław_kaim 32980
radu_mihaileanu 32981
radwimps 32982
rae_dawn_chong 32983
raelee_hill 32984
raf_keunen 32985
raf_vallone 32986
rafael_cardoso 32987
rafaela_ottiano 32988
rafe_spall 32989
rafer_weigel 32990
raffaella_de_laurentiis 32991
raffaëla_anderson 32992
raffey_cassidy 32993
rafi_gavron 32994
raghav_juyal 32995
raghubir_yadav 32996
ragtime 32997
rah_digga 32998
rahul_bose 32999
rahul_kohli 33000
rahul_mittra 33001
rai 33002
raima_sen 33003
rainbeaux_smith 33004
rainbow_sun_francks 33005
rainer_werner_fassbinder 33006
rainforest_films 33007
raini_rodriguez 33008
rainie_yang 33009
rainn_wilson 33010
raissa_khan-panni 33011
raj_arjun 33012
raja_gosnell 33013
rajat_arora 33014
rajendran 33015
rajesh_puri 33016
rajesh_roshan 33017
rajkumar_hirani 33018
rajshri_productions 33019
rakesh_roshan 33020
ralf_hütter 33021
ralph_bakshi 33022
ralph_bellamy 33023
ralph_blane 33024
ralph_burns 33025
ralph_bushman 33026
ralph_carmichael 33027
ralph_erwin 33028
ralph_fiennes 33029
ralph_forbes 33030
ralph_freed 33031
ralph_hemecker 33032
ralph_ince 33033
ralph_ineson 33034
ralph_lewis_(actor) 33035
ralph_macchio 33036
ralph_meeker 33037
ralph_nelson 33038
ralph_nossek 33039
ralph_richardson 33040
ralph_siegel 33041
ralph_waite 33042
ralph_winter_(producer) 33043
ram_bergman 33044
rama_burshtein 33045
raman_hui 33046
rami_jaffee 33047
rami_malek 33048
rami_yacoub 33049
ramin_bahrani 33050
ramin_djawadi 33051
ramin_karimloo 33052
ramin_niami 33053
ramon_bieri 33054
ramsey_lewis 33055
ramón_rodríguez_(actor) 33056
ramón_torrado 33057
ran_danker 33058
ranald_macdougall 33059
rance_howard 33060
randa_haines 33061
randal_kleiser 33062
randall_batinkoff 33063
randall_duk_kim 33064
randall_emmett 33065
randall_frakes 33066
randall_franks 33067
randall_miller 33068
randall_terry 33069
randall_wallace 33070
randee_heller 33071
randolph_scott 33072
random_ventures 33073
randy_becker 33074
randy_bradshaw 33075
randy_cartwright 33076
randy_couture 33077
randy_edelman 33078
randy_finch 33079
randy_goodrum 33080
randy_holleschau 33081
randy_kerber 33082
randy_meisner 33083
randy_myers_(animator) 33084
randy_newman 33085
randy_orton 33086
randy_quaid 33087
randy_stuart 33088
randy_travis 33089
randy_wayne 33090
raney_shockne 33091
rangeland_productions 33092
rani_chandra 33093
rani_mukerji 33094
rani_mukherji 33095
rank_film_distributors 33096
rank_organisation 33097
rank_organization 33098
ranvir_shorey 33099
raoul_bova 33100
raoul_kraushaar 33101
raoul_lévy 33102
raoul_peck 33103
raoul_walsh 33104
rap 33105
rap_&_hip-hop 33106
rap_rock 33107
rap_metal 33108
rap_rock 33109
rapcore 33110
raphael_berdugo 33111
raphael_saadiq 33112
raphaël_fejtö 33113
raphaël_personnaz 33114
rapid_heart_extreme 33115
raquel_cassidy 33116
raquel_meroño 33117
raquel_welch 33118
rashida_jones 33119
raspberries_(band) 33120
ratatat 33121
rattlesnake_productions 33122
raul_julia 33123
raven-symoné 33124
raven_goodwin 33125
ravi_shankar 33126
ravi_steve 33127
ravindra_jain 33128
ray_allen 33129
ray_bolger 33130
ray_bumatai 33131
ray_butt 33132
ray_collins_(actor) 33133
ray_cooper 33134
ray_corrigan 33135
ray_danton 33136
ray_davies 33137
ray_ellis 33138
ray_enright 33139
ray_fisher_(actor) 33140
ray_harryhausen 33141
ray_heindorf 33142
ray_kellogg 33143
ray_lawrence_(film_director) 33144
ray_liotta 33145
ray_lovelock_(actor) 33146
ray_mcanally 33147
ray_mccormack 33148
ray_milland 33149
ray_moheet 33150
ray_park 33151
ray_romano 33152
ray_stark 33153
ray_stevenson 33154
ray_stevenson_(actor) 33155
ray_taylor_(director) 33156
ray_walston 33157
ray_whitley_(singer-songwriter,_born_1901) 33158
ray_winstone 33159
ray_wise 33160
ray_yeung 33161
rayart_pictures 33162
rayford_barnes 33163
raymond_bailey 33164
raymond_borderie 33165
raymond_briggs 33166
raymond_burr 33167
raymond_cannon_(actor) 33168
raymond_cho_(actor) 33169
raymond_chow 33170
raymond_cruz 33171
raymond_de_felitta 33172
raymond_gallois-montbrun 33173
raymond_hakim 33174
raymond_j._barry 33175
raymond_massey 33176
raymond_mckee 33177
raymond_o'connor 33178
raymond_ochoa 33179
raymond_st._jacques 33180
raymond_wong_(composer) 33181
raymond_wong_(film_presenter) 33182
raymond_wong_ho-yin 33183
raymond_wong_pak-ming 33184
raymond_wong_ying-wah 33185
rayver_cruz 33186
raz-b 33187
razaaq_adoti 33188
raúl_juliá 33189
raúl_lavista 33190
raúl_ruiz_(director) 33191
rca 33192
rca_records 33193
rcs_mediagroup 33194
reagan_gomez-preston 33195
reagan_pasternak 33196
reality_tv 33197
reality_competition 33198
reality_show 33199
reality_television 33200
reb_brown 33201
reba_mcentire 33202
rebecca_cammisa 33203
rebecca_chan 33204
rebecca_da_costa 33205
rebecca_de_mornay 33206
rebecca_eaton 33207
rebecca_front 33208
rebecca_gayheart 33209
rebecca_hall 33210
rebecca_harrell_tickell 33211
rebecca_horn_black 33212
rebecca_jenkins 33213
rebecca_mader 33214
rebecca_riggs 33215
rebecca_romijn 33216
rebecca_shoichet 33217
rebecca_spence 33218
rebecca_spikings 33219
rebecca_st._james 33220
rebecca_staab 33221
rebekah_kochan 33222
rebel_wilson 33223
red_buttons 33224
red_envelope_entertainment 33225
red_foley 33226
red_skelton 33227
red_triangle_(production_team) 33228
red_west 33229
redman_(rapper) 33230
redmond_morris 33231
reece_shearsmith 33232
reed_diamond 33233
reed_luplau 33234
reem_abdullah 33235
reenie_farrington 33236
reese_witherspoon 33237
reg_hill 33238
regardt_van_den_bergh 33239
regent_releasing 33240
regent_worldwide_sales 33241
reggae 33242
reggae_rock 33243
reggie_bannister 33244
reggie_rock_bythewood 33245
regina_hall 33246
regina_king 33247
regina_lund 33248
regina_torné 33249
reginald_barker 33250
reginald_harkema 33251
reginald_hudlin 33252
reginald_owen 33253
reginald_rose 33254
reginald_veljohnson 33255
regional_blues 33256
regis_toomey 33257
regé-jean_page 33258
reha_erdem 33259
reid_scott_(actor) 33260
reid_smith 33261
reiko_dan 33262
reiko_ōhara 33263
reilly_dolman 33264
reinhold_heil 33265
rekha_sharma 33266
relativity_media 33267
relaxation 33268
reliance_entertainment 33269
religion_&_spirituality 33270
remstar_media_group 33271
remy_girard 33272
renato_castellani 33273
renato_rascel 33274
renato_salvatori 33275
renaud_hoffman 33276
rene_bastion 33277
rene_gube 33278
rene_l._moreno 33279
rene_russo 33280
renee_o'connor 33281
renee_olstead 33282
reni_santoni 33283
renji_ishibashi 33284
renny_harlin 33285
reno_wilson 33286
renzo_martinelli 33287
renzo_rossellini_(producer) 33288
rené_auberjonois 33289
rené_aubry 33290
rené_clair 33291
rené_clément 33292
rené_dary 33293
renée_elise_goldsberry 33294
renée_estevez 33295
renée_soutendijk 33296
renée_taylor 33297
renée_victor 33298
renée_zellweger 33299
republic_entertainment 33300
republic_pictures 33301
requiems,_elegies_&_tombeau 33302
retro_swing 33303
retta 33304
reuben_cannon 33305
reuben_h._fleet_science_center 33306
revolver_entertainment 33307
revue_studios 33308
rex_allen 33309
rex_beach 33310
rex_harrison 33311
rex_ingram_(actor) 33312
rex_linn 33313
rex_reason 33314
rex_smith_(entertainer) 33315
rey_ramsey 33316
reynaldo_villalobos 33317
rezz 33318
rhea_perlman 33319
rhea_seehorn 33320
rhiannon_leigh_wryn 33321
rhino_entertainment 33322
rhona_mitra 33323
rhonda_fleming 33324
rhys_darby 33325
rhys_fulber 33326
rhys_ifans 33327
rhys_wakefield 33328
rhythm_and_blues 33329
riaad_moosa 33330
rian_johnson 33331
ric_esther_bienstock 33332
ric_ocasek 33333
ric_roman_waugh 33334
ric_young 33335
ricardo_chavira 33336
ricardo_cortez 33337
ricardo_darín 33338
ricardo_jacques_gale 33339
ricardo_montalban 33340
ricardo_montalbán 33341
ricardo_palacios 33342
riccardo_cucciolla 33343
rich_christiano 33344
rich_cowan 33345
rich_dickerson 33346
rich_graff 33347
rich_homie_quan 33348
rich_mcdonald 33349
rich_moore 33350
rich_sommer 33351
rich_swingle 33352
richard_%22skeets%22_gallagher 33353
richard_a._colla 33354
richard_a._rowland 33355
richard_addinsell 33356
richard_anderson 33357
richard_arlen 33358
richard_arlook 33359
richard_armitage_(actor) 33360
richard_arnell 33361
richard_attenborough 33362
richard_ayoade 33363
richard_b._lewis 33364
richard_b._shull 33365
richard_backus 33366
richard_bailey_(banjoist) 33367
richard_band 33368
richard_barthelmess 33369
richard_bartlett 33370
richard_barton_lewis 33371
richard_basehart 33372
richard_benjamin 33373
richard_benjamin_harrison 33374
richard_berry_(actor) 33375
richard_boleslawski 33376
richard_boone 33377
richard_bradford_(actor) 33378
richard_briers 33379
richard_bright_(actor) 33380
richard_brooks 33381
richard_brooks_(actor) 33382
richard_burgi 33383
richard_burton 33384
richard_caesar 33385
richard_carlson_(actor) 33386
richard_carter_(actor) 33387
richard_castellano 33388
richard_chamberlain 33389
richard_colla 33390
richard_compton 33391
richard_conte 33392
richard_coyle 33393
richard_crenna 33394
richard_crudo 33395
richard_curtis 33396
richard_d._zanuck 33397
richard_dashut 33398
richard_davalos 33399
richard_de_klerk 33400
richard_deacon_(actor) 33401
richard_denning 33402
richard_dimitri 33403
richard_dix 33404
richard_donner 33405
richard_dreyfuss 33406
richard_dutcher 33407
richard_dysart 33408
richard_e._cunha 33409
richard_e._grant 33410
richard_eastham 33411
richard_egan_(actor) 33412
richard_eichberg 33413
richard_einhorn 33414
richard_elfman 33415
richard_epcar 33416
richard_eyre 33417
richard_farnsworth 33418
richard_ferguson-hull 33419
richard_fleischer 33420
richard_flood 33421
richard_franchot 33422
richard_gabai 33423
richard_gant 33424
richard_genelle 33425
richard_gere 33426
richard_gibbs 33427
richard_goldstone 33428
richard_goodwin_(producer) 33429
richard_greene 33430
richard_grieco 33431
richard_griffiths 33432
richard_guay_(film_producer) 33433
richard_h._bartlett_(director) 33434
richard_h._berger 33435
richard_hageman 33436
richard_harris 33437
richard_hartley_(composer) 33438
richard_harvey 33439
richard_harvey_(musician) 33440
richard_haydn 33441
richard_hazard 33442
richard_herd 33443
richard_holmes_(producer) 33444
richard_hunt_(puppeteer) 33445
richard_irving_(director) 33446
richard_j._lewis 33447
richard_jaeckel 33448
richard_jenkins 33449
richard_jordan 33450
richard_kaplan_(film_producer) 33451
richard_karron 33452
richard_kay_(producer) 33453
richard_kelly_(director) 33454
richard_kiel 33455
richard_kiley 33456
richard_kind 33457
richard_lagravenese 33458
richard_lasalle 33459
richard_lawson_(actor) 33460
richard_lee_jackson 33461
richard_lee_porter 33462
richard_lewis_(comedian) 33463
richard_libertini 33464
richard_linklater 33465
richard_lintern 33466
richard_loncraine 33467
richard_long_(actor) 33468
richard_loo 33469
richard_lynch 33470
richard_lynch_(actor) 33471
richard_m._sherman 33472
richard_marcus_(actor) 33473
richard_markowitz 33474
richard_marvin_(composer) 33475
richard_masur 33476
richard_mcgonagle 33477
richard_meikle 33478
richard_michaels 33479
richard_moll 33480
richard_monette 33481
richard_moore_(cinematographer) 33482
richard_mulligan 33483
richard_murphy_(screenwriter) 33484
richard_n._gladstein 33485
richard_newman_(actor) 33486
richard_norton_(actor) 33487
richard_o'brien 33488
richard_p._rubinstein 33489
richard_pasco 33490
richard_paul_(actor) 33491
richard_pearce_(film_director) 33492
richard_pepin 33493
richard_pryor 33494
richard_quine 33495
richard_raynis 33496
richard_rich_(filmmaker) 33497
richard_riehle 33498
richard_robbins_(composer) 33499
richard_rodgers 33500
richard_rodney_bennett 33501
richard_romanus 33502
richard_roundtree 33503
richard_rowley_(film_director) 33504
richard_roxburgh 33505
richard_ruccolo 33506
richard_rush_(director) 33507
richard_sakai 33508
richard_sammel 33509
richard_schiff 33510
richard_shannon_(actor) 33511
richard_shepard 33512
richard_shepherd_(producer) 33513
richard_side 33514
richard_simmons 33515
richard_speight,_jr. 33516
richard_speight_jr. 33517
richard_stahl 33518
richard_stone_(composer) 33519
richard_suckle 33520
richard_t._heffron 33521
richard_t._jones 33522
richard_talmadge 33523
richard_thomas_(actor) 33524
richard_thompson_(musician) 33525
richard_thorpe 33526
richard_todd 33527
richard_tognetti 33528
richard_travis_(actor) 33529
richard_tuggle 33530
richard_tyson 33531
richard_wallace_(director) 33532
richard_whorf 33533
richard_widmark 33534
richard_wilson_(australian_actor) 33535
richard_wilson_(director) 33536
richard_woolley_(filmmaker) 33537
richard_wordsworth 33538
richard_yniguez 33539
richie_jen 33540
richie_kotzen 33541
richie_zito 33542
rick_aviles 33543
rick_berman 33544
rick_burks 33545
rick_famuyiwa 33546
rick_fitts 33547
rick_friedberg 33548
rick_gomez 33549
rick_gonzalez 33550
rick_hall 33551
rick_harrison 33552
rick_hearst 33553
rick_jacobson 33554
rick_jason 33555
rick_mccallum 33556
rick_mckay 33557
rick_moranis 33558
rick_overton 33559
rick_peters 33560
rick_rosenthal 33561
rick_rossovich 33562
rick_schroder 33563
rick_schwartz 33564
rick_segall 33565
rick_smith_(musician) 33566
rick_springfield 33567
rick_stevenson 33568
rick_wakeman 33569
rick_warden 33570
rick_wilkins_(musician) 33571
rick_worthy 33572
rick_yune 33573
ricki_lake 33574
ricki_stern 33575
ricky_busker 33576
ricky_gervais 33577
ricky_hui 33578
ricky_nelson 33579
ricky_ross_(drug_trafficker) 33580
ricky_schroder 33581
ricou_browning 33582
ridley_scott 33583
rie_kugimiya 33584
rieu,_andre 33585
rifka_lodeizen 33586
rihanna 33587
riho_yoshioka 33588
riichiro_manabe 33589
riisa_naka 33590
rik_battaglia 33591
rik_mayall 33592
rika_fukami 33593
riko_narumi 33594
riley_keough 33595
riley_smith 33596
rina_satō 33597
ringo_starr 33598
ringo_lam 33599
ringo_starr 33600
rinko_kikuchi 33601
rio_kanno 33602
riot_grrl 33603
rip_esselstyn 33604
rip_taylor 33605
rip_torn 33606
risë_stevens 33607
rita_coolidge 33608
rita_cortese 33609
rita_gam 33610
rita_hayworth 33611
rita_johnson 33612
rita_moreno 33613
rita_volk 33614
rita_wilson 33615
ritchie_coster 33616
ritesh_batra 33617
ritesh_sidhwani 33618
ritz_brothers 33619
river_phoenix 33620
riverdance 33621
rivka_michaeli 33622
riz_ortolani 33623
rko 33624
rko_pictures 33625
rko_radio_pictures 33626
rlj_entertainment 33627
rlje_films 33628
rm_films_international 33629
roadhouse_country 33630
roadshow_entertainment 33631
roadshow_films 33632
roadside_attractions 33633
rob_ashford 33634
rob_aston 33635
rob_brown_(actor) 33636
rob_brydon 33637
rob_cohen 33638
rob_corddry 33639
rob_hardy 33640
rob_hegel 33641
rob_houwer 33642
rob_kazinsky 33643
rob_letterman 33644
rob_lowe 33645
rob_marcello 33646
rob_marshall 33647
rob_minkoff 33648
rob_morrow 33649
rob_paris_(producer) 33650
rob_paulsen 33651
rob_reiner 33652
rob_riggle 33653
rob_schiller 33654
rob_schmidt 33655
rob_schneider 33656
rob_simonsen 33657
rob_sitch 33658
rob_spendlove 33659
rob_stefaniuk 33660
rob_stewart_(filmmaker) 33661
rob_thomas_(musician) 33662
rob_van_dam 33663
rob_williams_(filmmaker) 33664
rob_zombie 33665
robb_flynn 33666
robb_wells 33667
robbie_amell 33668
robbie_brenner 33669
robbie_coltrane 33670
robbie_jones_(actor) 33671
robbie_robertson 33672
robby_benson 33673
robert_a._katz 33674
robert_a._silverman 33675
robert_abel_(animator) 33676
robert_alda 33677
robert_aldrich 33678
robert_allan_ackerman 33679
robert_allen_(musicwriter) 33680
robert_allen_(songwriter) 33681
robert_altman 33682
robert_alvarez 33683
robert_and_raymond_hakim 33684
robert_arden 33685
robert_armstrong_(actor) 33686
robert_arthur_(film_producer) 33687
robert_august 33688
robert_b._radnitz 33689
robert_b._sherman 33690
robert_b._weide 33691
robert_balser 33692
robert_barrat 33693
robert_bassler 33694
robert_bates_(producer) 33695
robert_bathurst 33696
robert_beltran 33697
robert_belushi 33698
robert_ben_garant 33699
robert_benchley 33700
robert_benton 33701
robert_berger_(producer) 33702
robert_berlinger 33703
robert_blake_(actor) 33704
robert_boris 33705
robert_bresson 33706
robert_buckley 33707
robert_buckner 33708
robert_butler_(director) 33709
robert_byrne_(songwriter) 33710
robert_c._cooper 33711
robert_capron 33712
robert_carli 33713
robert_carlyle 33714
robert_carradine 33715
robert_chartoff 33716
robert_clark_(film_executive) 33717
robert_clarke 33718
robert_clouse 33719
robert_cobert 33720
robert_coleby 33721
robert_conrad 33722
robert_costanzo 33723
robert_culp 33724
robert_cummings 33725
robert_curry_(singer) 33726
robert_d._webb 33727
robert_daley_(filmmaker) 33728
robert_daley_(producer) 33729
robert_davi 33730
robert_david_steele 33731
robert_day_(director) 33732
robert_de_niro 33733
robert_deleo 33734
robert_donat 33735
robert_doqui 33736
robert_dorfmann 33737
robert_dornhelm 33738
robert_dorning 33739
robert_douglas_(actor) 33740
robert_downey_jr. 33741
robert_drivas 33742
robert_dunham 33743
robert_duvall 33744
robert_e._dolan 33745
robert_e._kent 33746
robert_e._relyea 33747
robert_easton_(actor) 33748
robert_ellis_miller 33749
robert_emhardt 33750
robert_emmett_dolan 33751
robert_emmett_tansey 33752
robert_engelman 33753
robert_englund 33754
robert_evans 33755
robert_evans_(film_producer) 33756
robert_evans_(writer) 33757
robert_f._brunner 33758
robert_f._colesberry 33759
robert_f._colesbury 33760
robert_f._hughes 33761
robert_f._lyons_(actor) 33762
robert_f._mcgowan 33763
robert_farnon 33764
robert_fellows 33765
robert_flemyng 33766
robert_folk 33767
robert_forster 33768
robert_foulk 33769
robert_foxworth 33770
robert_frazer 33771
robert_fryer 33772
robert_fuller_(actor) 33773
robert_fyfe 33774
robert_g._vignola 33775
robert_gardner_(anthropologist) 33776
robert_gerhard 33777
robert_ginty 33778
robert_goldstein_(producer) 33779
robert_gossett 33780
robert_goulet 33781
robert_green_hall 33782
robert_greenhut 33783
robert_greenwald 33784
robert_guenette 33785
robert_guillaume 33786
robert_hakim 33787
robert_halmi 33788
robert_halmi_jr. 33789
robert_hardy 33790
robert_harling_(writer) 33791
robert_harmon 33792
robert_harmon_(director) 33793
robert_harron 33794
robert_hays 33795
robert_helpmann 33796
robert_henry_(actor) 33797
robert_hiltzik 33798
robert_hoffman_(actor) 33799
robert_hogan_(actor) 33800
robert_horton_(actor) 33801
robert_houston_(actor) 33802
robert_hughes_(director) 33803
robert_hutton_(actor) 33804
robert_hy_gorman 33805
robert_j._kral 33806
robert_jaffe_(producer) 33807
robert_john_%22mutt%22_lange 33808
robert_john_burke 33809
robert_johnson 33810
robert_joy 33811
robert_k._weiss 33812
robert_kane_(producer) 33813
robert_kane_pappas 33814
robert_kaufman 33815
robert_kenner 33816
robert_kent_(actor) 33817
robert_kerman 33818
robert_klein 33819
robert_knepper 33820
robert_kral 33821
robert_kulzer 33822
robert_kurtzman 33823
robert_l._burrill 33824
robert_l._freedman 33825
robert_l._jacks 33826
robert_l._levy_(film_producer) 33827
robert_l._lippert 33828
robert_lang_(actor) 33829
robert_lansing_(actor) 33830
robert_lantos 33831
robert_latham_brown 33832
robert_lawrence_(producer) 33833
robert_lieberman 33834
robert_livingston_(actor) 33835
robert_logan_jr. 33836
robert_loggia 33837
robert_lord_(screenwriter) 33838
robert_lorenz 33839
robert_lovenheim 33840
robert_luketic 33841
robert_m._fellows 33842
robert_m._young_(director) 33843
robert_maclean 33844
robert_maillet 33845
robert_mandel 33846
robert_margouleff 33847
robert_markowitz 33848
robert_may_(producer) 33849
robert_mckim_(actor) 33850
robert_mckimson 33851
robert_mcnamara 33852
robert_mersey 33853
robert_meyer_burnett 33854
robert_miano 33855
robert_middleton 33856
robert_miller_(composer) 33857
robert_mitchum 33858
robert_montgomery_(actor) 33859
robert_moore_(director) 33860
robert_morin 33861
robert_morley 33862
robert_morse 33863
robert_mulligan 33864
robert_n._fried 33865
robert_newmyer 33866
robert_newton 33867
robert_north 33868
robert_parrish 33869
robert_pastorelli 33870
robert_patrick 33871
robert_patten_(actor) 33872
robert_pattinson 33873
robert_peters_(actor) 33874
robert_picardo 33875
robert_pirosh 33876
robert_preston_(actor) 33877
robert_prosky 33878
robert_quarry 33879
robert_redford 33880
robert_rehme 33881
robert_ri'chard 33882
robert_rodriguez 33883
robert_rossen 33884
robert_rusler 33885
robert_russell_bennett 33886
robert_ryan 33887
robert_s._mendelsohn 33888
robert_sampson_(actor) 33889
robert_scheerer 33890
robert_schwentke 33891
robert_scott_field 33892
robert_seamans 33893
robert_sean_leonard 33894
robert_shallcross 33895
robert_shapiro_(filmmaker) 33896
robert_shaw_(actor) 33897
robert_shaye 33898
robert_simonds 33899
robert_singer_(producer) 33900
robert_siodmak 33901
robert_smigel 33902
robert_sparr 33903
robert_stack 33904
robert_stephens 33905
robert_sterling 33906
robert_stevenson_(director) 33907
robert_stevenson_(filmmaker) 33908
robert_stigwood 33909
robert_strauss_(actor) 33910
robert_stromberg 33911
robert_tapert 33912
robert_taylor_(american_actor) 33913
robert_taylor_(animator) 33914
robert_teitel 33915
robert_torti 33916
robert_towne 33917
robert_townsend_(actor) 33918
robert_trebor 33919
robert_trujillo 33920
robert_urich 33921
robert_urquhart_(actor) 33922
robert_vaughn 33923
robert_viharo 33924
robert_vince 33925
robert_w._cort 33926
robert_w._mcchesney 33927
robert_wagner 33928
robert_watts 33929
robert_wiene 33930
robert_wisden 33931
robert_wisdom 33932
robert_wise 33933
robert_wuhl 33934
robert_young_(actor) 33935
robert_young_(director) 33936
robert_z._leonard 33937
robert_zemeckis 33938
roberta_collins 33939
roberta_hanley 33940
roberto_benigni 33941
roberto_enríquez 33942
roberto_m._rey_jr. 33943
roberto_nicolosi 33944
roberto_orci 33945
roberto_roberti 33946
robertson-cole_distributing_corporation 33947
robin_atkin_downes 33948
robin_bartlett 33949
robin_cass 33950
robin_coudert 33951
robin_dalton 33952
robin_dunne 33953
robin_givens 33954
robin_guthrie 33955
robin_hardy_(film_director) 33956
robin_kohn 33957
robin_mcleavy 33958
robin_o'dell 33959
robin_o'hara 33960
robin_pecknold 33961
robin_phillips 33962
robin_sachs 33963
robin_shou 33964
robin_thomas 33965
robin_tunney 33966
robin_ward_(television_personality) 33967
robin_weigert 33968
robin_williams 33969
robin_wright 33970
robin_wright_(actress) 33971
robin_wright_penn 33972
robinne_lee 33973
robots_&_androids 33974
robyn_lively 33975
rochelle_hudson 33976
rock 33977
rock_&_alternative 33978
rock_guitarists 33979
rock,_chris 33980
rock_and_roll 33981
rock_around_the_clock 33982
rock_hudson 33983
rock_music 33984
rockabilly 33985
rockliffe_fellowes 33986
rockmond_dunbar 33987
rockumentary 33988
rockwilder 33989
rocky_mountain_pictures 33990
rod_cameron_(actor) 33991
rod_daniel 33992
rod_hardy 33993
rod_holcomb 33994
rod_kinnear 33995
rod_lurie 33996
rod_steiger 33997
rod_taylor 33998
roddy_mcdowall 33999
roddy_piper 34000
rodger_bain 34001
rodger_bumpass 34002
rodger_halston 34003
rodman_flender 34004
rodney_yee 34005
rodney_a._grant 34006
rodney_a_grant 34007
rodney_carrington 34008
rodney_dangerfield 34009
rodney_eastman 34010
rodney_hicks_(actor) 34011
rodney_rothman 34012
rodrigo_garcía_(director) 34013
rodrigo_gudiño 34014
rodrigo_santoro 34015
roel_reiné 34016
roger_moore 34017
roger_aaron_brown 34018
roger_ashton-griffiths 34019
roger_avary 34020
roger_bart 34021
roger_bellon 34022
roger_birnbaum 34023
roger_christian_(filmmaker) 34024
roger_corman 34025
roger_craig_smith 34026
roger_daltrey 34027
roger_davis_(television_actor) 34028
roger_de_broin 34029
roger_donaldson 34030
roger_edens 34031
roger_frappier 34032
roger_guenveur_smith 34033
roger_hanin 34034
roger_joseph_manning_jr. 34035
roger_kumble 34036
roger_livesey 34037
roger_mason_(musician) 34038
roger_michell 34039
roger_moore 34040
roger_mutton 34041
roger_neill 34042
roger_rees 34043
roger_roger_(composer) 34044
roger_smith_(actor) 34045
roger_spottiswoode 34046
roger_taylor_(queen_drummer) 34047
roger_tonge_(director) 34048
roger_vadim 34049
roger_waters 34050
roger_young_(director) 34051
rogers_ofime 34052
rogers_stevens 34053
rogue_pictures 34054
rogue_wave_(band) 34055
rogério_duprat 34056
rohan_chand 34057
rokeya_prachy 34058
rolan_bykov 34059
roland_culver 34060
roland_d._reed 34061
roland_emmerich 34062
roland_joffé 34063
roland_kibbee 34064
roland_kovac 34065
roland_varno 34066
roland_west 34067
roland_young 34068
role-playing_video_game 34069
rolf_hansen_(director) 34070
rolf_randolf 34071
rolfe_kent 34072
rolly_teranishi 34073
roma_downey 34074
roma_maffia 34075
roman_luknár 34076
roman_polanski 34077
romance 34078
romance_film 34079
romantic 34080
romantic_comedy 34081
romany_malco 34082
romeo_miller 34083
romeo_travis 34084
romi_park 34085
romola_garai 34086
ron_bozman 34087
ron_carey_(actor) 34088
ron_clements 34089
ron_cook 34090
ron_cowen 34091
ron_dean 34092
ron_dennis 34093
ron_e._french 34094
ron_eldard 34095
ron_ely 34096
ron_fricke 34097
ron_goodwin 34098
ron_haddrick 34099
ron_howard 34100
ron_jeremy 34101
ron_karabatsos 34102
ron_kelly_(filmmaker) 34103
ron_lagomarsino 34104
ron_lea 34105
ron_leibman 34106
ron_livingston 34107
ron_moler 34108
ron_moody 34109
ron_o'neal 34110
ron_oliver 34111
ron_paul 34112
ron_perlman 34113
ron_prather 34114
ron_rich 34115
ron_rifkin 34116
ron_shelton 34117
ron_silver 34118
ron_underwood 34119
ron_w._miller 34120
ron_white 34121
ron_yerxa 34122
ronald_bass 34123
ronald_colman 34124
ronald_d._moore 34125
ronald_f._maxwell 34126
ronald_halicki 34127
ronald_hines 34128
ronald_krauss_(filmmaker) 34129
ronald_l._schwary 34130
ronald_lewis_(actor) 34131
ronald_m._bozman 34132
ronald_neame 34133
ronald_pickup 34134
ronald_reagan 34135
ronald_stein 34136
ronan_vibert 34137
ronee_blakley 34138
ronnie_barker 34139
ronnie_claire_edwards 34140
ronnie_screwvala 34141
ronny_cox 34142
ronny_graham 34143
ronreaco_lee 34144
rooney_mara 34145
roosevelt_grier 34146
roots_rock 34147
roots_rock 34148
roque_baños 34149
rory_calhoun 34150
rory_cochrane 34151
rory_kinnear 34152
rory_mallinson 34153
rosalind_allen 34154
rosalind_ayres 34155
rosalind_cash 34156
rosalind_chao 34157
rosalind_russell 34158
rosalyn_landor 34159
rosamund_hanson 34160
rosamund_pike 34161
rosanna_arquette 34162
rosanna_schiaffino 34163
rosario_dawson 34164
rosario_flores 34165
roschdy_zem 34166
roscoe_'fatty'_arbuckle 34167
roscoe_arbuckle 34168
roscoe_lee_browne 34169
rose_byrne 34170
rose_laurens 34171
rose_leiman_goldemberg 34172
rose_leslie 34173
rose_marie 34174
rose_mcgowan 34175
rose_mciver 34176
rose_troche 34177
roselyn_sánchez 34178
rosemarie_dewitt 34179
rosemary_blight 34180
rosemary_clooney 34181
rosemary_dunsmore 34182
rosemary_forsyth 34183
rosemary_harris 34184
rosetta_lenoire 34185
roshan_seth 34186
rosie_huntington-whiteley 34187
rosie_o'donnell 34188
rosie_perez 34189
rosita_quintana 34190
ross_ashcroft 34191
ross_bagdasarian_jr. 34192
ross_higgins 34193
ross_hunter 34194
ross_katz 34195
ross_kemp 34196
ross_lynch 34197
ross_martin 34198
ross_mcmillan 34199
ross_richie 34200
ross_robinson 34201
rossana_podestà 34202
rossana_rory 34203
rossano_brazzi 34204
rostam_batmanglij 34205
roswell_records 34206
rotana_group 34207
rotana_studios 34208
rouben_mamoulian 34209
rove_mcmanus 34210
rowan_atkinson 34211
rowan_deacon 34212
rowdy_herrington 34213
rowland_v._lee 34214
roxanne_benjamin 34215
roxanne_hart 34216
roxanne_mckee 34217
roxette 34218
roxie_roker 34219
roy_ackerman 34220
roy_allen_smith 34221
roy_ayers 34222
roy_barcroft 34223
roy_billing 34224
roy_budd 34225
roy_cheung 34226
roy_conli 34227
roy_del_ruth 34228
roy_dotrice 34229
roy_e._disney 34230
roy_engel 34231
roy_frumkes 34232
roy_hay_(musician) 34233
roy_huggins 34234
roy_lee 34235
roy_nathanson 34236
roy_orbison 34237
roy_roberts 34238
roy_rogers 34239
roy_rowland_(film_director) 34240
roy_scheider 34241
roy_ward_baker 34242
roy_webb 34243
royal_dano 34244
royce_gracie 34245
roz_%22pinky_tuscadero%22_kelly 34246
roz_phillips 34247
roz_ryan 34248
rozalla 34249
rozonda_thomas 34250
ruben_fleischer 34251
ruben_santiago-hudson 34252
ruben_östlund 34253
ruby_dee 34254
ruby_keeler 34255
ruby_lin 34256
ruby_wax 34257
rubén_blades 34258
rubén_ochandiano 34259
rudolf_biebrach 34260
rudolf_blümner 34261
rudolf_friml 34262
rudolf_ising 34263
rudolf_klein-rogge 34264
rudolf_meinert 34265
rudolf_rittner 34266
rudolph_flothow 34267
rudolph_maté 34268
rudy_ray_moore 34269
rudy_reyes_(actor) 34270
rudy_vallee 34271
rudy_vallée 34272
rue_mcclanahan 34273
ruel_vernal 34274
rufus_(actor) 34275
rufus_sewell 34276
rufus_thomas 34277
ruggero_deodato 34278
ruma_guha_thakurta 34279
rumer_willis 34280
run_run_shaw 34281
runme_shaw 34282
rupert_crosse 34283
rupert_davies 34284
rupert_evans 34285
rupert_everett 34286
rupert_friend 34287
rupert_graves 34288
rupert_gregson-williams 34289
rupert_grint 34290
rupert_hitzig 34291
rupert_penry-jones 34292
rupert_wainwright 34293
rupert_wyatt 34294
rush 34295
rush_(band) 34296
russ_abbot 34297
russ_meyer 34298
russ_parr 34299
russ_shields 34300
russ_solomon 34301
russ_tamblyn 34302
russel_crouse 34303
russell_brand 34304
russell_crowe 34305
russell_dykstra 34306
russell_means 34307
russell_mulcahy 34308
russell_rouse 34309
russell_simmons 34310
russell_t_davies 34311
russell_todd 34312
russell_wade 34313
russell_wolfe 34314
russell_wong 34315
russi_taylor 34316
russia 34317
russo_brothers 34318
rusty_cundieff 34319
rusty_lemorande 34320
rusty_mills 34321
rutanya_alda 34322
rutger_hauer 34323
ruth_caleb 34324
ruth_donnelly 34325
ruth_england 34326
ruth_gordon 34327
ruth_mcdevitt 34328
ruth_negga 34329
ruth_roman 34330
ruth_taylor_(actress) 34331
ruth_warrick 34332
ruth_white_(actress) 34333
ruthie_henshall 34334
rutina_wesley 34335
ruy_guerra 34336
ruán_magan 34337
ry_cooder 34338
rya_kihlstedt 34339
ryan_adams 34340
ryan_bingham 34341
ryan_colucci 34342
ryan_coogler 34343
ryan_corr 34344
ryan_cutrona 34345
ryan_dunn 34346
ryan_gage 34347
ryan_gosling 34348
ryan_guzman 34349
ryan_hartwig 34350
ryan_hurst 34351
ryan_kavanaugh 34352
ryan_kelley 34353
ryan_kwanten 34354
ryan_little 34355
ryan_merriman 34356
ryan_miller_(musician) 34357
ryan_murphy_(writer) 34358
ryan_newman_(actress) 34359
ryan_nicholson 34360
ryan_o'nan 34361
ryan_o'neal 34362
ryan_phillippe 34363
ryan_potter 34364
ryan_reynolds 34365
ryan_robbins 34366
ryan_sampson 34367
ryan_shore 34368
ryan_steele_(actor) 34369
ryan_tedder 34370
ryo_ishibashi 34371
ryo_yoshizawa 34372
ryoko_kobayashi 34373
ryoo_seung-bum 34374
ryotaro_kuwata 34375
rysher_entertainment 34376
ryu_seung-ryong 34377
ryuhei_kitamura 34378
ryuichi_sakamoto 34379
ryuta_tasaki 34380
ryō_kase 34381
ryōko_hirosue 34382
ryōta_nakano 34383
ryūnosuke_kamiki 34384
ryūzō_kikushima 34385
rza 34386
réal_bossé 34387
régis_wargnier 34388
rémy_girard 34389
rüdiger_vogler 34390
s._craig_zahler 34391
s._epatha_merkerson 34392
s._sylvan_simon 34393
s._z._sakall 34394
s.z._sakall 34395
saadi_yacef 34396
sab_shimono 34397
saban_capital_group 34398
saban_entertainment 34399
saban_international 34400
sabine_karsenti 34401
sabrina_bryan 34402
sabrina_carpenter 34403
sabu_dastagir 34404
sabyasachi_chakrabarty 34405
sacha_parkinson 34406
sacha_polak 34407
sachie_hara 34408
sachika_misawa 34409
sachin_dev_burman 34410
sachin_khedekar 34411
sacred_&_religious 34412
sada_thompson 34413
sadi_işılay 34414
sadie_katz 34415
sadie_stanley 34416
saeed_jaffrey 34417
saffron_burrows 34418
saga_studios 34419
sahamongkol_film_international 34420
sahamongkolfilm_international 34421
said_taghmaoui 34422
sajid–wajid 34423
sakae_kimura 34424
sakari_kuosmanen 34425
saket_chaudhary 34426
sakiko_tamagawa 34427
sakthi_chidambaram 34428
sal_mineo 34429
sal_vulcano 34430
salim–sulaiman 34431
salli_richardson 34432
sally_barker 34433
sally_blane 34434
sally_faulkner 34435
sally_field 34436
sally_fraser 34437
sally_greene 34438
sally_hawkins 34439
sally_kellerman 34440
sally_kirkland 34441
sally_schermerhorn 34442
salma_hayek 34443
salman_khan 34444
salsa 34445
salsa_(music) 34446
salvo_randone 34447
sam_adams_(actor) 34448
sam_bisbee 34449
sam_bottoms 34450
sam_bozzo 34451
sam_bush 34452
sam_cardon 34453
sam_claflin 34454
sam_cooke 34455
sam_daly 34456
sam_dunn 34457
sam_e._rork 34458
sam_elliott 34459
sam_fell 34460
sam_firstenberg 34461
sam_gilman_(actor) 34462
sam_green 34463
sam_hardy_(actor) 34464
sam_hargrave 34465
sam_heughan 34466
sam_huntington 34467
sam_jaeger 34468
sam_jaffe_(producer) 34469
sam_katzman 34470
sam_levene 34471
sam_liu 34472
sam_mccarthy 34473
sam_mcmurray 34474
sam_mendes 34475
sam_mercer 34476
sam_neill 34477
sam_newfield 34478
sam_peckinpah 34479
sam_phillips_(musician) 34480
sam_pillsbury 34481
sam_raimi 34482
sam_register 34483
sam_richardson_(actor) 34484
sam_riley 34485
sam_robards 34486
sam_rockwell 34487
sam_schulman 34488
sam_seder 34489
sam_shepard 34490
sam_spiegel 34491
sam_spiegel_(musician) 34492
sam_spruell 34493
sam_taylor-johnson 34494
sam_taylor_(producer) 34495
sam_trammell 34496
sam_underwood 34497
sam_vincent_(voice_actor) 34498
sam_vlahos 34499
sam_wanamaker 34500
sam_waterston 34501
sam_weisman 34502
sam_white_(film_producer) 34503
sam_witwer 34504
sam_wood 34505
sam_worthington 34506
sam_zimbalist 34507
samaire_armstrong 34508
samantha_eggar 34509
samantha_mathis 34510
samantha_morton 34511
samantha_weinstein 34512
sami_bouajila 34513
samia_gamal 34514
samm_barnes 34515
sammi_davis 34516
sammi_hanratty 34517
sammo_hung 34518
sammy_cahn 34519
sammy_davis_jr. 34520
sammy_fain 34521
sammy_timberg 34522
samson_burke 34523
samuel_bischoff 34524
samuel_bronston 34525
samuel_e._wright 34526
samuel_fuller 34527
samuel_g._engel 34528
samuel_goldwyn 34529
samuel_goldwyn,_jr. 34530
samuel_goldwyn_films 34531
samuel_goldwyn_films_llc 34532
samuel_goldwyn_jr. 34533
samuel_hadida 34534
samuel_hui 34535
samuel_kaylin 34536
samuel_l._jackson 34537
samuel_le_bihan 34538
samuel_west 34539
samuel_z._arkoff 34540
samuli_torssonen 34541
sanaa_hamri 34542
sanaa_lathan 34543
sanae_miyuki 34544
sandahl_bergman 34545
sandeep_chowta 34546
sandeep_parikh 34547
sandor_stern 34548
sandra_bernhard 34549
sandra_bullock 34550
sandra_ceccarelli 34551
sandra_dee 34552
sandra_goldbacher 34553
sandra_griego 34554
sandra_kim 34555
sandra_milo 34556
sandra_oh 34557
sandra_peabody 34558
sandra_prinsloo 34559
sandra_voe 34560
sandrew_metronome 34561
sandrine_bonnaire 34562
sandrine_dumas 34563
sandro_bolchi 34564
sandy_baron 34565
sandy_collora 34566
sandy_dennis 34567
sandy_duncan 34568
sandy_gore 34569
sandy_howard 34570
sandy_kenyon 34571
sandy_king_(producer) 34572
sandy_simpson 34573
sandy_stern 34574
sandy_tung 34575
sanezumi_fujimoto 34576
sanford_bookstaver 34577
sanjay_gupta 34578
sanjay_gupta_(director) 34579
sanny_van_heteren 34580
santana 34581
santiago_segura 34582
santino_marella 34583
santo_cilauro 34584
santosh_sivan 34585
sanya_malhotra 34586
saoirse_ronan 34587
sara_berner 34588
sara_canning 34589
sara_colleton 34590
sara_finney-johnson 34591
sara_gilbert 34592
sara_giraudeau 34593
sara_kestelman 34594
sara_paxton 34595
sara_takatsuki 34596
sarah,_duchess_of_york 34597
sarah_allen 34598
sarah_baker_(actress) 34599
sarah_bolger 34600
sarah_brightman 34601
sarah_carter 34602
sarah_chalke 34603
sarah_churchill_(actress) 34604
sarah_class 34605
sarah_connor_(singer) 34606
sarah_douglas_(actress) 34607
sarah_e._dunsworth 34608
sarah_gadon 34609
sarah_gavron 34610
sarah_glendening 34611
sarah_green_(film_producer) 34612
sarah_habel 34613
sarah_hyland 34614
sarah_jessica_parker 34615
sarah_jones_(screen_actress) 34616
sarah_joy_brown 34617
sarah_lancashire 34618
sarah_lawson_(actress) 34619
sarah_lind 34620
sarah_michelle_gellar 34621
sarah_parish 34622
sarah_paulson 34623
sarah_peirse 34624
sarah_polley 34625
sarah_radclyffe 34626
sarah_roemer 34627
sarah_shahi 34628
sarah_sharp 34629
sarah_silverman 34630
sarah_smith_(producer) 34631
sarah_smyth 34632
sarah_steele 34633
sarah_stouffer 34634
sarah_sutherland 34635
sarah_thomas_(actress) 34636
sarah_thompson_(actress) 34637
sarah_vowell 34638
sarah_wayne_callies 34639
sarah_wynter 34640
sarena_parmar 34641
sarita_choudhury 34642
sasha_alexander 34643
sasha_jackson 34644
sasha_pieterse 34645
sasha_roiz 34646
satire 34647
satomi_ishihara 34648
satoshi_hino 34649
satoshi_kon 34650
satyajit_ray 34651
saul_(band) 34652
saul_chaplin 34653
saul_dibb 34654
saul_rubinek 34655
saul_zaentz 34656
saundra_santiago 34657
savannah_smith_boucher 34658
saverio_%22sonny%22_morea 34659
savion_glover 34660
savoy_pictures 34661
sayaka_yoshino 34662
saïd_ben_saïd 34663
sbb_(band) 34664
scandinavia 34665
scarlett_byrne 34666
scarlett_johansson 34667
scarlett_pomers 34668
scatman_crothers 34669
school 34670
schuyler_fisk 34671
schuyler_grant 34672
sci_fi_channel 34673
sci-fi 34674
sci-fi_&_fantasy 34675
sci-fi_action 34676
sci-fi_series_&_sequels 34677
sci-fi_channel 34678
science 34679
science_fiction 34680
science_fiction_&_fantasy 34681
science_fantasy 34682
science_fiction 34683
science_fiction_comedy 34684
scooby_doo 34685
scooby_doo_animated_movies 34686
scooby_doo_live_action_movies 34687
scoot_mcnairy 34688
scooter_braun 34689
scot_mcfadyen 34690
scotland 34691
scott_adkins 34692
scott_adsit 34693
scott_alexander_and_larry_karaszewski 34694
scott_bairstow 34695
scott_bakula 34696
scott_bloom 34697
scott_bomar 34698
scott_bradley_(composer) 34699
scott_brady 34700
scott_caan 34701
scott_christopher 34702
scott_cohen_(actor) 34703
scott_cooper_(director) 34704
scott_derrickson 34705
scott_eastwood 34706
scott_ferguson_(producer) 34707
scott_foley 34708
scott_frank 34709
scott_glenn 34710
scott_glosserman 34711
scott_grimes 34712
scott_hicks_(director) 34713
scott_huff 34714
scott_jacoby_(actor) 34715
scott_kalvert 34716
scott_kroopf 34717
scott_litt 34718
scott_macaulay 34719
scott_mann_(director) 34720
scott_mcafee 34721
scott_mcgehee 34722
scott_mcneil 34723
scott_mechlowicz 34724
scott_menville 34725
scott_mitchell_rosenberg 34726
scott_mosier 34727
scott_neal 34728
scott_patterson 34729
scott_paulin 34730
scott_porter 34731
scott_r._dunlap 34732
scott_rayow 34733
scott_ross_(oz) 34734
scott_rudin 34735
scott_s._anderson 34736
scott_sanders_(director) 34737
scott_sanders_(producer) 34738
scott_shields_(musician) 34739
scott_speedman 34740
scott_speer 34741
scott_spiegel 34742
scott_spock 34743
scott_steindorff 34744
scott_stuber 34745
scott_teems 34746
scott_terra 34747
scott_thomas_(director) 34748
scott_thompson_(comedian) 34749
scott_valentine_(actor) 34750
scott_walker_(director) 34751
scott_waugh 34752
scott_weinger 34753
scott_wentworth 34754
scott_whyte 34755
scott_wilson_(actor) 34756
scott_wiper 34757
scott_wolf 34758
scott_z._burns 34759
scout_taylor-compton 34760
scream_factory 34761
screamin'_jay_hawkins 34762
screen_gems 34763
screen_guild_productions 34764
screen_media_films 34765
screenvision 34766
scs_films 34767
seamon_glass 34768
seamus_egan 34769
sean_astin 34770
sean_bailey_(producer) 34771
sean_bean 34772
sean_biggerstaff 34773
sean_blakemore 34774
sean_bridgers 34775
sean_byrne_(filmmaker) 34776
sean_c._covel_(producer) 34777
sean_combs 34778
sean_connery 34779
sean_daniel 34780
sean_durkin 34781
sean_ellis 34782
sean_faris 34783
sean_flynn_(photojournalist) 34784
sean_furst 34785
sean_gunn 34786
sean_harris 34787
sean_hayes 34788
sean_hayes_(actor) 34789
sean_hoagland 34790
sean_hughes_(comedian) 34791
sean_kanan 34792
sean_lau 34793
sean_lennon 34794
sean_lurie 34795
sean_maguire 34796
sean_maher 34797
sean_mcclory 34798
sean_mcginley 34799
sean_mcgowan 34800
sean_mcnamara_(filmmaker) 34801
sean_michael_(south_african_actor) 34802
sean_murray_(actor) 34803
sean_murray_(composer) 34804
sean_nelson_(actor) 34805
sean_olson_(director) 34806
sean_patrick_flanery 34807
sean_patrick_thomas 34808
sean_paul 34809
sean_penn 34810
sean_pertwee 34811
sean_power_(actor) 34812
sean_rogerson 34813
sean_s._cunningham 34814
sean_whalen 34815
sean_young 34816
seann_william_scott 34817
searchlight_pictures 34818
sebastian_cabot_(actor) 34819
sebastian_gutierrez 34820
sebastian_junger 34821
sebastian_knapp 34822
sebastian_koch 34823
sebastian_roché 34824
sebastian_spence 34825
sebastian_stan 34826
sebastien_roberts 34827
sefi_rivlin 34828
seidy_lópez 34829
seizō_katō 34830
sela_ward 34831
select_pictures 34832
selena_gomez 34833
selena_royle 34834
self-help 34835
selina_lo 34836
selma_blair 34837
selma_diamond 34838
selwyn_ward 34839
selznick_pictures 34840
senator_film 34841
senta_berger 34842
seoul_broadcasting_system 34843
september_films 34844
serena_williams 34845
serenades_&_divertimentos 34846
serge_de_poligny 34847
serge_merlin 34848
serge_silberman 34849
sergei_bodrov 34850
sergei_bodrov_jr. 34851
sergei_kuryokhin 34852
sergey_bulaevskiy 34853
sergey_stepanchenko 34854
sergi_lópez_(actor) 34855
sergio_arau 34856
sergio_castellitto 34857
sergio_corbucci 34858
sergio_di_zio 34859
sergio_franchi 34860
sergio_george 34861
sergio_kogan 34862
sergio_martino 34863
sergio_mimica-gezzan 34864
sergio_peris-mencheta 34865
sergio_rubini 34866
serial_(radio_and_television) 34867
serial_drama 34868
serra_yılmaz 34869
sesame_workshop 34870
sessue_hayakawa 34871
seth_gabel 34872
seth_gilliam 34873
seth_gordon 34874
seth_green 34875
seth_macfarlane 34876
seth_numrich 34877
seth_rogen 34878
seton_i._miller 34879
setsuko_hara 34880
seu_jorge 34881
severn_darden 34882
sevilla 34883
seville_pictures 34884
seychelle_gabriel 34885
seymour_cassel 34886
sfm_entertainment 34887
shabana_azmi 34888
shabba_doo 34889
shadow_distribution 34890
shafiq_syed 34891
shah_rukh_khan 34892
shahadi_wright_joseph 34893
shailene_woodley 34894
shaina_magdayao 34895
shaked_berenson 34896
shakespeare_101 34897
shakespeare_on_dvd_store 34898
shakib_khan 34899
shakira 34900
shakira_caine 34901
shakur,_tupac 34902
shalom_harlow 34903
shana_feste 34904
shane_bitney_crone 34905
shane_briant 34906
shane_carruth 34907
shane_johnson_(actor) 34908
shane_mcrae 34909
shane_meadows 34910
shane_richie 34911
shane_rimmer 34912
shane_sooter 34913
shang_shang_typhoon 34914
shanice_williams_(actress) 34915
shankar_(actor) 34916
shankar–ehsaan–loy 34917
shannen_doherty 34918
shannon_ashlyn 34919
shannon_chan-kent 34920
shannon_elizabeth 34921
shannon_farnon 34922
shannon_mcintosh_(filmmaker) 34923
shannyn_sossamon 34924
shantanu_moitra 34925
shantel_vansanten 34926
shao_bing 34927
shapiro-glickenhaus_entertainment 34928
shaquille_o'neal 34929
shari_belafonte 34930
shari_sebbens 34931
shari_springer_berman_and_robert_pulcini 34932
sharlene_royer 34933
sharlene_san_pedro 34934
sharlto_copley 34935
sharman_joshi 34936
sharmila_tagore 34937
sharni_vinson 34938
sharon_farrell 34939
sharon_hugueny 34940
sharon_lawrence 34941
sharon_leal 34942
sharon_rooney 34943
sharon_small 34944
sharon_stone 34945
sharon_tate 34946
sharon_thorpe 34947
sharreth 34948
shashanka_ghosh 34949
shatrughan_sinha 34950
shaun_cassidy 34951
shaun_davey 34952
shaun_dooley 34953
shaun_majumder 34954
shaun_sipos 34955
shaun_weiss 34956
shauna_garr 34957
shauna_macdonald_(canadian_actress) 34958
shauna_robertson 34959
shaw_brothers_studio 34960
shawn_ashmore 34961
shawn_harrison_(actor) 34962
shawn_hatosy 34963
shawn_levy 34964
shawn_mendes 34965
shawn_michaels 34966
shawn_roberts 34967
shawn_thompson 34968
shawn_wayans 34969
shawn_weatherly 34970
shawn_yue 34971
shawnee_smith 34972
shay_mitchell 34973
shaznay_lewis 34974
shea_whigham 34975
shecky_greene 34976
sheelagh_gilbey 34977
sheena_easton 34978
sheena_m._joyce 34979
sheila_bernette 34980
sheila_burrell 34981
sheila_hancock 34982
sheila_kelley_(american_actress) 34983
sheila_mccarthy 34984
sheila_reid 34985
sheila_tousey 34986
sheila_vand 34987
shekhar_kapur 34988
sheldon_lettich 34989
sheldon_mirowitz 34990
shelley_duvall 34991
shelley_fabares 34992
shelley_hack 34993
shelley_hennig 34994
shelley_long 34995
shelley_winters 34996
shelly_manne 34997
shemar_moore 34998
shemaroo_entertainment 34999
shemp_howard 35000
shenandoah_(band) 35001
shep_(thanhouser_collie) 35002
shepard_fairey 35003
shepperd_strudwick 35004
sheree_north 35005
sheri_moon_zombie 35006
sheridan_smith 35007
sheriff_joe_arpaio 35008
sherilyn_fenn 35009
sherman_hemsley 35010
sherman_howard 35011
sherri_shepherd 35012
sherry_alberoni 35013
sherry_jackson 35014
sherry_stringfield 35015
sherry_willis-burch 35016
sherwood_schwartz 35017
sheryl_crow 35018
sheryl_lee 35019
sheryl_lee_ralph 35020
shia_labeouf 35021
shiba_ali_khan 35022
shido_nakamura 35023
shidou_nakamura 35024
shigeo_kobayashi 35025
shigeru_chiba 35026
shigeru_muroi 35027
shigeru_tsuyuguchi 35028
shigeru_umebayashi 35029
shiho_sato 35030
shiloh_fernandez 35031
shin'ichirō_ikebe 35032
shin-ichiro_miki 35033
shin_hyun-joon_(actor) 35034
shin_koyamada 35035
shin_min-ah 35036
shingo_katori 35037
shinichirō_watanabe 35038
shinji_aramaki 35039
shinkichi_mitsumune 35040
shinnosuke_ikehata 35041
shinobu_otake 35042
shintaro_katsu 35043
shion_wakayama 35044
shirley_bassey 35045
shirley_booth 35046
shirley_eaton 35047
shirley_jones 35048
shirley_knight 35049
shirley_maclaine 35050
shirley_manson 35051
shirley_mason_(actress) 35052
shirley_patterson 35053
shirley_stelfox 35054
shirley_temple 35055
shirley_walker 35056
shirō_fukai 35057
shirō_sagisu 35058
shizuko_hoshi 35059
shochiku 35060
shock_comedy 35061
shoegazing 35062
shogo_tomiyama 35063
shohreh_aghdashloo 35064
shona_auerbach 35065
shooting_guns 35066
short 35067
short_forms 35068
shout!_factory 35069
show_aikawa 35070
show_lo 35071
show_tunes 35072
showbox 35073
showtaro_morikubo 35074
showtime 35075
showtime_(tv_network) 35076
showtime_networks 35077
shred 35078
shredy_jabarin 35079
shrek 35080
shreyas_talpade 35081
shu_qi 35082
shudder_(streaming_service) 35083
shujeo_shyam 35084
shuki_levy 35085
shun_oguri 35086
shunji_fujimura 35087
shunsuke_kazama 35088
shunsuke_kikuchi 35089
shunsuke_sakuya 35090
shusuke_kaneko 35091
shwetha_menon 35092
shōgo_tomiyama 35093
shōsuke_tanihara 35094
shūji_sano 35095
shūkō_murase 35096
shūsuke_kaneko 35097
si_robertson 35098
sianoa_smit-mcphee 35099
sibylla_deen 35100
sid_caesar 35101
sid_ganis 35102
sid_haig 35103
sid_james 35104
sid_melton 35105
siddharth_vipin 35106
sidney_beckerman_(movie_producer) 35107
sidney_blackmer 35108
sidney_clare 35109
sidney_franklin_(director) 35110
sidney_gilliat 35111
sidney_glazier 35112
sidney_harmon 35113
sidney_hayers 35114
sidney_j._furie 35115
sidney_kimmel 35116
sidney_lanfield 35117
sidney_lumet 35118
sidney_morgan 35119
sidney_olcott 35120
sidney_poitier 35121
sidney_salkow 35122
sidney_skolsky 35123
sidney_smith_(director) 35124
sidney_toler 35125
sidney_w._pink 35126
sidney_walter 35127
sienna_guillory 35128
sienna_miller 35129
sierra_boggess 35130
sierra_mccormick 35131
sig_libowitz 35132
sig_ruman 35133
sigala 35134
sigmund_neufeld 35135
sigmund_romberg 35136
signe_byrge_sørensen 35137
signe_hasso 35138
sigourney_weaver 35139
sigrid_gurie 35140
sigrid_thornton 35141
sigurjón_sighvatsson 35142
sihung_lung 35143
sikandar_kher 35144
silas_weir_mitchell_(actor) 35145
silent_films 35146
silje_reinåmo 35147
silkk_the_shocker 35148
silvestre_rasuk 35149
silvia_pinal 35150
silvio_orlando 35151
simcha_jacobovici 35152
simon_baker 35153
simon_boswell 35154
simon_cadell 35155
simon_callow 35156
simon_cellan_jones 35157
simon_chandler 35158
simon_channing_williams 35159
simon_chinn 35160
simon_curtis_(filmmaker) 35161
simon_davison 35162
simon_dutton 35163
simon_fellows 35164
simon_fields 35165
simon_helberg 35166
simon_kinberg 35167
simon_kunz 35168
simon_maccorkindale 35169
simon_mcburney 35170
simon_moore_(writer) 35171
simon_oakland 35172
simon_pegg 35173
simon_quarterman 35174
simon_relph 35175
simon_rex 35176
simon_rogers 35177
simon_shore 35178
simon_stockhausen 35179
simon_walker_(composer) 35180
simon_ward 35181
simon_wells 35182
simon_west 35183
simon_westaway 35184
simon_wincer 35185
simon_yam 35186
simone_griffeth 35187
simone_simon 35188
simone_urdl 35189
simón_andreu 35190
sinbad_(comedian) 35191
sinbad_(entertainer) 35192
singer-songwriters 35193
sinéad_cusack 35194
siobhan_finneran 35195
siobhan_hewlett 35196
siobhan_williams 35197
sion_sono 35198
sir_cedric_hardwicke 35199
sir_lady_java 35200
sirak_m._sabahat 35201
siri_baruc 35202
sisse_graum_jørgensen 35203
sissy_spacek 35204
sitcom 35205
situation_comedy 35206
siân_phillips 35207
ska_punk 35208
skandar_keynes 35209
skeet_ulrich 35210
sketch_comedy 35211
ski_(producer) 35212
skiffle 35213
skip_e._lowe 35214
skip_homeier 35215
skouras_pictures 35216
skrillex 35217
skunk_anansie 35218
sky_ferreira 35219
skye_lourie 35220
skye_mccole_bartusiak 35221
skyler_stone 35222
slamdance_film_festival 35223
slander_(djs) 35224
slapstick 35225
slava_n._jakovleff_(actor) 35226
slice_of_life 35227
slide_guitar 35228
slim_harpo 35229
slim_pickens 35230
sludge_metal 35231
sly_and_the_family_stone 35232
smilin'_jack_smith 35233
smokie_(band) 35234
smooth_jazz 35235
smooth_jazz 35236
snagfilms 35237
snoop_dogg 35238
snowy_white 35239
so_ji-sub 35240
so_yamamura 35241
so_yong_kim 35242
soap_opera 35243
soda_pictures 35244
sofia_alvarez_(writer) 35245
sofia_carson 35246
sofia_coppola 35247
sofia_helin 35248
sofia_ledarp 35249
sofia_pernas 35250
sofia_sondervan 35251
sofia_vassilieva 35252
sofia_vergara 35253
sofly_&_nius 35254
soft_rock 35255
soft_rock 35256
sofía_vergara 35257
sohail_sen 35258
sol_c._siegel 35259
sol_hurok 35260
sol_kaplan 35261
sol_lesser 35262
sol_m._wurtzel 35263
sol_pendavis_williams 35264
solange_knowles 35265
soledad_villamil 35266
soleil_moon_frye 35267
soliman_cruz 35268
solveig_dommartin 35269
somm_tv 35270
son_tae-young 35271
sonal_shah_(actress) 35272
sonali_kulkarni 35273
sonar_entertainment 35274
sonatas 35275
sonatinas 35276
sondra_locke 35277
song_joong-ki 35278
song_kang-ho 35279
song_sae-byeok 35280
songs 35281
sonia_aquino 35282
sonia_bergamasco 35283
sonja_bennett 35284
sonja_henie 35285
sonny_bono 35286
sonny_boy_williamson_ii 35287
sonny_chiba 35288
sonny_terry 35289
sony_pictures_classics 35290
sony_pictures_home_entertainment 35291
sony_bmg 35292
sony_bmg_music_entertainment 35293
sony_music_entertainment 35294
sony_pictures 35295
sony_pictures_classics 35296
sony_pictures_entertainment 35297
sony_pictures_entertainment_japan 35298
sony_pictures_entertainment_motion_picture_group 35299
sony_pictures_home_entertainment 35300
sony_pictures_motion_picture_group 35301
sony_pictures_networks_india 35302
sony_pictures_releasing 35303
sony_pictures_releasing_international 35304
sony_pictures_television 35305
sony_pictures_worldwide_acquisitions 35306
sony_pictures_worldwide_acquisitions_group 35307
sonya_salomaa 35308
sonya_walger 35309
sook-yin_lee 35310
soon-tek_oh 35311
sooraj_r._barjatya 35312
sophia_lillis 35313
sophia_lin 35314
sophia_loren 35315
sophie_cookson 35316
sophie_guillemin 35317
sophie_lowe 35318
sophie_marceau 35319
sophie_monk 35320
sophie_nyweide 35321
sophie_nélisse 35322
sophie_okonedo 35323
sophie_skelton 35324
sophie_ward 35325
sophisti-pop 35326
sorapong_chatree 35327
soren_fulton 35328
soshy 35329
soul 35330
soul-jazz_&_boogaloo 35331
soul_music 35332
soulfly 35333
soumitra_chatterjee 35334
sound_sultan 35335
soundtracks 35336
south_&_central_america 35337
south_africa 35338
southern_gospel 35339
southern_rock 35340
southern_soul 35341
southern_gothic 35342
southern_metal 35343
southern_rock 35344
sovexportfilm 35345
space_adventure 35346
space_exploration 35347
space_opera 35348
space_rock 35349
spain 35350
spalding_gray 35351
spanish 35352
spanish_language 35353
special_editions 35354
special_interest 35355
special_interests 35356
speculative_evolution 35357
speed_metal 35358
spencer_breslin 35359
spencer_fox 35360
spencer_list 35361
spencer_locke 35362
spencer_lofranco 35363
spencer_susser 35364
spencer_tracy 35365
spencer_treat_clark 35366
spi_international 35367
spike_(tv_channel) 35368
spike_brandt_and_tony_cervone 35369
spike_jonze 35370
spike_lee 35371
spike_milligan 35372
spike_stent 35373
spoken_word 35374
sports 35375
spragga_benz 35376
sprague_grayden 35377
spring_byington 35378
springsteen,_bruce 35379
spy_fiction 35380
stacey_dash 35381
stacey_sher 35382
stacey_travis 35383
stacie_passon 35384
stacy_edwards 35385
stacy_keach 35386
stacy_keibler 35387
stacy_nelkin 35388
stage_6_films 35389
staind 35390
stan_dragoti 35391
stan_foster 35392
stan_freberg 35393
stan_hough 35394
stan_lathan 35395
stan_laurel 35396
stan_ridgway 35397
stan_rogow 35398
stan_shaw 35399
stan_winston 35400
stana_katic 35401
stand_up 35402
stand-up_comedy 35403
stand-up_comedy 35404
stanley_baker 35405
stanley_black 35406
stanley_clarke 35407
stanley_donen 35408
stanley_holloway 35409
stanley_kramer 35410
stanley_kubrick 35411
stanley_m._brooks 35412
stanley_myers 35413
stanley_nelson_jr. 35414
stanley_o'toole 35415
stanley_r._jaffe 35416
stanley_rubin 35417
stanley_tong 35418
stanley_tucci 35419
stanley_weber 35420
stanley_wilson_(composer) 35421
stanley_wilson_(musician) 35422
star_trek 35423
star_wars 35424
star_china_media 35425
star_cinema 35426
stark_sands 35427
starlight_home_entertainment 35428
stars_of_the_lid 35429
starz 35430
starz_distribution 35431
steele_stebbins 35432
stefan_arndt 35433
stefan_sauk 35434
stefan_scaini 35435
stefan_schaefer 35436
stefan_wodoslawsky 35437
stefania_casini 35438
stefania_lavie_owen 35439
stefania_sandrelli 35440
stefanie_powers 35441
stefanie_scott 35442
stefanie_von_pfetten 35443
stella_stevens 35444
stellan_skarsgård 35445
stelvio_cipriani 35446
stephan_w._burns 35447
stephanie_allain 35448
stephanie_beacham 35449
stephanie_beatriz 35450
stephanie_bennett_(producer) 35451
stephanie_black 35452
stephanie_d'abruzzo 35453
stephanie_faracy 35454
stephanie_jacobsen 35455
stephanie_langhoff 35456
stephanie_mills 35457
stephanie_moore 35458
stephanie_niznik 35459
stephanie_paul 35460
stephanie_savage 35461
stephanie_soechtig 35462
stephen_%22twitch%22_boss 35463
stephen_adly_guirgis 35464
stephen_anderson_(artist) 35465
stephen_baldwin 35466
stephen_barton 35467
stephen_bayly 35468
stephen_bekassy 35469
stephen_belber 35470
stephen_billington 35471
stephen_bishop_(actor) 35472
stephen_bogardus 35473
stephen_boyd 35474
stephen_bray 35475
stephen_bruton 35476
stephen_cardwell 35477
stephen_chiodo 35478
stephen_chow 35479
stephen_colbert 35480
stephen_collins 35481
stephen_daldry 35482
stephen_deutsch 35483
stephen_dillane 35484
stephen_dorff 35485
stephen_dunham 35486
stephen_e._ambrose 35487
stephen_elliott_(author) 35488
stephen_endelman 35489
stephen_frears 35490
stephen_fry 35491
stephen_fung 35492
stephen_furst 35493
stephen_garlick 35494
stephen_graham 35495
stephen_guarino 35496
stephen_gyllenhaal 35497
stephen_hagan_(actor) 35498
stephen_hague 35499
stephen_harris_(producer) 35500
stephen_hawking 35501
stephen_herek 35502
stephen_hillenburg 35503
stephen_hilton 35504
stephen_hopkins_(director) 35505
stephen_j._cannell 35506
stephen_j._friedman_(producer) 35507
stephen_james_taylor 35508
stephen_kay 35509
stephen_kendrick 35510
stephen_king 35511
stephen_lack 35512
stephen_lang 35513
stephen_lewis_(actor) 35514
stephen_lovatt 35515
stephen_macht 35516
stephen_marley_(musician) 35517
stephen_mceveety 35518
stephen_mchattie 35519
stephen_mckeon 35520
stephen_mckinley_henderson 35521
stephen_mcnally 35522
stephen_merchant 35523
stephen_milburn_anderson 35524
stephen_moore_(actor) 35525
stephen_moyer 35526
stephen_murray_(actor) 35527
stephen_nichols 35528
stephen_oliver_(composer) 35529
stephen_p._jarchow 35530
stephen_poliakoff 35531
stephen_rea 35532
stephen_root 35533
stephen_rucker 35534
stephen_schwartz_(composer) 35535
stephen_shea 35536
stephen_sommers 35537
stephen_sondheim 35538
stephen_spinella 35539
stephen_strimpell 35540
stephen_tenenbaum 35541
stephen_thorne 35542
stephen_tobolowsky 35543
stephen_tompkinson 35544
stephen_trask 35545
stephen_warbeck 35546
stephen_williams_(director) 35547
stephen_woolley 35548
stephenie_meyer 35549
stephin_merritt 35550
stepin_fetchit 35551
ster-kinekor 35552
stereo_mc's 35553
sterling_hayden 35554
sterling_holloway 35555
sterling_jerins 35556
sterling_k._brown 35557
sterling_van_wagenen 35558
steve-o 35559
steve_abbott_(film_producer) 35560
steve_allen 35561
steve_anderson_(director) 35562
steve_antin 35563
steve_bannon 35564
steve_barker_(film_director) 35565
steve_barron 35566
steve_bartek 35567
steve_beck_(director) 35568
steve_bencich 35569
steve_bing 35570
steve_blum 35571
steve_boyum 35572
steve_brady 35573
steve_braun_(actor) 35574
steve_brodie_(actor) 35575
steve_buscemi 35576
steve_cardenas 35577
steve_carell 35578
steve_carr 35579
steve_carver 35580
steve_cochran 35581
steve_coogan 35582
steve_dorff 35583
steve_eastin 35584
steve_forrest_(actor) 35585
steve_garry 35586
steve_golin 35587
steve_gomer 35588
steve_gorn 35589
steve_gravers 35590
steve_guttenberg 35591
steve_harris_(actor) 35592
steve_harris_(musician) 35593
steve_harvey 35594
steve_hickner 35595
steve_hindalong 35596
steve_hoban 35597
steve_howey_(actor) 35598
steve_hytner 35599
steve_irwin 35600
steve_jablonsky 35601
steve_james_(actor) 35602
steve_james_(film_producer) 35603
steve_kloves 35604
steve_koren 35605
steve_levitt_(actor) 35606
steve_lightfoot 35607
steve_lillywhite 35608
steve_loter 35609
steve_mac 35610
steve_martin 35611
steve_martino 35612
steve_mcqueen 35613
steve_mcqueen_(director) 35614
steve_miner 35615
steve_moore_(musician) 35616
steve_nallon 35617
steve_oedekerk 35618
steve_porcaro 35619
steve_purcell 35620
steve_railsback 35621
steve_rash 35622
steve_reicher 35623
steve_saint 35624
steve_sekely 35625
steve_shagan 35626
steve_shill 35627
steve_solomos 35628
steve_starkey 35629
steve_stevens 35630
steve_taylor 35631
steve_tisch 35632
steve_valentine 35633
steve_vinovich 35634
steve_wariner 35635
steve_west_(danger_danger) 35636
steve_whitmire 35637
steve_yoo 35638
steve_zahn 35639
steven-charles_jaffe 35640
steven_berkoff 35641
steven_brand 35642
steven_brill_(director) 35643
steven_c._miller 35644
steven_cuitlahuac_melendez 35645
steven_culp 35646
steven_g._kaplan 35647
steven_gutheinz 35648
steven_haft 35649
steven_hill 35650
steven_hilliard_stern 35651
steven_j._wolfe 35652
steven_keats 35653
steven_knight 35654
steven_m._rales 35655
steven_machat 35656
steven_mackintosh 35657
steven_o'donnell_(british_actor) 35658
steven_ogg 35659
steven_pallos 35660
steven_paul 35661
steven_price_(composer) 35662
steven_quale 35663
steven_r._mcqueen 35664
steven_r._monroe 35665
steven_rales 35666
steven_reuther 35667
steven_robman 35668
steven_s._deknight 35669
steven_schachter 35670
steven_seagal 35671
steven_shainberg 35672
steven_soderbergh 35673
steven_spielberg 35674
steven_strait 35675
steven_tyler 35676
steven_waddington 35677
steven_weber 35678
steven_williams 35679
steven_williford 35680
steven_wright 35681
steven_yeun 35682
steven_zaillian 35683
stevie_j 35684
stewart_copeland 35685
stewart_finlay-mclennan 35686
stewart_granger 35687
stewart_hendler 35688
stewart_raffill 35689
sticky_fingaz 35690
sting 35691
sting_(musician) 35692
stockard_channing 35693
stokely_carmichael 35694
stone_cold_steve_austin 35695
stone_temple_pilots 35696
strand_releasing 35697
stringer_davis 35698
strother_martin 35699
stu_gardner 35700
stu_hart 35701
stu_phillips_(composer) 35702
stuart_allan 35703
stuart_beattie 35704
stuart_blumberg 35705
stuart_bogie 35706
stuart_bowman_(actor) 35707
stuart_bunce 35708
stuart_burge 35709
stuart_cornfeld 35710
stuart_gillard 35711
stuart_gordon 35712
stuart_heisler 35713
stuart_lyons 35714
stuart_m._besser 35715
stuart_margolin 35716
stuart_martin 35717
stuart_pankin 35718
stuart_paton 35719
stuart_rosenberg 35720
stuart_s._shapiro 35721
stuart_townsend 35722
stuart_whitman 35723
stuart_wilson_(actor) 35724
stub_wiberg 35725
stubby_kaye 35726
studio_specials 35727
studio_c 35728
studio_home_entertainment 35729
studiocanal 35730
studiocanal_uk 35731
sturla_gunnarsson 35732
stx_entertainment 35733
stxfilms 35734
stylejam,_inc. 35735
stéphan_guérin-tillié 35736
stéphane_freiss 35737
stéphane_moucha 35738
stéphane_rousseau 35739
stéphanie_szostak 35740
sue_ane_langdon 35741
sue_bea_montgomery 35742
sue_birtwistle 35743
sue_johnston 35744
sue_lyon 35745
sufe_bradshaw 35746
sugar_dawn 35747
sugar_lyn_beard 35748
suites 35749
suki_hawley 35750
suki_waterhouse 35751
sullivan_stapleton 35752
sumi_shimamoto 35753
sumiko_fuji 35754
sumithra_(actress) 35755
summer_bishil 35756
summer_glau 35757
summer_phoenix 35758
summit_entertainment 35759
sun_chien_(actor) 35760
sun_feifei_(actress) 35761
sun_honglei 35762
sundance_channel_home_entertainment 35763
sundance_selects 35764
sung_dong-il 35765
sung_kang 35766
sunn_classic_pictures 35767
sunniva_lindekleiv 35768
sunny_johnson 35769
sunny_wayne 35770
sunshine_pop 35771
supergroups 35772
superhero_fiction 35773
supernatural_fiction 35774
supernatural_horror_films 35775
supriya_devi 35776
suraj_sharma 35777
surf_rock 35778
surilie_gautam 35779
surreal_humor 35780
surreal_humour 35781
survival_skills 35782
susan_anton 35783
susan_bernard 35784
susan_blakeslee 35785
susan_blanchard_(actress) 35786
susan_buckner 35787
susan_clark 35788
susan_denberg 35789
susan_dey 35790
susan_dietz 35791
susan_downey 35792
susan_eisenberg 35793
susan_fleetwood 35794
susan_george_(actress) 35795
susan_hampshire 35796
susan_hart 35797
susan_hayward 35798
susan_hogan_(actress) 35799
susan_lowe 35800
susan_may_pratt 35801
susan_montford 35802
susan_oliver 35803
susan_olsen 35804
susan_penhaligon 35805
susan_peters 35806
susan_roman 35807
susan_saint_james 35808
susan_saladoff 35809
susan_sarandon 35810
susan_seidelman 35811
susan_strasberg 35812
susan_sullivan 35813
susan_swift 35814
susan_theresa_burke 35815
susan_tyrrell 35816
susan_ward 35817
susana_dosamantes 35818
susanna_javicoli 35819
susanna_white 35820
susannah_york 35821
susanne_pollatschek 35822
susanne_wuest 35823
susumu_terajima 35824
susy_andersen 35825
suzan_anbeh 35826
suzan_ball 35827
suzanna_leigh 35828
suzanne_deason 35829
suzanne_crough 35830
suzanne_de_labroy 35831
suzanne_de_passe 35832
suzanne_pleshette 35833
suzanne_ridgeway 35834
suzanne_somers 35835
suzanne_todd 35836
suzanne_wiesenfeld 35837
suzee_slater 35838
suzy_amis 35839
suzy_parker 35840
sven_gyldmark 35841
sven_medvešek 35842
sven_nordin 35843
svensk_filmindustri 35844
sveriges_radio 35845
swann_arlaud 35846
sweden 35847
swedish 35848
swedish_pop 35849
swing_jazz 35850
swing_music 35851
swinton_o._scott_iii 35852
switzerland 35853
swoosie_kurtz 35854
sy_bartlett 35855
sybil_danning 35856
sybil_robson_orr 35857
sybil_thorndike 35858
syd_crossley 35859
sydney_chaplin_(american_actor) 35860
sydney_greenstreet 35861
sydney_lotterby 35862
sydney_penny 35863
sydney_pollack 35864
syfy 35865
syfy_universal 35866
sylva_koscina 35867
sylvain_marcel 35868
sylvain_sylvain 35869
sylvain_white 35870
sylvester_levay 35871
sylvester_stallone 35872
sylvia_(singer) 35873
sylvia_chang 35874
sylvia_fine 35875
sylvia_hess 35876
sylvia_ivalu 35877
sylvia_kristel 35878
sylvia_miles 35879
sylvia_sidney 35880
sylvia_syms 35881
sylvie_lachance 35882
sylvie_léonard 35883
sylvie_moreau 35884
symphonic_metal 35885
symphonies 35886
synth-pop 35887
synthetic_worlds 35888
synthpop 35889
sándor_csányi_(actor) 35890
sébastien_foucan 35891
sônia_braga 35892
søren_kragh-jacobsen 35893
søren_stærmose 35894
sümer_tilmaç 35895
t-minus_(producer) 35896
t._c._christensen 35897
t._colin_campbell 35898
t._d._jakes 35899
t._j._miller 35900
t._k._carter 35901
t._p._mckenna 35902
t._rex_(band) 35903
t._ryder_smith 35904
t._s._suresh_babu 35905
t.i. 35906
t.j._miller 35907
t.k._carter 35908
t.k._yang 35909
t_bone_burnett 35910
tab_hunter 35911
tabitha_st._germain 35912
taboo_(rapper) 35913
tabu_(actress) 35914
tad_stones 35915
tadanobu_asano 35916
tadao_takashima 35917
tadashi_miyazawa 35918
tadashi_yamashita 35919
taewon_entertainment 35920
taft_broadcasting 35921
tage_linde 35922
taggart_siegel 35923
tahar_rahim 35924
tahnee_welch 35925
tai_chi 35926
taika_waititi 35927
taina_elg 35928
taissa_farmiga 35929
taiwan 35930
taj_mahal_(musician) 35931
takaaki_ishibashi 35932
takahiro_sakurai 35933
takahiro_tamura 35934
takaji_matsudo 35935
takako_fuji 35936
takako_matsu 35937
takanori_arisawa 35938
takao_okawara 35939
takao_osawa 35940
takashi_kako 35941
takashi_miike 35942
takashi_naito 35943
takashi_nomura 35944
takashi_shimizu 35945
takashi_shimura 35946
takashi_tachibana_(journalist) 35947
takashi_tsukamoto 35948
takashi_yamazaki 35949
takayuki_hamana 35950
takayuki_hattori 35951
takehiro_murata 35952
takehito_koyasu 35953
takeo_hisamatsu 35954
takeshi_kaga 35955
takeshi_kaneshiro 35956
takeshi_kitano 35957
takeshi_koike 35958
takumi_saito 35959
takuya_ishida 35960
takuya_kimura 35961
talia_shire 35962
talisa_soto 35963
talk_show 35964
talking_heads 35965
tallulah_bankhead 35966
tamala_jones 35967
tamar_novas 35968
tamara_dobson 35969
tamara_glynn 35970
tamara_hope 35971
tamara_jenkins 35972
tamara_mello 35973
tamara_taylor 35974
tamara_toumanova 35975
tameka_empson 35976
tamer_çıray 35977
tamera_mowry 35978
tami_erin 35979
tamlyn_tomita 35980
tammin_sursok 35981
tammy_blanchard 35982
tammy_grimes 35983
tammy_macintosh 35984
tammy_rogers 35985
tammy_wynette 35986
tamra_davis 35987
tamsin_egerton 35988
tamzin_malleson 35989
tamzin_merchant 35990
tan_dun 35991
tanc_sade 35992
tang_wei 35993
tangerine_dream 35994
tangi_miller 35995
tania_saleh 35996
tanisha_harper 35997
tanit_phoenix 35998
tanner_cohen 35999
tanner_maguire 36000
tanoai_reed 36001
tantoo_cardinal 36002
tanya_boyd 36003
tanya_lopert 36004
tanya_seghatchian 36005
tara_charendoff 36006
tara_fitzgerald 36007
tara_morice 36008
tara_reid 36009
tara_sands 36010
tara_spencer-nairn 36011
tara_strong 36012
tara_subkoff 36013
taraji_p._henson 36014
tarak_ben_ammar 36015
tarcísio_meira 36016
taro_iwashiro 36017
taron_egerton 36018
tarsem_singh 36019
tarsha_vega 36020
tartan_films 36021
tarusuke_shingaki 36022
taryn_manning 36023
tarō_ishida 36024
tarō_iwashiro 36025
tarō_yamamoto 36026
tasha_holiday 36027
tasha_smith 36028
tata_vega 36029
tate_donovan 36030
tate_taylor 36031
tatiana_maslany 36032
tatiana_riabouchinska 36033
tatjana_blacher 36034
tats_lau 36035
tatsuya_fuji 36036
tatsuya_fujiwara 36037
tatsuya_mihashi 36038
tatsuya_nakadai 36039
tatum_o'neal 36040
tatyana_ali 36041
tatyana_barysheva 36042
tatyana_dogileva 36043
tatyana_kravchenko 36044
tatyana_lyutaeva 36045
tatyana_samojlova 36046
tavin_marin_titus 36047
tawny_kitaen 36048
tay_garnett 36049
tay_yin_yin 36050
taye_diggs 36051
taylor_hackford 36052
taylor_hawkins 36053
taylor_holmes 36054
taylor_kitsch 36055
taylor_lautner 36056
taylor_louderman 36057
taylor_schilling 36058
taylor_spreitler 36059
taylor_swift 36060
taylor_york 36061
tayva_patch 36062
tbs_(u.s._tv_channel) 36063
tchéky_karyo 36064
tease_(band) 36065
techno 36066
technopop 36067
tecla_scarano 36068
ted_a._bohus 36069
ted_albert 36070
ted_cassidy 36071
ted_curson 36072
ted_danson 36073
ted_de_corsia 36074
ted_demme 36075
ted_dibiase_jr. 36076
ted_field 36077
ted_hamilton 36078
ted_hartley 36079
ted_healy 36080
ted_hope 36081
ted_koehler 36082
ted_kotcheff 36083
ted_lange 36084
ted_levine 36085
ted_marcoux 36086
ted_mcginley 36087
ted_nicolaou 36088
ted_nugent 36089
ted_poley 36090
ted_post 36091
ted_raimi 36092
ted_richmond 36093
ted_wass 36094
ted_whittall 36095
teddy_castellucci 36096
teddy_eccles 36097
teddy_robin 36098
teddy_schwarzman 36099
teddy_sears 36100
teen_pop 36101
teen_drama 36102
teen_film 36103
teen_pop 36104
teen_sitcom 36105
tego_calderón 36106
teinosuke_kinugasa 36107
telenovela 36108
television 36109
television_soundtracks 36110
television_comedy 36111
television_documentary 36112
television_special 36113
telly_savalas 36114
telma_hopkins 36115
tempestt_bledsoe 36116
temuera_morrison 36117
temur_babluani 36118
tenika_davis 36119
tenmon_(composer) 36120
tennessee_ernie_ford 36121
tennyson_bardwell 36122
teo_gheorghiu 36123
teo_halm 36124
teppei_koike 36125
terence_blanchard 36126
terence_chang 36127
terence_dudley 36128
terence_fisher 36129
terence_hill 36130
terence_stamp 36131
terence_yin 36132
terence_young_(director) 36133
teresa_cheng 36134
teresa_gimpera 36135
teresa_mo 36136
teresa_palmer 36137
teresa_wright 36138
teressa_liane 36139
tereza_voříšková 36140
teri_garr 36141
teri_polo 36142
terminator 36143
terrance_zdunich 36144
terrell_owens 36145
terrence_c._carson 36146
terrence_howard 36147
terrence_j 36148
terrence_malick 36149
terri_hawkes 36150
terri_irwin 36151
terri_minsky 36152
terry-thomas 36153
terry_benedict 36154
terry_bishop 36155
terry_brown_(record_producer) 36156
terry_carter 36157
terry_chambers 36158
terry_crews 36159
terry_farrell_(actress) 36160
terry_george 36161
terry_gilliam 36162
terry_gould 36163
terry_jones 36164
terry_kilburn 36165
terry_kinney 36166
terry_mcmillan 36167
terry_moore_(actress) 36168
terry_o'quinn 36169
terry_o._morse 36170
terry_pheto 36171
terry_plumeri 36172
terry_scott_taylor 36173
terry_stone 36174
teruyuki_kagawa 36175
teryl_rothery 36176
tess_harper 36177
tessa_thompson 36178
tesshô_genda 36179
tetchie_agbayani 36180
tetsuro_tamba 36181
tetsurō_tamba 36182
tetsuya_takahashi_(composer) 36183
tex_avery 36184
texas_blues 36185
texas_battle 36186
teyonah_parris 36187
thad_luckinbill 36188
thalmus_rasulala 36189
thandiwe_newton 36190
thanhouser_company 36191
thayer_david 36192
the_beatles 36193
the_comedies 36194
the_comedy_central_store 36195
the_doors 36196
the_histories 36197
the_rolling_stones 36198
the_tragedies 36199
the_twilight_zone 36200
the_works 36201
the_1975 36202
the_88 36203
the_alan_parsons_project 36204
the_allman_brothers_band 36205
the_andrews_sisters 36206
the_asylum 36207
the_bangles 36208
the_bar-kays 36209
the_beach_boys 36210
the_beatles 36211
the_blues_brothers 36212
the_cannon_group 36213
the_cars 36214
the_chemical_brothers 36215
the_cinema_guild 36216
the_crusaders_(houston_group) 36217
the_daily_flash 36218
the_doors 36219
the_drifters 36220
the_edge 36221
the_fall_(band) 36222
the_fibonaccis 36223
the_film_department 36224
the_filmgroup 36225
the_forester_sisters 36226
the_four_lads 36227
the_four_preps 36228
the_getaway_plan 36229
the_grass_roots 36230
the_hoosiers 36231
the_hotlicks 36232
the_j.b.'s 36233
the_jesus_and_mary_chain 36234
the_jive_five 36235
the_kinks 36236
the_kipper_kids 36237
the_kushner-locke_company 36238
the_land_before_time_(film) 36239
the_miz 36240
the_montecito_picture_company 36241
the_muppets 36242
the_neptunes 36243
the_newbeats 36244
the_newton_brothers 36245
the_normal 36246
the_o'jays 36247
the_oak_ridge_boys 36248
the_peanuts 36249
the_pop_group 36250
the_program_exchange 36251
the_rank_organisation 36252
the_rolling_stones 36253
the_samuel_goldwyn_company 36254
the_sandals 36255
the_section_quartet 36256
the_shooting_gallery 36257
the_sidewalks_of_new_york 36258
the_soul_seekers 36259
the_spinners_(american_r&b_group) 36260
the_staple_singers 36261
the_stig 36262
the_underdogs_(production_team) 36263
the_undertaker 36264
the_vampire_chronicles 36265
the_vicious_brothers 36266
the_wachowskis 36267
the_weinstein_company 36268
the_who 36269
the_wombats 36270
thea_gill 36271
theatre 36272
theatrical,_incidental_&_program_music 36273
theforce.net 36274
thelma_ritter 36275
thelma_todd 36276
theo_green 36277
theo_james 36278
theodor_loos 36279
theodore_bikel 36280
theodore_melfi 36281
theodore_shapiro 36282
theodore_shapiro_(composer) 36283
theodore_von_eltz 36284
theresa_randle 36285
theresa_russell 36286
theresa_saldana 36287
thikkurissy_sukumaran_nair 36288
thinkfilm 36289
third_rail_releasing 36290
thom_adcox-hernandez 36291
thom_barry 36292
thom_eberhardt 36293
thom_green 36294
thom_hoffman 36295
thom_mathews 36296
thom_mount 36297
thomas_brodie-sangster 36298
thomas_calabro 36299
thomas_carr_(director) 36300
thomas_carter_(director) 36301
thomas_cavanagh 36302
thomas_chong 36303
thomas_dekker_(actor) 36304
thomas_dolby 36305
thomas_doret 36306
thomas_f._wilson 36307
thomas_gibson 36308
thomas_h._ince 36309
thomas_haden_church 36310
thomas_hill_(actor) 36311
thomas_howes_(actor) 36312
thomas_hunter_(actor) 36313
thomas_ian_griffith 36314
thomas_ian_nicholas 36315
thomas_jane 36316
thomas_kail 36317
thomas_kretschmann 36318
thomas_lennon_(actor) 36319
thomas_m._wright 36320
thomas_maier 36321
thomas_mann_(actor) 36322
thomas_mitchell_(actor) 36323
thomas_newman 36324
thomas_sadoski 36325
thomas_sangster 36326
thomas_schumacher 36327
thomas_tull 36328
thomas_turgoose 36329
thomas_w._blackburn 36330
thomas_wander 36331
thomas_wanker 36332
thongchai_mcintyre 36333
thor_freudenthal 36334
thor_heyerdahl 36335
thora_birch 36336
thora_hird 36337
thorley_walters 36338
thrash_&_speed_metal 36339
thrash_metal 36340
thriller_(genre) 36341
thriller_film 36342
thurl_ravenscroft 36343
thurop_van_orman 36344
thuy_trang 36345
ti_lung 36346
ti_west 36347
tia_carrere 36348
tia_mowry 36349
tibor_takács_(director) 36350
ticky_holgado 36351
tiffani-amber_thiessen 36352
tiffani_amber_thiessen 36353
tiffani_thiessen 36354
tiffany_bolling 36355
tiffany_darwish 36356
tiffany_dupont 36357
tig_notaro 36358
tiger_chen 36359
tika_sumpter 36360
til_schweiger 36361
tilda_swinton 36362
tilde_corsi 36363
tim_abell 36364
tim_alexander_(filmmaker) 36365
tim_allen 36366
tim_armstrong 36367
tim_bevan 36368
tim_blake_nelson 36369
tim_blaney 36370
tim_burton 36371
tim_conway 36372
tim_cox 36373
tim_curry 36374
tim_daly 36375
tim_dutton 36376
tim_fywell 36377
tim_guinee 36378
tim_gunn 36379
tim_haines 36380
tim_hampton_(producer) 36381
tim_heidecker 36382
tim_hildebrandt 36383
tim_hill_(filmmaker) 36384
tim_hodge 36385
tim_holt 36386
tim_hovey 36387
tim_hunter_(director) 36388
tim_jones_(film_composer) 36389
tim_kang 36390
tim_kelleher_(actor) 36391
tim_league 36392
tim_matheson 36393
tim_mccanlies 36394
tim_mccoy 36395
tim_mcgraw 36396
tim_mcinnerny 36397
tim_mcintire 36398
tim_meadows 36399
tim_o'connor_(actor) 36400
tim_o'kelly 36401
tim_pope 36402
tim_quill 36403
tim_robbins 36404
tim_ross_(australian_actor) 36405
tim_roth 36406
tim_russ 36407
tim_sanders_(filmmaker) 36408
tim_skousen 36409
tim_stack 36410
tim_story 36411
tim_sullivan_(director) 36412
tim_thomerson 36413
tim_whelan 36414
tim_young_(actor) 36415
tim_zinnemann 36416
timbaland 36417
timeless_holiday_favorites 36418
timini_egbuson 36419
timo_vuorensola 36420
timothy_b._schmit 36421
timothy_bond 36422
timothy_bottoms 36423
timothy_busfield 36424
timothy_copestake 36425
timothy_dalton 36426
timothy_headington 36427
timothy_hutton 36428
timothy_l._raynor 36429
timothy_linh_bui 36430
timothy_michael_wynn 36431
timothy_olyphant 36432
timothy_simons 36433
timothy_spall 36434
timothy_treadwell 36435
timothy_v._murphy 36436
timothy_vahle 36437
timothy_wheeler 36438
timur_bekmambetov 36439
tin_pan_alley 36440
tina_aumont 36441
tina_carver 36442
tina_fey 36443
tina_lifford 36444
tina_louise 36445
tina_majorino 36446
tina_turner 36447
tina_weymouth 36448
tino_buazzelli 36449
tinto_brass 36450
tiny_sandford 36451
tionne_watkins 36452
tiphany_adams 36453
tippi_hedren 36454
tisa_farrow 36455
tish_cyrus 36456
tisha_campbell-martin 36457
tisha_sterling 36458
titanoboa:_monster_snake 36459
titanus 36460
titanus_distribuzione 36461
tito_larriva 36462
titos_vandis 36463
titus_welliver 36464
tla_releasing 36465
tlc 36466
tnt_(american_tv_network) 36467
tobe_hooper 36468
tobey_maguire 36469
tobias_truvillion 36470
tobin_armbrust 36471
tobin_bell 36472
toby_emmerich 36473
toby_jones 36474
toby_kebbell 36475
toby_keith 36476
toby_mckeehan 36477
toby_regbo 36478
toby_stephens 36479
toby_wilkins 36480
tod_andrews 36481
tod_browning 36482
tod_dockstader 36483
today's_country 36484
todd_armstrong 36485
todd_black 36486
todd_boekelheide 36487
todd_bosley 36488
todd_boyd 36489
todd_cochran 36490
todd_durham 36491
todd_field 36492
todd_garner 36493
todd_gitlin 36494
todd_graff 36495
todd_haynes 36496
todd_lieberman 36497
todd_louiso 36498
todd_lowe 36499
todd_mccormick 36500
todd_phillips 36501
todd_solondz 36502
todd_susman 36503
todd_wider 36504
toddy_walters 36505
toei_company 36506
toh_hai_leong 36507
toho 36508
tohokushinsha_film 36509
toilet_humor 36510
toinette_laquière 36511
tokio_emoto 36512
tokuma_shoten 36513
tolga_katas 36514
tom_'tiny'_lister_jr. 36515
tom_allom 36516
tom_amandes 36517
tom_arnold_(actor) 36518
tom_atkins_(actor) 36519
tom_attenborough 36520
tom_bell_(actor) 36521
tom_berenger 36522
tom_bosley 36523
tom_bower_(actor) 36524
tom_brady_(film_director) 36525
tom_brown_(actor) 36526
tom_budge 36527
tom_burke_(actor) 36528
tom_burlinson 36529
tom_cat 36530
tom_cavanagh 36531
tom_coleman_(film_producer) 36532
tom_collins_(record_producer) 36533
tom_conway 36534
tom_courtenay 36535
tom_cruise 36536
tom_cullen 36537
tom_defranco 36538
tom_desanto 36539
tom_desimone 36540
tom_dey 36541
tom_dicillo 36542
tom_drake_(actor) 36543
tom_everett_scott 36544
tom_ewell 36545
tom_felton 36546
tom_ford 36547
tom_gilroy 36548
tom_glazer 36549
tom_gleisner 36550
tom_gorai 36551
tom_graeff 36552
tom_green 36553
tom_gries 36554
tom_guiry 36555
tom_gulager 36556
tom_hanks 36557
tom_hardy 36558
tom_hatten 36559
tom_hiddleston 36560
tom_hodges_(actor) 36561
tom_holkenborg 36562
tom_holland_(filmmaker) 36563
tom_hollander 36564
tom_hooper 36565
tom_howe_(musician) 36566
tom_hughes_(actor) 36567
tom_hulce 36568
tom_jones_(singer) 36569
tom_kane 36570
tom_kane_(film_producer) 36571
tom_keene_(actor) 36572
tom_kenny 36573
tom_laughlin 36574
tom_leetch 36575
tom_lehrer 36576
tom_lester 36577
tom_ligon 36578
tom_long_(actor) 36579
tom_lowell 36580
tom_luce_(actor) 36581
tom_luse 36582
tom_mccarthy_(director) 36583
tom_mcgowan 36584
tom_mcgrath_(animator) 36585
tom_mcloughlin 36586
tom_meeten 36587
tom_murray_(actor) 36588
tom_noonan 36589
tom_ortenberg 36590
tom_owen_(actor) 36591
tom_papa 36592
tom_powers 36593
tom_ray 36594
tom_rhodes 36595
tom_richards_(actor) 36596
tom_root 36597
tom_rosenberg 36598
tom_ruegger 36599
tom_santschi 36600
tom_savini 36601
tom_schilling 36602
tom_scott_(musician) 36603
tom_selleck 36604
tom_shadyac 36605
tom_shankland 36606
tom_sito 36607
tom_six 36608
tom_sizemore 36609
tom_skerritt 36610
tom_stern_(director) 36611
tom_stevens_(actor) 36612
tom_sturridge 36613
tom_terriss 36614
tom_thayer 36615
tom_towles 36616
tom_tryon 36617
tom_tykwer 36618
tom_tyler 36619
tom_vaughan_(director) 36620
tom_verica 36621
tom_waits 36622
tom_walker_(singer) 36623
tom_waller 36624
tom_welling 36625
tom_werner 36626
tom_wilkinson 36627
tom_williamson_(actor) 36628
tom_wilson_(producer) 36629
tom_wisdom 36630
tom_wlaschiha 36631
tom_woodruff_jr. 36632
tom_wu 36633
tomandandy 36634
tomas_alfredson 36635
tomas_kofod 36636
tomas_milian 36637
tomisaburo_wakayama 36638
tomm_moore 36639
tommy_chong 36640
tommy_cook_(actor) 36641
tommy_davidson 36642
tommy_dewey 36643
tommy_dorsey 36644
tommy_hinkley 36645
tommy_kelly_(actor) 36646
tommy_kirk 36647
tommy_lee_jones 36648
tommy_lee_wallace 36649
tommy_lister,_jr. 36650
tommy_pallotta 36651
tommy_rall 36652
tommy_rettig 36653
tommy_sands_(american_singer) 36654
tommy_steele 36655
tommy_west_(producer) 36656
tommy_wiseau 36657
tomoki_hasegawa 36658
tomoya_nagase 36659
tomoyuki_tanaka 36660
tomás_gutiérrez_alea 36661
tone_poems 36662
tone_loc 36663
tone_lōc 36664
tong_dawei 36665
toni_collette 36666
toni_tones 36667
toni_trucks 36668
tonino_cervi 36669
tonino_valerii 36670
tony_adams_(producer) 36671
tony_anthony_(actor) 36672
tony_aubin 36673
tony_award_for_best_book 36674
tony_award_for_best_book_of_a_musical 36675
tony_award_for_best_musical 36676
tony_award_for_best_original_score 36677
tony_award_for_best_revival_of_a_musical 36678
tony_banks_(musician) 36679
tony_bill 36680
tony_bongiovi 36681
tony_brown_(record_producer) 36682
tony_cervone 36683
tony_cox_(actor) 36684
tony_curran 36685
tony_curtis 36686
tony_dalton 36687
tony_darrow 36688
tony_denison 36689
tony_ganios 36690
tony_garnett 36691
tony_gilroy 36692
tony_goldwyn 36693
tony_hale 36694
tony_hatch 36695
tony_haygarth 36696
tony_hoffer 36697
tony_jaa 36698
tony_jay 36699
tony_kakkar 36700
tony_kaye_(director) 36701
tony_kgoroge 36702
tony_leech 36703
tony_leung_chiu-wai 36704
tony_leung_ka-fai 36705
tony_lo_bianco 36706
tony_mark_(producer) 36707
tony_martin_(american_singer) 36708
tony_martin_(australian_actor) 36709
tony_martin_(entertainer) 36710
tony_maxwell 36711
tony_o'dell 36712
tony_okungbowa 36713
tony_oller 36714
tony_palmer 36715
tony_plana 36716
tony_randall 36717
tony_randel 36718
tony_richardson 36719
tony_roberts_(actor) 36720
tony_robinson 36721
tony_scott 36722
tony_shalhoub 36723
tony_sheridan 36724
tony_tenser 36725
tony_thomas_(producer) 36726
tony_to 36727
tony_todd 36728
tony_visconti 36729
tonya_pinkins 36730
top_sellers 36731
topher_grace 36732
topper_carew 36733
tor_johnson 36734
tori_amos 36735
tori_spelling 36736
torrey_devitto 36737
torri_higginson 36738
tortoise_(band) 36739
toru_abe 36740
toru_kawai 36741
tory_kittles 36742
tory_tunnell 36743
toshiaki_nakazawa 36744
toshiaki_nishizawa 36745
toshiaki_tsushima 36746
toshimichi_suzuki 36747
toshio_masuda_(director) 36748
toshio_suzuki_(producer) 36749
toshiro_mayuzumi 36750
toshiro_mifune 36751
toshirō_mifune 36752
toshiyuki_morikawa 36753
toshiyuki_nagashima 36754
toshiyuki_nishida 36755
totò 36756
touru_masuoka 36757
tovah_feldshuh 36758
tove_christensen 36759
tove_tellback 36760
toyin_abraham 36761
toyo_fujita 36762
trace_adkins 36763
trace_beaulieu 36764
tracee_ellis_ross 36765
tracey_cuesta 36766
tracey_edmonds 36767
tracey_moore 36768
tracey_seaward 36769
tracey_trench 36770
tracey_ullman 36771
tracey_walter 36772
traci_lords 36773
tracie_thoms 36774
tracy_arnold 36775
tracy_edmonds 36776
tracy_griffith 36777
tracy_lynn_cruz 36778
tracy_middendorf 36779
tracy_morgan 36780
tracy_reed_(american_actress) 36781
tracy_scoggins 36782
traditional_blues 36783
traditional_folk 36784
traditional_jazz_&_ragtime 36785
traditional_pop 36786
traditional_vocal_pop 36787
traditional_music 36788
traditional_pop 36789
traditional_pop_music 36790
tragedy 36791
trance_music 36792
trans_world_entertainment_(film_company) 36793
transcenders 36794
transmission_films 36795
travel 36796
travel_channel 36797
travel_documentary 36798
travis_(band) 36799
travis_barker 36800
travis_eberhard 36801
travis_fimmel 36802
travis_oates 36803
travis_turner 36804
travis_willingham 36805
treat_williams 36806
trem_carr 36807
trent_ford 36808
trent_haaga 36809
trent_o'donnell 36810
trent_reznor 36811
tress_macneille 36812
trevor_albert 36813
trevor_bannister 36814
trevor_devall 36815
trevor_donovan 36816
trevor_fehrman 36817
trevor_gagnon 36818
trevor_horn 36819
trevor_howard 36820
trevor_jackson_(performer) 36821
trevor_jones_(composer) 36822
trevor_matthews 36823
trevor_moore_(comedian) 36824
trevor_morgan_(actor) 36825
trevor_morris_(musician) 36826
trevor_nunn 36827
trevor_rabin 36828
trevor_wright 36829
trevyn_mcdowell 36830
trey_parker 36831
trey_songz 36832
trey_wilson 36833
tri-star_pictures 36834
triangle_film_corporation 36835
tribeca_film 36836
tributes 36837
tricia_helfer 36838
tricia_o'kelley 36839
tricia_vessey 36840
trifecta_entertainment_&_media 36841
trigger_(horse) 36842
trilby_glover 36843
trimark 36844
trimark_home_video 36845
trimark_pictures 36846
trip-hop 36847
trip_hop 36848
triple_h 36849
tripp_vinson 36850
tris_coffin 36851
trish_sie 36852
trish_van_devere 36853
trisha_yearwood 36854
tristan_gemmill 36855
tristan_rogers 36856
tristar_pictures 36857
tristeza_(band) 36858
tristin_norwell 36859
tristram_shapeero 36860
triumph_films 36861
triumph_releasing 36862
troian_bellisario 36863
troma_entertainment 36864
trond_fausa_aurvåg 36865
tropical_house 36866
troy_%22trombone_shorty%22_andrews 36867
troy_baker 36868
troy_donahue 36869
troy_duffy 36870
troy_evans_(actor) 36871
troy_garity 36872
trudie_styler 36873
trudy_marshall 36874
trudy_young 36875
true_crime 36876
truly_indie 36877
truman_capote 36878
tsai_chin_(actress) 36879
tsai_ming-liang 36880
tsidii_le_loka 36881
tsui_hark 36882
tsuneo_kobayashi 36883
tsuneyoshi_saito 36884
tsunku 36885
tsuru_aoki 36886
tsutomu_yamazaki 36887
tsuyoshi_ihara 36888
ttv_main_channel’s 36889
tuc_watkins 36890
tuck_tucker 36891
tucker_albrizzi 36892
tucker_max 36893
tucker_tooley 36894
tuesday_knight 36895
tuesday_weld 36896
tulio_demicheli 36897
tunde_adebimpe 36898
tuomas_holopainen 36899
tuomas_kantelinen 36900
tupac_shakur 36901
tuppence_middleton 36902
tura_satana 36903
turi_vasile 36904
turner,_tina 36905
turner_entertainment 36906
turner_pictures 36907
turntablists 36908
tuva_novotny 36909
tv 36910
tv_&_miniseries 36911
tv_news_programming 36912
tv_series 36913
tv4_(poland) 36914
tv6_(poland) 36915
tv_puls 36916
tva_films 36917
tvtv_(video_collective) 36918
twain,_shania 36919
twentieth_century-fox 36920
twentieth_century-fox_film_corporation 36921
twentieth_century_fox 36922
twentieth_century_fox_film_corporation 36923
twiggy 36924
twilight_zone_dvds 36925
twink_caplan 36926
two-disc_special_editions 36927
ty_burrell 36928
ty_hardin 36929
ty_olsson 36930
ty_simpkins 36931
tye_sheridan 36932
tyga 36933
tygh_runyan 36934
tyler_bates 36935
tyler_blackburn 36936
tyler_burrows 36937
tyler_hoechlin 36938
tyler_james_williams 36939
tyler_mane 36940
tyler_perry 36941
tyra_banks 36942
tyrese_gibson 36943
tyrin_turner 36944
tyrone_benskin 36945
tyrone_giordano 36946
tyrone_power 36947
tyson_ritter 36948
téa_leoni 36949
tōru_emori 36950
tōru_furuya 36951
tōru_minegishi_(actor) 36952
u2 36953
ua_communications_co. 36954
ua_distribution_co. 36955
ua_entertainment_co. 36956
ua_entertainment_company 36957
uav_entertainment 36958
ubaldo_maria_del_colle 36959
udo_kier 36960
ufa_gmbh 36961
ugc_(cinema_operator) 36962
ugc_fox_distribution 36963
ugo_tognazzi 36964
uk_bass 36965
uk_garage 36966
ulf_brunnberg 36967
uli_edel 36968
ulla_jacobsson 36969
ulli_lommel 36970
ulrich_seidl 36971
ulrich_thein 36972
ulrich_tukur 36973
ultimate_collector's_editions 36974
ultimate_editions 36975
ulu_grosbard 36976
uma_thurman 36977
umberto_barbaro 36978
umin_boya 36979
umut_i̇lker 36980
una_merkel 36981
unblack_metal 36982
united_kingdom 36983
united_artists 36984
united_artists_classics 36985
united_artists_television 36986
united_international_pictures 36987
unitel_pictures 36988
universal_studios_home_entertainment 36989
universal-international 36990
universal-international_pictures 36991
universal_film_manufacturing_company 36992
universal_international_pictures 36993
universal_pictures 36994
universal_pictures_home_entertainment 36995
universal_studios 36996
universal_studios_home_entertainment 36997
universal_studios_home_video 36998
universal_television 36999
universum_film 37000
universum_film_ag 37001
unshō_ishizuka 37002
urban_&_contemporary 37003
urban_folk 37004
uri_fruchtmann 37005
uri_klauzner 37006
uri_singer 37007
urs_jucker 37008
ursula_andress 37009
ursula_strauss 37010
us 37011
usa_films 37012
usain_bolt 37013
uschi_digard 37014
usher_(entertainer) 37015
usher_(musician) 37016
usher_(singer) 37017
usmar_ismail 37018
utv_motion_pictures 37019
uwe_boll 37020
uwe_spiller 37021
uzo_aduba 37022
vadim_jean 37023
vadim_perelman 37024
val_bettin 37025
val_doonican 37026
val_guest 37027
val_kilmer 37028
val_lewton 37029
val_paul 37030
valarie_pettiford 37031
valentina_carnelutti 37032
valentina_cervi 37033
valentina_cortese 37034
valentina_de_angelis 37035
valentina_monetta 37036
valentina_vargas 37037
valentino_(fashion_designer) 37038
valentyn_sylvestrov 37039
valeri_milev 37040
valeria_bruni-tedeschi 37041
valeria_cavalli 37042
valeria_de_franciscis 37043
valeria_golino 37044
valerie_bertinelli 37045
valerie_boyle 37046
valerie_buhagiar 37047
valerie_french_(actress) 37048
valerie_harper 37049
valerie_hobson 37050
valerie_murphy 37051
valerie_perrine 37052
valerie_quennessen 37053
valerio_mastandrea 37054
valerio_veneras 37055
valerio_zurlini 37056
valérie_bonneton 37057
valérie_lagrange 37058
vampire_hunter_d_(novel) 37059
van_alexander 37060
van_cleave 37061
van_dyke_parks 37062
van_fischer 37063
van_heflin 37064
van_johnson 37065
vandana_shiva 37066
vanessa_bauche 37067
vanessa_bell_calloway 37068
vanessa_estelle_williams 37069
vanessa_ferlito 37070
vanessa_greene 37071
vanessa_hudgens 37072
vanessa_marcil 37073
vanessa_minnillo 37074
vanessa_morgan 37075
vanessa_paradis 37076
vanessa_redgrave 37077
vanessa_williams 37078
vangelis 37079
variance_films 37080
variations 37081
variety_distribution 37082
variety_show 37083
varun_dhawan 37084
vasili_karlovsky 37085
vasili_merkuryev 37086
vaughan,_stevie_ray 37087
veerle_baetens 37088
venus_terzo 37089
venus_xtravaganza 37090
vera-ellen 37091
vera_day 37092
vera_farmiga 37093
vera_fischer_(actress) 37094
vera_glagoleva 37095
vera_gordon 37096
vera_lewis 37097
vera_miles 37098
vera_ralston 37099
vera_zorina 37100
verity_lambert 37101
verna_bloom 37102
verna_felton 37103
verne_troyer 37104
vernon_dent 37105
veronica_carlson 37106
veronica_cartwright 37107
veronica_ferres 37108
veronica_lake 37109
veronica_lazar 37110
veronika_franz_and_severin_fiala 37111
veronika_leclerc_strickland 37112
verree_teasdale 37113
vertex_production 37114
vertical_entertainment 37115
vertigo_films 37116
vestron_pictures 37117
vhx 37118
viacomcbs 37119
viacomcbs_domestic_media_networks 37120
viann_zhang 37121
vibeke_windeløv 37122
vic_damone 37123
vic_dunlop 37124
vic_gordon 37125
vic_mizzy 37126
vic_morrow 37127
vice_media 37128
vicki_pepperdine 37129
vicki_trickett 37130
vicky_mcclure 37131
victoire_thivisol 37132
victor_argo 37133
victor_banerjee 37134
victor_borge 37135
victor_cook 37136
victor_drai 37137
victor_fleming 37138
victor_freilich 37139
victor_french 37140
victor_garber 37141
victor_halperin 37142
victor_herbert 37143
victor_janson 37144
victor_jory 37145
victor_lundin 37146
victor_mature 37147
victor_mclaglen 37148
victor_millan 37149
victor_moore 37150
victor_pahlen 37151
victor_rasuk 37152
victor_rebengiuc 37153
victor_salva 37154
victor_saville 37155
victor_sjöström 37156
victor_webster 37157
victor_young 37158
victoria_abril 37159
victoria_alonso 37160
victoria_beckham 37161
victoria_clamp 37162
victoria_dillard 37163
victoria_hill 37164
victoria_jackson 37165
victoria_justice 37166
victoria_longley_(australian_actress) 37167
victoria_rowell 37168
victoria_shaw_(actress) 37169
victoria_tennant 37170
victoria_thaine 37171
victoria_wood 37172
victory_pictures_corporation 37173
vida_spears 37174
vidatron_entertainment_group 37175
videoville_showtime 37176
vides_cinematografica 37177
vidhu_vinod_chopra 37178
viggo_mortensen 37179
viju_shah 37180
vik_muniz 37181
vik_sahay 37182
vikram_bhatt 37183
vikrant_massey 37184
viktor_ilichyov 37185
viktor_lebedev 37186
village_roadshow 37187
vimukthi_jayasundara 37188
vin_diesel 37189
vinay_pathak 37190
vinayan 37191
vince_colosimo 37192
vince_mcmahon 37193
vince_murdocco 37194
vince_vaughn 37195
vincent_beck 37196
vincent_caso 37197
vincent_cassel 37198
vincent_d'onofrio 37199
vincent_gallo 37200
vincent_j._donehue 37201
vincent_kartheiser 37202
vincent_landay 37203
vincent_laresca 37204
vincent_m._fennelly 37205
vincent_martella 37206
vincent_mceveety 37207
vincent_newman 37208
vincent_pastore 37209
vincent_perez 37210
vincent_price 37211
vincent_pérez 37212
vincent_regan 37213
vincent_rottiers 37214
vincent_schiavelli 37215
vincent_sherman 37216
vincent_spano 37217
vincent_tong_(actor) 37218
vincent_van_patten 37219
vincent_ventresca 37220
vincent_waller 37221
vincent_ward_(director) 37222
vincent_winter 37223
vincent_zhao 37224
vincente_minnelli 37225
vincenzo_natali 37226
vineeta_rishi 37227
vinessa_shaw 37228
ving_rhames 37229
vinnie_burns 37230
vinnie_jones 37231
vinny_appice 37232
viola_allen 37233
viola_dana 37234
viola_davis 37235
violante_placido 37236
violeta_davydovskaya 37237
vir_das 37238
virgil_w._vogel 37239
virginia_bruce 37240
virginia_field 37241
virginia_fox 37242
virginia_gregg 37243
virginia_grey 37244
virginia_hey 37245
virginia_leith 37246
virginia_madsen 37247
virginia_mayo 37248
virginia_mckenna 37249
virginia_serret 37250
virginia_valli 37251
virginia_van_upp 37252
virginia_vincent 37253
virginia_weidler 37254
virginia_williams 37255
virginie_despentes 37256
virginie_ledoyen 37257
virginie_silla 37258
virna_lisi 37259
vishal–shekhar 37260
vision_tv 37261
vista_series 37262
vitagraph_company_of_america 37263
vitali_solomin 37264
vittorio_de_sica 37265
vittorio_gassman 37266
viva_(actress) 37267
viveca_lindfors 37268
vivendi_entertainment 37269
vivian_blaine 37270
vivian_campbell 37271
vivian_hsu 37272
vivian_vance 37273
vivian_velez 37274
vivian_wu 37275
vivica_a._fox 37276
vivica_fox 37277
vivien_leigh 37278
vivienne_osborne 37279
vlad_ivanov 37280
vladimir_basov 37281
vladimir_bortko 37282
vladimir_dashkevich 37283
vladimir_ilyin_(actor) 37284
vladimir_ivashov 37285
vladimir_khotinenko 37286
vladimir_mashkov 37287
vladimir_putin 37288
vladimir_sokoloff 37289
vladimir_yeryomin_(actor) 37290
vladimír_řepa 37291
vlado_jovanovski 37292
vocal 37293
vocal_blues 37294
vocal_jazz 37295
vocal_non-opera 37296
vocal_pop 37297
vocal_jazz 37298
vocal_music 37299
volcano_records 37300
volker_bruch 37301
volker_schlöndorff 37302
voltage_pictures 37303
vondie_curtis-hall 37304
vonetta_mcgee 37305
vusi_mahlasela 37306
vy_higginsen 37307
vyacheslav_ovchinnikov 37308
vyto_ruginis 37309
víctor_erice 37310
víctor_garcia_(spanish_director) 37311
víctor_israel 37312
w._c._fields 37313
w._d._richter 37314
w._g._snuffy_walden 37315
w._k._border 37316
w._k._stratton_(actor) 37317
w._s._van_dyke 37318
w._w._hodkinson_corporation 37319
w.s._gilbert 37320
w.s._van_dyke 37321
w_(group) 37322
waad_mohammed 37323
wacław_kiełtyka 37324
waddy_wachtel 37325
wade_boggs 37326
wade_boteler 37327
wade_preston 37328
wade_williams 37329
wagner_moura 37330
waise_lee 37331
waldemar_bergendahl 37332
waldemar_januzczak 37333
waldemar_torenstra 37334
wale_(rapper) 37335
wall-e 37336
wallace_beery 37337
wallace_ford 37338
wallace_fox 37339
wallace_macdonald 37340
wallace_shawn 37341
wallace_wolodarsky 37342
wallace_worsley 37343
wallas_eaton 37344
wally_badarou 37345
wally_cox 37346
wally_pfister 37347
wally_wales 37348
walt_disney_studios_home_entertainment 37349
walt_becker 37350
walt_disney 37351
walt_disney_home_entertainment 37352
walt_disney_home_video 37353
walt_disney_studios_home_entertainment 37354
walt_disney_studios_motion_pictures 37355
walter_baumgartner 37356
walter_bernstein 37357
walter_brennan 37358
walter_brooke 37359
walter_c._mycroft 37360
walter_catlett 37361
walter_chiari 37362
walter_connolly 37363
walter_donaldson 37364
walter_f._parkes 37365
walter_forde 37366
walter_grauman 37367
walter_greene 37368
walter_hamada 37369
walter_hill 37370
walter_hill_(director) 37371
walter_hugo_khouri 37372
walter_huston 37373
walter_jurmann 37374
walter_koenig 37375
walter_ladengast 37376
walter_lang 37377
walter_lantz 37378
walter_latham 37379
walter_matthau 37380
walter_mirisch 37381
walter_morosco 37382
walter_murphy 37383
walter_parkes 37384
walter_pidgeon 37385
walter_reade 37386
walter_reed_(actor) 37387
walter_richter 37388
walter_sande 37389
walter_scharf 37390
walter_scheuer 37391
walter_seltzer 37392
walter_shenson 37393
walter_slezak 37394
walter_summers 37395
walter_wanger 37396
walton_goggins 37397
waltzes 37398
wanda_de_jesus 37399
wanda_media 37400
wanda_sykes 37401
wang_chieh 37402
wang_leehom 37403
wang_lei_(entertainer) 37404
wang_lung-wei 37405
wang_lung_wei 37406
wang_qianyuan 37407
wangari_maathai 37408
wanuri_kahiu 37409
war 37410
war_film 37411
ward_bond 37412
ward_swingle 37413
wardour_films 37414
waris_ahluwalia 37415
warner_home_video 37416
warner_video_bargains 37417
warner-pathé 37418
warner-pathé_distributors 37419
warner_anderson 37420
warner_baxter 37421
warner_bros 37422
warner_bros. 37423
warner_bros.-seven_arts 37424
warner_bros._domestic_television_distribution 37425
warner_bros._home_entertainment 37426
warner_bros._pictures 37427
warner_bros._pictures,_inc. 37428
warner_bros._pictures_inc. 37429
warner_bros._pictures_japan 37430
warner_bros._television 37431
warner_bros._television_distribution 37432
warner_bros._television_studios 37433
warner_bros_television 37434
warner_brothers 37435
warner_home_video 37436
warner_independent_pictures 37437
warner_oland 37438
warner_premiere 37439
warner_sogefilms 37440
warren_beatty 37441
warren_christie 37442
warren_duff 37443
warren_ellis_(musician) 37444
warren_oates 37445
warren_p._sonoda 37446
warren_william 37447
warwick_davis 37448
warwick_ward 37449
wataru_takagi 37450
watkin_tudor_jones 37451
waylon_jennings 37452
wayne_blair_(director) 37453
wayne_brady 37454
wayne_crawford 37455
wayne_grayson 37456
wayne_knight 37457
wayne_kramer_(filmmaker) 37458
wayne_morris 37459
wayne_morris_(american_actor) 37460
wayne_newton 37461
wayne_pygram 37462
wayne_robson 37463
wayne_wang 37464
webster_campbell 37465
wei_pei 37466
wei_te-sheng 37467
weird_al 37468
wen_zhang 37469
wendee_lee 37470
wendell_burton 37471
wendell_corey 37472
wendell_pierce 37473
wendi_mclendon-covey 37474
wendi_murdoch 37475
wendie_jo_sperber 37476
wendy_&_lisa 37477
wendy_barrie 37478
wendy_carlos 37479
wendy_crewson 37480
wendy_finerman 37481
wendy_hiller 37482
wendy_hughes 37483
wendy_kaplan 37484
wendy_lyon 37485
wendy_makkena 37486
wendy_melvoin 37487
wendy_raquel_robinson 37488
wendy_robie 37489
wendy_schaal 37490
wendy_thorlakson 37491
wentworth_miller 37492
wenwen_han 37493
wenxia_yu 37494
werner_herzog 37495
werner_herzog_filmproduktion 37496
werner_r._heymann 37497
wes_anderson 37498
wes_bentley 37499
wes_chatham 37500
wes_craven 37501
wes_studi 37502
wesley_jonathan 37503
wesley_lau 37504
wesley_ruggles 37505
wesley_snipes 37506
west_dylan_thordson 37507
west_memphis_three 37508
western_swing 37509
western_(genre) 37510
western_music_(north_america) 37511
westerns 37512
westinghouse_broadcasting 37513
weston_adams_(diplomat) 37514
wgbh-tv 37515
whit_bissell 37516
whit_stillman 37517
white_feather_films 37518
whitewater_films 37519
whitney_houston 37520
whoopi_goldberg 37521
wide-eyed_entertainment 37522
widescreen 37523
widgey_r._newman 37524
wiktor_grodecki 37525
wil_wheaton 37526
wilbur_sampson_(composer) 37527
wild_bunch_(company) 37528
wiley_wiggins 37529
wilford_brimley 37530
wilfred_jackson 37531
wilfrid_hyde-white 37532
wilfrid_lawson_(actor) 37533
will_arnett 37534
will_battersby 37535
will_becher 37536
will_chase 37537
will_ferrell 37538
will_forte 37539
will_friedle 37540
will_geer 37541
will_graham_(producer) 37542
will_gregory 37543
will_hutchins 37544
will_kemp_(actor) 37545
will_kindrick 37546
will_kirby 37547
will_kuluva 37548
will_mccormack 37549
will_merrick 37550
will_oldham 37551
will_packer 37552
will_patton 37553
will_payne_(actor) 37554
will_peltz 37555
will_reid_dick 37556
will_rogers 37557
will_schaefer 37558
will_smith 37559
will_vinton 37560
willard_carroll 37561
willard_huyck 37562
willeke_van_ammelrooy 37563
willem_breuker 37564
willem_dafoe 37565
willi_ninja 37566
william_a._bacher 37567
william_a._fraker 37568
william_a._graham_(director) 37569
william_a._seiter 37570
william_a._wellman 37571
william_alland 37572
william_alwyn 37573
william_asher 37574
william_atherton 37575
william_axt 37576
william_b._davis 37577
william_baldwin 37578
william_beaudine 37579
william_bendix 37580
william_benedict 37581
william_blake_herron 37582
william_brent_bell 37583
william_bryant_(actor) 37584
william_bryant_logan 37585
william_c._thomas 37586
william_cameron_menzies 37587
william_campbell_(film_actor) 37588
william_castle 37589
william_clifford_(actor) 37590
william_conrad 37591
william_crain_(filmmaker) 37592
william_d._wittliff 37593
william_daniels 37594
william_dear 37595
william_demarest 37596
william_dennis_hunt 37597
william_desmond_taylor 37598
william_devane 37599
william_dozier 37600
william_e._mceuen 37601
william_elliott_(actor,_born_1934) 37602
william_eythe 37603
william_f._broidy 37604
william_f._claxton 37605
william_farnum 37606
william_fawcett_(actor) 37607
william_feng 37608
william_fichtner 37609
william_forsythe_(actor) 37610
william_fox_(producer) 37611
william_franklyn 37612
william_frawley 37613
william_freshman 37614
william_friedkin 37615
william_gargan 37616
william_gaxton 37617
william_girdler 37618
william_goetz 37619
william_graham_(director) 37620
william_grant_still 37621
william_h._macy 37622
william_h._marshall 37623
william_h._pine 37624
william_haines 37625
william_hale_(director) 37626
william_hanna 37627
william_harrigan 37628
william_hartnell 37629
william_hawks 37630
william_heise 37631
william_holden 37632
william_hopper 37633
william_horberg 37634
william_hurt 37635
william_hutt_(actor) 37636
william_jacobs_(producer) 37637
william_k.l._dickson 37638
william_katt 37639
william_keighley 37640
william_kernell 37641
william_kerwin 37642
william_kong 37643
william_l._petersen 37644
william_lanteau 37645
william_lava 37646
william_lebaron 37647
william_lundigan 37648
william_mapother 37649
william_marshall_(actor) 37650
william_marshall_(bandleader) 37651
william_mcgann 37652
william_mcnamara 37653
william_moseley_(actor) 37654
william_n._panzer 37655
william_nicholas_selig 37656
william_nicholson_(writer) 37657
william_nigh 37658
william_olvis 37659
william_packer_(director) 37660
william_packer_(producer) 37661
william_perlberg 37662
william_peter_blatty 37663
william_petersen 37664
william_phillips_(director) 37665
william_powell 37666
william_prince_(actor) 37667
william_r._moses 37668
william_randolph_hearst 37669
william_reid_(musician) 37670
william_reynolds_(actor) 37671
william_ross_(composer) 37672
william_sachs 37673
william_sadler_(actor) 37674
william_schallert 37675
william_shatner 37676
william_shimell 37677
william_shippey 37678
william_smith_(actor) 37679
william_squire 37680
william_stenberg 37681
william_sylvester 37682
william_t._carleton 37683
william_t._lackey 37684
william_t._orr 37685
william_talman_(actor) 37686
william_teitler 37687
william_trytel 37688
william_v._mong 37689
william_vince 37690
william_wiard 37691
william_windom_(actor) 37692
william_witney 37693
william_wyler 37694
william_zabka 37695
williams_street 37696
willie_chan 37697
willie_dixon 37698
willie_hutch 37699
willie_lamothe 37700
willie_nelson 37701
willie_taylor 37702
willis_bouchey 37703
willis_burks_ii 37704
willis_goldbeck 37705
willow_johnson 37706
willy_fritsch 37707
willy_schmidt-gentner 37708
wilmer_valderrama 37709
wilson_bethel 37710
wilson_cruz 37711
wilson_yip 37712
wim_mertens 37713
wim_wenders 37714
win's_entertainment 37715
winchester_films 37716
wings_hauser 37717
wink_(duo) 37718
winkler_pictures 37719
winnie_markus 37720
winona_ryder 37721
winston_chao 37722
winston_duke 37723
winston_hibler 37724
witch_house_(music_genre) 37725
wojciech_kilar 37726
wolf_c._hartwig 37727
wolfe_releasing 37728
wolfe_video 37729
wolfgang_amadeus_mozart 37730
wolfgang_becker_(director,_born_1954) 37731
wolfgang_liebeneiner 37732
wolfgang_petersen 37733
wolfgang_reitherman 37734
wolfgang_zeller 37735
wolfman_jack 37736
wonderworks 37737
wong_jing 37738
wong_kar-wai 37739
wood_harris 37740
woodrow_parfrey 37741
woody_allen 37742
woody_harrelson 37743
woody_strode 37744
wookie_(musician) 37745
woolf_&_freedman_film_service 37746
world_dance 37747
world_music 37748
world_film_company 37749
worldvision_enterprises 37750
wu_chun 37751
wu_haochen 37752
wu_jing_(actor) 37753
wu_nien-jen 37754
wu_xiubo 37755
wuershan 37756
wwe_studios 37757
www.heyabigail.com 37758
wyatt_oleff 37759
wych_kaosayananda 37760
wyck_godfrey 37761
wyclef_jean 37762
wynonna_judd 37763
x-men 37764
xander_berkeley 37765
xavier_cugat 37766
xavier_gens 37767
xavier_samuel 37768
xenia_seeberg 37769
xing_yu 37770
xiu_jian 37771
xlrator_media 37772
xu_fan 37773
xu_jiao 37774
xu_jinglei 37775
xue_xiaolu 37776
xuxa 37777
xzibit 37778
y.k._kim 37779
yaakov_peri 37780
yacht_rock 37781
yael_abecassis 37782
yael_hersonski 37783
yagi_film_limited 37784
yagi_keiko 37785
yancy_butler 37786
yang_kuei-mei 37787
yang_mi 37788
yang_zishan 37789
yanic_truesdale 37790
yanin_vismitananda 37791
yanko_damboulev 37792
yann_peifer 37793
yann_tiersen 37794
yanti_somer 37795
yao_chen 37796
yaphet_kotto 37797
yareli_arizmendi 37798
yari_film_group 37799
yaron_zilberman 37800
yash_chopra 37801
yash_raj_films 37802
yasha_bunchuk 37803
yasmin_paige 37804
yasmine_bleeth 37805
yasuaki_kurata 37806
yasuaki_nakajima 37807
yasuharu_takanashi 37808
yasuhiro_kasamatsu 37809
yasujirō_ozu 37810
yasuko_matsuyuki 37811
yasuko_sawaguchi 37812
yasuo_furuhata 37813
yasuo_yamada 37814
yasushi_akimoto 37815
yasushi_akutagawa 37816
yavar_abbas 37817
yayan_ruhian 37818
yaël_abecassis 37819
ye_qing 37820
yeh_tien-lun 37821
yekaterina_samutsevich 37822
yelena_alexandrovna_kuzmina 37823
yelena_ibragimova-dobrzhanskaya 37824
yelena_lanskaya 37825
yello 37826
yellowcard 37827
yeo_yann_yann 37828
yes 37829
yes_(band) 37830
yg_(rapper) 37831
yiftach_klein 37832
yigal_naor 37833
yim_pil-sung 37834
yip_harburg 37835
yo_la_tengo 37836
yoga 37837
yogi_babu 37838
yoichi_matsue 37839
yoji_yamada 37840
yoko_narahashi 37841
yoko_ono 37842
yoko_tani 37843
yoko_ueno 37844
yola_d'avril 37845
yolanda_king 37846
yolandi_visser 37847
yolonda_ross 37848
yonrico_scott 37849
yoo_ji-tae 37850
yoo_sung-jun 37851
yoo_yeon-seok 37852
yoon_so-yi 37853
yoram_globus 37854
yoram_gross 37855
yoram_hattab 37856
yorgos_lanthimos 37857
yori_bertin 37858
yorick_van_wageningen 37859
yoshi_katō 37860
yoshiaki_hanayagi 37861
yoshiaki_hosono 37862
yoshiaki_kawajiri 37863
yoshiaki_nishimura 37864
yoshifumi_kondō 37865
yoshihiro_ike 37866
yoshihiro_nishimura 37867
yoshihisa_tachikawa 37868
yoshiko_kuga 37869
yoshiko_tanaka 37870
yoshimitsu_banno 37871
yoshio_tsuchiya 37872
yoshiyoshi_arakawa 37873
yoshiyuki_yoshimura 37874
youki_kudoh 37875
young,_neil 37876
yu_min_sheong 37877
yu_nan 37878
yu_rongguang 37879
yuan_wenkang 37880
yuen_biao 37881
yuen_qiu 37882
yuen_wah 37883
yuen_woo-ping 37884
yugo_kanno 37885
yui_natsukawa 37886
yuichiro_saito 37887
yuina_kuroshima 37888
yuji_nomi 37889
yuji_ohno 37890
yuji_okumoto 37891
yuka_(singer) 37892
yuka_iguchi 37893
yuki_shimoda 37894
yukie_kawamura 37895
yukie_nakama 37896
yukie_nishimura 37897
yukiko_kobayashi 37898
yukiko_yanagawa 37899
yukiyoshi_ozawa 37900
yuko_kobayashi 37901
yuko_mizutani 37902
yuko_takeuchi 37903
yul_anderson 37904
yul_brynner 37905
yuliya_peresild 37906
yuma_ishigaki 37907
yumeji_tsukioka 37908
yumi_shirakawa 37909
yumi_takada 37910
yurek_bogayevicz 37911
yuri_alexandrovich_kuznetsov 37912
yuri_amano 37913
yuri_chinen 37914
yuri_lowenthal 37915
yuriko_hishimi 37916
yuriy_feting 37917
yury_kuznetsov_(actor) 37918
yussuf_abu-warda 37919
yuval_diskin 37920
yvan_attal 37921
yves_darondeau 37922
yves_flores 37923
yves_laferrière 37924
yves_montand 37925
yves_pasquier 37926
yves_simoneau 37927
yvette_mimieux 37928
yvonne_chouteau 37929
yvonne_craig 37930
yvonne_de_carlo 37931
yvonne_furneaux 37932
yvonne_monlaur 37933
yvonne_sciò 37934
yvonne_strahovski 37935
yō_taichi 37936
yōji_ueda 37937
yōji_yamada 37938
yōjirō_takita 37939
yōko_fujiyama 37940
yōko_honna 37941
yōko_katsuragi 37942
yū_aoi 37943
yū_fujiki 37944
yūji_kishi 37945
yūji_koseki 37946
yūki_kaji 37947
yūko_tanaka 37948
yūzō_kayama 37949
zac_efron 37950
zac_posen 37951
zacarías_gómez_urquiza 37952
zach_braff 37953
zach_cregger 37954
zach_galifianakis 37955
zach_gilford 37956
zach_lipovsky 37957
zach_woods 37958
zacharias_kunuk 37959
zachary_bennett 37960
zachary_gordon 37961
zachary_levi 37962
zachary_matz 37963
zachary_quinto 37964
zachary_scott 37965
zachary_soetenga 37966
zack_snyder 37967
zackary_arthur 37968
zafer_tawil 37969
zaheeda 37970
zahra_bahrami_(actress) 37971
zak_orth 37972
zak_penn 37973
zak_santiago 37974
zakes_mokae 37975
zakir_hussain_(actor) 37976
zakk_wylde 37977
zal_batmanglij 37978
zalman_king 37979
zan_fujita 37980
zana_briski 37981
zana_marjanović 37982
zane_buzby 37983
zane_w._levitt 37984
zane_weiner 37985
zara_cully 37986
zawe_ashton 37987
zbigniew_preisner 37988
zbigniew_zamachowski 37989
zeb_wells 37990
zee5 37991
zeishan_quadri 37992
zeitgeist_films 37993
zelda_harris 37994
zelda_rubinstein 37995
zelda_williams 37996
zeljko_marasovich 37997
zena_keefe 37998
zena_walker 37999
zentropa 38000
zeppo_marx 38001
zero_mostel 38002
zev_braun 38003
zhang_fengyi 38004
zhang_guoli 38005
zhang_hanyu 38006
zhang_jiayi 38007
zhang_jin_(actor) 38008
zhang_li_(director) 38009
zhang_weiping 38010
zhang_yimou 38011
zhang_yuqi 38012
zhang_ziyi 38013
zhanna_prokhorenko 38014
zhao_jiping 38015
zhao_wei 38016
zhou_xun 38017
ziggy_marley 38018
zinaida_bokareva 38019
zinedine_soualem 38020
zita_johann 38021
ziv_television_programs 38022
zizi_jeanmaire 38023
zlatko_buric 38024
zlatko_burić 38025
zoe_lister-jones 38026
zoe_mclellan 38027
zoe_rae 38028
zoe_saldaña 38029
zoe_weizenbaum 38030
zohar_strauss 38031
zoltan_korda 38032
zoltán_korda 38033
zoltán_mucsi 38034
zomba_group_of_companies 38035
zooey_deschanel 38036
zosia_mamet 38037
zoya_akhtar 38038
zoë_kravitz 38039
zoë_tapper 38040
zoë_wanamaker 38041
zsa_zsa_gabor 38042
zulay_henao 38043
zuleikha_robinson 38044
zvezda_angelovska 38045
zygmunt_malanowicz 38046
àstrid_bergès-frisbey 38047
ági_mészáros 38048
ágnes_hranitzky 38049
álex_de_la_iglesia 38050
álvaro_guerrero 38051
álvaro_longoria 38052
ángel_aranda 38053
ángel_esquivel 38054
áron_dimény 38055
åke_fridell 38056
édgar_ramírez 38057
édouard_mathé 38058
élodie_yung 38059
émile_gaudreault 38060
émilien_néron 38061
éric-emmanuel_schmitt 38062
éric_serra 38063
érica_rivas 38064
étienne_périer_(director) 38065
éva_darlan 38066
ólafur_arnalds 38067
ömer_can 38068
ömer_kavur 38069
đơn_dương_(actor) 38070
ēriks_ešenvalds 38071
şenay_gürler 38072
željko_ivanek 38073
