org_id remap_id freebase_id
0005019281 0 0005019281
0005114349 1 0005114349
0005119367 2 0005119367
0006486576 3 0006486576
0307142493 4 0307142493
0375810331 5 0375810331
0615115187 6 0615115187
0764003828 7 0764003828
0764004581 8 0764004581
0764005529 9 0764005529
0767001311 10 0767001311
076700941X 11 076700941X
0767015525 12 0767015525
0767018699 13 0767018699
0767020294 14 0767020294
0767023765 15 0767023765
0767087372 16 0767087372
0767088247 17 0767088247
0767726227 18 0767726227
076780192X 19 076780192X
0767802799 20 0767802799
0767803434 21 0767803434
0767804325 22 0767804325
0767805534 23 0767805534
0767805712 24 0767805712
0767808673 25 0767808673
0767809254 26 0767809254
0767809726 27 0767809726
0767811089 28 0767811089
0767811704 29 0767811704
0767815335 30 0767815335
0767815963 31 0767815963
0767817486 32 0767817486
0767817648 33 0767817648
0767817664 34 0767817664
0767817737 35 0767817737
0767818105 36 0767818105
0767819454 37 0767819454
0767819462 38 0767819462
0767819519 39 0767819519
0767821408 40 0767821408
0767821610 41 0767821610
0767821807 42 0767821807
0767824555 43 0767824555
0767824571 44 0767824571
0767826728 45 0767826728
0767827686 46 0767827686
0767827759 47 0767827759
0767830555 48 0767830555
0767834739 49 0767834739
0767835069 50 0767835069
0767836359 51 0767836359
0767837398 52 0767837398
0767839129 53 0767839129
0767839277 54 0767839277
0767853636 55 0767853636
0767882938 56 0767882938
0769720307 57 0769720307
0780020715 58 0780020715
0780021045 59 0780021045
0780021088 60 0780021088
0780021932 61 0780021932
0780022319 62 0780022319
0780022386 63 0780022386
078060718X 64 078060718X
0780615573 65 0780615573
0780620372 66 0780620372
0780620496 67 0780620496
0780621638 68 0780621638
0780621832 69 0780621832
0780621956 70 0780621956
0780622383 71 0780622383
0780622537 72 0780622537
0780622677 73 0780622677
0780623614 74 0780623614
078062582X 75 078062582X
0780626613 76 0780626613
0780626699 77 0780626699
0780626702 78 0780626702
0780627822 79 0780627822
0780630866 80 0780630866
0780630874 81 0780630874
0780635299 82 0780635299
078065062X 83 078065062X
0780662504 84 0780662504
0782006752 85 0782006752
0782008372 86 0782008372
0782010040 87 0782010040
078201061X 88 078201061X
0782010792 89 0782010792
0783110901 90 0783110901
0783111509 91 0783111509
0783112750 92 0783112750
0783114222 93 0783114222
0783114729 94 0783114729
0783114907 95 0783114907
0783115539 96 0783115539
0783116926 97 0783116926
0783117159 98 0783117159
0783209967 99 0783209967
0783211201 100 0783211201
0783211694 101 0783211694
0783217048 102 0783217048
0783218923 103 0783218923
0783222726 104 0783222726
078322561X 105 078322561X
0783225857 106 0783225857
0783225911 107 0783225911
0783226535 108 0783226535
0783226608 109 0783226608
0783226799 110 0783226799
0783226853 111 0783226853
078322687X 112 078322687X
0783226896 113 0783226896
0783226985 114 0783226985
0783226993 115 0783226993
0783227272 116 0783227272
0783227361 117 0783227361
078322740X 118 078322740X
0783227892 119 0783227892
0783227922 120 0783227922
0783227930 121 0783227930
0783228252 122 0783228252
0783228341 123 0783228341
0783228686 124 0783228686
0783229399 125 0783229399
078322947X 126 078322947X
0783229569 127 0783229569
0783229747 128 0783229747
078322995X 129 078322995X
0783230346 130 0783230346
0783230427 131 0783230427
0783230486 132 0783230486
0783231032 133 0783231032
0783234287 134 0783234287
0783235380 135 0783235380
0783235410 136 0783235410
0783235615 137 0783235615
0783235674 138 0783235674
0783239408 139 0783239408
0783239955 140 0783239955
0783240066 141 0783240066
0783240473 142 0783240473
0783241313 143 0783241313
0783241569 144 0783241569
0783243499 145 0783243499
0783245130 146 0783245130
078400949X 147 078400949X
0784010331 148 0784010331
0784011370 149 0784011370
0784011532 150 0784011532
0784011648 151 0784011648
0784011680 152 0784011680
0784013470 153 0784013470
0788600931 154 0788600931
0788606344 155 0788606344
0788802194 156 0788802194
0788810634 157 0788810634
0788812467 158 0788812467
0788814664 159 0788814664
0788815474 160 0788815474
0788821075 161 0788821075
0788832182 162 0788832182
0788832492 163 0788832492
078885383X 164 078885383X
0788857746 165 0788857746
078885996X 166 078885996X
0788860119 167 0788860119
0788861956 168 0788861956
078887148X 169 078887148X
0788872796 170 0788872796
0790724960 171 0790724960
0790725657 172 0790725657
0790729342 173 0790729342
0790729377 174 0790729377
079072961X 175 079072961X
0790729628 176 0790729628
0790729644 177 0790729644
0790729687 178 0790729687
0790729709 179 0790729709
0790729733 180 0790729733
0790729989 181 0790729989
0790731215 182 0790731215
079073124X 183 079073124X
0790731266 184 0790731266
0790731517 185 0790731517
0790731614 186 0790731614
0790731797 187 0790731797
0790732149 188 0790732149
0790732181 189 0790732181
0790732300 190 0790732300
0790732521 191 0790732521
0790732548 192 0790732548
0790733226 193 0790733226
0790733919 194 0790733919
0790733927 195 0790733927
0790734419 196 0790734419
079073463X 197 079073463X
0790734966 198 0790734966
0790736063 199 0790736063
079073608X 200 079073608X
0790736527 201 0790736527
0790737647 202 0790737647
0790737744 203 0790737744
0790737868 204 0790737868
0790739313 205 0790739313
0790740281 206 0790740281
0790740443 207 0790740443
0790740664 208 0790740664
0790740672 209 0790740672
0790741067 210 0790741067
0790741296 211 0790741296
0790741431 212 0790741431
0790741644 213 0790741644
0790742462 214 0790742462
0790743213 215 0790743213
0790743442 216 0790743442
0790744236 217 0790744236
0790744546 218 0790744546
0790744813 219 0790744813
0790745003 220 0790745003
0790746387 221 0790746387
079074676X 222 079074676X
0790747693 223 0790747693
0790748193 224 0790748193
0790748266 225 0790748266
079074886X 226 079074886X
0790750414 227 0790750414
0790750732 228 0790750732
0790751143 229 0790751143
0790751445 230 0790751445
0790751569 231 0790751569
079075181X 232 079075181X
0790785366 233 0790785366
079079568X 234 079079568X
0792102320 235 0792102320
0792110188 236 0792110188
0792115465 237 0792115465
0792143817 238 0792143817
0792145496 239 0792145496
0792146433 240 0792146433
0792151712 241 0792151712
0792153189 242 0792153189
0792153456 243 0792153456
0792153685 244 0792153685
0792154436 245 0792154436
0792157850 246 0792157850
0792158202 247 0792158202
0792160347 248 0792160347
0792165039 249 0792165039
0792166523 250 0792166523
0792171306 251 0792171306
0792199405 252 0792199405
0792833201 253 0792833201
0792834917 254 0792834917
0792834933 255 0792834933
0792834976 256 0792834976
0792836030 257 0792836030
0792836529 258 0792836529
0792836685 259 0792836685
0792838653 260 0792838653
0792838661 261 0792838661
0792838726 262 0792838726
0792838947 263 0792838947
0792838955 264 0792838955
0792839072 265 0792839072
0792839129 266 0792839129
079283948X 267 079283948X
0792839684 268 0792839684
0792840011 269 0792840011
0792840119 270 0792840119
0792840984 271 0792840984
0792841409 272 0792841409
0792841840 273 0792841840
0792841905 274 0792841905
0792841980 275 0792841980
0792842006 276 0792842006
079284209X 277 079284209X
0792842111 278 0792842111
0792842162 279 0792842162
0792842626 280 0792842626
0792843622 281 0792843622
0792843800 282 0792843800
0792843967 283 0792843967
0792843991 284 0792843991
0792844033 285 0792844033
0792844041 286 0792844041
0792844645 287 0792844645
0792844718 288 0792844718
0792845552 289 0792845552
079284565X 290 079284565X
0792845765 291 0792845765
0792845870 292 0792845870
0792846133 293 0792846133
0792898524 294 0792898524
0792899229 295 0792899229
0792899458 296 0792899458
0792899768 297 0792899768
0793906091 298 0793906091
0793927714 299 0793927714
079396041X 300 079396041X
0793961009 301 0793961009
0793984297 302 0793984297
0800112652 303 0800112652
0800114051 304 0800114051
0800115066 305 0800115066
0800116143 306 0800116143
0800129784 307 0800129784
0800139062 308 0800139062
0800141660 309 0800141660
0800141709 310 0800141709
0800141741 311 0800141741
0800177029 312 0800177029
0870204556 313 0870204556
093085280X 314 093085280X
0966691105 315 0966691105
0967418518 316 0967418518
0967501032 317 0967501032
096751780X 318 096751780X
140498822X 319 140498822X
1415723427 320 1415723427
1421367912 321 1421367912
1424819210 322 1424819210
1558804641 323 1558804641
1558908382 324 1558908382
155940860X 325 155940860X
1559408677 326 1559408677
1559408758 327 1559408758
1559409002 328 1559409002
1560689994 329 1560689994
1562196367 330 1562196367
1562550888 331 1562550888
1563311976 332 1563311976
1563452685 333 1563452685
156371616X 334 156371616X
156501345X 335 156501345X
1566053986 336 1566053986
1567301355 337 1567301355
1567301568 338 1567301568
1568392273 339 1568392273
1569383529 340 1569383529
1569383790 341 1569383790
1569388431 342 1569388431
1569388997 343 1569388997
1570768331 344 1570768331
1571323368 345 1571323368
1572521279 346 1572521279
1572521767 347 1572521767
1572521783 348 1572521783
1572522232 349 1572522232
1572522321 350 1572522321
1572522550 351 1572522550
1572522747 352 1572522747
1572524413 353 1572524413
1572524421 354 1572524421
1572525509 355 1572525509
1572525959 356 1572525959
1572528338 357 1572528338
1573300357 358 1573300357
1573305588 359 1573305588
1573306983 360 1573306983
157347049X 361 157347049X
1573471917 362 1573471917
1573623008 363 1573623008
157362389X 364 157362389X
1573623903 365 1573623903
1573624071 366 1573624071
157362408X 367 157362408X
1573624101 368 1573624101
1573624365 369 1573624365
1573626163 370 1573626163
1573626171 371 1573626171
1573628174 372 1573628174
1574922777 373 1574922777
157492432X 374 157492432X
1574924451 375 1574924451
1574925784 376 1574925784
1574928228 377 1574928228
1575237466 378 1575237466
1577133196 379 1577133196
157742154X 380 157742154X
1578071461 381 1578071461
1582704708 382 1582704708
1586171941 383 1586171941
1586683950 384 1586683950
1587270811 385 1587270811
1598288717 386 1598288717
1603996796 387 1603996796
1603998276 388 1603998276
1921643870 389 1921643870
1936488191 390 1936488191
1936488264 391 1936488264
3918810143 392 3918810143
5554452574 393 5554452574
5554454828 394 5554454828
5555084080 395 5555084080
5555291744 396 5555291744
5558279494 397 5558279494
5559203726 398 5559203726
6300132641 399 6300132641
6300134210 400 6300134210
6300134318 401 6300134318
6300137236 402 6300137236
6300140938 403 6300140938
6300146464 404 6300146464
6300147355 405 6300147355
630014738X 406 630014738X
6300147444 407 6300147444
6300147630 408 6300147630
6300147789 409 6300147789
6300147967 410 6300147967
630015002X 411 630015002X
6300150151 412 6300150151
6300153029 413 6300153029
6300157601 414 6300157601
630015761X 415 630015761X
6300157717 416 6300157717
6300158349 417 6300158349
6300158411 418 6300158411
6300158500 419 6300158500
6300158683 420 6300158683
6300158764 421 6300158764
6300158772 422 6300158772
6300159140 423 6300159140
6300164063 424 6300164063
630016411X 425 630016411X
6300165086 426 6300165086
6300175170 427 6300175170
6300180204 428 6300180204
6300181065 429 6300181065
6300181227 430 6300181227
6300181316 431 6300181316
6300181375 432 6300181375
6300181510 433 6300181510
6300181545 434 6300181545
6300181731 435 6300181731
6300181847 436 6300181847
6300181987 437 6300181987
6300182029 438 6300182029
6300182061 439 6300182061
630018207X 440 630018207X
6300182304 441 6300182304
6300182428 442 6300182428
6300182517 443 6300182517
6300182681 444 6300182681
6300182738 445 6300182738
6300182800 446 6300182800
630018286X 447 630018286X
6300183033 448 6300183033
6300183416 449 6300183416
6300183432 450 6300183432
6300183459 451 6300183459
6300183505 452 6300183505
6300183513 453 6300183513
6300183785 454 6300183785
6300183807 455 6300183807
6300183831 456 6300183831
6300183920 457 6300183920
6300184242 458 6300184242
6300184250 459 6300184250
6300184269 460 6300184269
6300184293 461 6300184293
6300185117 462 6300185117
6300185125 463 6300185125
6300185176 464 6300185176
6300185206 465 6300185206
6300185370 466 6300185370
6300185443 467 6300185443
6300185451 468 6300185451
6300185788 469 6300185788
6300185893 470 6300185893
6300185974 471 6300185974
6300186016 472 6300186016
6300186180 473 6300186180
630018675X 474 630018675X
6300189503 475 6300189503
6300189686 476 6300189686
6300189856 477 6300189856
6300198731 478 6300198731
6300206610 479 6300206610
6300207935 480 6300207935
6300208044 481 6300208044
6300208060 482 6300208060
6300208192 483 6300208192
630020829X 484 630020829X
6300208354 485 6300208354
6300208540 486 6300208540
6300208591 487 6300208591
6300208672 488 6300208672
6300209164 489 6300209164
6300209253 490 6300209253
6300209296 491 6300209296
6300209830 492 6300209830
630020992X 493 630020992X
6300213021 494 6300213021
630021320X 495 630021320X
630021348X 496 630021348X
6300213501 497 6300213501
6300213579 498 6300213579
6300213714 499 6300213714
6300213730 500 6300213730
6300213749 501 6300213749
6300213781 502 6300213781
6300213803 503 6300213803
6300213897 504 6300213897
6300213900 505 6300213900
6300213927 506 6300213927
6300213986 507 6300213986
6300214028 508 6300214028
6300214044 509 6300214044
6300214052 510 6300214052
6300214087 511 6300214087
6300214117 512 6300214117
630021415X 513 630021415X
6300214184 514 6300214184
6300214192 515 6300214192
6300214222 516 6300214222
6300214265 517 6300214265
6300214311 518 6300214311
6300214338 519 6300214338
6300214346 520 6300214346
6300214508 521 6300214508
6300214559 522 6300214559
6300214567 523 6300214567
6300214575 524 6300214575
6300214613 525 6300214613
6300214621 526 6300214621
6300214648 527 6300214648
6300214664 528 6300214664
6300214672 529 6300214672
6300214680 530 6300214680
6300214710 531 6300214710
6300214893 532 6300214893
6300214958 533 6300214958
6300215261 534 6300215261
6300215490 535 6300215490
6300215520 536 6300215520
6300215555 537 6300215555
6300215598 538 6300215598
6300215601 539 6300215601
6300215628 540 6300215628
6300215660 541 6300215660
6300215695 542 6300215695
630021575X 543 630021575X
6300215806 544 6300215806
6300215849 545 6300215849
6300215857 546 6300215857
6300215881 547 6300215881
6300215903 548 6300215903
630021592X 549 630021592X
6300215954 550 6300215954
6300215962 551 6300215962
6300215970 552 6300215970
6300215989 553 6300215989
6300216047 554 6300216047
6300216071 555 6300216071
6300216144 556 6300216144
6300216179 557 6300216179
6300216209 558 6300216209
6300216225 559 6300216225
6300216241 560 6300216241
6300216284 561 6300216284
6300216373 562 6300216373
6300216454 563 6300216454
6300216497 564 6300216497
6300216527 565 6300216527
6300216535 566 6300216535
6300216543 567 6300216543
6300216608 568 6300216608
6300216632 569 6300216632
6300216691 570 6300216691
6300216721 571 6300216721
6300216748 572 6300216748
6300216756 573 6300216756
6300216764 574 6300216764
6300216799 575 6300216799
6300216853 576 6300216853
6300216861 577 6300216861
6300216934 578 6300216934
6300216950 579 6300216950
6300216977 580 6300216977
6300217728 581 6300217728
6300218031 582 6300218031
6300218074 583 6300218074
6300218228 584 6300218228
6300218406 585 6300218406
6300246787 586 6300246787
6300246795 587 6300246795
6300246817 588 6300246817
6300246868 589 6300246868
6300246876 590 6300246876
6300246973 591 6300246973
6300247031 592 6300247031
6300247090 593 6300247090
6300247104 594 6300247104
6300247139 595 6300247139
6300247163 596 6300247163
6300247171 597 6300247171
6300247236 598 6300247236
6300247333 599 6300247333
6300247392 600 6300247392
6300247406 601 6300247406
630024752X 602 630024752X
6300247589 603 6300247589
6300247651 604 6300247651
6300247694 605 6300247694
6300247821 606 6300247821
6300247945 607 6300247945
6300248089 608 6300248089
6300248097 609 6300248097
6300248100 610 6300248100
6300248135 611 6300248135
6300248216 612 6300248216
6300248291 613 6300248291
6300248488 614 6300248488
6300248569 615 6300248569
6300248607 616 6300248607
6300249816 617 6300249816
6300249824 618 6300249824
6300249867 619 6300249867
6300249964 620 6300249964
6300250164 621 6300250164
6300250407 622 6300250407
6300250512 623 6300250512
6300250873 624 6300250873
6300251217 625 6300251217
6300251330 626 6300251330
6300251969 627 6300251969
6300252310 628 6300252310
630025545X 629 630025545X
6300256073 630 6300256073
6300256200 631 6300256200
630026260X 632 630026260X
6300267830 633 6300267830
6300267962 634 6300267962
6300268012 635 6300268012
6300268128 636 6300268128
6300268144 637 6300268144
6300268535 638 6300268535
6300268683 639 6300268683
6300268748 640 6300268748
6300268799 641 6300268799
6300268853 642 6300268853
630026906X 643 630026906X
6300269124 644 6300269124
6300269280 645 6300269280
6300269299 646 6300269299
6300269418 647 6300269418
6300269450 648 6300269450
6300269477 649 6300269477
6300269485 650 6300269485
6300269671 651 6300269671
630026968X 652 630026968X
6300269701 653 6300269701
6300269833 654 6300269833
6300270068 655 6300270068
6300270122 656 6300270122
6300270130 657 6300270130
6300270149 658 6300270149
6300270211 659 6300270211
6300270270 660 6300270270
6300270297 661 6300270297
6300270300 662 6300270300
6300270327 663 6300270327
6300270424 664 6300270424
6300270564 665 6300270564
6300270912 666 6300270912
6300271102 667 6300271102
6300271307 668 6300271307
6300271358 669 6300271358
630027151X 670 630027151X
6300271668 671 6300271668
6300271706 672 6300271706
630027182X 673 630027182X
6300271951 674 6300271951
6300273210 675 6300273210
6300274195 676 6300274195
6300274268 677 6300274268
6300274586 678 6300274586
6300274608 679 6300274608
6300275116 680 6300275116
6300275310 681 6300275310
6300276740 682 6300276740
6300276945 683 6300276945
6300278506 684 6300278506
6300984869 685 6300984869
6300987485 686 6300987485
6300987531 687 6300987531
6300987787 688 6300987787
6300988600 689 6300988600
6300988805 690 6300988805
6300989003 691 6300989003
6301005740 692 6301005740
630100678X 693 630100678X
6301006798 694 6301006798
6301007883 695 6301007883
6301008944 696 6301008944
6301008960 697 6301008960
6301017072 698 6301017072
6301024435 699 6301024435
6301031458 700 6301031458
6301031474 701 6301031474
6301039459 702 6301039459
6301049292 703 6301049292
6301050886 704 6301050886
6301055365 705 6301055365
6301058283 706 6301058283
6301065565 707 6301065565
6301065573 708 6301065573
6301066162 709 6301066162
6301094328 710 6301094328
6301094352 711 6301094352
6301094999 712 6301094999
6301095294 713 6301095294
6301103513 714 6301103513
6301105915 715 6301105915
6301105931 716 6301105931
6301106482 717 6301106482
6301106490 718 6301106490
6301108108 719 6301108108
6301115538 720 6301115538
6301115678 721 6301115678
6301118251 722 6301118251
6301163788 723 6301163788
6301166671 724 6301166671
6301169786 725 6301169786
6301174240 726 6301174240
6301175220 727 6301175220
6301175239 728 6301175239
6301179544 729 6301179544
6301207947 730 6301207947
630120798X 731 630120798X
6301216113 732 6301216113
6301216121 733 6301216121
630121613X 734 630121613X
6301216156 735 6301216156
6301216210 736 6301216210
6301217861 737 6301217861
6301221486 738 6301221486
6301221494 739 6301221494
6301221923 740 6301221923
6301229371 741 6301229371
6301229398 742 6301229398
6301229495 743 6301229495
6301231783 744 6301231783
6301239598 745 6301239598
6301247345 746 6301247345
630124849X 747 630124849X
6301254899 748 6301254899
6301264177 749 6301264177
6301272250 750 6301272250
6301278429 751 6301278429
6301278461 752 6301278461
6301279654 753 6301279654
6301290836 754 6301290836
630130053X 755 630130053X
6301300548 756 6301300548
6301302990 757 6301302990
6301307208 758 6301307208
6301325540 759 6301325540
6301327977 760 6301327977
6301328000 761 6301328000
630133275X 762 630133275X
6301334523 763 6301334523
6301348281 764 6301348281
6301374290 765 6301374290
6301379616 766 6301379616
6301390725 767 6301390725
6301390768 768 6301390768
6301394542 769 6301394542
6301398912 770 6301398912
6301408926 771 6301408926
6301408977 772 6301408977
630141019X 773 630141019X
6301410831 774 6301410831
6301412761 775 6301412761
6301415159 776 6301415159
6301415817 777 6301415817
6301423941 778 6301423941
6301435192 779 6301435192
6301440056 780 6301440056
6301442768 781 6301442768
6301464966 782 6301464966
6301465601 783 6301465601
6301465628 784 6301465628
6301476166 785 6301476166
6301480473 786 6301480473
6301491920 787 6301491920
630150528X 788 630150528X
6301505638 789 6301505638
6301514025 790 6301514025
6301528565 791 6301528565
6301528581 792 6301528581
630152859X 793 630152859X
630154028X 794 630154028X
630154059X 795 630154059X
630156118X 796 630156118X
6301562216 797 6301562216
6301562925 798 6301562925
6301564456 799 6301564456
6301570723 800 6301570723
6301586026 801 6301586026
6301587383 802 6301587383
6301589068 803 6301589068
6301589106 804 6301589106
6301590740 805 6301590740
6301599225 806 6301599225
6301599918 807 6301599918
6301603478 808 6301603478
6301608534 809 6301608534
6301611810 810 6301611810
6301618033 811 6301618033
6301640594 812 6301640594
6301640659 813 6301640659
6301640780 814 6301640780
6301640799 815 6301640799
6301643410 816 6301643410
630165191X 817 630165191X
6301652037 818 6301652037
6301658795 819 6301658795
6301661710 820 6301661710
6301661729 821 6301661729
6301661737 822 6301661737
6301661850 823 6301661850
6301662954 824 6301662954
6301666569 825 6301666569
6301670124 826 6301670124
6301677994 827 6301677994
6301686977 828 6301686977
6301689984 829 6301689984
6301691687 830 6301691687
6301697308 831 6301697308
6301697723 832 6301697723
6301697758 833 6301697758
6301706471 834 6301706471
630170648X 835 630170648X
6301706498 836 6301706498
6301706811 837 6301706811
6301708032 838 6301708032
6301708113 839 6301708113
6301708261 840 6301708261
6301718275 841 6301718275
6301720385 842 6301720385
6301720539 843 6301720539
6301720555 844 6301720555
6301720571 845 6301720571
6301730038 846 6301730038
6301734815 847 6301734815
6301736303 848 6301736303
6301739655 849 6301739655
630174411X 850 630174411X
6301744128 851 6301744128
6301744136 852 6301744136
6301748107 853 6301748107
6301750721 854 6301750721
6301753534 855 6301753534
6301758110 856 6301758110
6301758641 857 6301758641
6301759079 858 6301759079
6301759281 859 6301759281
630176031X 860 630176031X
6301763041 861 6301763041
6301766210 862 6301766210
6301767918 863 6301767918
6301770986 864 6301770986
6301773500 865 6301773500
6301773551 866 6301773551
6301773578 867 6301773578
6301773586 868 6301773586
6301777387 869 6301777387
6301777476 870 6301777476
6301777840 871 6301777840
6301778359 872 6301778359
6301778367 873 6301778367
6301782666 874 6301782666
6301785398 875 6301785398
630178541X 876 630178541X
6301788494 877 6301788494
6301788508 878 6301788508
6301793196 879 6301793196
630179513X 880 630179513X
6301797949 881 6301797949
6301797965 882 6301797965
6301797973 883 6301797973
630179799X 884 630179799X
6301798023 885 6301798023
6301798058 886 6301798058
6301798066 887 6301798066
6301798171 888 6301798171
6301798201 889 6301798201
630179821X 890 630179821X
630179849X 891 630179849X
6301798562 892 6301798562
6301798589 893 6301798589
6301798643 894 6301798643
6301798694 895 6301798694
6301798732 896 6301798732
6301798740 897 6301798740
6301798805 898 6301798805
6301798961 899 6301798961
6301801083 900 6301801083
630180113X 901 630180113X
6301801148 902 6301801148
6301801253 903 6301801253
6301801288 904 6301801288
630180130X 905 630180130X
6301801652 906 6301801652
6301801709 907 6301801709
6301801725 908 6301801725
6301801849 909 6301801849
6301801946 910 6301801946
6301801954 911 6301801954
6301802012 912 6301802012
6301802268 913 6301802268
6301802322 914 6301802322
6301802357 915 6301802357
6301802373 916 6301802373
6301802489 917 6301802489
6301802497 918 6301802497
6301802640 919 6301802640
6301802748 920 6301802748
6301805429 921 6301805429
6301805615 922 6301805615
6301810678 923 6301810678
6301813480 924 6301813480
6301815807 925 6301815807
6301817761 926 6301817761
6301826558 927 6301826558
6301827643 928 6301827643
630186316X 929 630186316X
6301863186 930 6301863186
6301863194 931 6301863194
6301863208 932 6301863208
6301868684 933 6301868684
6301880447 934 6301880447
6301888898 935 6301888898
6301902645 936 6301902645
6301903242 937 6301903242
6301912373 938 6301912373
6301914090 939 6301914090
6301914120 940 6301914120
6301928156 941 6301928156
6301928180 942 6301928180
6301928555 943 6301928555
6301929942 944 6301929942
6301930088 945 6301930088
6301930789 946 6301930789
6301931025 947 6301931025
6301931645 948 6301931645
6301932420 949 6301932420
6301932838 950 6301932838
6301933532 951 6301933532
6301934121 952 6301934121
6301934156 953 6301934156
6301934946 954 6301934946
6301942647 955 6301942647
6301942728 956 6301942728
6301945298 957 6301945298
6301945301 958 6301945301
6301952529 959 6301952529
6301954890 960 6301954890
630195517X 961 630195517X
6301959728 962 6301959728
6301959949 963 6301959949
6301960084 964 6301960084
6301963660 965 6301963660
6301963717 966 6301963717
6301963725 967 6301963725
6301964055 968 6301964055
6301964144 969 6301964144
6301964179 970 6301964179
6301964187 971 6301964187
6301964209 972 6301964209
6301964217 973 6301964217
6301964292 974 6301964292
6301964314 975 6301964314
6301965639 976 6301965639
6301965663 977 6301965663
630196571X 978 630196571X
6301965876 979 6301965876
6301965965 980 6301965965
630196604X 981 630196604X
6301966074 982 6301966074
6301966090 983 6301966090
6301966244 984 6301966244
6301966376 985 6301966376
6301966422 986 6301966422
6301966449 987 6301966449
6301966465 988 6301966465
6301966554 989 6301966554
6301966562 990 6301966562
6301966848 991 6301966848
6301966899 992 6301966899
630196697X 993 630196697X
6301967070 994 6301967070
6301967275 995 6301967275
6301967283 996 6301967283
6301967364 997 6301967364
6301967380 998 6301967380
6301967569 999 6301967569
6301967690 1000 6301967690
6301967712 1001 6301967712
6301967763 1002 6301967763
630196778X 1003 630196778X
6301967801 1004 6301967801
630196781X 1005 630196781X
6301967852 1006 6301967852
6301967917 1007 6301967917
6301967933 1008 6301967933
6301967968 1009 6301967968
6301968824 1010 6301968824
6301968891 1011 6301968891
6301968964 1012 6301968964
6301969030 1013 6301969030
6301969065 1014 6301969065
6301969081 1015 6301969081
6301969111 1016 6301969111
6301969138 1017 6301969138
6301969162 1018 6301969162
630196926X 1019 630196926X
6301969294 1020 6301969294
6301969316 1021 6301969316
6301969413 1022 6301969413
6301969561 1023 6301969561
6301969847 1024 6301969847
6301969928 1025 6301969928
6301971175 1026 6301971175
6301971191 1027 6301971191
6301971280 1028 6301971280
6301971345 1029 6301971345
6301971418 1030 6301971418
6301971531 1031 6301971531
6301971663 1032 6301971663
6301971752 1033 6301971752
6301971779 1034 6301971779
6301971809 1035 6301971809
6301971876 1036 6301971876
630197204X 1037 630197204X
6301972163 1038 6301972163
6301972228 1039 6301972228
6301972252 1040 6301972252
6301972279 1041 6301972279
6301972341 1042 6301972341
6301973070 1043 6301973070
6301973178 1044 6301973178
6301973208 1045 6301973208
6301973232 1046 6301973232
6301973259 1047 6301973259
6301973305 1048 6301973305
6301973313 1049 6301973313
6301973461 1050 6301973461
6301975960 1051 6301975960
6301976029 1052 6301976029
6301976045 1053 6301976045
6301976207 1054 6301976207
6301976215 1055 6301976215
630197669X 1056 630197669X
6301977181 1057 6301977181
6301977211 1058 6301977211
6301977270 1059 6301977270
6301977343 1060 6301977343
6301977483 1061 6301977483
6301977491 1062 6301977491
630197753X 1063 630197753X
6301977637 1064 6301977637
6301977750 1065 6301977750
6301977963 1066 6301977963
6301978188 1067 6301978188
6301978196 1068 6301978196
6301978315 1069 6301978315
6301978374 1070 6301978374
6301978501 1071 6301978501
6301978560 1072 6301978560
6301978617 1073 6301978617
6301978641 1074 6301978641
6301978749 1075 6301978749
630197882X 1076 630197882X
6301982746 1077 6301982746
6301986040 1078 6301986040
6301986059 1079 6301986059
6301986105 1080 6301986105
6301987810 1081 6301987810
6301995902 1082 6301995902
6301996100 1083 6301996100
630199616X 1084 630199616X
6302000610 1085 6302000610
6302000653 1086 6302000653
6302000815 1087 6302000815
630200098X 1088 630200098X
6302004411 1089 6302004411
630200912X 1090 630200912X
6302010306 1091 6302010306
630202028X 1092 630202028X
6302023777 1093 6302023777
6302025303 1094 6302025303
6302030919 1095 6302030919
6302032199 1096 6302032199
6302032237 1097 6302032237
6302032245 1098 6302032245
6302032253 1099 6302032253
6302033020 1100 6302033020
6302034299 1101 6302034299
6302034434 1102 6302034434
6302035279 1103 6302035279
630203535X 1104 630203535X
6302036054 1105 6302036054
6302036720 1106 6302036720
6302036852 1107 6302036852
6302036941 1108 6302036941
6302038324 1109 6302038324
6302038340 1110 6302038340
6302041147 1111 6302041147
630204135X 1112 630204135X
6302045916 1113 6302045916
6302048982 1114 6302048982
6302049148 1115 6302049148
6302054095 1116 6302054095
6302066875 1117 6302066875
6302068967 1118 6302068967
6302068983 1119 6302068983
6302069122 1120 6302069122
6302069130 1121 6302069130
6302077826 1122 6302077826
6302077869 1123 6302077869
6302077877 1124 6302077877
6302078024 1125 6302078024
6302078075 1126 6302078075
6302078091 1127 6302078091
6302078164 1128 6302078164
6302088135 1129 6302088135
6302088593 1130 6302088593
6302091632 1131 6302091632
6302096243 1132 6302096243
6302096316 1133 6302096316
6302098424 1134 6302098424
6302098440 1135 6302098440
6302098459 1136 6302098459
6302098491 1137 6302098491
6302098505 1138 6302098505
6302098548 1139 6302098548
6302099390 1140 6302099390
6302101220 1141 6302101220
6302101395 1142 6302101395
6302101735 1143 6302101735
6302101743 1144 6302101743
630210176X 1145 630210176X
6302109612 1146 6302109612
6302112117 1147 6302112117
6302113156 1148 6302113156
630211702X 1149 630211702X
6302120527 1150 6302120527
6302120551 1151 6302120551
6302120608 1152 6302120608
6302120616 1153 6302120616
6302121582 1154 6302121582
6302130115 1155 6302130115
6302130131 1156 6302130131
6302132894 1157 6302132894
6302136229 1158 6302136229
6302136261 1159 6302136261
6302136296 1160 6302136296
6302148332 1161 6302148332
6302148677 1162 6302148677
6302150930 1163 6302150930
6302152496 1164 6302152496
6302156815 1165 6302156815
6302156823 1166 6302156823
6302158095 1167 6302158095
6302158176 1168 6302158176
6302168465 1169 6302168465
6302174864 1170 6302174864
6302177421 1171 6302177421
6302181631 1172 6302181631
6302181755 1173 6302181755
6302182840 1174 6302182840
6302182948 1175 6302182948
6302194725 1176 6302194725
6302203678 1177 6302203678
6302206294 1178 6302206294
6302208912 1179 6302208912
6302213142 1180 6302213142
6302215730 1181 6302215730
6302215927 1182 6302215927
6302224306 1183 6302224306
6302224322 1184 6302224322
6302224357 1185 6302224357
6302224462 1186 6302224462
630222540X 1187 630222540X
630223168X 1188 630223168X
6302235979 1189 6302235979
6302238064 1190 6302238064
6302238331 1191 6302238331
6302241081 1192 6302241081
6302241189 1193 6302241189
6302241200 1194 6302241200
6302241693 1195 6302241693
6302250277 1196 6302250277
6302254132 1197 6302254132
6302255848 1198 6302255848
6302256615 1199 6302256615
6302256690 1200 6302256690
630225678X 1201 630225678X
6302259096 1202 6302259096
6302260973 1203 6302260973
6302261295 1204 6302261295
6302261597 1205 6302261597
6302269431 1206 6302269431
6302271991 1207 6302271991
6302272548 1208 6302272548
6302272602 1209 6302272602
6302274001 1210 6302274001
6302276594 1211 6302276594
6302277507 1212 6302277507
6302280206 1213 6302280206
630228175X 1214 630228175X
6302281814 1215 6302281814
6302281830 1216 6302281830
6302281849 1217 6302281849
6302282454 1218 6302282454
630228354X 1219 630228354X
630228371X 1220 630228371X
6302287383 1221 6302287383
6302287448 1222 6302287448
6302287634 1223 6302287634
6302289009 1224 6302289009
6302289017 1225 6302289017
6302289033 1226 6302289033
6302289041 1227 6302289041
630229357X 1228 630229357X
630229455X 1229 630229455X
6302296919 1230 6302296919
6302296935 1231 6302296935
6302299489 1232 6302299489
6302305950 1233 6302305950
6302308577 1234 6302308577
6302309506 1235 6302309506
6302309514 1236 6302309514
6302309522 1237 6302309522
6302312434 1238 6302312434
6302313899 1239 6302313899
6302314097 1240 6302314097
6302314658 1241 6302314658
6302314674 1242 6302314674
6302315441 1243 6302315441
6302320410 1244 6302320410
6302320429 1245 6302320429
6302320488 1246 6302320488
630232579X 1247 630232579X
6302326109 1248 6302326109
630232792X 1249 630232792X
6302344891 1250 6302344891
6302350875 1251 6302350875
6302354102 1252 6302354102
6302359694 1253 6302359694
6302360951 1254 6302360951
630236308X 1255 630236308X
6302363098 1256 6302363098
6302365678 1257 6302365678
6302365937 1258 6302365937
6302374367 1259 6302374367
6302375770 1260 6302375770
6302380294 1261 6302380294
630238074X 1262 630238074X
6302386608 1263 6302386608
6302404223 1264 6302404223
6302405696 1265 6302405696
6302409365 1266 6302409365
6302409829 1267 6302409829
6302413419 1268 6302413419
6302413435 1269 6302413435
630241346X 1270 630241346X
6302413737 1271 6302413737
6302413761 1272 6302413761
6302413850 1273 6302413850
6302418828 1274 6302418828
630242335X 1275 630242335X
6302424879 1276 6302424879
6302424887 1277 6302424887
6302424909 1278 6302424909
6302426200 1279 6302426200
6302428084 1280 6302428084
6302428122 1281 6302428122
6302428149 1282 6302428149
6302428939 1283 6302428939
630243078X 1284 630243078X
6302439485 1285 6302439485
630243954X 1286 630243954X
6302439698 1287 6302439698
630244327X 1288 630244327X
6302447712 1289 6302447712
6302447739 1290 6302447739
6302450187 1291 6302450187
6302452929 1292 6302452929
6302452953 1293 6302452953
6302452961 1294 6302452961
6302453127 1295 6302453127
6302453151 1296 6302453151
6302453240 1297 6302453240
630245333X 1298 630245333X
6302456991 1299 6302456991
6302457025 1300 6302457025
6302457254 1301 6302457254
6302458900 1302 6302458900
6302459702 1303 6302459702
6302462142 1304 6302462142
6302462762 1305 6302462762
6302468469 1306 6302468469
6302469090 1307 6302469090
6302470021 1308 6302470021
6302477379 1309 6302477379
6302478596 1310 6302478596
6302478928 1311 6302478928
6302479479 1312 6302479479
6302479487 1313 6302479487
6302481791 1314 6302481791
6302482712 1315 6302482712
6302483395 1316 6302483395
6302484286 1317 6302484286
6302484367 1318 6302484367
6302484383 1319 6302484383
6302484391 1320 6302484391
6302484405 1321 6302484405
6302484413 1322 6302484413
630248443X 1323 630248443X
6302484499 1324 6302484499
6302485010 1325 6302485010
6302485053 1326 6302485053
6302491894 1327 6302491894
6302491940 1328 6302491940
6302491975 1329 6302491975
6302502667 1330 6302502667
6302503515 1331 6302503515
6302503795 1332 6302503795
6302503833 1333 6302503833
6302507022 1334 6302507022
6302507308 1335 6302507308
6302507596 1336 6302507596
630251004X 1337 630251004X
6302510139 1338 6302510139
630251018X 1339 630251018X
6302513375 1340 6302513375
6302516544 1341 6302516544
6302526795 1342 6302526795
6302534372 1343 6302534372
6302541743 1344 6302541743
630254176X 1345 630254176X
6302541786 1346 6302541786
6302544289 1347 6302544289
6302548438 1348 6302548438
6302548748 1349 6302548748
6302554713 1350 6302554713
6302561825 1351 6302561825
6302561957 1352 6302561957
6302574072 1353 6302574072
6302587239 1354 6302587239
6302587263 1355 6302587263
630258793X 1356 630258793X
6302593204 1357 6302593204
6302593220 1358 6302593220
6302595770 1359 6302595770
6302604931 1360 6302604931
630260494X 1361 630260494X
6302610699 1362 6302610699
6302610761 1363 6302610761
6302620740 1364 6302620740
6302623294 1365 6302623294
6302637899 1366 6302637899
6302640415 1367 6302640415
6302640504 1368 6302640504
6302641756 1369 6302641756
6302641934 1370 6302641934
6302641969 1371 6302641969
6302641977 1372 6302641977
630264223X 1373 630264223X
6302645352 1374 6302645352
6302650046 1375 6302650046
6302655897 1376 6302655897
6302656125 1377 6302656125
6302658624 1378 6302658624
6302658888 1379 6302658888
630266232X 1380 630266232X
6302662478 1381 6302662478
6302662591 1382 6302662591
6302662745 1383 6302662745
6302665175 1384 6302665175
6302665183 1385 6302665183
6302665396 1386 6302665396
6302670306 1387 6302670306
6302676711 1388 6302676711
630267672X 1389 630267672X
6302676835 1390 6302676835
6302678846 1391 6302678846
6302681049 1392 6302681049
6302681634 1393 6302681634
6302681685 1394 6302681685
6302682622 1395 6302682622
6302682630 1396 6302682630
6302682649 1397 6302682649
6302685141 1398 6302685141
6302689724 1399 6302689724
6302690404 1400 6302690404
6302700949 1401 6302700949
6302703786 1402 6302703786
630271110X 1403 630271110X
6302711657 1404 6302711657
6302712009 1405 6302712009
6302712017 1406 6302712017
6302712920 1407 6302712920
6302717310 1408 6302717310
6302717329 1409 6302717329
6302717612 1410 6302717612
630271771X 1411 630271771X
6302718872 1412 6302718872
6302718961 1413 6302718961
6302719410 1414 6302719410
6302719666 1415 6302719666
6302720419 1416 6302720419
6302722551 1417 6302722551
630272256X 1418 630272256X
6302722764 1419 6302722764
6302725542 1420 6302725542
6302728363 1421 6302728363
6302728371 1422 6302728371
6302728657 1423 6302728657
6302730023 1424 6302730023
630273486X 1425 630273486X
6302734924 1426 6302734924
6302737249 1427 6302737249
6302744520 1428 6302744520
6302746590 1429 6302746590
6302747198 1430 6302747198
6302747384 1431 6302747384
6302751152 1432 6302751152
6302753198 1433 6302753198
6302757096 1434 6302757096
6302760089 1435 6302760089
6302760119 1436 6302760119
6302763193 1437 6302763193
6302763770 1438 6302763770
6302763835 1439 6302763835
630276386X 1440 630276386X
6302763908 1441 6302763908
6302763924 1442 6302763924
6302765188 1443 6302765188
6302766540 1444 6302766540
6302767741 1445 6302767741
6302768810 1446 6302768810
6302772745 1447 6302772745
6302779294 1448 6302779294
6302779448 1449 6302779448
6302783356 1450 6302783356
6302783968 1451 6302783968
6302784751 1452 6302784751
6302787041 1453 6302787041
6302787068 1454 6302787068
6302787149 1455 6302787149
6302789648 1456 6302789648
6302794404 1457 6302794404
630279482X 1458 630279482X
6302795451 1459 6302795451
6302795567 1460 6302795567
6302795575 1461 6302795575
6302796377 1462 6302796377
630279742X 1463 630279742X
6302797462 1464 6302797462
6302797519 1465 6302797519
6302797535 1466 6302797535
6302797543 1467 6302797543
630279756X 1468 630279756X
6302797675 1469 6302797675
6302797713 1470 6302797713
6302798434 1471 6302798434
6302799112 1472 6302799112
6302799163 1473 6302799163
6302800404 1474 6302800404
6302800420 1475 6302800420
6302800498 1476 6302800498
6302800536 1477 6302800536
6302800544 1478 6302800544
6302800560 1479 6302800560
6302800579 1480 6302800579
6302800587 1481 6302800587
6302800854 1482 6302800854
6302800897 1483 6302800897
6302801095 1484 6302801095
6302801117 1485 6302801117
6302801133 1486 6302801133
6302804744 1487 6302804744
6302804752 1488 6302804752
6302806348 1489 6302806348
6302806577 1490 6302806577
6302807573 1491 6302807573
6302814146 1492 6302814146
6302814669 1493 6302814669
6302814804 1494 6302814804
6302824737 1495 6302824737
6302842263 1496 6302842263
6302859727 1497 6302859727
6302872669 1498 6302872669
6302873150 1499 6302873150
6302874521 1500 6302874521
6302877911 1501 6302877911
630287873X 1502 630287873X
6302880882 1503 6302880882
6302884780 1504 6302884780
6302897386 1505 6302897386
6302921384 1506 6302921384
6302922941 1507 6302922941
6302946387 1508 6302946387
6302962048 1509 6302962048
6302967376 1510 6302967376
6302969271 1511 6302969271
630296928X 1512 630296928X
6302969301 1513 6302969301
630296931X 1514 630296931X
6302969395 1515 6302969395
6302969565 1516 6302969565
6302969581 1517 6302969581
630296959X 1518 630296959X
6302969603 1519 6302969603
6302969654 1520 6302969654
6302969697 1521 6302969697
6302969700 1522 6302969700
6302969778 1523 6302969778
6302969786 1524 6302969786
6302969794 1525 6302969794
6302969972 1526 6302969972
6302970040 1527 6302970040
6302973570 1528 6302973570
6302973740 1529 6302973740
6302977193 1530 6302977193
6302981735 1531 6302981735
6302985250 1532 6302985250
6302985293 1533 6302985293
6302985315 1534 6302985315
6302985870 1535 6302985870
6302985935 1536 6302985935
6302986338 1537 6302986338
630298971X 1538 630298971X
6302990033 1539 6302990033
6302990114 1540 6302990114
6302990130 1541 6302990130
6302990149 1542 6302990149
6302993016 1543 6302993016
6302993199 1544 6302993199
630299361X 1545 630299361X
6302993628 1546 6302993628
6302993644 1547 6302993644
6302993695 1548 6302993695
6302994063 1549 6302994063
6302994071 1550 6302994071
630299408X 1551 630299408X
6302995949 1552 6302995949
6302995957 1553 6302995957
6302999588 1554 6302999588
6302999790 1555 6302999790
630300203X 1556 630300203X
6303002048 1557 6303002048
6303002781 1558 6303002781
6303004768 1559 6303004768
6303004776 1560 6303004776
6303004830 1561 6303004830
6303004849 1562 6303004849
6303011012 1563 6303011012
6303011403 1564 6303011403
6303011594 1565 6303011594
6303011969 1566 6303011969
6303012035 1567 6303012035
6303012140 1568 6303012140
6303014887 1569 6303014887
6303017983 1570 6303017983
6303017991 1571 6303017991
6303018351 1572 6303018351
6303022901 1573 6303022901
6303022928 1574 6303022928
6303022936 1575 6303022936
6303023037 1576 6303023037
6303023355 1577 6303023355
6303026605 1578 6303026605
6303027016 1579 6303027016
6303029310 1580 6303029310
6303032648 1581 6303032648
6303036813 1582 6303036813
6303037445 1583 6303037445
6303037453 1584 6303037453
6303038530 1585 6303038530
6303038719 1586 6303038719
6303038727 1587 6303038727
6303038743 1588 6303038743
6303038816 1589 6303038816
6303038913 1590 6303038913
6303039405 1591 6303039405
6303039421 1592 6303039421
6303039456 1593 6303039456
6303039588 1594 6303039588
6303039693 1595 6303039693
6303039707 1596 6303039707
6303042260 1597 6303042260
6303042449 1598 6303042449
6303042457 1599 6303042457
6303042503 1600 6303042503
6303046436 1601 6303046436
6303046444 1602 6303046444
6303046487 1603 6303046487
6303046975 1604 6303046975
6303047025 1605 6303047025
6303047564 1606 6303047564
6303049001 1607 6303049001
6303049044 1608 6303049044
6303049079 1609 6303049079
6303050050 1610 6303050050
6303050069 1611 6303050069
6303052487 1612 6303052487
6303052908 1613 6303052908
630305725X 1614 630305725X
6303057942 1615 6303057942
6303058833 1616 6303058833
630305885X 1617 630305885X
6303058876 1618 6303058876
6303058884 1619 6303058884
6303058957 1620 6303058957
6303060048 1621 6303060048
630306020X 1622 630306020X
6303060226 1623 6303060226
6303063705 1624 6303063705
6303063772 1625 6303063772
630306664X 1626 630306664X
6303066720 1627 6303066720
6303066798 1628 6303066798
6303072259 1629 6303072259
6303072593 1630 6303072593
6303072798 1631 6303072798
6303072828 1632 6303072828
6303073069 1633 6303073069
6303073085 1634 6303073085
6303073093 1635 6303073093
6303073107 1636 6303073107
6303073212 1637 6303073212
6303077781 1638 6303077781
6303079709 1639 6303079709
630308110X 1640 630308110X
6303082750 1641 6303082750
6303082769 1642 6303082769
6303082866 1643 6303082866
6303084095 1644 6303084095
6303085547 1645 6303085547
6303085822 1646 6303085822
630309192X 1647 630309192X
6303091946 1648 6303091946
6303091962 1649 6303091962
6303091970 1650 6303091970
6303091989 1651 6303091989
6303092306 1652 6303092306
6303094902 1653 6303094902
6303094937 1654 6303094937
6303095216 1655 6303095216
6303095232 1656 6303095232
6303101178 1657 6303101178
6303101224 1658 6303101224
6303101240 1659 6303101240
6303101410 1660 6303101410
6303101526 1661 6303101526
6303102239 1662 6303102239
6303102425 1663 6303102425
6303102433 1664 6303102433
6303102441 1665 6303102441
630310245X 1666 630310245X
6303102468 1667 6303102468
6303102476 1668 6303102476
6303102484 1669 6303102484
6303102492 1670 6303102492
6303102506 1671 6303102506
6303102557 1672 6303102557
6303103081 1673 6303103081
6303103715 1674 6303103715
630310374X 1675 630310374X
6303104207 1676 6303104207
6303104371 1677 6303104371
6303107338 1678 6303107338
6303107354 1679 6303107354
6303109918 1680 6303109918
6303109926 1681 6303109926
6303111564 1682 6303111564
6303111920 1683 6303111920
6303112161 1684 6303112161
6303113990 1685 6303113990
6303114946 1686 6303114946
6303115381 1687 6303115381
6303115535 1688 6303115535
6303117856 1689 6303117856
6303118100 1690 6303118100
6303118232 1691 6303118232
6303118240 1692 6303118240
6303118259 1693 6303118259
6303120466 1694 6303120466
6303120474 1695 6303120474
6303120490 1696 6303120490
6303120504 1697 6303120504
6303122647 1698 6303122647
6303122876 1699 6303122876
6303124798 1700 6303124798
6303128793 1701 6303128793
6303128904 1702 6303128904
630312898X 1703 630312898X
6303131891 1704 6303131891
6303132782 1705 6303132782
6303140157 1706 6303140157
6303140165 1707 6303140165
630314179X 1708 630314179X
6303141978 1709 6303141978
6303142346 1710 6303142346
6303145884 1711 6303145884
6303145906 1712 6303145906
6303145930 1713 6303145930
6303146074 1714 6303146074
6303148255 1715 6303148255
6303148387 1716 6303148387
6303148409 1717 6303148409
6303149189 1718 6303149189
6303149200 1719 6303149200
6303149316 1720 6303149316
630315087X 1721 630315087X
6303150896 1722 6303150896
6303150926 1723 6303150926
6303152759 1724 6303152759
6303152821 1725 6303152821
6303153305 1726 6303153305
6303153348 1727 6303153348
6303153461 1728 6303153461
630315350X 1729 630315350X
6303154670 1730 6303154670
630315851X 1731 630315851X
6303159923 1732 6303159923
6303160093 1733 6303160093
6303162290 1734 6303162290
6303165680 1735 6303165680
6303165737 1736 6303165737
630316675X 1737 630316675X
6303167314 1738 6303167314
6303168248 1739 6303168248
6303168345 1740 6303168345
6303168957 1741 6303168957
6303170498 1742 6303170498
6303184154 1743 6303184154
6303184219 1744 6303184219
630318457X 1745 630318457X
6303186874 1746 6303186874
6303187196 1747 6303187196
6303187218 1748 6303187218
6303191398 1749 6303191398
6303192254 1750 6303192254
6303194508 1751 6303194508
6303196543 1752 6303196543
6303198619 1753 6303198619
6303201261 1754 6303201261
6303201288 1755 6303201288
6303202020 1756 6303202020
6303202039 1757 6303202039
6303202225 1758 6303202225
6303203256 1759 6303203256
6303203302 1760 6303203302
6303204163 1761 6303204163
6303205364 1762 6303205364
6303206158 1763 6303206158
6303209955 1764 6303209955
6303209963 1765 6303209963
6303209971 1766 6303209971
6303212220 1767 6303212220
6303212263 1768 6303212263
6303212298 1769 6303212298
6303212379 1770 6303212379
6303212387 1771 6303212387
6303212395 1772 6303212395
630321245X 1773 630321245X
6303213650 1774 6303213650
6303213782 1775 6303213782
6303213820 1776 6303213820
6303215440 1777 6303215440
6303215882 1778 6303215882
6303219152 1779 6303219152
6303224407 1780 6303224407
6303231837 1781 6303231837
6303233600 1782 6303233600
6303234399 1783 6303234399
6303236677 1784 6303236677
6303236685 1785 6303236685
6303236723 1786 6303236723
6303238114 1787 6303238114
6303248209 1788 6303248209
6303248497 1789 6303248497
6303248942 1790 6303248942
6303257194 1791 6303257194
6303257267 1792 6303257267
6303257275 1793 6303257275
6303257305 1794 6303257305
6303257313 1795 6303257313
6303257348 1796 6303257348
6303257372 1797 6303257372
6303257380 1798 6303257380
6303257429 1799 6303257429
6303257712 1800 6303257712
6303257720 1801 6303257720
6303257739 1802 6303257739
6303257828 1803 6303257828
6303257844 1804 6303257844
6303257852 1805 6303257852
6303258344 1806 6303258344
6303261736 1807 6303261736
6303265715 1808 6303265715
6303265731 1809 6303265731
6303265774 1810 6303265774
6303265812 1811 6303265812
6303266371 1812 6303266371
6303269826 1813 6303269826
6303269834 1814 6303269834
6303269850 1815 6303269850
6303269869 1816 6303269869
6303269966 1817 6303269966
6303272207 1818 6303272207
630327417X 1819 630327417X
630327630X 1820 630327630X
6303276881 1821 6303276881
6303278736 1822 6303278736
6303284183 1823 6303284183
6303286542 1824 6303286542
6303292860 1825 6303292860
630329328X 1826 630329328X
6303295576 1827 6303295576
6303295614 1828 6303295614
6303296726 1829 6303296726
6303305520 1830 6303305520
6303306519 1831 6303306519
6303307787 1832 6303307787
6303307884 1833 6303307884
6303312381 1834 6303312381
6303313337 1835 6303313337
6303313345 1836 6303313345
6303315305 1837 6303315305
6303317340 1838 6303317340
6303320570 1839 6303320570
6303326781 1840 6303326781
6303326838 1841 6303326838
6303328164 1842 6303328164
6303328199 1843 6303328199
6303333079 1844 6303333079
6303336795 1845 6303336795
6303338569 1846 6303338569
6303338690 1847 6303338690
6303340830 1848 6303340830
6303341314 1849 6303341314
6303341322 1850 6303341322
6303344224 1851 6303344224
6303346375 1852 6303346375
6303347665 1853 6303347665
6303347703 1854 6303347703
6303354734 1855 6303354734
6303354742 1856 6303354742
6303354912 1857 6303354912
6303354939 1858 6303354939
6303355005 1859 6303355005
630335906X 1860 630335906X
6303360009 1861 6303360009
6303360025 1862 6303360025
6303360041 1863 6303360041
6303363598 1864 6303363598
6303364438 1865 6303364438
6303364705 1866 6303364705
6303365655 1867 6303365655
6303365752 1868 6303365752
6303366589 1869 6303366589
6303366953 1870 6303366953
6303382347 1871 6303382347
6303382940 1872 6303382940
6303382959 1873 6303382959
6303382975 1874 6303382975
6303382983 1875 6303382983
6303383009 1876 6303383009
630338305X 1877 630338305X
6303383076 1878 6303383076
6303383238 1879 6303383238
6303383289 1880 6303383289
6303383327 1881 6303383327
6303389554 1882 6303389554
6303391915 1883 6303391915
6303391931 1884 6303391931
6303392024 1885 6303392024
6303393985 1886 6303393985
6303394019 1887 6303394019
6303394035 1888 6303394035
6303394043 1889 6303394043
6303394051 1890 6303394051
630339406X 1891 630339406X
6303394345 1892 6303394345
6303394353 1893 6303394353
6303396623 1894 6303396623
6303397093 1895 6303397093
6303398243 1896 6303398243
6303398367 1897 6303398367
6303398375 1898 6303398375
6303398480 1899 6303398480
630339860X 1900 630339860X
6303404855 1901 6303404855
6303406971 1902 6303406971
6303407161 1903 6303407161
6303407188 1904 6303407188
6303407196 1905 6303407196
630340720X 1906 630340720X
6303408524 1907 6303408524
6303413161 1908 6303413161
6303413919 1909 6303413919
6303416403 1910 6303416403
6303416543 1911 6303416543
6303418724 1912 6303418724
6303419348 1913 6303419348
630341964X 1914 630341964X
6303419763 1915 6303419763
6303419771 1916 6303419771
6303421156 1917 6303421156
6303422004 1918 6303422004
6303422012 1919 6303422012
6303422020 1920 6303422020
6303422942 1921 6303422942
6303422969 1922 6303422969
6303422977 1923 6303422977
6303425585 1924 6303425585
6303425623 1925 6303425623
6303430546 1926 6303430546
6303430562 1927 6303430562
6303430570 1928 6303430570
6303430910 1929 6303430910
6303430953 1930 6303430953
6303433766 1931 6303433766
6303433782 1932 6303433782
6303439136 1933 6303439136
6303439748 1934 6303439748
6303442277 1935 6303442277
6303442366 1936 6303442366
6303442447 1937 6303442447
6303443060 1938 6303443060
630344315X 1939 630344315X
6303443222 1940 6303443222
630344394X 1941 630344394X
6303450083 1942 6303450083
6303450849 1943 6303450849
6303450881 1944 6303450881
6303450938 1945 6303450938
6303451144 1946 6303451144
6303451446 1947 6303451446
6303451489 1948 6303451489
6303451519 1949 6303451519
6303451535 1950 6303451535
6303451543 1951 6303451543
6303451578 1952 6303451578
6303454038 1953 6303454038
6303454542 1954 6303454542
6303454585 1955 6303454585
6303454925 1956 6303454925
6303455204 1957 6303455204
6303457703 1958 6303457703
630345786X 1959 630345786X
6303459765 1960 6303459765
6303459978 1961 6303459978
6303459994 1962 6303459994
6303460097 1963 6303460097
630346470X 1964 630346470X
6303464831 1965 6303464831
6303465846 1966 6303465846
6303467253 1967 6303467253
6303467717 1968 6303467717
6303471099 1969 6303471099
6303471102 1970 6303471102
6303471153 1971 6303471153
630347117X 1972 630347117X
6303471390 1973 6303471390
6303471404 1974 6303471404
6303471455 1975 6303471455
6303471471 1976 6303471471
6303471501 1977 6303471501
630347151X 1978 630347151X
6303471552 1979 6303471552
6303471579 1980 6303471579
6303471587 1981 6303471587
6303471595 1982 6303471595
6303471617 1983 6303471617
6303471706 1984 6303471706
630347327X 1985 630347327X
6303477135 1986 6303477135
6303477143 1987 6303477143
6303478336 1988 6303478336
6303481345 1989 6303481345
6303482201 1990 6303482201
6303482295 1991 6303482295
6303482619 1992 6303482619
6303482643 1993 6303482643
6303482651 1994 6303482651
630348364X 1995 630348364X
6303486584 1996 6303486584
6303486754 1997 6303486754
6303486762 1998 6303486762
6303486894 1999 6303486894
6303490972 2000 6303490972
6303490980 2001 6303490980
6303492509 2002 6303492509
6303494080 2003 6303494080
6303499465 2004 6303499465
6303501281 2005 6303501281
6303503381 2006 6303503381
6303507565 2007 6303507565
6303507689 2008 6303507689
630350986X 2009 630350986X
6303510108 2010 6303510108
6303510361 2011 6303510361
6303514723 2012 6303514723
6303515223 2013 6303515223
6303515231 2014 6303515231
6303515304 2015 6303515304
6303515894 2016 6303515894
6303521231 2017 6303521231
630352138X 2018 630352138X
6303521436 2019 6303521436
6303521517 2020 6303521517
6303522653 2021 6303522653
6303534422 2022 6303534422
6303540104 2023 6303540104
630354231X 2024 630354231X
6303542344 2025 6303542344
6303542352 2026 6303542352
6303544428 2027 6303544428
6303544746 2028 6303544746
6303548970 2029 6303548970
6303560067 2030 6303560067
630356027X 2031 630356027X
6303562248 2032 6303562248
6303562264 2033 6303562264
6303562337 2034 6303562337
6303566405 2035 6303566405
6303566537 2036 6303566537
6303566634 2037 6303566634
6303567126 2038 6303567126
630356822X 2039 630356822X
6303574203 2040 6303574203
6303574289 2041 6303574289
6303575358 2042 6303575358
6303575617 2043 6303575617
6303579345 2044 6303579345
6303579396 2045 6303579396
6303579612 2046 6303579612
6303581307 2047 6303581307
630358490X 2048 630358490X
6303585353 2049 6303585353
6303588972 2050 6303588972
6303588980 2051 6303588980
6303589065 2052 6303589065
6303589073 2053 6303589073
630358909X 2054 630358909X
6303589111 2055 6303589111
6303589138 2056 6303589138
6303589146 2057 6303589146
6303589154 2058 6303589154
6303589189 2059 6303589189
6303591922 2060 6303591922
6303592570 2061 6303592570
6303593135 2062 6303593135
6303593178 2063 6303593178
6303593283 2064 6303593283
6303593410 2065 6303593410
6303593593 2066 6303593593
6303593607 2067 6303593607
6303593666 2068 6303593666
6303593674 2069 6303593674
6303597866 2070 6303597866
6303599109 2071 6303599109
6303610811 2072 6303610811
6303614272 2073 6303614272
6303614329 2074 6303614329
6303614337 2075 6303614337
6303614353 2076 6303614353
630361437X 2077 630361437X
6303617719 2078 6303617719
6303619983 2079 6303619983
6303620264 2080 6303620264
630362572X 2081 630362572X
6303625738 2082 6303625738
6303625800 2083 6303625800
6303626467 2084 6303626467
6303626475 2085 6303626475
6303631851 2086 6303631851
6303631894 2087 6303631894
6303631908 2088 6303631908
6303631916 2089 6303631916
6303631932 2090 6303631932
6303631940 2091 6303631940
630363270X 2092 630363270X
6303637469 2093 6303637469
6303637493 2094 6303637493
6303637574 2095 6303637574
6303637582 2096 6303637582
6303637620 2097 6303637620
6303646344 2098 6303646344
6303646689 2099 6303646689
6303651453 2100 6303651453
630365147X 2101 630365147X
6303651488 2102 6303651488
630365164X 2103 630365164X
6303651658 2104 6303651658
6303651879 2105 6303651879
6303651917 2106 6303651917
6303654312 2107 6303654312
6303662544 2108 6303662544
6303662560 2109 6303662560
6303675026 2110 6303675026
6303675034 2111 6303675034
6303675387 2112 6303675387
6303682979 2113 6303682979
6303686737 2114 6303686737
6303686745 2115 6303686745
6303686761 2116 6303686761
630368677X 2117 630368677X
6303686788 2118 6303686788
630368680X 2119 630368680X
6303686818 2120 6303686818
6303686834 2121 6303686834
6303686842 2122 6303686842
6303686850 2123 6303686850
6303686869 2124 6303686869
6303686885 2125 6303686885
6303686907 2126 6303686907
630368727X 2127 630368727X
6303690653 2128 6303690653
6303695841 2129 6303695841
6303696813 2130 6303696813
6303696821 2131 6303696821
6303696929 2132 6303696929
6303697194 2133 6303697194
6303697224 2134 6303697224
6303804357 2135 6303804357
6303816339 2136 6303816339
6303818331 2137 6303818331
6303820905 2138 6303820905
6303823351 2139 6303823351
6303824358 2140 6303824358
6303824382 2141 6303824382
6303832563 2142 6303832563
6303832571 2143 6303832571
630383258X 2144 630383258X
6303832601 2145 6303832601
630383261X 2146 630383261X
6303853102 2147 6303853102
6303854311 2148 6303854311
6303854508 2149 6303854508
6303855466 2150 6303855466
6303855490 2151 6303855490
6303855512 2152 6303855512
6303855555 2153 6303855555
630386001X 2154 630386001X
6303861377 2155 6303861377
630386905X 2156 630386905X
630387827X 2157 630387827X
6303878296 2158 6303878296
6303878415 2159 6303878415
6303890164 2160 6303890164
6303890423 2161 6303890423
6303890458 2162 6303890458
6303890547 2163 6303890547
6303894534 2164 6303894534
6303900798 2165 6303900798
630390811X 2166 630390811X
6303908225 2167 6303908225
6303908306 2168 6303908306
6303908586 2169 6303908586
6303909000 2170 6303909000
6303909949 2171 6303909949
6303914942 2172 6303914942
6303914985 2173 6303914985
6303916228 2174 6303916228
6303916880 2175 6303916880
6303917410 2176 6303917410
6303917461 2177 6303917461
630391750X 2178 630391750X
6303918522 2179 6303918522
6303920098 2180 6303920098
6303920713 2181 6303920713
6303921248 2182 6303921248
6303921663 2183 6303921663
6303922147 2184 6303922147
6303924891 2185 6303924891
6303925235 2186 6303925235
6303925243 2187 6303925243
6303928234 2188 6303928234
6303929338 2189 6303929338
6303929567 2190 6303929567
6303929575 2191 6303929575
6303929583 2192 6303929583
6303929591 2193 6303929591
6303934315 2194 6303934315
6303934390 2195 6303934390
6303934420 2196 6303934420
6303934471 2197 6303934471
6303934552 2198 6303934552
6303934749 2199 6303934749
6303934870 2200 6303934870
6303935125 2201 6303935125
6303935214 2202 6303935214
6303935222 2203 6303935222
6303935397 2204 6303935397
6303935419 2205 6303935419
6303935443 2206 6303935443
630393546X 2207 630393546X
6303935494 2208 6303935494
6303935516 2209 6303935516
6303935702 2210 6303935702
6303943004 2211 6303943004
630394325X 2212 630394325X
6303943314 2213 6303943314
6303943322 2214 6303943322
6303943349 2215 6303943349
630394518X 2216 630394518X
6303945317 2217 6303945317
6303947875 2218 6303947875
6303949436 2219 6303949436
6303949703 2220 6303949703
6303949983 2221 6303949983
6303950000 2222 6303950000
6303952623 2223 6303952623
630395278X 2224 630395278X
6303952984 2225 6303952984
630395331X 2226 630395331X
6303953344 2227 6303953344
6303953441 2228 6303953441
6303953492 2229 6303953492
6303953816 2230 6303953816
6303954103 2231 6303954103
6303954138 2232 6303954138
6303954197 2233 6303954197
6303954227 2234 6303954227
6303954278 2235 6303954278
6303954359 2236 6303954359
6303956998 2237 6303956998
6303957005 2238 6303957005
6303957013 2239 6303957013
6303957064 2240 6303957064
6303960200 2241 6303960200
630396155X 2242 630396155X
6303961568 2243 6303961568
6303962033 2244 6303962033
6303962068 2245 6303962068
6303962440 2246 6303962440
6303962459 2247 6303962459
6303962467 2248 6303962467
6303964745 2249 6303964745
6303964788 2250 6303964788
6303965415 2251 6303965415
6303965792 2252 6303965792
6303968163 2253 6303968163
6303968635 2254 6303968635
6303968651 2255 6303968651
6303972969 2256 6303972969
6303977898 2257 6303977898
630398021X 2258 630398021X
6303980368 2259 6303980368
6303980414 2260 6303980414
6303980813 2261 6303980813
6303982662 2262 6303982662
6303983278 2263 6303983278
6303984088 2264 6303984088
6303985394 2265 6303985394
6303985416 2266 6303985416
6303985637 2267 6303985637
6303985645 2268 6303985645
6303988407 2269 6303988407
6303990452 2270 6303990452
6303995705 2271 6303995705
6303995713 2272 6303995713
6303998046 2273 6303998046
6303998240 2274 6303998240
6303998267 2275 6303998267
6304004540 2276 6304004540
630400463X 2277 630400463X
6304005490 2278 6304005490
6304005504 2279 6304005504
6304005555 2280 6304005555
6304005571 2281 6304005571
6304005946 2282 6304005946
6304005962 2283 6304005962
6304005970 2284 6304005970
6304005989 2285 6304005989
6304006063 2286 6304006063
6304006837 2287 6304006837
6304007647 2288 6304007647
6304008716 2289 6304008716
6304011431 2290 6304011431
630401323X 2291 630401323X
6304014465 2292 6304014465
6304014473 2293 6304014473
630401614X 2294 630401614X
6304016468 2295 6304016468
6304016859 2296 6304016859
6304017049 2297 6304017049
6304017081 2298 6304017081
630401709X 2299 630401709X
630401743X 2300 630401743X
6304017626 2301 6304017626
6304017782 2302 6304017782
6304018959 2303 6304018959
6304019688 2304 6304019688
6304022166 2305 6304022166
6304022492 2306 6304022492
6304022646 2307 6304022646
630402925X 2308 630402925X
6304029977 2309 6304029977
6304030959 2310 6304030959
6304037279 2311 6304037279
6304039115 2312 6304039115
6304039166 2313 6304039166
6304039174 2314 6304039174
6304039190 2315 6304039190
6304039220 2316 6304039220
6304039255 2317 6304039255
6304039301 2318 6304039301
6304039441 2319 6304039441
6304039530 2320 6304039530
6304039549 2321 6304039549
6304039565 2322 6304039565
6304041950 2323 6304041950
6304044836 2324 6304044836
6304045425 2325 6304045425
6304045883 2326 6304045883
6304047916 2327 6304047916
6304052855 2328 6304052855
6304052871 2329 6304052871
630405288X 2330 630405288X
6304052898 2331 6304052898
6304052936 2332 6304052936
6304053517 2333 6304053517
6304053614 2334 6304053614
6304053886 2335 6304053886
6304054106 2336 6304054106
630405422X 2337 630405422X
6304054777 2338 6304054777
6304056745 2339 6304056745
6304056842 2340 6304056842
6304056869 2341 6304056869
6304056877 2342 6304056877
6304056893 2343 6304056893
6304056915 2344 6304056915
6304056931 2345 6304056931
6304056958 2346 6304056958
6304057679 2347 6304057679
6304059639 2348 6304059639
6304059647 2349 6304059647
6304059663 2350 6304059663
6304059671 2351 6304059671
630406182X 2352 630406182X
6304068522 2353 6304068522
6304071787 2354 6304071787
6304071825 2355 6304071825
6304071892 2356 6304071892
6304075413 2357 6304075413
6304077955 2358 6304077955
6304078080 2359 6304078080
6304078102 2360 6304078102
6304078110 2361 6304078110
6304078145 2362 6304078145
6304079990 2363 6304079990
6304080018 2364 6304080018
6304083149 2365 6304083149
6304083246 2366 6304083246
6304083777 2367 6304083777
6304084323 2368 6304084323
6304089112 2369 6304089112
6304089201 2370 6304089201
6304089627 2371 6304089627
6304091990 2372 6304091990
6304092024 2373 6304092024
6304092040 2374 6304092040
6304092350 2375 6304092350
6304094973 2376 6304094973
6304097050 2377 6304097050
6304097824 2378 6304097824
6304099037 2379 6304099037
6304100094 2380 6304100094
6304100507 2381 6304100507
6304101147 2382 6304101147
6304104286 2383 6304104286
6304104294 2384 6304104294
6304104324 2385 6304104324
6304105436 2386 6304105436
6304106025 2387 6304106025
6304106033 2388 6304106033
6304106041 2389 6304106041
630410605X 2390 630410605X
6304107250 2391 6304107250
6304107641 2392 6304107641
630410765X 2393 630410765X
6304108729 2394 6304108729
6304108842 2395 6304108842
6304108869 2396 6304108869
6304108877 2397 6304108877
6304109318 2398 6304109318
6304109717 2399 6304109717
6304111231 2400 6304111231
6304111258 2401 6304111258
6304111282 2402 6304111282
6304111347 2403 6304111347
6304111363 2404 6304111363
6304111762 2405 6304111762
6304111835 2406 6304111835
630411219X 2407 630411219X
6304112289 2408 6304112289
6304113404 2409 6304113404
6304113420 2410 6304113420
6304114583 2411 6304114583
6304114605 2412 6304114605
6304118937 2413 6304118937
6304119046 2414 6304119046
6304119089 2415 6304119089
6304124279 2416 6304124279
6304125941 2417 6304125941
630413231X 2418 630413231X
6304132336 2419 6304132336
6304132344 2420 6304132344
6304132360 2421 6304132360
6304136242 2422 6304136242
6304137168 2423 6304137168
6304139454 2424 6304139454
630414069X 2425 630414069X
6304140908 2426 6304140908
6304142137 2427 6304142137
6304145462 2428 6304145462
630414699X 2429 630414699X
6304147074 2430 6304147074
6304147139 2431 6304147139
6304151225 2432 6304151225
6304152442 2433 6304152442
6304152450 2434 6304152450
6304152469 2435 6304152469
6304153112 2436 6304153112
630415318X 2437 630415318X
6304153260 2438 6304153260
6304153716 2439 6304153716
6304153791 2440 6304153791
6304154178 2441 6304154178
6304155972 2442 6304155972
6304160437 2443 6304160437
6304162200 2444 6304162200
6304166206 2445 6304166206
6304167660 2446 6304167660
6304167725 2447 6304167725
6304168659 2448 6304168659
6304168764 2449 6304168764
6304168780 2450 6304168780
630416923X 2451 630416923X
6304170408 2452 6304170408
6304172761 2453 6304172761
6304176287 2454 6304176287
6304178166 2455 6304178166
6304178360 2456 6304178360
630417893X 2457 630417893X
6304179561 2458 6304179561
6304179979 2459 6304179979
630418431X 2460 630418431X
6304195281 2461 6304195281
6304195397 2462 6304195397
6304196660 2463 6304196660
6304196784 2464 6304196784
6304196873 2465 6304196873
6304196903 2466 6304196903
6304196911 2467 6304196911
6304197632 2468 6304197632
6304198493 2469 6304198493
630420065X 2470 630420065X
6304202652 2471 6304202652
6304202725 2472 6304202725
6304203985 2473 6304203985
6304204906 2474 6304204906
6304209401 2475 6304209401
6304209584 2476 6304209584
6304209908 2477 6304209908
6304211740 2478 6304211740
6304211902 2479 6304211902
6304212135 2480 6304212135
6304212151 2481 6304212151
6304214502 2482 6304214502
6304216939 2483 6304216939
6304217420 2484 6304217420
6304221088 2485 6304221088
6304224621 2486 6304224621
630422513X 2487 630422513X
6304230672 2488 6304230672
6304232764 2489 6304232764
6304233639 2490 6304233639
6304233965 2491 6304233965
6304237677 2492 6304237677
6304238029 2493 6304238029
6304238096 2494 6304238096
6304238118 2495 6304238118
6304238142 2496 6304238142
6304239149 2497 6304239149
6304239297 2498 6304239297
6304239343 2499 6304239343
6304239351 2500 6304239351
6304239815 2501 6304239815
6304240554 2502 6304240554
6304246579 2503 6304246579
6304253249 2504 6304253249
6304258984 2505 6304258984
6304259093 2506 6304259093
6304259158 2507 6304259158
6304263457 2508 6304263457
6304263465 2509 6304263465
6304267835 2510 6304267835
6304267843 2511 6304267843
630426786X 2512 630426786X
6304269064 2513 6304269064
6304271506 2514 6304271506
6304274114 2515 6304274114
6304274122 2516 6304274122
6304274807 2517 6304274807
6304276532 2518 6304276532
6304277385 2519 6304277385
6304278691 2520 6304278691
6304279000 2521 6304279000
6304282699 2522 6304282699
6304285116 2523 6304285116
6304285388 2524 6304285388
6304285396 2525 6304285396
630428540X 2526 630428540X
6304285728 2527 6304285728
6304286325 2528 6304286325
6304286384 2529 6304286384
6304286422 2530 6304286422
6304286457 2531 6304286457
6304286503 2532 6304286503
630428666X 2533 630428666X
6304286783 2534 6304286783
6304286805 2535 6304286805
6304286856 2536 6304286856
6304287305 2537 6304287305
6304288433 2538 6304288433
630428845X 2539 630428845X
6304288492 2540 6304288492
6304288549 2541 6304288549
630428957X 2542 630428957X
6304289685 2543 6304289685
6304290888 2544 6304290888
6304291361 2545 6304291361
6304291701 2546 6304291701
6304291752 2547 6304291752
6304293321 2548 6304293321
6304293488 2549 6304293488
6304293925 2550 6304293925
6304293941 2551 6304293941
6304293968 2552 6304293968
6304297912 2553 6304297912
6304298285 2554 6304298285
6304298315 2555 6304298315
630430420X 2556 630430420X
6304304218 2557 6304304218
6304304285 2558 6304304285
630430756X 2559 630430756X
6304308396 2560 6304308396
630430840X 2561 630430840X
6304308418 2562 6304308418
6304308434 2563 6304308434
6304308469 2564 6304308469
6304308477 2565 6304308477
6304308620 2566 6304308620
6304310099 2567 6304310099
6304311834 2568 6304311834
6304311885 2569 6304311885
6304313446 2570 6304313446
6304316267 2571 6304316267
6304326289 2572 6304326289
6304326297 2573 6304326297
6304328583 2574 6304328583
630432894X 2575 630432894X
6304329008 2576 6304329008
6304331053 2577 6304331053
6304331851 2578 6304331851
6304337124 2579 6304337124
6304337434 2580 6304337434
6304340486 2581 6304340486
6304340532 2582 6304340532
630434063X 2583 630434063X
6304341202 2584 6304341202
6304341849 2585 6304341849
6304342462 2586 6304342462
6304342470 2587 6304342470
630434256X 2588 630434256X
6304343418 2589 6304343418
6304343426 2590 6304343426
6304345062 2591 6304345062
6304346093 2592 6304346093
6304346166 2593 6304346166
6304353634 2594 6304353634
6304354371 2595 6304354371
6304359659 2596 6304359659
6304359721 2597 6304359721
6304360983 2598 6304360983
6304361009 2599 6304361009
6304361238 2600 6304361238
6304362498 2601 6304362498
6304364350 2602 6304364350
6304364776 2603 6304364776
6304366043 2604 6304366043
6304366086 2605 6304366086
6304368534 2606 6304368534
6304368542 2607 6304368542
6304368801 2608 6304368801
6304368828 2609 6304368828
6304375239 2610 6304375239
6304375255 2611 6304375255
6304375301 2612 6304375301
6304375344 2613 6304375344
6304380941 2614 6304380941
6304383169 2615 6304383169
6304383193 2616 6304383193
6304383657 2617 6304383657
6304383827 2618 6304383827
6304383835 2619 6304383835
630438386X 2620 630438386X
630438551X 2621 630438551X
6304385560 2622 6304385560
630438601X 2623 630438601X
6304386168 2624 6304386168
6304389175 2625 6304389175
6304392907 2626 6304392907
6304393121 2627 6304393121
630439408X 2628 630439408X
6304397941 2629 6304397941
6304399146 2630 6304399146
6304400225 2631 6304400225
6304400381 2632 6304400381
6304400810 2633 6304400810
6304401132 2634 6304401132
630440123X 2635 630440123X
6304401248 2636 6304401248
6304401256 2637 6304401256
6304401892 2638 6304401892
6304402074 2639 6304402074
6304402929 2640 6304402929
6304404859 2641 6304404859
6304404905 2642 6304404905
6304405901 2643 6304405901
6304406096 2644 6304406096
630440641X 2645 630440641X
6304410433 2646 6304410433
6304410492 2647 6304410492
6304410832 2648 6304410832
6304411367 2649 6304411367
6304411375 2650 6304411375
6304411413 2651 6304411413
6304411448 2652 6304411448
6304411472 2653 6304411472
630441336X 2654 630441336X
6304414145 2655 6304414145
6304415346 2656 6304415346
6304416415 2657 6304416415
6304416423 2658 6304416423
6304418698 2659 6304418698
6304419708 2660 6304419708
630442065X 2661 630442065X
6304425864 2662 6304425864
6304429207 2663 6304429207
6304429703 2664 6304429703
630442972X 2665 630442972X
6304431848 2666 6304431848
6304432119 2667 6304432119
6304432399 2668 6304432399
6304432402 2669 6304432402
6304432410 2670 6304432410
6304432712 2671 6304432712
630443314X 2672 630443314X
6304435096 2673 6304435096
6304435878 2674 6304435878
6304435886 2675 6304435886
6304436998 2676 6304436998
6304437226 2677 6304437226
6304437234 2678 6304437234
6304437544 2679 6304437544
6304437617 2680 6304437617
6304438060 2681 6304438060
6304438176 2682 6304438176
6304438184 2683 6304438184
6304438192 2684 6304438192
6304438206 2685 6304438206
6304438273 2686 6304438273
6304441630 2687 6304441630
6304442467 2688 6304442467
630444284X 2689 630444284X
6304443307 2690 6304443307
6304446640 2691 6304446640
6304449313 2692 6304449313
6304449372 2693 6304449372
6304452802 2694 6304452802
6304452837 2695 6304452837
6304452845 2696 6304452845
630445287X 2697 630445287X
6304457278 2698 6304457278
6304457316 2699 6304457316
6304457359 2700 6304457359
6304457375 2701 6304457375
6304457391 2702 6304457391
6304458657 2703 6304458657
6304458932 2704 6304458932
6304458975 2705 6304458975
6304459661 2706 6304459661
6304460260 2707 6304460260
6304462484 2708 6304462484
6304462522 2709 6304462522
6304463669 2710 6304463669
6304466110 2711 6304466110
6304466145 2712 6304466145
630446648X 2713 630446648X
6304467788 2714 6304467788
6304474636 2715 6304474636
6304475055 2716 6304475055
6304475357 2717 6304475357
630447587X 2718 630447587X
6304479662 2719 6304479662
6304479670 2720 6304479670
630447976X 2721 630447976X
6304479778 2722 6304479778
6304479786 2723 6304479786
6304479859 2724 6304479859
6304481691 2725 6304481691
630448187X 2726 630448187X
6304483074 2727 6304483074
6304484054 2728 6304484054
6304486529 2729 6304486529
6304490399 2730 6304490399
6304490585 2731 6304490585
6304493053 2732 6304493053
6304493703 2733 6304493703
6304494335 2734 6304494335
630449436X 2735 630449436X
6304494378 2736 6304494378
6304496672 2737 6304496672
6304496788 2738 6304496788
6304496869 2739 6304496869
6304498934 2740 6304498934
6304500769 2741 6304500769
6304500831 2742 6304500831
6304501153 2743 6304501153
6304501668 2744 6304501668
6304501676 2745 6304501676
6304501684 2746 6304501684
6304502362 2747 6304502362
630450389X 2748 630450389X
630450392X 2749 630450392X
6304504039 2750 6304504039
630450733X 2751 630450733X
6304507348 2752 6304507348
6304508441 2753 6304508441
6304508484 2754 6304508484
6304508530 2755 6304508530
6304508549 2756 6304508549
6304509405 2757 6304509405
630451087X 2758 630451087X
630451493X 2759 630451493X
6304525109 2760 6304525109
6304525117 2761 6304525117
6304525168 2762 6304525168
6304525192 2763 6304525192
6304535570 2764 6304535570
6304541333 2765 6304541333
6304542852 2766 6304542852
6304546300 2767 6304546300
630454636X 2768 630454636X
6304550839 2769 6304550839
6304561547 2770 6304561547
630456161X 2771 630456161X
6304561717 2772 6304561717
6304561873 2773 6304561873
6304563752 2774 6304563752
6304570392 2775 6304570392
6304574657 2776 6304574657
6304578474 2777 6304578474
6304578482 2778 6304578482
6304584598 2779 6304584598
6304584954 2780 6304584954
6304595247 2781 6304595247
6304601727 2782 6304601727
6304601867 2783 6304601867
6304602898 2784 6304602898
6304602901 2785 6304602901
6304606206 2786 6304606206
6304610629 2787 6304610629
6304612680 2788 6304612680
6304612982 2789 6304612982
6304613113 2790 6304613113
6304618352 2791 6304618352
6304628153 2792 6304628153
6304632444 2793 6304632444
6304633890 2794 6304633890
6304636571 2795 6304636571
6304642946 2796 6304642946
6304645635 2797 6304645635
6304646127 2798 6304646127
630464972X 2799 630464972X
6304667515 2800 6304667515
6304672128 2801 6304672128
6304673035 2802 6304673035
6304673043 2803 6304673043
630467306X 2804 630467306X
6304673078 2805 6304673078
6304674228 2806 6304674228
6304675143 2807 6304675143
6304675151 2808 6304675151
6304675348 2809 6304675348
6304676956 2810 6304676956
6304679661 2811 6304679661
6304679912 2812 6304679912
6304680104 2813 6304680104
6304680236 2814 6304680236
6304680406 2815 6304680406
6304680465 2816 6304680465
6304680538 2817 6304680538
6304680694 2818 6304680694
6304681003 2819 6304681003
6304681372 2820 6304681372
630468150X 2821 630468150X
6304681526 2822 6304681526
6304686218 2823 6304686218
6304691122 2824 6304691122
630469623X 2825 630469623X
6304697988 2826 6304697988
6304698305 2827 6304698305
6304698771 2828 6304698771
6304701527 2829 6304701527
6304707029 2830 6304707029
6304707045 2831 6304707045
6304707622 2832 6304707622
6304718764 2833 6304718764
6304727127 2834 6304727127
6304735677 2835 6304735677
6304744404 2836 6304744404
6304753322 2837 6304753322
6304756410 2838 6304756410
6304762496 2839 6304762496
630476300X 2840 630476300X
6304766742 2841 6304766742
6304766750 2842 6304766750
6304773285 2843 6304773285
6304773307 2844 6304773307
6304773366 2845 6304773366
6304773404 2846 6304773404
6304773439 2847 6304773439
6304779607 2848 6304779607
6304785801 2849 6304785801
6304792093 2850 6304792093
6304795254 2851 6304795254
6304797567 2852 6304797567
6304798466 2853 6304798466
6304806450 2854 6304806450
6304808038 2855 6304808038
6304812817 2856 6304812817
6304813759 2857 6304813759
6304818254 2858 6304818254
6304818262 2859 6304818262
6304818270 2860 6304818270
6304819463 2861 6304819463
6304819927 2862 6304819927
6304821522 2863 6304821522
630482615X 2864 630482615X
6304826184 2865 6304826184
6304843267 2866 6304843267
6304844948 2867 6304844948
6304844964 2868 6304844964
6304846126 2869 6304846126
6304847211 2870 6304847211
6304850549 2871 6304850549
6304852800 2872 6304852800
6304861672 2873 6304861672
6304861702 2874 6304861702
6304864043 2875 6304864043
6304868235 2876 6304868235
6304872402 2877 6304872402
6304879482 2878 6304879482
6304891784 2879 6304891784
6304899351 2880 6304899351
6304899963 2881 6304899963
6304905386 2882 6304905386
6304907729 2883 6304907729
6304909896 2884 6304909896
630491010X 2885 630491010X
6304910150 2886 6304910150
6304911599 2887 6304911599
6304911696 2888 6304911696
6304913893 2889 6304913893
6304922418 2890 6304922418
6304922868 2891 6304922868
6304923082 2892 6304923082
6304926413 2893 6304926413
630492643X 2894 630492643X
6304932561 2895 6304932561
6304938748 2896 6304938748
6304946554 2897 6304946554
6304946805 2898 6304946805
6304953585 2899 6304953585
6304953739 2900 6304953739
6304953747 2901 6304953747
6304960654 2902 6304960654
6304961693 2903 6304961693
6304963173 2904 6304963173
6304972857 2905 6304972857
6304973004 2906 6304973004
6304973411 2907 6304973411
630497342X 2908 630497342X
6304978286 2909 6304978286
6304981643 2910 6304981643
6304983786 2911 6304983786
6304994540 2912 6304994540
6304994567 2913 6304994567
6305005893 2914 6305005893
6305006571 2915 6305006571
6305006598 2916 6305006598
630500661X 2917 630500661X
6305009589 2918 6305009589
6305010528 2919 6305010528
6305010609 2920 6305010609
6305012814 2921 6305012814
6305013578 2922 6305013578
6305017271 2923 6305017271
6305020086 2924 6305020086
6305020817 2925 6305020817
6305029482 2926 6305029482
6305034397 2927 6305034397
6305037728 2928 6305037728
6305046565 2929 6305046565
6305046921 2930 6305046921
6305048282 2931 6305048282
6305051089 2932 6305051089
630505116X 2933 630505116X
6305056862 2934 6305056862
6305063486 2935 6305063486
6305063508 2936 6305063508
6305066833 2937 6305066833
630506685X 2938 630506685X
6305066906 2939 6305066906
6305074143 2940 6305074143
630507416X 2941 630507416X
6305074216 2942 6305074216
6305074305 2943 6305074305
6305076154 2944 6305076154
6305076456 2945 6305076456
6305076693 2946 6305076693
6305076731 2947 6305076731
6305077754 2948 6305077754
6305077959 2949 6305077959
6305078246 2950 6305078246
6305078599 2951 6305078599
6305078947 2952 6305078947
6305080259 2953 6305080259
6305080461 2954 6305080461
6305081832 2955 6305081832
6305082448 2956 6305082448
6305087393 2957 6305087393
6305090238 2958 6305090238
6305090343 2959 6305090343
6305099081 2960 6305099081
6305103526 2961 6305103526
6305111650 2962 6305111650
6305112878 2963 6305112878
6305112894 2964 6305112894
6305112924 2965 6305112924
6305116318 2966 6305116318
6305119112 2967 6305119112
6305119309 2968 6305119309
6305120021 2969 6305120021
6305120080 2970 6305120080
6305124345 2971 6305124345
6305127654 2972 6305127654
6305128952 2973 6305128952
6305128960 2974 6305128960
6305132143 2975 6305132143
6305132666 2976 6305132666
6305133425 2977 6305133425
6305133514 2978 6305133514
6305134979 2979 6305134979
6305136653 2980 6305136653
6305137196 2981 6305137196
630513720X 2982 630513720X
6305137382 2983 6305137382
630514415X 2984 630514415X
6305161879 2985 6305161879
6305161895 2986 6305161895
6305162026 2987 6305162026
6305162042 2988 6305162042
6305164215 2989 6305164215
6305165823 2990 6305165823
630516584X 2991 630516584X
6305165882 2992 6305165882
6305166552 2993 6305166552
6305168822 2994 6305168822
6305169187 2995 6305169187
6305171718 2996 6305171718
6305171769 2997 6305171769
630517511X 2998 630517511X
6305177341 2999 6305177341
6305177473 3000 6305177473
6305180261 3001 6305180261
6305181179 3002 6305181179
6305181381 3003 6305181381
6305182205 3004 6305182205
6305183023 3005 6305183023
6305183244 3006 6305183244
6305183287 3007 6305183287
6305183309 3008 6305183309
6305186618 3009 6305186618
6305186642 3010 6305186642
6305186677 3011 6305186677
6305186693 3012 6305186693
6305186731 3013 6305186731
6305189382 3014 6305189382
6305191883 3015 6305191883
6305203725 3016 6305203725
6305203768 3017 6305203768
6305205787 3018 6305205787
6305209979 3019 6305209979
6305210101 3020 6305210101
6305210144 3021 6305210144
630521087X 3022 630521087X
6305214522 3023 6305214522
6305214646 3024 6305214646
630522207X 3025 630522207X
630522269X 3026 630522269X
6305222711 3027 6305222711
6305222738 3028 6305222738
6305222754 3029 6305222754
6305226156 3030 6305226156
6305226172 3031 6305226172
6305226199 3032 6305226199
6305226601 3033 6305226601
630522661X 3034 630522661X
6305229449 3035 6305229449
6305230226 3036 6305230226
6305235074 3037 6305235074
6305235120 3038 6305235120
6305238065 3039 6305238065
6305240019 3040 6305240019
6305240035 3041 6305240035
6305240655 3042 6305240655
6305240671 3043 6305240671
6305242178 3044 6305242178
6305248869 3045 6305248869
6305252599 3046 6305252599
6305257450 3047 6305257450
6305259429 3048 6305259429
6305261326 3049 6305261326
6305261490 3050 6305261490
6305261970 3051 6305261970
6305262128 3052 6305262128
6305262241 3053 6305262241
6305262268 3054 6305262268
6305262454 3055 6305262454
6305263213 3056 6305263213
6305263299 3057 6305263299
6305265496 3058 6305265496
630526564X 3059 630526564X
6305268827 3060 6305268827
6305268843 3061 6305268843
6305268916 3062 6305268916
6305268924 3063 6305268924
6305280665 3064 6305280665
6305291403 3065 6305291403
630529285X 3066 630529285X
6305295522 3067 6305295522
6305297525 3068 6305297525
6305299951 3069 6305299951
6305300550 3070 6305300550
6305300887 3071 6305300887
630530260X 3072 630530260X
6305308802 3073 6305308802
6305308845 3074 6305308845
6305310351 3075 6305310351
6305320098 3076 6305320098
6305320179 3077 6305320179
6305320950 3078 6305320950
6305324808 3079 6305324808
6305326940 3080 6305326940
630533580X 3081 630533580X
6305340528 3082 6305340528
6305342741 3083 6305342741
6305353549 3084 6305353549
6305358591 3085 6305358591
6305362688 3086 6305362688
6305362998 3087 6305362998
6305363528 3088 6305363528
6305364206 3089 6305364206
6305365121 3090 6305365121
6305368201 3091 6305368201
6305372594 3092 6305372594
6305372837 3093 6305372837
6305385033 3094 6305385033
6305389004 3095 6305389004
6305389225 3096 6305389225
6305400989 3097 6305400989
6305413126 3098 6305413126
6305416192 3099 6305416192
6305416222 3100 6305416222
6305417830 3101 6305417830
6305426651 3102 6305426651
6305428093 3103 6305428093
6305428115 3104 6305428115
6305428158 3105 6305428158
6305428220 3106 6305428220
6305428239 3107 6305428239
6305428247 3108 6305428247
6305428255 3109 6305428255
630542828X 3110 630542828X
6305428298 3111 6305428298
630542845X 3112 630542845X
6305432317 3113 6305432317
6305438137 3114 6305438137
6305438420 3115 6305438420
630543848X 3116 630543848X
6305438498 3117 6305438498
6305447187 3118 6305447187
6305447233 3119 6305447233
6305459452 3120 6305459452
6305459525 3121 6305459525
6305461872 3122 6305461872
6305463425 3123 6305463425
6305470146 3124 6305470146
6305470448 3125 6305470448
6305470464 3126 6305470464
6305470499 3127 6305470499
6305475695 3128 6305475695
6305480869 3129 6305480869
6305487871 3130 6305487871
6305488215 3131 6305488215
6305492042 3132 6305492042
6305492247 3133 6305492247
6305493820 3134 6305493820
6305495483 3135 6305495483
6305495777 3136 6305495777
6305496951 3137 6305496951
6305499365 3138 6305499365
6305499446 3139 6305499446
6305501076 3140 6305501076
6305505101 3141 6305505101
6305506604 3142 6305506604
6305508534 3143 6305508534
6305512043 3144 6305512043
6305526079 3145 6305526079
630553201X 3146 630553201X
6305537402 3147 6305537402
630553764X 3148 630553764X
6305537798 3149 6305537798
6305537801 3150 6305537801
6305538018 3151 6305538018
6305538328 3152 6305538328
6305538972 3153 6305538972
6305551235 3154 6305551235
6305554420 3155 6305554420
6305562822 3156 6305562822
6305564345 3157 6305564345
6305568901 3158 6305568901
6305570051 3159 6305570051
6305573832 3160 6305573832
6305574944 3161 6305574944
6305575762 3162 6305575762
630557605X 3163 630557605X
6305596247 3164 6305596247
6305599033 3165 6305599033
630560097X 3166 630560097X
6305604819 3167 6305604819
6305608253 3168 6305608253
6305609764 3169 6305609764
6305613516 3170 6305613516
6305613524 3171 6305613524
6305616027 3172 6305616027
6305622736 3173 6305622736
6305622825 3174 6305622825
6305627401 3175 6305627401
6305639426 3176 6305639426
6305645523 3177 6305645523
6305650691 3178 6305650691
6305657939 3179 6305657939
6305664110 3180 6305664110
6305668353 3181 6305668353
6305668426 3182 6305668426
6305674108 3183 6305674108
6305674116 3184 6305674116
6305678715 3185 6305678715
6305692688 3186 6305692688
630569270X 3187 630569270X
6305701261 3188 6305701261
6305701512 3189 6305701512
630570189X 3190 630570189X
630571035X 3191 630571035X
6305710473 3192 6305710473
630571312X 3193 630571312X
6305713529 3194 6305713529
6305714886 3195 6305714886
6305717001 3196 6305717001
6305718903 3197 6305718903
6305730997 3198 6305730997
6305732329 3199 6305732329
6305732345 3200 6305732345
6305732388 3201 6305732388
630573240X 3202 630573240X
6305733651 3203 6305733651
6305736685 3204 6305736685
6305741921 3205 6305741921
6305742030 3206 6305742030
6305746583 3207 6305746583
6305748853 3208 6305748853
630574999X 3209 630574999X
6305755175 3210 6305755175
6305761213 3211 6305761213
6305763305 3212 6305763305
6305763313 3213 6305763313
630576333X 3214 630576333X
630576350X 3215 630576350X
6305767866 3216 6305767866
6305770182 3217 6305770182
6305772835 3218 6305772835
6305777837 3219 6305777837
6305781052 3220 6305781052
6305784906 3221 6305784906
6305785252 3222 6305785252
6305789304 3223 6305789304
6305789312 3224 6305789312
6305796297 3225 6305796297
630579720X 3226 630579720X
6305799687 3227 6305799687
6305800073 3228 6305800073
630580706X 3229 630580706X
630580740X 3230 630580740X
6305807426 3231 6305807426
6305807655 3232 6305807655
6305807671 3233 6305807671
6305807760 3234 6305807760
630580785X 3235 630580785X
6305807914 3236 6305807914
6305807922 3237 6305807922
6305808066 3238 6305808066
6305808139 3239 6305808139
6305808155 3240 6305808155
6305809135 3241 6305809135
630581001X 3242 630581001X
6305810109 3243 6305810109
6305810125 3244 6305810125
6305812020 3245 6305812020
6305812071 3246 6305812071
6305812187 3247 6305812187
6305812225 3248 6305812225
6305812233 3249 6305812233
6305812306 3250 6305812306
6305814627 3251 6305814627
6305814694 3252 6305814694
6305818282 3253 6305818282
6305828075 3254 6305828075
6305831661 3255 6305831661
6305832412 3256 6305832412
6305836663 3257 6305836663
6305837104 3258 6305837104
6305837325 3259 6305837325
6305837406 3260 6305837406
6305837562 3261 6305837562
6305840091 3262 6305840091
6305842000 3263 6305842000
6305847045 3264 6305847045
6305868913 3265 6305868913
6305870160 3266 6305870160
6305870187 3267 6305870187
6305870896 3268 6305870896
6305873461 3269 6305873461
6305874867 3270 6305874867
630587493X 3271 630587493X
6305882010 3272 6305882010
6305892806 3273 6305892806
6305892946 3274 6305892946
630589423X 3275 630589423X
6305897786 3276 6305897786
6305906807 3277 6305906807
6305908419 3278 6305908419
6305908532 3279 6305908532
6305910529 3280 6305910529
6305918708 3281 6305918708
6305922640 3282 6305922640
6305930457 3283 6305930457
6305940932 3284 6305940932
6305942331 3285 6305942331
6305943133 3286 6305943133
6305943389 3287 6305943389
6305949638 3288 6305949638
6305949662 3289 6305949662
6305949743 3290 6305949743
6305950539 3291 6305950539
6305951446 3292 6305951446
6305958041 3293 6305958041
630595805X 3294 630595805X
6305958076 3295 6305958076
6305958165 3296 6305958165
6305958181 3297 6305958181
6305962596 3298 6305962596
6305963088 3299 6305963088
6305963126 3300 6305963126
6305968896 3301 6305968896
6305970955 3302 6305970955
6305971714 3303 6305971714
6305971935 3304 6305971935
6305972028 3305 6305972028
6305972060 3306 6305972060
6305972079 3307 6305972079
6305972338 3308 6305972338
6305972370 3309 6305972370
6305972451 3310 6305972451
6305972923 3311 6305972923
6305976384 3312 6305976384
6306010513 3313 6306010513
6306010939 3314 6306010939
6306012052 3315 6306012052
6306012400 3316 6306012400
6819903456 3317 6819903456
7300143032 3318 7300143032
7502596496 3319 7502596496
7538445226 3320 7538445226
7560072771 3321 7560072771
7799120991 3322 7799120991
7799127775 3323 7799127775
7799128836 3324 7799128836
779913027X 3325 779913027X
7799133104 3326 7799133104
7799144076 3327 7799144076
7799145048 3328 7799145048
7799146915 3329 7799146915
7799146958 3330 7799146958
7799437278 3331 7799437278
7799444371 3332 7799444371
7880879625 3333 7880879625
7883631101 3334 7883631101
7883639161 3335 7883639161
7883666630 3336 7883666630
7883685635 3337 7883685635
788370091X 3338 788370091X
7883704559 3339 7883704559
7883704591 3340 7883704591
7883706837 3341 7883706837
7884063387 3342 7884063387
7885142396 3343 7885142396
7885142485 3344 7885142485
7885142507 3345 7885142507
7885142515 3346 7885142515
7885142523 3347 7885142523
7885142604 3348 7885142604
7885142612 3349 7885142612
7885142671 3350 7885142671
7885142833 3351 7885142833
7885142892 3352 7885142892
788572560X 3353 788572560X
7885727343 3354 7885727343
7885729656 3355 7885729656
7885880605 3356 7885880605
7885880966 3357 7885880966
7885887014 3358 7885887014
8371341318 3359 8371341318
837255773X 3360 837255773X
8379891716 3361 8379891716
8901732319 3362 8901732319
985357456X 3363 985357456X
B000001A5E 3364 B000001A5E
B000001BTW 3365 B000001BTW
B00000214T 3366 B00000214T
B0000022L1 3367 B0000022L1
B0000022W1 3368 B0000022W1
B0000022WA 3369 B0000022WA
B00000289T 3370 B00000289T
B0000039BK 3371 B0000039BK
B0000039D3 3372 B0000039D3
B0000039D5 3373 B0000039D5
B0000039D6 3374 B0000039D6
B0000039D7 3375 B0000039D7
B0000039I6 3376 B0000039I6
B0000039LU 3377 B0000039LU
B0000039NC 3378 B0000039NC
B000003KCU 3379 B000003KCU
B000003KDD 3380 B000003KDD
B000003KE0 3381 B000003KE0
B000003KHS 3382 B000003KHS
B000003KJX 3383 B000003KJX
B000003KLO 3384 B000003KLO
B000003KMM 3385 B000003KMM
B000003NDA 3386 B000003NDA
B0000040EK 3387 B0000040EK
B0000040H2 3388 B0000040H2
B0000042BZ 3389 B0000042BZ
B0000048V8 3390 B0000048V8
B0000048YO 3391 B0000048YO
B000004918 3392 B000004918
B0000049FK 3393 B0000049FK
B000005F8H 3394 B000005F8H
B000005QH3 3395 B000005QH3
B000005QHG 3396 B000005QHG
B000005QLO 3397 B000005QLO
B000005QRV 3398 B000005QRV
B000005QSO 3399 B000005QSO
B000005WSP 3400 B000005WSP
B000005XPV 3401 B000005XPV
B000005XRS 3402 B000005XRS
B000005XXD 3403 B000005XXD
B000005XY3 3404 B000005XY3
B0000060W6 3405 B0000060W6
B0000060X7 3406 B0000060X7
B0000063XU 3407 B0000063XU
B000006561 3408 B000006561
B00000657W 3409 B00000657W
B000006584 3410 B000006584
B0000065M3 3411 B0000065M3
B0000065MQ 3412 B0000065MQ
B0000065MW 3413 B0000065MW
B0000065MX 3414 B0000065MX
B0000065N8 3415 B0000065N8
B0000066CQ 3416 B0000066CQ
B000006934 3417 B000006934
B000006BQM 3418 B000006BQM
B000006DAL 3419 B000006DAL
B000006FFU 3420 B000006FFU
B000006FKX 3421 B000006FKX
B000006FNL 3422 B000006FNL
B000006GDA 3423 B000006GDA
B000006GDN 3424 B000006GDN
B000006GDX 3425 B000006GDX
B000006GE1 3426 B000006GE1
B000006GE5 3427 B000006GE5
B000006GF6 3428 B000006GF6
B000006GFB 3429 B000006GFB
B000006GST 3430 B000006GST
B000006GTO 3431 B000006GTO
B000006J4H 3432 B000006J4H
B000006ND5 3433 B000006ND5
B000006PAB 3434 B000006PAB
B000006PE1 3435 B000006PE1
B000006QGL 3436 B000006QGL
B000007MW8 3437 B000007MW8
B000007NTY 3438 B000007NTY
B000007PAP 3439 B000007PAP
B000007PPU 3440 B000007PPU
B000007PQ8 3441 B000007PQ8
B000007T1D 3442 B000007T1D
B000009DTN 3443 B000009DTN
B000009O12 3444 B000009O12
B000009PPZ 3445 B000009PPZ
B000009RZN 3446 B000009RZN
B000009S2E 3447 B000009S2E
B00000AOAH 3448 B00000AOAH
B00000AOAV 3449 B00000AOAV
B00000DFR0 3450 B00000DFR0
B00000EZRQ 3451 B00000EZRQ
B00000EZWV 3452 B00000EZWV
B00000EZZ8 3453 B00000EZZ8
B00000F06S 3454 B00000F06S
B00000F0YO 3455 B00000F0YO
B00000F14W 3456 B00000F14W
B00000F2GH 3457 B00000F2GH
B00000F2L9 3458 B00000F2L9
B00000F2LK 3459 B00000F2LK
B00000F2M4 3460 B00000F2M4
B00000F2UF 3461 B00000F2UF
B00000F2Y6 3462 B00000F2Y6
B00000F2YC 3463 B00000F2YC
B00000F316 3464 B00000F316
B00000F31K 3465 B00000F31K
B00000F356 3466 B00000F356
B00000F37T 3467 B00000F37T
B00000F39T 3468 B00000F39T
B00000F3CD 3469 B00000F3CD
B00000F3CX 3470 B00000F3CX
B00000F3GI 3471 B00000F3GI
B00000F3JB 3472 B00000F3JB
B00000F3NB 3473 B00000F3NB
B00000F40X 3474 B00000F40X
B00000F4EO 3475 B00000F4EO
B00000F4IE 3476 B00000F4IE
B00000F4IS 3477 B00000F4IS
B00000F4KD 3478 B00000F4KD
B00000F4L5 3479 B00000F4L5
B00000F4MA 3480 B00000F4MA
B00000F4MO 3481 B00000F4MO
B00000F4ZY 3482 B00000F4ZY
B00000F5B0 3483 B00000F5B0
B00000F5B5 3484 B00000F5B5
B00000F5EO 3485 B00000F5EO
B00000F5KA 3486 B00000F5KA
B00000F5N1 3487 B00000F5N1
B00000F5OT 3488 B00000F5OT
B00000F5W8 3489 B00000F5W8
B00000F61N 3490 B00000F61N
B00000F62D 3491 B00000F62D
B00000F67S 3492 B00000F67S
B00000F7AE 3493 B00000F7AE
B00000F7E6 3494 B00000F7E6
B00000F8KW 3495 B00000F8KW
B00000F9I1 3496 B00000F9I1
B00000FA91 3497 B00000FA91
B00000FB1U 3498 B00000FB1U
B00000FBC9 3499 B00000FBC9
B00000FCYU 3500 B00000FCYU
B00000FCYX 3501 B00000FCYX
B00000FDVT 3502 B00000FDVT
B00000FDXT 3503 B00000FDXT
B00000FDYZ 3504 B00000FDYZ
B00000FDZU 3505 B00000FDZU
B00000FELK 3506 B00000FELK
B00000FELL 3507 B00000FELL
B00000FELM 3508 B00000FELM
B00000FYPB 3509 B00000FYPB
B00000FYWR 3510 B00000FYWR
B00000FZ5B 3511 B00000FZ5B
B00000FZZW 3512 B00000FZZW
B00000G02H 3513 B00000G02H
B00000G07E 3514 B00000G07E
B00000G0CS 3515 B00000G0CS
B00000G3BN 3516 B00000G3BN
B00000G3GH 3517 B00000G3GH
B00000G3KV 3518 B00000G3KV
B00000G3L0 3519 B00000G3L0
B00000G3O5 3520 B00000G3O5
B00000G3P0 3521 B00000G3P0
B00000G3PL 3522 B00000G3PL
B00000G3R0 3523 B00000G3R0
B00000G3RI 3524 B00000G3RI
B00000HF14 3525 B00000HF14
B00000I1DU 3526 B00000I1DU
B00000I1IL 3527 B00000I1IL
B00000I682 3528 B00000I682
B00000IBKT 3529 B00000IBKT
B00000IBKY 3530 B00000IBKY
B00000IBLC 3531 B00000IBLC
B00000IBMA 3532 B00000IBMA
B00000IBMB 3533 B00000IBMB
B00000IBMC 3534 B00000IBMC
B00000IBMF 3535 B00000IBMF
B00000IBPA 3536 B00000IBPA
B00000IBRL 3537 B00000IBRL
B00000IBS7 3538 B00000IBS7
B00000IBS9 3539 B00000IBS9
B00000IC7G 3540 B00000IC7G
B00000IC7Q 3541 B00000IC7Q
B00000IC8A 3542 B00000IC8A
B00000IC8Z 3543 B00000IC8Z
B00000IC9T 3544 B00000IC9T
B00000ICHI 3545 B00000ICHI
B00000ICYF 3546 B00000ICYF
B00000ILBK 3547 B00000ILBK
B00000ILE5 3548 B00000ILE5
B00000ILE9 3549 B00000ILE9
B00000ILEA 3550 B00000ILEA
B00000ILG0 3551 B00000ILG0
B00000INCI 3552 B00000INCI
B00000INF7 3553 B00000INF7
B00000INUB 3554 B00000INUB
B00000IPG4 3555 B00000IPG4
B00000IPHK 3556 B00000IPHK
B00000IPHP 3557 B00000IPHP
B00000IQBP 3558 B00000IQBP
B00000IQVM 3559 B00000IQVM
B00000IQVS 3560 B00000IQVS
B00000IRBR 3561 B00000IRBR
B00000IREB 3562 B00000IREB
B00000IRED 3563 B00000IRED
B00000IXPF 3564 B00000IXPF
B00000IXPN 3565 B00000IXPN
B00000IYQR 3566 B00000IYQR
B00000J2JB 3567 B00000J2JB
B00000J2JC 3568 B00000J2JC
B00000J2KE 3569 B00000J2KE
B00000JDIL 3570 B00000JDIL
B00000JGDT 3571 B00000JGDT
B00000JGE6 3572 B00000JGE6
B00000JGOJ 3573 B00000JGOJ
B00000JKNV 3574 B00000JKNV
B00000JKSG 3575 B00000JKSG
B00000JKU4 3576 B00000JKU4
B00000JKXX 3577 B00000JKXX
B00000JLVZ 3578 B00000JLVZ
B00000JLWQ 3579 B00000JLWQ
B00000JLWR 3580 B00000JLWR
B00000JMOE 3581 B00000JMOE
B00000JMOI 3582 B00000JMOI
B00000JMQ5 3583 B00000JMQ5
B00000JNBC 3584 B00000JNBC
B00000JNBP 3585 B00000JNBP
B00000JNCI 3586 B00000JNCI
B00000JPGP 3587 B00000JPGP
B00000JPH0 3588 B00000JPH0
B00000JQTW 3589 B00000JQTW
B00000JQU8 3590 B00000JQU8
B00000JQUA 3591 B00000JQUA
B00000JQUG 3592 B00000JQUG
B00000JQV3 3593 B00000JQV3
B00000JRWE 3594 B00000JRWE
B00000JSJ5 3595 B00000JSJ5
B00000JWVS 3596 B00000JWVS
B00000JWW7 3597 B00000JWW7
B00000JYLZ 3598 B00000JYLZ
B00000JYWU 3599 B00000JYWU
B00000JZHG 3600 B00000JZHG
B00000JZIJ 3601 B00000JZIJ
B00000JZIM 3602 B00000JZIM
B00000K0DV 3603 B00000K0DV
B00000K13T 3604 B00000K13T
B00000K2X9 3605 B00000K2X9
B00000K32I 3606 B00000K32I
B00000K32N 3607 B00000K32N
B00000K3AM 3608 B00000K3AM
B00000K3UG 3609 B00000K3UG
B00000K3UU 3610 B00000K3UU
B00000K4ZH 3611 B00000K4ZH
B00001IVEC 3612 B00001IVEC
B00001IVFF 3613 B00001IVFF
B00001IVFP 3614 B00001IVFP
B00001ODGH 3615 B00001ODGH
B00001ODHD 3616 B00001ODHD
B00001TZ5Z 3617 B00001TZ5Z
B00001TZ6P 3618 B00001TZ6P
B00001U0DJ 3619 B00001U0DJ
B00001U0DT 3620 B00001U0DT
B00001U0G5 3621 B00001U0G5
B00001U0GS 3622 B00001U0GS
B00001W0FF 3623 B00001W0FF
B00001W9FY 3624 B00001W9FY
B00001WY7P 3625 B00001WY7P
B00001ZWQN 3626 B00001ZWQN
B00001ZWTS 3627 B00001ZWTS
B0000203Y5 3628 B0000203Y5
B0000214GE 3629 B0000214GE
B000021Y6K 3630 B000021Y6K
B000021Y6L 3631 B000021Y6L
B000021Y6N 3632 B000021Y6N
B000021Y7C 3633 B000021Y7C
B000022TS5 3634 B000022TS5
B000022TSA 3635 B000022TSA
B000022TSH 3636 B000022TSH
B000028U3R 3637 B000028U3R
B00002E22E 3638 B00002E22E
B00002E23E 3639 B00002E23E
B00002E23H 3640 B00002E23H
B00002E24F 3641 B00002E24F
B00002E24S 3642 B00002E24S
B00002EQ0H 3643 B00002EQ0H
B00002EQ0I 3644 B00002EQ0I
B00002EQ0O 3645 B00002EQ0O
B00002IJ48 3646 B00002IJ48
B00002JWYJ 3647 B00002JWYJ
B00002JWYZ 3648 B00002JWYZ
B00002JWZT 3649 B00002JWZT
B00002ND79 3650 B00002ND79
B00002RAOU 3651 B00002RAOU
B00002RASO 3652 B00002RASO
B00002VW6M 3653 B00002VW6M
B00002ZMNF 3654 B00002ZMNF
B000031EGT 3655 B000031EGT
B000031EGU 3656 B000031EGU
B000035P6F 3657 B000035P6F
B000035P6X 3658 B000035P6X
B000035P6Z 3659 B000035P6Z
B000035P7B 3660 B000035P7B
B000035P7M 3661 B000035P7M
B000035P86 3662 B000035P86
B000035P8B 3663 B000035P8B
B000035Z1M 3664 B000035Z1M
B000035Z1R 3665 B000035Z1R
B000035Z2A 3666 B000035Z2A
B000035Z2V 3667 B000035Z2V
B000035Z3G 3668 B000035Z3G
B000035Z46 3669 B000035Z46
B0000372I2 3670 B0000372I2
B000038I0Y 3671 B000038I0Y
B000038IFO 3672 B000038IFO
B0000399W9 3673 B0000399W9
B0000399WG 3674 B0000399WG
B0000399WM 3675 B0000399WM
B00003BDZW 3676 B00003BDZW
B00003BDZY 3677 B00003BDZY
B00003CWLI 3678 B00003CWLI
B00003CWOT 3679 B00003CWOT
B00003CWPL 3680 B00003CWPL
B00003CWQ9 3681 B00003CWQ9
B00003CWQL 3682 B00003CWQL
B00003CWS2 3683 B00003CWS2
B00003CWT6 3684 B00003CWT6
B00003CX44 3685 B00003CX44
B00003CX6D 3686 B00003CX6D
B00003CX73 3687 B00003CX73
B00003CX8I 3688 B00003CX8I
B00003CX9I 3689 B00003CX9I
B00003CXBK 3690 B00003CXBK
B00003CXC6 3691 B00003CXC6
B00003CXD7 3692 B00003CXD7
B00003CXDJ 3693 B00003CXDJ
B00003CXDR 3694 B00003CXDR
B00003CXE6 3695 B00003CXE6
B00003CXF4 3696 B00003CXF4
B00003CXFU 3697 B00003CXFU
B00003CXGR 3698 B00003CXGR
B00003CXH1 3699 B00003CXH1
B00003CXHG 3700 B00003CXHG
B00003CXHJ 3701 B00003CXHJ
B00003CXHM 3702 B00003CXHM
B00003CXI6 3703 B00003CXI6
B00003CXIA 3704 B00003CXIA
B00003CXIF 3705 B00003CXIF
B00003CXIS 3706 B00003CXIS
B00003CXIU 3707 B00003CXIU
B00003CXIY 3708 B00003CXIY
B00003CXJ1 3709 B00003CXJ1
B00003CXJ4 3710 B00003CXJ4
B00003CXJ9 3711 B00003CXJ9
B00003CXJY 3712 B00003CXJY
B00003CXK7 3713 B00003CXK7
B00003CXKA 3714 B00003CXKA
B00003CXKD 3715 B00003CXKD
B00003CXKJ 3716 B00003CXKJ
B00003CXKS 3717 B00003CXKS
B00003CXKT 3718 B00003CXKT
B00003CXL4 3719 B00003CXL4
B00003CXL6 3720 B00003CXL6
B00003CXLD 3721 B00003CXLD
B00003CXLM 3722 B00003CXLM
B00003CXLS 3723 B00003CXLS
B00003CXMG 3724 B00003CXMG
B00003CXMO 3725 B00003CXMO
B00003CXMV 3726 B00003CXMV
B00003CXMY 3727 B00003CXMY
B00003CXN4 3728 B00003CXN4
B00003CXND 3729 B00003CXND
B00003CXNX 3730 B00003CXNX
B00003CXO1 3731 B00003CXO1
B00003CXO3 3732 B00003CXO3
B00003CXP0 3733 B00003CXP0
B00003CXP1 3734 B00003CXP1
B00003CXP9 3735 B00003CXP9
B00003CXPD 3736 B00003CXPD
B00003CXPO 3737 B00003CXPO
B00003CXPV 3738 B00003CXPV
B00003CXQ0 3739 B00003CXQ0
B00003CXQ6 3740 B00003CXQ6
B00003CXQA 3741 B00003CXQA
B00003CXQM 3742 B00003CXQM
B00003CXQS 3743 B00003CXQS
B00003CXR1 3744 B00003CXR1
B00003CXR3 3745 B00003CXR3
B00003CXRA 3746 B00003CXRA
B00003CXRM 3747 B00003CXRM
B00003CXRO 3748 B00003CXRO
B00003CXRY 3749 B00003CXRY
B00003CXS4 3750 B00003CXS4
B00003CXS7 3751 B00003CXS7
B00003CXS9 3752 B00003CXS9
B00003CXSA 3753 B00003CXSA
B00003CXSF 3754 B00003CXSF
B00003CXSH 3755 B00003CXSH
B00003CXSO 3756 B00003CXSO
B00003CXT7 3757 B00003CXT7
B00003CXT9 3758 B00003CXT9
B00003CXTL 3759 B00003CXTL
B00003CXTO 3760 B00003CXTO
B00003CXUM 3761 B00003CXUM
B00003CXUP 3762 B00003CXUP
B00003CXUZ 3763 B00003CXUZ
B00003CXWF 3764 B00003CXWF
B00003CXWJ 3765 B00003CXWJ
B00003CXWM 3766 B00003CXWM
B00003CXXG 3767 B00003CXXG
B00003CXXI 3768 B00003CXXI
B00003CXXP 3769 B00003CXXP
B00003CXXR 3770 B00003CXXR
B00003CXXY 3771 B00003CXXY
B00003CXZ1 3772 B00003CXZ1
B00003CXZ3 3773 B00003CXZ3
B00003CY27 3774 B00003CY27
B00003CY2S 3775 B00003CY2S
B00003CY51 3776 B00003CY51
B00003CY57 3777 B00003CY57
B00003CY5A 3778 B00003CY5A
B00003CY5C 3779 B00003CY5C
B00003CY5F 3780 B00003CY5F
B00003CY5H 3781 B00003CY5H
B00003CY5P 3782 B00003CY5P
B00003CY5U 3783 B00003CY5U
B00003CY67 3784 B00003CY67
B00003CY69 3785 B00003CY69
B00003CY6C 3786 B00003CY6C
B00003CY6O 3787 B00003CY6O
B00003CYJ4 3788 B00003CYJ4
B00003CYLJ 3789 B00003CYLJ
B00003ETJV 3790 B00003ETJV
B00003G4IR 3791 B00003G4IR
B00003GPEZ 3792 B00003GPEZ
B00003JRAI 3793 B00003JRAI
B00003JRAJ 3794 B00003JRAJ
B00003JRAV 3795 B00003JRAV
B00003L9BF 3796 B00003L9BF
B00003L9CE 3797 B00003L9CE
B00003L9CF 3798 B00003L9CF
B00003L9CO 3799 B00003L9CO
B00003L9CR 3800 B00003L9CR
B00003O02T 3801 B00003O02T
B00003OSSN 3802 B00003OSSN
B00003OSTA 3803 B00003OSTA
B00003OSTT 3804 B00003OSTT
B00003Q42P 3805 B00003Q42P
B00003RQKO 3806 B00003RQKO
B00003RQND 3807 B00003RQND
B00003TKDY 3808 B00003TKDY
B00003TKF5 3809 B00003TKF5
B00003TKFB 3810 B00003TKFB
B00003XAMS 3811 B00003XAMS
B000046S2F 3812 B000046S2F
B00004CIM4 3813 B00004CIM4
B00004CIWC 3814 B00004CIWC
B00004CIXV 3815 B00004CIXV
B00004CJAT 3816 B00004CJAT
B00004CJZ5 3817 B00004CJZ5
B00004CKFV 3818 B00004CKFV
B00004CMV1 3819 B00004CMV1
B00004CR9T 3820 B00004CR9T
B00004CT8J 3821 B00004CT8J
B00004CTW6 3822 B00004CTW6
B00004CWKU 3823 B00004CWKU
B00004CWTY 3824 B00004CWTY
B00004CX4O 3825 B00004CX4O
B00004CY5S 3826 B00004CY5S
B00004CYNF 3827 B00004CYNF
B00004CYR8 3828 B00004CYR8
B00004D2X8 3829 B00004D2X8
B00004KDER 3830 B00004KDER
B00004KHDU 3831 B00004KHDU
B00004LC7U 3832 B00004LC7U
B00004R5SK 3833 B00004R5SK
B00004R75V 3834 B00004R75V
B00004R8UQ 3835 B00004R8UQ
B00004R99N 3836 B00004R99N
B00004RCKI 3837 B00004RCKI
B00004RCO8 3838 B00004RCO8
B00004RERE 3839 B00004RERE
B00004RERO 3840 B00004RERO
B00004REWK 3841 B00004REWK
B00004RF3O 3842 B00004RF3O
B00004RF89 3843 B00004RF89
B00004RFF6 3844 B00004RFF6
B00004RFHO 3845 B00004RFHO
B00004RJG3 3846 B00004RJG3
B00004RL4M 3847 B00004RL4M
B00004RM2X 3848 B00004RM2X
B00004RSCG 3849 B00004RSCG
B00004RYBN 3850 B00004RYBN
B00004RYKP 3851 B00004RYKP
B00004RYSN 3852 B00004RYSN
B00004RZ01 3853 B00004RZ01
B00004S322 3854 B00004S322
B00004S8JT 3855 B00004S8JT
B00004SPFR 3856 B00004SPFR
B00004ST9P 3857 B00004ST9P
B00004STDA 3858 B00004STDA
B00004T1JL 3859 B00004T1JL
B00004T2SI 3860 B00004T2SI
B00004T3AL 3861 B00004T3AL
B00004T6FM 3862 B00004T6FM
B00004T8GF 3863 B00004T8GF
B00004T8WW 3864 B00004T8WW
B00004TBUH 3865 B00004TBUH
B00004TJFJ 3866 B00004TJFJ
B00004TJJS 3867 B00004TJJS
B00004TJMR 3868 B00004TJMR
B00004TLL3 3869 B00004TLL3
B00004TQF7 3870 B00004TQF7
B00004TRD2 3871 B00004TRD2
B00004TS0J 3872 B00004TS0J
B00004TX2C 3873 B00004TX2C
B00004TX5O 3874 B00004TX5O
B00004TZRZ 3875 B00004TZRZ
B00004U104 3876 B00004U104
B00004U1F9 3877 B00004U1F9
B00004U28P 3878 B00004U28P
B00004U409 3879 B00004U409
B00004U421 3880 B00004U421
B00004U5TJ 3881 B00004U5TJ
B00004U8GU 3882 B00004U8GU
B00004U8P6 3883 B00004U8P6
B00004UB6S 3884 B00004UB6S
B00004UEDQ 3885 B00004UEDQ
B00004UEDZ 3886 B00004UEDZ
B00004UFSN 3887 B00004UFSN
B00004UGAU 3888 B00004UGAU
B00004VVMZ 3889 B00004VVMZ
B00004VVN5 3890 B00004VVN5
B00004VVO5 3891 B00004VVO5
B00004VVOH 3892 B00004VVOH
B00004VVOV 3893 B00004VVOV
B00004VVOY 3894 B00004VVOY
B00004VVP2 3895 B00004VVP2
B00004W191 3896 B00004W191
B00004W20Z 3897 B00004W20Z
B00004W21U 3898 B00004W21U
B00004W3HE 3899 B00004W3HE
B00004W46E 3900 B00004W46E
B00004W46G 3901 B00004W46G
B00004W46I 3902 B00004W46I
B00004W48W 3903 B00004W48W
B00004W4GV 3904 B00004W4GV
B00004W5TJ 3905 B00004W5TJ
B00004W5UW 3906 B00004W5UW
B00004W5VE 3907 B00004W5VE
B00004W5XP 3908 B00004W5XP
B00004W5Y0 3909 B00004W5Y0
B00004W9C7 3910 B00004W9C7
B00004WC7H 3911 B00004WC7H
B00004WG2B 3912 B00004WG2B
B00004WG2E 3913 B00004WG2E
B00004WG4H 3914 B00004WG4H
B00004WG4J 3915 B00004WG4J
B00004WG8O 3916 B00004WG8O
B00004WGBG 3917 B00004WGBG
B00004WI60 3918 B00004WI60
B00004WI6C 3919 B00004WI6C
B00004WIBZ 3920 B00004WIBZ
B00004WLTJ 3921 B00004WLTJ
B00004WLTP 3922 B00004WLTP
B00004WLUL 3923 B00004WLUL
B00004WLVM 3924 B00004WLVM
B00004WZ3T 3925 B00004WZ3T
B00004WZR4 3926 B00004WZR4
B00004X07E 3927 B00004X07E
B00004X13Q 3928 B00004X13Q
B00004X13T 3929 B00004X13T
B00004XMS2 3930 B00004XMS2
B00004XMSB 3931 B00004XMSB
B00004XMSF 3932 B00004XMSF
B00004XPOK 3933 B00004XPOK
B00004XPPD 3934 B00004XPPD
B00004XPPF 3935 B00004XPPF
B00004XPPI 3936 B00004XPPI
B00004XPPJ 3937 B00004XPPJ
B00004XPPK 3938 B00004XPPK
B00004XPQQ 3939 B00004XPQQ
B00004XQMU 3940 B00004XQMU
B00004Y2PU 3941 B00004Y2PU
B00004Y2QO 3942 B00004Y2QO
B00004Y2R4 3943 B00004Y2R4
B00004Y3WH 3944 B00004Y3WH
B00004Y56D 3945 B00004Y56D
B00004Y56F 3946 B00004Y56F
B00004Y62Z 3947 B00004Y62Z
B00004Y633 3948 B00004Y633
B00004Y6C2 3949 B00004Y6C2
B00004Y7FD 3950 B00004Y7FD
B00004Y7S5 3951 B00004Y7S5
B00004YA19 3952 B00004YA19
B00004YA25 3953 B00004YA25
B00004YA66 3954 B00004YA66
B00004YKPY 3955 B00004YKPY
B00004YKQE 3956 B00004YKQE
B00004YKQR 3957 B00004YKQR
B00004YKS9 3958 B00004YKS9
B00004YNUM 3959 B00004YNUM
B00004YRWY 3960 B00004YRWY
B00004YS5M 3961 B00004YS5M
B00004YS6W 3962 B00004YS6W
B00004YS74 3963 B00004YS74
B00004YS93 3964 B00004YS93
B00004YS98 3965 B00004YS98
B00004YWJE 3966 B00004YWJE
B00004Z1FX 3967 B00004Z1FX
B00004Z4SE 3968 B00004Z4SE
B00004Z4U9 3969 B00004Z4U9
B00004Z4VE 3970 B00004Z4VE
B00004Z4WQ 3971 B00004Z4WQ
B00004Z4WR 3972 B00004Z4WR
B00004ZB6M 3973 B00004ZB6M
B00004ZDFL 3974 B00004ZDFL
B00004ZERQ 3975 B00004ZERQ
B00004ZESV 3976 B00004ZESV
B00004ZETJ 3977 B00004ZETJ
B00004ZEU5 3978 B00004ZEU5
B00005094P 3979 B00005094P
B000050GC8 3980 B000050GC8
B000050IL8 3981 B000050IL8
B000050IMO 3982 B000050IMO
B000050NS2 3983 B000050NS2
B000051S3A 3984 B000051S3A
B000051S4R 3985 B000051S4R
B000051S4W 3986 B000051S4W
B000051SH3 3987 B000051SH3
B000051SHA 3988 B000051SHA
B000051WAF 3989 B000051WAF
B000051WB5 3990 B000051WB5
B000051WBE 3991 B000051WBE
B0000524D0 3992 B0000524D0
B0000524E5 3993 B0000524E5
B0000524EB 3994 B0000524EB
B0000524ES 3995 B0000524ES
B0000524ET 3996 B0000524ET
B0000524F6 3997 B0000524F6
B000053GYD 3998 B000053GYD
B000053OSI 3999 B000053OSI
B000053V60 4000 B000053V60
B000053V72 4001 B000053V72
B000053V7A 4002 B000053V7A
B000053V7C 4003 B000053V7C
B000053V8F 4004 B000053V8F
B000053VAG 4005 B000053VAG
B000053VAT 4006 B000053VAT
B000053VEG 4007 B000053VEG
B000053W55 4008 B000053W55
B0000541TN 4009 B0000541TN
B0000541UV 4010 B0000541UV
B0000541W8 4011 B0000541W8
B0000541X6 4012 B0000541X6
B0000542C6 4013 B0000542C6
B0000542CI 4014 B0000542CI
B000054OV3 4015 B000054OV3
B000055XAA 4016 B000055XAA
B000055XLZ 4017 B000055XLZ
B000055YVT 4018 B000055YVT
B000055YXJ 4019 B000055YXJ
B000055Z8E 4020 B000055Z8E
B000055ZF1 4021 B000055ZF1
B000055ZK9 4022 B000055ZK9
B000055ZKE 4023 B000055ZKE
B0000560WG 4024 B0000560WG
B000056AVY 4025 B000056AVY
B000056BOW 4026 B000056BOW
B000056BSD 4027 B000056BSD
B000056BSE 4028 B000056BSE
B000056BSJ 4029 B000056BSJ
B000056HEC 4030 B000056HEC
B000056HEG 4031 B000056HEG
B000056HP2 4032 B000056HP2
B000056HQ8 4033 B000056HQ8
B000056KQN 4034 B000056KQN
B000056MOB 4035 B000056MOB
B000056MOF 4036 B000056MOF
B000056OCJ 4037 B000056OCJ
B000056OZ5 4038 B000056OZ5
B000056PMV 4039 B000056PMV
B000056PNR 4040 B000056PNR
B000056PPA 4041 B000056PPA
B000056T5K 4042 B000056T5K
B000056VOZ 4043 B000056VOZ
B000056VP3 4044 B000056VP3
B000056WK2 4045 B000056WK2
B000056WR0 4046 B000056WR0
B000056WR6 4047 B000056WR6
B000057II5 4048 B000057II5
B000057KCX 4049 B000057KCX
B000057X1N 4050 B000057X1N
B000057X1R 4051 B000057X1R
B0000584ZH 4052 B0000584ZH
B000058CB6 4053 B000058CB6
B000058TID 4054 B000058TID
B00005957B 4055 B00005957B
B000059GEK 4056 B000059GEK
B000059H6T 4057 B000059H6T
B000059H6U 4058 B000059H6U
B000059H77 4059 B000059H77
B000059H79 4060 B000059H79
B000059HAU 4061 B000059HAU
B000059HCH 4062 B000059HCH
B000059MPN 4063 B000059MPN
B000059MQ4 4064 B000059MQ4
B000059OLS 4065 B000059OLS
B000059PP2 4066 B000059PP2
B000059PPO 4067 B000059PPO
B000059PPT 4068 B000059PPT
B000059PR3 4069 B000059PR3
B000059PSE 4070 B000059PSE
B000059RNA 4071 B000059RNA
B000059TFV 4072 B000059TFV
B000059TON 4073 B000059TON
B000059TQ9 4074 B000059TQ9
B000059XTZ 4075 B000059XTZ
B000059XVO 4076 B000059XVO
B00005A07A 4077 B00005A07A
B00005A1RF 4078 B00005A1RF
B00005A1ST 4079 B00005A1ST
B00005A1SV 4080 B00005A1SV
B00005A1SW 4081 B00005A1SW
B00005A1SY 4082 B00005A1SY
B00005A1VF 4083 B00005A1VF
B00005A8S3 4084 B00005A8S3
B00005A8S9 4085 B00005A8S9
B00005A8TX 4086 B00005A8TX
B00005AA9G 4087 B00005AA9G
B00005AABE 4088 B00005AABE
B00005ABUB 4089 B00005ABUB
B00005AFK2 4090 B00005AFK2
B00005ALS0 4091 B00005ALS0
B00005ALS2 4092 B00005ALS2
B00005AQ65 4093 B00005AQ65
B00005ASO0 4094 B00005ASO0
B00005ASOH 4095 B00005ASOH
B00005ASOO 4096 B00005ASOO
B00005ASOS 4097 B00005ASOS
B00005ASPE 4098 B00005ASPE
B00005ASQ4 4099 B00005ASQ4
B00005ATQJ 4100 B00005ATQJ
B00005AUJH 4101 B00005AUJH
B00005AUJM 4102 B00005AUJM
B00005AUK6 4103 B00005AUK6
B00005AW01 4104 B00005AW01
B00005AW02 4105 B00005AW02
B00005B1VL 4106 B00005B1VL
B00005B1VQ 4107 B00005B1VQ
B00005B1Y1 4108 B00005B1Y1
B00005B1YH 4109 B00005B1YH
B00005B3Z5 4110 B00005B3Z5
B00005B6KZ 4111 B00005B6KZ
B00005B6L0 4112 B00005B6L0
B00005BCJO 4113 B00005BCJO
B00005BCK9 4114 B00005BCK9
B00005BCKF 4115 B00005BCKF
B00005BCKI 4116 B00005BCKI
B00005BCN1 4117 B00005BCN1
B00005BCPC 4118 B00005BCPC
B00005BHW6 4119 B00005BHW6
B00005BIFV 4120 B00005BIFV
B00005BJCB 4121 B00005BJCB
B00005BJDW 4122 B00005BJDW
B00005BJWN 4123 B00005BJWN
B00005BKZD 4124 B00005BKZD
B00005BKZE 4125 B00005BKZE
B00005CFH0 4126 B00005CFH0
B00005IBCP 4127 B00005IBCP
B00005IBK9 4128 B00005IBK9
B00005IC52 4129 B00005IC52
B00005IC54 4130 B00005IC54
B00005J6V1 4131 B00005J6V1
B00005J9OP 4132 B00005J9OP
B00005JCCB 4133 B00005JCCB
B00005JHAA 4134 B00005JHAA
B00005JHCG 4135 B00005JHCG
B00005JK5O 4136 B00005JK5O
B00005JK8N 4137 B00005JK8N
B00005JKDR 4138 B00005JKDR
B00005JKHF 4139 B00005JKHF
B00005JKIJ 4140 B00005JKIJ
B00005JKIO 4141 B00005JKIO
B00005JKIS 4142 B00005JKIS
B00005JKJA 4143 B00005JKJA
B00005JKJG 4144 B00005JKJG
B00005JKJJ 4145 B00005JKJJ
B00005JKJM 4146 B00005JKJM
B00005JKJS 4147 B00005JKJS
B00005JKJY 4148 B00005JKJY
B00005JKKY 4149 B00005JKKY
B00005JKL8 4150 B00005JKL8
B00005JKLQ 4151 B00005JKLQ
B00005JKLW 4152 B00005JKLW
B00005JKM2 4153 B00005JKM2
B00005JKMG 4154 B00005JKMG
B00005JKMQ 4155 B00005JKMQ
B00005JKMW 4156 B00005JKMW
B00005JKMY 4157 B00005JKMY
B00005JKN2 4158 B00005JKN2
B00005JKPT 4159 B00005JKPT
B00005JKTE 4160 B00005JKTE
B00005JKTI 4161 B00005JKTI
B00005JKU7 4162 B00005JKU7
B00005JKWG 4163 B00005JKWG
B00005JKWI 4164 B00005JKWI
B00005JKWX 4165 B00005JKWX
B00005JKX3 4166 B00005JKX3
B00005JKXE 4167 B00005JKXE
B00005JKYX 4168 B00005JKYX
B00005JKZM 4169 B00005JKZM
B00005JKZU 4170 B00005JKZU
B00005JKZY 4171 B00005JKZY
B00005JL1P 4172 B00005JL1P
B00005JL29 4173 B00005JL29
B00005JL3T 4174 B00005JL3T
B00005JL57 4175 B00005JL57
B00005JL6V 4176 B00005JL6V
B00005JL6X 4177 B00005JL6X
B00005JL7Q 4178 B00005JL7Q
B00005JL81 4179 B00005JL81
B00005JL8Z 4180 B00005JL8Z
B00005JL9A 4181 B00005JL9A
B00005JLBE 4182 B00005JLBE
B00005JLD4 4183 B00005JLD4
B00005JLEW 4184 B00005JLEW
B00005JLEX 4185 B00005JLEX
B00005JLEY 4186 B00005JLEY
B00005JLF1 4187 B00005JLF1
B00005JLF2 4188 B00005JLF2
B00005JLF3 4189 B00005JLF3
B00005JLFT 4190 B00005JLFT
B00005JLFV 4191 B00005JLFV
B00005JLFY 4192 B00005JLFY
B00005JLGP 4193 B00005JLGP
B00005JLH0 4194 B00005JLH0
B00005JLH2 4195 B00005JLH2
B00005JLI6 4196 B00005JLI6
B00005JLIB 4197 B00005JLIB
B00005JLIC 4198 B00005JLIC
B00005JLIF 4199 B00005JLIF
B00005JLJE 4200 B00005JLJE
B00005JLJK 4201 B00005JLJK
B00005JLJP 4202 B00005JLJP
B00005JLKB 4203 B00005JLKB
B00005JLNZ 4204 B00005JLNZ
B00005JLOT 4205 B00005JLOT
B00005JLPK 4206 B00005JLPK
B00005JLQ8 4207 B00005JLQ8
B00005JLQE 4208 B00005JLQE
B00005JLQT 4209 B00005JLQT
B00005JLQW 4210 B00005JLQW
B00005JLR1 4211 B00005JLR1
B00005JLR5 4212 B00005JLR5
B00005JLR8 4213 B00005JLR8
B00005JLRT 4214 B00005JLRT
B00005JLS5 4215 B00005JLS5
B00005JLSB 4216 B00005JLSB
B00005JLSE 4217 B00005JLSE
B00005JLT5 4218 B00005JLT5
B00005JLTN 4219 B00005JLTN
B00005JLWN 4220 B00005JLWN
B00005JLX2 4221 B00005JLX2
B00005JLX8 4222 B00005JLX8
B00005JLY1 4223 B00005JLY1
B00005JLYH 4224 B00005JLYH
B00005JLYP 4225 B00005JLYP
B00005JLYW 4226 B00005JLYW
B00005JLZ2 4227 B00005JLZ2
B00005JLZK 4228 B00005JLZK
B00005JLZW 4229 B00005JLZW
B00005JM0B 4230 B00005JM0B
B00005JM1F 4231 B00005JM1F
B00005JM20 4232 B00005JM20
B00005JM23 4233 B00005JM23
B00005JM2Y 4234 B00005JM2Y
B00005JM39 4235 B00005JM39
B00005JM3A 4236 B00005JM3A
B00005JM3C 4237 B00005JM3C
B00005JM3G 4238 B00005JM3G
B00005JM48 4239 B00005JM48
B00005JM4Q 4240 B00005JM4Q
B00005JM4W 4241 B00005JM4W
B00005JM55 4242 B00005JM55
B00005JM5B 4243 B00005JM5B
B00005JM5E 4244 B00005JM5E
B00005JM5Z 4245 B00005JM5Z
B00005JM7T 4246 B00005JM7T
B00005JM9Q 4247 B00005JM9Q
B00005JM9Z 4248 B00005JM9Z
B00005JMA8 4249 B00005JMA8
B00005JMAH 4250 B00005JMAH
B00005JMCT 4251 B00005JMCT
B00005JMCW 4252 B00005JMCW
B00005JMET 4253 B00005JMET
B00005JMFQ 4254 B00005JMFQ
B00005JMH8 4255 B00005JMH8
B00005JMHI 4256 B00005JMHI
B00005JMIJ 4257 B00005JMIJ
B00005JMJ4 4258 B00005JMJ4
B00005JMJD 4259 B00005JMJD
B00005JMJG 4260 B00005JMJG
B00005JMMT 4261 B00005JMMT
B00005JMMW 4262 B00005JMMW
B00005JMN7 4263 B00005JMN7
B00005JMPT 4264 B00005JMPT
B00005JMQW 4265 B00005JMQW
B00005JMQZ 4266 B00005JMQZ
B00005JMSD 4267 B00005JMSD
B00005JMUK 4268 B00005JMUK
B00005JMXO 4269 B00005JMXO
B00005JMXX 4270 B00005JMXX
B00005JMYF 4271 B00005JMYF
B00005JMYI 4272 B00005JMYI
B00005JMZK 4273 B00005JMZK
B00005JN0A 4274 B00005JN0A
B00005JN0D 4275 B00005JN0D
B00005JN0T 4276 B00005JN0T
B00005JN2Z 4277 B00005JN2Z
B00005JN3W 4278 B00005JN3W
B00005JN4H 4279 B00005JN4H
B00005JN55 4280 B00005JN55
B00005JN5E 4281 B00005JN5E
B00005JN5T 4282 B00005JN5T
B00005JN80 4283 B00005JN80
B00005JN8Q 4284 B00005JN8Q
B00005JN8S 4285 B00005JN8S
B00005JNA7 4286 B00005JNA7
B00005JNBN 4287 B00005JNBN
B00005JNBQ 4288 B00005JNBQ
B00005JNC2 4289 B00005JNC2
B00005JND2 4290 B00005JND2
B00005JND5 4291 B00005JND5
B00005JNDZ 4292 B00005JNDZ
B00005JNEI 4293 B00005JNEI
B00005JNEQ 4294 B00005JNEQ
B00005JNEW 4295 B00005JNEW
B00005JNF1 4296 B00005JNF1
B00005JNF7 4297 B00005JNF7
B00005JNHS 4298 B00005JNHS
B00005JNHT 4299 B00005JNHT
B00005JNHU 4300 B00005JNHU
B00005JNJR 4301 B00005JNJR
B00005JNJV 4302 B00005JNJV
B00005JNLQ 4303 B00005JNLQ
B00005JNNT 4304 B00005JNNT
B00005JNOG 4305 B00005JNOG
B00005JNP4 4306 B00005JNP4
B00005JNQA 4307 B00005JNQA
B00005JNQG 4308 B00005JNQG
B00005JNRM 4309 B00005JNRM
B00005JNS8 4310 B00005JNS8
B00005JNT2 4311 B00005JNT2
B00005JNTU 4312 B00005JNTU
B00005JNU5 4313 B00005JNU5
B00005JNVO 4314 B00005JNVO
B00005JNX0 4315 B00005JNX0
B00005JO16 4316 B00005JO16
B00005JO1R 4317 B00005JO1R
B00005JO20 4318 B00005JO20
B00005JO28 4319 B00005JO28
B00005JO2C 4320 B00005JO2C
B00005JO2V 4321 B00005JO2V
B00005JO4D 4322 B00005JO4D
B00005JO4F 4323 B00005JO4F
B00005JO9J 4324 B00005JO9J
B00005JO9K 4325 B00005JO9K
B00005JOA4 4326 B00005JOA4
B00005JOAP 4327 B00005JOAP
B00005JOCA 4328 B00005JOCA
B00005JOHC 4329 B00005JOHC
B00005JOIH 4330 B00005JOIH
B00005JOJ8 4331 B00005JOJ8
B00005JOJR 4332 B00005JOJR
B00005JOQB 4333 B00005JOQB
B00005JOQZ 4334 B00005JOQZ
B00005JOSO 4335 B00005JOSO
B00005JOTJ 4336 B00005JOTJ
B00005JOU0 4337 B00005JOU0
B00005JOUX 4338 B00005JOUX
B00005JOWN 4339 B00005JOWN
B00005JOWT 4340 B00005JOWT
B00005JOX2 4341 B00005JOX2
B00005JOXC 4342 B00005JOXC
B00005JOXR 4343 B00005JOXR
B00005JOXZ 4344 B00005JOXZ
B00005JOYL 4345 B00005JOYL
B00005JOZ0 4346 B00005JOZ0
B00005JOZI 4347 B00005JOZI
B00005JP00 4348 B00005JP00
B00005JP03 4349 B00005JP03
B00005JP09 4350 B00005JP09
B00005JP0C 4351 B00005JP0C
B00005JP0X 4352 B00005JP0X
B00005JP3M 4353 B00005JP3M
B00005JP60 4354 B00005JP60
B00005JP63 4355 B00005JP63
B00005JP6U 4356 B00005JP6U
B00005JP86 4357 B00005JP86
B00005JP96 4358 B00005JP96
B00005JP97 4359 B00005JP97
B00005JPA0 4360 B00005JPA0
B00005JPA6 4361 B00005JPA6
B00005JPAM 4362 B00005JPAM
B00005JPAS 4363 B00005JPAS
B00005JPB0 4364 B00005JPB0
B00005JPBL 4365 B00005JPBL
B00005JPD0 4366 B00005JPD0
B00005JPE3 4367 B00005JPE3
B00005JPFH 4368 B00005JPFH
B00005JPFT 4369 B00005JPFT
B00005JPH2 4370 B00005JPH2
B00005JPI2 4371 B00005JPI2
B00005JPI6 4372 B00005JPI6
B00005JPID 4373 B00005JPID
B00005JPII 4374 B00005JPII
B00005JPJ8 4375 B00005JPJ8
B00005JPJK 4376 B00005JPJK
B00005JPK3 4377 B00005JPK3
B00005JPK8 4378 B00005JPK8
B00005JPKE 4379 B00005JPKE
B00005JPKW 4380 B00005JPKW
B00005JPL5 4381 B00005JPL5
B00005JPLQ 4382 B00005JPLQ
B00005JPN8 4383 B00005JPN8
B00005JPNO 4384 B00005JPNO
B00005JPNV 4385 B00005JPNV
B00005JPNY 4386 B00005JPNY
B00005JPOE 4387 B00005JPOE
B00005JPON 4388 B00005JPON
B00005JPP2 4389 B00005JPP2
B00005JPQE 4390 B00005JPQE
B00005JPRX 4391 B00005JPRX
B00005JPTK 4392 B00005JPTK
B00005JPTT 4393 B00005JPTT
B00005JPUN 4394 B00005JPUN
B00005JPUW 4395 B00005JPUW
B00005JPVK 4396 B00005JPVK
B00005JPX8 4397 B00005JPX8
B00005JPXA 4398 B00005JPXA
B00005JPXP 4399 B00005JPXP
B00005JPXS 4400 B00005JPXS
B00005JPXY 4401 B00005JPXY
B00005JPY0 4402 B00005JPY0
B00005JXI9 4403 B00005JXI9
B00005JXZA 4404 B00005JXZA
B00005JY1C 4405 B00005JY1C
B00005K3FL 4406 B00005K3FL
B00005K3NW 4407 B00005K3NW
B00005K3OF 4408 B00005K3OF
B00005K3OG 4409 B00005K3OG
B00005K3OI 4410 B00005K3OI
B00005K3OU 4411 B00005K3OU
B00005K9O8 4412 B00005K9O8
B00005K9OE 4413 B00005K9OE
B00005KA70 4414 B00005KA70
B00005KA7F 4415 B00005KA7F
B00005KAQJ 4416 B00005KAQJ
B00005KAQR 4417 B00005KAQR
B00005KARG 4418 B00005KARG
B00005KB4D 4419 B00005KB4D
B00005KH1Z 4420 B00005KH1Z
B00005KHJJ 4421 B00005KHJJ
B00005KHJY 4422 B00005KHJY
B00005KJUL 4423 B00005KJUL
B00005KK3M 4424 B00005KK3M
B00005LB8B 4425 B00005LB8B
B00005LC1F 4426 B00005LC1F
B00005LC4J 4427 B00005LC4J
B00005LC4N 4428 B00005LC4N
B00005LC4O 4429 B00005LC4O
B00005LC5R 4430 B00005LC5R
B00005LC6W 4431 B00005LC6W
B00005LDDB 4432 B00005LDDB
B00005LIRO 4433 B00005LIRO
B00005LKIA 4434 B00005LKIA
B00005LKLF 4435 B00005LKLF
B00005LOLH 4436 B00005LOLH
B00005LPZW 4437 B00005LPZW
B00005LQ0V 4438 B00005LQ0V
B00005LWKP 4439 B00005LWKP
B00005M20M 4440 B00005M20M
B00005M2CC 4441 B00005M2CC
B00005MEUZ 4442 B00005MEUZ
B00005MEV0 4443 B00005MEV0
B00005MEV2 4444 B00005MEV2
B00005MEV7 4445 B00005MEV7
B00005MEVO 4446 B00005MEVO
B00005MKKV 4447 B00005MKKV
B00005MKOL 4448 B00005MKOL
B00005MKON 4449 B00005MKON
B00005MKXB 4450 B00005MKXB
B00005ML8T 4451 B00005ML8T
B00005MM5H 4452 B00005MM5H
B00005MM62 4453 B00005MM62
B00005MM7B 4454 B00005MM7B
B00005MM8X 4455 B00005MM8X
B00005N5SH 4456 B00005N5SH
B00005N5SI 4457 B00005N5SI
B00005N5UF 4458 B00005N5UF
B00005N7Z0 4459 B00005N7Z0
B00005N8A9 4460 B00005N8A9
B00005N8AN 4461 B00005N8AN
B00005N90Y 4462 B00005N90Y
B00005N914 4463 B00005N914
B00005NB8U 4464 B00005NB8U
B00005NB93 4465 B00005NB93
B00005NBDH 4466 B00005NBDH
B00005NBDK 4467 B00005NBDK
B00005NC4Y 4468 B00005NC4Y
B00005NFL5 4469 B00005NFL5
B00005NFL9 4470 B00005NFL9
B00005NFYY 4471 B00005NFYY
B00005NFZA 4472 B00005NFZA
B00005NG05 4473 B00005NG05
B00005NG9Z 4474 B00005NG9Z
B00005NGAH 4475 B00005NGAH
B00005NKC6 4476 B00005NKC6
B00005NKSD 4477 B00005NKSD
B00005NKSP 4478 B00005NKSP
B00005NKTH 4479 B00005NKTH
B00005NKUI 4480 B00005NKUI
B00005NP20 4481 B00005NP20
B00005NQGO 4482 B00005NQGO
B00005NRQO 4483 B00005NRQO
B00005NSY6 4484 B00005NSY6
B00005NSY7 4485 B00005NSY7
B00005NTOH 4486 B00005NTOH
B00005O06O 4487 B00005O06O
B00005O06W 4488 B00005O06W
B00005O0SO 4489 B00005O0SO
B00005O5CM 4490 B00005O5CM
B00005O5D0 4491 B00005O5D0
B00005O5DJ 4492 B00005O5DJ
B00005O5JK 4493 B00005O5JK
B00005O5JP 4494 B00005O5JP
B00005O6YD 4495 B00005O6YD
B00005OCK3 4496 B00005OCK3
B00005OCLM 4497 B00005OCLM
B00005OCR8 4498 B00005OCR8
B00005OCV2 4499 B00005OCV2
B00005OSK8 4500 B00005OSK8
B00005OSLQ 4501 B00005OSLQ
B00005OSOZ 4502 B00005OSOZ
B00005PJ73 4503 B00005PJ73
B00005PJ8O 4504 B00005PJ8O
B00005PJ8W 4505 B00005PJ8W
B00005Q2Z1 4506 B00005Q2Z1
B00005QAP6 4507 B00005QAP6
B00005QAP7 4508 B00005QAP7
B00005QAPH 4509 B00005QAPH
B00005QAQD 4510 B00005QAQD
B00005QAQE 4511 B00005QAQE
B00005QAR8 4512 B00005QAR8
B00005QAS3 4513 B00005QAS3
B00005QATG 4514 B00005QATG
B00005QBZD 4515 B00005QBZD
B00005QCTZ 4516 B00005QCTZ
B00005QCV8 4517 B00005QCV8
B00005QCW0 4518 B00005QCW0
B00005QCW3 4519 B00005QCW3
B00005QCW4 4520 B00005QCW4
B00005QCWK 4521 B00005QCWK
B00005QFE5 4522 B00005QFE5
B00005QFE6 4523 B00005QFE6
B00005QJIG 4524 B00005QJIG
B00005QSN3 4525 B00005QSN3
B00005QT9O 4526 B00005QT9O
B00005QTA2 4527 B00005QTA2
B00005QTAS 4528 B00005QTAS
B00005QTAU 4529 B00005QTAU
B00005QVVD 4530 B00005QVVD
B00005QW4L 4531 B00005QW4L
B00005QW5X 4532 B00005QW5X
B00005QW5Y 4533 B00005QW5Y
B00005QW6Y 4534 B00005QW6Y
B00005QW9I 4535 B00005QW9I
B00005QW9L 4536 B00005QW9L
B00005QWAH 4537 B00005QWAH
B00005QWAI 4538 B00005QWAI
B00005R1N2 4539 B00005R1N2
B00005R248 4540 B00005R248
B00005R24H 4541 B00005R24H
B00005R24J 4542 B00005R24J
B00005R273 4543 B00005R273
B00005R2D4 4544 B00005R2D4
B00005R2EC 4545 B00005R2EC
B00005R5W2 4546 B00005R5W2
B00005R7YL 4547 B00005R7YL
B00005R874 4548 B00005R874
B00005R87L 4549 B00005R87L
B00005RDST 4550 B00005RDST
B00005RDWC 4551 B00005RDWC
B00005RHGK 4552 B00005RHGK
B00005RIY5 4553 B00005RIY5
B00005RJ01 4554 B00005RJ01
B00005RRG7 4555 B00005RRG7
B00005RRJI 4556 B00005RRJI
B00005RT35 4557 B00005RT35
B00005RY9Q 4558 B00005RY9Q
B00005RYLA 4559 B00005RYLA
B00005RYP4 4560 B00005RYP4
B00005RYPB 4561 B00005RYPB
B00005RYQ6 4562 B00005RYQ6
B00005RZPK 4563 B00005RZPK
B00005RZQT 4564 B00005RZQT
B00005T30I 4565 B00005T30I
B00005T33K 4566 B00005T33K
B00005T33W 4567 B00005T33W
B00005T5YG 4568 B00005T5YG
B00005T7H7 4569 B00005T7H7
B00005T7HC 4570 B00005T7HC
B00005TNEQ 4571 B00005TNEQ
B00005TNER 4572 B00005TNER
B00005TNES 4573 B00005TNES
B00005TNFN 4574 B00005TNFN
B00005TPC7 4575 B00005TPC7
B00005TPKX 4576 B00005TPKX
B00005TPLX 4577 B00005TPLX
B00005U0JX 4578 B00005U0JX
B00005U12T 4579 B00005U12T
B00005U2K8 4580 B00005U2K8
B00005U2KN 4581 B00005U2KN
B00005U2KO 4582 B00005U2KO
B00005U2KS 4583 B00005U2KS
B00005U8EL 4584 B00005U8EL
B00005U8EN 4585 B00005U8EN
B00005U8F0 4586 B00005U8F0
B00005U8F4 4587 B00005U8F4
B00005U8QR 4588 B00005U8QR
B00005U8SP 4589 B00005U8SP
B00005UBKC 4590 B00005UBKC
B00005UF9I 4591 B00005UF9I
B00005UM21 4592 B00005UM21
B00005UM31 4593 B00005UM31
B00005UMF7 4594 B00005UMF7
B00005UQ76 4595 B00005UQ76
B00005UQ78 4596 B00005UQ78
B00005UQ9F 4597 B00005UQ9F
B00005UQ9V 4598 B00005UQ9V
B00005UQ9W 4599 B00005UQ9W
B00005UQC7 4600 B00005UQC7
B00005UQEU 4601 B00005UQEU
B00005UV33 4602 B00005UV33
B00005UV34 4603 B00005UV34
B00005V1YF 4604 B00005V1YF
B00005V1YG 4605 B00005V1YG
B00005V3Z4 4606 B00005V3Z4
B00005V4XE 4607 B00005V4XE
B00005V4XF 4608 B00005V4XF
B00005V4XW 4609 B00005V4XW
B00005V4YF 4610 B00005V4YF
B00005V5PF 4611 B00005V5PF
B00005V7CT 4612 B00005V7CT
B00005V9JT 4613 B00005V9JT
B00005V9KX 4614 B00005V9KX
B00005Y3ZL 4615 B00005Y3ZL
B00005Y6XI 4616 B00005Y6XI
B00005Y6YJ 4617 B00005Y6YJ
B00005Y71H 4618 B00005Y71H
B00005Y71V 4619 B00005Y71V
B00005Y7DD 4620 B00005Y7DD
B00005Y7GQ 4621 B00005Y7GQ
B00005YU1M 4622 B00005YU1M
B00005YU82 4623 B00005YU82
B00005YUNO 4624 B00005YUNO
B00005YUO1 4625 B00005YUO1
B00005YUPJ 4626 B00005YUPJ
B00005YUQG 4627 B00005YUQG
B00005YUSL 4628 B00005YUSL
B000060MTY 4629 B000060MTY
B000060MUZ 4630 B000060MUZ
B000060MV6 4631 B000060MV6
B000060MVK 4632 B000060MVK
B000060OFU 4633 B000060OFU
B000062TXS 4634 B000062TXS
B000062XDX 4635 B000062XDX
B000062XE5 4636 B000062XE5
B000062XEP 4637 B000062XEP
B000062XFA 4638 B000062XFA
B000062XFG 4639 B000062XFG
B000062Y1D 4640 B000062Y1D
B000062Y3Z 4641 B000062Y3Z
B0000630SO 4642 B0000630SO
B0000633LO 4643 B0000633LO
B0000633QN 4644 B0000633QN
B0000633R4 4645 B0000633R4
B0000633U6 4646 B0000633U6
B0000634AQ 4647 B0000634AQ
B0000639EL 4648 B0000639EL
B0000639GO 4649 B0000639GO
B0000639HG 4650 B0000639HG
B0000639HO 4651 B0000639HO
B0000639HQ 4652 B0000639HQ
B0000639IZ 4653 B0000639IZ
B0000639KS 4654 B0000639KS
B0000639L4 4655 B0000639L4
B000063BJ1 4656 B000063BJ1
B000063EME 4657 B000063EME
B000063J8R 4658 B000063J8R
B000063J8W 4659 B000063J8W
B000063K0V 4660 B000063K0V
B000063K17 4661 B000063K17
B000063K2C 4662 B000063K2C
B000063RQO 4663 B000063RQO
B000063TOM 4664 B000063TOM
B000063TQS 4665 B000063TQS
B000063UQP 4666 B000063UQP
B000063V14 4667 B000063V14
B000063V8N 4668 B000063V8N
B000063V8R 4669 B000063V8R
B000063V8T 4670 B000063V8T
B000063V8U 4671 B000063V8U
B000063W2R 4672 B000063W2R
B0000640T0 4673 B0000640T0
B0000640VJ 4674 B0000640VJ
B0000640VK 4675 B0000640VK
B0000640VL 4676 B0000640VL
B0000640VN 4677 B0000640VN
B0000640VO 4678 B0000640VO
B0000640VR 4679 B0000640VR
B0000640XE 4680 B0000640XE
B00006420D 4681 B00006420D
B00006422R 4682 B00006422R
B00006472N 4683 B00006472N
B000065OZ2 4684 B000065OZ2
B000065R11 4685 B000065R11
B000065U1J 4686 B000065U1J
B000065U2U 4687 B000065U2U
B000065U38 4688 B000065U38
B000065U5K 4689 B000065U5K
B000065U63 4690 B000065U63
B000065UH7 4691 B000065UH7
B000065V3K 4692 B000065V3K
B000065V3X 4693 B000065V3X
B0000665S8 4694 B0000665S8
B0000665SJ 4695 B0000665SJ
B000066739 4696 B000066739
B00006673L 4697 B00006673L
B00006675U 4698 B00006675U
B000066792 4699 B000066792
B000066798 4700 B000066798
B0000667LK 4701 B0000667LK
B00006681E 4702 B00006681E
B000066HAS 4703 B000066HAS
B000066IXV 4704 B000066IXV
B000067D0Z 4705 B000067D0Z
B000067D2M 4706 B000067D2M
B000067DCX 4707 B000067DCX
B000067DFC 4708 B000067DFC
B000067DNC 4709 B000067DNC
B000067FPE 4710 B000067FPE
B000067IVT 4711 B000067IVT
B000067J0M 4712 B000067J0M
B000067J17 4713 B000067J17
B000067J1P 4714 B000067J1P
B000067J3S 4715 B000067J3S
B000067NNM 4716 B000067NNM
B000067S1H 4717 B000067S1H
B0000687E3 4718 B0000687E3
B0000687FU 4719 B0000687FU
B000068CNX 4720 B000068CNX
B000068DBD 4721 B000068DBD
B000068DBE 4722 B000068DBE
B000068M9Q 4723 B000068M9Q
B000068MBI 4724 B000068MBI
B000068MBW 4725 B000068MBW
B000068MBY 4726 B000068MBY
B000068MDD 4727 B000068MDD
B000068QOB 4728 B000068QOB
B000068TPB 4729 B000068TPB
B000068TPD 4730 B000068TPD
B000068TPE 4731 B000068TPE
B000068TPF 4732 B000068TPF
B000068TPG 4733 B000068TPG
B000068TSI 4734 B000068TSI
B000068TSQ 4735 B000068TSQ
B000068UE9 4736 B000068UE9
B000068V9R 4737 B000068V9R
B000068V9S 4738 B000068V9S
B000068V9X 4739 B000068V9X
B000068WS6 4740 B000068WS6
B0000694ZS 4741 B0000694ZS
B00006950U 4742 B00006950U
B00006951A 4743 B00006951A
B00006952Y 4744 B00006952Y
B00006953K 4745 B00006953K
B00006954J 4746 B00006954J
B000069BJH 4747 B000069BJH
B000069CFH 4748 B000069CFH
B000069D4M 4749 B000069D4M
B000069HQ1 4750 B000069HQ1
B000069HQ3 4751 B000069HQ3
B000069HUI 4752 B000069HUI
B000069HXC 4753 B000069HXC
B000069HXD 4754 B000069HXD
B000069HXF 4755 B000069HXF
B000069HXG 4756 B000069HXG
B000069HYD 4757 B000069HYD
B000069I09 4758 B000069I09
B000069I1H 4759 B000069I1H
B000069I5V 4760 B000069I5V
B000069JFY 4761 B000069JFY
B00006A8T3 4762 B00006A8T3
B00006ADDE 4763 B00006ADDE
B00006ADDG 4764 B00006ADDG
B00006ADEO 4765 B00006ADEO
B00006ADFN 4766 B00006ADFN
B00006ADFO 4767 B00006ADFO
B00006ADFP 4768 B00006ADFP
B00006ADFT 4769 B00006ADFT
B00006ADFZ 4770 B00006ADFZ
B00006ADG0 4771 B00006ADG0
B00006AGHD 4772 B00006AGHD
B00006AUGB 4773 B00006AUGB
B00006AUH9 4774 B00006AUH9
B00006AUHZ 4775 B00006AUHZ
B00006AUJR 4776 B00006AUJR
B00006AUMZ 4777 B00006AUMZ
B00006AVRK 4778 B00006AVRK
B00006AW5T 4779 B00006AW5T
B00006AW63 4780 B00006AW63
B00006BT53 4781 B00006BT53
B00006BT7Y 4782 B00006BT7Y
B00006CXH1 4783 B00006CXH1
B00006CXHZ 4784 B00006CXHZ
B00006CXI3 4785 B00006CXI3
B00006CXSS 4786 B00006CXSS
B00006D28S 4787 B00006D28S
B00006D28U 4788 B00006D28U
B00006FD8X 4789 B00006FD8X
B00006FD99 4790 B00006FD99
B00006FDAH 4791 B00006FDAH
B00006FDAI 4792 B00006FDAI
B00006FDB3 4793 B00006FDB3
B00006FDCE 4794 B00006FDCE
B00006FDCF 4795 B00006FDCF
B00006FDCP 4796 B00006FDCP
B00006FDCQ 4797 B00006FDCQ
B00006FDCR 4798 B00006FDCR
B00006FDEC 4799 B00006FDEC
B00006FDF1 4800 B00006FDF1
B00006FHZE 4801 B00006FHZE
B00006FI0S 4802 B00006FI0S
B00006G8I2 4803 B00006G8I2
B00006G8IB 4804 B00006G8IB
B00006G8J7 4805 B00006G8J7
B00006G8J8 4806 B00006G8J8
B00006G8JD 4807 B00006G8JD
B00006G8JZ 4808 B00006G8JZ
B00006G8K5 4809 B00006G8K5
B00006G8K6 4810 B00006G8K6
B00006G8NP 4811 B00006G8NP
B00006G9YD 4812 B00006G9YD
B00006HAWN 4813 B00006HAWN
B00006HAWV 4814 B00006HAWV
B00006HAX7 4815 B00006HAX7
B00006HAYQ 4816 B00006HAYQ
B00006HAZH 4817 B00006HAZH
B00006HBUA 4818 B00006HBUA
B00006HMPC 4819 B00006HMPC
B00006I03S 4820 B00006I03S
B00006I042 4821 B00006I042
B00006II5E 4822 B00006II5E
B00006II6N 4823 B00006II6N
B00006II6O 4824 B00006II6O
B00006II6P 4825 B00006II6P
B00006II8E 4826 B00006II8E
B00006IJJB 4827 B00006IJJB
B00006IRH9 4828 B00006IRH9
B00006IUFQ 4829 B00006IUFQ
B00006IUH2 4830 B00006IUH2
B00006IUIS 4831 B00006IUIS
B00006IXEK 4832 B00006IXEK
B00006J6XH 4833 B00006J6XH
B00006JDSI 4834 B00006JDSI
B00006JDVT 4835 B00006JDVT
B00006JDVX 4836 B00006JDVX
B00006JDW0 4837 B00006JDW0
B00006JE59 4838 B00006JE59
B00006JK1S 4839 B00006JK1S
B00006JMRD 4840 B00006JMRD
B00006JY6S 4841 B00006JY6S
B00006JY7C 4842 B00006JY7C
B00006JZI2 4843 B00006JZI2
B00006L90U 4844 B00006L90U
B00006L916 4845 B00006L916
B00006L91I 4846 B00006L91I
B00006L92B 4847 B00006L92B
B00006L9ZT 4848 B00006L9ZT
B00006LA87 4849 B00006LA87
B00006LPB1 4850 B00006LPB1
B00006LPB4 4851 B00006LPB4
B00006LPE9 4852 B00006LPE9
B00006LPHA 4853 B00006LPHA
B00006LPHB 4854 B00006LPHB
B00006LPHG 4855 B00006LPHG
B00006LPIT 4856 B00006LPIT
B00006LPJ0 4857 B00006LPJ0
B00006LPJY 4858 B00006LPJY
B00006LPKA 4859 B00006LPKA
B00006LSJI 4860 B00006LSJI
B00006NT1R 4861 B00006NT1R
B00006RCMW 4862 B00006RCMW
B00006RCNX 4863 B00006RCNX
B00006RG78 4864 B00006RG78
B00006RJCL 4865 B00006RJCL
B00006RJCM 4866 B00006RJCM
B00006RVJR 4867 B00006RVJR
B00006SFJ7 4868 B00006SFJ7
B00006SFKN 4869 B00006SFKN
B00006SFL7 4870 B00006SFL7
B00006SFOB 4871 B00006SFOB
B00006WUWP 4872 B00006WUWP
B00006WUWQ 4873 B00006WUWQ
B00006ZXSK 4874 B00006ZXSK
B00006ZZ05 4875 B00006ZZ05
B00007149J 4876 B00007149J
B00007149K 4877 B00007149K
B00007149S 4878 B00007149S
B0000714BS 4879 B0000714BS
B0000714BZ 4880 B0000714BZ
B0000714CQ 4881 B0000714CQ
B0000714DU 4882 B0000714DU
B0000714DV 4883 B0000714DV
B0000714FA 4884 B0000714FA
B0000714GG 4885 B0000714GG
B0000714HF 4886 B0000714HF
B0000764FF 4887 B0000764FF
B000077VQ6 4888 B000077VQ6
B000077VRT 4889 B000077VRT
B000077VSP 4890 B000077VSP
B000078UJW 4891 B000078UJW
B0000797E5 4892 B0000797E5
B0000797IO 4893 B0000797IO
B0000798EY 4894 B0000798EY
B000079DND 4895 B000079DND
B00007AJE3 4896 B00007AJE3
B00007AJGJ 4897 B00007AJGJ
B00007AJKI 4898 B00007AJKI
B00007AJKK 4899 B00007AJKK
B00007AP31 4900 B00007AP31
B00007BK2S 4901 B00007BK2S
B00007BK2T 4902 B00007BK2T
B00007CVS4 4903 B00007CVS4
B00007CVSH 4904 B00007CVSH
B00007CVWY 4905 B00007CVWY
B00007CVYT 4906 B00007CVYT
B00007DL9J 4907 B00007DL9J
B00007DWRG 4908 B00007DWRG
B00007ELCZ 4909 B00007ELCZ
B00007ELDF 4910 B00007ELDF
B00007ELDP 4911 B00007ELDP
B00007ELF1 4912 B00007ELF1
B00007ELFF 4913 B00007ELFF
B00007FPC3 4914 B00007FPC3
B00007G1WV 4915 B00007G1WV
B00007G1X2 4916 B00007G1X2
B00007G1XJ 4917 B00007G1XJ
B00007G1YH 4918 B00007G1YH
B00007G1YL 4919 B00007G1YL
B00007G1YN 4920 B00007G1YN
B00007G1YQ 4921 B00007G1YQ
B00007G1ZS 4922 B00007G1ZS
B00007G205 4923 B00007G205
B00007G232 4924 B00007G232
B00007G78A 4925 B00007G78A
B00007GVM0 4926 B00007GVM0
B00007GZR3 4927 B00007GZR3
B00007GZRS 4928 B00007GZRS
B00007GZZV 4929 B00007GZZV
B00007I6FP 4930 B00007I6FP
B00007J6DN 4931 B00007J6DN
B00007JGCD 4932 B00007JGCD
B00007JGF9 4933 B00007JGF9
B00007JGFY 4934 B00007JGFY
B00007JGON 4935 B00007JGON
B00007JMD8 4936 B00007JMD8
B00007JME6 4937 B00007JME6
B00007JMEA 4938 B00007JMEA
B00007JMF3 4939 B00007JMF3
B00007JXWX 4940 B00007JXWX
B00007JZU4 4941 B00007JZU4
B00007K02J 4942 B00007K02J
B00007K07H 4943 B00007K07H
B00007K07J 4944 B00007K07J
B00007K07R 4945 B00007K07R
B00007KE63 4946 B00007KE63
B00007KK1X 4947 B00007KK1X
B00007KK56 4948 B00007KK56
B00007KK5I 4949 B00007KK5I
B00007L4KG 4950 B00007L4KG
B00007L4LH 4951 B00007L4LH
B00007L4OF 4952 B00007L4OF
B00007L4OG 4953 B00007L4OG
B00007L4OI 4954 B00007L4OI
B00007L4OM 4955 B00007L4OM
B00007LB4B 4956 B00007LB4B
B00007LB4C 4957 B00007LB4C
B00007LLIV 4958 B00007LLIV
B00007LVCR 4959 B00007LVCR
B00007LZ5K 4960 B00007LZ5K
B00007M55V 4961 B00007M55V
B00007M5IP 4962 B00007M5IP
B00007M5J1 4963 B00007M5J1
B000083C5F 4964 B000083C5F
B000083C5T 4965 B000083C5T
B000083C6V 4966 B000083C6V
B000083C6W 4967 B000083C6W
B00008438W 4968 B00008438W
B0000844JY 4969 B0000844JY
B0000844MI 4970 B0000844MI
B00008454R 4971 B00008454R
B000085EEI 4972 B000085EEI
B000085EF9 4973 B000085EF9
B000085RPP 4974 B000085RPP
B000086K3E 4975 B000086K3E
B000087EYI 4976 B000087EYI
B000087F0V 4977 B000087F0V
B000087F7O 4978 B000087F7O
B000087LIM 4979 B000087LIM
B000088DSM 4980 B000088DSM
B00008972B 4981 B00008972B
B00008972D 4982 B00008972D
B00008972L 4983 B00008972L
B00008972O 4984 B00008972O
B00008972U 4985 B00008972U
B00008976O 4986 B00008976O
B000089787 4987 B000089787
B0000897CT 4988 B0000897CT
B0000897EG 4989 B0000897EG
B000089QEI 4990 B000089QEI
B000089RT0 4991 B000089RT0
B00008AORL 4992 B00008AORL
B00008AOVL 4993 B00008AOVL
B00008AOVO 4994 B00008AOVO
B00008AOWC 4995 B00008AOWC
B00008AOWQ 4996 B00008AOWQ
B00008AOWT 4997 B00008AOWT
B00008AOX3 4998 B00008AOX3
B00008AOX5 4999 B00008AOX5
B00008AWV8 5000 B00008AWV8
B00008BCVW 5001 B00008BCVW
B00008CMSW 5002 B00008CMSW
B00008DDHY 5003 B00008DDHY
B00008DDJD 5004 B00008DDJD
B00008DDSC 5005 B00008DDSC
B00008DDUK 5006 B00008DDUK
B00008DDUY 5007 B00008DDUY
B00008DDVT 5008 B00008DDVT
B00008DDVU 5009 B00008DDVU
B00008DDWU 5010 B00008DDWU
B00008DDWV 5011 B00008DDWV
B00008DDXJ 5012 B00008DDXJ
B00008DP49 5013 B00008DP49
B00008DP4B 5014 B00008DP4B
B00008EY60 5015 B00008EY60
B00008EY6L 5016 B00008EY6L
B00008EY6N 5017 B00008EY6N
B00008EY6Q 5018 B00008EY6Q
B00008EY7B 5019 B00008EY7B
B00008EY7D 5020 B00008EY7D
B00008EY7H 5021 B00008EY7H
B00008EY9G 5022 B00008EY9G
B00008EYBH 5023 B00008EYBH
B00008F227 5024 B00008F227
B00008G6NH 5025 B00008G6NH
B00008G7ED 5026 B00008G7ED
B00008G7JA 5027 B00008G7JA
B00008G8A7 5028 B00008G8A7
B00008G8PP 5029 B00008G8PP
B00008G8QC 5030 B00008G8QC
B00008G8X5 5031 B00008G8X5
B00008H2G4 5032 B00008H2G4
B00008HC99 5033 B00008HC99
B00008HCA1 5034 B00008HCA1
B00008HCB8 5035 B00008HCB8
B00008HCBJ 5036 B00008HCBJ
B00008HE4B 5037 B00008HE4B
B00008IOWU 5038 B00008IOWU
B00008J2PG 5039 B00008J2PG
B00008K76X 5040 B00008K76X
B00008K772 5041 B00008K772
B00008K77D 5042 B00008K77D
B00008K77J 5043 B00008K77J
B00008K7AM 5044 B00008K7AM
B00008KDGZ 5045 B00008KDGZ
B00008L3S9 5046 B00008L3S9
B00008L3TD 5047 B00008L3TD
B00008L3TK 5048 B00008L3TK
B00008LDPV 5049 B00008LDPV
B00008MOUP 5050 B00008MOUP
B00008MTW7 5051 B00008MTW7
B00008MTWI 5052 B00008MTWI
B00008MTXY 5053 B00008MTXY
B00008MTYC 5054 B00008MTYC
B00008MTYD 5055 B00008MTYD
B00008N6ZZ 5056 B00008N6ZZ
B00008NFR6 5057 B00008NFR6
B00008NJFT 5058 B00008NJFT
B00008NNPH 5059 B00008NNPH
B00008NNPK 5060 B00008NNPK
B00008NRI7 5061 B00008NRI7
B00008NUUM 5062 B00008NUUM
B00008NV4G 5063 B00008NV4G
B00008O32J 5064 B00008O32J
B00008OTTG 5065 B00008OTTG
B00008PHCX 5066 B00008PHCX
B00008PW1F 5067 B00008PW1F
B00008PW2D 5068 B00008PW2D
B00008R9KF 5069 B00008R9KF
B00008R9MC 5070 B00008R9MC
B00008S7KC 5071 B00008S7KC
B00008SCHJ 5072 B00008SCHJ
B00008T79O 5073 B00008T79O
B00008T7HA 5074 B00008T7HA
B00008V3EX 5075 B00008V3EX
B00008V5RO 5076 B00008V5RO
B00008W2OX 5077 B00008W2OX
B00008W41B 5078 B00008W41B
B00008W64E 5079 B00008W64E
B00008WFTU 5080 B00008WFTU
B00008WI9N 5081 B00008WI9N
B00008WI9O 5082 B00008WI9O
B00008WI9R 5083 B00008WI9R
B00008WJD6 5084 B00008WJD6
B00008WJDY 5085 B00008WJDY
B00008WJE5 5086 B00008WJE5
B00008WJEZ 5087 B00008WJEZ
B00008XERA 5088 B00008XERA
B00008XS2C 5089 B00008XS2C
B00008Y47T 5090 B00008Y47T
B00008YGRQ 5091 B00008YGRQ
B00008YGRR 5092 B00008YGRR
B00008YGRT 5093 B00008YGRT
B00008YGRU 5094 B00008YGRU
B00008YGRW 5095 B00008YGRW
B00008YGRX 5096 B00008YGRX
B00008YGRY 5097 B00008YGRY
B00008YLUY 5098 B00008YLUY
B00008YLVB 5099 B00008YLVB
B00008YNI2 5100 B00008YNI2
B00008YOD2 5101 B00008YOD2
B00008YOLV 5102 B00008YOLV
B00008YRTD 5103 B00008YRTD
B00008Z44E 5104 B00008Z44E
B00008ZZ8U 5105 B00008ZZ8U
B000092Q5E 5106 B000092Q5E
B000092T3Y 5107 B000092T3Y
B000092T5D 5108 B000092T5D
B000093NOL 5109 B000093NOL
B000093NOT 5110 B000093NOT
B000093NQY 5111 B000093NQY
B000093NTL 5112 B000093NTL
B000093NTP 5113 B000093NTP
B000094FFC 5114 B000094FFC
B000094HMU 5115 B000094HMU
B000094J5Z 5116 B000094J5Z
B000095J1K 5117 B000095J1K
B000095J2Y 5118 B000095J2Y
B000096I9G 5119 B000096I9G
B000096IBE 5120 B000096IBE
B000096IBH 5121 B000096IBH
B000096IBI 5122 B000096IBI
B000096IBT 5123 B000096IBT
B0000996IS 5124 B0000996IS
B000099T4E 5125 B000099T4E
B00009ATIX 5126 B00009ATIX
B00009ATJZ 5127 B00009ATJZ
B00009AV85 5128 B00009AV85
B00009AV8C 5129 B00009AV8C
B00009AV91 5130 B00009AV91
B00009AVA8 5131 B00009AVA8
B00009AVAA 5132 B00009AVAA
B00009B8FW 5133 B00009B8FW
B00009IAZK 5134 B00009IAZK
B00009IB3B 5135 B00009IB3B
B00009KNU5 5136 B00009KNU5
B00009L502 5137 B00009L502
B00009MEC4 5138 B00009MEC4
B00009MECJ 5139 B00009MECJ
B00009MEEN 5140 B00009MEEN
B00009MEJL 5141 B00009MEJL
B00009MEJT 5142 B00009MEJT
B00009MEK2 5143 B00009MEK2
B00009MEKH 5144 B00009MEKH
B00009MEKL 5145 B00009MEKL
B00009MEKO 5146 B00009MEKO
B00009N1WI 5147 B00009N1WI
B00009N80Z 5148 B00009N80Z
B00009NH9W 5149 B00009NH9W
B00009NH9Z 5150 B00009NH9Z
B00009NHAR 5151 B00009NHAR
B00009OOFB 5152 B00009OOFB
B00009OOFG 5153 B00009OOFG
B00009PBTC 5154 B00009PBTC
B00009PY4C 5155 B00009PY4C
B00009PY4G 5156 B00009PY4G
B00009PY4I 5157 B00009PY4I
B00009QG5T 5158 B00009QG5T
B00009QG6G 5159 B00009QG6G
B00009QG7P 5160 B00009QG7P
B00009QGCE 5161 B00009QGCE
B00009RDG6 5162 B00009RDG6
B00009RDG9 5163 B00009RDG9
B00009RG46 5164 B00009RG46
B00009RXJ3 5165 B00009RXJ3
B00009UW0U 5166 B00009UW0U
B00009V7RY 5167 B00009V7RY
B00009VPHM 5168 B00009VPHM
B00009VRF0 5169 B00009VRF0
B00009W0UD 5170 B00009W0UD
B00009W2GQ 5171 B00009W2GQ
B00009WHRN 5172 B00009WHRN
B00009WVM1 5173 B00009WVM1
B00009WVQV 5174 B00009WVQV
B00009WVSG 5175 B00009WVSG
B00009WVSM 5176 B00009WVSM
B00009WVT3 5177 B00009WVT3
B00009XITR 5178 B00009XITR
B00009XN37 5179 B00009XN37
B00009Y3P8 5180 B00009Y3P8
B00009Y3RE 5181 B00009Y3RE
B00009Y3RW 5182 B00009Y3RW
B00009YXAU 5183 B00009YXAU
B00009YXBX 5184 B00009YXBX
B00009YXEW 5185 B00009YXEW
B00009ZPUC 5186 B00009ZPUC
B00009ZY9E 5187 B00009ZY9E
B0000A02TX 5188 B0000A02TX
B0000A02U0 5189 B0000A02U0
B0000A02VL 5190 B0000A02VL
B0000A02WB 5191 B0000A02WB
B0000A02YE 5192 B0000A02YE
B0000A02YG 5193 B0000A02YG
B0000A02YL 5194 B0000A02YL
B0000A0DVR 5195 B0000A0DVR
B0000A14WG 5196 B0000A14WG
B0000A1HPU 5197 B0000A1HPU
B0000A1HW7 5198 B0000A1HW7
B0000A2ZNL 5199 B0000A2ZNL
B0000A2ZNX 5200 B0000A2ZNX
B0000A4GDT 5201 B0000A4GDT
B0000A5A11 5202 B0000A5A11
B0000A5BRX 5203 B0000A5BRX
B0000A5BSU 5204 B0000A5BSU
B0000A7W10 5205 B0000A7W10
B0000A7W16 5206 B0000A7W16
B0000A98ZQ 5207 B0000A98ZQ
B0000A9D4A 5208 B0000A9D4A
B0000A9GHP 5209 B0000A9GHP
B0000AB16C 5210 B0000AB16C
B0000ACNQH 5211 B0000ACNQH
B0000ACOXL 5212 B0000ACOXL
B0000ACOYO 5213 B0000ACOYO
B0000ADXG7 5214 B0000ADXG7
B0000ADXG8 5215 B0000ADXG8
B0000ADXGA 5216 B0000ADXGA
B0000AGQ2A 5217 B0000AGQ2A
B0000AGQ2E 5218 B0000AGQ2E
B0000AGQ2H 5219 B0000AGQ2H
B0000AGQ3M 5220 B0000AGQ3M
B0000AGQ5V 5221 B0000AGQ5V
B0000AGQ6R 5222 B0000AGQ6R
B0000AGWHA 5223 B0000AGWHA
B0000AGWMF 5224 B0000AGWMF
B0000AGWNX 5225 B0000AGWNX
B0000AGWSC 5226 B0000AGWSC
B0000AINIZ 5227 B0000AINIZ
B0000AISI4 5228 B0000AISI4
B0000AK80C 5229 B0000AK80C
B0000AKCJP 5230 B0000AKCJP
B0000AKCKI 5231 B0000AKCKI
B0000ALPFL 5232 B0000ALPFL
B0000ALPIW 5233 B0000ALPIW
B0000AOV8O 5234 B0000AOV8O
B0000AQS18 5235 B0000AQS18
B0000AQVMW 5236 B0000AQVMW
B0000AVHAO 5237 B0000AVHAO
B0000AZKJ8 5238 B0000AZKJ8
B0000AZT2H 5239 B0000AZT2H
B0000B1OGK 5240 B0000B1OGK
B0000C2IQB 5241 B0000C2IQB
B0000C2IQQ 5242 B0000C2IQQ
B0000C2IV1 5243 B0000C2IV1
B0000CABBT 5244 B0000CABBT
B0000CABBW 5245 B0000CABBW
B0000CABE6 5246 B0000CABE6
B0000CABEI 5247 B0000CABEI
B0000CABH8 5248 B0000CABH8
B0000CABIQ 5249 B0000CABIQ
B0000CABL2 5250 B0000CABL2
B0000CBXZ5 5251 B0000CBXZ5
B0000CBXZ7 5252 B0000CBXZ7
B0000CC885 5253 B0000CC885
B0000CDL9K 5254 B0000CDL9K
B0000CE684 5255 B0000CE684
B0000CGDQQ 5256 B0000CGDQQ
B0000CGNEC 5257 B0000CGNEC
B0000CGNEF 5258 B0000CGNEF
B0000CGNEH 5259 B0000CGNEH
B0000CNY5G 5260 B0000CNY5G
B0000D0YWJ 5261 B0000D0YWJ
B0000D8L1K 5262 B0000D8L1K
B0000D9PNG 5263 B0000D9PNG
B0000D9PNX 5264 B0000D9PNX
B0000D9Y62 5265 B0000D9Y62
B0000DA23M 5266 B0000DA23M
B0000DBJ8M 5267 B0000DBJ8M
B0000DBJ9P 5268 B0000DBJ9P
B0000DBJDN 5269 B0000DBJDN
B0000DBK9X 5270 B0000DBK9X
B0000DC12Z 5271 B0000DC12Z
B0000DC13R 5272 B0000DC13R
B0000DC152 5273 B0000DC152
B0000DC3VL 5274 B0000DC3VL
B0000DFXV9 5275 B0000DFXV9
B0000DGBEY 5276 B0000DGBEY
B0000DGKI7 5277 B0000DGKI7
B0000DI88E 5278 B0000DI88E
B0000DIJOW 5279 B0000DIJOW
B0000DJYML 5280 B0000DJYML
B0000DJZ83 5281 B0000DJZ83
B0000DKMK0 5282 B0000DKMK0
B0000DZ3EG 5283 B0000DZ3EG
B0000DZ3G3 5284 B0000DZ3G3
B0000DZ6N3 5285 B0000DZ6N3
B0000DZTIN 5286 B0000DZTIN
B0000DZTIP 5287 B0000DZTIP
B0000E2FLB 5288 B0000E2FLB
B0000E2PVR 5289 B0000E2PVR
B0000E32UZ 5290 B0000E32UZ
B0000E32V0 5291 B0000E32V0
B0000E32WJ 5292 B0000E32WJ
B0000E32X2 5293 B0000E32X2
B0000E32X3 5294 B0000E32X3
B0000E5NPY 5295 B0000E5NPY
B0000E6XDU 5296 B0000E6XDU
B0000EMYHV 5297 B0000EMYHV
B0000EYV7E 5298 B0000EYV7E
B0000INU6I 5299 B0000INU6I
B0000SWN4I 5300 B0000SWN4I
B0000SX9MS 5301 B0000SX9MS
B0000SX9N2 5302 B0000SX9N2
B0000SXK0Y 5303 B0000SXK0Y
B0000TAYWA 5304 B0000TAYWA
B0000TAZW4 5305 B0000TAZW4
B0000TG492 5306 B0000TG492
B0000TG49C 5307 B0000TG49C
B0000TG8UM 5308 B0000TG8UM
B0000TG95Q 5309 B0000TG95Q
B0000TGAAU 5310 B0000TGAAU
B0000TGADW 5311 B0000TGADW
B0000TPA0G 5312 B0000TPA0G
B0000TPA4C 5313 B0000TPA4C
B0000TPA6K 5314 B0000TPA6K
B0000TWMMA 5315 B0000TWMMA
B0000U0X1Q 5316 B0000U0X1Q
B0000U0X20 5317 B0000U0X20
B0000UI2NM 5318 B0000UI2NM
B0000UJFBK 5319 B0000UJFBK
B0000UJL82 5320 B0000UJL82
B0000UX4V2 5321 B0000UX4V2
B0000V46CW 5322 B0000V46CW
B0000V46D6 5323 B0000V46D6
B0000V472G 5324 B0000V472G
B0000V4906 5325 B0000V4906
B0000V6S5K 5326 B0000V6S5K
B0000VCZK2 5327 B0000VCZK2
B0000VCZLG 5328 B0000VCZLG
B0000VCZNE 5329 B0000VCZNE
B0000VD02E 5330 B0000VD02E
B0000VD0RO 5331 B0000VD0RO
B0000VD11E 5332 B0000VD11E
B0000VD12I 5333 B0000VD12I
B0000VJG72 5334 B0000VJG72
B0000VLLNY 5335 B0000VLLNY
B0000VV4MW 5336 B0000VV4MW
B0000VV4OK 5337 B0000VV4OK
B0000VV4XQ 5338 B0000VV4XQ
B0000VV4YU 5339 B0000VV4YU
B0000VV5I0 5340 B0000VV5I0
B0000W3QS6 5341 B0000W3QS6
B0000W5J9K 5342 B0000W5J9K
B0000WN0T6 5343 B0000WN0T6
B0000WN15E 5344 B0000WN15E
B0000WN1N6 5345 B0000WN1N6
B0000WN1PO 5346 B0000WN1PO
B0000X2ECE 5347 B0000X2ECE
B0000YEDYU 5348 B0000YEDYU
B0000YEE6W 5349 B0000YEE6W
B0000YTOKI 5350 B0000YTOKI
B0000YTP02 5351 B0000YTP02
B0000YWKFO 5352 B0000YWKFO
B0000ZMGWK 5353 B0000ZMGWK
B0000ZMGZW 5354 B0000ZMGZW
B0000ZMH92 5355 B0000ZMH92
B00011V8HM 5356 B00011V8HM
B00011V8HW 5357 B00011V8HW
B000127LW2 5358 B000127LW2
B00012QLB4 5359 B00012QLB4
B00012QMKO 5360 B00012QMKO
B00012SZDG 5361 B00012SZDG
B00013F32G 5362 B00013F32G
B00013RC2K 5363 B00013RC2K
B00013RC34 5364 B00013RC34
B00013RCAC 5365 B00013RCAC
B00013WWSO 5366 B00013WWSO
B00014K58W 5367 B00014K58W
B00014K5UK 5368 B00014K5UK
B00014K5Y6 5369 B00014K5Y6
B00014NEUS 5370 B00014NEUS
B00014NF02 5371 B00014NF02
B00014WB1G 5372 B00014WB1G
B00015GA8A 5373 B00015GA8A
B00015HVI8 5374 B00015HVI8
B00015HVM4 5375 B00015HVM4
B00015HWX2 5376 B00015HWX2
B00015HX5E 5377 B00015HX5E
B00016JE5U 5378 B00016JE5U
B00016MC9U 5379 B00016MC9U
B00016MCAE 5380 B00016MCAE
B00016MSVM 5381 B00016MSVM
B00016RNO4 5382 B00016RNO4
B00016XNRU 5383 B00016XNRU
B000171RAE 5384 B000171RAE
B00017LVKA 5385 B00017LVKA
B00017LVNC 5386 B00017LVNC
B00017LVSM 5387 B00017LVSM
B00018D3LE 5388 B00018D3LE
B00018D3RS 5389 B00018D3RS
B00018D3YG 5390 B00018D3YG
B00018D3YQ 5391 B00018D3YQ
B00018D40O 5392 B00018D40O
B00018D422 5393 B00018D422
B00018D4PO 5394 B00018D4PO
B00018U984 5395 B00018U984
B00018U9FW 5396 B00018U9FW
B00018WENW 5397 B00018WENW
B00018WL3U 5398 B00018WL3U
B00018YCHI 5399 B00018YCHI
B00018YCIM 5400 B00018YCIM
B00018YCJ6 5401 B00018YCJ6
B0001906VI 5402 B0001906VI
B0001906X6 5403 B0001906X6
B0001907AI 5404 B0001907AI
B0001907BC 5405 B0001907BC
B0001907BW 5406 B0001907BW
B000192W92 5407 B000192W92
B00019330O 5408 B00019330O
B000197134 5409 B000197134
B000199JJI 5410 B000199JJI
B000199JKC 5411 B000199JKC
B00019GHU2 5412 B00019GHU2
B00019HOR2 5413 B00019HOR2
B00019JRFY 5414 B00019JRFY
B00019PDNY 5415 B00019PDNY
B0001A79G2 5416 B0001A79G2
B0001ACJV2 5417 B0001ACJV2
B0001ADAVK 5418 B0001ADAVK
B0001AVZ9E 5419 B0001AVZ9E
B0001AVZM6 5420 B0001AVZM6
B0001AVZNU 5421 B0001AVZNU
B0001AW02A 5422 B0001AW02A
B0001AW066 5423 B0001AW066
B0001AW070 5424 B0001AW070
B0001AW0HU 5425 B0001AW0HU
B0001BKAP8 5426 B0001BKAP8
B0001BKBGQ 5427 B0001BKBGQ
B0001BPPO4 5428 B0001BPPO4
B0001CCXZW 5429 B0001CCXZW
B0001CJ8XM 5430 B0001CJ8XM
B0001CLEFM 5431 B0001CLEFM
B0001CNPLI 5432 B0001CNPLI
B0001CNQUS 5433 B0001CNQUS
B0001CNQVM 5434 B0001CNQVM
B0001CNRLG 5435 B0001CNRLG
B0001CNRLQ 5436 B0001CNRLQ
B0001CNRNE 5437 B0001CNRNE
B0001CNRNO 5438 B0001CNRNO
B0001CNRRU 5439 B0001CNRRU
B0001CNRS4 5440 B0001CNRS4
B0001DA0B0 5441 B0001DA0B0
B0001DA0UG 5442 B0001DA0UG
B0001DA4RK 5443 B0001DA4RK
B0001DCR0C 5444 B0001DCR0C
B0001DCYBE 5445 B0001DCYBE
B0001DMUCM 5446 B0001DMUCM
B0001DMUF4 5447 B0001DMUF4
B0001DMVVC 5448 B0001DMVVC
B0001DMW9S 5449 B0001DMW9S
B0001DMXEC 5450 B0001DMXEC
B0001DYG1U 5451 B0001DYG1U
B0001DYG38 5452 B0001DYG38
B0001E5GQI 5453 B0001E5GQI
B0001E6CKW 5454 B0001E6CKW
B0001EFTQU 5455 B0001EFTQU
B0001EFTVA 5456 B0001EFTVA
B0001EFUFK 5457 B0001EFUFK
B0001EFV7M 5458 B0001EFV7M
B0001EFV9K 5459 B0001EFV9K
B0001F0WM0 5460 B0001F0WM0
B0001F33GW 5461 B0001F33GW
B0001FGBSE 5462 B0001FGBSE
B0001FGBZM 5463 B0001FGBZM
B0001FR3HM 5464 B0001FR3HM
B0001FR55C 5465 B0001FR55C
B0001FT50A 5466 B0001FT50A
B0001FVDG4 5467 B0001FVDG4
B0001FVDVO 5468 B0001FVDVO
B0001FVDY6 5469 B0001FVDY6
B0001FVECM 5470 B0001FVECM
B0001GF2F6 5471 B0001GF2F6
B0001GF2JM 5472 B0001GF2JM
B0001GH5RY 5473 B0001GH5RY
B0001GH5TW 5474 B0001GH5TW
B0001GH7A4 5475 B0001GH7A4
B0001GH7C2 5476 B0001GH7C2
B0001GOH7K 5477 B0001GOH7K
B0001GOH84 5478 B0001GOH84
B0001GSPG4 5479 B0001GSPG4
B0001GWK3I 5480 B0001GWK3I
B0001HAGQK 5481 B0001HAGQK
B0001HAGTM 5482 B0001HAGTM
B0001HAGTW 5483 B0001HAGTW
B0001HAGUQ 5484 B0001HAGUQ
B0001HAHNM 5485 B0001HAHNM
B0001HAI0E 5486 B0001HAI0E
B0001I2BUI 5487 B0001I2BUI
B0001I551K 5488 B0001I551K
B0001I55N8 5489 B0001I55N8
B0001I55ZQ 5490 B0001I55ZQ
B0001I56LE 5491 B0001I56LE
B0001IN076 5492 B0001IN076
B0001JXOVC 5493 B0001JXOVC
B0001JXP2A 5494 B0001JXP2A
B0001JXP8Y 5495 B0001JXP8Y
B0001JXPPC 5496 B0001JXPPC
B0001JXQ1U 5497 B0001JXQ1U
B0001K2L4W 5498 B0001K2L4W
B0001K5GOO 5499 B0001K5GOO
B0001KL5BW 5500 B0001KL5BW
B0001KL5DA 5501 B0001KL5DA
B0001KL5HQ 5502 B0001KL5HQ
B0001KL5IU 5503 B0001KL5IU
B0001KL60C 5504 B0001KL60C
B0001KNHAE 5505 B0001KNHAE
B0001KNHKY 5506 B0001KNHKY
B0001KREGW 5507 B0001KREGW
B0001L3LUE 5508 B0001L3LUE
B0001LJBTE 5509 B0001LJBTE
B0001LJCMU 5510 B0001LJCMU
B0001LJCXE 5511 B0001LJCXE
B0001LQJQW 5512 B0001LQJQW
B0001LVZKW 5513 B0001LVZKW
B0001LYESC 5514 B0001LYESC
B0001LYFKO 5515 B0001LYFKO
B0001M3MXY 5516 B0001M3MXY
B0001MDP36 5517 B0001MDP36
B0001MIQBC 5518 B0001MIQBC
B0001MIQMG 5519 B0001MIQMG
B0001MMGC2 5520 B0001MMGC2
B0001MZ7IC 5521 B0001MZ7IC
B0001MZ7K0 5522 B0001MZ7K0
B0001MZ7KA 5523 B0001MZ7KA
B0001NBLVI 5524 B0001NBLVI
B0001NBLYA 5525 B0001NBLYA
B0001NBMAS 5526 B0001NBMAS
B0001NBMEY 5527 B0001NBMEY
B0001NBMFI 5528 B0001NBMFI
B0001NBMHQ 5529 B0001NBMHQ
B0001NBNF2 5530 B0001NBNF2
B0001NBNFW 5531 B0001NBNFW
B0001NBNIY 5532 B0001NBNIY
B0001NBNJ8 5533 B0001NBNJ8
B0001NNLT8 5534 B0001NNLT8
B0001O3YHQ 5535 B0001O3YHQ
B0001O3YLM 5536 B0001O3YLM
B0001O3YP8 5537 B0001O3YP8
B0001OGVQ2 5538 B0001OGVQ2
B0001OGW0W 5539 B0001OGW0W
B0001OGW16 5540 B0001OGW16
B0001P1B3O 5541 B0001P1B3O
B0001PKFLS 5542 B0001PKFLS
B0001Q4BOE 5543 B0001Q4BOE
B0001QYYVY 5544 B0001QYYVY
B0001S6AQE 5545 B0001S6AQE
B0001US5T2 5546 B0001US5T2
B0001US67I 5547 B0001US67I
B0001US85S 5548 B0001US85S
B0001US8EE 5549 B0001US8EE
B0001UZWMU 5550 B0001UZWMU
B0001UZZPO 5551 B0001UZZPO
B0001UZZTK 5552 B0001UZZTK
B0001VL0KC 5553 B0001VL0KC
B0001W1BXW 5554 B0001W1BXW
B0001WNL26 5555 B0001WNL26
B0001WNL2G 5556 B0001WNL2G
B0001WTVJ8 5557 B0001WTVJ8
B0001WTWDI 5558 B0001WTWDI
B0001WTWPG 5559 B0001WTWPG
B0001WTWXI 5560 B0001WTWXI
B0001WTWXS 5561 B0001WTWXS
B0001X1WK8 5562 B0001X1WK8
B0001XAOPM 5563 B0001XAOPM
B0001XAPWE 5564 B0001XAPWE
B0001XAPX8 5565 B0001XAPX8
B0001XLWGC 5566 B0001XLWGC
B0001XV9UQ 5567 B0001XV9UQ
B0001Y4LZU 5568 B0001Y4LZU
B0001YYNSA 5569 B0001YYNSA
B0001Z3I0S 5570 B0001Z3I0S
B0001Z3I12 5571 B0001Z3I12
B0001Z3I1C 5572 B0001Z3I1C
B0001Z3IPS 5573 B0001Z3IPS
B0001Z3TS4 5574 B0001Z3TS4
B0001Z4OT2 5575 B0001Z4OT2
B0001Z51LC 5576 B0001Z51LC
B0001ZDKXI 5577 B0001ZDKXI
B0001ZJ1HW 5578 B0001ZJ1HW
B0001ZJQ6I 5579 B0001ZJQ6I
B0001ZMWXW 5580 B0001ZMWXW
B0001ZMWYG 5581 B0001ZMWYG
B0001ZX0CY 5582 B0001ZX0CY
B0001ZX0EW 5583 B0001ZX0EW
B0001ZX0GA 5584 B0001ZX0GA
B0001ZX0GU 5585 B0001ZX0GU
B0001ZX0OM 5586 B0001ZX0OM
B0001ZZ4PA 5587 B0001ZZ4PA
B00020BVYW 5588 B00020BVYW
B00020BW14 5589 B00020BW14
B00020BW4G 5590 B00020BW4G
B00020H9NO 5591 B00020H9NO
B00020HA9C 5592 B00020HA9C
B00020HAWY 5593 B00020HAWY
B00020HAY2 5594 B00020HAY2
B00020HCB8 5595 B00020HCB8
B00020HCBI 5596 B00020HCBI
B00020HCC2 5597 B00020HCC2
B00020SK1Y 5598 B00020SK1Y
B00020WBJ6 5599 B00020WBJ6
B00020X83Y 5600 B00020X83Y
B00020X852 5601 B00020X852
B00021R7BM 5602 B00021R7BM
B0002234R2 5603 B0002234R2
B0002234Y0 5604 B0002234Y0
B0002235P8 5605 B0002235P8
B000228EG8 5606 B000228EG8
B00022FWTA 5607 B00022FWTA
B00022PYQ6 5608 B00022PYQ6
B00022XE4A 5609 B00022XE4A
B00023BKNQ 5610 B00023BKNQ
B00023BLXK 5611 B00023BLXK
B00023BM4S 5612 B00023BM4S
B00023E88U 5613 B00023E88U
B00023E894 5614 B00023E894
B00023ELYG 5615 B00023ELYG
B00023GFUY 5616 B00023GFUY
B00023GG6C 5617 B00023GG6C
B00023GGAI 5618 B00023GGAI
B00023P4B0 5619 B00023P4B0
B00023P4HY 5620 B00023P4HY
B00023P4JM 5621 B00023P4JM
B00023P4OC 5622 B00023P4OC
B000243E2K 5623 B000243E2K
B00024426W 5624 B00024426W
B000244E2O 5625 B000244E2O
B000244F2S 5626 B000244F2S
B000244FFU 5627 B000244FFU
B000244GCW 5628 B000244GCW
B00024JC3U 5629 B00024JC3U
B000255LCK 5630 B000255LCK
B000255LG6 5631 B000255LG6
B000255LIY 5632 B000255LIY
B000255LRA 5633 B000255LRA
B00026L8NK 5634 B00026L8NK
B00026L9BQ 5635 B00026L9BQ
B00026L9CU 5636 B00026L9CU
B00026PA70 5637 B00026PA70
B000274T94 5638 B000274T94
B00027JY5I 5639 B00027JY5I
B00027JY8U 5640 B00027JY8U
B00027JYAS 5641 B00027JYAS
B00027SIUK 5642 B00027SIUK
B000286RR0 5643 B000286RR0
B000286S2E 5644 B000286S2E
B00028G6H6 5645 B00028G6H6
B00028G748 5646 B00028G748
B00028G75C 5647 B00028G75C
B00028G7JI 5648 B00028G7JI
B00028G7LG 5649 B00028G7LG
B000291Q3O 5650 B000291Q3O
B000294U6E 5651 B000294U6E
B00029LNZA 5652 B00029LNZA
B00029LO0Y 5653 B00029LO0Y
B00029LO5O 5654 B00029LO5O
B00029NKS8 5655 B00029NKS8
B00029NLGY 5656 B00029NLGY
B00029NLLY 5657 B00029NLLY
B00029NMRM 5658 B00029NMRM
B00029RT2Q 5659 B00029RT2Q
B00029RT9E 5660 B00029RT9E
B0002A2W2W 5661 B0002A2W2W
B0002A2WFY 5662 B0002A2WFY
B0002ABU5C 5663 B0002ABU5C
B0002B14UW 5664 B0002B14UW
B0002B15J2 5665 B0002B15J2
B0002B15UQ 5666 B0002B15UQ
B0002B15ZG 5667 B0002B15ZG
B0002B25PU 5668 B0002B25PU
B0002B55FC 5669 B0002B55FC
B0002B95MG 5670 B0002B95MG
B0002B95XU 5671 B0002B95XU
B0002C4GUG 5672 B0002C4GUG
B0002CHIFG 5673 B0002CHIFG
B0002CHJPA 5674 B0002CHJPA
B0002COTDA 5675 B0002COTDA
B0002CX1LG 5676 B0002CX1LG
B0002CX1M0 5677 B0002CX1M0
B0002CX224 5678 B0002CX224
B0002DB0FO 5679 B0002DB0FO
B0002DB4YQ 5680 B0002DB4YQ
B0002DB52M 5681 B0002DB52M
B0002DB5B8 5682 B0002DB5B8
B0002DB5N6 5683 B0002DB5N6
B0002DB5NG 5684 B0002DB5NG
B0002DRDCS 5685 B0002DRDCS
B0002DRDIC 5686 B0002DRDIC
B0002DRDIM 5687 B0002DRDIM
B0002DRDIW 5688 B0002DRDIW
B0002DRE0Y 5689 B0002DRE0Y
B0002E34C0 5690 B0002E34C0
B0002EJ7JY 5691 B0002EJ7JY
B0002ERWV4 5692 B0002ERWV4
B0002ERWVE 5693 B0002ERWVE
B0002ERWXC 5694 B0002ERWXC
B0002ERWZ0 5695 B0002ERWZ0
B0002ERXC2 5696 B0002ERXC2
B0002F6AHA 5697 B0002F6AHA
B0002F6B0G 5698 B0002F6B0G
B0002F6B4M 5699 B0002F6B4M
B0002F6BJW 5700 B0002F6BJW
B0002F6BTC 5701 B0002F6BTC
B0002F6BTM 5702 B0002F6BTM
B0002FZ78I 5703 B0002FZ78I
B0002I84EE 5704 B0002I84EE
B0002JL9N6 5705 B0002JL9N6
B0002JZT5U 5706 B0002JZT5U
B0002KPHVU 5707 B0002KPHVU
B0002KPHWE 5708 B0002KPHWE
B0002KPHXI 5709 B0002KPHXI
B0002KPHZ6 5710 B0002KPHZ6
B0002KQOH6 5711 B0002KQOH6
B0002KVUKW 5712 B0002KVUKW
B0002LE8WS 5713 B0002LE8WS
B0002LE9HW 5714 B0002LE9HW
B0002LE9QS 5715 B0002LE9QS
B0002M5TN4 5716 B0002M5TN4
B0002M5TOI 5717 B0002M5TOI
B0002M5U6A 5718 B0002M5U6A
B0002M5U74 5719 B0002M5U74
B0002M5U7E 5720 B0002M5U7E
B0002MFG0K 5721 B0002MFG0K
B0002MFGDW 5722 B0002MFGDW
B0002MHDYW 5723 B0002MHDYW
B0002MICI8 5724 B0002MICI8
B0002MJT0I 5725 B0002MJT0I
B0002MPK0Q 5726 B0002MPK0Q
B0002MPQRS 5727 B0002MPQRS
B0002NY8PI 5728 B0002NY8PI
B0002NY8R6 5729 B0002NY8R6
B0002NY8VC 5730 B0002NY8VC
B0002O7Y8U 5731 B0002O7Y8U
B0002OI03I 5732 B0002OI03I
B0002OXRSG 5733 B0002OXRSG
B0002OXVA0 5734 B0002OXVA0
B0002OXVDW 5735 B0002OXVDW
B0002OXVF0 5736 B0002OXVF0
B0002OXVG4 5737 B0002OXVG4
B0002PYFZ4 5738 B0002PYFZ4
B0002PYS5G 5739 B0002PYS5G
B0002PYS5Q 5740 B0002PYS5Q
B0002PYS74 5741 B0002PYS74
B0002PYS7Y 5742 B0002PYS7Y
B0002PYSB0 5743 B0002PYSB0
B0002PYST2 5744 B0002PYST2
B0002PYSYC 5745 B0002PYSYC
B0002PYTD2 5746 B0002PYTD2
B0002RQ2S0 5747 B0002RQ2S0
B0002RQ3MK 5748 B0002RQ3MK
B0002RQ3MU 5749 B0002RQ3MU
B0002S647S 5750 B0002S647S
B0002S648C 5751 B0002S648C
B0002S64LO 5752 B0002S64LO
B0002S64UK 5753 B0002S64UK
B0002S65WM 5754 B0002S65WM
B0002S65X6 5755 B0002S65X6
B0002S94BQ 5756 B0002S94BQ
B0002S94C0 5757 B0002S94C0
B0002S94X4 5758 B0002S94X4
B0002T2QRY 5759 B0002T2QRY
B0002T2QSS 5760 B0002T2QSS
B0002T7YEY 5761 B0002T7YEY
B0002T7YYO 5762 B0002T7YYO
B0002TSZII 5763 B0002TSZII
B0002TSZME 5764 B0002TSZME
B0002TT0MS 5765 B0002TT0MS
B0002TVWQ0 5766 B0002TVWQ0
B0002UE1WQ 5767 B0002UE1WQ
B0002US528 5768 B0002US528
B0002UUO8G 5769 B0002UUO8G
B0002V0E08 5770 B0002V0E08
B0002V7O2Y 5771 B0002V7O2Y
B0002V7O60 5772 B0002V7O60
B0002V7OEM 5773 B0002V7OEM
B0002V7ON8 5774 B0002V7ON8
B0002V7S4S 5775 B0002V7S4S
B0002V7T5Q 5776 B0002V7T5Q
B0002V7THY 5777 B0002V7THY
B0002V7TII 5778 B0002V7TII
B0002V7TNI 5779 B0002V7TNI
B0002V7TZQ 5780 B0002V7TZQ
B0002V7U00 5781 B0002V7U00
B0002V7U14 5782 B0002V7U14
B0002VETFO 5783 B0002VETFO
B0002VEUTY 5784 B0002VEUTY
B0002VEVOI 5785 B0002VEVOI
B0002VEVQG 5786 B0002VEVQG
B0002VEWW4 5787 B0002VEWW4
B0002VEWY2 5788 B0002VEWY2
B0002VEYV8 5789 B0002VEYV8
B0002VEZ3U 5790 B0002VEZ3U
B0002VGSBM 5791 B0002VGSBM
B0002VNYI2 5792 B0002VNYI2
B0002W12IU 5793 B0002W12IU
B0002W4SBI 5794 B0002W4SBI
B0002W4SWW 5795 B0002W4SWW
B0002W4SY0 5796 B0002W4SY0
B0002W4TNA 5797 B0002W4TNA
B0002W4UDO 5798 B0002W4UDO
B0002WYTWG 5799 B0002WYTWG
B0002WYU02 5800 B0002WYU02
B0002WZN9Y 5801 B0002WZN9Y
B0002WZRSG 5802 B0002WZRSG
B0002WZS9Y 5803 B0002WZS9Y
B0002WZTCA 5804 B0002WZTCA
B0002WZTLQ 5805 B0002WZTLQ
B0002WZTQQ 5806 B0002WZTQQ
B0002X8U4I 5807 B0002X8U4I
B0002XEEAM 5808 B0002XEEAM
B0002XKOWO 5809 B0002XKOWO
B0002XL1NU 5810 B0002XL1NU
B0002XL2KW 5811 B0002XL2KW
B0002XNSYU 5812 B0002XNSYU
B0002XNSZE 5813 B0002XNSZE
B0002XNSZY 5814 B0002XNSZY
B0002XVKLS 5815 B0002XVKLS
B0002XVKMC 5816 B0002XVKMC
B0002XVQNK 5817 B0002XVQNK
B0002XVQSU 5818 B0002XVQSU
B0002XVQT4 5819 B0002XVQT4
B0002XZVEK 5820 B0002XZVEK
B0002Y4PPK 5821 B0002Y4PPK
B0002Y4T92 5822 B0002Y4T92
B0002Y4TOM 5823 B0002Y4TOM
B0002Y4TWE 5824 B0002Y4TWE
B0002Y69LI 5825 B0002Y69LI
B0002YCUR0 5826 B0002YCUR0
B0002YCVY2 5827 B0002YCVY2
B0002YLC1U 5828 B0002YLC1U
B0002YLC24 5829 B0002YLC24
B0002YLCFQ 5830 B0002YLCFQ
B0002Z16HY 5831 B0002Z16HY
B0002Z7RNG 5832 B0002Z7RNG
B0002ZMHWM 5833 B0002ZMHWM
B0002ZMHX6 5834 B0002ZMHX6
B0002ZMITY 5835 B0002ZMITY
B0003035CW 5836 B0003035CW
B000305ZYI 5837 B000305ZYI
B00030A5J8 5838 B00030A5J8
B00031TXAY 5839 B00031TXAY
B00031V23U 5840 B00031V23U
B00049QQ78 5841 B00049QQ78
B0004Z33DM 5842 B0004Z33DM
B0004Z33FK 5843 B0004Z33FK
B00061Q6VU 5844 B00061Q6VU
B00061QJ9E 5845 B00061QJ9E
B00061QJIA 5846 B00061QJIA
B00061QJSK 5847 B00061QJSK
B0006210ZG 5848 B0006210ZG
B0006212JK 5849 B0006212JK
B00062IDCO 5850 B00062IDCO
B00062IDEW 5851 B00062IDEW
B00062IDLA 5852 B00062IDLA
B00062IDOC 5853 B00062IDOC
B00062IDZQ 5854 B00062IDZQ
B00062IE9Q 5855 B00062IE9Q
B00062IVMG 5856 B00062IVMG
B00062IVOY 5857 B00062IVOY
B00062IXJW 5858 B00062IXJW
B00062IXL0 5859 B00062IXL0
B00062IYWI 5860 B00062IYWI
B00062IYXM 5861 B00062IYXM
B00062IYY6 5862 B00062IYY6
B00062IZLI 5863 B00062IZLI
B00062WUQY 5864 B00062WUQY
B000638PIU 5865 B000638PIU
B00063FFGA 5866 B00063FFGA
B00063MAXQ 5867 B00063MAXQ
B00063UEFM 5868 B00063UEFM
B000640N7K 5869 B000640N7K
B000642008 5870 B000642008
B00064AEXI 5871 B00064AEXI
B00064AFF0 5872 B00064AFF0
B00064AM62 5873 B00064AM62
B00064AME4 5874 B00064AME4
B00064AMEE 5875 B00064AMEE
B00064LJVO 5876 B00064LJVO
B00064MW74 5877 B00064MW74
B00064VQXA 5878 B00064VQXA
B00064VR0W 5879 B00064VR0W
B000654ZJ6 5880 B000654ZJ6
B00065D1B4 5881 B00065D1B4
B00065GVIO 5882 B00065GVIO
B00065GX8C 5883 B00065GX8C
B00065HKL6 5884 B00065HKL6
B00065QKPS 5885 B00065QKPS
B000667GJQ 5886 B000667GJQ
B00066FPCG 5887 B00066FPCG
B00066VU7K 5888 B00066VU7K
B00066X9V0 5889 B00066X9V0
B000679MF6 5890 B000679MF6
B000679MFG 5891 B000679MFG
B00067BBMS 5892 B00067BBMS
B00067BCB8 5893 B00067BCB8
B00067BCBI 5894 B00067BCBI
B00067Z2R8 5895 B00067Z2R8
B000683DJQ 5896 B000683DJQ
B00068NVG6 5897 B00068NVG6
B00068NVLQ 5898 B00068NVLQ
B00068NVMK 5899 B00068NVMK
B00068OSVI 5900 B00068OSVI
B00068RELO 5901 B00068RELO
B00068VNHU 5902 B00068VNHU
B00069FKVE 5903 B00069FKVE
B00069L0X6 5904 B00069L0X6
B0006A9FJ6 5905 B0006A9FJ6
B0006A9FKA 5906 B0006A9FKA
B0006B3UE6 5907 B0006B3UE6
B0006B41GM 5908 B0006B41GM
B0006D3HCO 5909 B0006D3HCO
B0006D3HDS 5910 B0006D3HDS
B0006D3HG0 5911 B0006D3HG0
B0006FFRB6 5912 B0006FFRB6
B0006FFRSE 5913 B0006FFRSE
B0006FO95G 5914 B0006FO95G
B0006GAO0O 5915 B0006GAO0O
B0006GAODG 5916 B0006GAODG
B0006H328E 5917 B0006H328E
B0006IUDB2 5918 B0006IUDB2
B0006J2896 5919 B0006J2896
B0006J28DM 5920 B0006J28DM
B0006N2EZA 5921 B0006N2EZA
B0006O9M6S 5922 B0006O9M6S
B0006OBPTA 5923 B0006OBPTA
B0006OBPTU 5924 B0006OBPTU
B0006PTYP6 5925 B0006PTYP6
B0006Q93AQ 5926 B0006Q93AQ
B0006Q93BK 5927 B0006Q93BK
B0006Q93BU 5928 B0006Q93BU
B0006Q93CE 5929 B0006Q93CE
B0006Q94AK 5930 B0006Q94AK
B0006SGYM4 5931 B0006SGYM4
B0006SH25C 5932 B0006SH25C
B0006SSNVY 5933 B0006SSNVY
B0006SSNXW 5934 B0006SSNXW
B0006SSOUO 5935 B0006SSOUO
B0006SSP9O 5936 B0006SSP9O
B0006TPE4M 5937 B0006TPE4M
B0006U5UT0 5938 B0006U5UT0
B0006U5V58 5939 B0006U5V58
B0006VL1J2 5940 B0006VL1J2
B0006VXM4E 5941 B0006VXM4E
B0006Z2L0G 5942 B0006Z2L0G
B0006Z2L3S 5943 B0006Z2L3S
B0006Z2L4W 5944 B0006Z2L4W
B0006Z2LJC 5945 B0006Z2LJC
B0006Z2NDQ 5946 B0006Z2NDQ
B0006Z8FWE 5947 B0006Z8FWE
B0006ZM8M2 5948 B0006ZM8M2
B0006ZXJ70 5949 B0006ZXJ70
B00070DW1C 5950 B00070DW1C
B00070EBOY 5951 B00070EBOY
B00070FX5U 5952 B00070FX5U
B00070HK24 5953 B00070HK24
B00070HK2Y 5954 B00070HK2Y
B00070HK4C 5955 B00070HK4C
B00073K7JY 5956 B00073K7JY
B000766XNK 5957 B000766XNK
B000767QTA 5958 B000767QTA
B00076ON28 5959 B00076ON28
B00076ONT6 5960 B00076ONT6
B00076ONVY 5961 B00076ONVY
B00076PCPU 5962 B00076PCPU
B00076SCPW 5963 B00076SCPW
B00076YP5I 5964 B00076YP5I
B000772838 5965 B000772838
B000777I9C 5966 B000777I9C
B000777IJ2 5967 B000777IJ2
B00077BOFG 5968 B00077BOFG
B00077BPF0 5969 B00077BPF0
B0007808A2 5970 B0007808A2
B000784WKO 5971 B000784WKO
B000784WWW 5972 B000784WWW
B000784XBW 5973 B000784XBW
B000787YRW 5974 B000787YRW
B00078808O 5975 B00078808O
B00078GL0S 5976 B00078GL0S
B00078RPGW 5977 B00078RPGW
B0007939Q6 5978 B0007939Q6
B0007939U2 5979 B0007939U2
B00079FUI6 5980 B00079FUI6
B00079HZOS 5981 B00079HZOS
B00079HZUM 5982 B00079HZUM
B00079HZY8 5983 B00079HZY8
B00079ZACW 5984 B00079ZACW
B0007A0F4E 5985 B0007A0F4E
B0007A0F4O 5986 B0007A0F4O
B0007A5LP2 5987 B0007A5LP2
B0007CEXTK 5988 B0007CEXTK
B0007CEXUY 5989 B0007CEXUY
B0007CNXUK 5990 B0007CNXUK
B0007CNY54 5991 B0007CNY54
B0007CNY7W 5992 B0007CNY7W
B0007DA3VG 5993 B0007DA3VG
B0007DBJUU 5994 B0007DBJUU
B0007GP70U 5995 B0007GP70U
B0007GP79G 5996 B0007GP79G
B0007GP836 5997 B0007GP836
B0007IF19K 5998 B0007IF19K
B0007IO6PA 5999 B0007IO6PA
B0007IO6V4 6000 B0007IO6V4
B0007IO6WS 6001 B0007IO6WS
B0007KI9LU 6002 B0007KI9LU
B0007KIFI2 6003 B0007KIFI2
B0007KIFIC 6004 B0007KIFIC
B0007KIFNC 6005 B0007KIFNC
B0007KIFUA 6006 B0007KIFUA
B0007KRZUQ 6007 B0007KRZUQ
B0007KZQAC 6008 B0007KZQAC
B0007L6NQM 6009 B0007L6NQM
B0007L86LW 6010 B0007L86LW
B0007LBM22 6011 B0007LBM22
B0007LBM40 6012 B0007LBM40
B0007LPLMY 6013 B0007LPLMY
B0007LPSI6 6014 B0007LPSI6
B0007LPSX6 6015 B0007LPSX6
B0007LPSYK 6016 B0007LPSYK
B0007LXJAK 6017 B0007LXJAK
B0007LXOPK 6018 B0007LXOPK
B0007LXP5Y 6019 B0007LXP5Y
B0007LXP7W 6020 B0007LXP7W
B0007LXP86 6021 B0007LXP86
B0007LXPBS 6022 B0007LXPBS
B0007LYDO6 6023 B0007LYDO6
B0007M2234 6024 B0007M2234
B0007MANYY 6025 B0007MANYY
B0007MANZI 6026 B0007MANZI
B0007MHFHW 6027 B0007MHFHW
B0007N19XM 6028 B0007N19XM
B0007N1AM2 6029 B0007N1AM2
B0007N1BBC 6030 B0007N1BBC
B0007N1JC8 6031 B0007N1JC8
B0007N1JXW 6032 B0007N1JXW
B0007N4AW4 6033 B0007N4AW4
B0007NBJ14 6034 B0007NBJ14
B0007NN6JC 6035 B0007NN6JC
B0007O394S 6036 B0007O394S
B0007OCG56 6037 B0007OCG56
B0007OCG5G 6038 B0007OCG5G
B0007OCG5Q 6039 B0007OCG5Q
B0007OCG74 6040 B0007OCG74
B0007OY2MG 6041 B0007OY2MG
B0007OY2PS 6042 B0007OY2PS
B0007OY31G 6043 B0007OY31G
B0007P0LNE 6044 B0007P0LNE
B0007P0XBO 6045 B0007P0XBO
B0007P0Y7W 6046 B0007P0Y7W
B0007P14OE 6047 B0007P14OE
B0007PALOI 6048 B0007PALOI
B0007PALP2 6049 B0007PALP2
B0007PAM06 6050 B0007PAM06
B0007PCDNU 6051 B0007PCDNU
B0007PID84 6052 B0007PID84
B0007PIDCK 6053 B0007PIDCK
B0007Q6VXC 6054 B0007Q6VXC
B0007QS22K 6055 B0007QS22K
B0007QS28E 6056 B0007QS28E
B0007QS31A 6057 B0007QS31A
B0007QS31K 6058 B0007QS31K
B0007QS324 6059 B0007QS324
B0007R083A 6060 B0007R083A
B0007R4SWM 6061 B0007R4SWM
B0007R4SX6 6062 B0007R4SX6
B0007R4SYU 6063 B0007R4SYU
B0007R4T12 6064 B0007R4T12
B0007R4T1W 6065 B0007R4T1W
B0007R4T3K 6066 B0007R4T3K
B0007R4T3U 6067 B0007R4T3U
B0007R6Y06 6068 B0007R6Y06
B0007RT9MG 6069 B0007RT9MG
B0007RTB9M 6070 B0007RTB9M
B0007RUSGW 6071 B0007RUSGW
B0007RUSL2 6072 B0007RUSL2
B0007RUSNK 6073 B0007RUSNK
B0007SMGSO 6074 B0007SMGSO
B0007TKG30 6075 B0007TKG30
B0007TKH66 6076 B0007TKH66
B0007TKHF2 6077 B0007TKHF2
B0007TKNK6 6078 B0007TKNK6
B0007TZHWA 6079 B0007TZHWA
B0007TZV3K 6080 B0007TZV3K
B0007U7XTE 6081 B0007U7XTE
B0007UDCX0 6082 B0007UDCX0
B0007US7BC 6083 B0007US7BC
B0007US7E4 6084 B0007US7E4
B0007V6ITE 6085 B0007V6ITE
B0007V6IW6 6086 B0007V6IW6
B0007V6IWQ 6087 B0007V6IWQ
B0007VY3ZK 6088 B0007VY3ZK
B0007VY40E 6089 B0007VY40E
B0007VY53U 6090 B0007VY53U
B0007VY54O 6091 B0007VY54O
B0007VY5JE 6092 B0007VY5JE
B0007WFX62 6093 B0007WFX62
B0007WFXL2 6094 B0007WFXL2
B0007WFXTE 6095 B0007WFXTE
B0007WFXZI 6096 B0007WFXZI
B0007WQGRC 6097 B0007WQGRC
B0007WQGVS 6098 B0007WQGVS
B0007WQH2G 6099 B0007WQH2G
B0007WQHFS 6100 B0007WQHFS
B0007WRT4Q 6101 B0007WRT4Q
B0007XBM8O 6102 B0007XBM8O
B0007XBMA2 6103 B0007XBMA2
B0007XFZMS 6104 B0007XFZMS
B0007XG01S 6105 B0007XG01S
B0007XG266 6106 B0007XG266
B0007XG59U 6107 B0007XG59U
B0007Y08JW 6108 B0007Y08JW
B0007Y08LA 6109 B0007Y08LA
B0007Y08LK 6110 B0007Y08LK
B0007Y08MY 6111 B0007Y08MY
B0007Y08P6 6112 B0007Y08P6
B0007Y08SS 6113 B0007Y08SS
B0007Y08UG 6114 B0007Y08UG
B0007Y3XRG 6115 B0007Y3XRG
B0007YMV9W 6116 B0007YMV9W
B0007YMWFK 6117 B0007YMWFK
B0007YMWGY 6118 B0007YMWGY
B0007Z0NYQ 6119 B0007Z0NYQ
B0007Z2556 6120 B0007Z2556
B0007Z2KF6 6121 B0007Z2KF6
B0007Z9R66 6122 B0007Z9R66
B000803BQM 6123 B000803BQM
B00080Z53O 6124 B00080Z53O
B00080ZFZ2 6125 B00080ZFZ2
B00080ZFZC 6126 B00080ZFZC
B00080ZG2E 6127 B00080ZG2E
B00080ZG2O 6128 B00080ZG2O
B0008237AA 6129 B0008237AA
B00082ZROO 6130 B00082ZROO
B000850C3C 6131 B000850C3C
B000852G4U 6132 B000852G4U
B0008EN6KO 6133 B0008EN6KO
B0008ENHUS 6134 B0008ENHUS
B0008ENHXA 6135 B0008ENHXA
B0008ENID4 6136 B0008ENID4
B0008ENIR0 6137 B0008ENIR0
B0008FPJK8 6138 B0008FPJK8
B0008FXTB4 6139 B0008FXTB4
B0008JGQN8 6140 B0008JGQN8
B0008JIJ1K 6141 B0008JIJ1K
B0008KLV8M 6142 B0008KLV8M
B0008KLV96 6143 B0008KLV96
B0008KLVB4 6144 B0008KLVB4
B0009298MU 6145 B0009298MU
B000929VQI 6146 B000929VQI
B00092ZSQK 6147 B00092ZSQK
B00093GVWY 6148 B00093GVWY
B00094AQZG 6149 B00094AQZG
B00094ARGY 6150 B00094ARGY
B00094ARJQ 6151 B00094ARJQ
B00094ARU0 6152 B00094ARU0
B00094AS9A 6153 B00094AS9A
B00094AS9U 6154 B00094AS9U
B000957O8C 6155 B000957O8C
B00096S3MW 6156 B00096S3MW
B00096S46C 6157 B00096S46C
B00096S47G 6158 B00096S47G
B00096S480 6159 B00096S480
B00097DXFS 6160 B00097DXFS
B00097DXG2 6161 B00097DXG2
B00097DY3Y 6162 B00097DY3Y
B00097DY66 6163 B00097DY66
B00097DY6G 6164 B00097DY6G
B000980GR0 6165 B000980GR0
B0009941E8 6166 B0009941E8
B00099BJ66 6167 B00099BJ66
B00099ZIBS 6168 B00099ZIBS
B0009A407A 6169 B0009A407A
B0009A409S 6170 B0009A409S
B0009A40NO 6171 B0009A40NO
B0009AFF6A 6172 B0009AFF6A
B0009AK57Y 6173 B0009AK57Y
B0009B0GYA 6174 B0009B0GYA
B0009B16TO 6175 B0009B16TO
B0009B16TY 6176 B0009B16TY
B0009CTT6U 6177 B0009CTT6U
B0009CTV4U 6178 B0009CTV4U
B0009DWL96 6179 B0009DWL96
B0009E27DA 6180 B0009E27DA
B0009E322K 6181 B0009E322K
B0009E32LG 6182 B0009E32LG
B0009E32RA 6183 B0009E32RA
B0009E32TI 6184 B0009E32TI
B0009E32UW 6185 B0009E32UW
B0009E76IG 6186 B0009E76IG
B0009ESTDW 6187 B0009ESTDW
B0009ETCOW 6188 B0009ETCOW
B0009ETCVA 6189 B0009ETCVA
B0009F43D6 6190 B0009F43D6
B0009F43FY 6191 B0009F43FY
B0009FTOEY 6192 B0009FTOEY
B0009FVS8Y 6193 B0009FVS8Y
B0009GV9E6 6194 B0009GV9E6
B0009GV9H8 6195 B0009GV9H8
B0009GX1CO 6196 B0009GX1CO
B0009GX1CY 6197 B0009GX1CY
B0009GX282 6198 B0009GX282
B0009H97HG 6199 B0009H97HG
B0009HBPEO 6200 B0009HBPEO
B0009HLCTC 6201 B0009HLCTC
B0009HLDAA 6202 B0009HLDAA
B0009I7NGW 6203 B0009I7NGW
B0009I7NH6 6204 B0009I7NH6
B0009I7O4I 6205 B0009I7O4I
B0009I89V0 6206 B0009I89V0
B0009IOR5M 6207 B0009IOR5M
B0009IW894 6208 B0009IW894
B0009J2HV2 6209 B0009J2HV2
B0009J93V4 6210 B0009J93V4
B0009JE57Q 6211 B0009JE57Q
B0009JE6FM 6212 B0009JE6FM
B0009JE6G6 6213 B0009JE6G6
B0009JE7NI 6214 B0009JE7NI
B0009JQN6M 6215 B0009JQN6M
B0009K75M2 6216 B0009K75M2
B0009K7QZ8 6217 B0009K7QZ8
B0009K8LCA 6218 B0009K8LCA
B0009KA2UO 6219 B0009KA2UO
B0009KA7BS 6220 B0009KA7BS
B0009KA7C2 6221 B0009KA7C2
B0009KA7DQ 6222 B0009KA7DQ
B0009KNR42 6223 B0009KNR42
B0009KQOZQ 6224 B0009KQOZQ
B0009KQP96 6225 B0009KQP96
B0009KQPAK 6226 B0009KQPAK
B0009MAO3M 6227 B0009MAO3M
B0009MAO3W 6228 B0009MAO3W
B0009MDPTC 6229 B0009MDPTC
B0009MK9XC 6230 B0009MK9XC
B0009ML2KQ 6231 B0009ML2KQ
B0009ML2UG 6232 B0009ML2UG
B0009MUBEY 6233 B0009MUBEY
B0009NJFPO 6234 B0009NJFPO
B0009NSCPS 6235 B0009NSCPS
B0009NSCRQ 6236 B0009NSCRQ
B0009NSCTY 6237 B0009NSCTY
B0009NZ2KG 6238 B0009NZ2KG
B0009NZ2RY 6239 B0009NZ2RY
B0009NZ2W4 6240 B0009NZ2W4
B0009NZ36O 6241 B0009NZ36O
B0009NZ3SW 6242 B0009NZ3SW
B0009NZMYC 6243 B0009NZMYC
B0009OL84E 6244 B0009OL84E
B0009OL92A 6245 B0009OL92A
B0009OUB06 6246 B0009OUB06
B0009OUB2E 6247 B0009OUB2E
B0009OUBAQ 6248 B0009OUBAQ
B0009P42RS 6249 B0009P42RS
B0009P42S2 6250 B0009P42S2
B0009P42SC 6251 B0009P42SC
B0009P75J0 6252 B0009P75J0
B0009P7EI2 6253 B0009P7EI2
B0009P8ATY 6254 B0009P8ATY
B0009PAQNW 6255 B0009PAQNW
B0009PBLRM 6256 B0009PBLRM
B0009PLLN6 6257 B0009PLLN6
B0009PUAFG 6258 B0009PUAFG
B0009PVZBO 6259 B0009PVZBO
B0009PVZK0 6260 B0009PVZK0
B0009PVZM8 6261 B0009PVZM8
B0009PW4D2 6262 B0009PW4D2
B0009PZ89E 6263 B0009PZ89E
B0009RQSFK 6264 B0009RQSFK
B0009RQSSW 6265 B0009RQSSW
B0009S2SOY 6266 B0009S2SOY
B0009S2SP8 6267 B0009S2SP8
B0009S2SV2 6268 B0009S2SV2
B0009S2T0W 6269 B0009S2T0W
B0009S4IGA 6270 B0009S4IGA
B0009S4IHO 6271 B0009S4IHO
B0009S4IHY 6272 B0009S4IHY
B0009S4IJM 6273 B0009S4IJM
B0009S4ILA 6274 B0009S4ILA
B0009S4IM4 6275 B0009S4IM4
B0009S4J2I 6276 B0009S4J2I
B0009S4J4Q 6277 B0009S4J4Q
B0009TIAI6 6278 B0009TIAI6
B0009U7LOO 6279 B0009U7LOO
B0009UC7HA 6280 B0009UC7HA
B0009UC7KM 6281 B0009UC7KM
B0009UC7MK 6282 B0009UC7MK
B0009UC7OI 6283 B0009UC7OI
B0009UC80G 6284 B0009UC80G
B0009UC80Q 6285 B0009UC80Q
B0009ULBGS 6286 B0009ULBGS
B0009UVCOY 6287 B0009UVCOY
B0009UZG2S 6288 B0009UZG2S
B0009UZG32 6289 B0009UZG32
B0009UZG46 6290 B0009UZG46
B0009UZG6E 6291 B0009UZG6E
B0009UZG6O 6292 B0009UZG6O
B0009UZG78 6293 B0009UZG78
B0009UZGDW 6294 B0009UZGDW
B0009UZGIM 6295 B0009UZGIM
B0009UZGM8 6296 B0009UZGM8
B0009VBTOG 6297 B0009VBTOG
B0009VBTQY 6298 B0009VBTQY
B0009VDJQ2 6299 B0009VDJQ2
B0009VNCWS 6300 B0009VNCWS
B0009VRHLA 6301 B0009VRHLA
B0009VRHLK 6302 B0009VRHLK
B0009VY0OM 6303 B0009VY0OM
B0009W5IMO 6304 B0009W5IMO
B0009W5IYW 6305 B0009W5IYW
B0009W5J3M 6306 B0009W5J3M
B0009W5KHM 6307 B0009W5KHM
B0009W5KJU 6308 B0009W5KJU
B0009WFEEG 6309 B0009WFEEG
B0009WIE34 6310 B0009WIE34
B0009WIE5C 6311 B0009WIE5C
B0009WK5CW 6312 B0009WK5CW
B0009WPMA2 6313 B0009WPMA2
B0009X1PO8 6314 B0009X1PO8
B0009X3LWM 6315 B0009X3LWM
B0009X75CO 6316 B0009X75CO
B0009X75JC 6317 B0009X75JC
B0009X7678 6318 B0009X7678
B0009X7682 6319 B0009X7682
B0009X768M 6320 B0009X768M
B0009X76XW 6321 B0009X76XW
B0009X76ZA 6322 B0009X76ZA
B0009X770E 6323 B0009X770E
B0009X770O 6324 B0009X770O
B0009X775Y 6325 B0009X775Y
B0009X7BD2 6326 B0009X7BD2
B0009X7BE6 6327 B0009X7BE6
B0009X7BEG 6328 B0009X7BEG
B0009X7BEQ 6329 B0009X7BEQ
B0009X7BF0 6330 B0009X7BF0
B0009X7BHI 6331 B0009X7BHI
B0009XRZ9M 6332 B0009XRZ9M
B0009XRZI8 6333 B0009XRZI8
B0009XRZQK 6334 B0009XRZQK
B0009XRZS8 6335 B0009XRZS8
B0009XT8A6 6336 B0009XT8A6
B0009XT8C4 6337 B0009XT8C4
B0009Y02AU 6338 B0009Y02AU
B0009Y02BE 6339 B0009Y02BE
B0009Y2726 6340 B0009Y2726
B0009Y2LS6 6341 B0009Y2LS6
B0009YA3OA 6342 B0009YA3OA
B0009YVBGO 6343 B0009YVBGO
B0009YYV20 6344 B0009YYV20
B0009ZE9DK 6345 B0009ZE9DK
B0009ZE9QM 6346 B0009ZE9QM
B0009ZE9W6 6347 B0009ZE9W6
B0009ZE9XU 6348 B0009ZE9XU
B000A0D1MY 6349 B000A0D1MY
B000A0GOFA 6350 B000A0GOFA
B000A0GOGE 6351 B000A0GOGE
B000A0GOP0 6352 B000A0GOP0
B000A0GOQ4 6353 B000A0GOQ4
B000A0GOQY 6354 B000A0GOQY
B000A0GORS 6355 B000A0GORS
B000A0GP4K 6356 B000A0GP4K
B000A0GXGK 6357 B000A0GXGK
B000A0GXH4 6358 B000A0GXH4
B000A0GXHE 6359 B000A0GXHE
B000A0GXN8 6360 B000A0GXN8
B000A0GXRO 6361 B000A0GXRO
B000A0GY0K 6362 B000A0GY0K
B000A0GYUU 6363 B000A0GYUU
B000A0P6A4 6364 B000A0P6A4
B000A1IL2S 6365 B000A1IL2S
B000A1IMFY 6366 B000A1IMFY
B000A1INJE 6367 B000A1INJE
B000A1OFZA 6368 B000A1OFZA
B000A2IPQY 6369 B000A2IPQY
B000A2RRF4 6370 B000A2RRF4
B000A2V8AO 6371 B000A2V8AO
B000A2W4QG 6372 B000A2W4QG
B000A2WAEM 6373 B000A2WAEM
B000A2WP7O 6374 B000A2WP7O
B000A2WT7K 6375 B000A2WT7K
B000A2X0KU 6376 B000A2X0KU
B000A2X0LE 6377 B000A2X0LE
B000A2XC3A 6378 B000A2XC3A
B000A2XC3K 6379 B000A2XC3K
B000A2XCBC 6380 B000A2XCBC
B000A343RI 6381 B000A343RI
B000A345C6 6382 B000A345C6
B000A3DGF8 6383 B000A3DGF8
B000A3DGI0 6384 B000A3DGI0
B000A3OREM 6385 B000A3OREM
B000A3XY5A 6386 B000A3XY5A
B000A5043S 6387 B000A5043S
B000A50442 6388 B000A50442
B000A5044C 6389 B000A5044C
B000A5045Q 6390 B000A5045Q
B000A5046K 6391 B000A5046K
B000A59PL0 6392 B000A59PL0
B000A59PLU 6393 B000A59PLU
B000A59PM4 6394 B000A59PM4
B000A59PMO 6395 B000A59PMO
B000A59POM 6396 B000A59POM
B000A5SR46 6397 B000A5SR46
B000A6CLKQ 6398 B000A6CLKQ
B000A6CLL0 6399 B000A6CLL0
B000A6JQHC 6400 B000A6JQHC
B000A6T1J0 6401 B000A6T1J0
B000A6T1X6 6402 B000A6T1X6
B000A6T1ZE 6403 B000A6T1ZE
B000A6T22G 6404 B000A6T22G
B000A6T22Q 6405 B000A6T22Q
B000A6T27G 6406 B000A6T27G
B000A6T2BM 6407 B000A6T2BM
B000A6T2BW 6408 B000A6T2BW
B000A7BQRE 6409 B000A7BQRE
B000A7DW7Q 6410 B000A7DW7Q
B000A7LR82 6411 B000A7LR82
B000A7LR8M 6412 B000A7LR8M
B000A7PKGW 6413 B000A7PKGW
B000A7Q1Y2 6414 B000A7Q1Y2
B000A7Q1YC 6415 B000A7Q1YC
B000A7Q2I2 6416 B000A7Q2I2
B000A85TSK 6417 B000A85TSK
B000A88ESW 6418 B000A88ESW
B000A88EU0 6419 B000A88EU0
B000A8AX0Y 6420 B000A8AX0Y
B000A8AXXG 6421 B000A8AXXG
B000A8NZ0O 6422 B000A8NZ0O
B000A8OJOK 6423 B000A8OJOK
B000A9QK9Q 6424 B000A9QK9Q
B000A9QKRI 6425 B000A9QKRI
B000A9QKSM 6426 B000A9QKSM
B000A9QKSW 6427 B000A9QKSW
B000A9QKT6 6428 B000A9QKT6
B000AA4F24 6429 B000AA4F24
B000AA4F2E 6430 B000AA4F2E
B000AA4JKW 6431 B000AA4JKW
B000AA4KQ0 6432 B000AA4KQ0
B000AAF28A 6433 B000AAF28A
B000AARK58 6434 B000AARK58
B000ABKHZC 6435 B000ABKHZC
B000AC5B7A 6436 B000AC5B7A
B000AC7OXY 6437 B000AC7OXY
B000AC7P2Y 6438 B000AC7P2Y
B000AD1QGE 6439 B000AD1QGE
B000ADKTNU 6440 B000ADKTNU
B000ADS61M 6441 B000ADS61M
B000ADS62Q 6442 B000ADS62Q
B000ADS6D0 6443 B000ADS6D0
B000ADWCV2 6444 B000ADWCV2
B000ADWCYY 6445 B000ADWCYY
B000ADWDEI 6446 B000ADWDEI
B000ADWDF2 6447 B000ADWDF2
B000AE4QD8 6448 B000AE4QD8
B000AFA9CY 6449 B000AFA9CY
B000AIR1CC 6450 B000AIR1CC
B000AKB1GW 6451 B000AKB1GW
B000AL733G 6452 B000AL733G
B000ALM4IA 6453 B000ALM4IA
B000ANDBTY 6454 B000ANDBTY
B000AOL0GY 6455 B000AOL0GY
B000ARXF7I 6456 B000ARXF7I
B000ARXF7S 6457 B000ARXF7S
B000ARXFA0 6458 B000ARXFA0
B000ASATZ8 6459 B000ASATZ8
B000ASDFHC 6460 B000ASDFHC
B000ASDFHM 6461 B000ASDFHM
B000ASDFI6 6462 B000ASDFI6
B000ASDFJU 6463 B000ASDFJU
B000ATQYQU 6464 B000ATQYQU
B000ATQYSS 6465 B000ATQYSS
B000ATQYUG 6466 B000ATQYUG
B000ATQYV0 6467 B000ATQYV0
B000ATQYVK 6468 B000ATQYVK
B000ATQYX8 6469 B000ATQYX8
B000ATQYXI 6470 B000ATQYXI
B000ATUU4M 6471 B000ATUU4M
B000AXWGRC 6472 B000AXWGRC
B000AXWGRM 6473 B000AXWGRM
B000AXWHBM 6474 B000AXWHBM
B000AXWHBW 6475 B000AXWHBW
B000AXWHK8 6476 B000AXWHK8
B000AY3KNA 6477 B000AY3KNA
B000AY6JVK 6478 B000AY6JVK
B000AYEIIQ 6479 B000AYEIIQ
B000AYEIZ4 6480 B000AYEIZ4
B000AYEL6A 6481 B000AYEL6A
B000AYELA6 6482 B000AYELA6
B000AYELAQ 6483 B000AYELAQ
B000AYELLK 6484 B000AYELLK
B000AYNG1G 6485 B000AYNG1G
B000AYQOA6 6486 B000AYQOA6
B000B1DLDQ 6487 B000B1DLDQ
B000B58DHQ 6488 B000B58DHQ
B000B5IONE 6489 B000B5IONE
B000B5IP4W 6490 B000B5IP4W
B000B5IPEC 6491 B000B5IPEC
B000B5KSMO 6492 B000B5KSMO
B000B5XOUC 6493 B000B5XOUC
B000B5XOV6 6494 B000B5XOV6
B000B5XOXE 6495 B000B5XOXE
B000B5XP24 6496 B000B5XP24
B000B5Y0CS 6497 B000B5Y0CS
B000B62N44 6498 B000B62N44
B000B6CO34 6499 B000B6CO34
B000B6CODY 6500 B000B6CODY
B000B6H1YG 6501 B000B6H1YG
B000B6N6FE 6502 B000B6N6FE
B000B6TTBE 6503 B000B6TTBE
B000B6TTC8 6504 B000B6TTC8
B000B7HZUK 6505 B000B7HZUK
B000B7QCGI 6506 B000B7QCGI
B000B7QCGS 6507 B000B7QCGS
B000B7QCHC 6508 B000B7QCHC
B000B7QCS6 6509 B000B7QCS6
B000B837XS 6510 B000B837XS
B000B837Z6 6511 B000B837Z6
B000B8384G 6512 B000B8384G
B000B8384Q 6513 B000B8384Q
B000B8IA3U 6514 B000B8IA3U
B000B8ISPK 6515 B000B8ISPK
B000B8KH4U 6516 B000B8KH4U
B000B8QFXM 6517 B000B8QFXM
B000B91N3S 6518 B000B91N3S
B000BB1520 6519 B000BB1520
B000BB152A 6520 B000BB152A
B000BB18JK 6521 B000BB18JK
B000BB1MIC 6522 B000BB1MIC
B000BB1MJ6 6523 B000BB1MJ6
B000BB1MQO 6524 B000BB1MQO
B000BBOUEU 6525 B000BBOUEU
B000BBOUUE 6526 B000BBOUUE
B000BBS9QK 6527 B000BBS9QK
B000BBYDU6 6528 B000BBYDU6
B000BC8SXI 6529 B000BC8SXI
B000BC8SXS 6530 B000BC8SXS
B000BC8T1E 6531 B000BC8T1E
B000BCCAEQ 6532 B000BCCAEQ
B000BD1LD6 6533 B000BD1LD6
B000BDGW94 6534 B000BDGW94
B000BDH6DU 6535 B000BDH6DU
B000BF0C7A 6536 B000BF0C7A
B000BF0C8E 6537 B000BF0C8E
B000BFH2HI 6538 B000BFH2HI
B000BGH254 6539 B000BGH254
B000BGQSEA 6540 B000BGQSEA
B000BISBDE 6541 B000BISBDE
B000BITUES 6542 B000BITUES
B000BITUF2 6543 B000BITUF2
B000BITUI4 6544 B000BITUI4
B000BITUVG 6545 B000BITUVG
B000BITUWK 6546 B000BITUWK
B000BITUWU 6547 B000BITUWU
B000BITUXO 6548 B000BITUXO
B000BITUYI 6549 B000BITUYI
B000BITUZ2 6550 B000BITUZ2
B000BITUZC 6551 B000BITUZC
B000BITV10 6552 B000BITV10
B000BITV1A 6553 B000BITV1A
B000BITV9C 6554 B000BITV9C
B000BJS4UI 6555 B000BJS4UI
B000BK537Y 6556 B000BK537Y
B000BKDNVM 6557 B000BKDNVM
B000BKDNX0 6558 B000BKDNX0
B000BKDO7A 6559 B000BKDO7A
B000BKJ6VS 6560 B000BKJ6VS
B000BKVKSA 6561 B000BKVKSA
B000BKVRME 6562 B000BKVRME
B000BMGEIO 6563 B000BMGEIO
B000BMSUBI 6564 B000BMSUBI
B000BMSUJK 6565 B000BMSUJK
B000BMY2KQ 6566 B000BMY2KQ
B000BMY2LA 6567 B000BMY2LA
B000BMY2M4 6568 B000BMY2M4
B000BMY2NS 6569 B000BMY2NS
B000BN6M12 6570 B000BN6M12
B000BNI90Y 6571 B000BNI90Y
B000BNI9EU 6572 B000BNI9EU
B000BNMX0G 6573 B000BNMX0G
B000BNMX1K 6574 B000BNMX1K
B000BNTM46 6575 B000BNTM46
B000BNTMDM 6576 B000BNTMDM
B000BNV8NY 6577 B000BNV8NY
B000BNX3BE 6578 B000BNX3BE
B000BNX5AI 6579 B000BNX5AI
B000BNXD6O 6580 B000BNXD6O
B000BO0KLO 6581 B000BO0KLO
B000BO0KLY 6582 B000BO0KLY
B000BO0L90 6583 B000BO0L90
B000BO0LE0 6584 B000BO0LE0
B000BO0LFY 6585 B000BO0LFY
B000BO0LPO 6586 B000BO0LPO
B000BO22RY 6587 B000BO22RY
B000BO7DWI 6588 B000BO7DWI
B000BOH8VE 6589 B000BOH8VE
B000BOH8Y6 6590 B000BOH8Y6
B000BOH8YG 6591 B000BOH8YG
B000BOH8YQ 6592 B000BOH8YQ
B000BOH8Z0 6593 B000BOH8Z0
B000BOH91I 6594 B000BOH91I
B000BOH98G 6595 B000BOH98G
B000BP86Y6 6596 B000BP86Y6
B000BPGIYQ 6597 B000BPGIYQ
B000BPK2IY 6598 B000BPK2IY
B000BPK2NE 6599 B000BPK2NE
B000BPL2EM 6600 B000BPL2EM
B000BPL2F6 6601 B000BPL2F6
B000BPL2FQ 6602 B000BPL2FQ
B000BPL2H4 6603 B000BPL2H4
B000BPL2HO 6604 B000BPL2HO
B000BQ5IXM 6605 B000BQ5IXM
B000BQ5IXW 6606 B000BQ5IXW
B000BQ7J6Q 6607 B000BQ7J6Q
B000BQ7J9I 6608 B000BQ7J9I
B000BQPC42 6609 B000BQPC42
B000BQTC98 6610 B000BQTC98
B000BR4UQC 6611 B000BR4UQC
B000BR9SA0 6612 B000BR9SA0
B000BRB9ZM 6613 B000BRB9ZM
B000BRBA9C 6614 B000BRBA9C
B000BRBA9M 6615 B000BRBA9M
B000BRBAD8 6616 B000BRBAD8
B000BRBXXK 6617 B000BRBXXK
B000BRM992 6618 B000BRM992
B000BT96EG 6619 B000BT96EG
B000BT96OG 6620 B000BT96OG
B000BT96PK 6621 B000BT96PK
B000BT98XK 6622 B000BT98XK
B000BT98Z8 6623 B000BT98Z8
B000BTGY78 6624 B000BTGY78
B000BTH4K4 6625 B000BTH4K4
B000BTITFI 6626 B000BTITFI
B000BU76YC 6627 B000BU76YC
B000BUE5D2 6628 B000BUE5D2
B000BUE5DC 6629 B000BUE5DC
B000BUE5DM 6630 B000BUE5DM
B000BUE5E6 6631 B000BUE5E6
B000BUJO1U 6632 B000BUJO1U
B000BVM1SC 6633 B000BVM1SC
B000BVM1SW 6634 B000BVM1SW
B000BVM1TG 6635 B000BVM1TG
B000BWFWFK 6636 B000BWFWFK
B000BWFWG4 6637 B000BWFWG4
B000BX5X5I 6638 B000BX5X5I
B000BX8R10 6639 B000BX8R10
B000BXJ1XS 6640 B000BXJ1XS
B000BYA4EW 6641 B000BYA4EW
B000BYA4I8 6642 B000BYA4I8
B000BYA4JW 6643 B000BYA4JW
B000BYA4M4 6644 B000BYA4M4
B000BYA5BE 6645 B000BYA5BE
B000BYA5GE 6646 B000BYA5GE
B000BYA5HS 6647 B000BYA5HS
B000BYMI5A 6648 B000BYMI5A
B000BYMI7S 6649 B000BYMI7S
B000BYRCFQ 6650 B000BYRCFQ
B000BYRCGA 6651 B000BYRCGA
B000BYRCQK 6652 B000BYRCQK
B000BYRCQU 6653 B000BYRCQU
B000BYRCR4 6654 B000BYRCR4
B000BYW6RA 6655 B000BYW6RA
B000BYY0TC 6656 B000BYY0TC
B000BZISRG 6657 B000BZISRG
B000BZIT5M 6658 B000BZIT5M
B000C05Y22 6659 B000C05Y22
B000C1VB8M 6660 B000C1VB8M
B000C1VBAA 6661 B000C1VBAA
B000C20VIW 6662 B000C20VIW
B000C65Z20 6663 B000C65Z20
B000C6NPHC 6664 B000C6NPHC
B000C8STW6 6665 B000C8STW6
B000C8STWQ 6666 B000C8STWQ
B000CBCWKS 6667 B000CBCWKS
B000CBG5OC 6668 B000CBG5OC
B000CBWPXC 6669 B000CBWPXC
B000CC1TQA 6670 B000CC1TQA
B000CC4GEW 6671 B000CC4GEW
B000CCBC9O 6672 B000CCBC9O
B000CCBCCG 6673 B000CCBCCG
B000CCBCCQ 6674 B000CCBCCQ
B000CCBCHQ 6675 B000CCBCHQ
B000CCBCI0 6676 B000CCBCI0
B000CCBCIA 6677 B000CCBCIA
B000CCBCK8 6678 B000CCBCK8
B000CCD01C 6679 B000CCD01C
B000CCD1SO 6680 B000CCD1SO
B000CCRMNE 6681 B000CCRMNE
B000CCUBC8 6682 B000CCUBC8
B000CCW2SO 6683 B000CCW2SO
B000CCW2VQ 6684 B000CCW2VQ
B000CDGVNA 6685 B000CDGVNA
B000CDGVOO 6686 B000CDGVOO
B000CDGVQW 6687 B000CDGVQW
B000CDSS0Y 6688 B000CDSS0Y
B000CDT4V6 6689 B000CDT4V6
B000CELOV8 6690 B000CELOV8
B000CELOVI 6691 B000CELOVI
B000CELOW2 6692 B000CELOW2
B000CEV3L4 6693 B000CEV3L4
B000CEVC9W 6694 B000CEVC9W
B000CEXEWU 6695 B000CEXEWU
B000CEXF56 6696 B000CEXF56
B000CEXF6A 6697 B000CEXF6A
B000CEXF7O 6698 B000CEXF7O
B000CEXF8I 6699 B000CEXF8I
B000CEXF8S 6700 B000CEXF8S
B000CEXFZG 6701 B000CEXFZG
B000CEXFZQ 6702 B000CEXFZQ
B000CEXG00 6703 B000CEXG00
B000CFYAMC 6704 B000CFYAMC
B000CMNJF4 6705 B000CMNJF4
B000CMNJPE 6706 B000CMNJPE
B000CNE08I 6707 B000CNE08I
B000CNE0R4 6708 B000CNE0R4
B000CNE0RY 6709 B000CNE0RY
B000CNESV2 6710 B000CNESV2
B000CNGBVM 6711 B000CNGBVM
B000CO7I9A 6712 B000CO7I9A
B000COY4RO 6713 B000COY4RO
B000CPH9Q6 6714 B000CPH9Q6
B000CPWDHQ 6715 B000CPWDHQ
B000CQ98FU 6716 B000CQ98FU
B000CQLZ74 6717 B000CQLZ74
B000CQM4YM 6718 B000CQM4YM
B000CQO6IY 6719 B000CQO6IY
B000CQQI8K 6720 B000CQQI8K
B000CQQI9E 6721 B000CQQI9E
B000CR76UI 6722 B000CR76UI
B000CR7R7K 6723 B000CR7R7K
B000CR7RCK 6724 B000CR7RCK
B000CRR356 6725 B000CRR356
B000CRR3CE 6726 B000CRR3CE
B000CRR3ME 6727 B000CRR3ME
B000CRR3NI 6728 B000CRR3NI
B000CRR3SI 6729 B000CRR3SI
B000CS461O 6730 B000CS461O
B000CSF7QM 6731 B000CSF7QM
B000CSNCI2 6732 B000CSNCI2
B000CSTK3S 6733 B000CSTK3S
B000CSTK42 6734 B000CSTK42
B000CSTK7O 6735 B000CSTK7O
B000CSTKJ2 6736 B000CSTKJ2
B000CSUNLQ 6737 B000CSUNLQ
B000CZ0O54 6738 B000CZ0O54
B000DBHX4M 6739 B000DBHX4M
B000DBHXG0 6740 B000DBHXG0
B000DWMZLW 6741 B000DWMZLW
B000DZ854A 6742 B000DZ854A
B000DZ95IK 6743 B000DZ95IK
B000DZ95IU 6744 B000DZ95IU
B000DZ95MQ 6745 B000DZ95MQ
B000DZIGEY 6746 B000DZIGEY
B000E0LLKY 6747 B000E0LLKY
B000E0OBCO 6748 B000E0OBCO
B000E0OBEC 6749 B000E0OBEC
B000E0OBJM 6750 B000E0OBJM
B000E0OBJW 6751 B000E0OBJW
B000E0ODKY 6752 B000E0ODKY
B000E0OE1M 6753 B000E0OE1M
B000E0OE3K 6754 B000E0OE3K
B000E0OE44 6755 B000E0OE44
B000E0OE4O 6756 B000E0OE4O
B000E0RN8S 6757 B000E0RN8S
B000E0WJH8 6758 B000E0WJH8
B000E0WJR8 6759 B000E0WJR8
B000E112BG 6760 B000E112BG
B000E1BXFG 6761 B000E1BXFG
B000E1E2N6 6762 B000E1E2N6
B000E1E7UE 6763 B000E1E7UE
B000E1EHPY 6764 B000E1EHPY
B000E1MTYU 6765 B000E1MTYU
B000E1MTZE 6766 B000E1MTZE
B000E1MXTG 6767 B000E1MXTG
B000E1MXTQ 6768 B000E1MXTQ
B000E1MXVO 6769 B000E1MXVO
B000E1MXWS 6770 B000E1MXWS
B000E1MXZ0 6771 B000E1MXZ0
B000E1NWP0 6772 B000E1NWP0
B000E1OI6W 6773 B000E1OI6W
B000E1OIBC 6774 B000E1OIBC
B000E1P3BQ 6775 B000E1P3BQ
B000E1YW04 6776 B000E1YW04
B000E1ZK5A 6777 B000E1ZK5A
B000E33VZE 6778 B000E33VZE
B000E372ZY 6779 B000E372ZY
B000E3L78C 6780 B000E3L78C
B000E3L7DM 6781 B000E3L7DM
B000E3L7FK 6782 B000E3L7FK
B000E3LIO0 6783 B000E3LIO0
B000E40QC4 6784 B000E40QC4
B000E56Q7W 6785 B000E56Q7W
B000E5KJDE 6786 B000E5KJDE
B000E5KQM8 6787 B000E5KQM8
B000E5KQMI 6788 B000E5KQMI
B000E5KQQE 6789 B000E5KQQE
B000E5KUJC 6790 B000E5KUJC
B000E5KUJW 6791 B000E5KUJW
B000E5KUKG 6792 B000E5KUKG
B000E5KUME 6793 B000E5KUME
B000E5KUMO 6794 B000E5KUMO
B000E5LEVA 6795 B000E5LEVA
B000E5LEXS 6796 B000E5LEXS
B000E5N670 6797 B000E5N670
B000E5N69S 6798 B000E5N69S
B000E5N6A2 6799 B000E5N6A2
B000E5N6B6 6800 B000E5N6B6
B000E5N6M0 6801 B000E5N6M0
B000E6EK1A 6802 B000E6EK1A
B000E6EK3S 6803 B000E6EK3S
B000E6EK42 6804 B000E6EK42
B000E6ES94 6805 B000E6ES94
B000E6ES9E 6806 B000E6ES9E
B000E6ES9Y 6807 B000E6ES9Y
B000E6ESA8 6808 B000E6ESA8
B000E6ESBW 6809 B000E6ESBW
B000E6ESC6 6810 B000E6ESC6
B000E6ESD0 6811 B000E6ESD0
B000E6ESEO 6812 B000E6ESEO
B000E6ESG2 6813 B000E6ESG2
B000E6ESIK 6814 B000E6ESIK
B000E6ESJ4 6815 B000E6ESJ4
B000E6TVSC 6816 B000E6TVSC
B000E6ULCM 6817 B000E6ULCM
B000E6UZZK 6818 B000E6UZZK
B000E8JO2S 6819 B000E8JO2S
B000E8JO32 6820 B000E8JO32
B000E8M0SS 6821 B000E8M0SS
B000E8N8L6 6822 B000E8N8L6
B000E8NRBM 6823 B000E8NRBM
B000E97HUS 6824 B000E97HUS
B000E97HXA 6825 B000E97HXA
B000E97HXK 6826 B000E97HXK
B000E991A2 6827 B000E991A2
B000E991HA 6828 B000E991HA
B000E991SE 6829 B000E991SE
B000E991SY 6830 B000E991SY
B000E9UAMK 6831 B000E9UAMK
B000EAT23C 6832 B000EAT23C
B000EAT24G 6833 B000EAT24G
B000EBCJN6 6834 B000EBCJN6
B000EBD9VW 6835 B000EBD9VW
B000EBD9W6 6836 B000EBD9W6
B000EBGE5U 6837 B000EBGE5U
B000EBGE82 6838 B000EBGE82
B000EBGFQI 6839 B000EBGFQI
B000EDH80I 6840 B000EDH80I
B000EDWKXI 6841 B000EDWKXI
B000EDWLMS 6842 B000EDWLMS
B000EDWLTG 6843 B000EDWLTG
B000EGDAF2 6844 B000EGDAF2
B000EGDAFC 6845 B000EGDAFC
B000EGEJI4 6846 B000EGEJI4
B000EGEJIY 6847 B000EGEJIY
B000EGEKRO 6848 B000EGEKRO
B000EGYX3A 6849 B000EGYX3A
B000EHM390 6850 B000EHM390
B000EHPXP6 6851 B000EHPXP6
B000EHQ7JC 6852 B000EHQ7JC
B000EHQ7YW 6853 B000EHQ7YW
B000EHQTRW 6854 B000EHQTRW
B000EHQU12 6855 B000EHQU12
B000EHSVBE 6856 B000EHSVBE
B000EHSVC8 6857 B000EHSVC8
B000EHSVDC 6858 B000EHSVDC
B000EHSVE6 6859 B000EHSVE6
B000EHSVG4 6860 B000EHSVG4
B000EHSVH8 6861 B000EHSVH8
B000EHSVJG 6862 B000EHSVJG
B000EHSVQY 6863 B000EHSVQY
B000EHSVVO 6864 B000EHSVVO
B000EHSVVY 6865 B000EHSVVY
B000EIVX4U 6866 B000EIVX4U
B000ELIZZM 6867 B000ELIZZM
B000ELL1QC 6868 B000ELL1QC
B000EMG90O 6869 B000EMG90O
B000EMG918 6870 B000EMG918
B000EMG91S 6871 B000EMG91S
B000EMGCV0 6872 B000EMGCV0
B000EMGF2Q 6873 B000EMGF2Q
B000EMGF3U 6874 B000EMGF3U
B000EMGIDC 6875 B000EMGIDC
B000EMGJAY 6876 B000EMGJAY
B000EN4R3E 6877 B000EN4R3E
B000ENUKY4 6878 B000ENUKY4
B000ENUYG8 6879 B000ENUYG8
B000ENUYGI 6880 B000ENUYGI
B000EOIYNW 6881 B000EOIYNW
B000EOTSA0 6882 B000EOTSA0
B000EOTTS6 6883 B000EOTTS6
B000EOTTUY 6884 B000EOTTUY
B000EOTV98 6885 B000EOTV98
B000EOTWIS 6886 B000EOTWIS
B000EPFDDU 6887 B000EPFDDU
B000EPFDGC 6888 B000EPFDGC
B000EQ45BU 6889 B000EQ45BU
B000EQ46H8 6890 B000EQ46H8
B000EQ5PK0 6891 B000EQ5PK0
B000EQ5PPA 6892 B000EQ5PPA
B000EQ5PU0 6893 B000EQ5PU0
B000EQ5PUA 6894 B000EQ5PUA
B000EQ5PUU 6895 B000EQ5PUU
B000EQ5PZK 6896 B000EQ5PZK
B000EQ5Q2W 6897 B000EQ5Q2W
B000EQ5SL6 6898 B000EQ5SL6
B000EQ5TTW 6899 B000EQ5TTW
B000EQ5UHS 6900 B000EQ5UHS
B000EQ5V86 6901 B000EQ5V86
B000EQHXHI 6902 B000EQHXHI
B000EQHXI2 6903 B000EQHXI2
B000EQHXIC 6904 B000EQHXIC
B000EQHXN2 6905 B000EQHXN2
B000EQHXNW 6906 B000EQHXNW
B000ER31LE 6907 B000ER31LE
B000ER5NSS 6908 B000ER5NSS
B000ERVJJ0 6909 B000ERVJJ0
B000ERVJKE 6910 B000ERVJKE
B000ERVJKO 6911 B000ERVJKO
B000ERVJMM 6912 B000ERVJMM
B000ERVJMW 6913 B000ERVJMW
B000ERVJNG 6914 B000ERVJNG
B000ERVK5S 6915 B000ERVK5S
B000ERVKMG 6916 B000ERVKMG
B000ESST38 6917 B000ESST38
B000ETRA46 6918 B000ETRA46
B000EU1Q0Y 6919 B000EU1Q0Y
B000EU1Q2M 6920 B000EU1Q2M
B000EU1Q2W 6921 B000EU1Q2W
B000EU1Q3Q 6922 B000EU1Q3Q
B000EU1QC2 6923 B000EU1QC2
B000EULJZ6 6924 B000EULJZ6
B000EULSR0 6925 B000EULSR0
B000EWBJH2 6926 B000EWBJH2
B000EWBKI0 6927 B000EWBKI0
B000EWBNUU 6928 B000EWBNUU
B000EWBO7W 6929 B000EWBO7W
B000EX9U0E 6930 B000EX9U0E
B000EXDRZ8 6931 B000EXDRZ8
B000EXDRZI 6932 B000EXDRZI
B000EXDS02 6933 B000EXDS02
B000EXDS0C 6934 B000EXDS0C
B000EXDS2A 6935 B000EXDS2A
B000EXDS4I 6936 B000EXDS4I
B000EXDS52 6937 B000EXDS52
B000EXDS7K 6938 B000EXDS7K
B000EXDSAW 6939 B000EXDSAW
B000EXDSCA 6940 B000EXDSCA
B000EXZFS0 6941 B000EXZFS0
B000EXZKR6 6942 B000EXZKR6
B000EXZKRG 6943 B000EXZKRG
B000EY15NI 6944 B000EY15NI
B000EYJHDS 6945 B000EYJHDS
B000EYK4H6 6946 B000EYK4H6
B000EZ7VFI 6947 B000EZ7VFI
B000EZ7ZXQ 6948 B000EZ7ZXQ
B000EZ9084 6949 B000EZ9084
B000F0UUI2 6950 B000F0UUI2
B000F0UUTG 6951 B000F0UUTG
B000F0V0KY 6952 B000F0V0KY
B000F1IQI2 6953 B000F1IQI2
B000F2BNW2 6954 B000F2BNW2
B000F3AAWK 6955 B000F3AAWK
B000F3T3CS 6956 B000F3T3CS
B000F3T8YQ 6957 B000F3T8YQ
B000F3TAOE 6958 B000F3TAOE
B000F3UAE8 6959 B000F3UAE8
B000F48D4G 6960 B000F48D4G
B000F48D5A 6961 B000F48D5A
B000F48D5U 6962 B000F48D5U
B000F4PD7G 6963 B000F4PD7G
B000F4RH8E 6964 B000F4RH8E
B000F4RHC0 6965 B000F4RHC0
B000F5GJVE 6966 B000F5GJVE
B000F5JQVO 6967 B000F5JQVO
B000F5S20K 6968 B000F5S20K
B000F6IHSG 6969 B000F6IHSG
B000F6IHTA 6970 B000F6IHTA
B000F6IOCA 6971 B000F6IOCA
B000F6IODE 6972 B000F6IODE
B000F6XMVS 6973 B000F6XMVS
B000F6ZIFQ 6974 B000F6ZIFQ
B000F6ZIJM 6975 B000F6ZIJM
B000F7CMQS 6976 B000F7CMQS
B000F7CMSG 6977 B000F7CMSG
B000F7CMT0 6978 B000F7CMT0
B000F8O2RY 6979 B000F8O2RY
B000F8OISW 6980 B000F8OISW
B000F9RLL2 6981 B000F9RLL2
B000F9SO0O 6982 B000F9SO0O
B000F9SUP8 6983 B000F9SUP8
B000F9SUT4 6984 B000F9SUT4
B000F9T700 6985 B000F9T700
B000F9T70K 6986 B000F9T70K
B000F9WF86 6987 B000F9WF86
B000FA4TLQ 6988 B000FA4TLQ
B000FA577G 6989 B000FA577G
B000FA57H6 6990 B000FA57H6
B000FA57IU 6991 B000FA57IU
B000FA57JE 6992 B000FA57JE
B000FAOC2M 6993 B000FAOC2M
B000FBFUEK 6994 B000FBFUEK
B000FBFYKU 6995 B000FBFYKU
B000FBH3WC 6996 B000FBH3WC
B000FBH3WM 6997 B000FBH3WM
B000FBH3WW 6998 B000FBH3WW
B000FBUFUY 6999 B000FBUFUY
B000FC2EXE 7000 B000FC2EXE
B000FC2FX8 7001 B000FC2FX8
B000FC2GA0 7002 B000FC2GA0
B000FC2GFU 7003 B000FC2GFU
B000FC2HRC 7004 B000FC2HRC
B000FDEV4S 7005 B000FDEV4S
B000FDEVA2 7006 B000FDEVA2
B000FDEVAC 7007 B000FDEVAC
B000FDEVBQ 7008 B000FDEVBQ
B000FDFSYA 7009 B000FDFSYA
B000FEBWTE 7010 B000FEBWTE
B000FEBZ0A 7011 B000FEBZ0A
B000FFJ876 7012 B000FFJ876
B000FFJ8BM 7013 B000FFJ8BM
B000FFJYCA 7014 B000FFJYCA
B000FFJYE8 7015 B000FFJYE8
B000FFL35Q 7016 B000FFL35Q
B000FFL702 7017 B000FFL702
B000FG6A26 7018 B000FG6A26
B000FGFBS0 7019 B000FGFBS0
B000FGFBUS 7020 B000FGFBUS
B000FGFBVM 7021 B000FGFBVM
B000FGGE7C 7022 B000FGGE7C
B000FH8H7Q 7023 B000FH8H7Q
B000FI8MQG 7024 B000FI8MQG
B000FI9OCC 7025 B000FI9OCC
B000FI9OD6 7026 B000FI9OD6
B000FI9ODQ 7027 B000FI9ODQ
B000FI9OEU 7028 B000FI9OEU
B000FIHN52 7029 B000FIHN52
B000FIHN8O 7030 B000FIHN8O
B000FIHNA2 7031 B000FIHNA2
B000FII2Z2 7032 B000FII2Z2
B000FILV2S 7033 B000FILV2S
B000FILXEY 7034 B000FILXEY
B000FIMG68 7035 B000FIMG68
B000FIMG6I 7036 B000FIMG6I
B000FJTVC4 7037 B000FJTVC4
B000FK6A9K 7038 B000FK6A9K
B000FKO3HG 7039 B000FKO3HG
B000FKO3U8 7040 B000FKO3U8
B000FKO3US 7041 B000FKO3US
B000FKO3WG 7042 B000FKO3WG
B000FKO41G 7043 B000FKO41G
B000FKP4BU 7044 B000FKP4BU
B000FKPDY8 7045 B000FKPDY8
B000FL7C82 7046 B000FL7C82
B000FL7C8W 7047 B000FL7C8W
B000FL7CAU 7048 B000FL7CAU
B000FL7CB4 7049 B000FL7CB4
B000FLC7BE 7050 B000FLC7BE
B000FML8TK 7051 B000FML8TK
B000FNNHZC 7052 B000FNNHZC
B000FO0AHO 7053 B000FO0AHO
B000FO0AME 7054 B000FO0AME
B000FOPPBA 7055 B000FOPPBA
B000FOPPC4 7056 B000FOPPC4
B000FOPPCE 7057 B000FOPPCE
B000FOPZZG 7058 B000FOPZZG
B000FP2IZU 7059 B000FP2IZU
B000FP2YYA 7060 B000FP2YYA
B000FQIRWC 7061 B000FQIRWC
B000FQISGC 7062 B000FQISGC
B000FQJA2S 7063 B000FQJA2S
B000FS2W12 7064 B000FS2W12
B000FS2W6M 7065 B000FS2W6M
B000FS9FDK 7066 B000FS9FDK
B000FS9FGW 7067 B000FS9FGW
B000FS9FIK 7068 B000FS9FIK
B000FS9MUQ 7069 B000FS9MUQ
B000FS9MY2 7070 B000FS9MY2
B000FSL920 7071 B000FSL920
B000FSME1K 7072 B000FSME1K
B000FSME1U 7073 B000FSME1U
B000FSMEBA 7074 B000FSMEBA
B000FTC1GC 7075 B000FTC1GC
B000FTC1GW 7076 B000FTC1GW
B000FTCF3Q 7077 B000FTCF3Q
B000FTCLQM 7078 B000FTCLQM
B000FTCLSU 7079 B000FTCLSU
B000FTJ74Q 7080 B000FTJ74Q
B000FTWUG8 7081 B000FTWUG8
B000FUOUEM 7082 B000FUOUEM
B000FUTV64 7083 B000FUTV64
B000FUTVLO 7084 B000FUTVLO
B000FUTVPA 7085 B000FUTVPA
B000FUTVUA 7086 B000FUTVUA
B000FUTVUK 7087 B000FUTVUK
B000FUTVV4 7088 B000FUTVV4
B000FUTVVO 7089 B000FUTVVO
B000FUZY38 7090 B000FUZY38
B000FVQLIO 7091 B000FVQLIO
B000FVQM4W 7092 B000FVQM4W
B000FVQYSG 7093 B000FVQYSG
B000FWHW86 7094 B000FWHW86
B000FWHW90 7095 B000FWHW90
B000FXVFH4 7096 B000FXVFH4
B000FZEQMI 7097 B000FZEQMI
B000FZETHU 7098 B000FZETHU
B000FZETJI 7099 B000FZETJI
B000FZETRU 7100 B000FZETRU
B000FZETS4 7101 B000FZETS4
B000FZEU1K 7102 B000FZEU1K
B000G0O5EG 7103 B000G0O5EG
B000G0O5F0 7104 B000G0O5F0
B000G0O5J6 7105 B000G0O5J6
B000G0O5JG 7106 B000G0O5JG
B000G1ALDY 7107 B000G1ALDY
B000G1R39E 7108 B000G1R39E
B000G1R3A8 7109 B000G1R3A8
B000G1R4RK 7110 B000G1R4RK
B000G1R4SO 7111 B000G1R4SO
B000G1R4SY 7112 B000G1R4SY
B000G28NPQ 7113 B000G28NPQ
B000G5SIBM 7114 B000G5SIBM
B000G5SIEY 7115 B000G5SIEY
B000G6BL42 7116 B000G6BL42
B000G6BL7O 7117 B000G6BL7O
B000G6BLC4 7118 B000G6BLC4
B000G6BLWE 7119 B000G6BLWE
B000G6BM0U 7120 B000G6BM0U
B000G75AYS 7121 B000G75AYS
B000G75AZC 7122 B000G75AZC
B000G75B4W 7123 B000G75B4W
B000G8NXAA 7124 B000G8NXAA
B000GAKBLW 7125 B000GAKBLW
B000GAKFIG 7126 B000GAKFIG
B000GB5M1U 7127 B000GB5M1U
B000GB5M3S 7128 B000GB5M3S
B000GB5M4M 7129 B000GB5M4M
B000GBEWIO 7130 B000GBEWIO
B000GDH8HE 7131 B000GDH8HE
B000GDH9IW 7132 B000GDH9IW
B000GEA1L8 7133 B000GEA1L8
B000GEAMD0 7134 B000GEAMD0
B000GEIRAU 7135 B000GEIRAU
B000GETUBU 7136 B000GETUBU
B000GFLEAO 7137 B000GFLEAO
B000GFLEFO 7138 B000GFLEFO
B000GFLEKY 7139 B000GFLEKY
B000GFLKEE 7140 B000GFLKEE
B000GFRI68 7141 B000GFRI68
B000GFRICM 7142 B000GFRICM
B000GFTR1M 7143 B000GFTR1M
B000GG4XTW 7144 B000GG4XTW
B000GG4XWE 7145 B000GG4XWE
B000GG4XWY 7146 B000GG4XWY
B000GG4Y0U 7147 B000GG4Y0U
B000GG4Y3C 7148 B000GG4Y3C
B000GG4Y50 7149 B000GG4Y50
B000GG4Y5K 7150 B000GG4Y5K
B000GG4Y64 7151 B000GG4Y64
B000GG4Y6O 7152 B000GG4Y6O
B000GGSLSG 7153 B000GGSLSG
B000GGSMO4 7154 B000GGSMO4
B000GH3CMA 7155 B000GH3CMA
B000GH3CWK 7156 B000GH3CWK
B000GI3KDK 7157 B000GI3KDK
B000GI3RGK 7158 B000GI3RGK
B000GI3RZ6 7159 B000GI3RZ6
B000GIU7CW 7160 B000GIU7CW
B000GIW95K 7161 B000GIW95K
B000GIXIN2 7162 B000GIXIN2
B000GIXLVQ 7163 B000GIXLVQ
B000GIXLWA 7164 B000GIXLWA
B000GIXLWU 7165 B000GIXLWU
B000GLL1AQ 7166 B000GLL1AQ
B000GLL1U6 7167 B000GLL1U6
B000GNOSD6 7168 B000GNOSD6
B000GNOSGS 7169 B000GNOSGS
B000GNOSHW 7170 B000GNOSHW
B000GNOSJU 7171 B000GNOSJU
B000GPPNO2 7172 B000GPPNO2
B000GRU09I 7173 B000GRU09I
B000GRUMQY 7174 B000GRUMQY
B000GRUN40 7175 B000GRUN40
B000GRUQJC 7176 B000GRUQJC
B000GRUQJW 7177 B000GRUQJW
B000GRUQLK 7178 B000GRUQLK
B000GRUQZQ 7179 B000GRUQZQ
B000GRUR4G 7180 B000GRUR4G
B000GSE6H4 7181 B000GSE6H4
B000GTDVLK 7182 B000GTDVLK
B000GTJSFS 7183 B000GTJSFS
B000GTJSO4 7184 B000GTJSO4
B000GTJSQM 7185 B000GTJSQM
B000GTJSVC 7186 B000GTJSVC
B000GTJT0C 7187 B000GTJT0C
B000GUJYGK 7188 B000GUJYGK
B000GUJYQ0 7189 B000GUJYQ0
B000GUK3SS 7190 B000GUK3SS
B000GW8OA0 7191 B000GW8OA0
B000GW8U9U 7192 B000GW8U9U
B000GWGAY2 7193 B000GWGAY2
B000GY728I 7194 B000GY728I
B000GY75JE 7195 B000GY75JE
B000GYHRHO 7196 B000GYHRHO
B000GYI048 7197 B000GYI048
B000GYI322 7198 B000GYI322
B000GYI32M 7199 B000GYI32M
B000GYI33Q 7200 B000GYI33Q
B000GYI340 7201 B000GYI340
B000GYI34K 7202 B000GYI34K
B000GYI3MW 7203 B000GYI3MW
B000GYI3PY 7204 B000GYI3PY
B000H0UPKI 7205 B000H0UPKI
B000H1RFXM 7206 B000H1RFXM
B000H4JH30 7207 B000H4JH30
B000H4JH4Y 7208 B000H4JH4Y
B000H4JH58 7209 B000H4JH58
B000H4JH7Q 7210 B000H4JH7Q
B000H4JH80 7211 B000H4JH80
B000H5TH2A 7212 B000H5TH2A
B000H5U5GM 7213 B000H5U5GM
B000H5U5MQ 7214 B000H5U5MQ
B000H5U5TE 7215 B000H5U5TE
B000H5U5U8 7216 B000H5U5U8
B000H5U5V2 7217 B000H5U5V2
B000H5U68O 7218 B000H5U68O
B000H5V8CM 7219 B000H5V8CM
B000H5V8CW 7220 B000H5V8CW
B000H5V8D6 7221 B000H5V8D6
B000H5V8DG 7222 B000H5V8DG
B000H5V8NG 7223 B000H5V8NG
B000H5VACU 7224 B000H5VACU
B000H6SXM4 7225 B000H6SXM4
B000H6SXNI 7226 B000H6SXNI
B000H6SXW4 7227 B000H6SXW4
B000H6SY28 7228 B000H6SY28
B000H6SY2I 7229 B000H6SY2I
B000H6SY6E 7230 B000H6SY6E
B000H6SY8C 7231 B000H6SY8C
B000H7J9IU 7232 B000H7J9IU
B000H7J9JE 7233 B000H7J9JE
B000H7JCEG 7234 B000H7JCEG
B000H7JCFA 7235 B000H7JCFA
B000H7JCG4 7236 B000H7JCG4
B000H7JCGE 7237 B000H7JCGE
B000H7JCJQ 7238 B000H7JCJQ
B000H8RVSO 7239 B000H8RVSO
B000H9AD5G 7240 B000H9AD5G
B000HA4WRU 7241 B000HA4WRU
B000HA4WSO 7242 B000HA4WSO
B000HC2LGM 7243 B000HC2LGM
B000HC2LGW 7244 B000HC2LGW
B000HC2LH6 7245 B000HC2LH6
B000HC2LHQ 7246 B000HC2LHQ
B000HC2LZS 7247 B000HC2LZS
B000HC2M0W 7248 B000HC2M0W
B000HC2M2K 7249 B000HC2M2K
B000HC2PLS 7250 B000HC2PLS
B000HCO86I 7251 B000HCO86I
B000HCO8KE 7252 B000HCO8KE
B000HDR814 7253 B000HDR814
B000HDRB6G 7254 B000HDRB6G
B000HDRBAW 7255 B000HDRBAW
B000HEVTKY 7256 B000HEVTKY
B000HEVTOU 7257 B000HEVTOU
B000HEVZ9E 7258 B000HEVZ9E
B000HEVZLC 7259 B000HEVZLC
B000HEWEFI 7260 B000HEWEFI
B000HEWEFS 7261 B000HEWEFS
B000HEWEG2 7262 B000HEWEG2
B000HEWES0 7263 B000HEWES0
B000HEWEUS 7264 B000HEWEUS
B000HEWGTW 7265 B000HEWGTW
B000HEWGVU 7266 B000HEWGVU
B000HEWH0U 7267 B000HEWH0U
B000HEWHBY 7268 B000HEWHBY
B000HEZ7MK 7269 B000HEZ7MK
B000HEZF18 7270 B000HEZF18
B000HIUWZS 7271 B000HIUWZS
B000HIVIOC 7272 B000HIVIOC
B000HIVIOM 7273 B000HIVIOM
B000HLDFNQ 7274 B000HLDFNQ
B000HOJR8A 7275 B000HOJR8A
B000HRCN6K 7276 B000HRCN6K
B000HT37FY 7277 B000HT37FY
B000HT389O 7278 B000HT389O
B000HT38BW 7279 B000HT38BW
B000HT38C6 7280 B000HT38C6
B000HT38D0 7281 B000HT38D0
B000HT38I0 7282 B000HT38I0
B000HT38IK 7283 B000HT38IK
B000HT3P56 7284 B000HT3P56
B000HT3P5G 7285 B000HT3P5G
B000HT3P6U 7286 B000HT3P6U
B000HT3P7E 7287 B000HT3P7E
B000HT3PEM 7288 B000HT3PEM
B000HT3PGK 7289 B000HT3PGK
B000HT3PLK 7290 B000HT3PLK
B000HT3PPQ 7291 B000HT3PPQ
B000HT3Q1Y 7292 B000HT3Q1Y
B000HT3Q2I 7293 B000HT3Q2I
B000HT3Q2S 7294 B000HT3Q2S
B000HT3QBO 7295 B000HT3QBO
B000HWXOT0 7296 B000HWXOT0
B000HWZ4BG 7297 B000HWZ4BG
B000HWZ4DE 7298 B000HWZ4DE
B000HWZ4DO 7299 B000HWZ4DO
B000HWZ4DY 7300 B000HWZ4DY
B000HWZ4E8 7301 B000HWZ4E8
B000HWZ4EI 7302 B000HWZ4EI
B000HWZ4GQ 7303 B000HWZ4GQ
B000HWZ4HU 7304 B000HWZ4HU
B000HWZ4IE 7305 B000HWZ4IE
B000HWZ4IO 7306 B000HWZ4IO
B000HWZ4IY 7307 B000HWZ4IY
B000HWZ4J8 7308 B000HWZ4J8
B000HWZ4JI 7309 B000HWZ4JI
B000HWZ4KM 7310 B000HWZ4KM
B000HWZ4LQ 7311 B000HWZ4LQ
B000HWZ4M0 7312 B000HWZ4M0
B000HWZ4MA 7313 B000HWZ4MA
B000HWZ4QG 7314 B000HWZ4QG
B000HWZ4R0 7315 B000HWZ4R0
B000HWZ4RA 7316 B000HWZ4RA
B000HWZ4RK 7317 B000HWZ4RK
B000HXDM1E 7318 B000HXDM1E
B000HXDQMY 7319 B000HXDQMY
B000HXDWG4 7320 B000HXDWG4
B000HXDWOG 7321 B000HXDWOG
B000I0QLFK 7322 B000I0QLFK
B000I0QLTG 7323 B000I0QLTG
B000I0RNVQ 7324 B000I0RNVQ
B000I0RNXY 7325 B000I0RNXY
B000I1V3MU 7326 B000I1V3MU
B000I2IWU0 7327 B000I2IWU0
B000I2J6RS 7328 B000I2J6RS
B000I2J6VE 7329 B000I2J6VE
B000I2J6W8 7330 B000I2J6W8
B000I2JDF8 7331 B000I2JDF8
B000I5YCCY 7332 B000I5YCCY
B000I8OM94 7333 B000I8OM94
B000I8OOK6 7334 B000I8OOK6
B000IB0DD0 7335 B000IB0DD0
B000ICL3M4 7336 B000ICL3M4
B000ICL3NI 7337 B000ICL3NI
B000ICLRKW 7338 B000ICLRKW
B000ICM5S0 7339 B000ICM5S0
B000ICM5VC 7340 B000ICM5VC
B000IHYBT6 7341 B000IHYBT6
B000IHYXIK 7342 B000IHYXIK
B000IHYXJO 7343 B000IHYXJO
B000IHYXS0 7344 B000IHYXS0
B000IJ7AEC 7345 B000IJ7AEC
B000IOM0PQ 7346 B000IOM0PQ
B000IOM1FU 7347 B000IOM1FU
B000IOM9VQ 7348 B000IOM9VQ
B000ION23A 7349 B000ION23A
B000ION276 7350 B000ION276
B000ION27G 7351 B000ION27G
B000ION27Q 7352 B000ION27Q
B000ION2H6 7353 B000ION2H6
B000ION2HG 7354 B000ION2HG
B000ION7A8 7355 B000ION7A8
B000IONJHE 7356 B000IONJHE
B000IONJI8 7357 B000IONJI8
B000IQEMRI 7358 B000IQEMRI
B000IU37SO 7359 B000IU37SO
B000IU37T8 7360 B000IU37T8
B000IU4DMI 7361 B000IU4DMI
B000IV9CDM 7362 B000IV9CDM
B000J10ERE 7363 B000J10ERE
B000J10F14 7364 B000J10F14
B000J10KNW 7365 B000J10KNW
B000J3EB8K 7366 B000J3EB8K
B000J3OTOG 7367 B000J3OTOG
B000J4QWIG 7368 B000J4QWIG
B000J5IPXA 7369 B000J5IPXA
B000JBWWOC 7370 B000JBWWOC
B000JBWWP6 7371 B000JBWWP6
B000JBWWQK 7372 B000JBWWQK
B000JBWWRO 7373 B000JBWWRO
B000JBWWSI 7374 B000JBWWSI
B000JBXH82 7375 B000JBXH82
B000JBXHI2 7376 B000JBXHI2
B000JBXXYK 7377 B000JBXXYK
B000JBXY0S 7378 B000JBXY0S
B000JBXY44 7379 B000JBXY44
B000JCEU4G 7380 B000JCEU4G
B000JJ3Y78 7381 B000JJ3Y78
B000JJ4DDW 7382 B000JJ4DDW
B000JJ4W3I 7383 B000JJ4W3I
B000JJ4WEW 7384 B000JJ4WEW
B000JJRYDI 7385 B000JJRYDI
B000JJRYDS 7386 B000JJRYDS
B000JJSJO6 7387 B000JJSJO6
B000JJSJPA 7388 B000JJSJPA
B000JJSJPU 7389 B000JJSJPU
B000JJSKZY 7390 B000JJSKZY
B000JJSRNY 7391 B000JJSRNY
B000JKO8KE 7392 B000JKO8KE
B000JLQPTK 7393 B000JLQPTK
B000JLQQ58 7394 B000JLQQ58
B000JLSYXU 7395 B000JLSYXU
B000JLTE4S 7396 B000JLTE4S
B000JLTR86 7397 B000JLTR86
B000JLTREK 7398 B000JLTREK
B000JLTRF4 7399 B000JLTRF4
B000JLTRFE 7400 B000JLTRFE
B000JLTRGI 7401 B000JLTRGI
B000JLTRHW 7402 B000JLTRHW
B000JLTRIG 7403 B000JLTRIG
B000JLTRMC 7404 B000JLTRMC
B000JLTS8A 7405 B000JLTS8A
B000JMK6OO 7406 B000JMK6OO
B000JRYOPG 7407 B000JRYOPG
B000JU7JE6 7408 B000JU7JE6
B000JU8H7E 7409 B000JU8H7E
B000JU8H9M 7410 B000JU8H9M
B000JVSUK2 7411 B000JVSUK2
B000JVT07E 7412 B000JVT07E
B000JYW5B4 7413 B000JYW5B4
B000JYW5BE 7414 B000JYW5BE
B000JYW5E6 7415 B000JYW5E6
B000K0YM0Y 7416 B000K0YM0Y
B000K144OM 7417 B000K144OM
B000K14LTK 7418 B000K14LTK
B000K15G7G 7419 B000K15G7G
B000K2JU36 7420 B000K2JU36
B000K2Q7CI 7421 B000K2Q7CI
B000K2UGXO 7422 B000K2UGXO
B000K2V7EG 7423 B000K2V7EG
B000K405CY 7424 B000K405CY
B000K4X5QM 7425 B000K4X5QM
B000K4X5XK 7426 B000K4X5XK
B000K52BL6 7427 B000K52BL6
B000K5FPNW 7428 B000K5FPNW
B000K6GM4W 7429 B000K6GM4W
B000K6L9CM 7430 B000K6L9CM
B000K7UBTI 7431 B000K7UBTI
B000K7UBUM 7432 B000K7UBUM
B000K7UBVQ 7433 B000K7UBVQ
B000K7UBWK 7434 B000K7UBWK
B000K7UC2Y 7435 B000K7UC2Y
B000K7VHMI 7436 B000K7VHMI
B000K7VHNM 7437 B000K7VHNM
B000K7VHNW 7438 B000K7VHNW
B000K7VHOQ 7439 B000K7VHOQ
B000K7VHYG 7440 B000K7VHYG
B000K7VL4C 7441 B000K7VL4C
B000KB4898 7442 B000KB4898
B000KDZTIK 7443 B000KDZTIK
B000KE3OZO 7444 B000KE3OZO
B000KF0DFM 7445 B000KF0DFM
B000KF0WU8 7446 B000KF0WU8
B000KG4BCM 7447 B000KG4BCM
B000KGGIL4 7448 B000KGGIL4
B000KGGIRI 7449 B000KGGIRI
B000KGGIV4 7450 B000KGGIV4
B000KGGJ04 7451 B000KGGJ04
B000KGGOP4 7452 B000KGGOP4
B000KGGOY0 7453 B000KGGOY0
B000KGGZZ8 7454 B000KGGZZ8
B000KGH00C 7455 B000KGH00C
B000KGH00W 7456 B000KGH00W
B000KHME7U 7457 B000KHME7U
B000KHX71M 7458 B000KHX71M
B000KHX71W 7459 B000KHX71W
B000KJU13C 7460 B000KJU13C
B000KJU1FK 7461 B000KJU1FK
B000KJU1FU 7462 B000KJU1FU
B000KLNLCI 7463 B000KLNLCI
B000KLQULW 7464 B000KLQULW
B000KLQUMG 7465 B000KLQUMG
B000KLQUSK 7466 B000KLQUSK
B000KLQUT4 7467 B000KLQUT4
B000KLQUUS 7468 B000KLQUUS
B000KLQUV2 7469 B000KLQUV2
B000KN7BLI 7470 B000KN7BLI
B000KNL2DQ 7471 B000KNL2DQ
B000KOXS0A 7472 B000KOXS0A
B000KWZ1U2 7473 B000KWZ1U2
B000KWZ1UM 7474 B000KWZ1UM
B000KX0ING 7475 B000KX0ING
B000KX0IO0 7476 B000KX0IO0
B000KX0IPE 7477 B000KX0IPE
B000KX0IPY 7478 B000KX0IPY
B000L2129U 7479 B000L2129U
B000L43PG6 7480 B000L43PG6
B000L43PGQ 7481 B000L43PGQ
B000L43PHK 7482 B000L43PHK
B000L91FZE 7483 B000L91FZE
B000L99JDO 7484 B000L99JDO
B000L9VL2G 7485 B000L9VL2G
B000LAZDOW 7486 B000LAZDOW
B000LAZDQA 7487 B000LAZDQA
B000LC3IB0 7488 B000LC3IB0
B000LC3IE2 7489 B000LC3IE2
B000LC3III 7490 B000LC3III
B000LC3IJ2 7491 B000LC3IJ2
B000LC3IKG 7492 B000LC3IKG
B000LC3IKQ 7493 B000LC3IKQ
B000LC3IM4 7494 B000LC3IM4
B000LC4C0Q 7495 B000LC4C0Q
B000LC4C60 7496 B000LC4C60
B000LC4CVA 7497 B000LC4CVA
B000LC4ZDA 7498 B000LC4ZDA
B000LC4ZDK 7499 B000LC4ZDK
B000LC4ZDU 7500 B000LC4ZDU
B000LC4ZI0 7501 B000LC4ZI0
B000LC4ZIA 7502 B000LC4ZIA
B000LC52BE 7503 B000LC52BE
B000LC52DC 7504 B000LC52DC
B000LC5B7O 7505 B000LC5B7O
B000LE16VC 7506 B000LE16VC
B000LE16W6 7507 B000LE16W6
B000LE178Y 7508 B000LE178Y
B000LE1798 7509 B000LE1798
B000LE17A2 7510 B000LE17A2
B000LE1DVK 7511 B000LE1DVK
B000LE1E50 7512 B000LE1E50
B000LMPDXQ 7513 B000LMPDXQ
B000LMPKIE 7514 B000LMPKIE
B000LMPLNI 7515 B000LMPLNI
B000LO5CTO 7516 B000LO5CTO
B000LP5FWC 7517 B000LP5FWC
B000LP5FXG 7518 B000LP5FXG
B000LP6L2A 7519 B000LP6L2A
B000LPS2VI 7520 B000LPS2VI
B000LPS2VS 7521 B000LPS2VS
B000LPS3B2 7522 B000LPS3B2
B000LQJB8K 7523 B000LQJB8K
B000LRZHOG 7524 B000LRZHOG
B000LRZHRI 7525 B000LRZHRI
B000LSAIZ8 7526 B000LSAIZ8
B000LSAJ5M 7527 B000LSAJ5M
B000LTTOOS 7528 B000LTTOOS
B000LV6VZ6 7529 B000LV6VZ6
B000LV6VZQ 7530 B000LV6VZQ
B000LV6W0A 7531 B000LV6W0A
B000LW7LX6 7532 B000LW7LX6
B000LW7N6G 7533 B000LW7N6G
B000LXGXWK 7534 B000LXGXWK
B000LXGXY8 7535 B000LXGXY8
B000LXH0AY 7536 B000LXH0AY
B000LXH3SI 7537 B000LXH3SI
B000LXHFN6 7538 B000LXHFN6
B000LXHFNG 7539 B000LXHFNG
B000LXHFUO 7540 B000LXHFUO
B000M2E1Z6 7541 B000M2E1Z6
B000M2E31I 7542 B000M2E31I
B000M2E32C 7543 B000M2E32C
B000M2E340 7544 B000M2E340
B000M2E354 7545 B000M2E354
B000M341Q4 7546 B000M341Q4
B000M341QE 7547 B000M341QE
B000M341QY 7548 B000M341QY
B000M341S2 7549 B000M341S2
B000M343AI 7550 B000M343AI
B000M343B2 7551 B000M343B2
B000M343BC 7552 B000M343BC
B000M4RG0Q 7553 B000M4RG0Q
B000M4RG4C 7554 B000M4RG4C
B000M4RG7O 7555 B000M4RG7O
B000M69OW2 7556 B000M69OW2
B000M6B1AU 7557 B000M6B1AU
B000M6D7SO 7558 B000M6D7SO
B000M7FOO8 7559 B000M7FOO8
B000M7FSSA 7560 B000M7FSSA
B000M7XRC4 7561 B000M7XRC4
B000M7XRYM 7562 B000M7XRYM
B000M8N412 7563 B000M8N412
B000M8N41W 7564 B000M8N41W
B000M93DBW 7565 B000M93DBW
B000M9BPFI 7566 B000M9BPFI
B000M9BPG2 7567 B000M9BPG2
B000MBXY6Y 7568 B000MBXY6Y
B000MC3QWK 7569 B000MC3QWK
B000MDFTHE 7570 B000MDFTHE
B000MDH85K 7571 B000MDH85K
B000MEYJHE 7572 B000MEYJHE
B000MEYKCI 7573 B000MEYKCI
B000MEYKDC 7574 B000MEYKDC
B000MEYKDW 7575 B000MEYKDW
B000MEYKE6 7576 B000MEYKE6
B000MG2LP4 7577 B000MG2LP4
B000MGAW8W 7578 B000MGAW8W
B000MGB6N2 7579 B000MGB6N2
B000MGBLFK 7580 B000MGBLFK
B000MGBLFU 7581 B000MGBLFU
B000MGBLGO 7582 B000MGBLGO
B000MGBLIC 7583 B000MGBLIC
B000MGBLPU 7584 B000MGBLPU
B000MGBLQO 7585 B000MGBLQO
B000MGBM1S 7586 B000MGBM1S
B000MGBSHQ 7587 B000MGBSHQ
B000MGBSI0 7588 B000MGBSI0
B000MGBSQC 7589 B000MGBSQC
B000MGBSQM 7590 B000MGBSQM
B000MGI7WK 7591 B000MGI7WK
B000MGTQ6G 7592 B000MGTQ6G
B000MGTQ6Q 7593 B000MGTQ6Q
B000MGUZAM 7594 B000MGUZAM
B000MH0V3M 7595 B000MH0V3M
B000MKYK2M 7596 B000MKYK2M
B000MLWQ6I 7597 B000MLWQ6I
B000MLWQ6S 7598 B000MLWQ6S
B000MMLOAG 7599 B000MMLOAG
B000MMMTD2 7600 B000MMMTD2
B000MNOX9E 7601 B000MNOX9E
B000MNOY0W 7602 B000MNOY0W
B000MQ4WMY 7603 B000MQ4WMY
B000MQ58WM 7604 B000MQ58WM
B000MQCBSQ 7605 B000MQCBSQ
B000MQCFLO 7606 B000MQCFLO
B000MQCUJ6 7607 B000MQCUJ6
B000MQCULO 7608 B000MQCULO
B000MR9CXC 7609 B000MR9CXC
B000MR9D5E 7610 B000MR9D5E
B000MR9EQM 7611 B000MR9EQM
B000MRA58S 7612 B000MRA58S
B000MRA592 7613 B000MRA592
B000MRA59M 7614 B000MRA59M
B000MRA5EM 7615 B000MRA5EM
B000MRNWF6 7616 B000MRNWF6
B000MTEFNM 7617 B000MTEFNM
B000MTEFUK 7618 B000MTEFUK
B000MTEFV4 7619 B000MTEFV4
B000MTEFVE 7620 B000MTEFVE
B000MTEKGE 7621 B000MTEKGE
B000MTEKGY 7622 B000MTEKGY
B000MTFDDI 7623 B000MTFDDI
B000MTFFO0 7624 B000MTFFO0
B000MTFFTK 7625 B000MTFFTK
B000MTOM8A 7626 B000MTOM8A
B000MTPA5Y 7627 B000MTPA5Y
B000MV8AE0 7628 B000MV8AE0
B000MV8AIQ 7629 B000MV8AIQ
B000MV9O7C 7630 B000MV9O7C
B000MV9O86 7631 B000MV9O86
B000MVZYBM 7632 B000MVZYBM
B000MX7TVS 7633 B000MX7TVS
B000MX7V5C 7634 B000MX7V5C
B000MX7V5W 7635 B000MX7V5W
B000MX7V66 7636 B000MX7V66
B000MX7YOA 7637 B000MX7YOA
B000MXPE7Y 7638 B000MXPE7Y
B000N2HD6O 7639 B000N2HD6O
B000N2HDJ6 7640 B000N2HDJ6
B000N3AVLW 7641 B000N3AVLW
B000N3AW6G 7642 B000N3AW6G
B000N3AXPG 7643 B000N3AXPG
B000N3SOSE 7644 B000N3SOSE
B000N3SSBW 7645 B000N3SSBW
B000N3T0E6 7646 B000N3T0E6
B000N3T0EG 7647 B000N3T0EG
B000N3T0GE 7648 B000N3T0GE
B000N3T0GO 7649 B000N3T0GO
B000N3TWRG 7650 B000N3TWRG
B000N4RAQA 7651 B000N4RAQA
B000N4RAS8 7652 B000N4RAS8
B000N4SA8M 7653 B000N4SA8M
B000N4SHNU 7654 B000N4SHNU
B000N60H9U 7655 B000N60H9U
B000N6SE4U 7656 B000N6SE4U
B000N6TYLW 7657 B000N6TYLW
B000N6U0VU 7658 B000N6U0VU
B000N6UDDU 7659 B000N6UDDU
B000N6UF0G 7660 B000N6UF0G
B000N6UF10 7661 B000N6UF10
B000N6UF1A 7662 B000N6UF1A
B000N8UXT2 7663 B000N8UXT2
B000N8UXTW 7664 B000N8UXTW
B000N8UXYC 7665 B000N8UXYC
B000NA1PUG 7666 B000NA1PUG
B000NA1VI2 7667 B000NA1VI2
B000NA1W3G 7668 B000NA1W3G
B000NA1W3Q 7669 B000NA1W3Q
B000NA1WDQ 7670 B000NA1WDQ
B000NA1WE0 7671 B000NA1WE0
B000NA1WGS 7672 B000NA1WGS
B000NA1WH2 7673 B000NA1WH2
B000NA78SE 7674 B000NA78SE
B000NC0K9G 7675 B000NC0K9G
B000ND91OA 7676 B000ND91OA
B000ND91S6 7677 B000ND91S6
B000ND91X6 7678 B000ND91X6
B000ND91Z4 7679 B000ND91Z4
B000ND921M 7680 B000ND921M
B000NDEXFC 7681 B000NDEXFC
B000NDEXO8 7682 B000NDEXO8
B000NDI3Q2 7683 B000NDI3Q2
B000NDI4VQ 7684 B000NDI4VQ
B000NDI4WA 7685 B000NDI4WA
B000NDJGTK 7686 B000NDJGTK
B000NE4SMO 7687 B000NE4SMO
B000NEZ7BA 7688 B000NEZ7BA
B000NHG7C0 7689 B000NHG7C0
B000NHG7DY 7690 B000NHG7DY
B000NIVNSW 7691 B000NIVNSW
B000NIVPA8 7692 B000NIVPA8
B000NIWI9K 7693 B000NIWI9K
B000NJISIY 7694 B000NJISIY
B000NJISJ8 7695 B000NJISJ8
B000NJKZUI 7696 B000NJKZUI
B000NJM2FO 7697 B000NJM2FO
B000NJMJGQ 7698 B000NJMJGQ
B000NJMJHK 7699 B000NJMJHK
B000NJVY3U 7700 B000NJVY3U
B000NJXG68 7701 B000NJXG68
B000NJXG6I 7702 B000NJXG6I
B000NJXG6S 7703 B000NJXG6S
B000NNUWZC 7704 B000NNUWZC
B000NO1XG8 7705 B000NO1XG8
B000NO1XMC 7706 B000NO1XMC
B000NO2416 7707 B000NO2416
B000NOIVT0 7708 B000NOIVT0
B000NOIVTU 7709 B000NOIVTU
B000NOIVV8 7710 B000NOIVV8
B000NOIX48 7711 B000NOIX48
B000NOIX66 7712 B000NOIX66
B000NOIX6G 7713 B000NOIX6G
B000NOIX7K 7714 B000NOIX7K
B000NOIX7U 7715 B000NOIX7U
B000NOIX84 7716 B000NOIX84
B000NOK0MQ 7717 B000NOK0MQ
B000NOKFGW 7718 B000NOKFGW
B000NOKFHG 7719 B000NOKFHG
B000NOKP12 7720 B000NOKP12
B000NQQ4DI 7721 B000NQQ4DI
B000NQR8JM 7722 B000NQR8JM
B000NQRDZG 7723 B000NQRDZG
B000NQRE9Q 7724 B000NQRE9Q
B000NQRV8U 7725 B000NQRV8U
B000NTM9ZW 7726 B000NTM9ZW
B000NTMA1U 7727 B000NTMA1U
B000NTPDSW 7728 B000NTPDSW
B000NTPG7A 7729 B000NTPG7A
B000NTPG84 7730 B000NTPG84
B000NVI0DU 7731 B000NVI0DU
B000NVI2C4 7732 B000NVI2C4
B000NVI2G0 7733 B000NVI2G0
B000NVI2GU 7734 B000NVI2GU
B000NVT0RU 7735 B000NVT0RU
B000NVT0UM 7736 B000NVT0UM
B000NY0YJU 7737 B000NY0YJU
B000NY1E94 7738 B000NY1E94
B000NY1EC6 7739 B000NY1EC6
B000NY8NO8 7740 B000NY8NO8
B000O179DG 7741 B000O179DG
B000O179GI 7742 B000O179GI
B000O179IG 7743 B000O179IG
B000O3C5DS 7744 B000O3C5DS
B000O599XA 7745 B000O599XA
B000O59A2A 7746 B000O59A2A
B000O59A2U 7747 B000O59A2U
B000O59A52 7748 B000O59A52
B000O5B4BU 7749 B000O5B4BU
B000O5GRXU 7750 B000O5GRXU
B000O76PXK 7751 B000O76PXK
B000O76V4I 7752 B000O76V4I
B000O76ZNU 7753 B000O76ZNU
B000O77LY2 7754 B000O77LY2
B000O77SO0 7755 B000O77SO0
B000O77SOK 7756 B000O77SOK
B000O7862S 7757 B000O7862S
B000OA8OK4 7758 B000OA8OK4
B000OCXLPU 7759 B000OCXLPU
B000OCXNPI 7760 B000OCXNPI
B000OCY7IK 7761 B000OCY7IK
B000OCY7JE 7762 B000OCY7JE
B000OCY7KI 7763 B000OCY7KI
B000OCY7OE 7764 B000OCY7OE
B000OCY7V2 7765 B000OCY7V2
B000OCZ9WS 7766 B000OCZ9WS
B000OFBC9O 7767 B000OFBC9O
B000OHZJG4 7768 B000OHZJG4
B000OHZJIM 7769 B000OHZJIM
B000OHZJSC 7770 B000OHZJSC
B000OHZKZ4 7771 B000OHZKZ4
B000OHZKZE 7772 B000OHZKZE
B000OI1G2E 7773 B000OI1G2E
B000OIOOUU 7774 B000OIOOUU
B000OIOOVO 7775 B000OIOOVO
B000OIOPHC 7776 B000OIOPHC
B000OIOPPE 7777 B000OIOPPE
B000OLGCFW 7778 B000OLGCFW
B000OLGCG6 7779 B000OLGCG6
B000OLR8VY 7780 B000OLR8VY
B000OONQ9Y 7781 B000OONQ9Y
B000OPO5RU 7782 B000OPO5RU
B000OPO61U 7783 B000OPO61U
B000OPOALG 7784 B000OPOALG
B000OPOAMU 7785 B000OPOAMU
B000OPODNQ 7786 B000OPODNQ
B000OPPTN4 7787 B000OPPTN4
B000ORDM7C 7788 B000ORDM7C
B000OU081M 7789 B000OU081M
B000OVLBFS 7790 B000OVLBFS
B000OVLBG2 7791 B000OVLBG2
B000OVLBH6 7792 B000OVLBH6
B000OVLMHU 7793 B000OVLMHU
B000OVLMKC 7794 B000OVLMKC
B000OXAA76 7795 B000OXAA76
B000OY8NBK 7796 B000OY8NBK
B000OY8NCE 7797 B000OY8NCE
B000OY8NII 7798 B000OY8NII
B000OY9V7A 7799 B000OY9V7A
B000OY9V7K 7800 B000OY9V7K
B000OYCMLM 7801 B000OYCMLM
B000OYCMMQ 7802 B000OYCMMQ
B000OZ2CP2 7803 B000OZ2CP2
B000OZ2CQQ 7804 B000OZ2CQQ
B000OZ2CU2 7805 B000OZ2CU2
B000P0I4O4 7806 B000P0I4O4
B000P0J0E2 7807 B000P0J0E2
B000P296AS 7808 B000P296AS
B000P296C6 7809 B000P296C6
B000P2A6C0 7810 B000P2A6C0
B000P2A6CA 7811 B000P2A6CA
B000P2XMJ4 7812 B000P2XMJ4
B000P46OV0 7813 B000P46OV0
B000P4Q8DY 7814 B000P4Q8DY
B000P4ZL5K 7815 B000P4ZL5K
B000P5FH2Q 7816 B000P5FH2Q
B000P5FH4E 7817 B000P5FH4E
B000P5FH4O 7818 B000P5FH4O
B000P5FH4Y 7819 B000P5FH4Y
B000P5HARG 7820 B000P5HARG
B000P6R6Y2 7821 B000P6R6Y2
B000P6R9IA 7822 B000P6R9IA
B000P6YNSE 7823 B000P6YNSE
B000P6YNSO 7824 B000P6YNSO
B000P6YNTI 7825 B000P6YNTI
B000PAAJZG 7826 B000PAAJZG
B000PAAK5K 7827 B000PAAK5K
B000PC1PAW 7828 B000PC1PAW
B000PC6YQC 7829 B000PC6YQC
B000PC6YTY 7830 B000PC6YTY
B000PC6YUI 7831 B000PC6YUI
B000PC72JA 7832 B000PC72JA
B000PC8AKK 7833 B000PC8AKK
B000PDZHK0 7834 B000PDZHK0
B000PE0G0A 7835 B000PE0G0A
B000PFSYO4 7836 B000PFSYO4
B000PFU85M 7837 B000PFU85M
B000PFUA9Q 7838 B000PFUA9Q
B000PFUANC 7839 B000PFUANC
B000PFUAP0 7840 B000PFUAP0
B000PGTNFM 7841 B000PGTNFM
B000PGTPC8 7842 B000PGTPC8
B000PGTPGO 7843 B000PGTPGO
B000PGTPH8 7844 B000PGTPH8
B000PHX5KU 7845 B000PHX5KU
B000PHX5NM 7846 B000PHX5NM
B000PHX5P0 7847 B000PHX5P0
B000PHX5PK 7848 B000PHX5PK
B000PHX8RA 7849 B000PHX8RA
B000PISZ7M 7850 B000PISZ7M
B000PISZ7W 7851 B000PISZ7W
B000PISZ86 7852 B000PISZ86
B000PISZ8Q 7853 B000PISZ8Q
B000PKG7D4 7854 B000PKG7D4
B000PKG7DE 7855 B000PKG7DE
B000PKG8TM 7856 B000PKG8TM
B000PKG8TW 7857 B000PKG8TW
B000PMFO3Q 7858 B000PMFO3Q
B000PMFO40 7859 B000PMFO40
B000PMFRUQ 7860 B000PMFRUQ
B000PMFRZ6 7861 B000PMFRZ6
B000PMFS0A 7862 B000PMFS0A
B000PMFS5K 7863 B000PMFS5K
B000PMGNK4 7864 B000PMGNK4
B000PMLJLW 7865 B000PMLJLW
B000PMLJMG 7866 B000PMLJMG
B000PPRCT2 7867 B000PPRCT2
B000PQIBYQ 7868 B000PQIBYQ
B000PSJDQ4 7869 B000PSJDQ4
B000PSVP3S 7870 B000PSVP3S
B000PUAIOI 7871 B000PUAIOI
B000PWQP9I 7872 B000PWQP9I
B000PY52CW 7873 B000PY52CW
B000Q35RWW 7874 B000Q35RWW
B000Q5L9N6 7875 B000Q5L9N6
B000Q66FB6 7876 B000Q66FB6
B000Q66PX4 7877 B000Q66PX4
B000Q66PXE 7878 B000Q66PXE
B000Q66Q56 7879 B000Q66Q56
B000Q66Q8I 7880 B000Q66Q8I
B000Q6774K 7881 B000Q6774K
B000Q6775E 7882 B000Q6775E
B000Q6775O 7883 B000Q6775O
B000Q677HC 7884 B000Q677HC
B000Q6GUJS 7885 B000Q6GUJS
B000Q6GUKW 7886 B000Q6GUKW
B000Q6GUS4 7887 B000Q6GUS4
B000Q6GUSE 7888 B000Q6GUSE
B000Q6GUWA 7889 B000Q6GUWA
B000Q7S54K 7890 B000Q7S54K
B000Q7ZKWU 7891 B000Q7ZKWU
B000Q7ZKY8 7892 B000Q7ZKY8
B000Q7ZLQK 7893 B000Q7ZLQK
B000Q7ZLQU 7894 B000Q7ZLQU
B000Q7ZLU6 7895 B000Q7ZLU6
B000Q7ZLUG 7896 B000Q7ZLUG
B000Q7ZLV0 7897 B000Q7ZLV0
B000QCU534 7898 B000QCU534
B000QCU9JO 7899 B000QCU9JO
B000QCU9VC 7900 B000QCU9VC
B000QDLSR0 7901 B000QDLSR0
B000QEIOTE 7902 B000QEIOTE
B000QFAFNQ 7903 B000QFAFNQ
B000QFAFOU 7904 B000QFAFOU
B000QFBW6K 7905 B000QFBW6K
B000QFCDAY 7906 B000QFCDAY
B000QFCDCW 7907 B000QFCDCW
B000QGDJG0 7908 B000QGDJG0
B000QGDJGK 7909 B000QGDJGK
B000QGDY06 7910 B000QGDY06
B000QGE856 7911 B000QGE856
B000QGE85Q 7912 B000QGE85Q
B000QGE8MY 7913 B000QGE8MY
B000QQA5VC 7914 B000QQA5VC
B000QQDEZG 7915 B000QQDEZG
B000QQFKYE 7916 B000QQFKYE
B000QRI1GM 7917 B000QRI1GM
B000QRI1H6 7918 B000QRI1H6
B000QUEQ4A 7919 B000QUEQ4A
B000QUEQ4U 7920 B000QUEQ4U
B000QUEQ5O 7921 B000QUEQ5O
B000QUEQ68 7922 B000QUEQ68
B000QUEQ6I 7923 B000QUEQ6I
B000QUEQ6S 7924 B000QUEQ6S
B000QUEQ72 7925 B000QUEQ72
B000QUEQ86 7926 B000QUEQ86
B000QUTTQ0 7927 B000QUTTQ0
B000QUU4NM 7928 B000QUU4NM
B000QUU7KM 7929 B000QUU7KM
B000QUU7LQ 7930 B000QUU7LQ
B000QXDEGS 7931 B000QXDEGS
B000QXDEH2 7932 B000QXDEH2
B000QXDEHC 7933 B000QXDEHC
B000QXDFSA 7934 B000QXDFSA
B000QXDG4S 7935 B000QXDG4S
B000QXDJLI 7936 B000QXDJLI
B000R17RQM 7937 B000R17RQM
B000R20164 7938 B000R20164
B000R20ZA6 7939 B000R20ZA6
B000R343N0 7940 B000R343N0
B000R349GQ 7941 B000R349GQ
B000R349HU 7942 B000R349HU
B000R349IO 7943 B000R349IO
B000R349IY 7944 B000R349IY
B000R349JI 7945 B000R349JI
B000R349JS 7946 B000R349JS
B000R4QER2 7947 B000R4QER2
B000R5OFOA 7948 B000R5OFOA
B000R5OFPO 7949 B000R5OFPO
B000R7G6JA 7950 B000R7G6JA
B000R7GKPK 7951 B000R7GKPK
B000R7GKPU 7952 B000R7GKPU
B000R7HY0K 7953 B000R7HY0K
B000R7HY46 7954 B000R7HY46
B000R7I3YG 7955 B000R7I3YG
B000R7I3YQ 7956 B000R7I3YQ
B000R7I43Q 7957 B000R7I43Q
B000R7I44K 7958 B000R7I44K
B000R8XMOQ 7959 B000R8XMOQ
B000R8YC22 7960 B000R8YC22
B000R9SK2Y 7961 B000R9SK2Y
B000R9YLKY 7962 B000R9YLKY
B000RBA6BU 7963 B000RBA6BU
B000RC2ES2 7964 B000RC2ES2
B000RE94M4 7965 B000RE94M4
B000REQQGQ 7966 B000REQQGQ
B000RETOGA 7967 B000RETOGA
B000RETOH4 7968 B000RETOH4
B000RETOHY 7969 B000RETOHY
B000RF1QE2 7970 B000RF1QE2
B000RF7XYY 7971 B000RF7XYY
B000RF7Y0C 7972 B000RF7Y0C
B000RGN2IY 7973 B000RGN2IY
B000RIWAUS 7974 B000RIWAUS
B000RK733U 7975 B000RK733U
B000RKBU5W 7976 B000RKBU5W
B000RL21OA 7977 B000RL21OA
B000RL6G8M 7978 B000RL6G8M
B000RLULCE 7979 B000RLULCE
B000RMLMFI 7980 B000RMLMFI
B000RN87CS 7981 B000RN87CS
B000RO6JZ4 7982 B000RO6JZ4
B000RO6JZE 7983 B000RO6JZE
B000RO6JZO 7984 B000RO6JZO
B000RO6KAS 7985 B000RO6KAS
B000ROAMCK 7986 B000ROAMCK
B000RPBGE2 7987 B000RPBGE2
B000RPCJB6 7988 B000RPCJB6
B000RPCJBG 7989 B000RPCJBG
B000RPCJPC 7990 B000RPCJPC
B000RPD0DC 7991 B000RPD0DC
B000RPD0DM 7992 B000RPD0DM
B000RPD0KK 7993 B000RPD0KK
B000RT99FG 7994 B000RT99FG
B000RTBDV4 7995 B000RTBDV4
B000RW3VDO 7996 B000RW3VDO
B000RXVND8 7997 B000RXVND8
B000RXX5XE 7998 B000RXX5XE
B000RXZIHU 7999 B000RXZIHU
B000RXZIJS 8000 B000RXZIJS
B000RXZIKW 8001 B000RXZIKW
B000RXZL0E 8002 B000RXZL0E
B000RXZL18 8003 B000RXZL18
B000RZIGSQ 8004 B000RZIGSQ
B000RZIGUE 8005 B000RZIGUE
B000RZIGVI 8006 B000RZIGVI
B000S0GYBQ 8007 B000S0GYBQ
B000S0GYJI 8008 B000S0GYJI
B000S0GYMK 8009 B000S0GYMK
B000S0SYJ6 8010 B000S0SYJ6
B000S1KX8A 8011 B000S1KX8A
B000S1MM8E 8012 B000S1MM8E
B000S1MMBQ 8013 B000S1MMBQ
B000S2B21G 8014 B000S2B21G
B000S2XD9U 8015 B000S2XD9U
B000S399GU 8016 B000S399GU
B000S6LP50 8017 B000S6LP50
B000S6LP5K 8018 B000S6LP5K
B000S6LS66 8019 B000S6LS66
B000S6LS6Q 8020 B000S6LS6Q
B000S6LTH4 8021 B000S6LTH4
B000S76LKI 8022 B000S76LKI
B000S86J3Q 8023 B000S86J3Q
B000S88JT8 8024 B000S88JT8
B000S8CLR4 8025 B000S8CLR4
B000SAGGSC 8026 B000SAGGSC
B000SBAVIW 8027 B000SBAVIW
B000SFJ3KU 8028 B000SFJ3KU
B000SFJ4K4 8029 B000SFJ4K4
B000SINSVC 8030 B000SINSVC
B000SINSX0 8031 B000SINSX0
B000SINT4S 8032 B000SINT4S
B000SK5Z2A 8033 B000SK5Z2A
B000SK5ZFM 8034 B000SK5ZFM
B000SK5ZKW 8035 B000SK5ZKW
B000SM6FKY 8036 B000SM6FKY
B000SM6FM2 8037 B000SM6FM2
B000SM7QTI 8038 B000SM7QTI
B000SM7R2O 8039 B000SM7R2O
B000SMNK16 8040 B000SMNK16
B000SMNL92 8041 B000SMNL92
B000SO7PCE 8042 B000SO7PCE
B000SQFC0O 8043 B000SQFC0O
B000SQFC1S 8044 B000SQFC1S
B000SQFC3G 8045 B000SQFC3G
B000SQFC40 8046 B000SQFC40
B000SQJ28C 8047 B000SQJ28C
B000SQL4ZG 8048 B000SQL4ZG
B000SSONUC 8049 B000SSONUC
B000SSQ7J2 8050 B000SSQ7J2
B000SSQ7JW 8051 B000SSQ7JW
B000SULWJA 8052 B000SULWJA
B000SULWKO 8053 B000SULWKO
B000SULWKY 8054 B000SULWKY
B000SUY2OW 8055 B000SUY2OW
B000T22PVG 8056 B000T22PVG
B000T22Q9W 8057 B000T22Q9W
B000T28C68 8058 B000T28C68
B000T28C8Q 8059 B000T28C8Q
B000T28G1E 8060 B000T28G1E
B000T28G2S 8061 B000T28G2S
B000T28PG0 8062 B000T28PG0
B000T28PGA 8063 B000T28PGA
B000T28PU6 8064 B000T28PU6
B000T28PUG 8065 B000T28PUG
B000T2MYZ8 8066 B000T2MYZ8
B000T5MP7C 8067 B000T5MP7C
B000T9D5WM 8068 B000T9D5WM
B000T9OP7G 8069 B000T9OP7G
B000TAN8ZU 8070 B000TAN8ZU
B000TBG98M 8071 B000TBG98M
B000TD2KY2 8072 B000TD2KY2
B000TD4N9W 8073 B000TD4N9W
B000TEUSMC 8074 B000TEUSMC
B000TGGJKU 8075 B000TGGJKU
B000TGJ81W 8076 B000TGJ81W
B000TGJ82G 8077 B000TGJ82G
B000TGJ86M 8078 B000TGJ86M
B000TGJ880 8079 B000TGJ880
B000TGJ8B2 8080 B000TGJ8B2
B000TGKJQA 8081 B000TGKJQA
B000TGKWOY 8082 B000TGKWOY
B000TGKWPS 8083 B000TGKWPS
B000TGUUFA 8084 B000TGUUFA
B000TJ6OWA 8085 B000TJ6OWA
B000TJ6OZ2 8086 B000TJ6OZ2
B000TJ6P88 8087 B000TJ6P88
B000TJ6PBU 8088 B000TJ6PBU
B000TJBN62 8089 B000TJBN62
B000TJBN7Q 8090 B000TJBN7Q
B000TJBNEO 8091 B000TJBNEO
B000TJBNGC 8092 B000TJBNGC
B000TJBNHQ 8093 B000TJBNHQ
B000TLMWMY 8094 B000TLMWMY
B000TLTCNG 8095 B000TLTCNG
B000TLTCO0 8096 B000TLTCO0
B000TLTCOU 8097 B000TLTCOU
B000TLTCT0 8098 B000TLTCT0
B000TLTCTA 8099 B000TLTCTA
B000TM1CKQ 8100 B000TM1CKQ
B000TQLJ2I 8101 B000TQLJ2I
B000TQLJ4Q 8102 B000TQLJ4Q
B000TQZBNQ 8103 B000TQZBNQ
B000TS9G3U 8104 B000TS9G3U
B000TSHPTC 8105 B000TSHPTC
B000TSJ04A 8106 B000TSJ04A
B000TSMODE 8107 B000TSMODE
B000TSMOGG 8108 B000TSMOGG
B000TSRYN4 8109 B000TSRYN4
B000TSTEJG 8110 B000TSTEJG
B000TSTEM8 8111 B000TSTEM8
B000TSTEMI 8112 B000TSTEMI
B000TSTEMS 8113 B000TSTEMS
B000TSTEPA 8114 B000TSTEPA
B000TUDFE4 8115 B000TUDFE4
B000TUDIL4 8116 B000TUDIL4
B000TV1SSS 8117 B000TV1SSS
B000TVS5XY 8118 B000TVS5XY
B000TXP56M 8119 B000TXP56M
B000TXPXCS 8120 B000TXPXCS
B000TXY2DY 8121 B000TXY2DY
B000TYV3C6 8122 B000TYV3C6
B000TZ0JZM 8123 B000TZ0JZM
B000TZ7FTK 8124 B000TZ7FTK
B000TZJBP6 8125 B000TZJBP6
B000TZJC32 8126 B000TZJC32
B000TZX5XK 8127 B000TZX5XK
B000U0C9UE 8128 B000U0C9UE
B000U1ZV1W 8129 B000U1ZV1W
B000U1ZV4E 8130 B000U1ZV4E
B000U1ZV4O 8131 B000U1ZV4O
B000U1ZV4Y 8132 B000U1ZV4Y
B000U1ZV58 8133 B000U1ZV58
B000U1ZV62 8134 B000U1ZV62
B000U1ZV6C 8135 B000U1ZV6C
B000U1ZV6M 8136 B000U1ZV6M
B000U1ZV6W 8137 B000U1ZV6W
B000U1ZV76 8138 B000U1ZV76
B000U1ZV7G 8139 B000U1ZV7G
B000U1ZV7Q 8140 B000U1ZV7Q
B000U1ZV80 8141 B000U1ZV80
B000U3BMYU 8142 B000U3BMYU
B000U6YJMO 8143 B000U6YJMO
B000U788WU 8144 B000U788WU
B000U788X4 8145 B000U788X4
B000UAE7DQ 8146 B000UAE7DQ
B000UAE7IQ 8147 B000UAE7IQ
B000UAE7J0 8148 B000UAE7J0
B000UAE7KO 8149 B000UAE7KO
B000UAE7L8 8150 B000UAE7L8
B000UAE7O0 8151 B000UAE7O0
B000UAE7P4 8152 B000UAE7P4
B000UAE7PE 8153 B000UAE7PE
B000UAE7UE 8154 B000UAE7UE
B000UAE7UY 8155 B000UAE7UY
B000UAE7VS 8156 B000UAE7VS
B000UAEBFK 8157 B000UAEBFK
B000UAFDQ6 8158 B000UAFDQ6
B000UAFDR0 8159 B000UAFDR0
B000UDGOB6 8160 B000UDGOB6
B000UDGOC0 8161 B000UDGOC0
B000UEE6TC 8162 B000UEE6TC
B000UFIYQ2 8163 B000UFIYQ2
B000UGWACK 8164 B000UGWACK
B000UJCAMC 8165 B000UJCAMC
B000ULM980 8166 B000ULM980
B000ULPFGI 8167 B000ULPFGI
B000UNYJN6 8168 B000UNYJN6
B000UNYJRW 8169 B000UNYJRW
B000UNYJT0 8170 B000UNYJT0
B000UNYJTK 8171 B000UNYJTK
B000UNYJV8 8172 B000UNYJV8
B000UNYJWM 8173 B000UNYJWM
B000UNYPGM 8174 B000UNYPGM
B000UO4F8O 8175 B000UO4F8O
B000UO9ULQ 8176 B000UO9ULQ
B000UP8822 8177 B000UP8822
B000UPSKO8 8178 B000UPSKO8
B000UR9TKK 8179 B000UR9TKK
B000URDEAG 8180 B000URDEAG
B000USU9LC 8181 B000USU9LC
B000UVV25Q 8182 B000UVV25Q
B000UVV2CE 8183 B000UVV2CE
B000UX6TG6 8184 B000UX6TG6
B000UX6TJI 8185 B000UX6TJI
B000UX6TKC 8186 B000UX6TKC
B000UX6TKM 8187 B000UX6TKM
B000UX6TLG 8188 B000UX6TLG
B000UX6TPC 8189 B000UX6TPC
B000UY6OU6 8190 B000UY6OU6
B000UZDO3K 8191 B000UZDO3K
B000UZDO62 8192 B000UZDO62
B000UZPMBW 8193 B000UZPMBW
B000V1BN7M 8194 B000V1BN7M
B000V1Y44Q 8195 B000V1Y44Q
B000V3JGIS 8196 B000V3JGIS
B000V3JGJ2 8197 B000V3JGJ2
B000V3L1M2 8198 B000V3L1M2
B000V4UH08 8199 B000V4UH08
B000V5EYXS 8200 B000V5EYXS
B000V6LSLI 8201 B000V6LSLI
B000V6LSM2 8202 B000V6LSM2
B000V6LSNQ 8203 B000V6LSNQ
B000V6LST0 8204 B000V6LST0
B000V7ZMK0 8205 B000V7ZMK0
B000V86OKG 8206 B000V86OKG
B000V9LK4A 8207 B000V9LK4A
B000VAPZM2 8208 B000VAPZM2
B000VAR0T8 8209 B000VAR0T8
B000VDDDVE 8210 B000VDDDVE
B000VDDE04 8211 B000VDDE04
B000VDDE0Y 8212 B000VDDE0Y
B000VDDE18 8213 B000VDDE18
B000VE43BC 8214 B000VE43BC
B000VE4UCE 8215 B000VE4UCE
B000VE4UCO 8216 B000VE4UCO
B000VE4UQA 8217 B000VE4UQA
B000VECAE4 8218 B000VECAE4
B000VECAEE 8219 B000VECAEE
B000VECAEO 8220 B000VECAEO
B000VEQU36 8221 B000VEQU36
B000VHVT66 8222 B000VHVT66
B000VI28Z6 8223 B000VI28Z6
B000VKJ6UE 8224 B000VKJ6UE
B000VKJ6Z4 8225 B000VKJ6Z4
B000VKL6VQ 8226 B000VKL6VQ
B000VKL6Z2 8227 B000VKL6Z2
B000VKL6ZW 8228 B000VKL6ZW
B000VKL7DI 8229 B000VKL7DI
B000VKUKOA 8230 B000VKUKOA
B000VM8YCI 8231 B000VM8YCI
B000VNMMW0 8232 B000VNMMW0
B000VNMS6U 8233 B000VNMS6U
B000VQYDJM 8234 B000VQYDJM
B000VS20M2 8235 B000VS20M2
B000VS6Q7W 8236 B000VS6Q7W
B000VS6R3A 8237 B000VS6R3A
B000VSDN1O 8238 B000VSDN1O
B000VSDNF0 8239 B000VSDNF0
B000VSDNHS 8240 B000VSDNHS
B000VT56XQ 8241 B000VT56XQ
B000VTHYAE 8242 B000VTHYAE
B000VULA94 8243 B000VULA94
B000VWE5OY 8244 B000VWE5OY
B000VWEG3E 8245 B000VWEG3E
B000VWX6SA 8246 B000VWX6SA
B000VWYJ6S 8247 B000VWYJ6S
B000VXK6Z0 8248 B000VXK6Z0
B000VXWK8Q 8249 B000VXWK8Q
B000VZADPG 8250 B000VZADPG
B000VZADPQ 8251 B000VZADPQ
B000VZADR4 8252 B000VZADR4
B000W04RWK 8253 B000W04RWK
B000W04S24 8254 B000W04S24
B000W07EKW 8255 B000W07EKW
B000W07EL6 8256 B000W07EL6
B000W089VA 8257 B000W089VA
B000W089WO 8258 B000W089WO
B000W0H5GA 8259 B000W0H5GA
B000W1V5TM 8260 B000W1V5TM
B000W2C29S 8261 B000W2C29S
B000W668R6 8262 B000W668R6
B000W6ZUUC 8263 B000W6ZUUC
B000W8KY0G 8264 B000W8KY0G
B000W8OM86 8265 B000W8OM86
B000W9DSVW 8266 B000W9DSVW
B000WBMKSW 8267 B000WBMKSW
B000WBZ5YI 8268 B000WBZ5YI
B000WBZ5Z2 8269 B000WBZ5Z2
B000WBZZ2A 8270 B000WBZZ2A
B000WC38B4 8271 B000WC38B4
B000WC38BO 8272 B000WC38BO
B000WC38CS 8273 B000WC38CS
B000WC38WS 8274 B000WC38WS
B000WC39FO 8275 B000WC39FO
B000WC39JA 8276 B000WC39JA
B000WC39KY 8277 B000WC39KY
B000WC39M2 8278 B000WC39M2
B000WC39MM 8279 B000WC39MM
B000WCBVQS 8280 B000WCBVQS
B000WCN7M4 8281 B000WCN7M4
B000WCN8PA 8282 B000WCN8PA
B000WCN8PK 8283 B000WCN8PK
B000WE5I1U 8284 B000WE5I1U
B000WEVGHK 8285 B000WEVGHK
B000WFGQIS 8286 B000WFGQIS
B000WG97YW 8287 B000WG97YW
B000WGTD82 8288 B000WGTD82
B000WGVEAC 8289 B000WGVEAC
B000WGWQG8 8290 B000WGWQG8
B000WGWZX2 8291 B000WGWZX2
B000WGYMTM 8292 B000WGYMTM
B000WGZGNS 8293 B000WGZGNS
B000WGZGOC 8294 B000WGZGOC
B000WH5AWO 8295 B000WH5AWO
B000WL4AI0 8296 B000WL4AI0
B000WLU5ZM 8297 B000WLU5ZM
B000WLYDNM 8298 B000WLYDNM
B000WM2U86 8299 B000WM2U86
B000WM4R2I 8300 B000WM4R2I
B000WM8IJG 8301 B000WM8IJG
B000WMA6FU 8302 B000WMA6FU
B000WMA6H8 8303 B000WMA6H8
B000WMA6PK 8304 B000WMA6PK
B000WMA6R8 8305 B000WMA6R8
B000WMA72C 8306 B000WMA72C
B000WMA73Q 8307 B000WMA73Q
B000WMA74A 8308 B000WMA74A
B000WMFZII 8309 B000WMFZII
B000WMFZK6 8310 B000WMFZK6
B000WMFZMY 8311 B000WMFZMY
B000WMFZNS 8312 B000WMFZNS
B000WMFZO2 8313 B000WMFZO2
B000WMVGX6 8314 B000WMVGX6
B000WNHTCC 8315 B000WNHTCC
B000WOQKD0 8316 B000WOQKD0
B000WOQKM6 8317 B000WOQKM6
B000WOSAUQ 8318 B000WOSAUQ
B000WOSAVA 8319 B000WOSAVA
B000WOSAVK 8320 B000WOSAVK
B000WOSAYC 8321 B000WOSAYC
B000WOYSBQ 8322 B000WOYSBQ
B000WPAG1Q 8323 B000WPAG1Q
B000WPJSYM 8324 B000WPJSYM
B000WPJT1Y 8325 B000WPJT1Y
B000WPJT2I 8326 B000WPJT2I
B000WQW988 8327 B000WQW988
B000WQWPRS 8328 B000WQWPRS
B000WQWPSM 8329 B000WQWPSM
B000WQWPSW 8330 B000WQWPSW
B000WR4L5Q 8331 B000WR4L5Q
B000WSVBG2 8332 B000WSVBG2
B000WTVZ3U 8333 B000WTVZ3U
B000WTVZG2 8334 B000WTVZG2
B000WTVZGC 8335 B000WTVZGC
B000WTZ6M6 8336 B000WTZ6M6
B000WTZ6SK 8337 B000WTZ6SK
B000WUUNSC 8338 B000WUUNSC
B000WVPXAE 8339 B000WVPXAE
B000WW1YNS 8340 B000WW1YNS
B000WXDMLE 8341 B000WXDMLE
B000WZAE7W 8342 B000WZAE7W
B000WZQHAK 8343 B000WZQHAK
B000X07SQ6 8344 B000X07SQ6
B000X07TLA 8345 B000X07TLA
B000X0G92U 8346 B000X0G92U
B000X0GWNG 8347 B000X0GWNG
B000X1CMXO 8348 B000X1CMXO
B000X1CRY8 8349 B000X1CRY8
B000X1KWS6 8350 B000X1KWS6
B000X1Z0BU 8351 B000X1Z0BU
B000X1ZPEM 8352 B000X1ZPEM
B000X25F78 8353 B000X25F78
B000X3SZLU 8354 B000X3SZLU
B000X4WKG0 8355 B000X4WKG0
B000X5HE7Y 8356 B000X5HE7Y
B000X5RBXG 8357 B000X5RBXG
B000X73NEK 8358 B000X73NEK
B000X7SCQO 8359 B000X7SCQO
B000X7SD6S 8360 B000X7SD6S
B000X843UC 8361 B000X843UC
B000XA5JWG 8362 B000XA5JWG
B000XA5K4I 8363 B000XA5K4I
B000XBPDYY 8364 B000XBPDYY
B000XCK0KK 8365 B000XCK0KK
B000XCVZXG 8366 B000XCVZXG
B000XCZF1Y 8367 B000XCZF1Y
B000XCZGW2 8368 B000XCZGW2
B000XCZGX6 8369 B000XCZGX6
B000XCZGXG 8370 B000XCZGXG
B000XCZGY0 8371 B000XCZGY0
B000XECFXS 8372 B000XECFXS
B000XFVIN0 8373 B000XFVIN0
B000XJ5TOA 8374 B000XJ5TOA
B000XJ5TOU 8375 B000XJ5TOU
B000XJ5TPE 8376 B000XJ5TPE
B000XJ5UEY 8377 B000XJ5UEY
B000XJ6EI0 8378 B000XJ6EI0
B000XJD30M 8379 B000XJD30M
B000XJD3GQ 8380 B000XJD3GQ
B000XJD3HU 8381 B000XJD3HU
B000XJD3JS 8382 B000XJD3JS
B000XJD3K2 8383 B000XJD3K2
B000XNZ7NO 8384 B000XNZ7NO
B000XPNZTK 8385 B000XPNZTK
B000XQ4HR8 8386 B000XQ4HR8
B000XSKDH4 8387 B000XSKDH4
B000XSKDJW 8388 B000XSKDJW
B000XT1P20 8389 B000XT1P20
B000XT1P48 8390 B000XT1P48
B000XT1P4S 8391 B000XT1P4S
B000XT1P52 8392 B000XT1P52
B000XT1P5C 8393 B000XT1P5C
B000XTLVIS 8394 B000XTLVIS
B000XUF6AG 8395 B000XUF6AG
B000XUF6BU 8396 B000XUF6BU
B000XUOIQE 8397 B000XUOIQE
B000XUOIQO 8398 B000XUOIQO
B000XUOIQY 8399 B000XUOIQY
B000XUUQRE 8400 B000XUUQRE
B000XXWE1M 8401 B000XXWE1M
B000XXWKFW 8402 B000XXWKFW
B000Y0791Y 8403 B000Y0791Y
B000Y11B7Q 8404 B000Y11B7Q
B000Y11B8K 8405 B000Y11B8K
B000Y11BBC 8406 B000Y11BBC
B000Y11BC6 8407 B000Y11BC6
B000Y11BCG 8408 B000Y11BCG
B000Y11BCQ 8409 B000Y11BCQ
B000Y14U1K 8410 B000Y14U1K
B000Y1NNH2 8411 B000Y1NNH2
B000Y5CHIE 8412 B000Y5CHIE
B000Y5JFNY 8413 B000Y5JFNY
B000Y7U97I 8414 B000Y7U97I
B000Y7U982 8415 B000Y7U982
B000Y7U9AK 8416 B000Y7U9AK
B000Y7U9AU 8417 B000Y7U9AU
B000Y7WGP6 8418 B000Y7WGP6
B000Y7ZBZS 8419 B000Y7ZBZS
B000Y9M09G 8420 B000Y9M09G
B000Y9PC7S 8421 B000Y9PC7S
B000YA82GA 8422 B000YA82GA
B000YAA2SQ 8423 B000YAA2SQ
B000YAA68C 8424 B000YAA68C
B000YAA68W 8425 B000YAA68W
B000YABIQ6 8426 B000YABIQ6
B000YABV7W 8427 B000YABV7W
B000YABYLA 8428 B000YABYLA
B000YAF4MA 8429 B000YAF4MA
B000YAF4Q6 8430 B000YAF4Q6
B000YAGYY2 8431 B000YAGYY2
B000YAHD1U 8432 B000YAHD1U
B000YCLRBA 8433 B000YCLRBA
B000YCPUWW 8434 B000YCPUWW
B000YDBP34 8435 B000YDBP34
B000YDBP3E 8436 B000YDBP3E
B000YDBP3O 8437 B000YDBP3O
B000YDBP52 8438 B000YDBP52
B000YDBP8O 8439 B000YDBP8O
B000YDJG0I 8440 B000YDJG0I
B000YDKA1W 8441 B000YDKA1W
B000YDMIN0 8442 B000YDMIN0
B000YDMPA6 8443 B000YDMPA6
B000YDMPAQ 8444 B000YDMPAQ
B000YDMPB0 8445 B000YDMPB0
B000YDMPBA 8446 B000YDMPBA
B000YDMPBU 8447 B000YDMPBU
B000YDMPCO 8448 B000YDMPCO
B000YDOOEQ 8449 B000YDOOEQ
B000YDZPMG 8450 B000YDZPMG
B000YE1REA 8451 B000YE1REA
B000YENUOK 8452 B000YENUOK
B000YGGNGK 8453 B000YGGNGK
B000YGGNIS 8454 B000YGGNIS
B000YH8V00 8455 B000YH8V00
B000YHQNCI 8456 B000YHQNCI
B000YI99IW 8457 B000YI99IW
B000YIGNC2 8458 B000YIGNC2
B000YIGNCW 8459 B000YIGNCW
B000YIGNHW 8460 B000YIGNHW
B000YIGNKY 8461 B000YIGNKY
B000YJOGDE 8462 B000YJOGDE
B000YKI4B8 8463 B000YKI4B8
B000YKI4BI 8464 B000YKI4BI
B000YKT4BC 8465 B000YKT4BC
B000YM6DNW 8466 B000YM6DNW
B000YMDJ02 8467 B000YMDJ02
B000YNFXZK 8468 B000YNFXZK
B000YOX3HE 8469 B000YOX3HE
B000YPUFAQ 8470 B000YPUFAQ
B000YPUFB0 8471 B000YPUFB0
B000YQK14K 8472 B000YQK14K
B000YRY7VC 8473 B000YRY7VC
B000YV1L4E 8474 B000YV1L4E
B000YV1Q2G 8475 B000YV1Q2G
B000YVB2NO 8476 B000YVB2NO
B000YVBCT8 8477 B000YVBCT8
B000YVBELY 8478 B000YVBELY
B000YW8RN6 8479 B000YW8RN6
B000YW8S26 8480 B000YW8S26
B000YXMM9U 8481 B000YXMM9U
B000YY6VIC 8482 B000YY6VIC
B000Z0UEV0 8483 B000Z0UEV0
B000Z27H8Q 8484 B000Z27H8Q
B000Z27HMW 8485 B000Z27HMW
B000Z63ZKG 8486 B000Z63ZKG
B000Z6GT18 8487 B000Z6GT18
B000Z6GT4K 8488 B000Z6GT4K
B000Z8H02I 8489 B000Z8H02I
B000Z8H1YA 8490 B000Z8H1YA
B000Z8H1ZE 8491 B000Z8H1ZE
B000ZBEOEC 8492 B000ZBEOEC
B000ZBEOFG 8493 B000ZBEOFG
B000ZBEOHE 8494 B000ZBEOHE
B000ZBEOHY 8495 B000ZBEOHY
B000ZBEOI8 8496 B000ZBEOI8
B000ZDQI9O 8497 B000ZDQI9O
B000ZECQ08 8498 B000ZECQ08
B000ZIZX4K 8499 B000ZIZX4K
B000ZIZX9A 8500 B000ZIZX9A
B000ZIZXAO 8501 B000ZIZXAO
B000ZJ2ZR2 8502 B000ZJ2ZR2
B000ZKQWHK 8503 B000ZKQWHK
B000ZM1MIM 8504 B000ZM1MIM
B000ZM1MJG 8505 B000ZM1MJG
B000ZMCFIS 8506 B000ZMCFIS
B000ZOT8NG 8507 B000ZOT8NG
B000ZOXDFU 8508 B000ZOXDFU
B000ZOXDG4 8509 B000ZOXDG4
B000ZOXDK0 8510 B000ZOXDK0
B000ZOXDKA 8511 B000ZOXDKA
B000ZS8GWQ 8512 B000ZS8GWQ
B000ZZT7BS 8513 B000ZZT7BS
B000ZZUVRM 8514 B000ZZUVRM
B00102FELM 8515 B00102FELM
B0010358CG 8516 B0010358CG
B00104AYGA 8517 B00104AYGA
B00104AYGK 8518 B00104AYGK
B00104AYGU 8519 B00104AYGU
B00104AYL0 8520 B00104AYL0
B00104AYOC 8521 B00104AYOC
B00104AYSI 8522 B00104AYSI
B00104J4IO 8523 B00104J4IO
B00104QSOC 8524 B00104QSOC
B00104QSOM 8525 B00104QSOM
B00105304M 8526 B00105304M
B00105305G 8527 B00105305G
B00105305Q 8528 B00105305Q
B001053074 8529 B001053074
B00105307O 8530 B00105307O
B00105308I 8531 B00105308I
B0010AN7LS 8532 B0010AN7LS
B0010AN7PY 8533 B0010AN7PY
B0010BTMBG 8534 B0010BTMBG
B0010DM3R4 8535 B0010DM3R4
B0010EGAH2 8536 B0010EGAH2
B0010EI3JU 8537 B0010EI3JU
B0010IF6NW 8538 B0010IF6NW
B0010IOALQ 8539 B0010IOALQ
B0010J34ZI 8540 B0010J34ZI
B0010KHOSA 8541 B0010KHOSA
B0010KHOSU 8542 B0010KHOSU
B0010L073I 8543 B0010L073I
B0010S6ERE 8544 B0010S6ERE
B0010SB064 8545 B0010SB064
B0010T3ULQ 8546 B0010T3ULQ
B0010T6TT6 8547 B0010T6TT6
B0010TDRP0 8548 B0010TDRP0
B0010TL6RQ 8549 B0010TL6RQ
B0010V4VJY 8550 B0010V4VJY
B0010V4VK8 8551 B0010V4VK8
B0010V60XY 8552 B0010V60XY
B0010VDYLK 8553 B0010VDYLK
B0010WW63Q 8554 B0010WW63Q
B0010X5X4Y 8555 B0010X5X4Y
B0010X741O 8556 B0010X741O
B0010X744G 8557 B0010X744G
B0010X745U 8558 B0010X745U
B0010X7464 8559 B0010X7464
B0010X746O 8560 B0010X746O
B0010X8NFK 8561 B0010X8NFK
B0010X8NKU 8562 B0010X8NKU
B0010X8NMS 8563 B0010X8NMS
B0010XB1WM 8564 B0010XB1WM
B0010YO0IS 8565 B0010YO0IS
B0010YPT7Y 8566 B0010YPT7Y
B0010YSD5O 8567 B0010YSD5O
B0010YSD7M 8568 B0010YSD7M
B0010YSDA4 8569 B0010YSDA4
B0010YSDB8 8570 B0010YSDB8
B0010YVCAM 8571 B0010YVCAM
B0010YVCAW 8572 B0010YVCAW
B0010YVCB6 8573 B0010YVCB6
B00110EJA0 8574 B00110EJA0
B00110WFVU 8575 B00110WFVU
B00111HWTE 8576 B00111HWTE
B00111YM56 8577 B00111YM56
B00111YM5G 8578 B00111YM5G
B001139ZP6 8579 B001139ZP6
B00113ALKO 8580 B00113ALKO
B00113ALL8 8581 B00113ALL8
B00113ALM2 8582 B00113ALM2
B00113O7MM 8583 B00113O7MM
B00114UUC2 8584 B00114UUC2
B00114UUL8 8585 B00114UUL8
B00114XLRS 8586 B00114XLRS
B00114XLS2 8587 B00114XLS2
B00114XLUA 8588 B00114XLUA
B00114XLUU 8589 B00114XLUU
B00115HMMM 8590 B00115HMMM
B001165BG0 8591 B001165BG0
B00116GEES 8592 B00116GEES
B00116GEFC 8593 B00116GEFC
B00116GEFM 8594 B00116GEFM
B00116GEHU 8595 B00116GEHU
B00116GEJS 8596 B00116GEJS
B00116GEK2 8597 B00116GEK2
B00116RCWG 8598 B00116RCWG
B00116VG3M 8599 B00116VG3M
B00116W26M 8600 B00116W26M
B00118S6CY 8601 B00118S6CY
B00118VEH8 8602 B00118VEH8
B001190SGK 8603 B001190SGK
B00119UD5Q 8604 B00119UD5Q
B0011B9W38 8605 B0011B9W38
B0011D6FH2 8606 B0011D6FH2
B0011FDVD6 8607 B0011FDVD6
B0011FLGU6 8608 B0011FLGU6
B0011FLGYM 8609 B0011FLGYM
B0011FLGZQ 8610 B0011FLGZQ
B0011FLH00 8611 B0011FLH00
B0011FLM00 8612 B0011FLM00
B0011G6FDI 8613 B0011G6FDI
B0011HOEY4 8614 B0011HOEY4
B0011IR2SS 8615 B0011IR2SS
B0011IR3H8 8616 B0011IR3H8
B0011KQSWM 8617 B0011KQSWM
B0011N19HI 8618 B0011N19HI
B0011NVC9S 8619 B0011NVC9S
B0011NVCAC 8620 B0011NVCAC
B0011NVCAM 8621 B0011NVCAM
B0011QC9OM 8622 B0011QC9OM
B0011U3OA6 8623 B0011U3OA6
B0011U52BK 8624 B0011U52BK
B0011UKORC 8625 B0011UKORC
B0011UKORM 8626 B0011UKORM
B0011UMC4K 8627 B0011UMC4K
B0011UMC72 8628 B0011UMC72
B0011UO8ZQ 8629 B0011UO8ZQ
B0011UO91E 8630 B0011UO91E
B0011UY65I 8631 B0011UY65I
B0011V7PSC 8632 B0011V7PSC
B0011V7PSW 8633 B0011V7PSW
B0011VB85S 8634 B0011VB85S
B0011VIO64 8635 B0011VIO64
B0011VR6QI 8636 B0011VR6QI
B0011WN03K 8637 B0011WN03K
B0011Z5NLY 8638 B0011Z5NLY
B0011Z5NN2 8639 B0011Z5NN2
B0011ZJ5BS 8640 B0011ZJ5BS
B0011ZJ5C2 8641 B0011ZJ5C2
B00120LPOW 8642 B00120LPOW
B00120LPP6 8643 B00120LPP6
B00120LPPG 8644 B00120LPPG
B00120LPQ0 8645 B00120LPQ0
B00120LPQK 8646 B00120LPQK
B00120TJFE 8647 B00120TJFE
B001221DU6 8648 B001221DU6
B001223I2W 8649 B001223I2W
B00123BY6S 8650 B00123BY6S
B00123GQLG 8651 B00123GQLG
B00123PTNW 8652 B00123PTNW
B00124ONF6 8653 B00124ONF6
B00124ONG0 8654 B00124ONG0
B00124ONSI 8655 B00124ONSI
B00125JPMQ 8656 B00125JPMQ
B00125JPN0 8657 B00125JPN0
B00125WATQ 8658 B00125WATQ
B00125WAY6 8659 B00125WAY6
B00126808K 8660 B00126808K
B0012680AS 8661 B0012680AS
B0012680BM 8662 B0012680BM
B0012680D0 8663 B0012680D0
B00126STC2 8664 B00126STC2
B00126XCR4 8665 B00126XCR4
B00127IU4S 8666 B00127IU4S
B00127IU9I 8667 B00127IU9I
B00127R2WY 8668 B00127R2WY
B00127R2XI 8669 B00127R2XI
B00127R2YC 8670 B00127R2YC
B00127RAFS 8671 B00127RAFS
B00127RAGM 8672 B00127RAGM
B00127RAH6 8673 B00127RAH6
B00127RAHG 8674 B00127RAHG
B00127RAIK 8675 B00127RAIK
B00127RAJ4 8676 B00127RAJ4
B00127RAJE 8677 B00127RAJE
B00127RAJY 8678 B00127RAJY
B00128VA6C 8679 B00128VA6C
B001298BPY 8680 B001298BPY
B0012CJQXW 8681 B0012CJQXW
B0012D6A0S 8682 B0012D6A0S
B0012DUT3M 8683 B0012DUT3M
B0012DZELO 8684 B0012DZELO
B0012E2F60 8685 B0012E2F60
B0012EBV8S 8686 B0012EBV8S
B0012EF7N8 8687 B0012EF7N8
B0012EI8BQ 8688 B0012EI8BQ
B0012EM5CO 8689 B0012EM5CO
B0012EM5CY 8690 B0012EM5CY
B0012EM5DI 8691 B0012EM5DI
B0012EM5DS 8692 B0012EM5DS
B0012EM5E2 8693 B0012EM5E2
B0012EM5EC 8694 B0012EM5EC
B0012EM5EW 8695 B0012EM5EW
B0012EM5HO 8696 B0012EM5HO
B0012FA8CC 8697 B0012FA8CC
B0012GVKV4 8698 B0012GVKV4
B0012GVKVE 8699 B0012GVKVE
B0012IT79O 8700 B0012IT79O
B0012IV3PA 8701 B0012IV3PA
B0012IV3PU 8702 B0012IV3PU
B0012IWNSG 8703 B0012IWNSG
B0012IWNSQ 8704 B0012IWNSQ
B0012IWO0I 8705 B0012IWO0I
B0012IX34Y 8706 B0012IX34Y
B0012IX35S 8707 B0012IX35S
B0012IX362 8708 B0012IX362
B0012IX3CQ 8709 B0012IX3CQ
B0012IYO38 8710 B0012IYO38
B0012KJ0CG 8711 B0012KJ0CG
B0012KJ0DK 8712 B0012KJ0DK
B0012KSUT0 8713 B0012KSUT0
B0012KSUTK 8714 B0012KSUTK
B0012L0TFM 8715 B0012L0TFM
B0012LH82Y 8716 B0012LH82Y
B0012LSQ02 8717 B0012LSQ02
B0012M1KWC 8718 B0012M1KWC
B0012M1KXG 8719 B0012M1KXG
B0012NO92O 8720 B0012NO92O
B0012OTRTI 8721 B0012OTRTI
B0012OTVQC 8722 B0012OTVQC
B0012OX7DA 8723 B0012OX7DA
B0012Q3SZ0 8724 B0012Q3SZ0
B0012Q3T6S 8725 B0012Q3T6S
B0012Q732O 8726 B0012Q732O
B0012Q7M02 8727 B0012Q7M02
B0012QCZ54 8728 B0012QCZ54
B0012QCZ5O 8729 B0012QCZ5O
B0012QE4PI 8730 B0012QE4PI
B0012QE4Q2 8731 B0012QE4Q2
B0012QHUB8 8732 B0012QHUB8
B0012RLXAG 8733 B0012RLXAG
B0012RLXBU 8734 B0012RLXBU
B0012RWQJ8 8735 B0012RWQJ8
B0012SY0E6 8736 B0012SY0E6
B0012UQIW6 8737 B0012UQIW6
B0012V4WSW 8738 B0012V4WSW
B0012XIGVE 8739 B0012XIGVE
B0012XIGXC 8740 B0012XIGXC
B0012XSNE4 8741 B0012XSNE4
B0012YN35M 8742 B0012YN35M
B0012YN5AA 8743 B0012YN5AA
B0012Z365S 8744 B0012Z365S
B0012Z36D0 8745 B0012Z36D0
B0012Z36E4 8746 B0012Z36E4
B0012Z36EO 8747 B0012Z36EO
B0012Z36F8 8748 B0012Z36F8
B0012Z36FI 8749 B0012Z36FI
B0012Z5UM0 8750 B0012Z5UM0
B0012Z5UMA 8751 B0012Z5UMA
B00132D7VI 8752 B00132D7VI
B00132D7VS 8753 B00132D7VS
B00132D7Y0 8754 B00132D7Y0
B00132XZFQ 8755 B00132XZFQ
B00133KFH6 8756 B00133KFH6
B00133QNUO 8757 B00133QNUO
B0013527I4 8758 B0013527I4
B00135TVNS 8759 B00135TVNS
B001394S1E 8760 B001394S1E
B0013BDQ42 8761 B0013BDQ42
B0013D8L7W 8762 B0013D8L7W
B0013D8L8Q 8763 B0013D8L8Q
B0013D8L9A 8764 B0013D8L9A
B0013D8LCW 8765 B0013D8LCW
B0013D8LGI 8766 B0013D8LGI
B0013D8LHC 8767 B0013D8LHC
B0013D8LHW 8768 B0013D8LHW
B0013D8LIQ 8769 B0013D8LIQ
B0013D8LLS 8770 B0013D8LLS
B0013D8LMW 8771 B0013D8LMW
B0013D8LNG 8772 B0013D8LNG
B0013D8LP4 8773 B0013D8LP4
B0013D8LPY 8774 B0013D8LPY
B0013D8LWC 8775 B0013D8LWC
B0013D8M3A 8776 B0013D8M3A
B0013D8M3U 8777 B0013D8M3U
B0013D8M44 8778 B0013D8M44
B0013D8M4E 8779 B0013D8M4E
B0013DZNAA 8780 B0013DZNAA
B0013F2ESM 8781 B0013F2ESM
B0013F60G4 8782 B0013F60G4
B0013F60LE 8783 B0013F60LE
B0013FCYD2 8784 B0013FCYD2
B0013FSL0C 8785 B0013FSL0C
B0013FSL16 8786 B0013FSL16
B0013FSL1Q 8787 B0013FSL1Q
B0013FW05Y 8788 B0013FW05Y
B0013FZUQA 8789 B0013FZUQA
B0013FZUQK 8790 B0013FZUQK
B0013GS3WW 8791 B0013GS3WW
B0013HL6ES 8792 B0013HL6ES
B0013J1WKY 8793 B0013J1WKY
B0013J30UE 8794 B0013J30UE
B0013J30YU 8795 B0013J30YU
B0013J55B6 8796 B0013J55B6
B0013J9KIU 8797 B0013J9KIU
B0013JKXA4 8798 B0013JKXA4
B0013JRDZM 8799 B0013JRDZM
B0013K196A 8800 B0013K196A
B0013K1AK0 8801 B0013K1AK0
B0013K2ZFY 8802 B0013K2ZFY
B0013K2ZGI 8803 B0013K2ZGI
B0013K8J90 8804 B0013K8J90
B0013KGWBM 8805 B0013KGWBM
B0013LL2XE 8806 B0013LL2XE
B0013LL2Y8 8807 B0013LL2Y8
B0013LPRTE 8808 B0013LPRTE
B0013LPS34 8809 B0013LPS34
B0013LRKQC 8810 B0013LRKQC
B0013LRKRG 8811 B0013LRKRG
B0013LRKSA 8812 B0013LRKSA
B0013LRKVC 8813 B0013LRKVC
B0013LRKVM 8814 B0013LRKVM
B0013LRKY4 8815 B0013LRKY4
B0013MYNYI 8816 B0013MYNYI
B0013N7FZ6 8817 B0013N7FZ6
B0013NAML0 8818 B0013NAML0
B0013NAMLK 8819 B0013NAMLK
B0013NAMLU 8820 B0013NAMLU
B0013ND3MK 8821 B0013ND3MK
B0013PVGGI 8822 B0013PVGGI
B0013RILOG 8823 B0013RILOG
B0013TMUW8 8824 B0013TMUW8
B0013XS87K 8825 B0013XS87K
B0013XS87U 8826 B0013XS87U
B0013XZ6NO 8827 B0013XZ6NO
B0013XZ6RU 8828 B0013XZ6RU
B0013XZ6SY 8829 B0013XZ6SY
B0013XZ6TI 8830 B0013XZ6TI
B0013XZ6U2 8831 B0013XZ6U2
B0013XZ70G 8832 B0013XZ70G
B0013XZ76A 8833 B0013XZ76A
B0013XZ76K 8834 B0013XZ76K
B00140PK6O 8835 B00140PK6O
B00141188M 8836 B00141188M
B0014158W4 8837 B0014158W4
B00141VKFI 8838 B00141VKFI
B00143XE5K 8839 B00143XE5K
B00143XE5U 8840 B00143XE5U
B00143XE64 8841 B00143XE64
B00144H00Y 8842 B00144H00Y
B00144K5LK 8843 B00144K5LK
B00144K5M4 8844 B00144K5M4
B00144NHV0 8845 B00144NHV0
B00144P9RA 8846 B00144P9RA
B00144P9ZM 8847 B00144P9ZM
B00144PA06 8848 B00144PA06
B001450KCS 8849 B001450KCS
B001451HWA 8850 B001451HWA
B001451HXO 8851 B001451HXO
B00145CRB0 8852 B00145CRB0
B0014637IQ 8853 B0014637IQ
B00147AJQ8 8854 B00147AJQ8
B00149JKDO 8855 B00149JKDO
B00149LMDU 8856 B00149LMDU
B0014B7PQQ 8857 B0014B7PQQ
B0014BDP88 8858 B0014BDP88
B0014BJ1DG 8859 B0014BJ1DG
B0014BJ1E0 8860 B0014BJ1E0
B0014BQR1A 8861 B0014BQR1A
B0014BQR3I 8862 B0014BQR3I
B0014BQR7E 8863 B0014BQR7E
B0014BQR7Y 8864 B0014BQR7Y
B0014C2FX8 8865 B0014C2FX8
B0014CSNDY 8866 B0014CSNDY
B0014D5QRE 8867 B0014D5QRE
B0014D7BOK 8868 B0014D7BOK
B0014DZ2WS 8869 B0014DZ2WS
B0014DZ2XC 8870 B0014DZ2XC
B0014E29TQ 8871 B0014E29TQ
B0014E6424 8872 B0014E6424
B0014E6438 8873 B0014E6438
B0014FAIVG 8874 B0014FAIVG
B0014FAIX4 8875 B0014FAIX4
B0014FAIXE 8876 B0014FAIXE
B0014FAIXO 8877 B0014FAIXO
B0014FAIYS 8878 B0014FAIYS
B0014FAIZC 8879 B0014FAIZC
B0014HKQK2 8880 B0014HKQK2
B0014I7AQO 8881 B0014I7AQO
B0014IC320 8882 B0014IC320
B0014OCKKY 8883 B0014OCKKY
B0014QLEIQ 8884 B0014QLEIQ
B0014T7ETQ 8885 B0014T7ETQ
B0014V8IIK 8886 B0014V8IIK
B0014VPFHW 8887 B0014VPFHW
B0014VPFKY 8888 B0014VPFKY
B0014VPFM2 8889 B0014VPFM2
B0014VPFQI 8890 B0014VPFQI
B0014VPFVS 8891 B0014VPFVS
B0014XTW4M 8892 B0014XTW4M
B0014Z3OQW 8893 B0014Z3OQW
B0014Z4OOS 8894 B0014Z4OOS
B0014ZUG2C 8895 B0014ZUG2C
B0015083M6 8896 B0015083M6
B0015083Q2 8897 B0015083Q2
B00150N8EY 8898 B00150N8EY
B00151QYBM 8899 B00151QYBM
B00151QYE4 8900 B00151QYE4
B00151QYEE 8901 B00151QYEE
B00151QYFS 8902 B00151QYFS
B00151QYSK 8903 B00151QYSK
B00151QYT4 8904 B00151QYT4
B00151QYYE 8905 B00151QYYE
B00152R4VK 8906 B00152R4VK
B00152VVQY 8907 B00152VVQY
B00153ZS30 8908 B00153ZS30
B00155H5TI 8909 B00155H5TI
B001570GV0 8910 B001570GV0
B00157OI9Q 8911 B00157OI9Q
B00157OICS 8912 B00157OICS
B00157WT60 8913 B00157WT60
B001589S0E 8914 B001589S0E
B00158K0RE 8915 B00158K0RE
B00158K0RO 8916 B00158K0RO
B00158K0V0 8917 B00158K0V0
B00158K14G 8918 B00158K14G
B0015ABRE2 8919 B0015ABRE2
B0015AOBOA 8920 B0015AOBOA
B0015D20FY 8921 B0015D20FY
B0015FGCGK 8922 B0015FGCGK
B0015FQZIK 8923 B0015FQZIK
B0015HOKKS 8924 B0015HOKKS
B0015I2S74 8925 B0015I2S74
B0015I2S7E 8926 B0015I2S7E
B0015I2S88 8927 B0015I2S88
B0015I2SLA 8928 B0015I2SLA
B0015L7RSG 8929 B0015L7RSG
B0015LPRZQ 8930 B0015LPRZQ
B0015MTUZ8 8931 B0015MTUZ8
B0015NQEMY 8932 B0015NQEMY
B0015OKWKS 8933 B0015OKWKS
B0015OKWL2 8934 B0015OKWL2
B0015Q818G 8935 B0015Q818G
B0015QWZ7O 8936 B0015QWZ7O
B0015QWZ92 8937 B0015QWZ92
B0015RCURS 8938 B0015RCURS
B0015RRN84 8939 B0015RRN84
B0015TJBXW 8940 B0015TJBXW
B0015U0QWG 8941 B0015U0QWG
B0015UWYOO 8942 B0015UWYOO
B0015VQB0G 8943 B0015VQB0G
B0015XASZ8 8944 B0015XASZ8
B0015XHP4A 8945 B0015XHP4A
B0015XHQVC 8946 B0015XHQVC
B0015XWU9A 8947 B0015XWU9A
B0015XWU9K 8948 B0015XWU9K
B0015YVHX4 8949 B0015YVHX4
B001614F0S 8950 B001614F0S
B00164KYTG 8951 B00164KYTG
B00164KYV4 8952 B00164KYV4
B001662FIW 8953 B001662FIW
B001666484 8954 B001666484
B00166UFSY 8955 B00166UFSY
B00166UFT8 8956 B00166UFT8
B001675YNY 8957 B001675YNY
B001675YP2 8958 B001675YP2
B001675YQ6 8959 B001675YQ6
B001675Z2E 8960 B001675Z2E
B001675Z2O 8961 B001675Z2O
B001675ZHY 8962 B001675ZHY
B001675ZJ2 8963 B001675ZJ2
B001675ZJC 8964 B001675ZJC
B001675ZJM 8965 B001675ZJM
B001675ZJW 8966 B001675ZJW
B001680M26 8967 B001680M26
B0016821YI 8968 B0016821YI
B00168IWSW 8969 B00168IWSW
B00168ML34 8970 B00168ML34
B00168O6N2 8971 B00168O6N2
B00168OIIU 8972 B00168OIIU
B00168OILM 8973 B00168OILM
B00168OIP8 8974 B00168OIP8
B001690X6A 8975 B001690X6A
B00169E5J6 8976 B00169E5J6
B00169E5JQ 8977 B00169E5JQ
B0016AK37I 8978 B0016AK37I
B0016AKSQY 8979 B0016AKSQY
B0016GLYQG 8980 B0016GLYQG
B0016GO9CC 8981 B0016GO9CC
B0016I0AGO 8982 B0016I0AGO
B0016I0AGY 8983 B0016I0AGY
B0016I0AH8 8984 B0016I0AH8
B0016J5E5K 8985 B0016J5E5K
B0016K31ZE 8986 B0016K31ZE
B0016K76V4 8987 B0016K76V4
B0016KCCCC 8988 B0016KCCCC
B0016KCCCM 8989 B0016KCCCM
B0016KHA10 8990 B0016KHA10
B0016KHAH4 8991 B0016KHAH4
B0016LFG2Y 8992 B0016LFG2Y
B0016LFG38 8993 B0016LFG38
B0016LFUVG 8994 B0016LFUVG
B0016MJ6GA 8995 B0016MJ6GA
B0016MJ6GU 8996 B0016MJ6GU
B0016MJ6H4 8997 B0016MJ6H4
B0016MJ6I8 8998 B0016MJ6I8
B0016MJ6JW 8999 B0016MJ6JW
B0016MJ6L0 9000 B0016MJ6L0
B0016MJ6LA 9001 B0016MJ6LA
B0016MJ73M 9002 B0016MJ73M
B0016MJ73W 9003 B0016MJ73W
B0016MLIKM 9004 B0016MLIKM
B0016MLILG 9005 B0016MLILG
B0016MOV9W 9006 B0016MOV9W
B0016MOWPU 9007 B0016MOWPU
B0016N52IK 9008 B0016N52IK
B0016OCTUI 9009 B0016OCTUI
B0016OKQO4 9010 B0016OKQO4
B0016OKQOO 9011 B0016OKQOO
B0016OKQQM 9012 B0016OKQQM
B0016OKQZI 9013 B0016OKQZI
B0016OM3TK 9014 B0016OM3TK
B0016OM3WC 9015 B0016OM3WC
B0016PURB0 9016 B0016PURB0
B0016PUSKK 9017 B0016PUSKK
B0016PWWUY 9018 B0016PWWUY
B0016Q2D1Q 9019 B0016Q2D1Q
B0016Q2D5M 9020 B0016Q2D5M
B0016Q2D66 9021 B0016Q2D66
B0016QNSGA 9022 B0016QNSGA
B00170C15O 9023 B00170C15O
B00170JRTW 9024 B00170JRTW
B00170LCWC 9025 B00170LCWC
B001715A92 9026 B001715A92
B00171F66E 9027 B00171F66E
B00171F7MC 9028 B00171F7MC
B00171FPOC 9029 B00171FPOC
B001725ZDC 9030 B001725ZDC
B00175GAEW 9031 B00175GAEW
B00175GAI8 9032 B00175GAI8
B00175VSBW 9033 B00175VSBW
B0017600EW 9034 B0017600EW
B00177Y9W0 9035 B00177Y9W0
B00177Y9ZC 9036 B00177Y9ZC
B00177Y9ZW 9037 B00177Y9ZW
B00177YA0Q 9038 B00177YA0Q
B00177YA6U 9039 B00177YA6U
B00177YFYM 9040 B00177YFYM
B0017ANAX6 9041 B0017ANAX6
B0017ANAZO 9042 B0017ANAZO
B0017APPSE 9043 B0017APPSE
B0017CW5R6 9044 B0017CW5R6
B0017CW5U8 9045 B0017CW5U8
B0017H3UOS 9046 B0017H3UOS
B0017HRJ04 9047 B0017HRJ04
B0017INRG8 9048 B0017INRG8
B0017INRGI 9049 B0017INRGI
B0017IVHHO 9050 B0017IVHHO
B0017KP8XQ 9051 B0017KP8XQ
B0017KXD1U 9052 B0017KXD1U
B0017LGQHM 9053 B0017LGQHM
B0017LRZ04 9054 B0017LRZ04
B0017M9ZGK 9055 B0017M9ZGK
B0017MO10U 9056 B0017MO10U
B0017O1F34 9057 B0017O1F34
B0017PFN0O 9058 B0017PFN0O
B0017S66JI 9059 B0017S66JI
B0017SVH5Q 9060 B0017SVH5Q
B0017TCSMQ 9061 B0017TCSMQ
B0017VG5ZU 9062 B0017VG5ZU
B0017VG67M 9063 B0017VG67M
B0017VG67W 9064 B0017VG67W
B0017VG68Q 9065 B0017VG68Q
B0017VG690 9066 B0017VG690
B0017XOF50 9067 B0017XOF50
B0017XOFCS 9068 B0017XOFCS
B00180IPPS 9069 B00180IPPS
B00180IPQW 9070 B00180IPQW
B00180R040 9071 B00180R040
B00180ZTJS 9072 B00180ZTJS
B001840TU8 9073 B001840TU8
B001870VOY 9074 B001870VOY
B00188M5TM 9075 B00188M5TM
B00188NXN4 9076 B00188NXN4
B00188NXNO 9077 B00188NXNO
B00188XHFI 9078 B00188XHFI
B00189PSQS 9079 B00189PSQS
B00189PSUY 9080 B00189PSUY
B0018AQ2RG 9081 B0018AQ2RG
B0018BD9DK 9082 B0018BD9DK
B0018BDDFE 9083 B0018BDDFE
B0018BDDH2 9084 B0018BDDH2
B0018C23OK 9085 B0018C23OK
B0018CNNV2 9086 B0018CNNV2
B0018CWEU8 9087 B0018CWEU8
B0018CWEUI 9088 B0018CWEUI
B0018CWEVW 9089 B0018CWEVW
B0018CWEXA 9090 B0018CWEXA
B0018CWEY4 9091 B0018CWEY4
B0018CWEYO 9092 B0018CWEYO
B0018CWEZ8 9093 B0018CWEZ8
B0018CWEZI 9094 B0018CWEZI
B0018CWF02 9095 B0018CWF02
B0018CWVWO 9096 B0018CWVWO
B0018F0QS2 9097 B0018F0QS2
B0018IYTF0 9098 B0018IYTF0
B0018KB2TE 9099 B0018KB2TE
B0018O5WTQ 9100 B0018O5WTQ
B0018PH3OC 9101 B0018PH3OC
B0018QAIY8 9102 B0018QAIY8
B0018QPPXW 9103 B0018QPPXW
B0018RCN54 9104 B0018RCN54
B0018RCN5Y 9105 B0018RCN5Y
B0018RKEGY 9106 B0018RKEGY
B0018RKEQ4 9107 B0018RKEQ4
B0018RWMNM 9108 B0018RWMNM
B0018S5MQ0 9109 B0018S5MQ0
B0018TAFQ6 9110 B0018TAFQ6
B0018TNAIQ 9111 B0018TNAIQ
B0018TZJEE 9112 B0018TZJEE
B0018WOR94 9113 B0018WOR94
B0018YCF50 9114 B0018YCF50
B00190XKN4 9115 B00190XKN4
B00191AEYQ 9116 B00191AEYQ
B001957A12 9117 B001957A12
B00195FUDC 9118 B00195FUDC
B00195I3OU 9119 B00195I3OU
B00195I3PE 9120 B00195I3PE
B00197POXG 9121 B00197POXG
B00197YZ7C 9122 B00197YZ7C
B00198J580 9123 B00198J580
B00198PJNA 9124 B00198PJNA
B00198X0UO 9125 B00198X0UO
B00198X0UY 9126 B00198X0UY
B00198X0YA 9127 B00198X0YA
B00198X0YK 9128 B00198X0YK
B00198X0YU 9129 B00198X0YU
B001990LJQ 9130 B001990LJQ
B001992NXI 9131 B001992NXI
B001992NYC 9132 B001992NYC
B001992NYM 9133 B001992NYM
B001992NZG 9134 B001992NZG
B001992O0K 9135 B001992O0K
B001993Y2C 9136 B001993Y2C
B001993Y9U 9137 B001993Y9U
B001993YA4 9138 B001993YA4
B001993YB8 9139 B001993YB8
B001993YCM 9140 B001993YCM
B00199PPP6 9141 B00199PPP6
B0019ADXJ0 9142 B0019ADXJ0
B0019AIF3E 9143 B0019AIF3E
B0019BI0W4 9144 B0019BI0W4
B0019BI114 9145 B0019BI114
B0019CB5T8 9146 B0019CB5T8
B0019CN1RC 9147 B0019CN1RC
B0019D151K 9148 B0019D151K
B0019ESNFU 9149 B0019ESNFU
B0019ESNGO 9150 B0019ESNGO
B0019EXZY4 9151 B0019EXZY4
B0019F02VW 9152 B0019F02VW
B0019F02W6 9153 B0019F02W6
B0019F02XK 9154 B0019F02XK
B0019F030M 9155 B0019F030M
B0019GNX4O 9156 B0019GNX4O
B0019HABE8 9157 B0019HABE8
B0019HQICW 9158 B0019HQICW
B0019HQIFE 9159 B0019HQIFE
B0019L21H4 9160 B0019L21H4
B0019L770A 9161 B0019L770A
B0019LY5IC 9162 B0019LY5IC
B0019LY5IM 9163 B0019LY5IM
B0019M5C0Q 9164 B0019M5C0Q
B0019N76XG 9165 B0019N76XG
B0019N8P2W 9166 B0019N8P2W
B0019OP0GU 9167 B0019OP0GU
B0019QOKRI 9168 B0019QOKRI
B0019QOKSM 9169 B0019QOKSM
B0019SYV0W 9170 B0019SYV0W
B0019UGYB4 9171 B0019UGYB4
B0019UGYDC 9172 B0019UGYDC
B0019VM63I 9173 B0019VM63I
B0019X3YX2 9174 B0019X3YX2
B0019X400S 9175 B0019X400S
B0019ZS0GG 9176 B0019ZS0GG
B0019ZYD0I 9177 B0019ZYD0I
B001A30EPM 9178 B001A30EPM
B001A33ZHG 9179 B001A33ZHG
B001A40ZDC 9180 B001A40ZDC
B001A5ES9I 9181 B001A5ES9I
B001A7GOCA 9182 B001A7GOCA
B001A7X0YA 9183 B001A7X0YA
B001AB69RG 9184 B001AB69RG
B001ACFQNS 9185 B001ACFQNS
B001ADXWYC 9186 B001ADXWYC
B001AGNMIK 9187 B001AGNMIK
B001AGZJ0E 9188 B001AGZJ0E
B001AHPB2Y 9189 B001AHPB2Y
B001AI774S 9190 B001AI774S
B001AI7766 9191 B001AI7766
B001AI776G 9192 B001AI776G
B001AII4RC 9193 B001AII4RC
B001AIQ14A 9194 B001AIQ14A
B001AK3S4E 9195 B001AK3S4E
B001AK3S4O 9196 B001AK3S4O
B001AMHNKW 9197 B001AMHNKW
B001AMU6AG 9198 B001AMU6AG
B001AOC9G8 9199 B001AOC9G8
B001AOHPXA 9200 B001AOHPXA
B001APM41C 9201 B001APM41C
B001APMD1I 9202 B001APMD1I
B001APZMJI 9203 B001APZMJI
B001AQBGM4 9204 B001AQBGM4
B001AQMBDM 9205 B001AQMBDM
B001AQMBF0 9206 B001AQMBF0
B001AQMBGE 9207 B001AQMBGE
B001AQO3SS 9208 B001AQO3SS
B001AQO3TC 9209 B001AQO3TC
B001AQO3V0 9210 B001AQO3V0
B001AQO3WY 9211 B001AQO3WY
B001AQR3J4 9212 B001AQR3J4
B001AQR3LC 9213 B001AQR3LC
B001AQR3NK 9214 B001AQR3NK
B001AQT112 9215 B001AQT112
B001AQT158 9216 B001AQT158
B001AR010Q 9217 B001AR010Q
B001AR011A 9218 B001AR011A
B001AR0CWI 9219 B001AR0CWI
B001AR0D40 9220 B001AR0D40
B001AR0D54 9221 B001AR0D54
B001AR0D5Y 9222 B001AR0D5Y
B001AR0D6I 9223 B001AR0D6I
B001ARDBXK 9224 B001ARDBXK
B001ARDBXU 9225 B001ARDBXU
B001ARYYNG 9226 B001ARYYNG
B001ASIHZG 9227 B001ASIHZG
B001ASJIXG 9228 B001ASJIXG
B001ASQ9N8 9229 B001ASQ9N8
B001ASQ9OC 9230 B001ASQ9OC
B001AV3BWC 9231 B001AV3BWC
B001AV3BXG 9232 B001AV3BXG
B001AVCFGK 9233 B001AVCFGK
B001AVCFJM 9234 B001AVCFJM
B001AXTYPI 9235 B001AXTYPI
B001AXU1FK 9236 B001AXU1FK
B001AY0FQY 9237 B001AY0FQY
B001AYMMNS 9238 B001AYMMNS
B001AYWY5O 9239 B001AYWY5O
B001AYWY68 9240 B001AYWY68
B001AYWY7M 9241 B001AYWY7M
B001AZI236 9242 B001AZI236
B001AZIRYA 9243 B001AZIRYA
B001AZIRZO 9244 B001AZIRZO
B001AZJKKK 9245 B001AZJKKK
B001B0H7DG 9246 B001B0H7DG
B001B151X8 9247 B001B151X8
B001B18716 9248 B001B18716
B001B1876Q 9249 B001B1876Q
B001B187C0 9250 B001B187C0
B001B1RFSW 9251 B001B1RFSW
B001B23ED6 9252 B001B23ED6
B001B2U1AA 9253 B001B2U1AA
B001B3LILA 9254 B001B3LILA
B001B3LILU 9255 B001B3LILU
B001B3LIN8 9256 B001B3LIN8
B001B3LIO2 9257 B001B3LIO2
B001B3LIQA 9258 B001B3LIQA
B001B3LIQK 9259 B001B3LIQK
B001B3LIQU 9260 B001B3LIQU
B001B3XZAW 9261 B001B3XZAW
B001B43IUS 9262 B001B43IUS
B001B43IV2 9263 B001B43IV2
B001B48C36 9264 B001B48C36
B001B73PO4 9265 B001B73PO4
B001B73PQC 9266 B001B73PQC
B001B7CNXS 9267 B001B7CNXS
B001B7CNZQ 9268 B001B7CNZQ
B001B7CO0K 9269 B001B7CO0K
B001B8TKFG 9270 B001B8TKFG
B001B8TKFQ 9271 B001B8TKFQ
B001B9ZVVC 9272 B001B9ZVVC
B001BAJSSI 9273 B001BAJSSI
B001BAWKQU 9274 B001BAWKQU
B001BAWKR4 9275 B001BAWKR4
B001BAWKRE 9276 B001BAWKRE
B001BC4X0O 9277 B001BC4X0O
B001BCO8XQ 9278 B001BCO8XQ
B001BCUB46 9279 B001BCUB46
B001BEK856 9280 B001BEK856
B001BEK86K 9281 B001BEK86K
B001BEK88I 9282 B001BEK88I
B001BEK8FQ 9283 B001BEK8FQ
B001BEK8HE 9284 B001BEK8HE
B001BGS16W 9285 B001BGS16W
B001BGS17G 9286 B001BGS17G
B001BKYAY0 9287 B001BKYAY0
B001BL96JI 9288 B001BL96JI
B001BMGXTI 9289 B001BMGXTI
B001BMN35K 9290 B001BMN35K
B001BN25VW 9291 B001BN25VW
B001BN25YO 9292 B001BN25YO
B001BN4WFO 9293 B001BN4WFO
B001BN4WHW 9294 B001BN4WHW
B001BN4WI6 9295 B001BN4WI6
B001BN4WK4 9296 B001BN4WK4
B001BN4WLS 9297 B001BN4WLS
B001BNFR26 9298 B001BNFR26
B001BNFR76 9299 B001BNFR76
B001BNFR7G 9300 B001BNFR7G
B001BP3Z9G 9301 B001BP3Z9G
B001BPVB5G 9302 B001BPVB5G
B001BQJLFC 9303 B001BQJLFC
B001BSBBCQ 9304 B001BSBBCQ
B001BSBBGM 9305 B001BSBBGM
B001BSBBGW 9306 B001BSBBGW
B001BSBBIA 9307 B001BSBBIA
B001BSBBIK 9308 B001BSBBIK
B001BSBBJ4 9309 B001BSBBJ4
B001BSBBJO 9310 B001BSBBJO
B001BSBBKI 9311 B001BSBBKI
B001BSBBQC 9312 B001BSBBQC
B001BTERXK 9313 B001BTERXK
B001BWQVW2 9314 B001BWQVW2
B001BYLFDA 9315 B001BYLFDA
B001BYLFFS 9316 B001BYLFFS
B001C0NMU2 9317 B001C0NMU2
B001C28ZDE 9318 B001C28ZDE
B001C46P2K 9319 B001C46P2K
B001C47ZOW 9320 B001C47ZOW
B001C4CI8A 9321 B001C4CI8A
B001C4CI8U 9322 B001C4CI8U
B001C4N5K0 9323 B001C4N5K0
B001C4QLBA 9324 B001C4QLBA
B001C4ZQ9I 9325 B001C4ZQ9I
B001C4ZQCU 9326 B001C4ZQCU
B001C4ZQEI 9327 B001C4ZQEI
B001C71IGA 9328 B001C71IGA
B001C8W7EQ 9329 B001C8W7EQ
B001C9S0F0 9330 B001C9S0F0
B001CBSSL4 9331 B001CBSSL4
B001CC7PLM 9332 B001CC7PLM
B001CC7PLW 9333 B001CC7PLW
B001CC7POE 9334 B001CC7POE
B001CC7PVM 9335 B001CC7PVM
B001CD6IQ4 9336 B001CD6IQ4
B001CDFY50 9337 B001CDFY50
B001CDFY5K 9338 B001CDFY5K
B001CDFY64 9339 B001CDFY64
B001CDFY6Y 9340 B001CDFY6Y
B001CDL6RA 9341 B001CDL6RA
B001CDLASA 9342 B001CDLASA
B001CDLAT4 9343 B001CDLAT4
B001CDLATO 9344 B001CDLATO
B001CDLATY 9345 B001CDLATY
B001CEE1VC 9346 B001CEE1VC
B001CFEBVQ 9347 B001CFEBVQ
B001CFEBW0 9348 B001CFEBW0
B001CFEC2Y 9349 B001CFEC2Y
B001CHFM62 9350 B001CHFM62
B001CIOCJE 9351 B001CIOCJE
B001CIOCNK 9352 B001CIOCNK
B001CIOCO4 9353 B001CIOCO4
B001CIOCOY 9354 B001CIOCOY
B001CIOCP8 9355 B001CIOCP8
B001CIOCPI 9356 B001CIOCPI
B001CIOCRQ 9357 B001CIOCRQ
B001CK7ONS 9358 B001CK7ONS
B001CO32HG 9359 B001CO32HG
B001CO423E 9360 B001CO423E
B001CO42CA 9361 B001CO42CA
B001CO42CK 9362 B001CO42CK
B001CO42J8 9363 B001CO42J8
B001CO42LQ 9364 B001CO42LQ
B001COL2X2 9365 B001COL2X2
B001CQ55F6 9366 B001CQ55F6
B001CQONMC 9367 B001CQONMC
B001CQONNQ 9368 B001CQONNQ
B001CQONOA 9369 B001CQONOA
B001CQONOK 9370 B001CQONOK
B001CQONQ8 9371 B001CQONQ8
B001CQS7KG 9372 B001CQS7KG
B001CQS7LU 9373 B001CQS7LU
B001CR4966 9374 B001CR4966
B001CRQ8K6 9375 B001CRQ8K6
B001CSWLQ0 9376 B001CSWLQ0
B001CT05LC 9377 B001CT05LC
B001CT8762 9378 B001CT8762
B001CT876C 9379 B001CT876C
B001CTA1UM 9380 B001CTA1UM
B001CTDH58 9381 B001CTDH58
B001CTDH76 9382 B001CTDH76
B001CU7O3I 9383 B001CU7O3I
B001CXYEVA 9384 B001CXYEVA
B001CY5N1E 9385 B001CY5N1E
B001CZJOZ4 9386 B001CZJOZ4
B001CZJOZY 9387 B001CZJOZY
B001CZJP0S 9388 B001CZJP0S
B001D0T4IU 9389 B001D0T4IU
B001D11A2W 9390 B001D11A2W
B001D11A6I 9391 B001D11A6I
B001D261SY 9392 B001D261SY
B001D262LA 9393 B001D262LA
B001D265RQ 9394 B001D265RQ
B001D27GIS 9395 B001D27GIS
B001D2WU8Y 9396 B001D2WU8Y
B001D2WU9I 9397 B001D2WU9I
B001D2WUAM 9398 B001D2WUAM
B001D2WUCA 9399 B001D2WUCA
B001D2WUDE 9400 B001D2WUDE
B001D395NG 9401 B001D395NG
B001D5C1F8 9402 B001D5C1F8
B001D5C1FI 9403 B001D5C1FI
B001D5C1PS 9404 B001D5C1PS
B001D68NFO 9405 B001D68NFO
B001D7T44C 9406 B001D7T44C
B001D7T460 9407 B001D7T460
B001D7T69K 9408 B001D7T69K
B001D7T6A4 9409 B001D7T6A4
B001D7T6AO 9410 B001D7T6AO
B001D7T6CM 9411 B001D7T6CM
B001D7T6N6 9412 B001D7T6N6
B001D8W7EA 9413 B001D8W7EA
B001D8W7JA 9414 B001D8W7JA
B001DB2HTC 9415 B001DB2HTC
B001DB6J6Y 9416 B001DB6J6Y
B001DB6J7S 9417 B001DB6J7S
B001DB6J82 9418 B001DB6J82
B001DDBD4K 9419 B001DDBD4K
B001DDBD54 9420 B001DDBD54
B001DDBD5O 9421 B001DDBD5O
B001DDBD5Y 9422 B001DDBD5Y
B001DELX08 9423 B001DELX08
B001DF681G 9424 B001DF681G
B001DHE9FQ 9425 B001DHE9FQ
B001DHXT48 9426 B001DHXT48
B001DHXT4I 9427 B001DHXT4I
B001DHXT4S 9428 B001DHXT4S
B001DHXT52 9429 B001DHXT52
B001DHXT5C 9430 B001DHXT5C
B001DHXT5W 9431 B001DHXT5W
B001DHXT66 9432 B001DHXT66
B001DHXT6Q 9433 B001DHXT6Q
B001DHXT7U 9434 B001DHXT7U
B001DJ7PR8 9435 B001DJ7PR8
B001DJ7PTG 9436 B001DJ7PTG
B001DJ7PWI 9437 B001DJ7PWI
B001DJ7PXM 9438 B001DJ7PXM
B001DJ7Q04 9439 B001DJ7Q04
B001DJ7Q0E 9440 B001DJ7Q0E
B001DJLCR2 9441 B001DJLCR2
B001DJLD0S 9442 B001DJLD0S
B001DJLD12 9443 B001DJLD12
B001DJLD1C 9444 B001DJLD1C
B001DJLD1W 9445 B001DJLD1W
B001DJLD26 9446 B001DJLD26
B001DJLD2G 9447 B001DJLD2G
B001DMVZL2 9448 B001DMVZL2
B001DMVZNK 9449 B001DMVZNK
B001DN0UPI 9450 B001DN0UPI
B001DN0UR6 9451 B001DN0UR6
B001DN0US0 9452 B001DN0US0
B001DN0USU 9453 B001DN0USU
B001DOBH40 9454 B001DOBH40
B001DPHDBU 9455 B001DPHDBU
B001DPHDC4 9456 B001DPHDC4
B001DPHDCE 9457 B001DPHDCE
B001DPHDJ2 9458 B001DPHDJ2
B001DQH91I 9459 B001DQH91I
B001DRF83S 9460 B001DRF83S
B001DRF842 9461 B001DRF842
B001DSNEJM 9462 B001DSNEJM
B001DSNEK6 9463 B001DSNEK6
B001DSNEL0 9464 B001DSNEL0
B001DSNELU 9465 B001DSNELU
B001DSNEM4 9466 B001DSNEM4
B001DSNEME 9467 B001DSNEME
B001DTUTU8 9468 B001DTUTU8
B001DW2BG0 9469 B001DW2BG0
B001DWFEIW 9470 B001DWFEIW
B001DWNUD8 9471 B001DWNUD8
B001DWNUI8 9472 B001DWNUI8
B001DWNUII 9473 B001DWNUII
B001DWNUIS 9474 B001DWNUIS
B001DXBUCA 9475 B001DXBUCA
B001DXS4DI 9476 B001DXS4DI
B001DZOC46 9477 B001DZOC46
B001DZOC64 9478 B001DZOC64
B001DZOCKU 9479 B001DZOCKU
B001DZOCVO 9480 B001DZOCVO
B001DZOCZK 9481 B001DZOCZK
B001DZOCZU 9482 B001DZOCZU
B001E08TDA 9483 B001E08TDA
B001E0O8DA 9484 B001E0O8DA
B001E1HCQY 9485 B001E1HCQY
B001E2PQGG 9486 B001E2PQGG
B001E530JI 9487 B001E530JI
B001E549KC 9488 B001E549KC
B001E6DLK0 9489 B001E6DLK0
B001E6FMMU 9490 B001E6FMMU
B001E6HUWK 9491 B001E6HUWK
B001E6HUXO 9492 B001E6HUXO
B001E6JC1W 9493 B001E6JC1W
B001E6JC26 9494 B001E6JC26
B001E6JC30 9495 B001E6JC30
B001E75QHU 9496 B001E75QHU
B001E93EEK 9497 B001E93EEK
B001E95ZI8 9498 B001E95ZI8
B001E95ZNS 9499 B001E95ZNS
B001EAWMGA 9500 B001EAWMGA
B001EBI3GW 9501 B001EBI3GW
B001EBO90G 9502 B001EBO90G
B001EC7VBE 9503 B001EC7VBE
B001ECDVGS 9504 B001ECDVGS
B001ECP576 9505 B001ECP576
B001ECPV8Y 9506 B001ECPV8Y
B001ED3JEQ 9507 B001ED3JEQ
B001ED8QRQ 9508 B001ED8QRQ
B001EHDMW6 9509 B001EHDMW6
B001EHDSOS 9510 B001EHDSOS
B001EHDSR0 9511 B001EHDSR0
B001EI5CIM 9512 B001EI5CIM
B001EKP5DC 9513 B001EKP5DC
B001EKP5FK 9514 B001EKP5FK
B001EL6EBS 9515 B001EL6EBS
B001EL6ECM 9516 B001EL6ECM
B001EM1E94 9517 B001EM1E94
B001EN5I3Q 9518 B001EN5I3Q
B001EOQCL2 9519 B001EOQCL2
B001EOQV9K 9520 B001EOQV9K
B001ER4CNO 9521 B001ER4CNO
B001EUSYHQ 9522 B001EUSYHQ
B001EUSYIA 9523 B001EUSYIA
B001EWDXT8 9524 B001EWDXT8
B001EWVANE 9525 B001EWVANE
B001EXE2Y2 9526 B001EXE2Y2
B001F0TM3K 9527 B001F0TM3K
B001F0TM62 9528 B001F0TM62
B001F0TT60 9529 B001F0TT60
B001F114J4 9530 B001F114J4
B001F12ISU 9531 B001F12ISU
B001F12IT4 9532 B001F12IT4
B001F12J02 9533 B001F12J02
B001F2HZHI 9534 B001F2HZHI
B001F2U6X8 9535 B001F2U6X8
B001F2U6XS 9536 B001F2U6XS
B001F2U6YC 9537 B001F2U6YC
B001F2U6ZG 9538 B001F2U6ZG
B001F2U700 9539 B001F2U700
B001F2U71Y 9540 B001F2U71Y
B001F2U728 9541 B001F2U728
B001F34HRS 9542 B001F34HRS
B001F5SBWI 9543 B001F5SBWI
B001F76PD8 9544 B001F76PD8
B001F7AQDS 9545 B001F7AQDS
B001F7Q4IE 9546 B001F7Q4IE
B001F7Q4J8 9547 B001F7Q4J8
B001F7Q4JS 9548 B001F7Q4JS
B001F7XHYI 9549 B001F7XHYI
B001F9FHAS 9550 B001F9FHAS
B001FACH8M 9551 B001FACH8M
B001FB4VXU 9552 B001FB4VXU
B001FB4VYO 9553 B001FB4VYO
B001FB4VZI 9554 B001FB4VZI
B001FB4VZS 9555 B001FB4VZS
B001FB4W0M 9556 B001FB4W0M
B001FB4W0W 9557 B001FB4W0W
B001FB55H6 9558 B001FB55H6
B001FB55I0 9559 B001FB55I0
B001FB55JO 9560 B001FB55JO
B001FB55KI 9561 B001FB55KI
B001FB55LC 9562 B001FB55LC
B001FB55LW 9563 B001FB55LW
B001FB55M6 9564 B001FB55M6
B001FB55N0 9565 B001FB55N0
B001FB55NK 9566 B001FB55NK
B001FB55OE 9567 B001FB55OE
B001FB55XA 9568 B001FB55XA
B001FB55YE 9569 B001FB55YE
B001FB5634 9570 B001FB5634
B001FBJUXG 9571 B001FBJUXG
B001FBPSW8 9572 B001FBPSW8
B001FBV4T4 9573 B001FBV4T4
B001FBV55W 9574 B001FBV55W
B001FCD252 9575 B001FCD252
B001FDEJF8 9576 B001FDEJF8
B001FFBI9G 9577 B001FFBI9G
B001FJ5D52 9578 B001FJ5D52
B001FOPOD8 9579 B001FOPOD8
B001FOPQN6 9580 B001FOPQN6
B001FQRIRG 9581 B001FQRIRG
B001FRNB62 9582 B001FRNB62
B001FSKE84 9583 B001FSKE84
B001FSKE8E 9584 B001FSKE8E
B001FT4LTQ 9585 B001FT4LTQ
B001FT4PEW 9586 B001FT4PEW
B001FT4PK6 9587 B001FT4PK6
B001FZQOOU 9588 B001FZQOOU
B001G0MFCE 9589 B001G0MFCE
B001G0MFD8 9590 B001G0MFD8
B001G0MFE2 9591 B001G0MFE2
B001G0MFFG 9592 B001G0MFFG
B001G0MFIS 9593 B001G0MFIS
B001G0MFKQ 9594 B001G0MFKQ
B001G0MFL0 9595 B001G0MFL0
B001G0MFLA 9596 B001G0MFLA
B001G0MFLU 9597 B001G0MFLU
B001G0MFM4 9598 B001G0MFM4
B001G0MFME 9599 B001G0MFME
B001G0MFP6 9600 B001G0MFP6
B001G0MFPG 9601 B001G0MFPG
B001G0MFQ0 9602 B001G0MFQ0
B001G0MFQA 9603 B001G0MFQA
B001G0MFQK 9604 B001G0MFQK
B001G0MFQU 9605 B001G0MFQU
B001G0N22G 9606 B001G0N22G
B001G1FL42 9607 B001G1FL42
B001G2S3Y6 9608 B001G2S3Y6
B001G3ENM6 9609 B001G3ENM6
B001G5KEL8 9610 B001G5KEL8
B001G5RSRG 9611 B001G5RSRG
B001G619C0 9612 B001G619C0
B001G6E7QK 9613 B001G6E7QK
B001G6UPFM 9614 B001G6UPFM
B001G6UPGG 9615 B001G6UPGG
B001G7FTB6 9616 B001G7FTB6
B001G7ICZ6 9617 B001G7ICZ6
B001G7PSZI 9618 B001G7PSZI
B001G7Q15O 9619 B001G7Q15O
B001G7Q186 9620 B001G7Q186
B001G7SS8C 9621 B001G7SS8C
B001G9CNI6 9622 B001G9CNI6
B001GCUBS2 9623 B001GCUBS2
B001GCUER0 9624 B001GCUER0
B001GCUNWQ 9625 B001GCUNWQ
B001GCUNYO 9626 B001GCUNYO
B001GCUNZI 9627 B001GCUNZI
B001GCUO0W 9628 B001GCUO0W
B001GCUO16 9629 B001GCUO16
B001GCUO4S 9630 B001GCUO4S
B001GCUO5M 9631 B001GCUO5M
B001GCUO6Q 9632 B001GCUO6Q
B001GCUO7K 9633 B001GCUO7K
B001GD6VT4 9634 B001GD6VT4
B001GE9R6M 9635 B001GE9R6M
B001GF8WRG 9636 B001GF8WRG
B001GJ4U96 9637 B001GJ4U96
B001GKJ2DY 9638 B001GKJ2DY
B001GLLLFK 9639 B001GLLLFK
B001GLLMW2 9640 B001GLLMW2
B001GLLMWC 9641 B001GLLMWC
B001GLX6US 9642 B001GLX6US
B001GLX71Q 9643 B001GLX71Q
B001GLX74I 9644 B001GLX74I
B001GM6C44 9645 B001GM6C44
B001GMAVGE 9646 B001GMAVGE
B001GMH8UQ 9647 B001GMH8UQ
B001GMH8WO 9648 B001GMH8WO
B001GMH8WY 9649 B001GMH8WY
B001GMS5O4 9650 B001GMS5O4
B001GNG2WU 9651 B001GNG2WU
B001GP5TL8 9652 B001GP5TL8
B001GP5TLI 9653 B001GP5TLI
B001GP5TLS 9654 B001GP5TLS
B001GP5TMW 9655 B001GP5TMW
B001GPCQKK 9656 B001GPCQKK
B001GQ3ED2 9657 B001GQ3ED2
B001GR2ZCM 9658 B001GR2ZCM
B001GS7AZS 9659 B001GS7AZS
B001GT9DQG 9660 B001GT9DQG
B001GTOABY 9661 B001GTOABY
B001GTS9H0 9662 B001GTS9H0
B001GTXZOM 9663 B001GTXZOM
B001GU04Y0 9664 B001GU04Y0
B001GUL6BK 9665 B001GUL6BK
B001GUYAZY 9666 B001GUYAZY
B001GXQSWE 9667 B001GXQSWE
B001GXR7A6 9668 B001GXR7A6
B001H0NXZG 9669 B001H0NXZG
B001H1I8KK 9670 B001H1I8KK
B001H2ZHJ4 9671 B001H2ZHJ4
B001H5X6S0 9672 B001H5X6S0
B001H5X6SK 9673 B001H5X6SK
B001H5X7JS 9674 B001H5X7JS
B001H606S2 9675 B001H606S2
B001H9JBW6 9676 B001H9JBW6
B001H9MYPW 9677 B001H9MYPW
B001H9N870 9678 B001H9N870
B001HADFUY 9679 B001HADFUY
B001HAO8NM 9680 B001HAO8NM
B001HB1JYC 9681 B001HB1JYC
B001HB1K0A 9682 B001HB1K0A
B001HB1K32 9683 B001HB1K32
B001HC7XCS 9684 B001HC7XCS
B001HEJYY6 9685 B001HEJYY6
B001HN68ZU 9686 B001HN68ZU
B001HN6918 9687 B001HN6918
B001HN6922 9688 B001HN6922
B001HN6940 9689 B001HN6940
B001HN697M 9690 B001HN697M
B001HN699A 9691 B001HN699A
B001HN699K 9692 B001HN699K
B001HN69AE 9693 B001HN69AE
B001HN69B8 9694 B001HN69B8
B001HN69CC 9695 B001HN69CC
B001HQZJWK 9696 B001HQZJWK
B001HRJG5A 9697 B001HRJG5A
B001HRS8HW 9698 B001HRS8HW
B001HSNTGQ 9699 B001HSNTGQ
B001HSSHZ4 9700 B001HSSHZ4
B001HUHBAY 9701 B001HUHBAY
B001HUHBB8 9702 B001HUHBB8
B001HUHBBS 9703 B001HUHBBS
B001HUHBC2 9704 B001HUHBC2
B001HUHBD6 9705 B001HUHBD6
B001HVZO7A 9706 B001HVZO7A
B001HVZO7K 9707 B001HVZO7K
B001HVZOA2 9708 B001HVZOA2
B001HZ30O0 9709 B001HZ30O0
B001HZ4K76 9710 B001HZ4K76
B001HZ4K80 9711 B001HZ4K80
B001HZXYDC 9712 B001HZXYDC
B001IBCS3C 9713 B001IBCS3C
B001IF3LYS 9714 B001IF3LYS
B001IHJ97O 9715 B001IHJ97O
B001IJO5BW 9716 B001IJO5BW
B001ILFUB4 9717 B001ILFUB4
B001ILHY2C 9718 B001ILHY2C
B001IUOA2U 9719 B001IUOA2U
B001IXXYCE 9720 B001IXXYCE
B001IYPO4O 9721 B001IYPO4O
B001J4E19C 9722 B001J4E19C
B001J4E1D8 9723 B001J4E1D8
B001J66JQ8 9724 B001J66JQ8
B001J710YS 9725 B001J710YS
B001JA8UEI 9726 B001JA8UEI
B001JA8UES 9727 B001JA8UES
B001JAHPFI 9728 B001JAHPFI
B001JAHPJ4 9729 B001JAHPJ4
B001JAHPR6 9730 B001JAHPR6
B001JAHPRQ 9731 B001JAHPRQ
B001JAHPX0 9732 B001JAHPX0
B001JAHPXK 9733 B001JAHPXK
B001JAHQ0C 9734 B001JAHQ0C
B001JAHQ0M 9735 B001JAHQ0M
B001JAHQ0W 9736 B001JAHQ0W
B001JAHQ16 9737 B001JAHQ16
B001JAHQ1Q 9738 B001JAHQ1Q
B001JAHQ3E 9739 B001JAHQ3E
B001JAHQ52 9740 B001JAHQ52
B001JAHQGG 9741 B001JAHQGG
B001JAHQH0 9742 B001JAHQH0
B001JAHQOS 9743 B001JAHQOS
B001JAHQW0 9744 B001JAHQW0
B001JAHR4C 9745 B001JAHR4C
B001JAHREW 9746 B001JAHREW
B001JAHRF6 9747 B001JAHRF6
B001JAHRGK 9748 B001JAHRGK
B001JAHRGU 9749 B001JAHRGU
B001JAHS50 9750 B001JAHS50
B001JAHSHI 9751 B001JAHSHI
B001JAHSKU 9752 B001JAHSKU
B001JAHSMS 9753 B001JAHSMS
B001JAHSN2 9754 B001JAHSN2
B001JFKWE4 9755 B001JFKWE4
B001JFZ1UE 9756 B001JFZ1UE
B001JH7F42 9757 B001JH7F42
B001JL96LI 9758 B001JL96LI
B001JNNDC4 9759 B001JNNDC4
B001JNNDRY 9760 B001JNNDRY
B001JOXWD8 9761 B001JOXWD8
B001JQ31LO 9762 B001JQ31LO
B001JRYH1Q 9763 B001JRYH1Q
B001JTRKHW 9764 B001JTRKHW
B001JV5BC6 9765 B001JV5BC6
B001JV5BHQ 9766 B001JV5BHQ
B001JXPBRE 9767 B001JXPBRE
B001JXPBS8 9768 B001JXPBS8
B001JXPC28 9769 B001JXPC28
B001JXPC4Q 9770 B001JXPC4Q
B001JXPC6O 9771 B001JXPC6O
B001JXPCQ4 9772 B001JXPCQ4
B001K2AOQM 9773 B001K2AOQM
B001K2KM8C 9774 B001K2KM8C
B001K2LFNI 9775 B001K2LFNI
B001K98M4Q 9776 B001K98M4Q
B001K98M78 9777 B001K98M78
B001KEGR7U 9778 B001KEGR7U
B001KEGRCA 9779 B001KEGRCA
B001KEGTX2 9780 B001KEGTX2
B001KEHAEE 9781 B001KEHAEE
B001KEHAEO 9782 B001KEHAEO
B001KEHAG2 9783 B001KEHAG2
B001KEHAGC 9784 B001KEHAGC
B001KEHAGW 9785 B001KEHAGW
B001KKU9AU 9786 B001KKU9AU
B001KKU9EG 9787 B001KKU9EG
B001KKU9FA 9788 B001KKU9FA
B001KO1BCQ 9789 B001KO1BCQ
B001KP2J26 9790 B001KP2J26
B001KP2J2G 9791 B001KP2J2G
B001KP2J2Q 9792 B001KP2J2Q
B001KP2YDK 9793 B001KP2YDK
B001KQNZXM 9794 B001KQNZXM
B001KRCDRU 9795 B001KRCDRU
B001KRCDS4 9796 B001KRCDS4
B001KRCDSY 9797 B001KRCDSY
B001KRCDT8 9798 B001KRCDT8
B001KVZ6AM 9799 B001KVZ6AM
B001KVZ6ES 9800 B001KVZ6ES
B001KVZ6HK 9801 B001KVZ6HK
B001KWB0L0 9802 B001KWB0L0
B001KWHO9W 9803 B001KWHO9W
B001KXZGNW 9804 B001KXZGNW
B001KXZGOG 9805 B001KXZGOG
B001KZH2I2 9806 B001KZH2I2
B001KZIRKY 9807 B001KZIRKY
B001KZOUU0 9808 B001KZOUU0
B001KZVQJS 9809 B001KZVQJS
B001L0KHA6 9810 B001L0KHA6
B001L1IDJ2 9811 B001L1IDJ2
B001L1RDVQ 9812 B001L1RDVQ
B001L1S1PI 9813 B001L1S1PI
B001L1S1SK 9814 B001L1S1SK
B001L1S1W6 9815 B001L1S1W6
B001L1S1WQ 9816 B001L1S1WQ
B001L2ZSFI 9817 B001L2ZSFI
B001L2ZSG2 9818 B001L2ZSG2
B001L2ZSKS 9819 B001L2ZSKS
B001L57ZZG 9820 B001L57ZZG
B001L67A46 9821 B001L67A46
B001L7XND2 9822 B001L7XND2
B001L8YQ64 9823 B001L8YQ64
B001L9EXNO 9824 B001L9EXNO
B001L9EXSY 9825 B001L9EXSY
B001L9EXUC 9826 B001L9EXUC
B001LF347E 9827 B001LF347E
B001LGFAJS 9828 B001LGFAJS
B001LIK8EI 9829 B001LIK8EI
B001LK8TEM 9830 B001LK8TEM
B001LK8UP0 9831 B001LK8UP0
B001LLH8S4 9832 B001LLH8S4
B001LLH8SE 9833 B001LLH8SE
B001LM64TM 9834 B001LM64TM
B001LM64U6 9835 B001LM64U6
B001LM64UG 9836 B001LM64UG
B001LM64VA 9837 B001LM64VA
B001LM64VK 9838 B001LM64VK
B001LM64W4 9839 B001LM64W4
B001LM6VTU 9840 B001LM6VTU
B001LM6VV8 9841 B001LM6VV8
B001LMAK5Q 9842 B001LMAK5Q
B001LMAKAQ 9843 B001LMAKAQ
B001LMU1BO 9844 B001LMU1BO
B001LMU1KU 9845 B001LMU1KU
B001LN6NRE 9846 B001LN6NRE
B001LOR3TU 9847 B001LOR3TU
B001LPWGBY 9848 B001LPWGBY
B001LPWGFA 9849 B001LPWGFA
B001LRL4Y2 9850 B001LRL4Y2
B001LRTT30 9851 B001LRTT30
B001LRTT3A 9852 B001LRTT3A
B001LRTT9E 9853 B001LRTT9E
B001LXDGQK 9854 B001LXDGQK
B001M45O8G 9855 B001M45O8G
B001M4YZ86 9856 B001M4YZ86
B001M564BQ 9857 B001M564BQ
B001M5UDGS 9858 B001M5UDGS
B001M6SH88 9859 B001M6SH88
B001M6SHA6 9860 B001M6SHA6
B001M6SHD8 9861 B001M6SHD8
B001M9ELQ2 9862 B001M9ELQ2
B001M9ELQC 9863 B001M9ELQC
B001MAA6WO 9864 B001MAA6WO
B001MDI9I4 9865 B001MDI9I4
B001MEJYAK 9866 B001MEJYAK
B001MEJYBE 9867 B001MEJYBE
B001MEJYDW 9868 B001MEJYDW
B001MFNB4O 9869 B001MFNB4O
B001MFNB7G 9870 B001MFNB7G
B001MFNB94 9871 B001MFNB94
B001MLZNKS 9872 B001MLZNKS
B001MLZNLW 9873 B001MLZNLW
B001MM3AZM 9874 B001MM3AZM
B001MM3B1A 9875 B001MM3B1A
B001MSC61A 9876 B001MSC61A
B001MT7ZEW 9877 B001MT7ZEW
B001MT7ZI8 9878 B001MT7ZI8
B001MT7ZIS 9879 B001MT7ZIS
B001MTYRKC 9880 B001MTYRKC
B001MVWLYY 9881 B001MVWLYY
B001MVWMD4 9882 B001MVWMD4
B001MVWRMK 9883 B001MVWRMK
B001MVWRNO 9884 B001MVWRNO
B001MVYUP2 9885 B001MVYUP2
B001MVYUQG 9886 B001MVYUQG
B001MVYUSO 9887 B001MVYUSO
B001MWGZ6S 9888 B001MWGZ6S
B001MWUWS0 9889 B001MWUWS0
B001MWUWUI 9890 B001MWUWUI
B001MYIQKO 9891 B001MYIQKO
B001MYIXAW 9892 B001MYIXAW
B001MYIXBQ 9893 B001MYIXBQ
B001MZVZGA 9894 B001MZVZGA
B001N26GFC 9895 B001N26GFC
B001N26GFM 9896 B001N26GFM
B001N26GSE 9897 B001N26GSE
B001N26GTI 9898 B001N26GTI
B001N26HFG 9899 B001N26HFG
B001N2MWGO 9900 B001N2MWGO
B001N2WISQ 9901 B001N2WISQ
B001N4K6LU 9902 B001N4K6LU
B001N4K6M4 9903 B001N4K6M4
B001N5BDX4 9904 B001N5BDX4
B001N6FPQY 9905 B001N6FPQY
B001N6FPRI 9906 B001N6FPRI
B001NCDFUG 9907 B001NCDFUG
B001NFNFH6 9908 B001NFNFH6
B001NFNFIK 9909 B001NFNFIK
B001NFNFM6 9910 B001NFNFM6
B001NFNFN0 9911 B001NFNFN0
B001NG6A0Y 9912 B001NG6A0Y
B001NGNLEW 9913 B001NGNLEW
B001NGPLCM 9914 B001NGPLCM
B001NH4CEY 9915 B001NH4CEY
B001NJ19KW 9916 B001NJ19KW
B001NP8PQM 9917 B001NP8PQM
B001NPD9JA 9918 B001NPD9JA
B001NPD9PE 9919 B001NPD9PE
B001NPD9Q8 9920 B001NPD9Q8
B001NPD9R2 9921 B001NPD9R2
B001NPD9RM 9922 B001NPD9RM
B001NPDO90 9923 B001NPDO90
B001NPK5BU 9924 B001NPK5BU
B001NPK5C4 9925 B001NPK5C4
B001NRY6R2 9926 B001NRY6R2
B001NVV7G6 9927 B001NVV7G6
B001NXDHOO 9928 B001NXDHOO
B001NXDIMK 9929 B001NXDIMK
B001NY4X0U 9930 B001NY4X0U
B001NY4X3W 9931 B001NY4X3W
B001NY6YTI 9932 B001NY6YTI
B001NZ2OPU 9933 B001NZ2OPU
B001O0QFRM 9934 B001O0QFRM
B001O0TWY0 9935 B001O0TWY0
B001O0Z82U 9936 B001O0Z82U
B001O2UTRW 9937 B001O2UTRW
B001O2UTTK 9938 B001O2UTTK
B001O3M36Q 9939 B001O3M36Q
B001O3M370 9940 B001O3M370
B001O4AHJK 9941 B001O4AHJK
B001O4C6M6 9942 B001O4C6M6
B001O4C6MQ 9943 B001O4C6MQ
B001O4C6NA 9944 B001O4C6NA
B001O4DOQI 9945 B001O4DOQI
B001O4KBMI 9946 B001O4KBMI
B001O4KBN2 9947 B001O4KBN2
B001O4KBNC 9948 B001O4KBNC
B001O4KBNM 9949 B001O4KBNM
B001O4KBO6 9950 B001O4KBO6
B001O4KBP0 9951 B001O4KBP0
B001O5LVV2 9952 B001O5LVV2
B001O5LVVM 9953 B001O5LVVM
B001O7R75O 9954 B001O7R75O
B001OBBR38 9955 B001OBBR38
B001OC6RZA 9956 B001OC6RZA
B001OD4S3C 9957 B001OD4S3C
B001OD8E4G 9958 B001OD8E4G
B001OFM2TC 9959 B001OFM2TC
B001OI36RQ 9960 B001OI36RQ
B001OLP2T8 9961 B001OLP2T8
B001OMU6UM 9962 B001OMU6UM
B001OMZYHM 9963 B001OMZYHM
B001OPQ1EO 9964 B001OPQ1EO
B001OPQIGK 9965 B001OPQIGK
B001OPUU0U 9966 B001OPUU0U
B001OQCUYS 9967 B001OQCUYS
B001OQCUZM 9968 B001OQCUZM
B001OQCV1K 9969 B001OQCV1K
B001OQCV2E 9970 B001OQCV2E
B001OQCV5G 9971 B001OQCV5G
B001OQCVFQ 9972 B001OQCVFQ
B001OQCVH4 9973 B001OQCVH4
B001OQCVI8 9974 B001OQCVI8
B001OSC4G0 9975 B001OSC4G0
B001OTZNYY 9976 B001OTZNYY
B001OXLGIM 9977 B001OXLGIM
B001OXLGK0 9978 B001OXLGK0
B001OXLGKA 9979 B001OXLGKA
B001OY45TS 9980 B001OY45TS
B001P3SA9O 9981 B001P3SA9O
B001P3SA9Y 9982 B001P3SA9Y
B001P42YCW 9983 B001P42YCW
B001P5I5ME 9984 B001P5I5ME
B001P7YD7I 9985 B001P7YD7I
B001P8M9FK 9986 B001P8M9FK
B001P8OG3M 9987 B001P8OG3M
B001P9G3F6 9988 B001P9G3F6
B001P9KR94 9989 B001P9KR94
B001P9N94E 9990 B001P9N94E
B001P9N99O 9991 B001P9N99O
B001P9N9AS 9992 B001P9N9AS
B001P9N9B2 9993 B001P9N9B2
B001P9N9BW 9994 B001P9N9BW
B001PCNZEU 9995 B001PCNZEU
B001PCNZHM 9996 B001PCNZHM
B001PK47GC 9997 B001PK47GC
B001PK47GW 9998 B001PK47GW
B001PKHS6S 9999 B001PKHS6S
B001PKHS86 10000 B001PKHS86
B001PKHS90 10001 B001PKHS90
B001PKZB8U 10002 B001PKZB8U
B001PMR2KS 10003 B001PMR2KS
B001PMRK0K 10004 B001PMRK0K
B001PO53IO 10005 B001PO53IO
B001PO54OM 10006 B001PO54OM
B001PO54V0 10007 B001PO54V0
B001PO550A 10008 B001PO550A
B001PO556E 10009 B001PO556E
B001PO55AA 10010 B001PO55AA
B001PO5N6G 10011 B001PO5N6G
B001PO6BYE 10012 B001PO6BYE
B001PPGAIK 10013 B001PPGAIK
B001PPLJOU 10014 B001PPLJOU
B001PQZYQI 10015 B001PQZYQI
B001PR0XZO 10016 B001PR0XZO
B001PR0Y4O 10017 B001PR0Y4O
B001PR0Y7Q 10018 B001PR0Y7Q
B001PR0Y8K 10019 B001PR0Y8K
B001PR0YEE 10020 B001PR0YEE
B001PR0YGC 10021 B001PR0YGC
B001PR1ZNS 10022 B001PR1ZNS
B001PU8N0S 10023 B001PU8N0S
B001PU8O4I 10024 B001PU8O4I
B001PUTN3Y 10025 B001PUTN3Y
B001PWY4U4 10026 B001PWY4U4
B001Q59U04 10027 B001Q59U04
B001Q94TRO 10028 B001Q94TRO
B001QB5SS6 10029 B001QB5SS6
B001QE99BA 10030 B001QE99BA
B001QIRT4K 10031 B001QIRT4K
B001QIVEVE 10032 B001QIVEVE
B001QIVEVO 10033 B001QIVEVO
B001QMCJ0U 10034 B001QMCJ0U
B001QMCJ14 10035 B001QMCJ14
B001QMCJ1E 10036 B001QMCJ1E
B001QOGXUA 10037 B001QOGXUA
B001QOGY4U 10038 B001QOGY4U
B001QOGY6I 10039 B001QOGY6I
B001QOGYAO 10040 B001QOGYAO
B001QOGYBI 10041 B001QOGYBI
B001QOGYFY 10042 B001QOGYFY
B001QU880M 10043 B001QU880M
B001QU880W 10044 B001QU880W
B001QU9RR0 10045 B001QU9RR0
B001QU9RRK 10046 B001QU9RRK
B001QU9RSE 10047 B001QU9RSE
B001QU9RSY 10048 B001QU9RSY
B001QUF7DS 10049 B001QUF7DS
B001QYOSEI 10050 B001QYOSEI
B001R10BD2 10051 B001R10BD2
B001R10BJG 10052 B001R10BJG
B001R1HEMI 10053 B001R1HEMI
B001R3YRIA 10054 B001R3YRIA
B001R3YRIU 10055 B001R3YRIU
B001R60ESE 10056 B001R60ESE
B001R67UEA 10057 B001R67UEA
B001R88C72 10058 B001R88C72
B001R8B5TO 10059 B001R8B5TO
B001RE9HDY 10060 B001RE9HDY
B001REZM74 10061 B001REZM74
B001RHGRPW 10062 B001RHGRPW
B001RHGRTS 10063 B001RHGRTS
B001RIZE3M 10064 B001RIZE3M
B001RM92FE 10065 B001RM92FE
B001RP974C 10066 B001RP974C
B001RP976A 10067 B001RP976A
B001RPO3FU 10068 B001RPO3FU
B001RPZE26 10069 B001RPZE26
B001RTCP1U 10070 B001RTCP1U
B001RTKKMQ 10071 B001RTKKMQ
B001RTKKN0 10072 B001RTKKN0
B001RTKKNA 10073 B001RTKKNA
B001RTKKRQ 10074 B001RTKKRQ
B001RTP3Z0 10075 B001RTP3Z0
B001RTSPVY 10076 B001RTSPVY
B001RUEDKA 10077 B001RUEDKA
B001RVPOPW 10078 B001RVPOPW
B001RXB4GS 10079 B001RXB4GS
B001RXB4H2 10080 B001RXB4H2
B001RXDM1I 10081 B001RXDM1I
B001RXDM2M 10082 B001RXDM2M
B001RXDM36 10083 B001RXDM36
B001RXDM3G 10084 B001RXDM3G
B001RYA26A 10085 B001RYA26A
B001S3GDT0 10086 B001S3GDT0
B001S86IYK 10087 B001S86IYK
B001S86IZE 10088 B001S86IZE
B001SF8FLW 10089 B001SF8FLW
B001SLNPSO 10090 B001SLNPSO
B001SLNPTI 10091 B001SLNPTI
B001SMC9L2 10092 B001SMC9L2
B001SO6KNS 10093 B001SO6KNS
B001SPVWL2 10094 B001SPVWL2
B001STTRTC 10095 B001STTRTC
B001SXZ7T2 10096 B001SXZ7T2
B001SXZ7TC 10097 B001SXZ7TC
B001SXZ7TM 10098 B001SXZ7TM
B001T21R50 10099 B001T21R50
B001T21R5U 10100 B001T21R5U
B001T7O25M 10101 B001T7O25M
B001TE6PGO 10102 B001TE6PGO
B001TE6PGY 10103 B001TE6PGY
B001TGU6IK 10104 B001TGU6IK
B001TH16D8 10105 B001TH16D8
B001TH92N4 10106 B001TH92N4
B001TIQT70 10107 B001TIQT70
B001TK80FC 10108 B001TK80FC
B001TKJDIU 10109 B001TKJDIU
B001TKJDNA 10110 B001TKJDNA
B001TKK3KC 10111 B001TKK3KC
B001TKNWUU 10112 B001TKNWUU
B001TKNWV4 10113 B001TKNWV4
B001TKNWVE 10114 B001TKNWVE
B001TKNWVO 10115 B001TKNWVO
B001TOD6N4 10116 B001TOD6N4
B001TOPYY8 10117 B001TOPYY8
B001TRDQIQ 10118 B001TRDQIQ
B001TUZD9S 10119 B001TUZD9S
B001TUZGPO 10120 B001TUZGPO
B001TWT0CW 10121 B001TWT0CW
B001U06NBE 10122 B001U06NBE
B001U0HB5Q 10123 B001U0HB5Q
B001U0HBQK 10124 B001U0HBQK
B001U1RM40 10125 B001U1RM40
B001U3D88M 10126 B001U3D88M
B001U3EONK 10127 B001U3EONK
B001U3N3QY 10128 B001U3N3QY
B001U3ZYX4 10129 B001U3ZYX4
B001U7IJVO 10130 B001U7IJVO
B001UDS4BS 10131 B001UDS4BS
B001UDS4CC 10132 B001UDS4CC
B001UELBZ8 10133 B001UELBZ8
B001UGJUSG 10134 B001UGJUSG
B001UHO18Y 10135 B001UHO18Y
B001UHOWX8 10136 B001UHOWX8
B001UHOWYM 10137 B001UHOWYM
B001UIY73C 10138 B001UIY73C
B001UJE98E 10139 B001UJE98E
B001UJE98Y 10140 B001UJE98Y
B001UJUGZO 10141 B001UJUGZO
B001ULCY48 10142 B001ULCY48
B001UN1KUU 10143 B001UN1KUU
B001URA5YI 10144 B001URA5YI
B001UREJXQ 10145 B001UREJXQ
B001US3XPK 10146 B001US3XPK
B001US3XQY 10147 B001US3XQY
B001US3XUK 10148 B001US3XUK
B001UV4X4W 10149 B001UV4X4W
B001UV4X8S 10150 B001UV4X8S
B001UV4XBK 10151 B001UV4XBK
B001UV4XEM 10152 B001UV4XEM
B001UV4XFQ 10153 B001UV4XFQ
B001UV4XHE 10154 B001UV4XHE
B001UV4XI8 10155 B001UV4XI8
B001UV4XIS 10156 B001UV4XIS
B001UV4XS8 10157 B001UV4XS8
B001UV4XUQ 10158 B001UV4XUQ
B001UV4XW4 10159 B001UV4XW4
B001UV4XWY 10160 B001UV4XWY
B001UV4XY2 10161 B001UV4XY2
B001UW599E 10162 B001UW599E
B001UW59JO 10163 B001UW59JO
B001UWOLQG 10164 B001UWOLQG
B001UXJGII 10165 B001UXJGII
B001V7P2W2 10166 B001V7P2W2
B001V7UX4E 10167 B001V7UX4E
B001V7UX4O 10168 B001V7UX4O
B001V7YZAM 10169 B001V7YZAM
B001V7YZD4 10170 B001V7YZD4
B001V7YZES 10171 B001V7YZES
B001V9K8JC 10172 B001V9K8JC
B001VB8U9K 10173 B001VB8U9K
B001VB8UGS 10174 B001VB8UGS
B001VC99DK 10175 B001VC99DK
B001VEF7ZM 10176 B001VEF7ZM
B001VEJK6Y 10177 B001VEJK6Y
B001VFM0TW 10178 B001VFM0TW
B001VG2ME4 10179 B001VG2ME4
B001VLFE76 10180 B001VLFE76
B001VPJYZ0 10181 B001VPJYZ0
B001VPJYZA 10182 B001VPJYZA
B001VPJYZK 10183 B001VPJYZK
B001VPJYZU 10184 B001VPJYZU
B001VPJZ0E 10185 B001VPJZ0E
B001W63DX2 10186 B001W63DX2
B001W72OL8 10187 B001W72OL8
B001W79MBI 10188 B001W79MBI
B001W8FS92 10189 B001W8FS92
B001W8JY7Y 10190 B001W8JY7Y
B001W9EUCW 10191 B001W9EUCW
B001WAKFP2 10192 B001WAKFP2
B001WAKOW6 10193 B001WAKOW6
B001WAKOX0 10194 B001WAKOX0
B001WLMOG4 10195 B001WLMOG4
B001WLMOLE 10196 B001WLMOLE
B001XRLWLU 10197 B001XRLWLU
B001XRLWPQ 10198 B001XRLWPQ
B001XURJCS 10199 B001XURJCS
B001XW7ICC 10200 B001XW7ICC
B001XW7ICW 10201 B001XW7ICW
B001XW7ID6 10202 B001XW7ID6
B001Y44EBW 10203 B001Y44EBW
B001Y7CVZU 10204 B001Y7CVZU
B001YMDCE4 10205 B001YMDCE4
B001YTTWP0 10206 B001YTTWP0
B001YXXQYE 10207 B001YXXQYE
B001YY6UR8 10208 B001YY6UR8
B001YYQ9S8 10209 B001YYQ9S8
B001ZC2WK8 10210 B001ZC2WK8
B001ZXRGKS 10211 B001ZXRGKS
B0020TS5EM 10212 B0020TS5EM
B0021AENJG 10213 B0021AENJG
B0021FP3PO 10214 B0021FP3PO
B0021GYDAE 10215 B0021GYDAE
B0021L8UG2 10216 B0021L8UG2
B0021L8UHQ 10217 B0021L8UHQ
B0021L8UMQ 10218 B0021L8UMQ
B0021L8UO4 10219 B0021L8UO4
B0021L8UOY 10220 B0021L8UOY
B0021L8UPS 10221 B0021L8UPS
B0021L8UT4 10222 B0021L8UT4
B0021L8UWQ 10223 B0021L8UWQ
B0021L8UXK 10224 B0021L8UXK
B0021L8UZ8 10225 B0021L8UZ8
B0021L8UZS 10226 B0021L8UZS
B0021L8V0W 10227 B0021L8V0W
B0021L8V1Q 10228 B0021L8V1Q
B0021L8V2K 10229 B0021L8V2K
B0021L8V34 10230 B0021L8V34
B0021L8V3Y 10231 B0021L8V3Y
B0021NXN7G 10232 B0021NXN7G
B0021SGOF4 10233 B0021SGOF4
B0022S7DH6 10234 B0022S7DH6
B0023TZ3QC 10235 B0023TZ3QC
B0023UZBBI 10236 B0023UZBBI
B00242KD1S 10237 B00242KD1S
B002436WG2 10238 B002436WG2
B0024396EM 10239 B0024396EM
B0024396EW 10240 B0024396EW
B00243HD2Y 10241 B00243HD2Y
B00246QGHE 10242 B00246QGHE
B0024F08TW 10243 B0024F08TW
B0024FABCG 10244 B0024FABCG
B0024FADA6 10245 B0024FADA6
B0024FADAG 10246 B0024FADAG
B0024FADBA 10247 B0024FADBA
B0024FAG1M 10248 B0024FAG1M
B0024FAG3A 10249 B0024FAG3A
B0024FAG3U 10250 B0024FAG3U
B0024FAG7Q 10251 B0024FAG7Q
B0024FAG80 10252 B0024FAG80
B0024FAG8A 10253 B0024FAG8A
B0024FAR4S 10254 B0024FAR4S
B0024FAR52 10255 B0024FAR52
B0024LIBDQ 10256 B0024LIBDQ
B0024NSFYO 10257 B0024NSFYO
B0024NSFZI 10258 B0024NSFZI
B0024OW1QQ 10259 B0024OW1QQ
B0025FY928 10260 B0025FY928
B0025KVKDE 10261 B0025KVKDE
B0025KVKDO 10262 B0025KVKDO
B0025KVNOU 10263 B0025KVNOU
B0025KVTLW 10264 B0025KVTLW
B0025MEREQ 10265 B0025MEREQ
B0025VKX04 10266 B0025VKX04
B0025VKXG8 10267 B0025VKXG8
B0025VLEMK 10268 B0025VLEMK
B0025X4PAQ 10269 B0025X4PAQ
B0025X4PBA 10270 B0025X4PBA
B0025X4PPG 10271 B0025X4PPG
B0025Y3SZS 10272 B0025Y3SZS
B0025Z4Q3U 10273 B0025Z4Q3U
B00260HH1M 10274 B00260HH1M
B00260HH44 10275 B00260HH44
B00264GB74 10276 B00264GB74
B00264H48O 10277 B00264H48O
B00265T7NI 10278 B00265T7NI
B00265T7O2 10279 B00265T7O2
B00266PDZ8 10280 B00266PDZ8
B00266PDZI 10281 B00266PDZI
B00266PDZS 10282 B00266PDZS
B00267B3TC 10283 B00267B3TC
B00267N3E0 10284 B00267N3E0
B00269OW66 10285 B00269OW66
B0026BTRUK 10286 B0026BTRUK
B0026I0NEC 10287 B0026I0NEC
B0026IQTOK 10288 B0026IQTOK
B0026IQTR2 10289 B0026IQTR2
B0026JI1RC 10290 B0026JI1RC
B0026KJP6W 10291 B0026KJP6W
B0026KJP76 10292 B0026KJP76
B0026LYMHI 10293 B0026LYMHI
B0026MS4V2 10294 B0026MS4V2
B0026OE2O8 10295 B0026OE2O8
B0026RLMAW 10296 B0026RLMAW
B0026RLMC0 10297 B0026RLMC0
B0026RX2VE 10298 B0026RX2VE
B0026S2TU8 10299 B0026S2TU8
B0026ZQBK0 10300 B0026ZQBK0
B0026ZQIVW 10301 B0026ZQIVW
B0026ZQJP2 10302 B0026ZQJP2
B0026ZQJT8 10303 B0026ZQJT8
B00274SIVA 10304 B00274SIVA
B00274SIVK 10305 B00274SIVK
B00275EGX8 10306 B00275EGX8
B00275EGY2 10307 B00275EGY2
B00275EHC8 10308 B00275EHC8
B00275EHDM 10309 B00275EHDM
B00275EHFU 10310 B00275EHFU
B00275EHI2 10311 B00275EHI2
B00275EHJG 10312 B00275EHJG
B00277Q2UQ 10313 B00277Q2UQ
B00278FS8M 10314 B00278FS8M
B00279MJHE 10315 B00279MJHE
B0027AN26U 10316 B0027AN26U
B0027BOL4G 10317 B0027BOL4G
B0027BOL4Q 10318 B0027BOL4Q
B0027CHPDO 10319 B0027CHPDO
B0027CSMWM 10320 B0027CSMWM
B0027CSMYA 10321 B0027CSMYA
B0027CT65E 10322 B0027CT65E
B0027DZ22E 10323 B0027DZ22E
B0027FG29Y 10324 B0027FG29Y
B0027ISJ1K 10325 B0027ISJ1K
B0027P94CQ 10326 B0027P94CQ
B0027P9AFC 10327 B0027P9AFC
B0027UY88G 10328 B0027UY88G
B0027VST2Q 10329 B0027VST2Q
B0027VSTJO 10330 B0027VSTJO
B0027WNRV8 10331 B0027WNRV8
B00280LZAE 10332 B00280LZAE
B00280QNK6 10333 B00280QNK6
B00280QNKG 10334 B00280QNKG
B00284G2A8 10335 B00284G2A8
B00284G2B2 10336 B00284G2B2
B00285WR9M 10337 B00285WR9M
B00287Z1CK 10338 B00287Z1CK
B0028AENSK 10339 B0028AENSK
B0028EQMPS 10340 B0028EQMPS
B0028EQMQW 10341 B0028EQMQW
B0028ERBSA 10342 B0028ERBSA
B0028LOT7O 10343 B0028LOT7O
B0028RABR0 10344 B0028RABR0
B0028RABS4 10345 B0028RABS4
B0028RABYI 10346 B0028RABYI
B0028RY4LE 10347 B0028RY4LE
B0028S1100 10348 B0028S1100
B0028S110A 10349 B0028S110A
B0028S110K 10350 B0028S110K
B0028SVY20 10351 B0028SVY20
B0028SVY3E 10352 B0028SVY3E
B0028SVY3Y 10353 B0028SVY3Y
B0028X36EE 10354 B0028X36EE
B0028Y4SPO 10355 B0028Y4SPO
B0028ZDJN0 10356 B0028ZDJN0
B00290X6NW 10357 B00290X6NW
B002945DU2 10358 B002945DU2
B0029BQFY8 10359 B0029BQFY8
B0029CLIZS 10360 B0029CLIZS
B0029E3RKA 10361 B0029E3RKA
B0029EW7BA 10362 B0029EW7BA
B0029F21JC 10363 B0029F21JC
B0029F2M2S 10364 B0029F2M2S
B0029LI69A 10365 B0029LI69A
B0029O0ANW 10366 B0029O0ANW
B0029R81BM 10367 B0029R81BM
B0029U0ZZY 10368 B0029U0ZZY
B0029W2V9U 10369 B0029W2V9U
B0029WGIDK 10370 B0029WGIDK
B0029WLJHK 10371 B0029WLJHK
B0029XFN80 10372 B0029XFN80
B0029XFN9O 10373 B0029XFN9O
B0029XHT5A 10374 B0029XHT5A
B0029Y5RA8 10375 B0029Y5RA8
B0029Z8K60 10376 B0029Z8K60
B0029ZUQB2 10377 B0029ZUQB2
B002A0KV6G 10378 B002A0KV6G
B002A5EBLW 10379 B002A5EBLW
B002A5HF6K 10380 B002A5HF6K
B002A6JWP6 10381 B002A6JWP6
B002ACKBTQ 10382 B002ACKBTQ
B002ACKBU0 10383 B002ACKBU0
B002ACKBUA 10384 B002ACKBUA
B002AK9UOU 10385 B002AK9UOU
B002AK9UPO 10386 B002AK9UPO
B002AK9UUO 10387 B002AK9UUO
B002AL2TQK 10388 B002AL2TQK
B002AL2TYC 10389 B002AL2TYC
B002AL2TYM 10390 B002AL2TYM
B002AL2TYW 10391 B002AL2TYW
B002AMUDJY 10392 B002AMUDJY
B002AMUDK8 10393 B002AMUDK8
B002AMVEDI 10394 B002AMVEDI
B002AMVEEM 10395 B002AMVEEM
B002AMVEF6 10396 B002AMVEF6
B002AMVEHY 10397 B002AMVEHY
B002AMVEIS 10398 B002AMVEIS
B002AMVEK6 10399 B002AMVEK6
B002AMW108 10400 B002AMW108
B002APNJC4 10401 B002APNJC4
B002APNJCO 10402 B002APNJCO
B002AS45VK 10403 B002AS45VK
B002AS461Y 10404 B002AS461Y
B002ASABF4 10405 B002ASABF4
B002AT4KA0 10406 B002AT4KA0
B002AXQNT2 10407 B002AXQNT2
B002B5AWDM 10408 B002B5AWDM
B002BDV5OE 10409 B002BDV5OE
B002BE7JHK 10410 B002BE7JHK
B002BEXDXY 10411 B002BEXDXY
B002BEXF7I 10412 B002BEXF7I
B002BFBAWO 10413 B002BFBAWO
B002BFBAYW 10414 B002BFBAYW
B002BIULNK 10415 B002BIULNK
B002BIULO4 10416 B002BIULO4
B002BIULQC 10417 B002BIULQC
B002BVYBJW 10418 B002BVYBJW
B002BWD73W 10419 B002BWD73W
B002BWD764 10420 B002BWD764
B002BWP2BW 10421 B002BWP2BW
B002BWP2EY 10422 B002BWP2EY
B002BWP2IK 10423 B002BWP2IK
B002BWP2JO 10424 B002BWP2JO
B002BWP3UC 10425 B002BWP3UC
B002BWP3WA 10426 B002BWP3WA
B002BWP49C 10427 B002BWP49C
B002BWP4A6 10428 B002BWP4A6
B002BWP4C4 10429 B002BWP4C4
B002BWQ4C8 10430 B002BWQ4C8
B002BXGIPA 10431 B002BXGIPA
B002BYYA9A 10432 B002BYYA9A
B002BZLBDW 10433 B002BZLBDW
B002BZTNIC 10434 B002BZTNIC
B002C01A28 10435 B002C01A28
B002C07AU4 10436 B002C07AU4
B002C1GMYI 10437 B002C1GMYI
B002C2KB12 10438 B002C2KB12
B002C39SQU 10439 B002C39SQU
B002C39T28 10440 B002C39T28
B002C39T3W 10441 B002C39T3W
B002C3GTLC 10442 B002C3GTLC
B002C4JUWG 10443 B002C4JUWG
B002C4N66M 10444 B002C4N66M
B002C4ORME 10445 B002C4ORME
B002C68WNC 10446 B002C68WNC
B002C6VMIY 10447 B002C6VMIY
B002C6VMKC 10448 B002C6VMKC
B002C7ELOA 10449 B002C7ELOA
B002C7ELU4 10450 B002C7ELU4
B002C7ELWC 10451 B002C7ELWC
B002C8YSBK 10452 B002C8YSBK
B002C8YSBU 10453 B002C8YSBU
B002CAWNDS 10454 B002CAWNDS
B002CGT0TW 10455 B002CGT0TW
B002CJI4WS 10456 B002CJI4WS
B002CLKOXS 10457 B002CLKOXS
B002CLKP00 10458 B002CLKP00
B002CLKV68 10459 B002CLKV68
B002CMGO5O 10460 B002CMGO5O
B002CWKU18 10461 B002CWKU18
B002CYIR34 10462 B002CYIR34
B002D1XK74 10463 B002D1XK74
B002D1XKB0 10464 B002D1XKB0
B002D755BW 10465 B002D755BW
B002DDIQX0 10466 B002DDIQX0
B002DDQVP0 10467 B002DDQVP0
B002DH20PQ 10468 B002DH20PQ
B002DH20YM 10469 B002DH20YM
B002DHACSS 10470 B002DHACSS
B002DKGWSE 10471 B002DKGWSE
B002DKZR4Y 10472 B002DKZR4Y
B002DLB15W 10473 B002DLB15W
B002DLB184 10474 B002DLB184
B002DLB1H0 10475 B002DLB1H0
B002DLB1IO 10476 B002DLB1IO
B002DMJM7K 10477 B002DMJM7K
B002DNLT1Q 10478 B002DNLT1Q
B002DOBGWW 10479 B002DOBGWW
B002DP0J24 10480 B002DP0J24
B002DQJ4A6 10481 B002DQJ4A6
B002DQSKMY 10482 B002DQSKMY
B002DU39IK 10483 B002DU39IK
B002DU39IU 10484 B002DU39IU
B002DU39JE 10485 B002DU39JE
B002DUJ9NE 10486 B002DUJ9NE
B002DUJ9Q6 10487 B002DUJ9Q6
B002DY9KQ6 10488 B002DY9KQ6
B002DY9KQG 10489 B002DY9KQG
B002DY9KRA 10490 B002DY9KRA
B002DY9KRK 10491 B002DY9KRK
B002DYJTVW 10492 B002DYJTVW
B002DYKBZA 10493 B002DYKBZA
B002DYKPF6 10494 B002DYKPF6
B002DYKPFQ 10495 B002DYKPFQ
B002DYKPGK 10496 B002DYKPGK
B002DYKPGU 10497 B002DYKPGU
B002E01LQ6 10498 B002E01LQ6
B002E2M5IC 10499 B002E2M5IC
B002E9HML0 10500 B002E9HML0
B002EAKWCU 10501 B002EAKWCU
B002EAYDSE 10502 B002EAYDSE
B002EAYE4W 10503 B002EAYE4W
B002EBRF7O 10504 B002EBRF7O
B002EEOE34 10505 B002EEOE34
B002EIJ98K 10506 B002EIJ98K
B002EJBZHM 10507 B002EJBZHM
B002EL4MJ8 10508 B002EL4MJ8
B002EL4RLQ 10509 B002EL4RLQ
B002EOVX9W 10510 B002EOVX9W
B002EOVXA6 10511 B002EOVXA6
B002EOVXB0 10512 B002EOVXB0
B002EOVXEW 10513 B002EOVXEW
B002EP8FDI 10514 B002EP8FDI
B002EP8FF6 10515 B002EP8FF6
B002EP8TU2 10516 B002EP8TU2
B002EWD0D6 10517 B002EWD0D6
B002EWD0DG 10518 B002EWD0DG
B002F6MPY6 10519 B002F6MPY6
B002F80SWA 10520 B002F80SWA
B002FA5NNW 10521 B002FA5NNW
B002FG9N4Q 10522 B002FG9N4Q
B002FG9N64 10523 B002FG9N64
B002FICQFM 10524 B002FICQFM
B002FLOTPO 10525 B002FLOTPO
B002FLZM8M 10526 B002FLZM8M
B002FOFX6U 10527 B002FOFX6U
B002FOQXRS 10528 B002FOQXRS
B002FP13XQ 10529 B002FP13XQ
B002FUIIZW 10530 B002FUIIZW
B002FVPFU2 10531 B002FVPFU2
B002G1WPI6 10532 B002G1WPI6
B002G3DTSE 10533 B002G3DTSE
B002GLG5OQ 10534 B002GLG5OQ
B002GNOLXQ 10535 B002GNOLXQ
B002GSXKNS 10536 B002GSXKNS
B002GSXKO2 10537 B002GSXKO2
B002GSXKOW 10538 B002GSXKOW
B002GSXKP6 10539 B002GSXKP6
B002GSXKPG 10540 B002GSXKPG
B002H99KVC 10541 B002H99KVC
B002HEXVUI 10542 B002HEXVUI
B002HQZX2U 10543 B002HQZX2U
B002HRF68A 10544 B002HRF68A
B002HWRZTI 10545 B002HWRZTI
B002HWUU3G 10546 B002HWUU3G
B002I41KLE 10547 B002I41KLE
B002I61FJY 10548 B002I61FJY
B002I9Z8AS 10549 B002I9Z8AS
B002IDVUJM 10550 B002IDVUJM
B002IFUCYE 10551 B002IFUCYE
B002IFUCZS 10552 B002IFUCZS
B002IO5KNS 10553 B002IO5KNS
B002IT5GDC 10554 B002IT5GDC
B002ITB3PM 10555 B002ITB3PM
B002ITSAI0 10556 B002ITSAI0
B002IVDLGY 10557 B002IVDLGY
B002JCSWVG 10558 B002JCSWVG
B002JHDBUS 10559 B002JHDBUS
B002JT6A7M 10560 B002JT6A7M
B002JVWR4A 10561 B002JVWR4A
B002JYPVR2 10562 B002JYPVR2
B002K0WBX2 10563 B002K0WBX2
B002K52G8W 10564 B002K52G8W
B002KISB56 10565 B002KISB56
B002KLAL88 10566 B002KLAL88
B002KPINY8 10567 B002KPINY8
B002KPUMZ6 10568 B002KPUMZ6
B002KQ6UE2 10569 B002KQ6UE2
B002KSA4F6 10570 B002KSA4F6
B002KVSJ6O 10571 B002KVSJ6O
B002L9N4N8 10572 B002L9N4N8
B002LCOHPE 10573 B002LCOHPE
B002LFPAUM 10574 B002LFPAUM
B002LFPBJW 10575 B002LFPBJW
B002LFPBOM 10576 B002LFPBOM
B002LFQIL2 10577 B002LFQIL2
B002LHGI1K 10578 B002LHGI1K
B002LHMD50 10579 B002LHMD50
B002LITRJ4 10580 B002LITRJ4
B002LYD2L2 10581 B002LYD2L2
B002M0HOV4 10582 B002M0HOV4
B002M2T1UO 10583 B002M2T1UO
B002M36R50 10584 B002M36R50
B002M3JJE6 10585 B002M3JJE6
B002M3JJEG 10586 B002M3JJEG
B002M9FSDG 10587 B002M9FSDG
B002MQM4FO 10588 B002MQM4FO
B002MRRRAA 10589 B002MRRRAA
B002MUAXIA 10590 B002MUAXIA
B002MUAXJY 10591 B002MUAXJY
B002MXG570 10592 B002MXG570
B002MZZMRM 10593 B002MZZMRM
B002MZZU1K 10594 B002MZZU1K
B002N57KGM 10595 B002N57KGM
B002N5N4FS 10596 B002N5N4FS
B002N5N4K8 10597 B002N5N4K8
B002N5N4NU 10598 B002N5N4NU
B002N5N5LG 10599 B002N5N5LG
B002N5N5M0 10600 B002N5N5M0
B002N5N5OI 10601 B002N5N5OI
B002N7HXJ4 10602 B002N7HXJ4
B002NALPLS 10603 B002NALPLS
B002NM6DH2 10604 B002NM6DH2
B002NN7F2I 10605 B002NN7F2I
B002NO4ISG 10606 B002NO4ISG
B002NPY7GS 10607 B002NPY7GS
B002NS5HOQ 10608 B002NS5HOQ
B002NTDX9G 10609 B002NTDX9G
B002NTDXS2 10610 B002NTDXS2
B002NWRMO0 10611 B002NWRMO0
B002NXSRNY 10612 B002NXSRNY
B002NXSRWK 10613 B002NXSRWK
B002O3Z4WU 10614 B002O3Z4WU
B002OCX630 10615 B002OCX630
B002OCX6YO 10616 B002OCX6YO
B002OEBRJ8 10617 B002OEBRJ8
B002OID512 10618 B002OID512
B002OKK2AW 10619 B002OKK2AW
B002OMIKHC 10620 B002OMIKHC
B002OOWKRQ 10621 B002OOWKRQ
B002OOWKXA 10622 B002OOWKXA
B002OOWKYE 10623 B002OOWKYE
B002OOWKZI 10624 B002OOWKZI
B002OOWL3E 10625 B002OOWL3E
B002OOWL98 10626 B002OOWL98
B002OOWLJI 10627 B002OOWLJI
B002OOWLPM 10628 B002OOWLPM
B002OVO18A 10629 B002OVO18A
B002P7UCJ0 10630 B002P7UCJ0
B002PCVLWW 10631 B002PCVLWW
B002PLMJ74 10632 B002PLMJ74
B002PLPQME 10633 B002PLPQME
B002PQ1PC4 10634 B002PQ1PC4
B002PQ7JQU 10635 B002PQ7JQU
B002PTTL22 10636 B002PTTL22
B002Q8GKLM 10637 B002Q8GKLM
B002QEHPQA 10638 B002QEHPQA
B002QH4R54 10639 B002QH4R54
B002QVTBEM 10640 B002QVTBEM
B002QW7AJY 10641 B002QW7AJY
B002QW7AKI 10642 B002QW7AKI
B002QW7ALW 10643 B002QW7ALW
B002QZ2DPW 10644 B002QZ2DPW
B002QZDSW4 10645 B002QZDSW4
B002R0EIVI 10646 B002R0EIVI
B002R0ELCY 10647 B002R0ELCY
B002R0LRK8 10648 B002R0LRK8
B002R8JG5I 10649 B002R8JG5I
B002R8Q1RE 10650 B002R8Q1RE
B002RBNNTA 10651 B002RBNNTA
B002RBZ13Q 10652 B002RBZ13Q
B002RD55KI 10653 B002RD55KI
B002RD55M6 10654 B002RD55M6
B002RD55NK 10655 B002RD55NK
B002RD55PS 10656 B002RD55PS
B002RJ8YDM 10657 B002RJ8YDM
B002RS7ND0 10658 B002RS7ND0
B002RSDW80 10659 B002RSDW80
B002RUNMMO 10660 B002RUNMMO
B002RVZV9U 10661 B002RVZV9U
B002S0OB8W 10662 B002S0OB8W
B002S3CTL0 10663 B002S3CTL0
B002S4DOA4 10664 B002S4DOA4
B002SAJ6E6 10665 B002SAJ6E6
B002SAJ6EQ 10666 B002SAJ6EQ
B002SAMME2 10667 B002SAMME2
B002SAMMLU 10668 B002SAMMLU
B002SAMMQA 10669 B002SAMMQA
B002SAMMQK 10670 B002SAMMQK
B002SCQKGQ 10671 B002SCQKGQ
B002SJIO5O 10672 B002SJIO5O
B002SQFZ68 10673 B002SQFZ68
B002SVP9GO 10674 B002SVP9GO
B002SYAGN2 10675 B002SYAGN2
B002SZQC7K 10676 B002SZQC7K
B002T4GXUQ 10677 B002T4GXUQ
B002T5QM42 10678 B002T5QM42
B002T5QM92 10679 B002T5QM92
B002T921C0 10680 B002T921C0
B002T9H2MY 10681 B002T9H2MY
B002TCRQ6S 10682 B002TCRQ6S
B002TJQLU8 10683 B002TJQLU8
B002TOJOY8 10684 B002TOJOY8
B002TOL4EG 10685 B002TOL4EG
B002TQKL16 10686 B002TQKL16
B002TQKL1Q 10687 B002TQKL1Q
B002TQKL48 10688 B002TQKL48
B002TQKL4S 10689 B002TQKL4S
B002TQKL7A 10690 B002TQKL7A
B002TSAAAG 10691 B002TSAAAG
B002TVQ48K 10692 B002TVQ48K
B002TY78PU 10693 B002TY78PU
B002TZS58S 10694 B002TZS58S
B002TZS5MY 10695 B002TZS5MY
B002U1LGUK 10696 B002U1LGUK
B002U4F5W2 10697 B002U4F5W2
B002U4UZQI 10698 B002U4UZQI
B002U4UZSQ 10699 B002U4UZSQ
B002U573W6 10700 B002U573W6
B002U6CJCO 10701 B002U6CJCO
B002U6DVPI 10702 B002U6DVPI
B002UJIY8O 10703 B002UJIY8O
B002UNHFWG 10704 B002UNHFWG
B002UNMW7O 10705 B002UNMW7O
B002UOMGX8 10706 B002UOMGX8
B002UPA4ZY 10707 B002UPA4ZY
B002UPQ1SI 10708 B002UPQ1SI
B002USF1TU 10709 B002USF1TU
B002USF1VS 10710 B002USF1VS
B002UZCJ8Y 10711 B002UZCJ8Y
B002VBWIC4 10712 B002VBWIC4
B002VECLVY 10713 B002VECLVY
B002VECLXM 10714 B002VECLXM
B002VECMB8 10715 B002VECMB8
B002VJ05EO 10716 B002VJ05EO
B002VKB0LU 10717 B002VKB0LU
B002VKB0MO 10718 B002VKB0MO
B002VKB0NI 10719 B002VKB0NI
B002VKE17U 10720 B002VKE17U
B002VKE1K2 10721 B002VKE1K2
B002VL5BWS 10722 B002VL5BWS
B002VPTJNQ 10723 B002VPTJNQ
B002VPTJOK 10724 B002VPTJOK
B002VWOMZ4 10725 B002VWOMZ4
B002VWWLDY 10726 B002VWWLDY
B002W1HBGG 10727 B002W1HBGG
B002W1UIVQ 10728 B002W1UIVQ
B002WBYDR6 10729 B002WBYDR6
B002WC89WK 10730 B002WC89WK
B002WIDRL2 10731 B002WIDRL2
B002WIDRLC 10732 B002WIDRLC
B002WJHBEU 10733 B002WJHBEU
B002WN8IS4 10734 B002WN8IS4
B002WNU0OY 10735 B002WNU0OY
B002WNU0QM 10736 B002WNU0QM
B002WNU0QW 10737 B002WNU0QW
B002WNUVJS 10738 B002WNUVJS
B002WY65VA 10739 B002WY65VA
B002XAFMTE 10740 B002XAFMTE
B002XKKX7K 10741 B002XKKX7K
B002XTBE60 10742 B002XTBE60
B002XTBE6U 10743 B002XTBE6U
B002XTBECY 10744 B002XTBECY
B002XTBEDI 10745 B002XTBEDI
B002XUL6MG 10746 B002XUL6MG
B002Y0KR70 10747 B002Y0KR70
B002Y5FKRW 10748 B002Y5FKRW
B002Y5UCOS 10749 B002Y5UCOS
B002YBUX0K 10750 B002YBUX0K
B002YGSZBY 10751 B002YGSZBY
B002YKFLBM 10752 B002YKFLBM
B002YMWQ2M 10753 B002YMWQ2M
B002YVHOKW 10754 B002YVHOKW
B002Z7FN7Q 10755 B002Z7FN7Q
B002Z9HBLA 10756 B002Z9HBLA
B002ZCY7QY 10757 B002ZCY7QY
B002ZCY7SW 10758 B002ZCY7SW
B002ZCY80O 10759 B002ZCY80O
B002ZCY81S 10760 B002ZCY81S
B002ZCY82W 10761 B002ZCY82W
B002ZCY85E 10762 B002ZCY85E
B002ZCY868 10763 B002ZCY868
B002ZCY872 10764 B002ZCY872
B002ZCY8CW 10765 B002ZCY8CW
B002ZFEQ4E 10766 B002ZFEQ4E
B002ZFEQ76 10767 B002ZFEQ76
B002ZG4QDE 10768 B002ZG4QDE
B002ZG9724 10769 B002ZG9724
B002ZG975Q 10770 B002ZG975Q
B002ZG9774 10771 B002ZG9774
B002ZG9788 10772 B002ZG9788
B002ZG97EC 10773 B002ZG97EC
B002ZG97M4 10774 B002ZG97M4
B002ZG97RY 10775 B002ZG97RY
B002ZG97WO 10776 B002ZG97WO
B002ZG97XI 10777 B002ZG97XI
B002ZG97Z6 10778 B002ZG97Z6
B002ZG9846 10779 B002ZG9846
B002ZG986E 10780 B002ZG986E
B002ZG988W 10781 B002ZG988W
B002ZG98DM 10782 B002ZG98DM
B002ZG98L4 10783 B002ZG98L4
B002ZG98LO 10784 B002ZG98LO
B002ZG98OQ 10785 B002ZG98OQ
B002ZG9904 10786 B002ZG9904
B002ZG996I 10787 B002ZG996I
B002ZG9990 10788 B002ZG9990
B002ZG99HC 10789 B002ZG99HC
B002ZG99MC 10790 B002ZG99MC
B002ZG99UY 10791 B002ZG99UY
B002ZGW92Y 10792 B002ZGW92Y
B002ZGW94M 10793 B002ZGW94M
B002ZPIBRC 10794 B002ZPIBRC
B002ZTLVXY 10795 B002ZTLVXY
B002ZTLVYI 10796 B002ZTLVYI
B002ZTNJ2A 10797 B002ZTNJ2A
B00308BAXK 10798 B00308BAXK
B0030BOCE6 10799 B0030BOCE6
B0030BYWU0 10800 B0030BYWU0
B0030CIG74 10801 B0030CIG74
B0030CRK4E 10802 B0030CRK4E
B0030DGHL0 10803 B0030DGHL0
B0030FXXMO 10804 B0030FXXMO
B0030GCZM2 10805 B0030GCZM2
B0030U1TFW 10806 B0030U1TFW
B0030VANJO 10807 B0030VANJO
B0030VBGJ0 10808 B0030VBGJ0
B0030VBGJU 10809 B0030VBGJU
B0030Y0I1Y 10810 B0030Y0I1Y
B0030Y12A0 10811 B0030Y12A0
B0030Y12BE 10812 B0030Y12BE
B0030ZOYG8 10813 B0030ZOYG8
B00315I6DE 10814 B00315I6DE
B00317LM7Y 10815 B00317LM7Y
B0031DDG9A 10816 B0031DDG9A
B0031L5CJO 10817 B0031L5CJO
B0031P6X84 10818 B0031P6X84
B0031RAOVY 10819 B0031RAOVY
B0031XLT3U 10820 B0031XLT3U
B0031Y8018 10821 B0031Y8018
B00329PYGQ 10822 B00329PYGQ
B0032BWL10 10823 B0032BWL10
B0032EFQQO 10824 B0032EFQQO
B0032JTV38 10825 B0032JTV38
B0032LV4KY 10826 B0032LV4KY
B0032LV4NG 10827 B0032LV4NG
B00331RHCM 10828 B00331RHCM
B00332DBK8 10829 B00332DBK8
B00336M8DK 10830 B00336M8DK
B00336V4DU 10831 B00336V4DU
B0033AGJ5Y 10832 B0033AGJ5Y
B0033AGJ68 10833 B0033AGJ68
B0033XUHAY 10834 B0033XUHAY
B003498RT0 10835 B003498RT0
B0034BBB1E 10836 B0034BBB1E
B0034G4P7Q 10837 B0034G4P7Q
B0034JKZ8G 10838 B0034JKZ8G
B0034PWPHY 10839 B0034PWPHY
B003552QUY 10840 B003552QUY
B0035CVB30 10841 B0035CVB30
B0035ECHJ0 10842 B0035ECHJ0
B0035ECHP4 10843 B0035ECHP4
B0035JHYG6 10844 B0035JHYG6
B0035JHYGQ 10845 B0035JHYGQ
B0035JHYIY 10846 B0035JHYIY
B0035JHYJI 10847 B0035JHYJI
B0035JHYRK 10848 B0035JHYRK
B0035MA5HS 10849 B0035MA5HS
B0035QHXLK 10850 B0035QHXLK
B0035RWG0M 10851 B0035RWG0M
B0035XECFI 10852 B0035XECFI
B003626TNG 10853 B003626TNG
B00364K7AU 10854 B00364K7AU
B00364K7DC 10855 B00364K7DC
B00366E1E6 10856 B00366E1E6
B00368PSIM 10857 B00368PSIM
B00369ERCY 10858 B00369ERCY
B0036APHNG 10859 B0036APHNG
B0036BDQ7E 10860 B0036BDQ7E
B0036BDQ88 10861 B0036BDQ88
B0036BDQLA 10862 B0036BDQLA
B0036BP5IM 10863 B0036BP5IM
B0036BRBOS 10864 B0036BRBOS
B0036EH3WU 10865 B0036EH3WU
B0036EH3X4 10866 B0036EH3X4
B0036EH3XO 10867 B0036EH3XO
B0036RPM98 10868 B0036RPM98
B0036TGSJE 10869 B0036TGSJE
B0036TGSWG 10870 B0036TGSWG
B0036TGTEI 10871 B0036TGTEI
B0036U0B0K 10872 B0036U0B0K
B00370843A 10873 B00370843A
B00371QQ5M 10874 B00371QQ5M
B00376AVHQ 10875 B00376AVHQ
B00376AVIA 10876 B00376AVIA
B00379AFXS 10877 B00379AFXS
B0037B2WOG 10878 B0037B2WOG
B0037HERAM 10879 B0037HERAM
B0037QGS0A 10880 B0037QGS0A
B0037TIIR8 10881 B0037TIIR8
B0037X5BME 10882 B0037X5BME
B00382S9MS 10883 B00382S9MS
B00383XZP8 10884 B00383XZP8
B00386EZUY 10885 B00386EZUY
B00386F0D0 10886 B00386F0D0
B00386OX4C 10887 B00386OX4C
B00388PK7O 10888 B00388PK7O
B0038AN1WI 10889 B0038AN1WI
B0038BZ9JU 10890 B0038BZ9JU
B0038EG20W 10891 B0038EG20W
B0038FPDSS 10892 B0038FPDSS
B0038JE376 10893 B0038JE376
B0038M2AOQ 10894 B0038M2AOQ
B0038M2AQE 10895 B0038M2AQE
B0038M2AWI 10896 B0038M2AWI
B0038M2RLC 10897 B0038M2RLC
B0038M2S2A 10898 B0038M2S2A
B0038N9X22 10899 B0038N9X22
B0038N9X3Q 10900 B0038N9X3Q
B0038Q9Q6W 10901 B0038Q9Q6W
B0038Q9QB2 10902 B0038Q9QB2
B0038RSIQA 10903 B0038RSIQA
B0038SUBCS 10904 B0038SUBCS
B00395ATPO 10905 B00395ATPO
B00395ATT0 10906 B00395ATT0
B0039NNFX4 10907 B0039NNFX4
B0039USJBK 10908 B0039USJBK
B0039UT3LK 10909 B0039UT3LK
B0039UU3G4 10910 B0039UU3G4
B0039WHKE0 10911 B0039WHKE0
B0039XFD20 10912 B0039XFD20
B0039ZBM14 10913 B0039ZBM14
B0039ZBM3C 10914 B0039ZBM3C
B003A12WBQ 10915 B003A12WBQ
B003A6C6VM 10916 B003A6C6VM
B003A86D3C 10917 B003A86D3C
B003A8FET6 10918 B003A8FET6
B003A8K5G8 10919 B003A8K5G8
B003AIL24C 10920 B003AIL24C
B003AQTJG2 10921 B003AQTJG2
B003AT9DE2 10922 B003AT9DE2
B003B3V0UM 10923 B003B3V0UM
B003BEDAVS 10924 B003BEDAVS
B003BI7718 10925 B003BI7718
B003BJO8I2 10926 B003BJO8I2
B003BJODJQ 10927 B003BJODJQ
B003BLPEH4 10928 B003BLPEH4
B003BLPEHE 10929 B003BLPEHE
B003BNY1WQ 10930 B003BNY1WQ
B003BV8ICM 10931 B003BV8ICM
B003C5FN7K 10932 B003C5FN7K
B003CI2G6S 10933 B003CI2G6S
B003CJXJ4A 10934 B003CJXJ4A
B003CJXJ8Q 10935 B003CJXJ8Q
B003CPPY0Q 10936 B003CPPY0Q
B003CPPY74 10937 B003CPPY74
B003CT4XPO 10938 B003CT4XPO
B003CWEQ7G 10939 B003CWEQ7G
B003CYLO42 10940 B003CYLO42
B003D8M0N6 10941 B003D8M0N6
B003DBLDKE 10942 B003DBLDKE
B003DU50U4 10943 B003DU50U4
B003DUBAWG 10944 B003DUBAWG
B003DZX46G 10945 B003DZX46G
B003E1QDAI 10946 B003E1QDAI
B003E4B0H6 10947 B003E4B0H6
B003E51VUQ 10948 B003E51VUQ
B003E6VN62 10949 B003E6VN62
B003ELOQD4 10950 B003ELOQD4
B003ES5JDS 10951 B003ES5JDS
B003ES5JEC 10952 B003ES5JEC
B003ES5JOC 10953 B003ES5JOC
B003EV6DCG 10954 B003EV6DCG
B003EYVXQO 10955 B003EYVXQO
B003EYVXTQ 10956 B003EYVXTQ
B003EYVXWI 10957 B003EYVXWI
B003F1WA7C 10958 B003F1WA7C
B003F2LH34 10959 B003F2LH34
B003F3NDOO 10960 B003F3NDOO
B003F3NDP8 10961 B003F3NDP8
B003F3NDW6 10962 B003F3NDW6
B003F3NE1Q 10963 B003F3NE1Q
B003F3NE7K 10964 B003F3NE7K
B003FBO6N8 10965 B003FBO6N8
B003FSTN70 10966 B003FSTN70
B003FSTN84 10967 B003FSTN84
B003FSTN8E 10968 B003FSTN8E
B003FTM18W 10969 B003FTM18W
B003FUZMWS 10970 B003FUZMWS
B003FXXNH6 10971 B003FXXNH6
B003G4CWQM 10972 B003G4CWQM
B003G715JY 10973 B003G715JY
B003G715ZS 10974 B003G715ZS
B003G9IT3C 10975 B003G9IT3C
B003GAMN6K 10976 B003GAMN6K
B003GAMOIW 10977 B003GAMOIW
B003GAMOL4 10978 B003GAMOL4
B003GAMOLY 10979 B003GAMOLY
B003GW84R0 10980 B003GW84R0
B003H5WF3U 10981 B003H5WF3U
B003H6KRKC 10982 B003H6KRKC
B003H8F2VE 10983 B003H8F2VE
B003H8F2WI 10984 B003H8F2WI
B003H8F3AY 10985 B003H8F3AY
B003H8F5SO 10986 B003H8F5SO
B003H9LIZ2 10987 B003H9LIZ2
B003HC9JIW 10988 B003HC9JIW
B003HC9JJ6 10989 B003HC9JJ6
B003HFUVQI 10990 B003HFUVQI
B003HTPHUY 10991 B003HTPHUY
B003HUNCDW 10992 B003HUNCDW
B003ICWTR4 10993 B003ICWTR4
B003IHUI0O 10994 B003IHUI0O
B003IMERF6 10995 B003IMERF6
B003IRUFBG 10996 B003IRUFBG
B003IRUFCA 10997 B003IRUFCA
B003IRUFCU 10998 B003IRUFCU
B003IY498Y 10999 B003IY498Y
B003J216JU 11000 B003J216JU
B003J27WFW 11001 B003J27WFW
B003JDQJM8 11002 B003JDQJM8
B003JHXS1E 11003 B003JHXS1E
B003JLL2QS 11004 B003JLL2QS
B003JLL2RW 11005 B003JLL2RW
B003JOCZU2 11006 B003JOCZU2
B003JOY4F6 11007 B003JOY4F6
B003JQZXXQ 11008 B003JQZXXQ
B003JZCVR8 11009 B003JZCVR8
B003JZCVT6 11010 B003JZCVT6
B003K02EV0 11011 B003K02EV0
B003K1NGXE 11012 B003K1NGXE
B003K2G0TA 11013 B003K2G0TA
B003KJ7BN2 11014 B003KJ7BN2
B003KM4CHW 11015 B003KM4CHW
B003KOY32E 11016 B003KOY32E
B003KSO3QQ 11017 B003KSO3QQ
B003KUSUE0 11018 B003KUSUE0
B003KZ27N0 11019 B003KZ27N0
B003L16FC2 11020 B003L16FC2
B003L1ZWA8 11021 B003L1ZWA8
B003L1ZWG2 11022 B003L1ZWG2
B003L20IF6 11023 B003L20IF6
B003L20IFQ 11024 B003L20IFQ
B003L20IG0 11025 B003L20IG0
B003L20III 11026 B003L20III
B003L20IJW 11027 B003L20IJW
B003L20ILA 11028 B003L20ILA
B003L77FXE 11029 B003L77FXE
B003L77FYS 11030 B003L77FYS
B003L77G06 11031 B003L77G06
B003L77G1K 11032 B003L77G1K
B003L77G2Y 11033 B003L77G2Y
B003L77G6A 11034 B003L77G6A
B003L77G6U 11035 B003L77G6U
B003L77G7Y 11036 B003L77G7Y
B003L77GBU 11037 B003L77GBU
B003L77GDS 11038 B003L77GDS
B003L77GE2 11039 B003L77GE2
B003L77GG0 11040 B003L77GG0
B003L77GGK 11041 B003L77GGK
B003L77GHE 11042 B003L77GHE
B003L77GJM 11043 B003L77GJM
B003L77GMO 11044 B003L77GMO
B003L77GPG 11045 B003L77GPG
B003L77GTM 11046 B003L77GTM
B003L77GVK 11047 B003L77GVK
B003L77H1E 11048 B003L77H1E
B003LL181U 11049 B003LL181U
B003LLVVX0 11050 B003LLVVX0
B003LSTWH0 11051 B003LSTWH0
B003M3A82M 11052 B003M3A82M
B003M8NG58 11053 B003M8NG58
B003M8NGG2 11054 B003M8NGG2
B003M8NGLW 11055 B003M8NGLW
B003M8NGPS 11056 B003M8NGPS
B003M8OHVU 11057 B003M8OHVU
B003M986TS 11058 B003M986TS
B003M9ZAC4 11059 B003M9ZAC4
B003MRD9KQ 11060 B003MRD9KQ
B003N2CVPY 11061 B003N2CVPY
B003N2JKY4 11062 B003N2JKY4
B003N3BQXG 11063 B003N3BQXG
B003N71L1E 11064 B003N71L1E
B003NA9G0E 11065 B003NA9G0E
B003ND0ATC 11066 B003ND0ATC
B003ND0AXS 11067 B003ND0AXS
B003NE8B4M 11068 B003NE8B4M
B003NE8B6K 11069 B003NE8B6K
B003NFM3JK 11070 B003NFM3JK
B003NHMYHY 11071 B003NHMYHY
B003NHMYJ2 11072 B003NHMYJ2
B003NKU9AK 11073 B003NKU9AK
B003NLE5KY 11074 B003NLE5KY
B003NOCXB4 11075 B003NOCXB4
B003O7I6KW 11076 B003O7I6KW
B003O97W2S 11077 B003O97W2S
B003O9IY98 11078 B003O9IY98
B003OCWF6I 11079 B003OCWF6I
B003OT4HH6 11080 B003OT4HH6
B003P0W1KE 11081 B003P0W1KE
B003P3DZDI 11082 B003P3DZDI
B003PIUIHO 11083 B003PIUIHO
B003PJ1UTS 11084 B003PJ1UTS
B003PK28FM 11085 B003PK28FM
B003PU82CU 11086 B003PU82CU
B003Q6D27S 11087 B003Q6D27S
B003Q6D2B4 11088 B003Q6D2B4
B003Q7B6ZC 11089 B003Q7B6ZC
B003Q7B7BU 11090 B003Q7B7BU
B003Q7B7F6 11091 B003Q7B7F6
B003QF1N52 11092 B003QF1N52
B003QF1N7K 11093 B003QF1N7K
B003QF1NAW 11094 B003QF1NAW
B003QP4CNC 11095 B003QP4CNC
B003QP4CZA 11096 B003QP4CZA
B003QS0E54 11097 B003QS0E54
B003QTDH4S 11098 B003QTDH4S
B003QTDH8E 11099 B003QTDH8E
B003QZO8AY 11100 B003QZO8AY
B003R0MEJA 11101 B003R0MEJA
B003R0MEK4 11102 B003R0MEK4
B003R0MEOA 11103 B003R0MEOA
B003R0MEOU 11104 B003R0MEOU
B003R0MEPE 11105 B003R0MEPE
B003R0MEPY 11106 B003R0MEPY
B003R0MESG 11107 B003R0MESG
B003R0MEW2 11108 B003R0MEW2
B003R0MEXQ 11109 B003R0MEXQ
B003R0MEYA 11110 B003R0MEYA
B003R0MEZ4 11111 B003R0MEZ4
B003R0MEZO 11112 B003R0MEZO
B003R0MF08 11113 B003R0MF08
B003R0MF0S 11114 B003R0MF0S
B003R0MF1W 11115 B003R0MF1W
B003R0MF3K 11116 B003R0MF3K
B003R0MF5I 11117 B003R0MF5I
B003R0MF62 11118 B003R0MF62
B003R0MF6W 11119 B003R0MF6W
B003R0MF7G 11120 B003R0MF7G
B003R3JNQY 11121 B003R3JNQY
B003R3JNTQ 11122 B003R3JNTQ
B003R4ZMO0 11123 B003R4ZMO0
B003R4ZMOK 11124 B003R4ZMOK
B003R4ZMPE 11125 B003R4ZMPE
B003R4ZMQI 11126 B003R4ZMQI
B003R4ZMS6 11127 B003R4ZMS6
B003R9IELI 11128 B003R9IELI
B003RACH88 11129 B003RACH88
B003RD7QR2 11130 B003RD7QR2
B003RHZ666 11131 B003RHZ666
B003RHZ66Q 11132 B003RHZ66Q
B003RHZ6CK 11133 B003RHZ6CK
B003RHZ6F2 11134 B003RHZ6F2
B003RHZ6KC 11135 B003RHZ6KC
B003RLLSWI 11136 B003RLLSWI
B003RRXU3C 11137 B003RRXU3C
B003S1UNZK 11138 B003S1UNZK
B003S4LEPA 11139 B003S4LEPA
B003SH6EPM 11140 B003SH6EPM
B003SLEDJC 11141 B003SLEDJC
B003SPDS7G 11142 B003SPDS7G
B003SPDS8A 11143 B003SPDS8A
B003SPDS8U 11144 B003SPDS8U
B003SPDSAI 11145 B003SPDSAI
B003SPDSBM 11146 B003SPDSBM
B003SYQ7F2 11147 B003SYQ7F2
B003T6LHWW 11148 B003T6LHWW
B003T9YANM 11149 B003T9YANM
B003TJM6I8 11150 B003TJM6I8
B003TLMPHI 11151 B003TLMPHI
B003TO541O 11152 B003TO541O
B003TU137M 11153 B003TU137M
B003TVTS7I 11154 B003TVTS7I
B003TY2STU 11155 B003TY2STU
B003TYI092 11156 B003TYI092
B003U0AHBO 11157 B003U0AHBO
B003U4H0CE 11158 B003U4H0CE
B003U9XZYQ 11159 B003U9XZYQ
B003UCA4XI 11160 B003UCA4XI
B003UD7J3K 11161 B003UD7J3K
B003UD7J62 11162 B003UD7J62
B003UD7J9E 11163 B003UD7J9E
B003UD7JC6 11164 B003UD7JC6
B003UD7JEE 11165 B003UD7JEE
B003UESJC4 11166 B003UESJC4
B003UESJF6 11167 B003UESJF6
B003UESJHE 11168 B003UESJHE
B003UESJHY 11169 B003UESJHY
B003UESJII 11170 B003UESJII
B003UESJME 11171 B003UESJME
B003UEYBPI 11172 B003UEYBPI
B003UGLCIK 11173 B003UGLCIK
B003UH3RQO 11174 B003UH3RQO
B003ULW71Q 11175 B003ULW71Q
B003UM8T12 11176 B003UM8T12
B003UMW69I 11177 B003UMW69I
B003UN0752 11178 B003UN0752
B003UU65QK 11179 B003UU65QK
B003V3FSO6 11180 B003V3FSO6
B003V924K6 11181 B003V924K6
B003VB5E2E 11182 B003VB5E2E
B003VE9WPG 11183 B003VE9WPG
B003VIWSA8 11184 B003VIWSA8
B003VJTGNE 11185 B003VJTGNE
B003VOVVWS 11186 B003VOVVWS
B003VOVVXC 11187 B003VOVVXC
B003VPX5XA 11188 B003VPX5XA
B003VS0CXI 11189 B003VS0CXI
B003VWDK06 11190 B003VWDK06
B003W39FY4 11191 B003W39FY4
B003W5C0VW 11192 B003W5C0VW
B003WEAW18 11193 B003WEAW18
B003WEAW2C 11194 B003WEAW2C
B003WHACGK 11195 B003WHACGK
B003WKQ44Q 11196 B003WKQ44Q
B003WOUP2O 11197 B003WOUP2O
B003X1VJ1M 11198 B003X1VJ1M
B003X2P90S 11199 B003X2P90S
B003X2P98U 11200 B003X2P98U
B003X4KHRG 11201 B003X4KHRG
B003XDU7ZE 11202 B003XDU7ZE
B003XFN1Z0 11203 B003XFN1Z0
B003XM707S 11204 B003XM707S
B003XMKN40 11205 B003XMKN40
B003XMKU0M 11206 B003XMKU0M
B003XMKU2A 11207 B003XMKU2A
B003XMKUEI 11208 B003XMKUEI
B003XTUAWI 11209 B003XTUAWI
B003XTUAX2 11210 B003XTUAX2
B003Y5H4W0 11211 B003Y5H4W0
B003Y5H4ZM 11212 B003Y5H4ZM
B003Y5H4ZW 11213 B003Y5H4ZW
B003Y5H51K 11214 B003Y5H51K
B003Y5H54W 11215 B003Y5H54W
B003Y5H57E 11216 B003Y5H57E
B003Y5H5BA 11217 B003Y5H5BA
B003Y5H5C4 11218 B003Y5H5C4
B003Y5H5FG 11219 B003Y5H5FG
B003Y5H5GU 11220 B003Y5H5GU
B003Y5H5HO 11221 B003Y5H5HO
B003Y5HWMW 11222 B003Y5HWMW
B003Y9NXDK 11223 B003Y9NXDK
B003YCI238 11224 B003YCI238
B003YCYZAC 11225 B003YCYZAC
B003YCYZBG 11226 B003YCYZBG
B003YE450U 11227 B003YE450U
B003YE4514 11228 B003YE4514
B003YE451E 11229 B003YE451E
B003YF9PZY 11230 B003YF9PZY
B003YGC7VM 11231 B003YGC7VM
B003YKDPCI 11232 B003YKDPCI
B003YKVGKG 11233 B003YKVGKG
B003YKYX7O 11234 B003YKYX7O
B003YKYX9M 11235 B003YKYX9M
B003YUBZ7A 11236 B003YUBZ7A
B003YVP5FM 11237 B003YVP5FM
B003YXZH94 11238 B003YXZH94
B003YXZHI0 11239 B003YXZHI0
B003Z3CZGG 11240 B003Z3CZGG
B003Z3MUEI 11241 B003Z3MUEI
B003Z8ZC2A 11242 B003Z8ZC2A
B003Z8ZCD4 11243 B003Z8ZCD4
B003ZD9E2E 11244 B003ZD9E2E
B003ZFXE82 11245 B003ZFXE82
B003ZHR6U2 11246 B003ZHR6U2
B003ZHVJFK 11247 B003ZHVJFK
B003ZJ0POO 11248 B003ZJ0POO
B003ZJK4HW 11249 B003ZJK4HW
B003ZQ3Z80 11250 B003ZQ3Z80
B003ZTDZVY 11251 B003ZTDZVY
B003ZUO6OS 11252 B003ZUO6OS
B003ZVJFEI 11253 B003ZVJFEI
B003ZVL0V4 11254 B003ZVL0V4
B003ZVU1P0 11255 B003ZVU1P0
B003ZXNCH2 11256 B003ZXNCH2
B003ZXNCHW 11257 B003ZXNCHW
B003ZYU3TQ 11258 B003ZYU3TQ
B003ZZ7TPG 11259 B003ZZ7TPG
B0040319A8 11260 B0040319A8
B004047Y06 11261 B004047Y06
B00404ME0G 11262 B00404ME0G
B00404ME0Q 11263 B00404ME0Q
B00404ME1A 11264 B00404ME1A
B00404ME1K 11265 B00404ME1K
B00404ME2E 11266 B00404ME2E
B00406UJZG 11267 B00406UJZG
B004083REE 11268 B004083REE
B00408YYEG 11269 B00408YYEG
B0040J1RZE 11270 B0040J1RZE
B0040QTNSU 11271 B0040QTNSU
B0041ETK2A 11272 B0041ETK2A
B0041H55LM 11273 B0041H55LM
B0041H55SA 11274 B0041H55SA
B0041KKYDI 11275 B0041KKYDI
B0041KKYEM 11276 B0041KKYEM
B0041KKYH4 11277 B0041KKYH4
B0041KKZIW 11278 B0041KKZIW
B0041KT3OY 11279 B0041KT3OY
B0041SI7A2 11280 B0041SI7A2
B0041UUNUM 11281 B0041UUNUM
B004270RXC 11282 B004270RXC
B0042AEU6Y 11283 B0042AEU6Y
B0042AGNBE 11284 B0042AGNBE
B0042DN4XG 11285 B0042DN4XG
B0042EJD8A 11286 B0042EJD8A
B0042EJDJ4 11287 B0042EJDJ4
B0042FDCMM 11288 B0042FDCMM
B0042FUHRK 11289 B0042FUHRK
B0042I6528 11290 B0042I6528
B0042JGGEO 11291 B0042JGGEO
B0042JH0BW 11292 B0042JH0BW
B0042L0OFE 11293 B0042L0OFE
B0042L0P1C 11294 B0042L0P1C
B0042SSO1I 11295 B0042SSO1I
B0042U9B3Q 11296 B0042U9B3Q
B0042ZTQ3G 11297 B0042ZTQ3G
B00432QAKK 11298 B00432QAKK
B0043988G2 11299 B0043988G2
B0043988IK 11300 B0043988IK
B0043988J4 11301 B0043988J4
B0043988P8 11302 B0043988P8
B0043CT8KO 11303 B0043CT8KO
B0043CT9E4 11304 B0043CT9E4
B0043E8YAC 11305 B0043E8YAC
B0043E8YAM 11306 B0043E8YAM
B0043K8LXG 11307 B0043K8LXG
B0043LUR6E 11308 B0043LUR6E
B0043SQI9W 11309 B0043SQI9W
B0043SS2EQ 11310 B0043SS2EQ
B0043TGIXC 11311 B0043TGIXC
B0043URV1O 11312 B0043URV1O
B0043VUHXC 11313 B0043VUHXC
B00440FO6M 11314 B00440FO6M
B00443FMHU 11315 B00443FMHU
B00443FMKM 11316 B00443FMKM
B00443FN1A 11317 B00443FN1A
B00443FN1U 11318 B00443FN1U
B004448GJU 11319 B004448GJU
B004498KPU 11320 B004498KPU
B00449C4BQ 11321 B00449C4BQ
B0044BIZR6 11322 B0044BIZR6
B0044LYRL4 11323 B0044LYRL4
B0044M2OMM 11324 B0044M2OMM
B0044U9CEC 11325 B0044U9CEC
B0044WNK7U 11326 B0044WNK7U
B00450AG1Y 11327 B00450AG1Y
B0045EPVO2 11328 B0045EPVO2
B0045FYTNK 11329 B0045FYTNK
B0045I3EQA 11330 B0045I3EQA
B0045JJ1O8 11331 B0045JJ1O8
B0045JQ3L2 11332 B0045JQ3L2
B0045NXMJE 11333 B0045NXMJE
B0045O2PFK 11334 B0045O2PFK
B00465I13S 11335 B00465I13S
B00465I1BA 11336 B00465I1BA
B00466H37M 11337 B00466H37M
B00466H37W 11338 B00466H37W
B00466H3A4 11339 B00466H3A4
B00466HN86 11340 B00466HN86
B00466HOR6 11341 B00466HOR6
B0046A9RMC 11342 B0046A9RMC
B0046BI826 11343 B0046BI826
B0046GDMV8 11344 B0046GDMV8
B0046GDYLQ 11345 B0046GDYLQ
B0046H0HZ6 11346 B0046H0HZ6
B0046H0I14 11347 B0046H0I14
B0046HBKUC 11348 B0046HBKUC
B0046MOVD0 11349 B0046MOVD0
B0046MOVE4 11350 B0046MOVE4
B0046S8MRU 11351 B0046S8MRU
B0046ZT40W 11352 B0046ZT40W
B00471JT0K 11353 B00471JT0K
B00471JT50 11354 B00471JT50
B0047BXQZY 11355 B0047BXQZY
B0047BXR1C 11356 B0047BXR1C
B0047BXR1M 11357 B0047BXR1M
B0047BXR44 11358 B0047BXR44
B0047BXR94 11359 B0047BXR94
B0047DKLCS 11360 B0047DKLCS
B0047EGK9A 11361 B0047EGK9A
B0047HXMJ8 11362 B0047HXMJ8
B0047S4UPW 11363 B0047S4UPW
B0047UJBMC 11364 B0047UJBMC
B0047XGYRE 11365 B0047XGYRE
B00480OCXO 11366 B00480OCXO
B00483VQTE 11367 B00483VQTE
B00487156Y 11368 B00487156Y
B0048EAYQE 11369 B0048EAYQE
B0048IW0KS 11370 B0048IW0KS
B0048LPRCS 11371 B0048LPRCS
B0048LVDHG 11372 B0048LVDHG
B0048M6PU0 11373 B0048M6PU0
B004919RHI 11374 B004919RHI
B00498NBE6 11375 B00498NBE6
B0049EO108 11376 B0049EO108
B0049EOFCC 11377 B0049EOFCC
B0049EVR32 11378 B0049EVR32
B0049J515W 11379 B0049J515W
B0049P1ZZQ 11380 B0049P1ZZQ
B0049PN46E 11381 B0049PN46E
B0049S1NY6 11382 B0049S1NY6
B0049SF8W4 11383 B0049SF8W4
B0049TC8BC 11384 B0049TC8BC
B0049TC8C6 11385 B0049TC8C6
B0049TC8CQ 11386 B0049TC8CQ
B0049Y6I7C 11387 B0049Y6I7C
B004A3271S 11388 B004A3271S
B004A77FNO 11389 B004A77FNO
B004A8ZWT2 11390 B004A8ZWT2
B004A8ZWUQ 11391 B004A8ZWUQ
B004A8ZWVA 11392 B004A8ZWVA
B004A8ZWVU 11393 B004A8ZWVU
B004A8ZWW4 11394 B004A8ZWW4
B004A8ZWWO 11395 B004A8ZWWO
B004A8ZX1O 11396 B004A8ZX1O
B004A8ZX28 11397 B004A8ZX28
B004A8ZX32 11398 B004A8ZX32
B004A8ZX3C 11399 B004A8ZX3C
B004A8ZX4G 11400 B004A8ZX4G
B004AC6PV2 11401 B004AC6PV2
B004AE3QUS 11402 B004AE3QUS
B004AE3QY4 11403 B004AE3QY4
B004AFUJGG 11404 B004AFUJGG
B004AGKE7Y 11405 B004AGKE7Y
B004AGN9MG 11406 B004AGN9MG
B004AHAEV4 11407 B004AHAEV4
B004AJDEBO 11408 B004AJDEBO
B004AODY3C 11409 B004AODY3C
B004AR4VRW 11410 B004AR4VRW
B004AUCCZ2 11411 B004AUCCZ2
B004AUCDK6 11412 B004AUCDK6
B004AUP3EY 11413 B004AUP3EY
B004AUP3F8 11414 B004AUP3F8
B004AV5GX6 11415 B004AV5GX6
B004AV5H2G 11416 B004AV5H2G
B004AV5H3U 11417 B004AV5H3U
B004AZ7ZKY 11418 B004AZ7ZKY
B004B3PB74 11419 B004B3PB74
B004B3S9Y6 11420 B004B3S9Y6
B004B63M1S 11421 B004B63M1S
B004B93RC4 11422 B004B93RC4
B004BDOEZO 11423 B004BDOEZO
B004BDOF1C 11424 B004BDOF1C
B004BLJQOK 11425 B004BLJQOK
B004BN2UT6 11426 B004BN2UT6
B004BR7XGM 11427 B004BR7XGM
B004BR7XLM 11428 B004BR7XLM
B004BR83KC 11429 B004BR83KC
B004BZ5AM8 11430 B004BZ5AM8
B004C03THU 11431 B004C03THU
B004C03TK2 11432 B004C03TK2
B004C1W1VY 11433 B004C1W1VY
B004C2523M 11434 B004C2523M
B004C39E3K 11435 B004C39E3K
B004C45AZU 11436 B004C45AZU
B004CCNB58 11437 B004CCNB58
B004CFH9EO 11438 B004CFH9EO
B004CFH9F8 11439 B004CFH9F8
B004CJQVI0 11440 B004CJQVI0
B004CJQVNU 11441 B004CJQVNU
B004CJQVO4 11442 B004CJQVO4
B004CJQVQC 11443 B004CJQVQC
B004CLYJF0 11444 B004CLYJF0
B004CQZFEE 11445 B004CQZFEE
B004CRR9FG 11446 B004CRR9FG
B004CRR9IS 11447 B004CRR9IS
B004CSBVJ0 11448 B004CSBVJ0
B004CWLRFE 11449 B004CWLRFE
B004CWLRGI 11450 B004CWLRGI
B004CYECFE 11451 B004CYECFE
B004CYF7D0 11452 B004CYF7D0
B004CYVZ36 11453 B004CYVZ36
B004CYVZ4K 11454 B004CYVZ4K
B004CZRDYA 11455 B004CZRDYA
B004CZRE44 11456 B004CZRE44
B004CZRE7Q 11457 B004CZRE7Q
B004CZZZX6 11458 B004CZZZX6
B004D8P258 11459 B004D8P258
B004DAS3AW 11460 B004DAS3AW
B004DCB0ZU 11461 B004DCB0ZU
B004DCM5RC 11462 B004DCM5RC
B004DMIIPA 11463 B004DMIIPA
B004DMIIPK 11464 B004DMIIPK
B004DMIISC 11465 B004DMIISC
B004DMIJ0E 11466 B004DMIJ0E
B004DNXIHM 11467 B004DNXIHM
B004DOTKBO 11468 B004DOTKBO
B004DOTKC8 11469 B004DOTKC8
B004DOTKDM 11470 B004DOTKDM
B004DTLK76 11471 B004DTLK76
B004DY3N9Y 11472 B004DY3N9Y
B004E1OFAM 11473 B004E1OFAM
B004E83KVU 11474 B004E83KVU
B004EC5IWU 11475 B004EC5IWU
B004EE30C8 11476 B004EE30C8
B004EI2NOK 11477 B004EI2NOK
B004EI2NPO 11478 B004EI2NPO
B004EI2NWM 11479 B004EI2NWM
B004EJTGPS 11480 B004EJTGPS
B004EPYSBE 11481 B004EPYSBE
B004EPYZCQ 11482 B004EPYZCQ
B004EPYZDK 11483 B004EPYZDK
B004EPYZHQ 11484 B004EPYZHQ
B004EPYZIU 11485 B004EPYZIU
B004EPYZNU 11486 B004EPYZNU
B004EPYZOE 11487 B004EPYZOE
B004EPYZOY 11488 B004EPYZOY
B004EPYZP8 11489 B004EPYZP8
B004EPYZQ2 11490 B004EPYZQ2
B004EPYZQC 11491 B004EPYZQC
B004EPYZRG 11492 B004EPYZRG
B004EPYZSA 11493 B004EPYZSA
B004EPYZTE 11494 B004EPYZTE
B004EPYZU8 11495 B004EPYZU8
B004EPYZUS 11496 B004EPYZUS
B004EPYZVW 11497 B004EPYZVW
B004EPYZXK 11498 B004EPYZXK
B004EPZ00M 11499 B004EPZ00M
B004EPZ01G 11500 B004EPZ01G
B004EPZ02A 11501 B004EPZ02A
B004EPZ03E 11502 B004EPZ03E
B004EPZ03O 11503 B004EPZ03O
B004EPZ06Q 11504 B004EPZ06Q
B004EPZ070 11505 B004EPZ070
B004EPZ07K 11506 B004EPZ07K
B004EPZ08E 11507 B004EPZ08E
B004EPZ08O 11508 B004EPZ08O
B004EPZ0AM 11509 B004EPZ0AM
B004EPZ0BG 11510 B004EPZ0BG
B004ES6TBS 11511 B004ES6TBS
B004F4HWN0 11512 B004F4HWN0
B004F4HWQM 11513 B004F4HWQM
B004FGA2HQ 11514 B004FGA2HQ
B004FGA2LM 11515 B004FGA2LM
B004FK2MWA 11516 B004FK2MWA
B004FKKU92 11517 B004FKKU92
B004FM2EL2 11518 B004FM2EL2
B004FPE43K 11519 B004FPE43K
B004FUYSV8 11520 B004FUYSV8
B004FV4R86 11521 B004FV4R86
B004FV4R8G 11522 B004FV4R8G
B004FZWDRE 11523 B004FZWDRE
B004G5Z0DW 11524 B004G5Z0DW
B004G9C7RK 11525 B004G9C7RK
B004GIIHYI 11526 B004GIIHYI
B004GJYRBY 11527 B004GJYRBY
B004GJYRLY 11528 B004GJYRLY
B004GSVX8A 11529 B004GSVX8A
B004GSVXAS 11530 B004GSVXAS
B004GTVU78 11531 B004GTVU78
B004H4N13S 11532 B004H4N13S
B004H83IGY 11533 B004H83IGY
B004HHX9FK 11534 B004HHX9FK
B004HHX9PK 11535 B004HHX9PK
B004HO6HWK 11536 B004HO6HWK
B004HO6HY8 11537 B004HO6HY8
B004HO6I2O 11538 B004HO6I2O
B004HO6I4M 11539 B004HO6I4M
B004HW7JI8 11540 B004HW7JI8
B004I11VZ0 11541 B004I11VZ0
B004I1BEHU 11542 B004I1BEHU
B004I1JYI6 11543 B004I1JYI6
B004I1K2GY 11544 B004I1K2GY
B004I1K4MQ 11545 B004I1K4MQ
B004I2K4E8 11546 B004I2K4E8
B004I85CY4 11547 B004I85CY4
B004I8OUG0 11548 B004I8OUG0
B004I8WHCO 11549 B004I8WHCO
B004I9SJFW 11550 B004I9SJFW
B004I9SJG6 11551 B004I9SJG6
B004IB04NK 11552 B004IB04NK
B004IB04NU 11553 B004IB04NU
B004IB04OE 11554 B004IB04OE
B004IEBRSI 11555 B004IEBRSI
B004IFYMWK 11556 B004IFYMWK
B004IK30MI 11557 B004IK30MI
B004IK30QY 11558 B004IK30QY
B004INAKS2 11559 B004INAKS2
B004ISM6E8 11560 B004ISM6E8
B004ITYDT8 11561 B004ITYDT8
B004IWR06S 11562 B004IWR06S
B004IY1AW6 11563 B004IY1AW6
B004IZDV90 11564 B004IZDV90
B004IZJL4Y 11565 B004IZJL4Y
B004J328YA 11566 B004J328YA
B004J35K0O 11567 B004J35K0O
B004J713JW 11568 B004J713JW
B004JHYTH0 11569 B004JHYTH0
B004JMSIS6 11570 B004JMSIS6
B004JUJNNC 11571 B004JUJNNC
B004JXRXCM 11572 B004JXRXCM
B004K1F8AC 11573 B004K1F8AC
B004K4FU9S 11574 B004K4FU9S
B004K4FUSE 11575 B004K4FUSE
B004K4FUUC 11576 B004K4FUUC
B004K4FUVQ 11577 B004K4FUVQ
B004K5RN2O 11578 B004K5RN2O
B004K6FS5W 11579 B004K6FS5W
B004K8WJ4S 11580 B004K8WJ4S
B004KA1DGG 11581 B004KA1DGG
B004KCAYXC 11582 B004KCAYXC
B004KDYQXU 11583 B004KDYQXU
B004KDYQYY 11584 B004KDYQYY
B004KDYR5W 11585 B004KDYR5W
B004KKPQMI 11586 B004KKPQMI
B004KL0OVU 11587 B004KL0OVU
B004KL0OW4 11588 B004KL0OW4
B004KO1NU8 11589 B004KO1NU8
B004KO2EUG 11590 B004KO2EUG
B004KPD1IO 11591 B004KPD1IO
B004KSRML8 11592 B004KSRML8
B004KV93B2 11593 B004KV93B2
B004KZH5JK 11594 B004KZH5JK
B004L03B3S 11595 B004L03B3S
B004L1DB9G 11596 B004L1DB9G
B004L3AR0K 11597 B004L3AR0K
B004L5GY82 11598 B004L5GY82
B004L9GM5S 11599 B004L9GM5S
B004LB5FEA 11600 B004LB5FEA
B004LGGXG4 11601 B004LGGXG4
B004LO0AJM 11602 B004LO0AJM
B004LQPP4K 11603 B004LQPP4K
B004LROMQ6 11604 B004LROMQ6
B004LROMS4 11605 B004LROMS4
B004LROMSY 11606 B004LROMSY
B004LROMT8 11607 B004LROMT8
B004LROMVG 11608 B004LROMVG
B004LROMWU 11609 B004LROMWU
B004LUOWZY 11610 B004LUOWZY
B004LV3VQE 11611 B004LV3VQE
B004LVOX7K 11612 B004LVOX7K
B004LWJ6RG 11613 B004LWJ6RG
B004LWZVZM 11614 B004LWZVZM
B004LWZW0G 11615 B004LWZW0G
B004LWZW24 11616 B004LWZW24
B004LWZW2E 11617 B004LWZW2E
B004LWZW2Y 11618 B004LWZW2Y
B004LWZW4C 11619 B004LWZW4C
B004LWZW4M 11620 B004LWZW4M
B004LWZW5G 11621 B004LWZW5G
B004LWZW6A 11622 B004LWZW6A
B004LWZW6U 11623 B004LWZW6U
B004LWZW7E 11624 B004LWZW7E
B004LWZW7Y 11625 B004LWZW7Y
B004LWZW8S 11626 B004LWZW8S
B004LWZWA6 11627 B004LWZWA6
B004LWZWBU 11628 B004LWZWBU
B004LWZWFQ 11629 B004LWZWFQ
B004LWZWGK 11630 B004LWZWGK
B004LXBKEC 11631 B004LXBKEC
B004LZRSBY 11632 B004LZRSBY
B004M3M5F4 11633 B004M3M5F4
B004M9QNVK 11634 B004M9QNVK
B004M9ZI0M 11635 B004M9ZI0M
B004MCGNSU 11636 B004MCGNSU
B004MCPUWU 11637 B004MCPUWU
B004MFT1PO 11638 B004MFT1PO
B004MKMQJW 11639 B004MKMQJW
B004MNAGBO 11640 B004MNAGBO
B004MOFGFO 11641 B004MOFGFO
B004MOY97U 11642 B004MOY97U
B004MPRCTG 11643 B004MPRCTG
B004MPRNAE 11644 B004MPRNAE
B004MQ6W5K 11645 B004MQ6W5K
B004MW57BY 11646 B004MW57BY
B004MWLXTO 11647 B004MWLXTO
B004MYH08U 11648 B004MYH08U
B004MYOYFC 11649 B004MYOYFC
B004MYYHG8 11650 B004MYYHG8
B004N21KIC 11651 B004N21KIC
B004N53CJY 11652 B004N53CJY
B004N5UTUE 11653 B004N5UTUE
B004NJC0R0 11654 B004NJC0R0
B004NTDF2Y 11655 B004NTDF2Y
B004NYYDT8 11656 B004NYYDT8
B004O0H6BS 11657 B004O0H6BS
B004O724M2 11658 B004O724M2
B004O8OLNQ 11659 B004O8OLNQ
B004OA684O 11660 B004OA684O
B004OBZMBS 11661 B004OBZMBS
B004OC006Y 11662 B004OC006Y
B004ODLUGM 11663 B004ODLUGM
B004OSVTRW 11664 B004OSVTRW
B004OUZLGA 11665 B004OUZLGA
B004P1IXHW 11666 B004P1IXHW
B004P1IXJ0 11667 B004P1IXJ0
B004P7CMOQ 11668 B004P7CMOQ
B004P8R9SO 11669 B004P8R9SO
B004PFOGJ2 11670 B004PFOGJ2
B004PHE97E 11671 B004PHE97E
B004PHSTTS 11672 B004PHSTTS
B004PHSTZ2 11673 B004PHSTZ2
B004PQM81E 11674 B004PQM81E
B004Q0VR52 11675 B004Q0VR52
B004Q4XZ26 11676 B004Q4XZ26
B004QC6HKK 11677 B004QC6HKK
B004QIG7CW 11678 B004QIG7CW
B004QL7JYY 11679 B004QL7JYY
B004QL7K6G 11680 B004QL7K6G
B004QL7K70 11681 B004QL7K70
B004QO9H28 11682 B004QO9H28
B004QOB8QQ 11683 B004QOB8QQ
B004QOB8RA 11684 B004QOB8RA
B004QOB8SO 11685 B004QOB8SO
B004QOB8TS 11686 B004QOB8TS
B004QOB8UC 11687 B004QOB8UC
B004QPOVE6 11688 B004QPOVE6
B004QQDUZ6 11689 B004QQDUZ6
B004QSQMG8 11690 B004QSQMG8
B004QWSU46 11691 B004QWSU46
B004QXJZXK 11692 B004QXJZXK
B004R35DLW 11693 B004R35DLW
B004R67RC2 11694 B004R67RC2
B004RA7XW2 11695 B004RA7XW2
B004RA7YEO 11696 B004RA7YEO
B004RA7YGC 11697 B004RA7YGC
B004RAIZ8I 11698 B004RAIZ8I
B004RE29S6 11699 B004RE29S6
B004RE29T0 11700 B004RE29T0
B004RIACU4 11701 B004RIACU4
B004RPQSVE 11702 B004RPQSVE
B004RUEXVQ 11703 B004RUEXVQ
B004S6E26K 11704 B004S6E26K
B004S6E91S 11705 B004S6E91S
B004SEUJL4 11706 B004SEUJL4
B004SGWYW4 11707 B004SGWYW4
B004SI5VU4 11708 B004SI5VU4
B004SIP8WU 11709 B004SIP8WU
B004SIPAFK 11710 B004SIPAFK
B004SKI7B2 11711 B004SKI7B2
B004SKIR8K 11712 B004SKIR8K
B004SKQAJI 11713 B004SKQAJI
B004SMTO7G 11714 B004SMTO7G
B004SO26RE 11715 B004SO26RE
B004SOPTTQ 11716 B004SOPTTQ
B004SQFRZA 11717 B004SQFRZA
B004SU5EFO 11718 B004SU5EFO
B004SZVYD0 11719 B004SZVYD0
B004T1RAWW 11720 B004T1RAWW
B004T3BDXW 11721 B004T3BDXW
B004T75RNK 11722 B004T75RNK
B004TA1GCS 11723 B004TA1GCS
B004TJ1H1Y 11724 B004TJ1H1Y
B004U2RBGU 11725 B004U2RBGU
B004U33NHA 11726 B004U33NHA
B004UFA0RE 11727 B004UFA0RE
B004UFE2XM 11728 B004UFE2XM
B004UGCVX4 11729 B004UGCVX4
B004UIFZQC 11730 B004UIFZQC
B004ULEENE 11731 B004ULEENE
B004ULEEY8 11732 B004ULEEY8
B004ULNJF8 11733 B004ULNJF8
B004ULNJJ4 11734 B004ULNJJ4
B004UMAPUO 11735 B004UMAPUO
B004UOHNAC 11736 B004UOHNAC
B004UOHNCA 11737 B004UOHNCA
B004UOHNH0 11738 B004UOHNH0
B004UQPM4E 11739 B004UQPM4E
B004URO3XE 11740 B004URO3XE
B004USNHWG 11741 B004USNHWG
B004USUOUO 11742 B004USUOUO
B004USUPAI 11743 B004USUPAI
B004UXUUJE 11744 B004UXUUJE
B004UXUWEC 11745 B004UXUWEC
B004UXUWTW 11746 B004UXUWTW
B004UXUX4Q 11747 B004UXUX4Q
B004UXVDJA 11748 B004UXVDJA
B004UXVDOA 11749 B004UXVDOA
B004UXVEUS 11750 B004UXVEUS
B004UXVFIO 11751 B004UXVFIO
B004V2S4L0 11752 B004V2S4L0
B004V2S4SS 11753 B004V2S4SS
B004V6AISS 11754 B004V6AISS
B004VBZG3A 11755 B004VBZG3A
B004VF63Z6 11756 B004VF63Z6
B004VJJFN4 11757 B004VJJFN4
B004VK74EA 11758 B004VK74EA
B004VK759Y 11759 B004VK759Y
B004VLLWBU 11760 B004VLLWBU
B004VN7RN0 11761 B004VN7RN0
B004VQRCCI 11762 B004VQRCCI
B004VRL4BM 11763 B004VRL4BM
B004VSLE7U 11764 B004VSLE7U
B004VT39K4 11765 B004VT39K4
B004VW4V80 11766 B004VW4V80
B004W48KHK 11767 B004W48KHK
B004W5MHGY 11768 B004W5MHGY
B004W75BVU 11769 B004W75BVU
B004WD1IXO 11770 B004WD1IXO
B004WI10YQ 11771 B004WI10YQ
B004WJT5EC 11772 B004WJT5EC
B004WJT5FG 11773 B004WJT5FG
B004WJT5H4 11774 B004WJT5H4
B004WMOSIC 11775 B004WMOSIC
B004WO9OMA 11776 B004WO9OMA
B004WO9OOS 11777 B004WO9OOS
B004WO9OR0 11778 B004WO9OR0
B004WO9OS4 11779 B004WO9OS4
B004WOAGIG 11780 B004WOAGIG
B004WOQFOA 11781 B004WOQFOA
B004X0MHEU 11782 B004X0MHEU
B004X181TY 11783 B004X181TY
B004X181VM 11784 B004X181VM
B004X1M47O 11785 B004X1M47O
B004X1M4BU 11786 B004X1M4BU
B004X1M532 11787 B004X1M532
B004X1STT6 11788 B004X1STT6
B004X1Z14C 11789 B004X1Z14C
B004X4O988 11790 B004X4O988
B004X63SEM 11791 B004X63SEM
B004X83UHA 11792 B004X83UHA
B004X8AIF2 11793 B004X8AIF2
B004X9YNNO 11794 B004X9YNNO
B004XAM0Q0 11795 B004XAM0Q0
B004XCM89M 11796 B004XCM89M
B004XCUEXY 11797 B004XCUEXY
B004XEEMA8 11798 B004XEEMA8
B004XFZ47C 11799 B004XFZ47C
B004XH9X2M 11800 B004XH9X2M
B004XIWRW4 11801 B004XIWRW4
B004XKUFY4 11802 B004XKUFY4
B004XKVP7K 11803 B004XKVP7K
B004XKVPLG 11804 B004XKVPLG
B004XKVQKQ 11805 B004XKVQKQ
B004XKVQX8 11806 B004XKVQX8
B004XKVRBE 11807 B004XKVRBE
B004XMNSNC 11808 B004XMNSNC
B004XNH4YU 11809 B004XNH4YU
B004XQO8NW 11810 B004XQO8NW
B004XQO8XC 11811 B004XQO8XC
B004XQO90E 11812 B004XQO90E
B004XWLN20 11813 B004XWLN20
B004XYABMQ 11814 B004XYABMQ
B004YCKJQU 11815 B004YCKJQU
B004YDSNMQ 11816 B004YDSNMQ
B004YHRZJY 11817 B004YHRZJY
B004YJZ5LM 11818 B004YJZ5LM
B004YJZ5PI 11819 B004YJZ5PI
B004YJZB4S 11820 B004YJZB4S
B004YJZDYQ 11821 B004YJZDYQ
B004YM6IZ6 11822 B004YM6IZ6
B004YM6JCS 11823 B004YM6JCS
B004YM6JF0 11824 B004YM6JF0
B004YM6JK0 11825 B004YM6JK0
B004YM6JLO 11826 B004YM6JLO
B004YM6JUA 11827 B004YM6JUA
B004YM6JVO 11828 B004YM6JVO
B004YVO60Q 11829 B004YVO60Q
B004YZ3M16 11830 B004YZ3M16
B004Z29W2Q 11831 B004Z29W2Q
B004Z29WQ2 11832 B004Z29WQ2
B004Z29XEI 11833 B004Z29XEI
B004Z2ECX0 11834 B004Z2ECX0
B004Z6N7HS 11835 B004Z6N7HS
B004Z74X0M 11836 B004Z74X0M
B004Z7AHTI 11837 B004Z7AHTI
B004ZBA9P6 11838 B004ZBA9P6
B004ZBAB3Q 11839 B004ZBAB3Q
B004ZDY400 11840 B004ZDY400
B004ZJ9VAC 11841 B004ZJ9VAC
B004ZJ9VXY 11842 B004ZJ9VXY
B004ZJHSXE 11843 B004ZJHSXE
B004ZJHSYS 11844 B004ZJHSYS
B004ZJZQ8S 11845 B004ZJZQ8S
B004ZKKKWE 11846 B004ZKKKWE
B004ZKKKX8 11847 B004ZKKKX8
B004ZKKKXI 11848 B004ZKKKXI
B004ZKKL0A 11849 B004ZKKL0A
B004ZKKL14 11850 B004ZKKL14
B004ZKKL32 11851 B004ZKKL32
B004ZKKL5A 11852 B004ZKKL5A
B004ZQJ5FQ 11853 B004ZQJ5FQ
B004ZRGSDM 11854 B004ZRGSDM
B00501LJI6 11855 B00501LJI6
B00501N420 11856 B00501N420
B00505E4MA 11857 B00505E4MA
B00505QA90 11858 B00505QA90
B00508W2Z8 11859 B00508W2Z8
B0050A52BC 11860 B0050A52BC
B0050FXDDQ 11861 B0050FXDDQ
B0050I9760 11862 B0050I9760
B0050ITR4W 11863 B0050ITR4W
B0050JN814 11864 B0050JN814
B0050JN8BE 11865 B0050JN8BE
B0050KTMVI 11866 B0050KTMVI
B0050MB3MM 11867 B0050MB3MM
B0050MB43A 11868 B0050MB43A
B0050MB4OO 11869 B0050MB4OO
B0050MB5KM 11870 B0050MB5KM
B0050MB5N4 11871 B0050MB5N4
B0050MB5NO 11872 B0050MB5NO
B0050MB5PC 11873 B0050MB5PC
B0050N0UR0 11874 B0050N0UR0
B0050N0US4 11875 B0050N0US4
B0050O9YGW 11876 B0050O9YGW
B0050P3XN6 11877 B0050P3XN6
B0050PWZD0 11878 B0050PWZD0
B0050PYNO4 11879 B0050PYNO4
B0050UEVFU 11880 B0050UEVFU
B0050UEVO6 11881 B0050UEVO6
B0050Z2ZXU 11882 B0050Z2ZXU
B0050Z3T62 11883 B0050Z3T62
B00511N7B2 11884 B00511N7B2
B00518JDWW 11885 B00518JDWW
B0051938XQ 11886 B0051938XQ
B0051CSIL0 11887 B0051CSIL0
B0051GLDQI 11888 B0051GLDQI
B0051GLDQS 11889 B0051GLDQS
B0051GOB2G 11890 B0051GOB2G
B0051MKMNC 11891 B0051MKMNC
B0051PLR4W 11892 B0051PLR4W
B0051S1FDM 11893 B0051S1FDM
B0051T480I 11894 B0051T480I
B0051XIPYO 11895 B0051XIPYO
B0051ZH6FG 11896 B0051ZH6FG
B0051ZIXNK 11897 B0051ZIXNK
B00522VTOM 11898 B00522VTOM
B00525QHVY 11899 B00525QHVY
B00527QY88 11900 B00527QY88
B00527QYOW 11901 B00527QYOW
B00528WT5Y 11902 B00528WT5Y
B0052DP1TA 11903 B0052DP1TA
B0052O3OAW 11904 B0052O3OAW
B0052OPIUG 11905 B0052OPIUG
B0052P61WO 11906 B0052P61WO
B0052T1EBS 11907 B0052T1EBS
B0052T1EDQ 11908 B0052T1EDQ
B0052WKZY2 11909 B0052WKZY2
B0052WNHQU 11910 B0052WNHQU
B0052XI5HK 11911 B0052XI5HK
B0052XU4BK 11912 B0052XU4BK
B0052YWHTQ 11913 B0052YWHTQ
B0052ZFYEK 11914 B0052ZFYEK
B005335K7W 11915 B005335K7W
B00535QKPG 11916 B00535QKPG
B00537T0LK 11917 B00537T0LK
B0053GJ77I 11918 B0053GJ77I
B0053O89IS 11919 B0053O89IS
B0053O89JM 11920 B0053O89JM
B0053O89KG 11921 B0053O89KG
B0053O89LK 11922 B0053O89LK
B0053O89QU 11923 B0053O89QU
B0053O89U6 11924 B0053O89U6
B0053O89WY 11925 B0053O89WY
B0053O89YM 11926 B0053O89YM
B0053O89Z6 11927 B0053O89Z6
B0053O8A32 11928 B0053O8A32
B0053O8A50 11929 B0053O8A50
B0053O8A5K 11930 B0053O8A5K
B0053O8A78 11931 B0053O8A78
B0053O8A8M 11932 B0053O8A8M
B0053O8AAK 11933 B0053O8AAK
B0053O8AFK 11934 B0053O8AFK
B0053O8AGY 11935 B0053O8AGY
B0053O8ALE 11936 B0053O8ALE
B0053O8APU 11937 B0053O8APU
B0053O8AQE 11938 B0053O8AQE
B0053OXZO6 11939 B0053OXZO6
B0053PTFDK 11940 B0053PTFDK
B0053TWVK0 11941 B0053TWVK0
B0053WQE6O 11942 B0053WQE6O
B0053XZ8YC 11943 B0053XZ8YC
B0053XZ95U 11944 B0053XZ95U
B0053YT3II 11945 B0053YT3II
B0053ZHZI2 11946 B0053ZHZI2
B00540G3GG 11947 B00540G3GG
B00543R3WG 11948 B00543R3WG
B0054509I4 11949 B0054509I4
B005452D24 11950 B005452D24
B00546032K 11951 B00546032K
B0054JELS4 11952 B0054JELS4
B0054K8JSG 11953 B0054K8JSG
B0054PSY54 11954 B0054PSY54
B005535JSK 11955 B005535JSK
B005538B1M 11956 B005538B1M
B00553K8DQ 11957 B00553K8DQ
B00553K8FY 11958 B00553K8FY
B00553K9NA 11959 B00553K9NA
B00553K9T4 11960 B00553K9T4
B00553K9Z8 11961 B00553K9Z8
B00553KAHA 11962 B00553KAHA
B00553KAK2 11963 B00553KAK2
B00555ZTBK 11964 B00555ZTBK
B00559SGCU 11965 B00559SGCU
B0055AYKJC 11966 B0055AYKJC
B0055CP9BI 11967 B0055CP9BI
B0055CP9D6 11968 B0055CP9D6
B0055CP9MC 11969 B0055CP9MC
B0055CP9P4 11970 B0055CP9P4
B0055CP9TU 11971 B0055CP9TU
B0055CP9UY 11972 B0055CP9UY
B0055EAJ7A 11973 B0055EAJ7A
B0055HK6UW 11974 B0055HK6UW
B0055HK6V6 11975 B0055HK6V6
B0055HK6VG 11976 B0055HK6VG
B0055HK6VQ 11977 B0055HK6VQ
B0055HK6YS 11978 B0055HK6YS
B0055HK7DI 11979 B0055HK7DI
B0055OTDCM 11980 B0055OTDCM
B0055Q2WMS 11981 B0055Q2WMS
B0055SJWEW 11982 B0055SJWEW
B0055SJX4Q 11983 B0055SJX4Q
B0055SJXCI 11984 B0055SJXCI
B0055SJXMI 11985 B0055SJXMI
B0055SJYMW 11986 B0055SJYMW
B0055SNHP2 11987 B0055SNHP2
B0055SNHQ6 11988 B0055SNHQ6
B0055SNHQG 11989 B0055SNHQG
B0055SOAAI 11990 B0055SOAAI
B0055UA1KO 11991 B0055UA1KO
B0055V0K7M 11992 B0055V0K7M
B00560317S 11993 B00560317S
B0056031LE 11994 B0056031LE
B0056031NW 11995 B0056031NW
B0056031UU 11996 B0056031UU
B00561BMXC 11997 B00561BMXC
B00561BNI6 11998 B00561BNI6
B00561BNJK 11999 B00561BNJK
B00567TCD8 12000 B00567TCD8
B0056AJD9S 12001 B0056AJD9S
B0056C1M2M 12002 B0056C1M2M
B0056G1AM0 12003 B0056G1AM0
B0056IXS7S 12004 B0056IXS7S
B0056JBAHM 12005 B0056JBAHM
B0056KV7OW 12006 B0056KV7OW
B0056P6SP0 12007 B0056P6SP0
B0056YMDU0 12008 B0056YMDU0
B0056YMDW8 12009 B0056YMDW8
B005727L9Y 12010 B005727L9Y
B00575GYT4 12011 B00575GYT4
B00575GYU8 12012 B00575GYU8
B00575GYUI 12013 B00575GYUI
B00576U8UY 12014 B00576U8UY
B005775M40 12015 B005775M40
B00579YI1G 12016 B00579YI1G
B0057ACEDO 12017 B0057ACEDO
B0057ACHFO 12018 B0057ACHFO
B0057FGCMS 12019 B0057FGCMS
B0057GUD7C 12020 B0057GUD7C
B0057GUGGU 12021 B0057GUGGU
B0057GUH46 12022 B0057GUH46
B0057IY5CE 12023 B0057IY5CE
B0057J5BMG 12024 B0057J5BMG
B0057JIR0Y 12025 B0057JIR0Y
B0057MFA42 12026 B0057MFA42
B0057O6IGY 12027 B0057O6IGY
B00582GLC6 12028 B00582GLC6
B00584A7MY 12029 B00584A7MY
B0058B859O 12030 B0058B859O
B0058GVP5U 12031 B0058GVP5U
B0058ILL2K 12032 B0058ILL2K
B0058JN4X8 12033 B0058JN4X8
B0058K88K6 12034 B0058K88K6
B0058KGHX6 12035 B0058KGHX6
B0058KGHXG 12036 B0058KGHXG
B0058MX804 12037 B0058MX804
B0058N2SBS 12038 B0058N2SBS
B0058O1FIY 12039 B0058O1FIY
B0058O1FPC 12040 B0058O1FPC
B0058WKA6O 12041 B0058WKA6O
B0058YPG1G 12042 B0058YPG1G
B0058YPGVQ 12043 B0058YPGVQ
B0058YPH5G 12044 B0058YPH5G
B0058YPI5K 12045 B0058YPI5K
B0058YPIF0 12046 B0058YPIF0
B0058YPILY 12047 B0058YPILY
B0058YPJ8G 12048 B0058YPJ8G
B0058YPJOU 12049 B0058YPJOU
B0058YPK9O 12050 B0058YPK9O
B0058YPKIA 12051 B0058YPKIA
B0058YPL66 12052 B0058YPL66
B0058YPMHO 12053 B0058YPMHO
B0058YPN0U 12054 B0058YPN0U
B0058YPO9A 12055 B0058YPO9A
B0058YPPN0 12056 B0058YPPN0
B0058YPQ0C 12057 B0058YPQ0C
B0058ZPNBI 12058 B0058ZPNBI
B00592CZRK 12059 B00592CZRK
B00595W3MO 12060 B00595W3MO
B00596WEVI 12061 B00596WEVI
B00596WFDK 12062 B00596WFDK
B00596WFE4 12063 B00596WFE4
B00598O9RI 12064 B00598O9RI
B0059XTTW8 12065 B0059XTTW8
B0059XTTZU 12066 B0059XTTZU
B0059XTU1S 12067 B0059XTU1S
B0059XTU3G 12068 B0059XTU3G
B0059XTU7W 12069 B0059XTU7W
B0059XTUB8 12070 B0059XTUB8
B0059XTUH2 12071 B0059XTUH2
B0059XTUR2 12072 B0059XTUR2
B0059XTUXQ 12073 B0059XTUXQ
B0059XTV4Y 12074 B0059XTV4Y
B005A1GRO2 12075 B005A1GRO2
B005A5IAC0 12076 B005A5IAC0
B005A5YYKC 12077 B005A5YYKC
B005AMJ31U 12078 B005AMJ31U
B005AMJ388 12079 B005AMJ388
B005AMJ38S 12080 B005AMJ38S
B005AMJ3B0 12081 B005AMJ3B0
B005ARYEBY 12082 B005ARYEBY
B005AU4SBC 12083 B005AU4SBC
B005AVIS6C 12084 B005AVIS6C
B005AX1XA8 12085 B005AX1XA8
B005B0QYMM 12086 B005B0QYMM
B005B0QYZY 12087 B005B0QYZY
B005BPTLIQ 12088 B005BPTLIQ
B005BRFN8Q 12089 B005BRFN8Q
B005BSCPY0 12090 B005BSCPY0
B005BUA1CG 12091 B005BUA1CG
B005BUA1CQ 12092 B005BUA1CQ
B005BUA1E4 12093 B005BUA1E4
B005BUA1F8 12094 B005BUA1F8
B005BUA1GC 12095 B005BUA1GC
B005BUA1JY 12096 B005BUA1JY
B005BX3K80 12097 B005BX3K80
B005BX3NKK 12098 B005BX3NKK
B005BXY1PG 12099 B005BXY1PG
B005BXY1Q0 12100 B005BXY1Q0
B005BXY1QU 12101 B005BXY1QU
B005BXY1R4 12102 B005BXY1R4
B005BXY1RE 12103 B005BXY1RE
B005BYBZCM 12104 B005BYBZCM
B005BYBZH2 12105 B005BYBZH2
B005BYBZKY 12106 B005BYBZKY
B005C4444C 12107 B005C4444C
B005C5UIFA 12108 B005C5UIFA
B005C6BGVY 12109 B005C6BGVY
B005C7SXMS 12110 B005C7SXMS
B005CA4SKG 12111 B005CA4SKG
B005CA4SP6 12112 B005CA4SP6
B005CFBZ4I 12113 B005CFBZ4I
B005CFBZQ6 12114 B005CFBZQ6
B005CFBZVG 12115 B005CFBZVG
B005CFBZWK 12116 B005CFBZWK
B005CFC04C 12117 B005CFC04C
B005CFC0N8 12118 B005CFC0N8
B005CFC0QK 12119 B005CFC0QK
B005CHV14A 12120 B005CHV14A
B005CRMXKQ 12121 B005CRMXKQ
B005CXOGMS 12122 B005CXOGMS
B005D0OH8I 12123 B005D0OH8I
B005D0RDES 12124 B005D0RDES
B005D0RDH0 12125 B005D0RDH0
B005D0RDKW 12126 B005D0RDKW
B005D0RDMA 12127 B005D0RDMA
B005D0RDRU 12128 B005D0RDRU
B005D0RDU2 12129 B005D0RDU2
B005D0TERW 12130 B005D0TERW
B005D7E7PY 12131 B005D7E7PY
B005D7E7Y0 12132 B005D7E7Y0
B005D7E7ZY 12133 B005D7E7ZY
B005DCJ0Q0 12134 B005DCJ0Q0
B005DCJ2TU 12135 B005DCJ2TU
B005DCJ3LM 12136 B005DCJ3LM
B005DDN51A 12137 B005DDN51A
B005DETYW8 12138 B005DETYW8
B005DETYX2 12139 B005DETYX2
B005DEUEOU 12140 B005DEUEOU
B005DEUES6 12141 B005DEUES6
B005DEUEV8 12142 B005DEUEV8
B005DEUEWM 12143 B005DEUEWM
B005DEUF0S 12144 B005DEUF0S
B005DJ62L4 12145 B005DJ62L4
B005DJ7AYC 12146 B005DJ7AYC
B005DJDF2I 12147 B005DJDF2I
B005DKS1US 12148 B005DKS1US
B005DLN1LG 12149 B005DLN1LG
B005DMHHKQ 12150 B005DMHHKQ
B005DOSETC 12151 B005DOSETC
B005DR64QE 12152 B005DR64QE
B005DTGAXO 12153 B005DTGAXO
B005DTGB0G 12154 B005DTGB0G
B005DTGBN8 12155 B005DTGBN8
B005DTZXL4 12156 B005DTZXL4
B005DTZXPA 12157 B005DTZXPA
B005DU58Q8 12158 B005DU58Q8
B005DVIOAO 12159 B005DVIOAO
B005DVIOIG 12160 B005DVIOIG
B005DVIPE4 12161 B005DVIPE4
B005E7SEK2 12162 B005E7SEK2
B005E7SEM0 12163 B005E7SEM0
B005E7SEMU 12164 B005E7SEMU
B005E7SEOI 12165 B005E7SEOI
B005EKWZD6 12166 B005EKWZD6
B005ELEMV8 12167 B005ELEMV8
B005ELMC1U 12168 B005ELMC1U
B005ELVC3O 12169 B005ELVC3O
B005ELVCKC 12170 B005ELVCKC
B005ELVCS4 12171 B005ELVCS4
B005ELVCY8 12172 B005ELVCY8
B005ETQ2RM 12173 B005ETQ2RM
B005EVT4WU 12174 B005EVT4WU
B005EVY8MQ 12175 B005EVY8MQ
B005EVY8NA 12176 B005EVY8NA
B005EWRJGM 12177 B005EWRJGM
B005EXA86E 12178 B005EXA86E
B005EXA87S 12179 B005EXA87S
B005EYJV3Y 12180 B005EYJV3Y
B005F0TH7W 12181 B005F0TH7W
B005F265CU 12182 B005F265CU
B005F265FW 12183 B005F265FW
B005F265IE 12184 B005F265IE
B005F3DFXG 12185 B005F3DFXG
B005F3XV7Q 12186 B005F3XV7Q
B005F3XV80 12187 B005F3XV80
B005F3XV8U 12188 B005F3XV8U
B005F3XVAS 12189 B005F3XVAS
B005F44X36 12190 B005F44X36
B005F96UHI 12191 B005F96UHI
B005F96UP0 12192 B005F96UP0
B005F96URI 12193 B005F96URI
B005FH1RRI 12194 B005FH1RRI
B005FHHCWC 12195 B005FHHCWC
B005FHHD58 12196 B005FHHD58
B005FI36OE 12197 B005FI36OE
B005FISBV2 12198 B005FISBV2
B005FISC3Y 12199 B005FISC3Y
B005FISC52 12200 B005FISC52
B005FISCFW 12201 B005FISCFW
B005FITIF0 12202 B005FITIF0
B005FITIGO 12203 B005FITIGO
B005FITIK0 12204 B005FITIK0
B005FITISW 12205 B005FITISW
B005FJQBZE 12206 B005FJQBZE
B005FJQBZO 12207 B005FJQBZO
B005FL8G5K 12208 B005FL8G5K
B005FLCD1I 12209 B005FLCD1I
B005FLD3H6 12210 B005FLD3H6
B005FLSZQA 12211 B005FLSZQA
B005FMKVQ6 12212 B005FMKVQ6
B005FNLUFQ 12213 B005FNLUFQ
B005FPT2E0 12214 B005FPT2E0
B005FQ1ONG 12215 B005FQ1ONG
B005FQ2H9Q 12216 B005FQ2H9Q
B005FQ2HBO 12217 B005FQ2HBO
B005FRACYM 12218 B005FRACYM
B005FRWTSO 12219 B005FRWTSO
B005FT2MJ8 12220 B005FT2MJ8
B005FUTBWS 12221 B005FUTBWS
B005FWO3OM 12222 B005FWO3OM
B005G02LD8 12223 B005G02LD8
B005G172J0 12224 B005G172J0
B005G172Q8 12225 B005G172Q8
B005G172Y0 12226 B005G172Y0
B005G4FFBE 12227 B005G4FFBE
B005G4FFDW 12228 B005G4FFDW
B005G4FFG4 12229 B005G4FFG4
B005G5NPD8 12230 B005G5NPD8
B005G5NPG0 12231 B005G5NPG0
B005G5NPGK 12232 B005G5NPGK
B005G5NPWY 12233 B005G5NPWY
B005G652GA 12234 B005G652GA
B005G7WGLS 12235 B005G7WGLS
B005G7WGP4 12236 B005G7WGP4
B005GI60VO 12237 B005GI60VO
B005GJCGIE 12238 B005GJCGIE
B005GJTNNA 12239 B005GJTNNA
B005GLHO48 12240 B005GLHO48
B005GM38NI 12241 B005GM38NI
B005GNU5N8 12242 B005GNU5N8
B005GNZRMW 12243 B005GNZRMW
B005GP7ESA 12244 B005GP7ESA
B005GP7EUI 12245 B005GP7EUI
B005GP7EVC 12246 B005GP7EVC
B005GP7EYE 12247 B005GP7EYE
B005GP7FA2 12248 B005GP7FA2
B005GRTNVE 12249 B005GRTNVE
B005GT3X68 12250 B005GT3X68
B005GT3XFY 12251 B005GT3XFY
B005GYJPYW 12252 B005GYJPYW
B005GYSUYI 12253 B005GYSUYI
B005GYXN36 12254 B005GYXN36
B005GYXNIG 12255 B005GYXNIG
B005GYZR3U 12256 B005GYZR3U
B005H0OEJ6 12257 B005H0OEJ6
B005HE4AIC 12258 B005HE4AIC
B005HFI7IU 12259 B005HFI7IU
B005HI4LMS 12260 B005HI4LMS
B005HIBWPM 12261 B005HIBWPM
B005HK13P4 12262 B005HK13P4
B005HMHPHC 12263 B005HMHPHC
B005HOEBUO 12264 B005HOEBUO
B005HQBO9I 12265 B005HQBO9I
B005HS00U0 12266 B005HS00U0
B005HS4CUY 12267 B005HS4CUY
B005HU0TBI 12268 B005HU0TBI
B005HVWVEU 12269 B005HVWVEU
B005HVWVJK 12270 B005HVWVJK
B005HVWVU4 12271 B005HVWVU4
B005HVWW3K 12272 B005HVWW3K
B005HVWWB2 12273 B005HVWWB2
B005HWAOH0 12274 B005HWAOH0
B005HWAOHK 12275 B005HWAOHK
B005I0DV0S 12276 B005I0DV0S
B005I4HO02 12277 B005I4HO02
B005IA9JQ8 12278 B005IA9JQ8
B005IA9JQI 12279 B005IA9JQI
B005IA9JRM 12280 B005IA9JRM
B005IA9JSG 12281 B005IA9JSG
B005IA9JVI 12282 B005IA9JVI
B005IF7AZK 12283 B005IF7AZK
B005IKD6ZS 12284 B005IKD6ZS
B005IMHI82 12285 B005IMHI82
B005IUIXCE 12286 B005IUIXCE
B005IUJI14 12287 B005IUJI14
B005IWG4ZK 12288 B005IWG4ZK
B005IYF8C8 12289 B005IYF8C8
B005J47Q90 12290 B005J47Q90
B005J4TLN4 12291 B005J4TLN4
B005J4TLRU 12292 B005J4TLRU
B005J6U77Q 12293 B005J6U77Q
B005J9ZFJ8 12294 B005J9ZFJ8
B005J9ZFRA 12295 B005J9ZFRA
B005JJCMO4 12296 B005JJCMO4
B005JJCMQ2 12297 B005JJCMQ2
B005JZ90M0 12298 B005JZ90M0
B005JZBOV0 12299 B005JZBOV0
B005JZBPJ6 12300 B005JZBPJ6
B005JZBPR8 12301 B005JZBPR8
B005K08J8U 12302 B005K08J8U
B005K1VPY4 12303 B005K1VPY4
B005K270VK 12304 B005K270VK
B005K8QI9E 12305 B005K8QI9E
B005K8QIS0 12306 B005K8QIS0
B005KBP07W 12307 B005KBP07W
B005KG4DWU 12308 B005KG4DWU
B005KG4EKQ 12309 B005KG4EKQ
B005KK2FOO 12310 B005KK2FOO
B005KK2FTO 12311 B005KK2FTO
B005KR6NNG 12312 B005KR6NNG
B005KR6NQS 12313 B005KR6NQS
B005KR6O1C 12314 B005KR6O1C
B005LAIGF0 12315 B005LAIGF0
B005LAIGJQ 12316 B005LAIGJQ
B005LAIGLO 12317 B005LAIGLO
B005LAIGNC 12318 B005LAIGNC
B005LAIGOQ 12319 B005LAIGOQ
B005LAIGPA 12320 B005LAIGPA
B005LAIGQE 12321 B005LAIGQE
B005LAIGSC 12322 B005LAIGSC
B005LAIGSM 12323 B005LAIGSM
B005LAIGW8 12324 B005LAIGW8
B005LAIGY6 12325 B005LAIGY6
B005LAIGYQ 12326 B005LAIGYQ
B005LAIH0Y 12327 B005LAIH0Y
B005LAIH1S 12328 B005LAIH1S
B005LAIH2M 12329 B005LAIH2M
B005LAIH5O 12330 B005LAIH5O
B005LAIH86 12331 B005LAIH86
B005LAIH9A 12332 B005LAIH9A
B005LAIHAE 12333 B005LAIHAE
B005LAIHBS 12334 B005LAIHBS
B005LAIHCW 12335 B005LAIHCW
B005LAIHEA 12336 B005LAIHEA
B005LAIHHC 12337 B005LAIHHC
B005LAIHQS 12338 B005LAIHQS
B005LAIHRC 12339 B005LAIHRC
B005LAIHSQ 12340 B005LAIHSQ
B005LAIHUO 12341 B005LAIHUO
B005LAIHW2 12342 B005LAIHW2
B005LAIHY0 12343 B005LAIHY0
B005LAIHZE 12344 B005LAIHZE
B005LAII0I 12345 B005LAII0I
B005LAII1C 12346 B005LAII1C
B005LAII1W 12347 B005LAII1W
B005LAII2Q 12348 B005LAII2Q
B005LAII3U 12349 B005LAII3U
B005LAII4E 12350 B005LAII4E
B005LAII5I 12351 B005LAII5I
B005LAII62 12352 B005LAII62
B005LAII7G 12353 B005LAII7G
B005LAII8K 12354 B005LAII8K
B005LAII94 12355 B005LAII94
B005LAIIAI 12356 B005LAIIAI
B005LAIIB2 12357 B005LAIIB2
B005LAIIFS 12358 B005LAIIFS
B005LAIII0 12359 B005LAIII0
B005LAIIJY 12360 B005LAIIJY
B005LAIIKS 12361 B005LAIIKS
B005LAIILM 12362 B005LAIILM
B005LAIIMG 12363 B005LAIIMG
B005LAIIQC 12364 B005LAIIQC
B005LAIIS0 12365 B005LAIIS0
B005LAIISU 12366 B005LAIISU
B005LAIITE 12367 B005LAIITE
B005LAJ140 12368 B005LAJ140
B005LAJ17M 12369 B005LAJ17M
B005LAJ1H2 12370 B005LAJ1H2
B005LAJ1K4 12371 B005LAJ1K4
B005LAJ1LS 12372 B005LAJ1LS
B005LAJ1PE 12373 B005LAJ1PE
B005LAJ1ZE 12374 B005LAJ1ZE
B005LAJ212 12375 B005LAJ212
B005LAJ23A 12376 B005LAJ23A
B005LFQRT2 12377 B005LFQRT2
B005LLXB9K 12378 B005LLXB9K
B005LOBWA2 12379 B005LOBWA2
B005LS4MQE 12380 B005LS4MQE
B005LS4MUU 12381 B005LS4MUU
B005LS4MW8 12382 B005LS4MW8
B005LVIOYM 12383 B005LVIOYM
B005LVIP1E 12384 B005LVIP1E
B005LVIP1O 12385 B005LVIP1O
B005LVIP28 12386 B005LVIP28
B005LW489G 12387 B005LW489G
B005LYLP8Q 12388 B005LYLP8Q
B005LZW944 12389 B005LZW944
B005M0R524 12390 B005M0R524
B005M0X078 12391 B005M0X078
B005M1O5K8 12392 B005M1O5K8
B005M2AKLA 12393 B005M2AKLA
B005M2AKO2 12394 B005M2AKO2
B005M5OS74 12395 B005M5OS74
B005M5OSB0 12396 B005M5OSB0
B005M5OSBU 12397 B005M5OSBU
B005M9VSKU 12398 B005M9VSKU
B005MAHY0M 12399 B005MAHY0M
B005MO74M6 12400 B005MO74M6
B005MQ5840 12401 B005MQ5840
B005MQ58LS 12402 B005MQ58LS
B005MQWJPG 12403 B005MQWJPG
B005MRN3JQ 12404 B005MRN3JQ
B005MT3830 12405 B005MT3830
B005MVF65G 12406 B005MVF65G
B005MWKAS8 12407 B005MWKAS8
B005MYEQ4U 12408 B005MYEQ4U
B005MYEQ9U 12409 B005MYEQ9U
B005N4DMMG 12410 B005N4DMMG
B005N4DNDY 12411 B005N4DNDY
B005N8KP3Q 12412 B005N8KP3Q
B005N8KPBI 12413 B005N8KPBI
B005N8SIMQ 12414 B005N8SIMQ
B005N95QUM 12415 B005N95QUM
B005ND8812 12416 B005ND8812
B005NFJAOY 12417 B005NFJAOY
B005NFJAWG 12418 B005NFJAWG
B005NHZAXM 12419 B005NHZAXM
B005NHZB3Q 12420 B005NHZB3Q
B005NKIPUO 12421 B005NKIPUO
B005NKIPWC 12422 B005NKIPWC
B005NQ5LN2 12423 B005NQ5LN2
B005NQ5LOG 12424 B005NQ5LOG
B005NQ5LOQ 12425 B005NQ5LOQ
B005NQ5LPK 12426 B005NQ5LPK
B005NVMK7W 12427 B005NVMK7W
B005NYMXIU 12428 B005NYMXIU
B005O1LRCA 12429 B005O1LRCA
B005O70ZOK 12430 B005O70ZOK
B005OAEWV4 12431 B005OAEWV4
B005OASMLU 12432 B005OASMLU
B005OGYH9A 12433 B005OGYH9A
B005OK0YM0 12434 B005OK0YM0
B005OK0YU2 12435 B005OK0YU2
B005OK721G 12436 B005OK721G
B005OK722U 12437 B005OK722U
B005ONP7VU 12438 B005ONP7VU
B005OY6LBE 12439 B005OY6LBE
B005OZJVE2 12440 B005OZJVE2
B005OZVXCU 12441 B005OZVXCU
B005P06A1I 12442 B005P06A1I
B005PPMHWE 12443 B005PPMHWE
B005PPMI00 12444 B005PPMI00
B005PTNVN4 12445 B005PTNVN4
B005PTYPK2 12446 B005PTYPK2
B005Q27DNO 12447 B005Q27DNO
B005Q31BAO 12448 B005Q31BAO
B005Q3T0LG 12449 B005Q3T0LG
B005QC27NU 12450 B005QC27NU
B005QI4U0W 12451 B005QI4U0W
B005QIOJ3A 12452 B005QIOJ3A
B005QIOJIK 12453 B005QIOJIK
B005QIOK48 12454 B005QIOK48
B005QJDFIE 12455 B005QJDFIE
B005QODEEE 12456 B005QODEEE
B005QUQRBU 12457 B005QUQRBU
B005QUQRCE 12458 B005QUQRCE
B005QW98AK 12459 B005QW98AK
B005QW98IW 12460 B005QW98IW
B005R2SHX8 12461 B005R2SHX8
B005R2SI1E 12462 B005R2SI1E
B005RVF5XE 12463 B005RVF5XE
B005RYF5JA 12464 B005RYF5JA
B005S0HNU2 12465 B005S0HNU2
B005S97UY2 12466 B005S97UY2
B005S9EHL6 12467 B005S9EHL6
B005S9EJ14 12468 B005S9EJ14
B005S9EJGO 12469 B005S9EJGO
B005S9EJVY 12470 B005S9EJVY
B005S9EK1S 12471 B005S9EK1S
B005S9EL3K 12472 B005S9EL3K
B005S9EL6C 12473 B005S9EL6C
B005S9ELG2 12474 B005S9ELG2
B005S9ELM6 12475 B005S9ELM6
B005S9ELVC 12476 B005S9ELVC
B005SDCZH0 12477 B005SDCZH0
B005SH63HO 12478 B005SH63HO
B005SH6482 12479 B005SH6482
B005SH6536 12480 B005SH6536
B005SH65FO 12481 B005SH65FO
B005SH65S6 12482 B005SH65S6
B005SH65UO 12483 B005SH65UO
B005SHBO1Y 12484 B005SHBO1Y
B005SN3UPQ 12485 B005SN3UPQ
B005SOH84O 12486 B005SOH84O
B005SQMAPO 12487 B005SQMAPO
B005SQRYE6 12488 B005SQRYE6
B005SQRYEG 12489 B005SQRYEG
B005SQRYG4 12490 B005SQRYG4
B005SQRYGY 12491 B005SQRYGY
B005SQRYJ6 12492 B005SQRYJ6
B005SQRYOG 12493 B005SQRYOG
B005SQRYQY 12494 B005SQRYQY
B005SQRYRS 12495 B005SQRYRS
B005SQRYS2 12496 B005SQRYS2
B005STRK4W 12497 B005STRK4W
B005SV9X22 12498 B005SV9X22
B005SYZZ80 12499 B005SYZZ80
B005T7BW74 12500 B005T7BW74
B005T7BX1Y 12501 B005T7BX1Y
B005TC5AEA 12502 B005TC5AEA
B005TC8IL2 12503 B005TC8IL2
B005TFVM0I 12504 B005TFVM0I
B005TI5404 12505 B005TI5404
B005TK0MFE 12506 B005TK0MFE
B005TK0WG8 12507 B005TK0WG8
B005TK21WQ 12508 B005TK21WQ
B005TK23EW 12509 B005TK23EW
B005TK23PQ 12510 B005TK23PQ
B005TMXXX0 12511 B005TMXXX0
B005TTEG0M 12512 B005TTEG0M
B005TTEG5W 12513 B005TTEG5W
B005TZFZ8S 12514 B005TZFZ8S
B005TZFZ9C 12515 B005TZFZ9C
B005TZFZBU 12516 B005TZFZBU
B005TZFZD8 12517 B005TZFZD8
B005TZFZLA 12518 B005TZFZLA
B005UFUU6E 12519 B005UFUU6E
B005UKI1TW 12520 B005UKI1TW
B005UL4NF2 12521 B005UL4NF2
B005UNI2U2 12522 B005UNI2U2
B005UO1CLM 12523 B005UO1CLM
B005UXJEUY 12524 B005UXJEUY
B005UXJNPU 12525 B005UXJNPU
B005V4X8PO 12526 B005V4X8PO
B005W2BVMM 12527 B005W2BVMM
B005W2BVX6 12528 B005W2BVX6
B005W2BW5S 12529 B005W2BW5S
B005W2BWLC 12530 B005W2BWLC
B005W2BWR6 12531 B005W2BWR6
B005WAP2V0 12532 B005WAP2V0
B005WJX1Q4 12533 B005WJX1Q4
B005WL3QBW 12534 B005WL3QBW
B005X5XI4C 12535 B005X5XI4C
B005X5XIF6 12536 B005X5XIF6
B005X5XIMO 12537 B005X5XIMO
B005X5XINI 12538 B005X5XINI
B005X7H9SQ 12539 B005X7H9SQ
B005X7HA8K 12540 B005X7HA8K
B005X9LJBM 12541 B005X9LJBM
B005XB8SBE 12542 B005XB8SBE
B005XB8SGO 12543 B005XB8SGO
B005XB8SWI 12544 B005XB8SWI
B005XB8T54 12545 B005XB8T54
B005XLFBEG 12546 B005XLFBEG
B005XT2V1Y 12547 B005XT2V1Y
B005Y423ZC 12548 B005Y423ZC
B005YCEI7K 12549 B005YCEI7K
B005YDLJ76 12550 B005YDLJ76
B005YFGIZM 12551 B005YFGIZM
B005YFGJAG 12552 B005YFGJAG
B005Z2D88O 12553 B005Z2D88O
B005Z7BNJA 12554 B005Z7BNJA
B005Z9MGRG 12555 B005Z9MGRG
B005Z9MHE8 12556 B005Z9MHE8
B005ZCI3N4 12557 B005ZCI3N4
B005ZCSP0K 12558 B005ZCSP0K
B005ZEM932 12559 B005ZEM932
B005ZFJZKQ 12560 B005ZFJZKQ
B005ZLF2OS 12561 B005ZLF2OS
B005ZMBBRY 12562 B005ZMBBRY
B005ZNM01O 12563 B005ZNM01O
B005ZTGRMG 12564 B005ZTGRMG
B005ZVIMUE 12565 B005ZVIMUE
B00600SPG0 12566 B00600SPG0
B00606FBU2 12567 B00606FBU2
B006070RT6 12568 B006070RT6
B0060732WA 12569 B0060732WA
B0060KGS6O 12570 B0060KGS6O
B0060KGS8M 12571 B0060KGS8M
B0060KGSGO 12572 B0060KGSGO
B0060MYJRC 12573 B0060MYJRC
B0060MYJYU 12574 B0060MYJYU
B0060MYK7G 12575 B0060MYK7G
B0060MYL3E 12576 B0060MYL3E
B0060MYLCU 12577 B0060MYLCU
B0060MYLNY 12578 B0060MYLNY
B0060MYM3S 12579 B0060MYM3S
B0060MYMFQ 12580 B0060MYMFQ
B0060MYMPG 12581 B0060MYMPG
B0060MYNN2 12582 B0060MYNN2
B0060Q3IU2 12583 B0060Q3IU2
B0060QC7ZY 12584 B0060QC7ZY
B0060QSGJ0 12585 B0060QSGJ0
B0061HHM66 12586 B0061HHM66
B00623N52E 12587 B00623N52E
B0062KMDGG 12588 B0062KMDGG
B0062KMDWU 12589 B0062KMDWU
B0062KME2O 12590 B0062KME2O
B0062NAX42 12591 B0062NAX42
B0062P332Y 12592 B0062P332Y
B0062QHZJU 12593 B0062QHZJU
B0062VL4J2 12594 B0062VL4J2
B0062Z0PHU 12595 B0062Z0PHU
B00632KSCY 12596 B00632KSCY
B00632KSYM 12597 B00632KSYM
B00632KT0U 12598 B00632KT0U
B00632KUY0 12599 B00632KUY0
B00634MLIQ 12600 B00634MLIQ
B00634MLO0 12601 B00634MLO0
B006363QHE 12602 B006363QHE
B00637HXNG 12603 B00637HXNG
B0063DOV2Q 12604 B0063DOV2Q
B0063FETJE 12605 B0063FETJE
B0063FGF14 12606 B0063FGF14
B0063FGG9U 12607 B0063FGG9U
B0063FQREO 12608 B0063FQREO
B0064CT90U 12609 B0064CT90U
B0064JV4RY 12610 B0064JV4RY
B0064M88ZC 12611 B0064M88ZC
B0064MMN9O 12612 B0064MMN9O
B0064NLPV0 12613 B0064NLPV0
B0064NTZKI 12614 B0064NTZKI
B0064NU002 12615 B0064NU002
B0064OTH8C 12616 B0064OTH8C
B0064OUGK0 12617 B0064OUGK0
B0064SVM5Y 12618 B0064SVM5Y
B0064SVNAI 12619 B0064SVNAI
B0064SVNJE 12620 B0064SVNJE
B0064SVO9I 12621 B0064SVO9I
B0064YON8G 12622 B0064YON8G
B0064YOWCI 12623 B0064YOWCI
B00650RWZA 12624 B00650RWZA
B006512BFU 12625 B006512BFU
B006512I7Q 12626 B006512I7Q
B006512LWI 12627 B006512LWI
B00652FG7O 12628 B00652FG7O
B00652U6CE 12629 B00652U6CE
B00652U6XI 12630 B00652U6XI
B00652U72S 12631 B00652U72S
B0065IZA0G 12632 B0065IZA0G
B0065IZJJS 12633 B0065IZJJS
B0065N6IRK 12634 B0065N6IRK
B00662CH02 12635 B00662CH02
B00664ALN0 12636 B00664ALN0
B00668IFWA 12637 B00668IFWA
B0066E6OIQ 12638 B0066E6OIQ
B0066E6OTA 12639 B0066E6OTA
B0066E6PR6 12640 B0066E6PR6
B0066E6QGG 12641 B0066E6QGG
B0066E6R4M 12642 B0066E6R4M
B0066E6RLK 12643 B0066E6RLK
B0066E6RWE 12644 B0066E6RWE
B0066E6SBO 12645 B0066E6SBO
B0066E6SGY 12646 B0066E6SGY
B0066O10AI 12647 B0066O10AI
B0067EKY7M 12648 B0067EKY7M
B0067EKYDG 12649 B0067EKYDG
B0067EKYL8 12650 B0067EKYL8
B0067EKYS6 12651 B0067EKYS6
B00683T51S 12652 B00683T51S
B00683T5CW 12653 B00683T5CW
B00683T5L8 12654 B00683T5L8
B0068FZ12S 12655 B0068FZ12S
B0068KTJ5S 12656 B0068KTJ5S
B0068MNNOE 12657 B0068MNNOE
B0068MNNS0 12658 B0068MNNS0
B0068MNOFC 12659 B0068MNOFC
B0068RHSCW 12660 B0068RHSCW
B0069556PO 12661 B0069556PO
B00695E1BY 12662 B00695E1BY
B00699G65E 12663 B00699G65E
B00699G6EU 12664 B00699G6EU
B0069RWA74 12665 B0069RWA74
B0069RWAL0 12666 B0069RWAL0
B0069RX7TY 12667 B0069RX7TY
B0069WVLM4 12668 B0069WVLM4
B006A04E3S 12669 B006A04E3S
B006B9K554 12670 B006B9K554
B006B9XBL4 12671 B006B9XBL4
B006BZ8NSE 12672 B006BZ8NSE
B006BZ8NZM 12673 B006BZ8NZM
B006BZ8O3I 12674 B006BZ8O3I
B006C0PPO8 12675 B006C0PPO8
B006C1S1DY 12676 B006C1S1DY
B006CEWGLO 12677 B006CEWGLO
B006DBY6GE 12678 B006DBY6GE
B006E02GRK 12679 B006E02GRK
B006E04D1C 12680 B006E04D1C
B006EMSO74 12681 B006EMSO74
B006ENHG8Q 12682 B006ENHG8Q
B006FYYWQS 12683 B006FYYWQS
B006GGRE9M 12684 B006GGRE9M
B006GHA9VQ 12685 B006GHA9VQ
B006GQQL50 12686 B006GQQL50
B006GVN05O 12687 B006GVN05O
B006H37P2K 12688 B006H37P2K
B006H37P5C 12689 B006H37P5C
B006H37PXY 12690 B006H37PXY
B006H3KQSK 12691 B006H3KQSK
B006H3KR3E 12692 B006H3KR3E
B006H3Q7LA 12693 B006H3Q7LA
B006H4RAS8 12694 B006H4RAS8
B006HGXGWA 12695 B006HGXGWA
B006HGXGWU 12696 B006HGXGWU
B006HGXGXE 12697 B006HGXGXE
B006IJNU04 12698 B006IJNU04
B006IRQU2G 12699 B006IRQU2G
B006IRQU5S 12700 B006IRQU5S
B006IRQUIA 12701 B006IRQUIA
B006IRQUMQ 12702 B006IRQUMQ
B006IRQUNA 12703 B006IRQUNA
B006ISGU0M 12704 B006ISGU0M
B006IVNIS6 12705 B006IVNIS6
B006IW8DTO 12706 B006IW8DTO
B006IW8E3Y 12707 B006IW8E3Y
B006IW8EA2 12708 B006IW8EA2
B006J1OCHG 12709 B006J1OCHG
B006JAUEK6 12710 B006JAUEK6
B006JD48GY 12711 B006JD48GY
B006JD48P0 12712 B006JD48P0
B006JIL0AG 12713 B006JIL0AG
B006JM1ZTI 12714 B006JM1ZTI
B006JN86VW 12715 B006JN86VW
B006JN86XU 12716 B006JN86XU
B006JN86Z8 12717 B006JN86Z8
B006JN8770 12718 B006JN8770
B006JN8798 12719 B006JN8798
B006JN87CU 12720 B006JN87CU
B006JN87F2 12721 B006JN87F2
B006JN87QG 12722 B006JN87QG
B006JN87W0 12723 B006JN87W0
B006JSY3VE 12724 B006JSY3VE
B006JY3OAE 12725 B006JY3OAE
B006JY3OBI 12726 B006JY3OBI
B006JY3OCW 12727 B006JY3OCW
B006JY3OH2 12728 B006JY3OH2
B006JY3OHW 12729 B006JY3OHW
B006K4XXKE 12730 B006K4XXKE
B006L4ZEDW 12731 B006L4ZEDW
B006LA6L6K 12732 B006LA6L6K
B006LA6LE2 12733 B006LA6LE2
B006LL3W0W 12734 B006LL3W0W
B006LL3WP2 12735 B006LL3WP2
B006LMRMMA 12736 B006LMRMMA
B006LXMK5I 12737 B006LXMK5I
B006M3M5FM 12738 B006M3M5FM
B006MEVCCS 12739 B006MEVCCS
B006MFQ4OS 12740 B006MFQ4OS
B006MHZH5I 12741 B006MHZH5I
B006MJEOIM 12742 B006MJEOIM
B006MK6Y8Y 12743 B006MK6Y8Y
B006ML50RE 12744 B006ML50RE
B006MNIYFW 12745 B006MNIYFW
B006MVKMTU 12746 B006MVKMTU
B006MWA8O8 12747 B006MWA8O8
B006MWA8QG 12748 B006MWA8QG
B006MWA8WA 12749 B006MWA8WA
B006MWA974 12750 B006MWA974
B006NKFAA6 12751 B006NKFAA6
B006NOC1EK 12752 B006NOC1EK
B006NVU7OY 12753 B006NVU7OY
B006O2BTGW 12754 B006O2BTGW
B006O6GUFS 12755 B006O6GUFS
B006OA8BJM 12756 B006OA8BJM
B006OALDLA 12757 B006OALDLA
B006OB3JLQ 12758 B006OB3JLQ
B006OKEU74 12759 B006OKEU74
B006OMMTAW 12760 B006OMMTAW
B006OS1B5K 12761 B006OS1B5K
B006OS1B8W 12762 B006OS1B8W
B006OS1BCI 12763 B006OS1BCI
B006OT0ST4 12764 B006OT0ST4
B006OV7RQ4 12765 B006OV7RQ4
B006OVPPHM 12766 B006OVPPHM
B006P0FF3Q 12767 B006P0FF3Q
B006P0FI24 12768 B006P0FI24
B006P2TA44 12769 B006P2TA44
B006PA0KHW 12770 B006PA0KHW
B006PA0TRI 12771 B006PA0TRI
B006PA0WF2 12772 B006PA0WF2
B006PF64AO 12773 B006PF64AO
B006PI3BUW 12774 B006PI3BUW
B006PTL1QM 12775 B006PTL1QM
B006QS9MKE 12776 B006QS9MKE
B006QVRUS2 12777 B006QVRUS2
B006QVRUY6 12778 B006QVRUY6
B006QVRW2G 12779 B006QVRW2G
B006QWC2ZC 12780 B006QWC2ZC
B006R7NJHG 12781 B006R7NJHG
B006T5JZ4M 12782 B006T5JZ4M
B006T8KT5S 12783 B006T8KT5S
B006T8KT6M 12784 B006T8KT6M
B006TBYC76 12785 B006TBYC76
B006TSI7D4 12786 B006TSI7D4
B006TTC50Y 12787 B006TTC50Y
B006TTC54K 12788 B006TTC54K
B006TTC5F4 12789 B006TTC5F4
B006TTC5GS 12790 B006TTC5GS
B006TTC5J0 12791 B006TTC5J0
B006TTC5PY 12792 B006TTC5PY
B006TTC5SG 12793 B006TTC5SG
B006TZPW2Q 12794 B006TZPW2Q
B006U1J5ZY 12795 B006U1J5ZY
B006U239KU 12796 B006U239KU
B006U49SC6 12797 B006U49SC6
B006U49SJE 12798 B006U49SJE
B006UANCHW 12799 B006UANCHW
B006UI5ARY 12800 B006UI5ARY
B006UKX6IC 12801 B006UKX6IC
B006VC3LDO 12802 B006VC3LDO
B006VHJL5Q 12803 B006VHJL5Q
B006VJ1AAI 12804 B006VJ1AAI
B006VRRGOO 12805 B006VRRGOO
B006VUYJ00 12806 B006VUYJ00
B006VXX8IQ 12807 B006VXX8IQ
B006W8CJ1W 12808 B006W8CJ1W
B006W95BWA 12809 B006W95BWA
B006WDWBK6 12810 B006WDWBK6
B006WK4YB8 12811 B006WK4YB8
B006WN5W5M 12812 B006WN5W5M
B006WNMHYQ 12813 B006WNMHYQ
B006WNSHUY 12814 B006WNSHUY
B006WNSHZO 12815 B006WNSHZO
B006WPZUJS 12816 B006WPZUJS
B006WQUI8K 12817 B006WQUI8K
B006WZIB1C 12818 B006WZIB1C
B006X040NY 12819 B006X040NY
B006X08DZ0 12820 B006X08DZ0
B006X0ZN3K 12821 B006X0ZN3K
B006X0ZN5I 12822 B006X0ZN5I
B006X0ZN7Q 12823 B006X0ZN7Q
B006X202AM 12824 B006X202AM
B006XDU7Y2 12825 B006XDU7Y2
B006XEH7EO 12826 B006XEH7EO
B006YGCEPS 12827 B006YGCEPS
B006YTGLEU 12828 B006YTGLEU
B006YWIFH8 12829 B006YWIFH8
B006Z510Y4 12830 B006Z510Y4
B006Z7Z3IG 12831 B006Z7Z3IG
B006Z7Z3KY 12832 B006Z7Z3KY
B006Z7Z3L8 12833 B006Z7Z3L8
B006Z7Z3PO 12834 B006Z7Z3PO
B006Z7Z3ZO 12835 B006Z7Z3ZO
B006Z94HWM 12836 B006Z94HWM
B006ZL1P66 12837 B006ZL1P66
B006ZL2T66 12838 B006ZL2T66
B006ZL84EW 12839 B006ZL84EW
B006ZMN5QI 12840 B006ZMN5QI
B006ZPJWBM 12841 B006ZPJWBM
B006ZRAF0C 12842 B006ZRAF0C
B006ZUMMKU 12843 B006ZUMMKU
B006ZY0PDW 12844 B006ZY0PDW
B0070B9R1U 12845 B0070B9R1U
B0070B9RCO 12846 B0070B9RCO
B0070B9RF6 12847 B0070B9RF6
B0070B9RFQ 12848 B0070B9RFQ
B0070B9S46 12849 B0070B9S46
B0070B9S96 12850 B0070B9S96
B0070EUH1Q 12851 B0070EUH1Q
B0070ZDMZ8 12852 B0070ZDMZ8
B007146EEY 12853 B007146EEY
B0071IUMK2 12854 B0071IUMK2
B0071L6SUW 12855 B0071L6SUW
B0071LEFY8 12856 B0071LEFY8
B0071LEIPE 12857 B0071LEIPE
B0071LEOV2 12858 B0071LEOV2
B0071LEPDE 12859 B0071LEPDE
B0071PT9JU 12860 B0071PT9JU
B0071U3MRA 12861 B0071U3MRA
B00720OO62 12862 B00720OO62
B007232DF8 12863 B007232DF8
B0072BNK02 12864 B0072BNK02
B0072GOJ48 12865 B0072GOJ48
B0072GOJ98 12866 B0072GOJ98
B0072GPQNG 12867 B0072GPQNG
B0072HTWQM 12868 B0072HTWQM
B0072OFOM6 12869 B0072OFOM6
B0072Q4SXU 12870 B0072Q4SXU
B0072VFXKC 12871 B0072VFXKC
B0072VFXN4 12872 B0072VFXN4
B00744WZ8U 12873 B00744WZ8U
B00746R3LM 12874 B00746R3LM
B0074JOCMC 12875 B0074JOCMC
B0074JOCQI 12876 B0074JOCQI
B0074JOCTU 12877 B0074JOCTU
B0074JODC6 12878 B0074JODC6
B0074JODP8 12879 B0074JODP8
B0074JOU8I 12880 B0074JOU8I
B0074JOVFK 12881 B0074JOVFK
B0074JOVTQ 12882 B0074JOVTQ
B00753MAXA 12883 B00753MAXA
B00753MBCA 12884 B00753MBCA
B007549W44 12885 B007549W44
B007549W62 12886 B007549W62
B007549WKI 12887 B007549WKI
B007549XLG 12888 B007549XLG
B0075C6F8C 12889 B0075C6F8C
B0076MWT7C 12890 B0076MWT7C
B0076XTIWU 12891 B0076XTIWU
B00770PIU8 12892 B00770PIU8
B0077176AM 12893 B0077176AM
B007726J4U 12894 B007726J4U
B00772HQTC 12895 B00772HQTC
B00772M1D8 12896 B00772M1D8
B0077ATSU4 12897 B0077ATSU4
B0077AYMXM 12898 B0077AYMXM
B0077E8RFC 12899 B0077E8RFC
B0077MFBYO 12900 B0077MFBYO
B0077PBPVE 12901 B0077PBPVE
B0077PHJ6E 12902 B0077PHJ6E
B0077PHKJK 12903 B0077PHKJK
B0077PTWLO 12904 B0077PTWLO
B0077PTWNM 12905 B0077PTWNM
B0077T5SBS 12906 B0077T5SBS
B0077T5SLI 12907 B0077T5SLI
B0077T5SOA 12908 B0077T5SOA
B0077T5SUE 12909 B0077T5SUE
B0077T5SWC 12910 B0077T5SWC
B0078X2A7I 12911 B0078X2A7I
B00795E3ZM 12912 B00795E3ZM
B0079C8N8S 12913 B0079C8N8S
B0079ILHRG 12914 B0079ILHRG
B0079ILHZS 12915 B0079ILHZS
B0079ILI6G 12916 B0079ILI6G
B0079J28NW 12917 B0079J28NW
B0079JMM4W 12918 B0079JMM4W
B0079K4W9E 12919 B0079K4W9E
B0079ZWUNY 12920 B0079ZWUNY
B007AFS0N2 12921 B007AFS0N2
B007AJMBJ2 12922 B007AJMBJ2
B007AJOI0C 12923 B007AJOI0C
B007AYJ3CK 12924 B007AYJ3CK
B007BCO592 12925 B007BCO592
B007BMIG24 12926 B007BMIG24
B007BMIG6U 12927 B007BMIG6U
B007BMIGQ0 12928 B007BMIGQ0
B007BMIGRO 12929 B007BMIGRO
B007BMIGZG 12930 B007BMIGZG
B007BS38J4 12931 B007BS38J4
B007BZ083Q 12932 B007BZ083Q
B007C3TVEY 12933 B007C3TVEY
B007C8RZO2 12934 B007C8RZO2
B007C8RZRO 12935 B007C8RZRO
B007C8RZWO 12936 B007C8RZWO
B007CEFTSA 12937 B007CEFTSA
B007CF6S1Q 12938 B007CF6S1Q
B007CJL17I 12939 B007CJL17I
B007CZ37B0 12940 B007CZ37B0
B007D0FVRM 12941 B007D0FVRM
B007DIZQQ0 12942 B007DIZQQ0
B007EAFTXW 12943 B007EAFTXW
B007EQR970 12944 B007EQR970
B007F1ES28 12945 B007F1ES28
B007F8ZDEI 12946 B007F8ZDEI
B007FF3HQM 12947 B007FF3HQM
B007FFUMKQ 12948 B007FFUMKQ
B007FGXVCG 12949 B007FGXVCG
B007FQXEQO 12950 B007FQXEQO
B007FQXEVY 12951 B007FQXEVY
B007FQXEWI 12952 B007FQXEWI
B007FQXEXW 12953 B007FQXEXW
B007FSEAHY 12954 B007FSEAHY
B007FZ7NEE 12955 B007FZ7NEE
B007G4X7VC 12956 B007G4X7VC
B007G8SEF2 12957 B007G8SEF2
B007GE98WO 12958 B007GE98WO
B007GMKX5W 12959 B007GMKX5W
B007GMKXC0 12960 B007GMKXC0
B007H9COG0 12961 B007H9COG0
B007HB6C9I 12962 B007HB6C9I
B007HHWJD0 12963 B007HHWJD0
B007HTKZ8O 12964 B007HTKZ8O
B007HW8U2Y 12965 B007HW8U2Y
B007I1Q4JU 12966 B007I1Q4JU
B007I1Q4MM 12967 B007I1Q4MM
B007I1Q54O 12968 B007I1Q54O
B007I6T9MY 12969 B007I6T9MY
B007I8KXDQ 12970 B007I8KXDQ
B007IJKQG4 12971 B007IJKQG4
B007IKKSNY 12972 B007IKKSNY
B007J3HWDE 12973 B007J3HWDE
B007J3ISIM 12974 B007J3ISIM
B007JE3JQW 12975 B007JE3JQW
B007JG5HZ6 12976 B007JG5HZ6
B007JNZYPM 12977 B007JNZYPM
B007JVM69Q 12978 B007JVM69Q
B007K1I810 12979 B007K1I810
B007K7IAGM 12980 B007K7IAGM
B007K7IAHQ 12981 B007K7IAHQ
B007K7IAVC 12982 B007K7IAVC
B007K7IB9I 12983 B007K7IB9I
B007K7IC6K 12984 B007K7IC6K
B007K7IC7E 12985 B007K7IC7E
B007KAUWO2 12986 B007KAUWO2
B007KFZ7Y2 12987 B007KFZ7Y2
B007KW5MOU 12988 B007KW5MOU
B007KW5NDA 12989 B007KW5NDA
B007L6JQ3S 12990 B007L6JQ3S
B007L6VP46 12991 B007L6VP46
B007L6VP8W 12992 B007L6VP8W
B007L6VPL4 12993 B007L6VPL4
B007L6VQ2W 12994 B007L6VQ2W
B007L6VQWW 12995 B007L6VQWW
B007L6VR6M 12996 B007L6VR6M
B007L6VRHG 12997 B007L6VRHG
B007LNBRKQ 12998 B007LNBRKQ
B007MCUAD6 12999 B007MCUAD6
B007MDB6Y2 13000 B007MDB6Y2
B007NPUW9E 13001 B007NPUW9E
B007NPXP5C 13002 B007NPXP5C
B007NU54H4 13003 B007NU54H4
B007OWW6V8 13004 B007OWW6V8
B007OXB1GI 13005 B007OXB1GI
B007P3Q95K 13006 B007P3Q95K
B007P470R0 13007 B007P470R0
B007P9HVJC 13008 B007P9HVJC
B007PK8686 13009 B007PK8686
B007PK88AW 13010 B007PK88AW
B007PK9NG0 13011 B007PK9NG0
B007PTCRIW 13012 B007PTCRIW
B007PVHANM 13013 B007PVHANM
B007PVHBCC 13014 B007PVHBCC
B007PXYWNQ 13015 B007PXYWNQ
B007PXYXEE 13016 B007PXYXEE
B007Q0JJD6 13017 B007Q0JJD6
B007Q0JJNQ 13018 B007Q0JJNQ
B007Q0K9ZI 13019 B007Q0K9ZI
B007Q1GKR8 13020 B007Q1GKR8
B007R915PG 13021 B007R915PG
B007R915RE 13022 B007R915RE
B007REV4LQ 13023 B007REV4LQ
B007RKFXTE 13024 B007RKFXTE
B007RKFXWQ 13025 B007RKFXWQ
B007RMQ4CW 13026 B007RMQ4CW
B007RMQ4F4 13027 B007RMQ4F4
B007RMQ52Q 13028 B007RMQ52Q
B007RO8X1U 13029 B007RO8X1U
B007S0DB56 13030 B007S0DB56
B007S3GIM6 13031 B007S3GIM6
B007TBJD1K 13032 B007TBJD1K
B007TSV4IS 13033 B007TSV4IS
B007TYI7LE 13034 B007TYI7LE
B007TZOD16 13035 B007TZOD16
B007U4DDXK 13036 B007U4DDXK
B007UQ8IKG 13037 B007UQ8IKG
B007USWCMY 13038 B007USWCMY
B007UW9W8W 13039 B007UW9W8W
B007V5AR64 13040 B007V5AR64
B007VI74VM 13041 B007VI74VM
B007VXT9SS 13042 B007VXT9SS
B007VXTA1O 13043 B007VXTA1O
B007VYEDHO 13044 B007VYEDHO
B007VYQ6DS 13045 B007VYQ6DS
B007WGDC7I 13046 B007WGDC7I
B007X1K450 13047 B007X1K450
B007XTDWO2 13048 B007XTDWO2
B007Y6CTSY 13049 B007Y6CTSY
B007ZMHBBM 13050 B007ZMHBBM
B007ZR9HPA 13051 B007ZR9HPA
B00803PFXG 13052 B00803PFXG
B0080BFW7W 13053 B0080BFW7W
B0080OAJV8 13054 B0080OAJV8
B0080QOL10 13055 B0080QOL10
B0080QOL1A 13056 B0080QOL1A
B00812T29E 13057 B00812T29E
B0081FSMMO 13058 B0081FSMMO
B0081HLM2E 13059 B0081HLM2E
B0081OM6UY 13060 B0081OM6UY
B008220AGC 13061 B008220AGC
B008220BGQ 13062 B008220BGQ
B008220CQU 13063 B008220CQU
B0082SIQB2 13064 B0082SIQB2
B00834JR1S 13065 B00834JR1S
B0083QJV6M 13066 B0083QJV6M
B0083QJVMQ 13067 B0083QJVMQ
B0083SBMGW 13068 B0083SBMGW
B0083SF0FG 13069 B0083SF0FG
B0083SJFYS 13070 B0083SJFYS
B0083TUE6A 13071 B0083TUE6A
B0083TUE7E 13072 B0083TUE7E
B0083TUEDS 13073 B0083TUEDS
B0083UH5U2 13074 B0083UH5U2
B0083UHIPE 13075 B0083UHIPE
B0083UHZK2 13076 B0083UHZK2
B0083XXWRE 13077 B0083XXWRE
B00843TZJ2 13078 B00843TZJ2
B00846OYHM 13079 B00846OYHM
B0084DVVTE 13080 B0084DVVTE
B0084I0LLI 13081 B0084I0LLI
B0084I9QIW 13082 B0084I9QIW
B0084IHVUC 13083 B0084IHVUC
B0084K6IF4 13084 B0084K6IF4
B008582FCK 13085 B008582FCK
B00858MY5S 13086 B00858MY5S
B0085A9JPO 13087 B0085A9JPO
B0085A9K62 13088 B0085A9K62
B0085HWZ9Y 13089 B0085HWZ9Y
B0085MEGE6 13090 B0085MEGE6
B0085Z3AEA 13091 B0085Z3AEA
B0085Z6YYI 13092 B0085Z6YYI
B0085Z6Z2O 13093 B0085Z6Z2O
B008645Z0M 13094 B008645Z0M
B0086A3ZL2 13095 B0086A3ZL2
B0086IMNRQ 13096 B0086IMNRQ
B0087ITBT8 13097 B0087ITBT8
B0089BSNQA 13098 B0089BSNQA
B0089LX8II 13099 B0089LX8II
B008BJTY4K 13100 B008BJTY4K
B008BMMXF4 13101 B008BMMXF4
B008C0C1Y8 13102 B008C0C1Y8
B008C0C23I 13103 B008C0C23I
B008CFZQQS 13104 B008CFZQQS
B008CMF0P8 13105 B008CMF0P8
B008CN091M 13106 B008CN091M
B008CYDDN2 13107 B008CYDDN2
B008D1R52E 13108 B008D1R52E
B008DH9O86 13109 B008DH9O86
B008DVJNTW 13110 B008DVJNTW
B008EHZWOU 13111 B008EHZWOU
B008EPKWWE 13112 B008EPKWWE
B008FCX2D2 13113 B008FCX2D2
B008FYZHLK 13114 B008FYZHLK
B008G33PLO 13115 B008G33PLO
B008G4T5VM 13116 B008G4T5VM
B008GM1012 13117 B008GM1012
B008H1Q3YG 13118 B008H1Q3YG
B008H5J510 13119 B008H5J510
B008H6GH7Y 13120 B008H6GH7Y
B008H6GH9W 13121 B008H6GH9W
B008H6GHEM 13122 B008H6GHEM
B008H6GHG0 13123 B008H6GHG0
B008H6GHHY 13124 B008H6GHHY
B008H6GHII 13125 B008H6GHII
B008H6GHJM 13126 B008H6GHJM
B008H6GHKG 13127 B008H6GHKG
B008H6GHL0 13128 B008H6GHL0
B008H6GHLU 13129 B008H6GHLU
B008HE9P3E 13130 B008HE9P3E
B008HUSFIE 13131 B008HUSFIE
B008HUSFJ8 13132 B008HUSFJ8
B008HUSFTS 13133 B008HUSFTS
B008HYKH9U 13134 B008HYKH9U
B008I34YYY 13135 B008I34YYY
B008I34Z34 13136 B008I34Z34
B008I3SDNC 13137 B008I3SDNC
B008IG0BBQ 13138 B008IG0BBQ
B008IG0DJQ 13139 B008IG0DJQ
B008IG0F7G 13140 B008IG0F7G
B008IG0FEY 13141 B008IG0FEY
B008KXLAUS 13142 B008KXLAUS
B008KZVNFS 13143 B008KZVNFS
B008L0YMSW 13144 B008L0YMSW
B008M0PBMM 13145 B008M0PBMM
B008MCKLAM 13146 B008MCKLAM
B008MILYYI 13147 B008MILYYI
B008MIMWP8 13148 B008MIMWP8
B008N8A3DA 13149 B008N8A3DA
B008N8A3JE 13150 B008N8A3JE
B008NNY9HQ 13151 B008NNY9HQ
B008NQO10I 13152 B008NQO10I
B008OGIPJA 13153 B008OGIPJA
B008OHV5R8 13154 B008OHV5R8
B008OIQZ36 13155 B008OIQZ36
B008OPZD8C 13156 B008OPZD8C
B008P9M614 13157 B008P9M614
B008QP3NQ4 13158 B008QP3NQ4
B008R65XLU 13159 B008R65XLU
B008R65XVA 13160 B008R65XVA
B008R65XWO 13161 B008R65XWO
B008R65XXS 13162 B008R65XXS
B008R65Y3C 13163 B008R65Y3C
B008RA61TO 13164 B008RA61TO
B008RV5K5E 13165 B008RV5K5E
B008S83IQE 13166 B008S83IQE
B008SBXFNM 13167 B008SBXFNM
B008U1ANHG 13168 B008U1ANHG
B008UDXBS2 13169 B008UDXBS2
B008UE8ICK 13170 B008UE8ICK
B008UIANNI 13171 B008UIANNI
B008UP0CIW 13172 B008UP0CIW
B008UZ949K 13173 B008UZ949K
B008UZA8FY 13174 B008UZA8FY
B008UZDXEW 13175 B008UZDXEW
B008V8NQPE 13176 B008V8NQPE
B008VBSR7S 13177 B008VBSR7S
B008VIMLRI 13178 B008VIMLRI
B008VNI9EW 13179 B008VNI9EW
B008VPCL6M 13180 B008VPCL6M
B008VPCL7G 13181 B008VPCL7G
B008WAM2DI 13182 B008WAM2DI
B008WAM2E2 13183 B008WAM2E2
B008WAM2N8 13184 B008WAM2N8
B008WAM2QK 13185 B008WAM2QK
B008WAM2TW 13186 B008WAM2TW
B008WCP2GA 13187 B008WCP2GA
B008X8VM1W 13188 B008X8VM1W
B008XAT0JG 13189 B008XAT0JG
B008XAT0SW 13190 B008XAT0SW
B008XAT0VO 13191 B008XAT0VO
B008XAT0ZU 13192 B008XAT0ZU
B008XAT118 13193 B008XAT118
B008XAT15E 13194 B008XAT15E
B008XAT1LS 13195 B008XAT1LS
B008XEZXES 13196 B008XEZXES
B008XJM6H0 13197 B008XJM6H0
B008XRE81E 13198 B008XRE81E
B008Y1YKTO 13199 B008Y1YKTO
B008Y1YKU8 13200 B008Y1YKU8
B008YAPR7E 13201 B008YAPR7E
B008YAPRS8 13202 B008YAPRS8
B008YIUC1W 13203 B008YIUC1W
B008YKV2NW 13204 B008YKV2NW
B008YRL6LI 13205 B008YRL6LI
B008YRL6WM 13206 B008YRL6WM
B008YRL7JE 13207 B008YRL7JE
B008YV11JQ 13208 B008YV11JQ
B008YYSEN4 13209 B008YYSEN4
B008Z0D5L8 13210 B008Z0D5L8
B008ZQ4WEQ 13211 B008ZQ4WEQ
B008ZRKIHA 13212 B008ZRKIHA
B008ZRKIQ6 13213 B008ZRKIQ6
B00900WLBW 13214 B00900WLBW
B009050H0Y 13215 B009050H0Y
B0090EDE1Y 13216 B0090EDE1Y
B0090EDEIC 13217 B0090EDEIC
B0090EDEQY 13218 B0090EDEQY
B0090F6SD4 13219 B0090F6SD4
B0090JB4V6 13220 B0090JB4V6
B0090JB6DC 13221 B0090JB6DC
B0090JBAPG 13222 B0090JBAPG
B0090JBD8A 13223 B0090JBD8A
B0090JBFE2 13224 B0090JBFE2
B0090JBOC0 13225 B0090JBOC0
B0090JBTFM 13226 B0090JBTFM
B0090O07S2 13227 B0090O07S2
B0090SI39I 13228 B0090SI39I
B0090SI3DY 13229 B0090SI3DY
B0090SI3EI 13230 B0090SI3EI
B0090SI3HU 13231 B0090SI3HU
B0090SI42Y 13232 B0090SI42Y
B0090SI4BA 13233 B0090SI4BA
B0090SI4HO 13234 B0090SI4HO
B0090SI4LU 13235 B0090SI4LU
B0090SI55A 13236 B0090SI55A
B0090SVDRW 13237 B0090SVDRW
B0090V4IPI 13238 B0090V4IPI
B0090W3BNM 13239 B0090W3BNM
B0090W3BPA 13240 B0090W3BPA
B0090XUARQ 13241 B0090XUARQ
B00911L7VA 13242 B00911L7VA
B00911MH14 13243 B00911MH14
B00914ETQW 13244 B00914ETQW
B00915G4IC 13245 B00915G4IC
B00915G6MG 13246 B00915G6MG
B00915G6NK 13247 B00915G6NK
B00915G6OE 13248 B00915G6OE
B00915G6Q2 13249 B00915G6Q2
B00915G6R6 13250 B00915G6R6
B00915G6SU 13251 B00915G6SU
B00915G6TE 13252 B00915G6TE
B00915G6WQ 13253 B00915G6WQ
B00917IPSW 13254 B00917IPSW
B009186JNO 13255 B009186JNO
B0091AUVRM 13256 B0091AUVRM
B0091D48QO 13257 B0091D48QO
B0091JJ278 13258 B0091JJ278
B0091NWBC2 13259 B0091NWBC2
B0092HW8OI 13260 B0092HW8OI
B0092QDMQ2 13261 B0092QDMQ2
B0092QH902 13262 B0092QH902
B0092U7JSU 13263 B0092U7JSU
B00930LIT0 13264 B00930LIT0
B00930LJ6C 13265 B00930LJ6C
B00936GS26 13266 B00936GS26
B00938UVC2 13267 B00938UVC2
B0093DFM8A 13268 B0093DFM8A
B0093DFMJ4 13269 B0093DFMJ4
B0093I9114 13270 B0093I9114
B0093ICOE0 13271 B0093ICOE0
B0093OFLZ8 13272 B0093OFLZ8
B0093QIDLK 13273 B0093QIDLK
B009410JOI 13274 B009410JOI
B00945HSU2 13275 B00945HSU2
B009474UW4 13276 B009474UW4
B00947NAHU 13277 B00947NAHU
B0094GSRXS 13278 B0094GSRXS
B0094GWPOU 13279 B0094GWPOU
B0095E61U0 13280 B0095E61U0
B0095FJHXC 13281 B0095FJHXC
B0095HHLMO 13282 B0095HHLMO
B0095HHM78 13283 B0095HHM78
B0095XJ7OI 13284 B0095XJ7OI
B0095XJ7PW 13285 B0095XJ7PW
B0095Y3YHI 13286 B0095Y3YHI
B0095ZTOJ4 13287 B0095ZTOJ4
B00960EHRC 13288 B00960EHRC
B00960EHT0 13289 B00960EHT0
B00962R0EW 13290 B00962R0EW
B00962R0F6 13291 B00962R0F6
B00962R0H4 13292 B00962R0H4
B00968THNS 13293 B00968THNS
B0096AYJPM 13294 B0096AYJPM
B0096AYKXI 13295 B0096AYKXI
B0096MJH2K 13296 B0096MJH2K
B0096PBD42 13297 B0096PBD42
B0096PBD5G 13298 B0096PBD5G
B0096RC4X4 13299 B0096RC4X4
B0096RC57O 13300 B0096RC57O
B0096RC6Z0 13301 B0096RC6Z0
B0096UG7XY 13302 B0096UG7XY
B0096W46PS 13303 B0096W46PS
B0096W46VW 13304 B0096W46VW
B0096W4784 13305 B0096W4784
B0096W47NO 13306 B0096W47NO
B00979JV00 13307 B00979JV00
B00979KQK4 13308 B00979KQK4
B0097RU2LO 13309 B0097RU2LO
B0098465QW 13310 B0098465QW
B0099116AY 13311 B0099116AY
B0099116J0 13312 B0099116J0
B0099116S6 13313 B0099116S6
B009934S5M 13314 B009934S5M
B00996RSYM 13315 B00996RSYM
B009999YD2 13316 B009999YD2
B009A87WU4 13317 B009A87WU4
B009A8825S 13318 B009A8825S
B009A9EMYM 13319 B009A9EMYM
B009AF5OY8 13320 B009AF5OY8
B009AGEZ8S 13321 B009AGEZ8S
B009AJB0YM 13322 B009AJB0YM
B009AMABH6 13323 B009AMABH6
B009AMAH9I 13324 B009AMAH9I
B009AMAJBO 13325 B009AMAJBO
B009AMAJVO 13326 B009AMAJVO
B009AMAK54 13327 B009AMAK54
B009AMAKBI 13328 B009AMAKBI
B009AMAKWM 13329 B009AMAKWM
B009AMALBM 13330 B009AMALBM
B009AMALLM 13331 B009AMALLM
B009AMAM0M 13332 B009AMAM0M
B009AMAOAA 13333 B009AMAOAA
B009AMAOTQ 13334 B009AMAOTQ
B009AVC9Z4 13335 B009AVC9Z4
B009AVCAGC 13336 B009AVCAGC
B009AVCALC 13337 B009AVCALC
B009AX48NS 13338 B009AX48NS
B009AYNOYQ 13339 B009AYNOYQ
B009B6XJVQ 13340 B009B6XJVQ
B009B82ET2 13341 B009B82ET2
B009B82EZ6 13342 B009B82EZ6
B009B82F2S 13343 B009B82F2S
B009B82FCS 13344 B009B82FCS
B009B8YMOW 13345 B009B8YMOW
B009B8YZIK 13346 B009B8YZIK
B009C30ROU 13347 B009C30ROU
B009CI8RS8 13348 B009CI8RS8
B009CSVRNU 13349 B009CSVRNU
B009CW565G 13350 B009CW565G
B009CZTFY6 13351 B009CZTFY6
B009D1G9S4 13352 B009D1G9S4
B009D4RPIE 13353 B009D4RPIE
B009D4SQEQ 13354 B009D4SQEQ
B009DA74DY 13355 B009DA74DY
B009DBSWZ2 13356 B009DBSWZ2
B009DE6HW4 13357 B009DE6HW4
B009DH36ZC 13358 B009DH36ZC
B009DH371K 13359 B009DH371K
B009DHOZ5M 13360 B009DHOZ5M
B009DJKKKE 13361 B009DJKKKE
B009DS31ZG 13362 B009DS31ZG
B009DS3VQA 13363 B009DS3VQA
B009DS5Y6A 13364 B009DS5Y6A
B009DS6YGO 13365 B009DS6YGO
B009DT9ANW 13366 B009DT9ANW
B009DW5X0I 13367 B009DW5X0I
B009EOMNSA 13368 B009EOMNSA
B009ERK0XW 13369 B009ERK0XW
B009ERK1AE 13370 B009ERK1AE
B009ERK1ZO 13371 B009ERK1ZO
B009ERK2UI 13372 B009ERK2UI
B009EU6F1U 13373 B009EU6F1U
B009EU77NK 13374 B009EU77NK
B009G5C8Q4 13375 B009G5C8Q4
B009GG2T3A 13376 B009GG2T3A
B009GGWWL4 13377 B009GGWWL4
B009GJDDHS 13378 B009GJDDHS
B009GUSWDM 13379 B009GUSWDM
B009GXTG0C 13380 B009GXTG0C
B009GYS70Q 13381 B009GYS70Q
B009H3LNF2 13382 B009H3LNF2
B009H3LNW0 13383 B009H3LNW0
B009H3LOBK 13384 B009H3LOBK
B009H3LP82 13385 B009H3LP82
B009HIKAN8 13386 B009HIKAN8
B009HSDC2Y 13387 B009HSDC2Y
B009I23DAA 13388 B009I23DAA
B009I2OA2U 13389 B009I2OA2U
B009INABXG 13390 B009INABXG
B009INAC12 13391 B009INAC12
B009INAHZS 13392 B009INAHZS
B009INAK8C 13393 B009INAK8C
B009IV2ZCI 13394 B009IV2ZCI
B009J212G6 13395 B009J212G6
B009JBWOU0 13396 B009JBWOU0
B009KKLQKO 13397 B009KKLQKO
B009KU2MAM 13398 B009KU2MAM
B009KU2N7E 13399 B009KU2N7E
B009L0NC96 13400 B009L0NC96
B009L4DSV4 13401 B009L4DSV4
B009L63QIM 13402 B009L63QIM
B009LA1QZS 13403 B009LA1QZS
B009LDCX1Q 13404 B009LDCX1Q
B009LDCXNY 13405 B009LDCXNY
B009LDD3WY 13406 B009LDD3WY
B009LDD54K 13407 B009LDD54K
B009M4KSHK 13408 B009M4KSHK
B009MO5960 13409 B009MO5960
B009MO5E10 13410 B009MO5E10
B009NNM70G 13411 B009NNM70G
B009NNM9OA 13412 B009NNM9OA
B009NNMAZI 13413 B009NNMAZI
B009NRQTPG 13414 B009NRQTPG
B009NRQU50 13415 B009NRQU50
B009OCR2U6 13416 B009OCR2U6
B009OD8XQC 13417 B009OD8XQC
B009OE2NZI 13418 B009OE2NZI
B009OE2O1Q 13419 B009OE2O1Q
B009OE2O2A 13420 B009OE2O2A
B009OE2O70 13421 B009OE2O70
B009OE2OCU 13422 B009OE2OCU
B009OE2ODY 13423 B009OE2ODY
B009P3J5XG 13424 B009P3J5XG
B009P3J6D0 13425 B009P3J6D0
B009PHCI68 13426 B009PHCI68
B009PN18R2 13427 B009PN18R2
B009PN3OD8 13428 B009PN3OD8
B009PNHSYY 13429 B009PNHSYY
B009POCG22 13430 B009POCG22
B009RJRI2I 13431 B009RJRI2I
B009RJRIJG 13432 B009RJRIJG
B009RJRJ2C 13433 B009RJRJ2C
B009RNK0YC 13434 B009RNK0YC
B009RWRINE 13435 B009RWRINE
B009RWVLN2 13436 B009RWVLN2
B009RX7WTI 13437 B009RX7WTI
B009SCONXQ 13438 B009SCONXQ
B009TE9GZI 13439 B009TE9GZI
B009TR7A08 13440 B009TR7A08
B009TT0BSE 13441 B009TT0BSE
B009TTGLJ2 13442 B009TTGLJ2
B009TTTLD0 13443 B009TTTLD0
B009UHGW7Y 13444 B009UHGW7Y
B009UHH26O 13445 B009UHH26O
B009VL299E 13446 B009VL299E
B009VUCOW2 13447 B009VUCOW2
B009VXVMAO 13448 B009VXVMAO
B009VYAVYG 13449 B009VYAVYG
B009VYE656 13450 B009VYE656
B009W1VYFI 13451 B009W1VYFI
B009WGYXIS 13452 B009WGYXIS
B009X13UT0 13453 B009X13UT0
B009X484OS 13454 B009X484OS
B009X919YU 13455 B009X919YU
B009XJVKKS 13456 B009XJVKKS
B009XTF8JM 13457 B009XTF8JM
B009YQJ2Q4 13458 B009YQJ2Q4
B009YQJ368 13459 B009YQJ368
B009YQO3MW 13460 B009YQO3MW
B009YXCKDE 13461 B009YXCKDE
B009Z59778 13462 B009Z59778
B009ZNA918 13463 B009ZNA918
B009ZNTX38 13464 B009ZNTX38
B00A0HT94G 13465 B00A0HT94G
B00A0HT99G 13466 B00A0HT99G
B00A196N8I 13467 B00A196N8I
B00A1AU64E 13468 B00A1AU64E
B00A1AU6VC 13469 B00A1AU6VC
B00A27OJ94 13470 B00A27OJ94
B00A2H9VBU 13471 B00A2H9VBU
B00A2H9WW8 13472 B00A2H9WW8
B00A2J92KI 13473 B00A2J92KI
B00A2LFXVI 13474 B00A2LFXVI
B00A2XTJI4 13475 B00A2XTJI4
B00A34LX2M 13476 B00A34LX2M
B00A3MBSPQ 13477 B00A3MBSPQ
B00A429YOW 13478 B00A429YOW
B00A4F5A60 13479 B00A4F5A60
B00A4TMLNG 13480 B00A4TMLNG
B00A4Y61ZU 13481 B00A4Y61ZU
B00A50PD2U 13482 B00A50PD2U
B00A5ABQVM 13483 B00A5ABQVM
B00A6EZEOM 13484 B00A6EZEOM
B00A6HL704 13485 B00A6HL704
B00A6SZRT0 13486 B00A6SZRT0
B00A6UHBJM 13487 B00A6UHBJM
B00A6UHC0U 13488 B00A6UHC0U
B00A6YR6DY 13489 B00A6YR6DY
B00A73ANHA 13490 B00A73ANHA
B00A73ANIY 13491 B00A73ANIY
B00A7E8PA6 13492 B00A7E8PA6
B00A7MSQRK 13493 B00A7MSQRK
B00A7MSQSO 13494 B00A7MSQSO
B00A7ZH8GM 13495 B00A7ZH8GM
B00A7ZHDOO 13496 B00A7ZHDOO
B00A8GBVOK 13497 B00A8GBVOK
B00A8KJLPM 13498 B00A8KJLPM
B00A8KJMP6 13499 B00A8KJMP6
B00A8LYYI0 13500 B00A8LYYI0
B00A8PPL9M 13501 B00A8PPL9M
B00A92MBIS 13502 B00A92MBIS
B00A92MF8Y 13503 B00A92MF8Y
B00A92MGLA 13504 B00A92MGLA
B00A9XP25G 13505 B00A9XP25G
B00A9YBW0Y 13506 B00A9YBW0Y
B00A9ZMNE2 13507 B00A9ZMNE2
B00AA8Q0FQ 13508 B00AA8Q0FQ
B00AAA62TI 13509 B00AAA62TI
B00AADADM2 13510 B00AADADM2
B00AADAEHQ 13511 B00AADAEHQ
B00AADAK5W 13512 B00AADAK5W
B00AAN283Y 13513 B00AAN283Y
B00AAQHP66 13514 B00AAQHP66
B00AATFJI4 13515 B00AATFJI4
B00AATFJKC 13516 B00AATFJKC
B00AATGDW0 13517 B00AATGDW0
B00AATGDXO 13518 B00AATGDXO
B00AATGDY8 13519 B00AATGDY8
B00AAXZ75K 13520 B00AAXZ75K
B00AAZ9FKG 13521 B00AAZ9FKG
B00AB2NX1K 13522 B00AB2NX1K
B00AB55C1Q 13523 B00AB55C1Q
B00ABA1OP4 13524 B00ABA1OP4
B00ABHRMQ2 13525 B00ABHRMQ2
B00ADO9C9I 13526 B00ADO9C9I
B00ADRYGSC 13527 B00ADRYGSC
B00AEB70V2 13528 B00AEB70V2
B00AEFXL5W 13529 B00AEFXL5W
B00AEFY2WI 13530 B00AEFY2WI
B00AEFYVGU 13531 B00AEFYVGU
B00AEJM61I 13532 B00AEJM61I
B00AEK9BKQ 13533 B00AEK9BKQ
B00AENNHOE 13534 B00AENNHOE
B00AEVXGFG 13535 B00AEVXGFG
B00AF1H8D6 13536 B00AF1H8D6
B00AF6B22E 13537 B00AF6B22E
B00AFDN5Y0 13538 B00AFDN5Y0
B00AFEYI3G 13539 B00AFEYI3G
B00AFEYJ80 13540 B00AFEYJ80
B00AFQSZ0G 13541 B00AFQSZ0G
B00AG471ZM 13542 B00AG471ZM
B00AG6NO7O 13543 B00AG6NO7O
B00AGMT7MY 13544 B00AGMT7MY
B00AGMT7WY 13545 B00AGMT7WY
B00AHQQHFE 13546 B00AHQQHFE
B00AHREQMY 13547 B00AHREQMY
B00AHTKIVU 13548 B00AHTKIVU
B00AIA884W 13549 B00AIA884W
B00AIA89J6 13550 B00AIA89J6
B00AIA89OQ 13551 B00AIA89OQ
B00AIANIPQ 13552 B00AIANIPQ
B00AIBZFDI 13553 B00AIBZFDI
B00AIBZJDY 13554 B00AIBZJDY
B00AIBZJS4 13555 B00AIBZJS4
B00AIBZKFG 13556 B00AIBZKFG
B00AIBZLR8 13557 B00AIBZLR8
B00AIBZMD6 13558 B00AIBZMD6
B00AIQD5H6 13559 B00AIQD5H6
B00AIZ282U 13560 B00AIZ282U
B00AIZ2FPK 13561 B00AIZ2FPK
B00AIZ2K78 13562 B00AIZ2K78
B00AJCVI9Q 13563 B00AJCVI9Q
B00AJCX1I2 13564 B00AJCX1I2
B00AJEL71S 13565 B00AJEL71S
B00AJER44M 13566 B00AJER44M
B00AJLHUYO 13567 B00AJLHUYO
B00AJLHVES 13568 B00AJLHVES
B00AJXO42S 13569 B00AJXO42S
B00AJXO48W 13570 B00AJXO48W
B00AJXO56I 13571 B00AJXO56I
B00AJXO5X6 13572 B00AJXO5X6
B00AK51O96 13573 B00AK51O96
B00AKB8OZC 13574 B00AKB8OZC
B00AKB8PWE 13575 B00AKB8PWE
B00AKFF6PE 13576 B00AKFF6PE
B00AKGG5PS 13577 B00AKGG5PS
B00AKGG6JS 13578 B00AKGG6JS
B00AKHE40U 13579 B00AKHE40U
B00AKIP9Y4 13580 B00AKIP9Y4
B00AKIPAG6 13581 B00AKIPAG6
B00AKK6LM6 13582 B00AKK6LM6
B00AKK6MD4 13583 B00AKK6MD4
B00AKOMGZ8 13584 B00AKOMGZ8
B00AL6P4A4 13585 B00AL6P4A4
B00ALMNCLQ 13586 B00ALMNCLQ
B00ALTQRNO 13587 B00ALTQRNO
B00ALTQRRK 13588 B00ALTQRRK
B00ALX3QBQ 13589 B00ALX3QBQ
B00AMDA2O4 13590 B00AMDA2O4
B00AMDA2OY 13591 B00AMDA2OY
B00AMHFPK6 13592 B00AMHFPK6
B00AMHFQXM 13593 B00AMHFQXM
B00AML732A 13594 B00AML732A
B00AMQG8NU 13595 B00AMQG8NU
B00AMQGB6O 13596 B00AMQGB6O
B00AMQGFJM 13597 B00AMQGFJM
B00AMQGGFA 13598 B00AMQGGFA
B00AMR5FGA 13599 B00AMR5FGA
B00AMSLDW4 13600 B00AMSLDW4
B00AMSLDX8 13601 B00AMSLDX8
B00AMSM9AO 13602 B00AMSM9AO
B00AMSNEGM 13603 B00AMSNEGM
B00AMSQBNK 13604 B00AMSQBNK
B00AMSQBSU 13605 B00AMSQBSU
B00AMSQBUI 13606 B00AMSQBUI
B00AMSS3TU 13607 B00AMSS3TU
B00AMSS3UO 13608 B00AMSS3UO
B00AMSS3XQ 13609 B00AMSS3XQ
B00AMSTXSU 13610 B00AMSTXSU
B00AMU8K8C 13611 B00AMU8K8C
B00AMXSFRK 13612 B00AMXSFRK
B00AN10NU8 13613 B00AN10NU8
B00AN5LCXQ 13614 B00AN5LCXQ
B00AN5LD2Q 13615 B00AN5LD2Q
B00ANDDBBY 13616 B00ANDDBBY
B00ANGICCO 13617 B00ANGICCO
B00ANGICPG 13618 B00ANGICPG
B00ANJNFCI 13619 B00ANJNFCI
B00ANRG432 13620 B00ANRG432
B00ANT85VY 13621 B00ANT85VY
B00ANV82HE 13622 B00ANV82HE
B00ANVX6DY 13623 B00ANVX6DY
B00AO1RKFS 13624 B00AO1RKFS
B00AO1RKOO 13625 B00AO1RKOO
B00AO686E2 13626 B00AO686E2
B00AOCDDDK 13627 B00AOCDDDK
B00AOCDDO4 13628 B00AOCDDO4
B00AP2DC94 13629 B00AP2DC94
B00APGRMX2 13630 B00APGRMX2
B00APH7PTC 13631 B00APH7PTC
B00APOQR4E 13632 B00APOQR4E
B00APW2U88 13633 B00APW2U88
B00AQ590C8 13634 B00AQ590C8
B00AQ590DM 13635 B00AQ590DM
B00AQ590FK 13636 B00AQ590FK
B00AQ590IC 13637 B00AQ590IC
B00AQ590KU 13638 B00AQ590KU
B00AQ5SPBU 13639 B00AQ5SPBU
B00AQ5U234 13640 B00AQ5U234
B00AQ6BCGO 13641 B00AQ6BCGO
B00AQ6J536 13642 B00AQ6J536
B00AQ6J5JU 13643 B00AQ6J5JU
B00AQ8IUJ4 13644 B00AQ8IUJ4
B00AQAZZ3Q 13645 B00AQAZZ3Q
B00AQAZZ40 13646 B00AQAZZ40
B00AQBDU4Q 13647 B00AQBDU4Q
B00AQGE5BS 13648 B00AQGE5BS
B00AQJ6QJY 13649 B00AQJ6QJY
B00AQJANI4 13650 B00AQJANI4
B00AQMGQVY 13651 B00AQMGQVY
B00AQN09G6 13652 B00AQN09G6
B00AQSN620 13653 B00AQSN620
B00AQVMZKQ 13654 B00AQVMZKQ
B00AQVMZXS 13655 B00AQVMZXS
B00ARA4SLU 13656 B00ARA4SLU
B00AREP9VE 13657 B00AREP9VE
B00ARRQ9NI 13658 B00ARRQ9NI
B00ARWX2SI 13659 B00ARWX2SI
B00AS1Q8FW 13660 B00AS1Q8FW
B00AT6NUN4 13661 B00AT6NUN4
B00ATCDGHI 13662 B00ATCDGHI
B00ATK0452 13663 B00ATK0452
B00AU15GLC 13664 B00AU15GLC
B00AU740H2 13665 B00AU740H2
B00AUJH30Q 13666 B00AUJH30Q
B00AUJH3GU 13667 B00AUJH3GU
B00AUMMYZW 13668 B00AUMMYZW
B00AUPSR14 13669 B00AUPSR14
B00AW8OZ88 13670 B00AW8OZ88
B00AW9M3XQ 13671 B00AW9M3XQ
B00AW9M4FS 13672 B00AW9M4FS
B00AW9M54I 13673 B00AW9M54I
B00AW9M7TG 13674 B00AW9M7TG
B00AW9M8N6 13675 B00AW9M8N6
B00AW9MB4W 13676 B00AW9MB4W
B00AWHDFHQ 13677 B00AWHDFHQ
B00AWI6ZS6 13678 B00AWI6ZS6
B00AWN5ASW 13679 B00AWN5ASW
B00AWSX6CY 13680 B00AWSX6CY
B00AWWX7X8 13681 B00AWWX7X8
B00AX5B0O2 13682 B00AX5B0O2
B00AX5B0QU 13683 B00AX5B0QU
B00AX5B0RY 13684 B00AX5B0RY
B00AXFK96M 13685 B00AXFK96M
B00AXJQV2O 13686 B00AXJQV2O
B00AY2DL78 13687 B00AY2DL78
B00AY6PK5A 13688 B00AY6PK5A
B00AYGVCCK 13689 B00AYGVCCK
B00AYHKJOG 13690 B00AYHKJOG
B00AYVI6SI 13691 B00AYVI6SI
B00AZESO72 13692 B00AZESO72
B00AZFECT0 13693 B00AZFECT0
B00AZI9JP4 13694 B00AZI9JP4
B00AZKY0OW 13695 B00AZKY0OW
B00AZL30H4 13696 B00AZL30H4
B00AZL310A 13697 B00AZL310A
B00AZMFG48 13698 B00AZMFG48
B00AZMFINM 13699 B00AZMFINM
B00AZMFJ90 13700 B00AZMFJ90
B00AZMFKNK 13701 B00AZMFKNK
B00AZMFL2K 13702 B00AZMFL2K
B00AZMFM3I 13703 B00AZMFM3I
B00AZMFO0E 13704 B00AZMFO0E
B00AZMFONG 13705 B00AZMFONG
B00AZNEVNE 13706 B00AZNEVNE
B00B00HUC0 13707 B00B00HUC0
B00B04NIZO 13708 B00B04NIZO
B00B04NJLW 13709 B00B04NJLW
B00B06GF3Y 13710 B00B06GF3Y
B00B0FQ8NC 13711 B00B0FQ8NC
B00B18FA50 13712 B00B18FA50
B00B1DV59A 13713 B00B1DV59A
B00B1E6EAY 13714 B00B1E6EAY
B00B1LKXZY 13715 B00B1LKXZY
B00B1LM730 13716 B00B1LM730
B00B1LM74O 13717 B00B1LM74O
B00B1RB8ZC 13718 B00B1RB8ZC
B00B209RHY 13719 B00B209RHY
B00B2BYY3U 13720 B00B2BYY3U
B00B2TU1R0 13721 B00B2TU1R0
B00B2TUCBA 13722 B00B2TUCBA
B00B2VMNM4 13723 B00B2VMNM4
B00B2YH7BS 13724 B00B2YH7BS
B00B4EPDF8 13725 B00B4EPDF8
B00B4J2L4E 13726 B00B4J2L4E
B00B4MMVVY 13727 B00B4MMVVY
B00B4TAXXK 13728 B00B4TAXXK
B00B50J8ZC 13729 B00B50J8ZC
B00B52F278 13730 B00B52F278
B00B58FUBA 13731 B00B58FUBA
B00B58FURY 13732 B00B58FURY
B00B58FWGI 13733 B00B58FWGI
B00B58FWTU 13734 B00B58FWTU
B00B58FWYA 13735 B00B58FWYA
B00B5A9FNM 13736 B00B5A9FNM
B00B5A9FOG 13737 B00B5A9FOG
B00B5AP7NY 13738 B00B5AP7NY
B00B5DWH0W 13739 B00B5DWH0W
B00B657N6W 13740 B00B657N6W
B00B6DTFK6 13741 B00B6DTFK6
B00B6DTGGO 13742 B00B6DTGGO
B00B6OEB6S 13743 B00B6OEB6S
B00B6S56X6 13744 B00B6S56X6
B00B6W9UKC 13745 B00B6W9UKC
B00B74MJOS 13746 B00B74MJOS
B00B76JW7I 13747 B00B76JW7I
B00B7EQPNE 13748 B00B7EQPNE
B00B7K0K98 13749 B00B7K0K98
B00B83N2NU 13750 B00B83N2NU
B00B83OIVA 13751 B00B83OIVA
B00B83ROIE 13752 B00B83ROIE
B00B89X0CW 13753 B00B89X0CW
B00B8PRDHE 13754 B00B8PRDHE
B00B8WD0DS 13755 B00B8WD0DS
B00B94VG72 13756 B00B94VG72
B00B94VJYW 13757 B00B94VJYW
B00B96TGQS 13758 B00B96TGQS
B00B999F2U 13759 B00B999F2U
B00BACT1I4 13760 B00BACT1I4
B00BAQZDU0 13761 B00BAQZDU0
B00BARKZ1G 13762 B00BARKZ1G
B00BATGDCO 13763 B00BATGDCO
B00BAXTY30 13764 B00BAXTY30
B00BAXTY6M 13765 B00BAXTY6M
B00BAXTY6W 13766 B00BAXTY6W
B00BAXTY7G 13767 B00BAXTY7G
B00BAXTY8U 13768 B00BAXTY8U
B00BAXTY9O 13769 B00BAXTY9O
B00BAXTYG2 13770 B00BAXTYG2
B00BAXTYGW 13771 B00BAXTYGW
B00BAXTYI0 13772 B00BAXTYI0
B00BB8LTDM 13773 B00BB8LTDM
B00BB8LU5Y 13774 B00BB8LU5Y
B00BBAGF0W 13775 B00BBAGF0W
B00BBAQD8G 13776 B00BBAQD8G
B00BBE9668 13777 B00BBE9668
B00BBI7DU0 13778 B00BBI7DU0
B00BBI7EZY 13779 B00BBI7EZY
B00BBTNOE8 13780 B00BBTNOE8
B00BBUNUOG 13781 B00BBUNUOG
B00BC0JJDQ 13782 B00BC0JJDQ
B00BC0WR9O 13783 B00BC0WR9O
B00BC1UPP6 13784 B00BC1UPP6
B00BC1UPRO 13785 B00BC1UPRO
B00BC36XFK 13786 B00BC36XFK
B00BC36YWC 13787 B00BC36YWC
B00BC75HTE 13788 B00BC75HTE
B00BCB1JJW 13789 B00BCB1JJW
B00BCMSXOK 13790 B00BCMSXOK
B00BCMSYDU 13791 B00BCMSYDU
B00BCMT0AQ 13792 B00BCMT0AQ
B00BCMT1PK 13793 B00BCMT1PK
B00BCMT2CC 13794 B00BCMT2CC
B00BCMT2EA 13795 B00BCMT2EA
B00BCMT3TO 13796 B00BCMT3TO
B00BCOVMD2 13797 B00BCOVMD2
B00BCPOEI6 13798 B00BCPOEI6
B00BCPOEIG 13799 B00BCPOEIG
B00BCPOFQ2 13800 B00BCPOFQ2
B00BCV3IN2 13801 B00BCV3IN2
B00BD5GGI6 13802 B00BD5GGI6
B00BD6KETC 13803 B00BD6KETC
B00BD6M5ZS 13804 B00BD6M5ZS
B00BDSRM4K 13805 B00BDSRM4K
B00BDZV4OW 13806 B00BDZV4OW
B00BDZV4PQ 13807 B00BDZV4PQ
B00BDZV8TI 13808 B00BDZV8TI
B00BDZV8ZM 13809 B00BDZV8ZM
B00BEEKN26 13810 B00BEEKN26
B00BEHOEX2 13811 B00BEHOEX2
B00BEIYG98 13812 B00BEIYG98
B00BEIYGT8 13813 B00BEIYGT8
B00BEIYGXE 13814 B00BEIYGXE
B00BEIYHT2 13815 B00BEIYHT2
B00BEIYIUA 13816 B00BEIYIUA
B00BEIYKDU 13817 B00BEIYKDU
B00BEIYKX0 13818 B00BEIYKX0
B00BEIYLAW 13819 B00BEIYLAW
B00BEIYM42 13820 B00BEIYM42
B00BEIYNDW 13821 B00BEIYNDW
B00BEIYNIW 13822 B00BEIYNIW
B00BEIYO5O 13823 B00BEIYO5O
B00BEIYOMC 13824 B00BEIYOMC
B00BEIYP1W 13825 B00BEIYP1W
B00BEIYPN0 13826 B00BEIYPN0
B00BEIYRQA 13827 B00BEIYRQA
B00BEIYRYM 13828 B00BEIYRYM
B00BEIYSL4 13829 B00BEIYSL4
B00BEJL4XS 13830 B00BEJL4XS
B00BEJL5LE 13831 B00BEJL5LE
B00BEJL69U 13832 B00BEJL69U
B00BEJL6JK 13833 B00BEJL6JK
B00BEL4QFO 13834 B00BEL4QFO
B00BEYWW4I 13835 B00BEYWW4I
B00BEZEDNU 13836 B00BEZEDNU
B00BF0CGT2 13837 B00BF0CGT2
B00BF0SKKQ 13838 B00BF0SKKQ
B00BF5CTWQ 13839 B00BF5CTWQ
B00BFCMXRK 13840 B00BFCMXRK
B00BFO5PN2 13841 B00BFO5PN2
B00BFSPY84 13842 B00BFSPY84
B00BG4R8SG 13843 B00BG4R8SG
B00BG4REFS 13844 B00BG4REFS
B00BG4RJG2 13845 B00BG4RJG2
B00BGDCX0A 13846 B00BGDCX0A
B00BGGITV4 13847 B00BGGITV4
B00BGGITX2 13848 B00BGGITX2
B00BGI05Y6 13849 B00BGI05Y6
B00BGI07NK 13850 B00BGI07NK
B00BGLQHWW 13851 B00BGLQHWW
B00BGO4XFM 13852 B00BGO4XFM
B00BH4172I 13853 B00BH4172I
B00BH418RW 13854 B00BH418RW
B00BH419CG 13855 B00BH419CG
B00BHK99JU 13856 B00BHK99JU
B00BHLTIT0 13857 B00BHLTIT0
B00BHO7M5O 13858 B00BHO7M5O
B00BHWG0G8 13859 B00BHWG0G8
B00BHWG0N6 13860 B00BHWG0N6
B00BI5YEWG 13861 B00BI5YEWG
B00BI6SKYI 13862 B00BI6SKYI
B00BI6SPLG 13863 B00BI6SPLG
B00BI6SUIE 13864 B00BI6SUIE
B00BI7ZAM2 13865 B00BI7ZAM2
B00BIQW7OM 13866 B00BIQW7OM
B00BIR2A3E 13867 B00BIR2A3E
B00BIYQOXY 13868 B00BIYQOXY
B00BJ0RERM 13869 B00BJ0RERM
B00BJ0RGCU 13870 B00BJ0RGCU
B00BJ4CDL0 13871 B00BJ4CDL0
B00BJB2GWY 13872 B00BJB2GWY
B00BJC8RPI 13873 B00BJC8RPI
B00BJLDJ2U 13874 B00BJLDJ2U
B00BJO5SPS 13875 B00BJO5SPS
B00BK82YZU 13876 B00BK82YZU
B00BK86S4I 13877 B00BK86S4I
B00BK8E4D0 13878 B00BK8E4D0
B00BKBCHFE 13879 B00BKBCHFE
B00BKBCLBY 13880 B00BKBCLBY
B00BL0MGB4 13881 B00BL0MGB4
B00BL0WKQK 13882 B00BL0WKQK
B00BL1BH0O 13883 B00BL1BH0O
B00BL1BIP8 13884 B00BL1BIP8
B00BL1BJFW 13885 B00BL1BJFW
B00BL9GCUG 13886 B00BL9GCUG
B00BL9NQ00 13887 B00BL9NQ00
B00BLA94IM 13888 B00BLA94IM
B00BLN4UVU 13889 B00BLN4UVU
B00BLN4V2I 13890 B00BLN4V2I
B00BLN4V4G 13891 B00BLN4V4G
B00BLN4V6E 13892 B00BLN4V6E
B00BLNDRKK 13893 B00BLNDRKK
B00BLOKNVK 13894 B00BLOKNVK
B00BMIVK4E 13895 B00BMIVK4E
B00BMRTPEM 13896 B00BMRTPEM
B00BMTYW20 13897 B00BMTYW20
B00BMUL4MK 13898 B00BMUL4MK
B00BNADXSC 13899 B00BNADXSC
B00BNAE14W 13900 B00BNAE14W
B00BNAE1BA 13901 B00BNAE1BA
B00BNAE30O 13902 B00BNAE30O
B00BNAE6M4 13903 B00BNAE6M4
B00BNESEVE 13904 B00BNESEVE
B00BNH9NCU 13905 B00BNH9NCU
B00BNH9NNE 13906 B00BNH9NNE
B00BNH9O8I 13907 B00BNH9O8I
B00BNQ7PUS 13908 B00BNQ7PUS
B00BNV9WCW 13909 B00BNV9WCW
B00BNWWVFG 13910 B00BNWWVFG
B00BO9PJAM 13911 B00BO9PJAM
B00BOTCHRU 13912 B00BOTCHRU
B00BPEJZEM 13913 B00BPEJZEM
B00BPFPNCE 13914 B00BPFPNCE
B00BPRI6WG 13915 B00BPRI6WG
B00BQ1D7WK 13916 B00BQ1D7WK
B00BQ412GU 13917 B00BQ412GU
B00BQ412J2 13918 B00BQ412J2
B00BQI3VSI 13919 B00BQI3VSI
B00BQI43E4 13920 B00BQI43E4
B00BQI49VG 13921 B00BQI49VG
B00BQK4XUQ 13922 B00BQK4XUQ
B00BQK4Y1Y 13923 B00BQK4Y1Y
B00BQK4YEG 13924 B00BQK4YEG
B00BQNSJVC 13925 B00BQNSJVC
B00BQRBGYA 13926 B00BQRBGYA
B00BQRBIS4 13927 B00BQRBIS4
B00BQTLVWK 13928 B00BQTLVWK
B00BQXTCNQ 13929 B00BQXTCNQ
B00BQXTCVS 13930 B00BQXTCVS
B00BQXTCYK 13931 B00BQXTCYK
B00BQXTD4O 13932 B00BQXTD4O
B00BR0SECI 13933 B00BR0SECI
B00BRBIABM 13934 B00BRBIABM
B00BRKYZVM 13935 B00BRKYZVM
B00BSN0VZ2 13936 B00BSN0VZ2
B00BSU0FPG 13937 B00BSU0FPG
B00BSVUED8 13938 B00BSVUED8
B00BT765ZM 13939 B00BT765ZM
B00BT7664M 13940 B00BT7664M
B00BTJTYB2 13941 B00BTJTYB2
B00BTJV9RO 13942 B00BTJV9RO
B00BTRKMNI 13943 B00BTRKMNI
B00BTYHBWG 13944 B00BTYHBWG
B00BTYXNQE 13945 B00BTYXNQE
B00BTYXNRI 13946 B00BTYXNRI
B00BU5YQQS 13947 B00BU5YQQS
B00BU984DK 13948 B00BU984DK
B00BUAJZGY 13949 B00BUAJZGY
B00BUDDMGU 13950 B00BUDDMGU
B00BUEUH6C 13951 B00BUEUH6C
B00BUH1QHS 13952 B00BUH1QHS
B00BURN0GI 13953 B00BURN0GI
B00BUWD7UW 13954 B00BUWD7UW
B00BUWD7WA 13955 B00BUWD7WA
B00BUYWJEA 13956 B00BUYWJEA
B00BVMX9O0 13957 B00BVMX9O0
B00BVMXBDO 13958 B00BVMXBDO
B00BW4S87A 13959 B00BW4S87A
B00BW4S87U 13960 B00BW4S87U
B00BW4S89S 13961 B00BW4S89S
B00BW7ZMAS 13962 B00BW7ZMAS
B00BWHAP6Y 13963 B00BWHAP6Y
B00BWQU0RY 13964 B00BWQU0RY
B00BWRKVTU 13965 B00BWRKVTU
B00BWU1EPW 13966 B00BWU1EPW
B00BWUS3BK 13967 B00BWUS3BK
B00BWUVIXU 13968 B00BWUVIXU
B00BWV07XG 13969 B00BWV07XG
B00BX8A92C 13970 B00BX8A92C
B00BX8PG5M 13971 B00BX8PG5M
B00BXRVQO8 13972 B00BXRVQO8
B00BXTDVEO 13973 B00BXTDVEO
B00BXTH44C 13974 B00BXTH44C
B00BXTH49M 13975 B00BXTH49M
B00BY0EBDC 13976 B00BY0EBDC
B00BY0EBK0 13977 B00BY0EBK0
B00BY6XM5E 13978 B00BY6XM5E
B00BY8D9UU 13979 B00BY8D9UU
B00BYEWR2K 13980 B00BYEWR2K
B00BYNL8DU 13981 B00BYNL8DU
B00BYS0WGE 13982 B00BYS0WGE
B00BYS0XWC 13983 B00BYS0XWC
B00BZ668FE 13984 B00BZ668FE
B00BZILQL8 13985 B00BZILQL8
B00BZZMXMW 13986 B00BZZMXMW
B00C0YUY4Q 13987 B00C0YUY4Q
B00C12ZIN4 13988 B00C12ZIN4
B00C1AIMXE 13989 B00C1AIMXE
B00C1LIZMQ 13990 B00C1LIZMQ
B00C25352Q 13991 B00C25352Q
B00C2535TE 13992 B00C2535TE
B00C2A4SYA 13993 B00C2A4SYA
B00C2CDJ34 13994 B00C2CDJ34
B00C2JD630 13995 B00C2JD630
B00C2R11Z2 13996 B00C2R11Z2
B00C2R124W 13997 B00C2R124W
B00C391Y3I 13998 B00C391Y3I
B00C3ALL9O 13999 B00C3ALL9O
B00C3JUAYW 14000 B00C3JUAYW
B00C3JULLY 14001 B00C3JULLY
B00C4BDG7M 14002 B00C4BDG7M
B00C4BDG7W 14003 B00C4BDG7W
B00C6ACVD6 14004 B00C6ACVD6
B00C6ACWLC 14005 B00C6ACWLC
B00C6ATG98 14006 B00C6ATG98
B00C6BFIYE 14007 B00C6BFIYE
B00C6F622M 14008 B00C6F622M
B00C6QXFIU 14009 B00C6QXFIU
B00C6WHSRI 14010 B00C6WHSRI
B00C70FFUG 14011 B00C70FFUG
B00C7A8WNS 14012 B00C7A8WNS
B00C7A8WWO 14013 B00C7A8WWO
B00C7A8WY2 14014 B00C7A8WY2
B00C7A8WZQ 14015 B00C7A8WZQ
B00C7AOAEI 14016 B00C7AOAEI
B00C7BZYRO 14017 B00C7BZYRO
B00C7BZZ32 14018 B00C7BZZ32
B00C7BZZRI 14019 B00C7BZZRI
B00C7C014Y 14020 B00C7C014Y
B00C7C025M 14021 B00C7C025M
B00C7C02KC 14022 B00C7C02KC
B00C7E3E6E 14023 B00C7E3E6E
B00C7E3E7S 14024 B00C7E3E7S
B00C7FKQWS 14025 B00C7FKQWS
B00C7MW53E 14026 B00C7MW53E
B00C7MW5EI 14027 B00C7MW5EI
B00C7MW5SE 14028 B00C7MW5SE
B00C7OB6QY 14029 B00C7OB6QY
B00C7PSGBQ 14030 B00C7PSGBQ
B00C7QD8MC 14031 B00C7QD8MC
B00C7T0EPS 14032 B00C7T0EPS
B00C81AW8E 14033 B00C81AW8E
B00C888MJ8 14034 B00C888MJ8
B00C888NFQ 14035 B00C888NFQ
B00C888NRO 14036 B00C888NRO
B00C888OFA 14037 B00C888OFA
B00C8CQRQ4 14038 B00C8CQRQ4
B00C9G22R2 14039 B00C9G22R2
B00C9WH2R6 14040 B00C9WH2R6
B00CA3M7H4 14041 B00CA3M7H4
B00CA3M7L0 14042 B00CA3M7L0
B00CA4S024 14043 B00CA4S024
B00CA4S04C 14044 B00CA4S04C
B00CAATSME 14045 B00CAATSME
B00CANKYX8 14046 B00CANKYX8
B00CAWF150 14047 B00CAWF150
B00CAYH23M 14048 B00CAYH23M
B00CB5ERCY 14049 B00CB5ERCY
B00CB7SRG4 14050 B00CB7SRG4
B00CBG9SQS 14051 B00CBG9SQS
B00CBJ53HS 14052 B00CBJ53HS
B00CBLP2T0 14053 B00CBLP2T0
B00CBMWLU2 14054 B00CBMWLU2
B00CBVWWUW 14055 B00CBVWWUW
B00CC34978 14056 B00CC34978
B00CC6Z0ZK 14057 B00CC6Z0ZK
B00CCYNYBO 14058 B00CCYNYBO
B00CD45IYO 14059 B00CD45IYO
B00CD45J52 14060 B00CD45J52
B00CD45JCU 14061 B00CD45JCU
B00CD45JDE 14062 B00CD45JDE
B00CD45JGG 14063 B00CD45JGG
B00CDAG0WW 14064 B00CDAG0WW
B00CDEJRDC 14065 B00CDEJRDC
B00CDH9VEE 14066 B00CDH9VEE
B00CDV4NN4 14067 B00CDV4NN4
B00CDV4NTS 14068 B00CDV4NTS
B00CDV4OEC 14069 B00CDV4OEC
B00CDV4OR4 14070 B00CDV4OR4
B00CDV4Q9A 14071 B00CDV4Q9A
B00CDWQNZ4 14072 B00CDWQNZ4
B00CEAXE7U 14073 B00CEAXE7U
B00CEIOH3M 14074 B00CEIOH3M
B00CEIOH9G 14075 B00CEIOH9G
B00CENRUB8 14076 B00CENRUB8
B00CENSU1W 14077 B00CENSU1W
B00CENW0H2 14078 B00CENW0H2
B00CENWUZE 14079 B00CENWUZE
B00CERJI5U 14080 B00CERJI5U
B00CERJINC 14081 B00CERJINC
B00CFB6OPM 14082 B00CFB6OPM
B00CFK5J9U 14083 B00CFK5J9U
B00CG0YM24 14084 B00CG0YM24
B00CIJ93DQ 14085 B00CIJ93DQ
B00CJ0402I 14086 B00CJ0402I
B00CJ318FM 14087 B00CJ318FM
B00CJ318SE 14088 B00CJ318SE
B00CJ5BG8Y 14089 B00CJ5BG8Y
B00CJ7Y0US 14090 B00CJ7Y0US
B00CKWI13O 14091 B00CKWI13O
B00CL0MCN0 14092 B00CL0MCN0
B00CL1516E 14093 B00CL1516E
B00CL151P0 14094 B00CL151P0
B00CL151ZU 14095 B00CL151ZU
B00CLGXC24 14096 B00CLGXC24
B00CM0EQC4 14097 B00CM0EQC4
B00CMDPTJ0 14098 B00CMDPTJ0
B00CMHL3GY 14099 B00CMHL3GY
B00CMIQ32M 14100 B00CMIQ32M
B00CMQID9K 14101 B00CMQID9K
B00CMQX84A 14102 B00CMQX84A
B00COT74RW 14103 B00COT74RW
B00CPEK3NI 14104 B00CPEK3NI
B00CPN933U 14105 B00CPN933U
B00CPR3RB0 14106 B00CPR3RB0
B00CPSGI8S 14107 B00CPSGI8S
B00CPTUN5G 14108 B00CPTUN5G
B00CPTUN8S 14109 B00CPTUN8S
B00CPTUNY2 14110 B00CPTUNY2
B00CPTUO1Y 14111 B00CPTUO1Y
B00CPTUO8W 14112 B00CPTUO8W
B00CPTUOBO 14113 B00CPTUOBO
B00CQ8792G 14114 B00CQ8792G
B00CQ8U6A8 14115 B00CQ8U6A8
B00CQ9VEDK 14116 B00CQ9VEDK
B00CREAO9O 14117 B00CREAO9O
B00CRF4S0O 14118 B00CRF4S0O
B00CRFQTWY 14119 B00CRFQTWY
B00CRRCF20 14120 B00CRRCF20
B00CRVL5ZE 14121 B00CRVL5ZE
B00CRWDKRO 14122 B00CRWDKRO
B00CS1N1XC 14123 B00CS1N1XC
B00CS7GYF8 14124 B00CS7GYF8
B00CS9NI1E 14125 B00CS9NI1E
B00CSALPOU 14126 B00CSALPOU
B00CSCJ02M 14127 B00CSCJ02M
B00CSW08NC 14128 B00CSW08NC
B00CT1HP2Y 14129 B00CT1HP2Y
B00CT1JQG2 14130 B00CT1JQG2
B00CT1MJHU 14131 B00CT1MJHU
B00CT1NSC0 14132 B00CT1NSC0
B00CT502SO 14133 B00CT502SO
B00CTHOG02 14134 B00CTHOG02
B00CTMQ7WM 14135 B00CTMQ7WM
B00CTQWIYO 14136 B00CTQWIYO
B00CTWBPQ0 14137 B00CTWBPQ0
B00CTWSGA8 14138 B00CTWSGA8
B00CU2QTGU 14139 B00CU2QTGU
B00CU2RNVA 14140 B00CU2RNVA
B00CU55HHY 14141 B00CU55HHY
B00CU6WBB8 14142 B00CU6WBB8
B00CU6WBFE 14143 B00CU6WBFE
B00CU6WBOU 14144 B00CU6WBOU
B00CU6WBSQ 14145 B00CU6WBSQ
B00CU6WC94 14146 B00CU6WC94
B00CUKTGSA 14147 B00CUKTGSA
B00CV1PG32 14148 B00CV1PG32
B00CV922RM 14149 B00CV922RM
B00CVB6UXW 14150 B00CVB6UXW
B00CVB6XZM 14151 B00CVB6XZM
B00CWBPQ22 14152 B00CWBPQ22
B00CWM7EPS 14153 B00CWM7EPS
B00CWR111G 14154 B00CWR111G
B00CWZUOV6 14155 B00CWZUOV6
B00CX7OVJO 14156 B00CX7OVJO
B00CX7TOOG 14157 B00CX7TOOG
B00CXRTGSA 14158 B00CXRTGSA
B00CXVRDEA 14159 B00CXVRDEA
B00CYLRQ46 14160 B00CYLRQ46
B00CYMMSH0 14161 B00CYMMSH0
B00CYMMU3W 14162 B00CYMMU3W
B00CYQXATG 14163 B00CYQXATG
B00CYQXBSQ 14164 B00CYQXBSQ
B00CYQXD2K 14165 B00CYQXD2K
B00CYQXDNE 14166 B00CYQXDNE
B00CYQXE10 14167 B00CYQXE10
B00CYQXETM 14168 B00CYQXETM
B00CYQXFP0 14169 B00CYQXFP0
B00CYQXGMW 14170 B00CYQXGMW
B00CYQXH4O 14171 B00CYQXH4O
B00CZ138YM 14172 B00CZ138YM
B00CZ7AL32 14173 B00CZ7AL32
B00CZB9BE8 14174 B00CZB9BE8
B00CZC9QZQ 14175 B00CZC9QZQ
B00CZP9YWS 14176 B00CZP9YWS
B00D09AYJK 14177 B00D09AYJK
B00D0Z2JT2 14178 B00D0Z2JT2
B00D1D46FI 14179 B00D1D46FI
B00D1VVT28 14180 B00D1VVT28
B00D25MJ8G 14181 B00D25MJ8G
B00D2D1WVI 14182 B00D2D1WVI
B00D2UMHD8 14183 B00D2UMHD8
B00D2UMHSI 14184 B00D2UMHSI
B00D2UMHVA 14185 B00D2UMHVA
B00D2UMHWO 14186 B00D2UMHWO
B00D2UMI7I 14187 B00D2UMI7I
B00D2YCLEO 14188 B00D2YCLEO
B00D2ZF24O 14189 B00D2ZF24O
B00D39UPUU 14190 B00D39UPUU
B00D39UQ2W 14191 B00D39UQ2W
B00D3LA6BQ 14192 B00D3LA6BQ
B00D3LA6M0 14193 B00D3LA6M0
B00D3PYS6Q 14194 B00D3PYS6Q
B00D3UOE7O 14195 B00D3UOE7O
B00D3XM3MY 14196 B00D3XM3MY
B00D3XM892 14197 B00D3XM892
B00D49YBTA 14198 B00D49YBTA
B00D49YDR0 14199 B00D49YDR0
B00D49YEHO 14200 B00D49YEHO
B00D4C6780 14201 B00D4C6780
B00D4G0O4E 14202 B00D4G0O4E
B00D4QPL1A 14203 B00D4QPL1A
B00D6I7EC0 14204 B00D6I7EC0
B00D6I7HH2 14205 B00D6I7HH2
B00D6I7JEI 14206 B00D6I7JEI
B00D78DBPS 14207 B00D78DBPS
B00D7AM2GA 14208 B00D7AM2GA
B00D7AM2PQ 14209 B00D7AM2PQ
B00D7AM2WO 14210 B00D7AM2WO
B00D7AM2YW 14211 B00D7AM2YW
B00D7AM64I 14212 B00D7AM64I
B00D7AM6QQ 14213 B00D7AM6QQ
B00D8MWW26 14214 B00D8MWW26
B00D90UW42 14215 B00D90UW42
B00D91GRA4 14216 B00D91GRA4
B00D954AGS 14217 B00D954AGS
B00D97DLYS 14218 B00D97DLYS
B00D97DMQU 14219 B00D97DMQU
B00D9EJFQY 14220 B00D9EJFQY
B00D9EJFS2 14221 B00D9EJFS2
B00D9EJFV4 14222 B00D9EJFV4
B00D9EJFYQ 14223 B00D9EJFYQ
B00D9EJFZA 14224 B00D9EJFZA
B00D9SRBZC 14225 B00D9SRBZC
B00DB43PLI 14226 B00DB43PLI
B00DB97LHC 14227 B00DB97LHC
B00DB97LMW 14228 B00DB97LMW
B00DB97LZ4 14229 B00DB97LZ4
B00DBPBOYM 14230 B00DBPBOYM
B00DBPBP8C 14231 B00DBPBP8C
B00DBVHHDS 14232 B00DBVHHDS
B00DC5K1FO 14233 B00DC5K1FO
B00DC5K2J4 14234 B00DC5K2J4
B00DCG3696 14235 B00DCG3696
B00DCHPXKK 14236 B00DCHPXKK
B00DCLT8RA 14237 B00DCLT8RA
B00DCLTFCI 14238 B00DCLTFCI
B00DCRE50O 14239 B00DCRE50O
B00DCRE590 14240 B00DCRE590
B00DCRE87O 14241 B00DCRE87O
B00DCS9TP4 14242 B00DCS9TP4
B00DD56724 14243 B00DD56724
B00DDHFKMA 14244 B00DDHFKMA
B00DDT0J88 14245 B00DDT0J88
B00DDT0JB0 14246 B00DDT0JB0
B00DDT944I 14247 B00DDT944I
B00DEKKEPO 14248 B00DEKKEPO
B00DEKKFBW 14249 B00DEKKFBW
B00DENJIDU 14250 B00DENJIDU
B00DEQQK8S 14251 B00DEQQK8S
B00DGCIYZC 14252 B00DGCIYZC
B00DGCIZD8 14253 B00DGCIZD8
B00DGKFQSW 14254 B00DGKFQSW
B00DGWZKHM 14255 B00DGWZKHM
B00DHB3U4W 14256 B00DHB3U4W
B00DHB3V14 14257 B00DHB3V14
B00DHB419U 14258 B00DHB419U
B00DHD933W 14259 B00DHD933W
B00DHDDE0A 14260 B00DHDDE0A
B00DHJSXLY 14261 B00DHJSXLY
B00DHJT200 14262 B00DHJT200
B00DHJT4DU 14263 B00DHJT4DU
B00DHJT5Q6 14264 B00DHJT5Q6
B00DHRLK84 14265 B00DHRLK84
B00DHS8MUM 14266 B00DHS8MUM
B00DHS8N3S 14267 B00DHS8N3S
B00DI0135K 14268 B00DI0135K
B00DIR2PIW 14269 B00DIR2PIW
B00DJ44MRG 14270 B00DJ44MRG
B00DJQKJO4 14271 B00DJQKJO4
B00DJYJOPG 14272 B00DJYJOPG
B00DJYJPLO 14273 B00DJYJPLO
B00DJYJQ6I 14274 B00DJYJQ6I
B00DJYJT5Q 14275 B00DJYJT5Q
B00DJYJWVW 14276 B00DJYJWVW
B00DJYK1XU 14277 B00DJYK1XU
B00DJYKDCY 14278 B00DJYKDCY
B00DL47424 14279 B00DL47424
B00DL477I0 14280 B00DL477I0
B00DL479DS 14281 B00DL479DS
B00DL47KWI 14282 B00DL47KWI
B00DL47RQ2 14283 B00DL47RQ2
B00DL47V1S 14284 B00DL47V1S
B00DL47XES 14285 B00DL47XES
B00DL47YY2 14286 B00DL47YY2
B00DL6ICD2 14287 B00DL6ICD2
B00DLX76BY 14288 B00DLX76BY
B00DMEC0WW 14289 B00DMEC0WW
B00DMK6WN4 14290 B00DMK6WN4
B00DMUFYZQ 14291 B00DMUFYZQ
B00DN9LAJU 14292 B00DN9LAJU
B00DNF1QCK 14293 B00DNF1QCK
B00DNF1R74 14294 B00DNF1R74
B00DNF1RAQ 14295 B00DNF1RAQ
B00DNF1RM4 14296 B00DNF1RM4
B00DNF1S28 14297 B00DNF1S28
B00DNF1SKK 14298 B00DNF1SKK
B00DNF1TB8 14299 B00DNF1TB8
B00DNJ99F2 14300 B00DNJ99F2
B00DNLZNH8 14301 B00DNLZNH8
B00DNLZNYG 14302 B00DNLZNYG
B00DNLZOCC 14303 B00DNLZOCC
B00DNLZQFW 14304 B00DNLZQFW
B00DNLZR1U 14305 B00DNLZR1U
B00DNLZRHO 14306 B00DNLZRHO
B00DNLZRLU 14307 B00DNLZRLU
B00DNLZRXI 14308 B00DNLZRXI
B00DNLZS32 14309 B00DNLZS32
B00DNQCH0Y 14310 B00DNQCH0Y
B00DNQKF2G 14311 B00DNQKF2G
B00DNQM7N6 14312 B00DNQM7N6
B00DNR0DPO 14313 B00DNR0DPO
B00DOB3N56 14314 B00DOB3N56
B00DOBD482 14315 B00DOBD482
B00DON8NHM 14316 B00DON8NHM
B00DOZNF1O 14317 B00DOZNF1O
B00DOZNGC2 14318 B00DOZNGC2
B00DOZNGT0 14319 B00DOZNGT0
B00DOZNGTK 14320 B00DOZNGTK
B00DOZNH58 14321 B00DOZNH58
B00DOZNI8Y 14322 B00DOZNI8Y
B00DOZRT0W 14323 B00DOZRT0W
B00DP4YC7U 14324 B00DP4YC7U
B00DP9MDE4 14325 B00DP9MDE4
B00DPCR4S6 14326 B00DPCR4S6
B00DPDMWW8 14327 B00DPDMWW8
B00DPH7RBU 14328 B00DPH7RBU
B00DPH7SZA 14329 B00DPH7SZA
B00DPJEW4I 14330 B00DPJEW4I
B00DPL32ME 14331 B00DPL32ME
B00DPUB59W 14332 B00DPUB59W
B00DPUB5LK 14333 B00DPUB5LK
B00DPYH3BM 14334 B00DPYH3BM
B00DQEHKZ0 14335 B00DQEHKZ0
B00DQFMHPC 14336 B00DQFMHPC
B00DQFWFMC 14337 B00DQFWFMC
B00DQN6IOK 14338 B00DQN6IOK
B00DQR8Z3S 14339 B00DQR8Z3S
B00DQVST76 14340 B00DQVST76
B00DRDBTT8 14341 B00DRDBTT8
B00DRGDKK6 14342 B00DRGDKK6
B00DRQETJM 14343 B00DRQETJM
B00DRQETNI 14344 B00DRQETNI
B00DRQEU28 14345 B00DRQEU28
B00DS79GY8 14346 B00DS79GY8
B00DS79HBU 14347 B00DS79HBU
B00DS79HCE 14348 B00DS79HCE
B00DS79HGK 14349 B00DS79HGK
B00DS79HK6 14350 B00DS79HK6
B00DSAUJ32 14351 B00DSAUJ32
B00DSAUN1A 14352 B00DSAUN1A
B00DSDUVFK 14353 B00DSDUVFK
B00DT55O9U 14354 B00DT55O9U
B00DT55OBI 14355 B00DT55OBI
B00DT55ORM 14356 B00DT55ORM
B00DT55P9Y 14357 B00DT55P9Y
B00DTECHWS 14358 B00DTECHWS
B00DTPRYY8 14359 B00DTPRYY8
B00DTPRZ10 14360 B00DTPRZ10
B00DUD7VDI 14361 B00DUD7VDI
B00DUF0IFO 14362 B00DUF0IFO
B00DUJBVQA 14363 B00DUJBVQA
B00DUJBWIW 14364 B00DUJBWIW
B00DUQIEUO 14365 B00DUQIEUO
B00DV1XYTO 14366 B00DV1XYTO
B00DV75IVK 14367 B00DV75IVK
B00DVD5Q8E 14368 B00DVD5Q8E
B00DVD5STQ 14369 B00DVD5STQ
B00DW5IKN4 14370 B00DW5IKN4
B00DW5IKNO 14371 B00DW5IKNO
B00DW5ILF6 14372 B00DW5ILF6
B00DW7IV5O 14373 B00DW7IV5O
B00DW8E6K2 14374 B00DW8E6K2
B00DWFVCLQ 14375 B00DWFVCLQ
B00DWGO02I 14376 B00DWGO02I
B00DXJ1ZFO 14377 B00DXJ1ZFO
B00DXLO086 14378 B00DXLO086
B00DXOIEFI 14379 B00DXOIEFI
B00DXP7L88 14380 B00DXP7L88
B00DY1KPLG 14381 B00DY1KPLG
B00DY64A3U 14382 B00DY64A3U
B00DY64BLG 14383 B00DY64BLG
B00DY64C8S 14384 B00DY64C8S
B00DY64CR4 14385 B00DY64CR4
B00DY9GSRS 14386 B00DY9GSRS
B00DYAE2IY 14387 B00DYAE2IY
B00DYEBLYI 14388 B00DYEBLYI
B00DYQ1G78 14389 B00DYQ1G78
B00DYRNGQ6 14390 B00DYRNGQ6
B00DZ48IH0 14391 B00DZ48IH0
B00DZBZPHY 14392 B00DZBZPHY
B00DZH7QV6 14393 B00DZH7QV6
B00DZSPP2C 14394 B00DZSPP2C
B00DZUD40K 14395 B00DZUD40K
B00DZUV0M4 14396 B00DZUV0M4
B00E00GBYA 14397 B00E00GBYA
B00E00ORZK 14398 B00E00ORZK
B00E0FW054 14399 B00E0FW054
B00E0KWBE4 14400 B00E0KWBE4
B00E0MT3SE 14401 B00E0MT3SE
B00E0QSGKG 14402 B00E0QSGKG
B00E1HIXDY 14403 B00E1HIXDY
B00E1LQRWY 14404 B00E1LQRWY
B00E1LRCY6 14405 B00E1LRCY6
B00E1LSX44 14406 B00E1LSX44
B00E1QLEJA 14407 B00E1QLEJA
B00E21QTHQ 14408 B00E21QTHQ
B00E3G1G46 14409 B00E3G1G46
B00E3HDW3I 14410 B00E3HDW3I
B00E3UN6N6 14411 B00E3UN6N6
B00E3V9UKI 14412 B00E3V9UKI
B00E44EZHC 14413 B00E44EZHC
B00E44EZUE 14414 B00E44EZUE
B00E4Q6TMO 14415 B00E4Q6TMO
B00E4Q6TYM 14416 B00E4Q6TYM
B00E56GB12 14417 B00E56GB12
B00E5N8DGG 14418 B00E5N8DGG
B00E5ZOXP4 14419 B00E5ZOXP4
B00E687JK6 14420 B00E687JK6
B00E688AZE 14421 B00E688AZE
B00E688U9K 14422 B00E688U9K
B00E6D4HHO 14423 B00E6D4HHO
B00E6F15HM 14424 B00E6F15HM
B00E6PUYDI 14425 B00E6PUYDI
B00E6PUYJW 14426 B00E6PUYJW
B00E6QHY9Y 14427 B00E6QHY9Y
B00E8A0P80 14428 B00E8A0P80
B00E8A0PNK 14429 B00E8A0PNK
B00E8AVN9U 14430 B00E8AVN9U
B00E8G5H0K 14431 B00E8G5H0K
B00E8G5HQE 14432 B00E8G5HQE
B00E8RKHWW 14433 B00E8RKHWW
B00E8RVSZC 14434 B00E8RVSZC
B00E8UKY3Q 14435 B00E8UKY3Q
B00E96AYYS 14436 B00E96AYYS
B00E99FY9K 14437 B00E99FY9K
B00E9FIFVS 14438 B00E9FIFVS
B00EAH3GHI 14439 B00EAH3GHI
B00EALTVJ6 14440 B00EALTVJ6
B00EALTWHW 14441 B00EALTWHW
B00EAPC860 14442 B00EAPC860
B00EBJ64Z6 14443 B00EBJ64Z6
B00EC9UHZI 14444 B00EC9UHZI
B00ECFEL2C 14445 B00ECFEL2C
B00ECGEGGM 14446 B00ECGEGGM
B00ECGIL9K 14447 B00ECGIL9K
B00ECJGB44 14448 B00ECJGB44
B00ECVPOZO 14449 B00ECVPOZO
B00ECXJBTM 14450 B00ECXJBTM
B00ECXJBX8 14451 B00ECXJBX8
B00ECXJC28 14452 B00ECXJC28
B00EDM2QUS 14453 B00EDM2QUS
B00EDM2RMA 14454 B00EDM2RMA
B00EDM2RN4 14455 B00EDM2RN4
B00EDQCIGG 14456 B00EDQCIGG
B00EDR5N3A 14457 B00EDR5N3A
B00EDUCO3O 14458 B00EDUCO3O
B00EE25ELA 14459 B00EE25ELA
B00EE41SAE 14460 B00EE41SAE
B00EE6C4CI 14461 B00EE6C4CI
B00EE6C4NW 14462 B00EE6C4NW
B00EE8AIV0 14463 B00EE8AIV0
B00EEBNCI8 14464 B00EEBNCI8
B00EEE999G 14465 B00EEE999G
B00EEW1D2Y 14466 B00EEW1D2Y
B00EF0NYVI 14467 B00EF0NYVI
B00EF1PLV8 14468 B00EF1PLV8
B00EF1PM44 14469 B00EF1PM44
B00EF447W4 14470 B00EF447W4
B00EF4U78M 14471 B00EF4U78M
B00EF4U7AK 14472 B00EF4U7AK
B00EF4U7JQ 14473 B00EF4U7JQ
B00EH4KY2Y 14474 B00EH4KY2Y
B00EHJNR4G 14475 B00EHJNR4G
B00EHK2S04 14476 B00EHK2S04
B00EI2CUN6 14477 B00EI2CUN6
B00EI3X9Z8 14478 B00EI3X9Z8
B00EI3XANO 14479 B00EI3XANO
B00EI3XB9W 14480 B00EI3XB9W
B00EIJTLK4 14481 B00EIJTLK4
B00EIPEQLW 14482 B00EIPEQLW
B00EIXWMII 14483 B00EIXWMII
B00EJFEN50 14484 B00EJFEN50
B00EJGMH7U 14485 B00EJGMH7U
B00EJU9GQ6 14486 B00EJU9GQ6
B00EJUXNOM 14487 B00EJUXNOM
B00EJXX2DQ 14488 B00EJXX2DQ
B00EK52XQK 14489 B00EK52XQK
B00EK6RM92 14490 B00EK6RM92
B00EKFI1HA 14491 B00EKFI1HA
B00EKGX4GW 14492 B00EKGX4GW
B00EKR61BQ 14493 B00EKR61BQ
B00EL6NWB8 14494 B00EL6NWB8
B00EL6NWQI 14495 B00EL6NWQI
B00EL6NWWC 14496 B00EL6NWWC
B00ELKDD9U 14497 B00ELKDD9U
B00ELMZ60M 14498 B00ELMZ60M
B00EMLRKIS 14499 B00EMLRKIS
B00EMLRKLA 14500 B00EMLRKLA
B00EMN0COA 14501 B00EMN0COA
B00EN2GYFG 14502 B00EN2GYFG
B00ENFS0FK 14503 B00ENFS0FK
B00ENFS0GY 14504 B00ENFS0GY
B00ENO1LSY 14505 B00ENO1LSY
B00ENO3RXG 14506 B00ENO3RXG
B00ENP6I9U 14507 B00ENP6I9U
B00EO2I6RO 14508 B00EO2I6RO
B00EOBB6DQ 14509 B00EOBB6DQ
B00EOBB866 14510 B00EOBB866
B00EOHGQPI 14511 B00EOHGQPI
B00EOMJ9O8 14512 B00EOMJ9O8
B00EOMJB5A 14513 B00EOMJB5A
B00EPA3UVW 14514 B00EPA3UVW
B00EPH8SEY 14515 B00EPH8SEY
B00EPOHRDU 14516 B00EPOHRDU
B00EQ2KXA0 14517 B00EQ2KXA0
B00EQFFP28 14518 B00EQFFP28
B00ERH1718 14519 B00ERH1718
B00ESFCETS 14520 B00ESFCETS
B00ESG5AD4 14521 B00ESG5AD4
B00ESK1PES 14522 B00ESK1PES
B00ESZZOBS 14523 B00ESZZOBS
B00ESZZOEA 14524 B00ESZZOEA
B00ESZZOM2 14525 B00ESZZOM2
B00ESZZOMM 14526 B00ESZZOMM
B00ET6LPRI 14527 B00ET6LPRI
B00ET9X5ZU 14528 B00ET9X5ZU
B00ETHN9L2 14529 B00ETHN9L2
B00EU8RB14 14530 B00EU8RB14
B00EU8RBXW 14531 B00EU8RBXW
B00EUEWQ2W 14532 B00EUEWQ2W
B00EUI4XHE 14533 B00EUI4XHE
B00EV1D4IY 14534 B00EV1D4IY
B00EV1YZD2 14535 B00EV1YZD2
B00EV1YZDM 14536 B00EV1YZDM
B00EV1YZRI 14537 B00EV1YZRI
B00EV4F5TC 14538 B00EV4F5TC
B00EV5I8JA 14539 B00EV5I8JA
B00EVBG922 14540 B00EVBG922
B00EVU3SYA 14541 B00EVU3SYA
B00EW63A3C 14542 B00EW63A3C
B00EXAXZVY 14543 B00EXAXZVY
B00EXPOCBG 14544 B00EXPOCBG
B00EXPOCXY 14545 B00EXPOCXY
B00EXPOEGO 14546 B00EXPOEGO
B00EYA6VF0 14547 B00EYA6VF0
B00EYA6VGY 14548 B00EYA6VGY
B00EYPJHDI 14549 B00EYPJHDI
B00EZ0DXL4 14550 B00EZ0DXL4
B00EZ227DW 14551 B00EZ227DW
B00EZ227X2 14552 B00EZ227X2
B00EZ4DXBU 14553 B00EZ4DXBU
B00EZ50RFY 14554 B00EZ50RFY
B00EZCVFGC 14555 B00EZCVFGC
B00EZDHVU0 14556 B00EZDHVU0
B00EZPCYFU 14557 B00EZPCYFU
B00EZQH11G 14558 B00EZQH11G
B00EZQOLKA 14559 B00EZQOLKA
B00F031XPS 14560 B00F031XPS
B00F0JG7E4 14561 B00F0JG7E4
B00F1BFL3Y 14562 B00F1BFL3Y
B00F1BFZXA 14563 B00F1BFZXA
B00F1FVKVC 14564 B00F1FVKVC
B00F37VHBQ 14565 B00F37VHBQ
B00F37VHPM 14566 B00F37VHPM
B00F3L8OKY 14567 B00F3L8OKY
B00F3L8OP4 14568 B00F3L8OP4
B00F3LV4FG 14569 B00F3LV4FG
B00F3M3ZC0 14570 B00F3M3ZC0
B00F3OLV9M 14571 B00F3OLV9M
B00F3OLVYC 14572 B00F3OLVYC
B00F3TDA2I 14573 B00F3TDA2I
B00F40UBM8 14574 B00F40UBM8
B00F4CIPRE 14575 B00F4CIPRE
B00F5CQ78C 14576 B00F5CQ78C
B00F5ZHI14 14577 B00F5ZHI14
B00F6D62O4 14578 B00F6D62O4
B00F6SAMTA 14579 B00F6SAMTA
B00F6Y3FLG 14580 B00F6Y3FLG
B00F77MAC2 14581 B00F77MAC2
B00F77MARM 14582 B00F77MARM
B00F878KAC 14583 B00F878KAC
B00F878KFM 14584 B00F878KFM
B00F988AV4 14585 B00F988AV4
B00F98FNRS 14586 B00F98FNRS
B00F98FOI6 14587 B00F98FOI6
B00F98FOPE 14588 B00F98FOPE
B00F9D00SU 14589 B00F9D00SU
B00F9F4DX6 14590 B00F9F4DX6
B00F9F975A 14591 B00F9F975A
B00F9IB1M4 14592 B00F9IB1M4
B00FA97P2W 14593 B00FA97P2W
B00FA9CIKG 14594 B00FA9CIKG
B00FAI3GOE 14595 B00FAI3GOE
B00FAMJ964 14596 B00FAMJ964
B00FAPPQ54 14597 B00FAPPQ54
B00FB1E9XC 14598 B00FB1E9XC
B00FC1ZC2S 14599 B00FC1ZC2S
B00FC1ZC9Q 14600 B00FC1ZC9Q
B00FDJGL6A 14601 B00FDJGL6A
B00FDZ7VZE 14602 B00FDZ7VZE
B00FDZ7W08 14603 B00FDZ7W08
B00FE5MX74 14604 B00FE5MX74
B00FE5N09Y 14605 B00FE5N09Y
B00FEFOK4I 14606 B00FEFOK4I
B00FEHCPZ2 14607 B00FEHCPZ2
B00FEHCQYW 14608 B00FEHCQYW
B00FEHCR1E 14609 B00FEHCR1E
B00FEOYY8G 14610 B00FEOYY8G
B00FEP9PQG 14611 B00FEP9PQG
B00FERT0PK 14612 B00FERT0PK
B00FERT1TU 14613 B00FERT1TU
B00FF5KW8A 14614 B00FF5KW8A
B00FF9SKP8 14615 B00FF9SKP8
B00FF9SKSK 14616 B00FF9SKSK
B00FFARI7I 14617 B00FFARI7I
B00FFB1KTE 14618 B00FFB1KTE
B00FFSTP94 14619 B00FFSTP94
B00FGEO9NE 14620 B00FGEO9NE
B00FGK84JS 14621 B00FGK84JS
B00FGVRZR4 14622 B00FGVRZR4
B00FGVS06E 14623 B00FGVS06E
B00FJO95TE 14624 B00FJO95TE
B00FJWM04S 14625 B00FJWM04S
B00FJYXQCG 14626 B00FJYXQCG
B00FK9KTRU 14627 B00FK9KTRU
B00FKIB3XA 14628 B00FKIB3XA
B00FKN1GJQ 14629 B00FKN1GJQ
B00FKPHNF0 14630 B00FKPHNF0
B00FKPJ3VM 14631 B00FKPJ3VM
B00FKT9DYK 14632 B00FKT9DYK
B00FKTB1H2 14633 B00FKTB1H2
B00FL1BHTG 14634 B00FL1BHTG
B00FL2EWYM 14635 B00FL2EWYM
B00FL2F2UK 14636 B00FL2F2UK
B00FL31UF0 14637 B00FL31UF0
B00FLDG52I 14638 B00FLDG52I
B00FM4S7KO 14639 B00FM4S7KO
B00FM4S7P4 14640 B00FM4S7P4
B00FM4S8H6 14641 B00FM4S8H6
B00FM4S8IU 14642 B00FM4S8IU
B00FMGPVCO 14643 B00FMGPVCO
B00FMGPWNW 14644 B00FMGPWNW
B00FMR66J0 14645 B00FMR66J0
B00FNPQW2W 14646 B00FNPQW2W
B00FNR9ZN8 14647 B00FNR9ZN8
B00FNRA0KA 14648 B00FNRA0KA
B00FOGH2RY 14649 B00FOGH2RY
B00FOHHO80 14650 B00FOHHO80
B00FOLGW48 14651 B00FOLGW48
B00FPP99MK 14652 B00FPP99MK
B00FPPQYXM 14653 B00FPPQYXM
B00FPUN57K 14654 B00FPUN57K
B00FPVGWY2 14655 B00FPVGWY2
B00FPWWCCC 14656 B00FPWWCCC
B00FQLK2TM 14657 B00FQLK2TM
B00FQY4C86 14658 B00FQY4C86
B00FR1WZDM 14659 B00FR1WZDM
B00FR23GPW 14660 B00FR23GPW
B00FR23O4U 14661 B00FR23O4U
B00FR23QNE 14662 B00FR23QNE
B00FR23S3W 14663 B00FR23S3W
B00FR81Z40 14664 B00FR81Z40
B00FR83S18 14665 B00FR83S18
B00FRE6OB8 14666 B00FRE6OB8
B00FRILRL6 14667 B00FRILRL6
B00FRILRRK 14668 B00FRILRRK
B00FRKKVL6 14669 B00FRKKVL6
B00FRQ0HOQ 14670 B00FRQ0HOQ
B00FRQ0L2O 14671 B00FRQ0L2O
B00FRY70K2 14672 B00FRY70K2
B00FTGYPK6 14673 B00FTGYPK6
B00FUABJMS 14674 B00FUABJMS
B00FW6BBM8 14675 B00FW6BBM8
B00FWMVVJ0 14676 B00FWMVVJ0
B00FWMVVLS 14677 B00FWMVVLS
B00FWSWFD0 14678 B00FWSWFD0
B00FWUX94M 14679 B00FWUX94M
B00FWVXRLG 14680 B00FWVXRLG
B00FWVXRNE 14681 B00FWVXRNE
B00FX58Y9Q 14682 B00FX58Y9Q
B00FXB8RRO 14683 B00FXB8RRO
B00FXOO1VC 14684 B00FXOO1VC
B00FXWAZX2 14685 B00FXWAZX2
B00FYPEEFS 14686 B00FYPEEFS
B00FYV7WCY 14687 B00FYV7WCY
B00FZ4KT84 14688 B00FZ4KT84
B00FZIIPUO 14689 B00FZIIPUO
B00G0INDXC 14690 B00G0INDXC
B00G0PXU1A 14691 B00G0PXU1A
B00G2IREUI 14692 B00G2IREUI
B00G2PA0ES 14693 B00G2PA0ES
B00G3B2DWI 14694 B00G3B2DWI
B00G3BRC24 14695 B00G3BRC24
B00G3BRCBU 14696 B00G3BRCBU
B00G3BVTKA 14697 B00G3BVTKA
B00G3D732Q 14698 B00G3D732Q
B00G3HOLV8 14699 B00G3HOLV8
B00G4NV7B8 14700 B00G4NV7B8
B00G4Q3KOC 14701 B00G4Q3KOC
B00G575OV2 14702 B00G575OV2
B00G575PI4 14703 B00G575PI4
B00G575PM0 14704 B00G575PM0
B00G5GNZ1E 14705 B00G5GNZ1E
B00G5N6C8U 14706 B00G5N6C8U
B00G6SO7A4 14707 B00G6SO7A4
B00G7M190U 14708 B00G7M190U
B00G7QQ1CC 14709 B00G7QQ1CC
B00G7QQ1Y0 14710 B00G7QQ1Y0
B00GAHG7PE 14711 B00GAHG7PE
B00GAJFIXO 14712 B00GAJFIXO
B00GAXASK8 14713 B00GAXASK8
B00GAXASKS 14714 B00GAXASKS
B00GAXASLC 14715 B00GAXASLC
B00GB0ORJ8 14716 B00GB0ORJ8
B00GB0ORSE 14717 B00GB0ORSE
B00GB0OSP6 14718 B00GB0OSP6
B00GB0OTNM 14719 B00GB0OTNM
B00GBZVOEY 14720 B00GBZVOEY
B00GC2KI2U 14721 B00GC2KI2U
B00GD7UMDO 14722 B00GD7UMDO
B00GD7UO6E 14723 B00GD7UO6E
B00GD9GNEY 14724 B00GD9GNEY
B00GDEZNTK 14725 B00GDEZNTK
B00GDEZP52 14726 B00GDEZP52
B00GDEZPGG 14727 B00GDEZPGG
B00GDM4O3I 14728 B00GDM4O3I
B00GEKO51U 14729 B00GEKO51U
B00GG2M7K2 14730 B00GG2M7K2
B00GGMKSGM 14731 B00GGMKSGM
B00GHH9GXC 14732 B00GHH9GXC
B00GHH9HZY 14733 B00GHH9HZY
B00GHH9IIA 14734 B00GHH9IIA
B00GHH9IRG 14735 B00GHH9IRG
B00GHJX8W0 14736 B00GHJX8W0
B00GHP8SH4 14737 B00GHP8SH4
B00GHP8SS8 14738 B00GHP8SS8
B00GHP8T1Y 14739 B00GHP8T1Y
B00GHU35HM 14740 B00GHU35HM
B00GI0SX7S 14741 B00GI0SX7S
B00GICGEAE 14742 B00GICGEAE
B00GJ6HQDI 14743 B00GJ6HQDI
B00GJFX8TA 14744 B00GJFX8TA
B00GJNQ2NG 14745 B00GJNQ2NG
B00GJNQ3S0 14746 B00GJNQ3S0
B00GJNQ65U 14747 B00GJNQ65U
B00GJOXW1A 14748 B00GJOXW1A
B00GJT1ZPU 14749 B00GJT1ZPU
B00GJT22VQ 14750 B00GJT22VQ
B00GLPCKX8 14751 B00GLPCKX8
B00GLPYVQC 14752 B00GLPYVQC
B00GLPYVT4 14753 B00GLPYVT4
B00GLT2SOA 14754 B00GLT2SOA
B00GLT2TR6 14755 B00GLT2TR6
B00GM1X2JM 14756 B00GM1X2JM
B00GM1X2RO 14757 B00GM1X2RO
B00GM473M6 14758 B00GM473M6
B00GM5GLDW 14759 B00GM5GLDW
B00GM5U80Y 14760 B00GM5U80Y
B00GM7STPI 14761 B00GM7STPI
B00GMM19VY 14762 B00GMM19VY
B00GMM19ZA 14763 B00GMM19ZA
B00GMTGQXS 14764 B00GMTGQXS
B00GMTQI86 14765 B00GMTQI86
B00GMTS9RE 14766 B00GMTS9RE
B00GMV89QI 14767 B00GMV89QI
B00GMV8CQU 14768 B00GMV8CQU
B00GMV8E5Y 14769 B00GMV8E5Y
B00GMV8IVE 14770 B00GMV8IVE
B00GMV8JVI 14771 B00GMV8JVI
B00GMV8KGW 14772 B00GMV8KGW
B00GMV8M2Y 14773 B00GMV8M2Y
B00GN13CNC 14774 B00GN13CNC
B00GNZLZQO 14775 B00GNZLZQO
B00GOC74I4 14776 B00GOC74I4
B00GOC74QG 14777 B00GOC74QG
B00GOC74RU 14778 B00GOC74RU
B00GOC74YI 14779 B00GOC74YI
B00GOC750Q 14780 B00GOC750Q
B00GOC752E 14781 B00GOC752E
B00GOC758I 14782 B00GOC758I
B00GOFVED2 14783 B00GOFVED2
B00GOHZV6Q 14784 B00GOHZV6Q
B00GOT10SM 14785 B00GOT10SM
B00GOVRVTM 14786 B00GOVRVTM
B00GOYHSBU 14787 B00GOYHSBU
B00GOYHSTC 14788 B00GOYHSTC
B00GP9B0Q8 14789 B00GP9B0Q8
B00GPWERCO 14790 B00GPWERCO
B00GPWP214 14791 B00GPWP214
B00GQQ77IU 14792 B00GQQ77IU
B00GR33LAK 14793 B00GR33LAK
B00GRZPQWY 14794 B00GRZPQWY
B00GRZPQX8 14795 B00GRZPQX8
B00GRZPRB4 14796 B00GRZPRB4
B00GS08Y3Q 14797 B00GS08Y3Q
B00GS08Z9E 14798 B00GS08Z9E
B00GS19OOS 14799 B00GS19OOS
B00GS1JRPY 14800 B00GS1JRPY
B00GS4B7GS 14801 B00GS4B7GS
B00GSBQ2HU 14802 B00GSBQ2HU
B00GSDSRQW 14803 B00GSDSRQW
B00GSMZ3I8 14804 B00GSMZ3I8
B00GSSD73K 14805 B00GSSD73K
B00GST8QFS 14806 B00GST8QFS
B00GST8RJ8 14807 B00GST8RJ8
B00GST8UH2 14808 B00GST8UH2
B00GSTHC7G 14809 B00GSTHC7G
B00GSTHCHQ 14810 B00GSTHCHQ
B00GSTHCSK 14811 B00GSTHCSK
B00GSTHCSU 14812 B00GSTHCSU
B00GSTHCTE 14813 B00GSTHCTE
B00GT4NCBU 14814 B00GT4NCBU
B00GTF526M 14815 B00GTF526M
B00GTKYI1C 14816 B00GTKYI1C
B00GTZWXYQ 14817 B00GTZWXYQ
B00GTZWZH6 14818 B00GTZWZH6
B00GUFCPPC 14819 B00GUFCPPC
B00GUO3C3W 14820 B00GUO3C3W
B00GV8AZI2 14821 B00GV8AZI2
B00GV8B1BM 14822 B00GV8B1BM
B00GVFJ5PE 14823 B00GVFJ5PE
B00GWBQK28 14824 B00GWBQK28
B00GWJIDB6 14825 B00GWJIDB6
B00GWJIDFW 14826 B00GWJIDFW
B00GWJIDM0 14827 B00GWJIDM0
B00GWWADDY 14828 B00GWWADDY
B00GWWV1XU 14829 B00GWWV1XU
B00GWXHYPI 14830 B00GWXHYPI
B00GWXI1AK 14831 B00GWXI1AK
B00GWXI1F0 14832 B00GWXI1F0
B00GWXI1UU 14833 B00GWXI1UU
B00GWXI20E 14834 B00GWXI20E
B00GWXI28Q 14835 B00GWXI28Q
B00GWXI2EU 14836 B00GWXI2EU
B00GWXI2X6 14837 B00GWXI2X6
B00GX7D5JW 14838 B00GX7D5JW
B00GXFZOYI 14839 B00GXFZOYI
B00GY71GJC 14840 B00GY71GJC
B00GZ0ML2Y 14841 B00GZ0ML2Y
B00GZPD3Y4 14842 B00GZPD3Y4
B00H0EN8UI 14843 B00H0EN8UI
B00H0EN98E 14844 B00H0EN98E
B00H2FPY20 14845 B00H2FPY20
B00H3DW7P8 14846 B00H3DW7P8
B00H3N3UV8 14847 B00H3N3UV8
B00H47IWDY 14848 B00H47IWDY
B00H47IXF6 14849 B00H47IXF6
B00H4BHIF8 14850 B00H4BHIF8
B00H4IGZJG 14851 B00H4IGZJG
B00H4IR3JC 14852 B00H4IR3JC
B00H4KQMX8 14853 B00H4KQMX8
B00H4WGGXW 14854 B00H4WGGXW
B00H4ZEFTQ 14855 B00H4ZEFTQ
B00H540KMM 14856 B00H540KMM
B00H57T5FC 14857 B00H57T5FC
B00H5NY7DQ 14858 B00H5NY7DQ
B00H5NY7KY 14859 B00H5NY7KY
B00H5NY7NG 14860 B00H5NY7NG
B00H5NY7O0 14861 B00H5NY7O0
B00H5NY7U4 14862 B00H5NY7U4
B00H5NY8EY 14863 B00H5NY8EY
B00H5RYN5Y 14864 B00H5RYN5Y
B00H6YAB16 14865 B00H6YAB16
B00H7BJ0C4 14866 B00H7BJ0C4
B00H7BJ0WO 14867 B00H7BJ0WO
B00H7BJ1GY 14868 B00H7BJ1GY
B00H7BJ1I2 14869 B00H7BJ1I2
B00H7BJ1XC 14870 B00H7BJ1XC
B00H7E3T5K 14871 B00H7E3T5K
B00H7E8KVI 14872 B00H7E8KVI
B00H7KJTMG 14873 B00H7KJTMG
B00H7LCPGW 14874 B00H7LCPGW
B00H7LJ2UO 14875 B00H7LJ2UO
B00H7T56IS 14876 B00H7T56IS
B00H8J2NTC 14877 B00H8J2NTC
B00H8KC1N4 14878 B00H8KC1N4
B00H8KC1OS 14879 B00H8KC1OS
B00H8KRWKG 14880 B00H8KRWKG
B00H8N5IQS 14881 B00H8N5IQS
B00H91LVTM 14882 B00H91LVTM
B00H9BFV98 14883 B00H9BFV98
B00H9FDD2Q 14884 B00H9FDD2Q
B00H9HZITU 14885 B00H9HZITU
B00H9L28OO 14886 B00H9L28OO
B00H9LHVHI 14887 B00H9LHVHI
B00H9LKHGA 14888 B00H9LKHGA
B00HA0FOEU 14889 B00HA0FOEU
B00HDAG7FW 14890 B00HDAG7FW
B00HDEEU48 14891 B00HDEEU48
B00HDF6ZWM 14892 B00HDF6ZWM
B00HE01030 14893 B00HE01030
B00HE1EDO2 14894 B00HE1EDO2
B00HE1EEQ4 14895 B00HE1EEQ4
B00HEEAM94 14896 B00HEEAM94
B00HEPCRLE 14897 B00HEPCRLE
B00HEQO9DM 14898 B00HEQO9DM
B00HEQOD56 14899 B00HEQOD56
B00HETDQKG 14900 B00HETDQKG
B00HETGCDE 14901 B00HETGCDE
B00HETMEZE 14902 B00HETMEZE
B00HETRHPG 14903 B00HETRHPG
B00HEUXKWO 14904 B00HEUXKWO
B00HF5J9XW 14905 B00HF5J9XW
B00HF95PA4 14906 B00HF95PA4
B00HF98SYO 14907 B00HF98SYO
B00HFC30A8 14908 B00HFC30A8
B00HFCAEAW 14909 B00HFCAEAW
B00HFSHB3Y 14910 B00HFSHB3Y
B00HFWETQW 14911 B00HFWETQW
B00HFWETZ8 14912 B00HFWETZ8
B00HGJB3MC 14913 B00HGJB3MC
B00HHAX9BI 14914 B00HHAX9BI
B00HHIPPW6 14915 B00HHIPPW6
B00HHYF548 14916 B00HHYF548
B00HHYF59S 14917 B00HHYF59S
B00HHYF5CU 14918 B00HHYF5CU
B00HHYF5EI 14919 B00HHYF5EI
B00HIMHXG2 14920 B00HIMHXG2
B00HJQMA1U 14921 B00HJQMA1U
B00HJRVWM2 14922 B00HJRVWM2
B00HJYVNSS 14923 B00HJYVNSS
B00HLSW674 14924 B00HLSW674
B00HLSW6YC 14925 B00HLSW6YC
B00HLTD5EG 14926 B00HLTD5EG
B00HLTD6E0 14927 B00HLTD6E0
B00HLTD8RA 14928 B00HLTD8RA
B00HLTDAGO 14929 B00HLTDAGO
B00HLTDARS 14930 B00HLTDARS
B00HLTDCLM 14931 B00HLTDCLM
B00HMOW9WE 14932 B00HMOW9WE
B00HMOW9YM 14933 B00HMOW9YM
B00HMOWA0A 14934 B00HMOWA0A
B00HMOWA32 14935 B00HMOWA32
B00HMVJB0K 14936 B00HMVJB0K
B00HNGC56G 14937 B00HNGC56G
B00HNGC5FC 14938 B00HNGC5FC
B00HNGZK6I 14939 B00HNGZK6I
B00HNH3HIU 14940 B00HNH3HIU
B00HNTIXK0 14941 B00HNTIXK0
B00HNX0S4A 14942 B00HNX0S4A
B00HNX29S8 14943 B00HNX29S8
B00HP4W1M4 14944 B00HP4W1M4
B00HPT4BK4 14945 B00HPT4BK4
B00HPX33MM 14946 B00HPX33MM
B00HQI72UA 14947 B00HQI72UA
B00HQI811Y 14948 B00HQI811Y
B00HQOD0SM 14949 B00HQOD0SM
B00HQOFIA0 14950 B00HQOFIA0
B00HQQ7KCC 14951 B00HQQ7KCC
B00HR34TBE 14952 B00HR34TBE
B00HR34TEG 14953 B00HR34TEG
B00HR35ZEY 14954 B00HR35ZEY
B00HR3705Q 14955 B00HR3705Q
B00HR3D56O 14956 B00HR3D56O
B00HR736AA 14957 B00HR736AA
B00HR7OOME 14958 B00HR7OOME
B00HRHZ5BI 14959 B00HRHZ5BI
B00HRISNPM 14960 B00HRISNPM
B00HRK4K3Y 14961 B00HRK4K3Y
B00HRUQ8HK 14962 B00HRUQ8HK
B00HRUQ8S4 14963 B00HRUQ8S4
B00HRUQ8YS 14964 B00HRUQ8YS
B00HRUQ992 14965 B00HRUQ992
B00HRUQ9BA 14966 B00HRUQ9BA
B00HRUQ9QK 14967 B00HRUQ9QK
B00HRUQ9TM 14968 B00HRUQ9TM
B00HRUQA6O 14969 B00HRUQA6O
B00HRUQARI 14970 B00HRUQARI
B00HRYH67M 14971 B00HRYH67M
B00HRYH6DG 14972 B00HRYH6DG
B00HRYH6F4 14973 B00HRYH6F4
B00HRYH6GI 14974 B00HRYH6GI
B00HS2OWNO 14975 B00HS2OWNO
B00HS3PGF6 14976 B00HS3PGF6
B00HSJ2CVQ 14977 B00HSJ2CVQ
B00HSKI8GS 14978 B00HSKI8GS
B00HSS7N2U 14979 B00HSS7N2U
B00HSSZKAW 14980 B00HSSZKAW
B00HSVNV6O 14981 B00HSVNV6O
B00HUAGYF8 14982 B00HUAGYF8
B00HUAGZ34 14983 B00HUAGZ34
B00HUAGZKW 14984 B00HUAGZKW
B00HUAH0YW 14985 B00HUAH0YW
B00HUAH1H8 14986 B00HUAH1H8
B00HUCF420 14987 B00HUCF420
B00HUCF7AO 14988 B00HUCF7AO
B00HUG74OW 14989 B00HUG74OW
B00HUQC442 14990 B00HUQC442
B00HUS7W88 14991 B00HUS7W88
B00HUTB4SQ 14992 B00HUTB4SQ
B00HUTPK4U 14993 B00HUTPK4U
B00HUVLHNQ 14994 B00HUVLHNQ
B00HUX3IYK 14995 B00HUX3IYK
B00HVBB140 14996 B00HVBB140
B00HVBB16I 14997 B00HVBB16I
B00HVFA322 14998 B00HVFA322
B00HVFA36I 14999 B00HVFA36I
B00HVFA39A 15000 B00HVFA39A
B00HW0ORP0 15001 B00HW0ORP0
B00HW0OSPO 15002 B00HW0OSPO
B00HW3EI3I 15003 B00HW3EI3I
B00HW3EK8G 15004 B00HW3EK8G
B00HW3EMTI 15005 B00HW3EMTI
B00HW3EXCE 15006 B00HW3EXCE
B00HW3EY46 15007 B00HW3EY46
B00HW3EZXQ 15008 B00HW3EZXQ
B00HW3EZZE 15009 B00HW3EZZE
B00HW3L2J6 15010 B00HW3L2J6
B00HW3L61U 15011 B00HW3L61U
B00HW3LG3S 15012 B00HW3LG3S
B00HW4O1VG 15013 B00HW4O1VG
B00HX0KIAM 15014 B00HX0KIAM
B00HX3ZKS4 15015 B00HX3ZKS4
B00HX8CJ5Q 15016 B00HX8CJ5Q
B00HXEWG4E 15017 B00HXEWG4E
B00HXEWHM0 15018 B00HXEWHM0
B00HXH00YE 15019 B00HXH00YE
B00HXH5WQU 15020 B00HXH5WQU
B00HYZ0ZLS 15021 B00HYZ0ZLS
B00HYZ10RQ 15022 B00HYZ10RQ
B00HZ67OOW 15023 B00HZ67OOW
B00HZ7S508 15024 B00HZ7S508
B00HZVX14O 15025 B00HZVX14O
B00I099JKA 15026 B00I099JKA
B00I099JNM 15027 B00I099JNM
B00I099JO6 15028 B00I099JO6
B00I099JYQ 15029 B00I099JYQ
B00I099JZK 15030 B00I099JZK
B00I099K0Y 15031 B00I099K0Y
B00I099K4U 15032 B00I099K4U
B00I0CAVV8 15033 B00I0CAVV8
B00I0CAVXG 15034 B00I0CAVXG
B00I0VTPYI 15035 B00I0VTPYI
B00I1K6Z4Q 15036 B00I1K6Z4Q
B00I2UULIG 15037 B00I2UULIG
B00I2YXN5A 15038 B00I2YXN5A
B00I30MQ4W 15039 B00I30MQ4W
B00I3RHUX2 15040 B00I3RHUX2
B00I40QJFS 15041 B00I40QJFS
B00I40QJIA 15042 B00I40QJIA
B00I4581F4 15043 B00I4581F4
B00I45844W 15044 B00I45844W
B00I458456 15045 B00I458456
B00I462XF2 15046 B00I462XF2
B00I462XJS 15047 B00I462XJS
B00I462XSY 15048 B00I462XSY
B00I46NYIM 15049 B00I46NYIM
B00I480QBI 15050 B00I480QBI
B00I4DSDE0 15051 B00I4DSDE0
B00I4ODXT4 15052 B00I4ODXT4
B00I563DSC 15053 B00I563DSC
B00I5EONJC 15054 B00I5EONJC
B00I5NKPWC 15055 B00I5NKPWC
B00I6JOD8M 15056 B00I6JOD8M
B00I80NVTQ 15057 B00I80NVTQ
B00I83WHSO 15058 B00I83WHSO
B00I83WKTA 15059 B00I83WKTA
B00I86MQF0 15060 B00I86MQF0
B00I87U8UE 15061 B00I87U8UE
B00I87U9H6 15062 B00I87U9H6
B00I8OQ6US 15063 B00I8OQ6US
B00I9BU2IC 15064 B00I9BU2IC
B00I9KV1TM 15065 B00I9KV1TM
B00I9TDMLS 15066 B00I9TDMLS
B00IA1VPP0 15067 B00IA1VPP0
B00IA7MFEO 15068 B00IA7MFEO
B00IAR2CHY 15069 B00IAR2CHY
B00IAR2DJG 15070 B00IAR2DJG
B00IBIIQTU 15071 B00IBIIQTU
B00IBIIR4E 15072 B00IBIIR4E
B00IBKXTCW 15073 B00IBKXTCW
B00IBQ5NIO 15074 B00IBQ5NIO
B00ICN1Y5W 15075 B00ICN1Y5W
B00ICR6SBI 15076 B00ICR6SBI
B00ICWO144 15077 B00ICWO144
B00ICXM1UE 15078 B00ICXM1UE
B00ID3TPA2 15079 B00ID3TPA2
B00ID3TPHA 15080 B00ID3TPHA
B00ID6UJUO 15081 B00ID6UJUO
B00ID75X1S 15082 B00ID75X1S
B00ID75XAE 15083 B00ID75XAE
B00ID8H98C 15084 B00ID8H98C
B00ID8HATK 15085 B00ID8HATK
B00IDRQ3PI 15086 B00IDRQ3PI
B00IE419W2 15087 B00IE419W2
B00IE41AA8 15088 B00IE41AA8
B00IE4ER12 15089 B00IE4ER12
B00IEBAN6S 15090 B00IEBAN6S
B00IEXX4KS 15091 B00IEXX4KS
B00IEXX4XA 15092 B00IEXX4XA
B00IF0KASY 15093 B00IF0KASY
B00IF0KAYS 15094 B00IF0KAYS
B00IF2OFMO 15095 B00IF2OFMO
B00IF8PTVO 15096 B00IF8PTVO
B00IGVJH0E 15097 B00IGVJH0E
B00II4DYHG 15098 B00II4DYHG
B00II4S0K2 15099 B00II4S0K2
B00II6C66E 15100 B00II6C66E
B00II7H5SM 15101 B00II7H5SM
B00IICFEX0 15102 B00IICFEX0
B00IJG5502 15103 B00IJG5502
B00IJS2NZU 15104 B00IJS2NZU
B00IJS2OHM 15105 B00IJS2OHM
B00IJZMZW4 15106 B00IJZMZW4
B00IJZW35I 15107 B00IJZW35I
B00IK43YOM 15108 B00IK43YOM
B00IK481FO 15109 B00IK481FO
B00IKM5L6I 15110 B00IKM5L6I
B00IKM5LT0 15111 B00IKM5LT0
B00IKM5LXG 15112 B00IKM5LXG
B00IKM5MIA 15113 B00IKM5MIA
B00IKM5MQC 15114 B00IKM5MQC
B00IKM5OTW 15115 B00IKM5OTW
B00IKM5OYW 15116 B00IKM5OYW
B00IKVSE0Y 15117 B00IKVSE0Y
B00ILAWJLO 15118 B00ILAWJLO
B00IMQZVLC 15119 B00IMQZVLC
B00IMYVCGW 15120 B00IMYVCGW
B00IN3KZ9C 15121 B00IN3KZ9C
B00IN3PU74 15122 B00IN3PU74
B00IN5W91M 15123 B00IN5W91M
B00IN69Q9O 15124 B00IN69Q9O
B00INCBASS 15125 B00INCBASS
B00INLE6HG 15126 B00INLE6HG
B00IO03I6Q 15127 B00IO03I6Q
B00IO8PU3C 15128 B00IO8PU3C
B00IO8UO9C 15129 B00IO8UO9C
B00IO998U2 15130 B00IO998U2
B00IO9EWQM 15131 B00IO9EWQM
B00IOFDJCO 15132 B00IOFDJCO
B00IOFDKAK 15133 B00IOFDKAK
B00IOFN0EG 15134 B00IOFN0EG
B00IORPR90 15135 B00IORPR90
B00IORPROU 15136 B00IORPROU
B00IP969JY 15137 B00IP969JY
B00IPL286U 15138 B00IPL286U
B00IQ8TT0K 15139 B00IQ8TT0K
B00IQ8TT82 15140 B00IQ8TT82
B00IQAUO48 15141 B00IQAUO48
B00IQAUO6Q 15142 B00IQAUO6Q
B00IRD8JJ6 15143 B00IRD8JJ6
B00IRHTMK2 15144 B00IRHTMK2
B00IRIMGTA 15145 B00IRIMGTA
B00IRLISLM 15146 B00IRLISLM
B00IS6WPT2 15147 B00IS6WPT2
B00IS6WQ2S 15148 B00IS6WQ2S
B00ISAFF2C 15149 B00ISAFF2C
B00ISDJUYI 15150 B00ISDJUYI
B00ISZNBCI 15151 B00ISZNBCI
B00IT3KQWM 15152 B00IT3KQWM
B00IT70F3S 15153 B00IT70F3S
B00ITAQ2T6 15154 B00ITAQ2T6
B00ITAQ3ZY 15155 B00ITAQ3ZY
B00ITPE2QQ 15156 B00ITPE2QQ
B00ITSHHN8 15157 B00ITSHHN8
B00ITV5SRC 15158 B00ITV5SRC
B00ITX6MZ2 15159 B00ITX6MZ2
B00ITZXDDY 15160 B00ITZXDDY
B00IUSP7OI 15161 B00IUSP7OI
B00IV3FLO8 15162 B00IV3FLO8
B00IVC030G 15163 B00IVC030G
B00IVLRC88 15164 B00IVLRC88
B00IWS74O2 15165 B00IWS74O2
B00IWS74TM 15166 B00IWS74TM
B00IWS74WO 15167 B00IWS74WO
B00IWULSTC 15168 B00IWULSTC
B00IXD2MGQ 15169 B00IXD2MGQ
B00IXD2N1K 15170 B00IXD2N1K
B00IXGU2TM 15171 B00IXGU2TM
B00IXPWGIS 15172 B00IXPWGIS
B00IXXVCT4 15173 B00IXXVCT4
B00IYJHAWK 15174 B00IYJHAWK
B00IYLWSP2 15175 B00IYLWSP2
B00IYRLU6Y 15176 B00IYRLU6Y
B00IYRLURI 15177 B00IYRLURI
B00IZE00MQ 15178 B00IZE00MQ
B00IZEATRM 15179 B00IZEATRM
B00IZZDVTO 15180 B00IZZDVTO
B00IZZDWKM 15181 B00IZZDWKM
B00IZZDZFE 15182 B00IZZDZFE
B00IZZDZMW 15183 B00IZZDZMW
B00J0461UU 15184 B00J0461UU
B00J0IPLBQ 15185 B00J0IPLBQ
B00J0IQISG 15186 B00J0IQISG
B00J22YU62 15187 B00J22YU62
B00J2G4ZAY 15188 B00J2G4ZAY
B00J2MQ06U 15189 B00J2MQ06U
B00J2PQY5E 15190 B00J2PQY5E
B00J2PQYWC 15191 B00J2PQYWC
B00J2PQYYK 15192 B00J2PQYYK
B00J2T176Q 15193 B00J2T176Q
B00J2T1856 15194 B00J2T1856
B00J2T18XS 15195 B00J2T18XS
B00J3GJL52 15196 B00J3GJL52
B00J3M54AW 15197 B00J3M54AW
B00J3QIAZE 15198 B00J3QIAZE
B00J42UMS0 15199 B00J42UMS0
B00J49R1BY 15200 B00J49R1BY
B00J4BW0SQ 15201 B00J4BW0SQ
B00J5G1MWK 15202 B00J5G1MWK
B00J5JSV3A 15203 B00J5JSV3A
B00J5LXMTG 15204 B00J5LXMTG
B00J5LXPPM 15205 B00J5LXPPM
B00J5LXS4U 15206 B00J5LXS4U
B00J5LXT44 15207 B00J5LXT44
B00J5SKAOO 15208 B00J5SKAOO
B00J8LXD56 15209 B00J8LXD56
B00J9BZ4KC 15210 B00J9BZ4KC
B00J9BZ4O8 15211 B00J9BZ4O8
B00J9BZOXY 15212 B00J9BZOXY
B00J9BZVQE 15213 B00J9BZVQE
B00J9C01W2 15214 B00J9C01W2
B00J9C07GC 15215 B00J9C07GC
B00J9C0DRU 15216 B00J9C0DRU
B00J9C1H2A 15217 B00J9C1H2A
B00J9PVE2A 15218 B00J9PVE2A
B00J9W4AWE 15219 B00J9W4AWE
B00JA3RPAG 15220 B00JA3RPAG
B00JA3RSR6 15221 B00JA3RSR6
B00JAD6DHW 15222 B00JAD6DHW
B00JB4TOTY 15223 B00JB4TOTY
B00JBBJJ4C 15224 B00JBBJJ4C
B00JBBRKSE 15225 B00JBBRKSE
B00JC359JS 15226 B00JC359JS
B00JC4XHYQ 15227 B00JC4XHYQ
B00JCCHM30 15228 B00JCCHM30
B00JCCHMU8 15229 B00JCCHMU8
B00JEEZT22 15230 B00JEEZT22
B00JESQSY6 15231 B00JESQSY6
B00JF5GAY6 15232 B00JF5GAY6
B00JFN2TQG 15233 B00JFN2TQG
B00JH4U9GK 15234 B00JH4U9GK
B00JHH1VDC 15235 B00JHH1VDC
B00JHH1VSW 15236 B00JHH1VSW
B00JHH1VUU 15237 B00JHH1VUU
B00JHH202I 15238 B00JHH202I
B00JHH2096 15239 B00JHH2096
B00JHH20VY 15240 B00JHH20VY
B00JHH21AE 15241 B00JHH21AE
B00JHH21C2 15242 B00JHH21C2
B00JHH225S 15243 B00JHH225S
B00JHH22O4 15244 B00JHH22O4
B00JJ3EH6C 15245 B00JJ3EH6C
B00JJJ3REO 15246 B00JJJ3REO
B00JJRLFTU 15247 B00JJRLFTU
B00JJRLG58 15248 B00JJRLG58
B00JJRLG7G 15249 B00JJRLG7G
B00JK32362 15250 B00JK32362
B00JK7QTZE 15251 B00JK7QTZE
B00JK7QU6W 15252 B00JK7QU6W
B00JK7QWEM 15253 B00JK7QWEM
B00JKE4SVE 15254 B00JKE4SVE
B00JKE4VBQ 15255 B00JKE4VBQ
B00JKEM25S 15256 B00JKEM25S
B00JKJ13EY 15257 B00JKJ13EY
B00JKJSRHA 15258 B00JKJSRHA
B00JKT5PSY 15259 B00JKT5PSY
B00JKT890A 15260 B00JKT890A
B00JKTCC8K 15261 B00JKTCC8K
B00JKTFQJM 15262 B00JKTFQJM
B00JLC57OW 15263 B00JLC57OW
B00JLDT9MC 15264 B00JLDT9MC
B00JLDTAOO 15265 B00JLDTAOO
B00JLDTB2U 15266 B00JLDTB2U
B00JLDTBCU 15267 B00JLDTBCU
B00JLJ0AI8 15268 B00JLJ0AI8
B00JLJ0AUQ 15269 B00JLJ0AUQ
B00JLV09S2 15270 B00JLV09S2
B00JM5C9T4 15271 B00JM5C9T4
B00JMLQGQ0 15272 B00JMLQGQ0
B00JO9O1WG 15273 B00JO9O1WG
B00JOPMKNC 15274 B00JOPMKNC
B00JOWHSIW 15275 B00JOWHSIW
B00JPA7VNK 15276 B00JPA7VNK
B00JPFTPDY 15277 B00JPFTPDY
B00JPFTS2M 15278 B00JPFTS2M
B00JPFTSWM 15279 B00JPFTSWM
B00JPFTW1E 15280 B00JPFTW1E
B00JPJC8RK 15281 B00JPJC8RK
B00JPQ1HXO 15282 B00JPQ1HXO
B00JPQ1ISS 15283 B00JPQ1ISS
B00JPU7JIW 15284 B00JPU7JIW
B00JPXAO36 15285 B00JPXAO36
B00JQHOJZU 15286 B00JQHOJZU
B00JRB00RG 15287 B00JRB00RG
B00JRXHEAA 15288 B00JRXHEAA
B00JS3CSLY 15289 B00JS3CSLY
B00JSB19YI 15290 B00JSB19YI
B00JSC8BMU 15291 B00JSC8BMU
B00JU3S6IQ 15292 B00JU3S6IQ
B00JU3S7Z8 15293 B00JU3S7Z8
B00JU94ZPS 15294 B00JU94ZPS
B00JV0543I 15295 B00JV0543I
B00JV0547O 15296 B00JV0547O
B00JVFUNBG 15297 B00JVFUNBG
B00JVSF0T8 15298 B00JVSF0T8
B00JW3SM1A 15299 B00JW3SM1A
B00JW3ST90 15300 B00JW3ST90
B00JX3SHIC 15301 B00JX3SHIC
B00JXFHPSS 15302 B00JXFHPSS
B00JXFHSEE 15303 B00JXFHSEE
B00JXNBXRE 15304 B00JXNBXRE
B00JZYJ7F6 15305 B00JZYJ7F6
B00K0HD7TO 15306 B00K0HD7TO
B00K0HDCPI 15307 B00K0HDCPI
B00K0S2RZI 15308 B00K0S2RZI
B00K1EKVC2 15309 B00K1EKVC2
B00K1G4RMA 15310 B00K1G4RMA
B00K1G4RYI 15311 B00K1G4RYI
B00K1MPGBK 15312 B00K1MPGBK
B00K2CI0HG 15313 B00K2CI0HG
B00K2CI184 15314 B00K2CI184
B00K31RCKC 15315 B00K31RCKC
B00K5SY9GI 15316 B00K5SY9GI
B00K62YF80 15317 B00K62YF80
B00K6D1HUI 15318 B00K6D1HUI
B00K6DEQ6A 15319 B00K6DEQ6A
B00K6DEQ92 15320 B00K6DEQ92
B00K6DIZM6 15321 B00K6DIZM6
B00K6K9G86 15322 B00K6K9G86
B00K7BCWLW 15323 B00K7BCWLW
B00K7BH5NC 15324 B00K7BH5NC
B00K7IPH5I 15325 B00K7IPH5I
B00K7PB3ZY 15326 B00K7PB3ZY
B00K80QGCS 15327 B00K80QGCS
B00K856ENO 15328 B00K856ENO
B00K87YGI2 15329 B00K87YGI2
B00K8835WE 15330 B00K8835WE
B00K8GXBMK 15331 B00K8GXBMK
B00KA0VEGO 15332 B00KA0VEGO
B00KACCIQM 15333 B00KACCIQM
B00KAEIFCQ 15334 B00KAEIFCQ
B00KASQQTQ 15335 B00KASQQTQ
B00KAVPEWI 15336 B00KAVPEWI
B00KB01MO2 15337 B00KB01MO2
B00KB01OG8 15338 B00KB01OG8
B00KB01QEI 15339 B00KB01QEI
B00KB49LAK 15340 B00KB49LAK
B00KB613WM 15341 B00KB613WM
B00KB61584 15342 B00KB61584
B00KBIXQYS 15343 B00KBIXQYS
B00KBIXSD2 15344 B00KBIXSD2
B00KBYIZKW 15345 B00KBYIZKW
B00KC77Z4A 15346 B00KC77Z4A
B00KC8V8NI 15347 B00KC8V8NI
B00KCA32P8 15348 B00KCA32P8
B00KCA32XK 15349 B00KCA32XK
B00KD5HFJG 15350 B00KD5HFJG
B00KDL4TVM 15351 B00KDL4TVM
B00KDU8HQQ 15352 B00KDU8HQQ
B00KDUE3IC 15353 B00KDUE3IC
B00KE3B9US 15354 B00KE3B9US
B00KE7PBCQ 15355 B00KE7PBCQ
B00KE7PC66 15356 B00KE7PC66
B00KE7PC6Q 15357 B00KE7PC6Q
B00KFNF17E 15358 B00KFNF17E
B00KFNF2DM 15359 B00KFNF2DM
B00KFRBJVM 15360 B00KFRBJVM
B00KGA8EHU 15361 B00KGA8EHU
B00KGLE3KG 15362 B00KGLE3KG
B00KH0XX1Q 15363 B00KH0XX1Q
B00KH57U60 15364 B00KH57U60
B00KH57U6K 15365 B00KH57U6K
B00KH57UPG 15366 B00KH57UPG
B00KH57URE 15367 B00KH57URE
B00KH57UXS 15368 B00KH57UXS
B00KH8KWDA 15369 B00KH8KWDA
B00KHA5SL4 15370 B00KHA5SL4
B00KHA5TJ0 15371 B00KHA5TJ0
B00KHA8992 15372 B00KHA8992
B00KHA99BY 15373 B00KHA99BY
B00KHB4CAG 15374 B00KHB4CAG
B00KHBBWBS 15375 B00KHBBWBS
B00KHSUAJG 15376 B00KHSUAJG
B00KI27R4M 15377 B00KI27R4M
B00KINIOVG 15378 B00KINIOVG
B00KITEHI4 15379 B00KITEHI4
B00KIZY2QA 15380 B00KIZY2QA
B00KIZYDCI 15381 B00KIZYDCI
B00KJ1DD4U 15382 B00KJ1DD4U
B00KKZ4K1A 15383 B00KKZ4K1A
B00KLKTMY4 15384 B00KLKTMY4
B00KLLTEF0 15385 B00KLLTEF0
B00KMJBDFA 15386 B00KMJBDFA
B00KMJBGV6 15387 B00KMJBGV6
B00KMJBHOC 15388 B00KMJBHOC
B00KMULA6Q 15389 B00KMULA6Q
B00KN2KY4W 15390 B00KN2KY4W
B00KNVF2SG 15391 B00KNVF2SG
B00KO10QH2 15392 B00KO10QH2
B00KO10QIQ 15393 B00KO10QIQ
B00KOBUO42 15394 B00KOBUO42
B00KOW4AQE 15395 B00KOW4AQE
B00KOW4BB8 15396 B00KOW4BB8
B00KPYT3LS 15397 B00KPYT3LS
B00KQTGWPC 15398 B00KQTGWPC
B00KRAXFWI 15399 B00KRAXFWI
B00KS6EPKC 15400 B00KS6EPKC
B00KS6ERUK 15401 B00KS6ERUK
B00KSEAMAG 15402 B00KSEAMAG
B00KSEAMT2 15403 B00KSEAMT2
B00KTEBFGK 15404 B00KTEBFGK
B00KTFJ6DS 15405 B00KTFJ6DS
B00KTOPHSC 15406 B00KTOPHSC
B00KTZAKLU 15407 B00KTZAKLU
B00KTZAL2S 15408 B00KTZAL2S
B00KTZALDC 15409 B00KTZALDC
B00KU3Y40O 15410 B00KU3Y40O
B00KU3Y4JA 15411 B00KU3Y4JA
B00KU3Y5CG 15412 B00KU3Y5CG
B00KUWUKPI 15413 B00KUWUKPI
B00KVFHBLK 15414 B00KVFHBLK
B00KVNCTMI 15415 B00KVNCTMI
B00KVS6YZQ 15416 B00KVS6YZQ
B00KVVP4EA 15417 B00KVVP4EA
B00KW02JRK 15418 B00KW02JRK
B00KW85NXO 15419 B00KW85NXO
B00KWTEU78 15420 B00KWTEU78
B00KWTZ1RG 15421 B00KWTZ1RG
B00KX1UHF4 15422 B00KX1UHF4
B00KX44QNK 15423 B00KX44QNK
B00KXQL6CW 15424 B00KXQL6CW
B00KXQL6IQ 15425 B00KXQL6IQ
B00KY9N0S6 15426 B00KY9N0S6
B00KYLJLRS 15427 B00KYLJLRS
B00KYQS6UG 15428 B00KYQS6UG
B00KZKWQPM 15429 B00KZKWQPM
B00L0MICXE 15430 B00L0MICXE
B00L16P1QU 15431 B00L16P1QU
B00L1TML1U 15432 B00L1TML1U
B00L1WJESA 15433 B00L1WJESA
B00L1WJF4S 15434 B00L1WJF4S
B00L1WJG6K 15435 B00L1WJG6K
B00L1WJIYU 15436 B00L1WJIYU
B00L1WJK2K 15437 B00L1WJK2K
B00L22H2TM 15438 B00L22H2TM
B00L29MR4A 15439 B00L29MR4A
B00L2YY09U 15440 B00L2YY09U
B00L2YY0EA 15441 B00L2YY0EA
B00L37J2FS 15442 B00L37J2FS
B00L3PCNGU 15443 B00L3PCNGU
B00L3ZB4F6 15444 B00L3ZB4F6
B00L4IDS4W 15445 B00L4IDS4W
B00L4K3MLE 15446 B00L4K3MLE
B00L4KRP12 15447 B00L4KRP12
B00L5KORSA 15448 B00L5KORSA
B00L5QX00U 15449 B00L5QX00U
B00L5QX0S2 15450 B00L5QX0S2
B00L5QX14A 15451 B00L5QX14A
B00L5R5GE2 15452 B00L5R5GE2
B00L5Y8GJC 15453 B00L5Y8GJC
B00L6AW0M4 15454 B00L6AW0M4
B00L6AW1GY 15455 B00L6AW1GY
B00L6AW2MC 15456 B00L6AW2MC
B00L6UI596 15457 B00L6UI596
B00L83F0RQ 15458 B00L83F0RQ
B00L89VL96 15459 B00L89VL96
B00L8LD93K 15460 B00L8LD93K
B00L8QOY0C 15461 B00L8QOY0C
B00L8QOYG6 15462 B00L8QOYG6
B00L8QOZ1A 15463 B00L8QOZ1A
B00L8QP03C 15464 B00L8QP03C
B00L8QP082 15465 B00L8QP082
B00L8QP0AA 15466 B00L8QP0AA
B00L8QP0C8 15467 B00L8QP0C8
B00L8QP0K0 15468 B00L8QP0K0
B00L8QP0U0 15469 B00L8QP0U0
B00L8QP0XM 15470 B00L8QP0XM
B00L8YJIDW 15471 B00L8YJIDW
B00L9CDUAK 15472 B00L9CDUAK
B00L9FLXXI 15473 B00L9FLXXI
B00L9OPDA8 15474 B00L9OPDA8
B00LAUMICM 15475 B00LAUMICM
B00LAYEN4Y 15476 B00LAYEN4Y
B00LBFFR2Y 15477 B00LBFFR2Y
B00LBHOCHS 15478 B00LBHOCHS
B00LD0V9UQ 15479 B00LD0V9UQ
B00LDCGBNE 15480 B00LDCGBNE
B00LDCJ19A 15481 B00LDCJ19A
B00LE36FZ6 15482 B00LE36FZ6
B00LERXH9Y 15483 B00LERXH9Y
B00LEUA6O0 15484 B00LEUA6O0
B00LEW3JII 15485 B00LEW3JII
B00LFHYWW4 15486 B00LFHYWW4
B00LFW6BA0 15487 B00LFW6BA0
B00LG7VWIA 15488 B00LG7VWIA
B00LGCPE3E 15489 B00LGCPE3E
B00LH98QTK 15490 B00LH98QTK
B00LHCJ0FQ 15491 B00LHCJ0FQ
B00LHDVE7W 15492 B00LHDVE7W
B00LHK2398 15493 B00LHK2398
B00LIUIFGM 15494 B00LIUIFGM
B00LKCQONE 15495 B00LKCQONE
B00LLI7IKU 15496 B00LLI7IKU
B00LLQ45EO 15497 B00LLQ45EO
B00LLQ479M 15498 B00LLQ479M
B00LLV9XJQ 15499 B00LLV9XJQ
B00LM4A21A 15500 B00LM4A21A
B00LMBUQ8M 15501 B00LMBUQ8M
B00LMBUR6S 15502 B00LMBUR6S
B00LMBUR7W 15503 B00LMBUR7W
B00LMBURV8 15504 B00LMBURV8
B00LMJUOWC 15505 B00LMJUOWC
B00LMKKY94 15506 B00LMKKY94
B00LMKKYAS 15507 B00LMKKYAS
B00LN2WKGQ 15508 B00LN2WKGQ
B00LN7V4KO 15509 B00LN7V4KO
B00LN8786M 15510 B00LN8786M
B00LNBQ8SI 15511 B00LNBQ8SI
B00LNBQ8UG 15512 B00LNBQ8UG
B00LO1T13Q 15513 B00LO1T13Q
B00LO1T5GE 15514 B00LO1T5GE
B00LOCL7DW 15515 B00LOCL7DW
B00LOCL89A 15516 B00LOCL89A
B00LOCL8P4 15517 B00LOCL8P4
B00LOCLB56 15518 B00LOCLB56
B00LOCLBTM 15519 B00LOCLBTM
B00LOCLBVU 15520 B00LOCLBVU
B00LOCLBWO 15521 B00LOCLBWO
B00LOCLCPU 15522 B00LOCLCPU
B00LOCLDPY 15523 B00LOCLDPY
B00LOCLDSG 15524 B00LOCLDSG
B00LOZ9ODY 15525 B00LOZ9ODY
B00LPD0EVG 15526 B00LPD0EVG
B00LPD0GL4 15527 B00LPD0GL4
B00LPGIISE 15528 B00LPGIISE
B00LPPIDSA 15529 B00LPPIDSA
B00LSVIY26 15530 B00LSVIY26
B00LSW76MO 15531 B00LSW76MO
B00LT1JHLW 15532 B00LT1JHLW
B00LT1JKN2 15533 B00LT1JKN2
B00LTO3378 15534 B00LTO3378
B00LTO33JQ 15535 B00LTO33JQ
B00LTO33Q4 15536 B00LTO33Q4
B00LTO342M 15537 B00LTO342M
B00LTQPB3U 15538 B00LTQPB3U
B00LTTUE70 15539 B00LTTUE70
B00LTZ288C 15540 B00LTZ288C
B00LU5PB0S 15541 B00LU5PB0S
B00LU7K55M 15542 B00LU7K55M
B00LVGP8EA 15543 B00LVGP8EA
B00LVZJW4I 15544 B00LVZJW4I
B00LVZJXM4 15545 B00LVZJXM4
B00LVZK0SK 15546 B00LVZK0SK
B00LVZK1LG 15547 B00LVZK1LG
B00LWB95RU 15548 B00LWB95RU
B00LWJ3OB0 15549 B00LWJ3OB0
B00LWLZVT6 15550 B00LWLZVT6
B00LX26FX0 15551 B00LX26FX0
B00LX26G0M 15552 B00LX26G0M
B00LXGN2L4 15553 B00LXGN2L4
B00LXH2BL0 15554 B00LXH2BL0
B00LY1YLKE 15555 B00LY1YLKE
B00LY1YOGA 15556 B00LY1YOGA
B00LYHXHUI 15557 B00LYHXHUI
B00LYHXI4I 15558 B00LYHXI4I
B00LYHXI84 15559 B00LYHXI84
B00LYY75M2 15560 B00LYY75M2
B00LZQ8I7U 15561 B00LZQ8I7U
B00M0DTYUW 15562 B00M0DTYUW
B00M0GM2NA 15563 B00M0GM2NA
B00M0GM4DS 15564 B00M0GM4DS
B00M0GM4V0 15565 B00M0GM4V0
B00M0GM72Q 15566 B00M0GM72Q
B00M0GMBMC 15567 B00M0GMBMC
B00M0GMC26 15568 B00M0GMC26
B00M0JTTU6 15569 B00M0JTTU6
B00M0JTZVO 15570 B00M0JTZVO
B00M0JU1XU 15571 B00M0JU1XU
B00M0JU3XI 15572 B00M0JU3XI
B00M115F4C 15573 B00M115F4C
B00M1CFRDA 15574 B00M1CFRDA
B00M1CFS34 15575 B00M1CFS34
B00M1CFX4S 15576 B00M1CFX4S
B00M1YSS7K 15577 B00M1YSS7K
B00M24YBXE 15578 B00M24YBXE
B00M25EALG 15579 B00M25EALG
B00M2FFHSG 15580 B00M2FFHSG
B00M2MTCAS 15581 B00M2MTCAS
B00M31VF2G 15582 B00M31VF2G
B00M3O6CSU 15583 B00M3O6CSU
B00M3TK772 15584 B00M3TK772
B00M3TK8ZS 15585 B00M3TK8ZS
B00M482XH4 15586 B00M482XH4
B00M4A93NY 15587 B00M4A93NY
B00M4BCFH4 15588 B00M4BCFH4
B00M4DUT5C 15589 B00M4DUT5C
B00M4KXLCI 15590 B00M4KXLCI
B00M4LP84Q 15591 B00M4LP84Q
B00M6X9ZOQ 15592 B00M6X9ZOQ
B00M6X9ZS2 15593 B00M6X9ZS2
B00M7D805A 15594 B00M7D805A
B00M7D81SQ 15595 B00M7D81SQ
B00M8KBGNU 15596 B00M8KBGNU
B00M9HHGVI 15597 B00M9HHGVI
B00M9W8HRA 15598 B00M9W8HRA
B00MAMZ17S 15599 B00MAMZ17S
B00MARZSW6 15600 B00MARZSW6
B00MBI0B0I 15601 B00MBI0B0I
B00MBNRPT8 15602 B00MBNRPT8
B00MBNYKBY 15603 B00MBNYKBY
B00MBVLD0M 15604 B00MBVLD0M
B00MC4ALZG 15605 B00MC4ALZG
B00MEEVVYO 15606 B00MEEVVYO
B00MEVMU38 15607 B00MEVMU38
B00MEX5VLO 15608 B00MEX5VLO
B00MEXP52Y 15609 B00MEXP52Y
B00MFCPURE 15610 B00MFCPURE
B00MFVHLT0 15611 B00MFVHLT0
B00MGBS4OU 15612 B00MGBS4OU
B00MGBS5PS 15613 B00MGBS5PS
B00MH26N32 15614 B00MH26N32
B00MH26O5Y 15615 B00MH26O5Y
B00MH3XSSO 15616 B00MH3XSSO
B00MH8IV2W 15617 B00MH8IV2W
B00MH9NEQY 15618 B00MH9NEQY
B00MHIKQB6 15619 B00MHIKQB6
B00MHIKRXS 15620 B00MHIKRXS
B00MHNENBA 15621 B00MHNENBA
B00MI56U6S 15622 B00MI56U6S
B00MIA0FH8 15623 B00MIA0FH8
B00MIA0HJE 15624 B00MIA0HJE
B00MIA0JHY 15625 B00MIA0JHY
B00MIA0KM8 15626 B00MIA0KM8
B00MIA0M5I 15627 B00MIA0M5I
B00MIKP00U 15628 B00MIKP00U
B00MJDV0LY 15629 B00MJDV0LY
B00MK1RA4G 15630 B00MK1RA4G
B00MLSJTCE 15631 B00MLSJTCE
B00MMPB62M 15632 B00MMPB62M
B00MMPB66I 15633 B00MMPB66I
B00MN9PPZQ 15634 B00MN9PPZQ
B00MN9PQ0A 15635 B00MN9PQ0A
B00MN9PQ2I 15636 B00MN9PQ2I
B00MN9PQ7I 15637 B00MN9PQ7I
B00MNBTNZC 15638 B00MNBTNZC
B00MNOLCA8 15639 B00MNOLCA8
B00MNOLCLW 15640 B00MNOLCLW
B00MO21VC8 15641 B00MO21VC8
B00MO21W2W 15642 B00MO21W2W
B00MO21WAY 15643 B00MO21WAY
B00MOUF4G4 15644 B00MOUF4G4
B00MP2FFL0 15645 B00MP2FFL0
B00MP2FKLU 15646 B00MP2FKLU
B00MP2FRT0 15647 B00MP2FRT0
B00MP2FS94 15648 B00MP2FS94
B00MP2G2R6 15649 B00MP2G2R6
B00MQI46RW 15650 B00MQI46RW
B00MQVSD7I 15651 B00MQVSD7I
B00MQVSEZE 15652 B00MQVSEZE
B00MRDW4H0 15653 B00MRDW4H0
B00MRNSZZA 15654 B00MRNSZZA
B00MS02GIY 15655 B00MS02GIY
B00MU1YE40 15656 B00MU1YE40
B00MU1YEJK 15657 B00MU1YEJK
B00MU1YEWW 15658 B00MU1YEWW
B00MU1YEY0 15659 B00MU1YEY0
B00MUNSV3S 15660 B00MUNSV3S
B00MUR3JEA 15661 B00MUR3JEA
B00MV55HNC 15662 B00MV55HNC
B00MW0CI0G 15663 B00MW0CI0G
B00MWECMZS 15664 B00MWECMZS
B00MWP7086 15665 B00MWP7086
B00MWP70SG 15666 B00MWP70SG
B00MWP723Y 15667 B00MWP723Y
B00MX3B0CE 15668 B00MX3B0CE
B00MX3EM7E 15669 B00MX3EM7E
B00MXYG3M0 15670 B00MXYG3M0
B00MY498QW 15671 B00MY498QW
B00MZ3VQKS 15672 B00MZ3VQKS
B00MZ3VRX4 15673 B00MZ3VRX4
B00MZ3X908 15674 B00MZ3X908
B00N1JPZM0 15675 B00N1JPZM0
B00N1JQ0N8 15676 B00N1JQ0N8
B00N1JQ18W 15677 B00N1JQ18W
B00N1JQ1IM 15678 B00N1JQ1IM
B00N1JQ2I6 15679 B00N1JQ2I6
B00N1JQ39O 15680 B00N1JQ39O
B00N1JQ3UI 15681 B00N1JQ3UI
B00N1W3WNG 15682 B00N1W3WNG
B00N3FGZP8 15683 B00N3FGZP8
B00N3FMXEA 15684 B00N3FMXEA
B00N3N6EBK 15685 B00N3N6EBK
B00N46CU2I 15686 B00N46CU2I
B00N4W4YNA 15687 B00N4W4YNA
B00N5AICVQ 15688 B00N5AICVQ
B00N5B5B3M 15689 B00N5B5B3M
B00N6ZVQ18 15690 B00N6ZVQ18
B00N83WZ9A 15691 B00N83WZ9A
B00N83X12U 15692 B00N83X12U
B00N83X2JC 15693 B00N83X2JC
B00N8JIGT2 15694 B00N8JIGT2
B00N8JIHC8 15695 B00N8JIHC8
B00N9HNVZC 15696 B00N9HNVZC
B00N9QM6N6 15697 B00N9QM6N6
B00NALHK8Q 15698 B00NALHK8Q
B00NAQ3EOK 15699 B00NAQ3EOK
B00NARLNGK 15700 B00NARLNGK
B00NARLPEK 15701 B00NARLPEK
B00NARLV8K 15702 B00NARLV8K
B00NARLVTY 15703 B00NARLVTY
B00NB0OTWQ 15704 B00NB0OTWQ
B00NC61CSS 15705 B00NC61CSS
B00NC9TTKI 15706 B00NC9TTKI
B00NCDVVLY 15707 B00NCDVVLY
B00NES1EHS 15708 B00NES1EHS
B00NFJMLUU 15709 B00NFJMLUU
B00NFYCJNY 15710 B00NFYCJNY
B00NG3X9OW 15711 B00NG3X9OW
B00NGAJ980 15712 B00NGAJ980
B00NGAJCVO 15713 B00NGAJCVO
B00NGAJH0K 15714 B00NGAJH0K
B00NGAJHF0 15715 B00NGAJHF0
B00NGAJJGC 15716 B00NGAJJGC
B00NGL7IY6 15717 B00NGL7IY6
B00NGL7J68 15718 B00NGL7J68
B00NGL7JK4 15719 B00NGL7JK4
B00NH0MC4W 15720 B00NH0MC4W
B00NH89D6E 15721 B00NH89D6E
B00NHG1D96 15722 B00NHG1D96
B00NHVC0YS 15723 B00NHVC0YS
B00NI4DOW6 15724 B00NI4DOW6
B00NIZI9XY 15725 B00NIZI9XY
B00NJ4QG4I 15726 B00NJ4QG4I
B00NJ4RGFG 15727 B00NJ4RGFG
B00NJ4S3EY 15728 B00NJ4S3EY
B00NJ4U5U4 15729 B00NJ4U5U4
B00NJ4UZI6 15730 B00NJ4UZI6
B00NKHC5RQ 15731 B00NKHC5RQ
B00NLZA9HK 15732 B00NLZA9HK
B00NMF8SEK 15733 B00NMF8SEK
B00NMJQKEG 15734 B00NMJQKEG
B00NMUCHNS 15735 B00NMUCHNS
B00NNQJKG8 15736 B00NNQJKG8
B00NO834N0 15737 B00NO834N0
B00NP06CCW 15738 B00NP06CCW
B00NP06DJE 15739 B00NP06DJE
B00NPHD5KC 15740 B00NPHD5KC
B00NPHDBUQ 15741 B00NPHDBUQ
B00NPSXQDM 15742 B00NPSXQDM
B00NQE6X3A 15743 B00NQE6X3A
B00NT6NGT4 15744 B00NT6NGT4
B00NT71BNQ 15745 B00NT71BNQ
B00NTNY7SQ 15746 B00NTNY7SQ
B00NTWTWDW 15747 B00NTWTWDW
B00NU6CP0Y 15748 B00NU6CP0Y
B00NUNILZK 15749 B00NUNILZK
B00NV6K02S 15750 B00NV6K02S
B00NVDYMBG 15751 B00NVDYMBG
B00NVJ1CE0 15752 B00NVJ1CE0
B00NVJ1J48 15753 B00NVJ1J48
B00NVY8V0I 15754 B00NVY8V0I
B00NW6KRMA 15755 B00NW6KRMA
B00NW6KRZM 15756 B00NW6KRZM
B00NW6KTFK 15757 B00NW6KTFK
B00NWIFYWG 15758 B00NWIFYWG
B00NWIFZ02 15759 B00NWIFZ02
B00NWKWA58 15760 B00NWKWA58
B00NX18OE2 15761 B00NX18OE2
B00NXJKTUG 15762 B00NXJKTUG
B00NXLLYQ2 15763 B00NXLLYQ2
B00NXR1EEI 15764 B00NXR1EEI
B00NXRG75E 15765 B00NXRG75E
B00NY9ATQ4 15766 B00NY9ATQ4
B00NYC4PNO 15767 B00NYC4PNO
B00NYC65M8 15768 B00NYC65M8
B00NYC7PG8 15769 B00NYC7PG8
B00O0292FI 15770 B00O0292FI
B00O0MBPOO 15771 B00O0MBPOO
B00O1D37NO 15772 B00O1D37NO
B00O1D3AX6 15773 B00O1D3AX6
B00O1D3BZ8 15774 B00O1D3BZ8
B00O1D3C02 15775 B00O1D3C02
B00O1D3C1G 15776 B00O1D3C1G
B00O1D3C2K 15777 B00O1D3C2K
B00O1D3C3E 15778 B00O1D3C3E
B00O1D3C66 15779 B00O1D3C66
B00O1D3C6Q 15780 B00O1D3C6Q
B00O20UHDO 15781 B00O20UHDO
B00O28CD6A 15782 B00O28CD6A
B00O2IZPD8 15783 B00O2IZPD8
B00O2MRX6G 15784 B00O2MRX6G
B00O2QWDY4 15785 B00O2QWDY4
B00O2QWG28 15786 B00O2QWG28
B00O2YPMNK 15787 B00O2YPMNK
B00O3UBDQ8 15788 B00O3UBDQ8
B00O4CTSD0 15789 B00O4CTSD0
B00O4CTSHG 15790 B00O4CTSHG
B00O4CWP7G 15791 B00O4CWP7G
B00O4QT01Q 15792 B00O4QT01Q
B00O4UN5YK 15793 B00O4UN5YK
B00O4UN8VU 15794 B00O4UN8VU
B00O4ZC57I 15795 B00O4ZC57I
B00O4ZC5A0 15796 B00O4ZC5A0
B00O5A094S 15797 B00O5A094S
B00O5A099S 15798 B00O5A099S
B00O5AJRAU 15799 B00O5AJRAU
B00O5GZ6OA 15800 B00O5GZ6OA
B00O5GZ8F2 15801 B00O5GZ8F2
B00O7LYMIO 15802 B00O7LYMIO
B00O7LYUXQ 15803 B00O7LYUXQ
B00O83UNZM 15804 B00O83UNZM
B00O83UPAK 15805 B00O83UPAK
B00O83UQ54 15806 B00O83UQ54
B00O8BC17M 15807 B00O8BC17M
B00O8J0LJ4 15808 B00O8J0LJ4
B00O8RSFOE 15809 B00O8RSFOE
B00O97HZ3A 15810 B00O97HZ3A
B00O9ZSK9A 15811 B00O9ZSK9A
B00O9ZSKIQ 15812 B00O9ZSKIQ
B00O9ZSKP4 15813 B00O9ZSKP4
B00OAIHHRC 15814 B00OAIHHRC
B00OAIHIQC 15815 B00OAIHIQC
B00OBIA3KE 15816 B00OBIA3KE
B00OBIBCXQ 15817 B00OBIBCXQ
B00OBQ9PDC 15818 B00OBQ9PDC
B00OC6LO7Q 15819 B00OC6LO7Q
B00OFUEY12 15820 B00OFUEY12
B00OGD8PX6 15821 B00OGD8PX6
B00OGL6S64 15822 B00OGL6S64
B00OGQUAU4 15823 B00OGQUAU4
B00OGT2UFE 15824 B00OGT2UFE
B00OGWB2UK 15825 B00OGWB2UK
B00OHLR3QM 15826 B00OHLR3QM
B00OHLR4JS 15827 B00OHLR4JS
B00OHLR6QY 15828 B00OHLR6QY
B00OHLRC68 15829 B00OHLRC68
B00OHNEL60 15830 B00OHNEL60
B00OIASPZK 15831 B00OIASPZK
B00OIKJK4U 15832 B00OIKJK4U
B00OJ0X41E 15833 B00OJ0X41E
B00OJMC8TQ 15834 B00OJMC8TQ
B00OKB80KW 15835 B00OKB80KW
B00OL007TE 15836 B00OL007TE
B00OLIIFOA 15837 B00OLIIFOA
B00OMCCI8Y 15838 B00OMCCI8Y
B00ON0JIKG 15839 B00ON0JIKG
B00OPCF3EW 15840 B00OPCF3EW
B00OPMFLT4 15841 B00OPMFLT4
B00OPNQ66K 15842 B00OPNQ66K
B00OQRU9FY 15843 B00OQRU9FY
B00OQRU9ZY 15844 B00OQRU9ZY
B00OQRUACQ 15845 B00OQRUACQ
B00OQRUAO4 15846 B00OQRUAO4
B00OQUZQZO 15847 B00OQUZQZO
B00OTADCSE 15848 B00OTADCSE
B00OTR96J6 15849 B00OTR96J6
B00OU2GO36 15850 B00OU2GO36
B00OU2GO8Q 15851 B00OU2GO8Q
B00OU4MORY 15852 B00OU4MORY
B00OU4MP0K 15853 B00OU4MP0K
B00OU4MTOC 15854 B00OU4MTOC
B00OU4MUD2 15855 B00OU4MUD2
B00OUF232O 15856 B00OUF232O
B00OV3VGP0 15857 B00OV3VGP0
B00OWGP47C 15858 B00OWGP47C
B00OY7YOZ2 15859 B00OY7YOZ2
B00OYSZP5E 15860 B00OYSZP5E
B00OYT0ZM6 15861 B00OYT0ZM6
B00OZJ2Y38 15862 B00OZJ2Y38
B00OZKI1PC 15863 B00OZKI1PC
B00OZKI28S 15864 B00OZKI28S
B00OZOIETQ 15865 B00OZOIETQ
B00OZYEM9C 15866 B00OZYEM9C
B00P11J4LY 15867 B00P11J4LY
B00P16DFEQ 15868 B00P16DFEQ
B00P1NG32A 15869 B00P1NG32A
B00P1WGHLI 15870 B00P1WGHLI
B00P2967RE 15871 B00P2967RE
B00P2G1O4S 15872 B00P2G1O4S
B00P2LVW9K 15873 B00P2LVW9K
B00P2S21W0 15874 B00P2S21W0
B00P2ZEFCC 15875 B00P2ZEFCC
B00P6VLL0G 15876 B00P6VLL0G
B00P7RWOF0 15877 B00P7RWOF0
B00P826P1I 15878 B00P826P1I
B00P8KD29I 15879 B00P8KD29I
B00P8RUO6U 15880 B00P8RUO6U
B00P93XOX8 15881 B00P93XOX8
B00P9UVC0I 15882 B00P9UVC0I
B00P9UVDDE 15883 B00P9UVDDE
B00PBE2H6U 15884 B00PBE2H6U
B00PC1FD9U 15885 B00PC1FD9U
B00PFRFXB4 15886 B00PFRFXB4
B00PG3NWJ2 15887 B00PG3NWJ2
B00PGTNA52 15888 B00PGTNA52
B00PH1H6TK 15889 B00PH1H6TK
B00PHD691Y 15890 B00PHD691Y
B00PHGTRCE 15891 B00PHGTRCE
B00PHK6KQG 15892 B00PHK6KQG
B00PHL8VQW 15893 B00PHL8VQW
B00PHSDS0E 15894 B00PHSDS0E
B00PIVKB0U 15895 B00PIVKB0U
B00PK7HXDU 15896 B00PK7HXDU
B00PKPGLOY 15897 B00PKPGLOY
B00PKPGMKC 15898 B00PKPGMKC
B00PLEF4XS 15899 B00PLEF4XS
B00PM3MDGO 15900 B00PM3MDGO
B00PMCYZ1G 15901 B00PMCYZ1G
B00PMDSVTM 15902 B00PMDSVTM
B00POBKLNG 15903 B00POBKLNG
B00PPJHI7E 15904 B00PPJHI7E
B00PSLIQ9I 15905 B00PSLIQ9I
B00PULRC0U 15906 B00PULRC0U
B00PULRDJU 15907 B00PULRDJU
B00PULRH2S 15908 B00PULRH2S
B00PUXTO90 15909 B00PUXTO90
B00PV09C3U 15910 B00PV09C3U
B00PV09C6M 15911 B00PV09C6M
B00PV09C7G 15912 B00PV09C7G
B00PX6YPG6 15913 B00PX6YPG6
B00PY4Q9OS 15914 B00PY4Q9OS
B00PYAE2M8 15915 B00PYAE2M8
B00PZX2CT4 15916 B00PZX2CT4
B00Q0G2VXM 15917 B00Q0G2VXM
B00Q2OQNCM 15918 B00Q2OQNCM
B00Q2WGOAA 15919 B00Q2WGOAA
B00Q3F0GG4 15920 B00Q3F0GG4
B00Q4MRSLM 15921 B00Q4MRSLM
B00Q4PAEQ0 15922 B00Q4PAEQ0
B00Q4VPZJU 15923 B00Q4VPZJU
B00Q56TN8I 15924 B00Q56TN8I
B00Q5998BM 15925 B00Q5998BM
B00Q5LAH2E 15926 B00Q5LAH2E
B00Q5NNMEW 15927 B00Q5NNMEW
B00Q6Z16F6 15928 B00Q6Z16F6
B00Q7DWUDY 15929 B00Q7DWUDY
B00Q7LS3C8 15930 B00Q7LS3C8
B00Q7WBGHG 15931 B00Q7WBGHG
B00Q8KCS60 15932 B00Q8KCS60
B00QFUG0YO 15933 B00QFUG0YO
B00QG6IDJC 15934 B00QG6IDJC
B00QGQFOHG 15935 B00QGQFOHG
B00QHIRRSC 15936 B00QHIRRSC
B00QJ9C7B6 15937 B00QJ9C7B6
B00QJ9N1N4 15938 B00QJ9N1N4
B00QJ9N1VQ 15939 B00QJ9N1VQ
B00QJAZ4MY 15940 B00QJAZ4MY
B00QJAZ514 15941 B00QJAZ514
B00QJN33II 15942 B00QJN33II
B00QJN33Q0 15943 B00QJN33Q0
B00QJN34R8 15944 B00QJN34R8
B00QJN34VE 15945 B00QJN34VE
B00QK4ANEI 15946 B00QK4ANEI
B00QKOKS8O 15947 B00QKOKS8O
B00QKS2DP6 15948 B00QKS2DP6
B00QMSP4KK 15949 B00QMSP4KK
B00QMSP504 15950 B00QMSP504
B00QMV2TBO 15951 B00QMV2TBO
B00QMWEIQ2 15952 B00QMWEIQ2
B00QMX8RJA 15953 B00QMX8RJA
B00QNYZ9C6 15954 B00QNYZ9C6
B00QRPZEVW 15955 B00QRPZEVW
B00QSHWYWQ 15956 B00QSHWYWQ
B00QSHWZNE 15957 B00QSHWZNE
B00QSO7VD6 15958 B00QSO7VD6
B00QSRL3X2 15959 B00QSRL3X2
B00QT4VBTU 15960 B00QT4VBTU
B00QT4VDC0 15961 B00QT4VDC0
B00QT4VDSO 15962 B00QT4VDSO
B00QTG2KY8 15963 B00QTG2KY8
B00QTKCP58 15964 B00QTKCP58
B00QTKCPOE 15965 B00QTKCPOE
B00QU8E3WM 15966 B00QU8E3WM
B00QUFHTMQ 15967 B00QUFHTMQ
B00QUFHWMS 15968 B00QUFHWMS
B00QXA0TNE 15969 B00QXA0TNE
B00QXIIZ3W 15970 B00QXIIZ3W
B00QYR398S 15971 B00QYR398S
B00QYZJ826 15972 B00QYZJ826
B00R041BAW 15973 B00R041BAW
B00R041BVQ 15974 B00R041BVQ
B00R041CT2 15975 B00R041CT2
B00R041DB4 15976 B00R041DB4
B00R041EXQ 15977 B00R041EXQ
B00R041FXA 15978 B00R041FXA
B00R3LIB0A 15979 B00R3LIB0A
B00R3MU8XM 15980 B00R3MU8XM
B00R3SYKSU 15981 B00R3SYKSU
B00R4SM4LY 15982 B00R4SM4LY
B00R55U120 15983 B00R55U120
B00R5YGP08 15984 B00R5YGP08
B00R6HLE1O 15985 B00R6HLE1O
B00R7ECEP6 15986 B00R7ECEP6
B00R7ECUGE 15987 B00R7ECUGE
B00R8GUXPG 15988 B00R8GUXPG
B00R8HWMEU 15989 B00R8HWMEU
B00R8ILF06 15990 B00R8ILF06
B00R8KIJ3U 15991 B00R8KIJ3U
B00RC16SCO 15992 B00RC16SCO
B00RCPFF06 15993 B00RCPFF06
B00RD6DZL0 15994 B00RD6DZL0
B00RDCKLHA 15995 B00RDCKLHA
B00RDEIRB0 15996 B00RDEIRB0
B00RDEITYU 15997 B00RDEITYU
B00RDTK43E 15998 B00RDTK43E
B00RDTK452 15999 B00RDTK452
B00RDZMVOS 16000 B00RDZMVOS
B00REG9FDQ 16001 B00REG9FDQ
B00REG9GEE 16002 B00REG9GEE
B00REK1ZJO 16003 B00REK1ZJO
B00RFG73IY 16004 B00RFG73IY
B00RFG788E 16005 B00RFG788E
B00RJXKUOM 16006 B00RJXKUOM
B00RLK36FI 16007 B00RLK36FI
B00RNELG5E 16008 B00RNELG5E
B00RQJPNFU 16009 B00RQJPNFU
B00RTKEFSC 16010 B00RTKEFSC
B00RUT3DWG 16011 B00RUT3DWG
B00RW8SHJE 16012 B00RW8SHJE
B00RWKN7O2 16013 B00RWKN7O2
B00RY3N7S8 16014 B00RY3N7S8
B00RYZFNZG 16015 B00RYZFNZG
B00RZ9EOPG 16016 B00RZ9EOPG
B00RZHDE04 16017 B00RZHDE04
B00S0DW2KU 16018 B00S0DW2KU
B00S0DW2RI 16019 B00S0DW2RI
B00S16H0DA 16020 B00S16H0DA
B00S1ITA2W 16021 B00S1ITA2W
B00S1VJRJU 16022 B00S1VJRJU
B00S1VR5UI 16023 B00S1VR5UI
B00S1VR6C0 16024 B00S1VR6C0
B00S2LSA5G 16025 B00S2LSA5G
B00S4YGUGM 16026 B00S4YGUGM
B00S4YGWAQ 16027 B00S4YGWAQ
B00S4YGWLA 16028 B00S4YGWLA
B00S58LN8C 16029 B00S58LN8C
B00S6MBEC2 16030 B00S6MBEC2
B00S6MBGY8 16031 B00S6MBGY8
B00S7AS0J8 16032 B00S7AS0J8
B00S80X0C4 16033 B00S80X0C4
B00S89IAWU 16034 B00S89IAWU
B00S89IJX0 16035 B00S89IJX0
B00S89IOPS 16036 B00S89IOPS
B00S89IPBG 16037 B00S89IPBG
B00S89IVTM 16038 B00S89IVTM
B00S8ONLYM 16039 B00S8ONLYM
B00S8ONMKA 16040 B00S8ONMKA
B00S8XJJP8 16041 B00S8XJJP8
B00S90X97Y 16042 B00S90X97Y
B00S9S12R0 16043 B00S9S12R0
B00S9U3TU6 16044 B00S9U3TU6
B00S9XHJ86 16045 B00S9XHJ86
B00SADQOEU 16046 B00SADQOEU
B00SB9SL3A 16047 B00SB9SL3A
B00SB9Y6KW 16048 B00SB9Y6KW
B00SC8KTHG 16049 B00SC8KTHG
B00SDB0EDG 16050 B00SDB0EDG
B00SDB0HNI 16051 B00SDB0HNI
B00SFRHKAI 16052 B00SFRHKAI
B00SG16TIC 16053 B00SG16TIC
B00SH0513Q 16054 B00SH0513Q
B00SHEOWTQ 16055 B00SHEOWTQ
B00SHEOXJ0 16056 B00SHEOXJ0
B00SHEP9WA 16057 B00SHEP9WA
B00SHJLVWM 16058 B00SHJLVWM
B00SIHK138 16059 B00SIHK138
B00SIHK22I 16060 B00SIHK22I
B00SJC9WV4 16061 B00SJC9WV4
B00SJFCL78 16062 B00SJFCL78
B00SJFG6HE 16063 B00SJFG6HE
B00SJFG6L0 16064 B00SJFG6L0
B00SJFL40S 16065 B00SJFL40S
B00SJFV6NI 16066 B00SJFV6NI
B00SJFV6U6 16067 B00SJFV6U6
B00SKEQZ52 16068 B00SKEQZ52
B00SLH734K 16069 B00SLH734K
B00SNPXCYK 16070 B00SNPXCYK
B00SPWRSU0 16071 B00SPWRSU0
B00ST5TC4S 16072 B00ST5TC4S
B00STKR50Q 16073 B00STKR50Q
B00STY5J82 16074 B00STY5J82
B00SU1DDVY 16075 B00SU1DDVY
B00SU2UXUW 16076 B00SU2UXUW
B00SV06VLS 16077 B00SV06VLS
B00SVTE0NA 16078 B00SVTE0NA
B00SWFM7W4 16079 B00SWFM7W4
B00SWFMB8O 16080 B00SWFMB8O
B00SXFIHIG 16081 B00SXFIHIG
B00SYNSNHW 16082 B00SYNSNHW
B00SYX6J2I 16083 B00SYX6J2I
B00SZLEL2Y 16084 B00SZLEL2Y
B00T3IKKR8 16085 B00T3IKKR8
B00T3IKPSM 16086 B00T3IKPSM
B00T3IKQM2 16087 B00T3IKQM2
B00T4LLJUG 16088 B00T4LLJUG
B00T4LLSDO 16089 B00T4LLSDO
B00T5D4LB2 16090 B00T5D4LB2
B00T5D4M2U 16091 B00T5D4M2U
B00T5DYVJE 16092 B00T5DYVJE
B00T6KIL2E 16093 B00T6KIL2E
B00T6KIMR8 16094 B00T6KIMR8
B00T6KINS6 16095 B00T6KINS6
B00T6KIORG 16096 B00T6KIORG
B00T6KIPO8 16097 B00T6KIPO8
B00T6QIZ7O 16098 B00T6QIZ7O
B00T73APGA 16099 B00T73APGA
B00T73AQJG 16100 B00T73AQJG
B00T73AUUG 16101 B00T73AUUG
B00T73AVIC 16102 B00T73AVIC
B00T7Z5QAI 16103 B00T7Z5QAI
B00T83TLTQ 16104 B00T83TLTQ
B00T86J0UI 16105 B00T86J0UI
B00T9G67TO 16106 B00T9G67TO
B00TB6JUCI 16107 B00TB6JUCI
B00TE22Z26 16108 B00TE22Z26
B00TEBVLM2 16109 B00TEBVLM2
B00TEC7H9M 16110 B00TEC7H9M
B00TEC7IEG 16111 B00TEC7IEG
B00TEC7J22 16112 B00TEC7J22
B00TEC7K62 16113 B00TEC7K62
B00TEYPUIK 16114 B00TEYPUIK
B00TF7KYXC 16115 B00TF7KYXC
B00TFGRY4U 16116 B00TFGRY4U
B00TFOKI7M 16117 B00TFOKI7M
B00TFOKJ8A 16118 B00TFOKJ8A
B00TFSYSN8 16119 B00TFSYSN8
B00TGCIH0I 16120 B00TGCIH0I
B00TGF9GGO 16121 B00TGF9GGO
B00TGGMK98 16122 B00TGGMK98
B00TGJ1AJG 16123 B00TGJ1AJG
B00TGNLUSI 16124 B00TGNLUSI
B00TH87RPM 16125 B00TH87RPM
B00THZJ5PK 16126 B00THZJ5PK
B00TI5RQL4 16127 B00TI5RQL4
B00TJ14IBI 16128 B00TJ14IBI
B00TJ30A04 16129 B00TJ30A04
B00TJFXH02 16130 B00TJFXH02
B00TJRZAA0 16131 B00TJRZAA0
B00TKIJGDA 16132 B00TKIJGDA
B00TL6QUV2 16133 B00TL6QUV2
B00TPL8DF4 16134 B00TPL8DF4
B00TPL8DXQ 16135 B00TPL8DXQ
B00TPN7EES 16136 B00TPN7EES
B00TPN7ET8 16137 B00TPN7ET8
B00TQ4PBBO 16138 B00TQ4PBBO
B00TQGGH10 16139 B00TQGGH10
B00TRAO72G 16140 B00TRAO72G
B00TRAO7EE 16141 B00TRAO7EE
B00TRAO7UI 16142 B00TRAO7UI
B00TRAO8VQ 16143 B00TRAO8VQ
B00TRK0ODC 16144 B00TRK0ODC
B00TSI10YA 16145 B00TSI10YA
B00TV6BLVQ 16146 B00TV6BLVQ
B00TY0W7TY 16147 B00TY0W7TY
B00TYJDQ54 16148 B00TYJDQ54
B00TYZ3662 16149 B00TYZ3662
B00TZF2GUI 16150 B00TZF2GUI
B00TZF2JTG 16151 B00TZF2JTG
B00TZF2N9C 16152 B00TZF2N9C
B00TZF2NHO 16153 B00TZF2NHO
B00U0NA94E 16154 B00U0NA94E
B00U0R1RGE 16155 B00U0R1RGE
B00U1QGJBM 16156 B00U1QGJBM
B00U34EBM6 16157 B00U34EBM6
B00U38W0X4 16158 B00U38W0X4
B00U3UKXSG 16159 B00U3UKXSG
B00U7DLSVK 16160 B00U7DLSVK
B00U7M7UPY 16161 B00U7M7UPY
B00U8BDQPC 16162 B00U8BDQPC
B00UA00GNG 16163 B00UA00GNG
B00UA86G5U 16164 B00UA86G5U
B00UAJ6X6G 16165 B00UAJ6X6G
B00UARSZXC 16166 B00UARSZXC
B00UB2MTM4 16167 B00UB2MTM4
B00UB76QKA 16168 B00UB76QKA
B00UB76R9U 16169 B00UB76R9U
B00UB7Z6MO 16170 B00UB7Z6MO
B00UBZLI00 16171 B00UBZLI00
B00UBZLLZC 16172 B00UBZLLZC
B00UCADTZ6 16173 B00UCADTZ6
B00UCFVHC8 16174 B00UCFVHC8
B00UCJ6TPE 16175 B00UCJ6TPE
B00UEM9TY2 16176 B00UEM9TY2
B00UGPEWFI 16177 B00UGPEWFI
B00UGPFQHG 16178 B00UGPFQHG
B00UGPIKL0 16179 B00UGPIKL0
B00UGPNK6A 16180 B00UGPNK6A
B00UGPQXFA 16181 B00UGPQXFA
B00UGPR9N0 16182 B00UGPR9N0
B00UGPTP1Y 16183 B00UGPTP1Y
B00UHAJ1AI 16184 B00UHAJ1AI
B00UHAJ24S 16185 B00UHAJ24S
B00UHJ7J8U 16186 B00UHJ7J8U
B00UI5CU6Y 16187 B00UI5CU6Y
B00UIDS0W4 16188 B00UIDS0W4
B00UITXJZQ 16189 B00UITXJZQ
B00UITXK8M 16190 B00UITXK8M
B00UITXKTG 16191 B00UITXKTG
B00UJH1UW6 16192 B00UJH1UW6
B00UJZQF5A 16193 B00UJZQF5A
B00UKSXN60 16194 B00UKSXN60
B00UL9050A 16195 B00UL9050A
B00UMDEVIC 16196 B00UMDEVIC
B00UMDF01Y 16197 B00UMDF01Y
B00UMDF1YA 16198 B00UMDF1YA
B00UMDF51E 16199 B00UMDF51E
B00UMDF5UA 16200 B00UMDF5UA
B00UMDF6J0 16201 B00UMDF6J0
B00UN7FHCG 16202 B00UN7FHCG
B00UNEIZHS 16203 B00UNEIZHS
B00UNEJ8DI 16204 B00UNEJ8DI
B00UNONQSQ 16205 B00UNONQSQ
B00UOB45DI 16206 B00UOB45DI
B00UOB45SS 16207 B00UOB45SS
B00UOW29C6 16208 B00UOW29C6
B00UOYITZU 16209 B00UOYITZU
B00UQW1GFU 16210 B00UQW1GFU
B00UQW1I4E 16211 B00UQW1I4E
B00URJFYEG 16212 B00URJFYEG
B00USBLX8Y 16213 B00USBLX8Y
B00UT57BFS 16214 B00UT57BFS
B00UU0B5WC 16215 B00UU0B5WC
B00UUOV8D4 16216 B00UUOV8D4
B00UUOVQ5Y 16217 B00UUOVQ5Y
B00UXVS18Y 16218 B00UXVS18Y
B00UXXSWVI 16219 B00UXXSWVI
B00UZJO7UA 16220 B00UZJO7UA
B00V0CLVN2 16221 B00V0CLVN2
B00V42YNLA 16222 B00V42YNLA
B00V5JEJ1Q 16223 B00V5JEJ1Q
B00V950K3C 16224 B00V950K3C
B00VA32GHQ 16225 B00VA32GHQ
B00VAVNN5W 16226 B00VAVNN5W
B00VBPX4V0 16227 B00VBPX4V0
B00VC1YFFM 16228 B00VC1YFFM
B00VE6OXSY 16229 B00VE6OXSY
B00VFVIJFG 16230 B00VFVIJFG
B00VG3O31M 16231 B00VG3O31M
B00VG3OB3W 16232 B00VG3OB3W
B00VGQJLDO 16233 B00VGQJLDO
B00VGXABLI 16234 B00VGXABLI
B00VGXKNTS 16235 B00VGXKNTS
B00VHAG0NI 16236 B00VHAG0NI
B00VHAG1O6 16237 B00VHAG1O6
B00VJIIOSC 16238 B00VJIIOSC
B00VK09FMI 16239 B00VK09FMI
B00VKEWZQ2 16240 B00VKEWZQ2
B00VKX6V9U 16241 B00VKX6V9U
B00VKX6VWC 16242 B00VKX6VWC
B00VKYKY7E 16243 B00VKYKY7E
B00VMIWA3O 16244 B00VMIWA3O
B00VNQWT0Y 16245 B00VNQWT0Y
B00VNQWUB2 16246 B00VNQWUB2
B00VNQWWXI 16247 B00VNQWWXI
B00VNX5S96 16248 B00VNX5S96
B00VRRVHGQ 16249 B00VRRVHGQ
B00VRRVHMA 16250 B00VRRVHMA
B00VSBYH40 16251 B00VSBYH40
B00VSE0IMM 16252 B00VSE0IMM
B00VSG3MSC 16253 B00VSG3MSC
B00VSHC4EE 16254 B00VSHC4EE
B00VSKT1V0 16255 B00VSKT1V0
B00VTDQK9M 16256 B00VTDQK9M
B00VTDQT1Q 16257 B00VTDQT1Q
B00VU4YPR4 16258 B00VU4YPR4
B00VUK505O 16259 B00VUK505O
B00VW70MGW 16260 B00VW70MGW
B00VX21UL2 16261 B00VX21UL2
B00VX21ZWG 16262 B00VX21ZWG
B00VX2200C 16263 B00VX2200C
B00VX2208Y 16264 B00VX2208Y
B00VX223UY 16265 B00VX223UY
B00VXV65RW 16266 B00VXV65RW
B00W195VZC 16267 B00W195VZC
B00W1LAT6G 16268 B00W1LAT6G
B00W1LATOS 16269 B00W1LATOS
B00W1XYVWW 16270 B00W1XYVWW
B00W3JQXUM 16271 B00W3JQXUM
B00W3XNNE2 16272 B00W3XNNE2
B00W43AF10 16273 B00W43AF10
B00W5JQ3FU 16274 B00W5JQ3FU
B00W605FDO 16275 B00W605FDO
B00W69F3DC 16276 B00W69F3DC
B00W7AGH4Y 16277 B00W7AGH4Y
B00W7AHCXE 16278 B00W7AHCXE
B00W85TAHE 16279 B00W85TAHE
B00WAJ8PA6 16280 B00WAJ8PA6
B00WAJ8RBI 16281 B00WAJ8RBI
B00WAZHRQ8 16282 B00WAZHRQ8
B00WAZHS0I 16283 B00WAZHS0I
B00WBJSO3S 16284 B00WBJSO3S
B00WCCYBYK 16285 B00WCCYBYK
B00WDQNYUM 16286 B00WDQNYUM
B00WEPI5WY 16287 B00WEPI5WY
B00WF9LL7A 16288 B00WF9LL7A
B00WFDJ5WO 16289 B00WFDJ5WO
B00WFN0Y4W 16290 B00WFN0Y4W
B00WFN4MJK 16291 B00WFN4MJK
B00WGUWDVG 16292 B00WGUWDVG
B00WHZZAP6 16293 B00WHZZAP6
B00WICYRIY 16294 B00WICYRIY
B00WKZO3CO 16295 B00WKZO3CO
B00WNBABVC 16296 B00WNBABVC
B00WQT2R0Y 16297 B00WQT2R0Y
B00WQT3UMI 16298 B00WQT3UMI
B00WR531SY 16299 B00WR531SY
B00WRNGTRG 16300 B00WRNGTRG
B00WS8R2M6 16301 B00WS8R2M6
B00WSJL4JC 16302 B00WSJL4JC
B00WSSC6E0 16303 B00WSSC6E0
B00WTGP3SM 16304 B00WTGP3SM
B00WU5B494 16305 B00WU5B494
B00WV7TN80 16306 B00WV7TN80
B00WV7TNEE 16307 B00WV7TNEE
B00WV7TOCU 16308 B00WV7TOCU
B00WV7TOPC 16309 B00WV7TOPC
B00WVMMGH0 16310 B00WVMMGH0
B00WY8IVAW 16311 B00WY8IVAW
B00WZNQTEG 16312 B00WZNQTEG
B00X3DC6Y4 16313 B00X3DC6Y4
B00X3DC702 16314 B00X3DC702
B00X3DC7ES 16315 B00X3DC7ES
B00X3DC7KW 16316 B00X3DC7KW
B00X3DC80G 16317 B00X3DC80G
B00X3PSKEC 16318 B00X3PSKEC
B00X4TV9RC 16319 B00X4TV9RC
B00X5RLY1E 16320 B00X5RLY1E
B00X5RLYR8 16321 B00X5RLYR8
B00X5UIYPK 16322 B00X5UIYPK
B00X5ZSONM 16323 B00X5ZSONM
B00X6IQYPI 16324 B00X6IQYPI
B00X797L62 16325 B00X797L62
B00X797LUS 16326 B00X797LUS
B00X797NJW 16327 B00X797NJW
B00X797NTW 16328 B00X797NTW
B00X7HEIB0 16329 B00X7HEIB0
B00X7SIALI 16330 B00X7SIALI
B00X8RONBO 16331 B00X8RONBO
B00X8RONG4 16332 B00X8RONG4
B00X8SRUPO 16333 B00X8SRUPO
B00X99RMNW 16334 B00X99RMNW
B00X99RMUU 16335 B00X99RMUU
B00XBL0J6U 16336 B00XBL0J6U
B00XDBMB4Q 16337 B00XDBMB4Q
B00XDBMBAK 16338 B00XDBMBAK
B00XDBMBRI 16339 B00XDBMBRI
B00XHZQAAY 16340 B00XHZQAAY
B00XIF8GF0 16341 B00XIF8GF0
B00XIXGQ6S 16342 B00XIXGQ6S
B00XJ8HAHG 16343 B00XJ8HAHG
B00XJJGRRO 16344 B00XJJGRRO
B00XK9B070 16345 B00XK9B070
B00XKJFVDE 16346 B00XKJFVDE
B00XLTWSGG 16347 B00XLTWSGG
B00XLX0Z62 16348 B00XLX0Z62
B00XNMY10M 16349 B00XNMY10M
B00XQ142MW 16350 B00XQ142MW
B00XQ2CC6O 16351 B00XQ2CC6O
B00XQ2EQH2 16352 B00XQ2EQH2
B00XRZU2E4 16353 B00XRZU2E4
B00XUQAFVK 16354 B00XUQAFVK
B00XUV1B4U 16355 B00XUV1B4U
B00XVHKYVE 16356 B00XVHKYVE
B00XVJ3L4E 16357 B00XVJ3L4E
B00XVJ3MW0 16358 B00XVJ3MW0
B00XWDKNR2 16359 B00XWDKNR2
B00XWV8W6I 16360 B00XWV8W6I
B00XX3VR0S 16361 B00XX3VR0S
B00XX97KP8 16362 B00XX97KP8
B00XZCIENK 16363 B00XZCIENK
B00XZZMTOM 16364 B00XZZMTOM
B00Y0QOFCE 16365 B00Y0QOFCE
B00Y0QOK92 16366 B00Y0QOK92
B00Y0QOMFO 16367 B00Y0QOMFO
B00Y11WX90 16368 B00Y11WX90
B00Y250HMU 16369 B00Y250HMU
B00Y7R9EYK 16370 B00Y7R9EYK
B00Y7R9FWQ 16371 B00Y7R9FWQ
B00YAZNBTI 16372 B00YAZNBTI
B00YB3KXZ4 16373 B00YB3KXZ4
B00YB99FJ8 16374 B00YB99FJ8
B00YCY46VO 16375 B00YCY46VO
B00YHR5UW0 16376 B00YHR5UW0
B00YI71PN2 16377 B00YI71PN2
B00YIZWFQ0 16378 B00YIZWFQ0
B00YIZWIFI 16379 B00YIZWIFI
B00YIZWIRQ 16380 B00YIZWIRQ
B00YJDHA7U 16381 B00YJDHA7U
B00YJDHGOM 16382 B00YJDHGOM
B00YJKEK8A 16383 B00YJKEK8A
B00YJKEKFI 16384 B00YJKEKFI
B00YJLAQS2 16385 B00YJLAQS2
B00YOJIDBQ 16386 B00YOJIDBQ
B00YQJRYGY 16387 B00YQJRYGY
B00YRV20HY 16388 B00YRV20HY
B00YS4V5BC 16389 B00YS4V5BC
B00YS8CBS4 16390 B00YS8CBS4
B00YSBFCGE 16391 B00YSBFCGE
B00YSBFD5O 16392 B00YSBFD5O
B00YSBFG2E 16393 B00YSBFG2E
B00YSBFH8C 16394 B00YSBFH8C
B00YSBFHMI 16395 B00YSBFHMI
B00YSG2ZPA 16396 B00YSG2ZPA
B00YT8SFR4 16397 B00YT8SFR4
B00YT9IQYU 16398 B00YT9IQYU
B00YT9IT2Y 16399 B00YT9IT2Y
B00YTSH1YC 16400 B00YTSH1YC
B00YTSH25U 16401 B00YTSH25U
B00YTSH2L4 16402 B00YTSH2L4
B00YZBF1YU 16403 B00YZBF1YU
B00Z0GES3E 16404 B00Z0GES3E
B00Z1BKRG0 16405 B00Z1BKRG0
B00Z710V6K 16406 B00Z710V6K
B00Z7EMJ4E 16407 B00Z7EMJ4E
B00Z9HS8E4 16408 B00Z9HS8E4
B00Z9YZRVE 16409 B00Z9YZRVE
B00ZASOJOA 16410 B00ZASOJOA
B00ZASTW92 16411 B00ZASTW92
B00ZATHD9W 16412 B00ZATHD9W
B00ZAZB4T6 16413 B00ZAZB4T6
B00ZCHTR6O 16414 B00ZCHTR6O
B00ZE1JYRU 16415 B00ZE1JYRU
B00ZE1K2ZI 16416 B00ZE1K2ZI
B00ZE500TM 16417 B00ZE500TM
B00ZE501RS 16418 B00ZE501RS
B00ZGDIGZ2 16419 B00ZGDIGZ2
B00ZGIOL42 16420 B00ZGIOL42
B00ZGIOL8I 16421 B00ZGIOL8I
B00ZGRMTLA 16422 B00ZGRMTLA
B00ZGUUTN2 16423 B00ZGUUTN2
B00ZJYJCWY 16424 B00ZJYJCWY
B00ZJYVJUW 16425 B00ZJYVJUW
B00ZPH4RRA 16426 B00ZPH4RRA
B00ZPH4SAQ 16427 B00ZPH4SAQ
B00ZQ36R4Y 16428 B00ZQ36R4Y
B00ZR3W40E 16429 B00ZR3W40E
B00ZR3W45O 16430 B00ZR3W45O
B00ZRBQVVO 16431 B00ZRBQVVO
B00ZS21J6E 16432 B00ZS21J6E
B00ZUL9LGS 16433 B00ZUL9LGS
B00ZUL9LMW 16434 B00ZUL9LMW
B00ZUNDCKM 16435 B00ZUNDCKM
B00ZVBG3A4 16436 B00ZVBG3A4
B00ZVJ97BS 16437 B00ZVJ97BS
B00ZWC16CC 16438 B00ZWC16CC
B00ZX1Y7KU 16439 B00ZX1Y7KU
B00ZY4PFS4 16440 B00ZY4PFS4
B00ZYBI84U 16441 B00ZYBI84U
B00ZYW5N1U 16442 B00ZYW5N1U
B01011KJKI 16443 B01011KJKI
B01013C5IU 16444 B01013C5IU
B0106RTAPM 16445 B0106RTAPM
B0107GC2AM 16446 B0107GC2AM
B0107GC96Y 16447 B0107GC96Y
B010CHR1ES 16448 B010CHR1ES
B010CVV2AI 16449 B010CVV2AI
B010DRLTIG 16450 B010DRLTIG
B010EJOB4C 16451 B010EJOB4C
B010F0KYSM 16452 B010F0KYSM
B010FS6IT8 16453 B010FS6IT8
B010FVGTK8 16454 B010FVGTK8
B010GJM8EA 16455 B010GJM8EA
B010H6NMKQ 16456 B010H6NMKQ
B010HX0WJS 16457 B010HX0WJS
B010LY9JUQ 16458 B010LY9JUQ
B010LY9PZ0 16459 B010LY9PZ0
B010MJ851Y 16460 B010MJ851Y
B010MZ4D00 16461 B010MZ4D00
B010N4GRKE 16462 B010N4GRKE
B010NDZJ9A 16463 B010NDZJ9A
B010NDZJA4 16464 B010NDZJA4
B010OEBTQK 16465 B010OEBTQK
B010OR9A9K 16466 B010OR9A9K
B010Q6K0BG 16467 B010Q6K0BG
B010Q6K1UG 16468 B010Q6K1UG
B010R3ILY6 16469 B010R3ILY6
B010TIZC2S 16470 B010TIZC2S
B01127XNEE 16471 B01127XNEE
B0112HPUW2 16472 B0112HPUW2
B0112HPUX6 16473 B0112HPUX6
B0112HPVEY 16474 B0112HPVEY
B0112HPVM6 16475 B0112HPVM6
B0112HPWQG 16476 B0112HPWQG
B0112HPWX4 16477 B0112HPWX4
B0112HPX1K 16478 B0112HPX1K
B0113FXB9W 16479 B0113FXB9W
B01147YQKW 16480 B01147YQKW
B0115GL96Q 16481 B0115GL96Q
B0115NB7N4 16482 B0115NB7N4
B01169SSOI 16483 B01169SSOI
B0116FT65W 16484 B0116FT65W
B0117Q3S3G 16485 B0117Q3S3G
B0117UHFU4 16486 B0117UHFU4
B0118S6VPK 16487 B0118S6VPK
B0118S73VG 16488 B0118S73VG
B0119OFSGQ 16489 B0119OFSGQ
B0119RZ67O 16490 B0119RZ67O
B011B33U6A 16491 B011B33U6A
B011CZOKCU 16492 B011CZOKCU
B011ID14F2 16493 B011ID14F2
B011ID1JLG 16494 B011ID1JLG
B011IEW6EY 16495 B011IEW6EY
B011KG2G5O 16496 B011KG2G5O
B011KG2IAM 16497 B011KG2IAM
B011KG2J60 16498 B011KG2J60
B011KG2KLO 16499 B011KG2KLO
B011KG2KYQ 16500 B011KG2KYQ
B011KG2LXQ 16501 B011KG2LXQ
B011KME78M 16502 B011KME78M
B011LPC9CE 16503 B011LPC9CE
B011LV3GJI 16504 B011LV3GJI
B011LW416O 16505 B011LW416O
B011LW42W2 16506 B011LW42W2
B011MHCLJC 16507 B011MHCLJC
B011MU9ZIY 16508 B011MU9ZIY
B011MUA592 16509 B011MUA592
B011MUA5J2 16510 B011MUA5J2
B011MUA8B2 16511 B011MUA8B2
B011PS4YGQ 16512 B011PS4YGQ
B011PS50W8 16513 B011PS50W8
B011PS518G 16514 B011PS518G
B011PS51LI 16515 B011PS51LI
B011Q0F17O 16516 B011Q0F17O
B011Q0FSC2 16517 B011Q0FSC2
B011Q0KET4 16518 B011Q0KET4
B011SDC1LI 16519 B011SDC1LI
B011T0C6HO 16520 B011T0C6HO
B011T0C71E 16521 B011T0C71E
B011T0C73W 16522 B011T0C73W
B0125IDN9O 16523 B0125IDN9O
B0126M38DA 16524 B0126M38DA
B0126ZKK56 16525 B0126ZKK56
B0128P0WKW 16526 B0128P0WKW
B0128P22QY 16527 B0128P22QY
B0128QAXLO 16528 B0128QAXLO
B0128QB16A 16529 B0128QB16A
B01293V7W0 16530 B01293V7W0
B012BPM40U 16531 B012BPM40U
B012BYDJZK 16532 B012BYDJZK
B012BYDK90 16533 B012BYDK90
B012BYDKFO 16534 B012BYDKFO
B012BYDKJU 16535 B012BYDKJU
B012C86TMU 16536 B012C86TMU
B012C89VGQ 16537 B012C89VGQ
B012DCNERI 16538 B012DCNERI
B012DWS874 16539 B012DWS874
B012G7INVC 16540 B012G7INVC
B012G7IWYA 16541 B012G7IWYA
B012HTAGBY 16542 B012HTAGBY
B012IO4TGG 16543 B012IO4TGG
B012O29DR2 16544 B012O29DR2
B012O29ISG 16545 B012O29ISG
B012PU762W 16546 B012PU762W
B012RC89Z6 16547 B012RC89Z6
B012UNH336 16548 B012UNH336
B012UORWJ0 16549 B012UORWJ0
B012WBL3I2 16550 B012WBL3I2
B012X1YCL6 16551 B012X1YCL6
B012YPV0KM 16552 B012YPV0KM
B012YPV0YS 16553 B012YPV0YS
B0130CD3W6 16554 B0130CD3W6
B0130HWAJI 16555 B0130HWAJI
B013539XIS 16556 B013539XIS
B0137I9F66 16557 B0137I9F66
B0137I9HLE 16558 B0137I9HLE
B0137I9LJC 16559 B0137I9LJC
B0139TET14 16560 B0139TET14
B013BPR7QU 16561 B013BPR7QU
B013C6OPIG 16562 B013C6OPIG
B013C6OW1Q 16563 B013C6OW1Q
B013C6OXCY 16564 B013C6OXCY
B013F4VQSM 16565 B013F4VQSM
B013FCN628 16566 B013FCN628
B013GCK51M 16567 B013GCK51M
B013HC8KO0 16568 B013HC8KO0
B013HOZJCY 16569 B013HOZJCY
B013HY6KVS 16570 B013HY6KVS
B013I9RJBC 16571 B013I9RJBC
B013JA9QDO 16572 B013JA9QDO
B013JA9TIG 16573 B013JA9TIG
B013JBJ6HO 16574 B013JBJ6HO
B013JBJ8T0 16575 B013JBJ8T0
B013JZW8E8 16576 B013JZW8E8
B013P0WZ86 16577 B013P0WZ86
B013P0WZSG 16578 B013P0WZSG
B013P0X1HK 16579 B013P0X1HK
B013P0X1MU 16580 B013P0X1MU
B013P6PEUG 16581 B013P6PEUG
B013PV310Q 16582 B013PV310Q
B013RO1HM0 16583 B013RO1HM0
B013TFJ4SQ 16584 B013TFJ4SQ
B013W7LRBI 16585 B013W7LRBI
B013XD39BC 16586 B013XD39BC
B013YKOVC0 16587 B013YKOVC0
B0142G2NM0 16588 B0142G2NM0
B0142WELF6 16589 B0142WELF6
B0142WKAQ0 16590 B0142WKAQ0
B0145CBN68 16591 B0145CBN68
B0145NSN92 16592 B0145NSN92
B0145UQRB6 16593 B0145UQRB6
B0145UQS1A 16594 B0145UQS1A
B0145URUZI 16595 B0145URUZI
B014604U5K 16596 B014604U5K
B0146628UI 16597 B0146628UI
B0146T50XM 16598 B0146T50XM
B0147OOWMQ 16599 B0147OOWMQ
B014AGF6RG 16600 B014AGF6RG
B014DEGQZ6 16601 B014DEGQZ6
B014DEGTYO 16602 B014DEGTYO
B014DEGUIE 16603 B014DEGUIE
B014DMSGVU 16604 B014DMSGVU
B014E1TJRA 16605 B014E1TJRA
B014E1TJUW 16606 B014E1TJUW
B014EU6JU6 16607 B014EU6JU6
B014GDAVLE 16608 B014GDAVLE
B014GJBTWI 16609 B014GJBTWI
B014GQ8118 16610 B014GQ8118
B014HDTT84 16611 B014HDTT84
B014HFOANQ 16612 B014HFOANQ
B014I4IUXC 16613 B014I4IUXC
B014I67SGU 16614 B014I67SGU
B014IAWFKU 16615 B014IAWFKU
B014IL60TG 16616 B014IL60TG
B014JVY5YC 16617 B014JVY5YC
B014KEP8WG 16618 B014KEP8WG
B014L2XZ9K 16619 B014L2XZ9K
B014L2Y1NE 16620 B014L2Y1NE
B014L2Y7EW 16621 B014L2Y7EW
B014L2YC7O 16622 B014L2YC7O
B014L2YE8G 16623 B014L2YE8G
B014L2YKMG 16624 B014L2YKMG
B014L2YKQ2 16625 B014L2YKQ2
B014LHPGTW 16626 B014LHPGTW
B014LIIYPY 16627 B014LIIYPY
B014Q67LDM 16628 B014Q67LDM
B014Q67MVI 16629 B014Q67MVI
B014R6Q05G 16630 B014R6Q05G
B014RDXD18 16631 B014RDXD18
B014TC60LC 16632 B014TC60LC
B014VVNY7E 16633 B014VVNY7E
B0152AVWXQ 16634 B0152AVWXQ
B0152AVXFI 16635 B0152AVXFI
B0152AVXUI 16636 B0152AVXUI
B0152AW10Y 16637 B0152AW10Y
B0152AW154 16638 B0152AW154
B0152AW1A4 16639 B0152AW1A4
B0152AW2CQ 16640 B0152AW2CQ
B0152AW2U8 16641 B0152AW2U8
B01535VBN6 16642 B01535VBN6
B0155YRFZS 16643 B0155YRFZS
B01578E31Q 16644 B01578E31Q
B0158OAFTS 16645 B0158OAFTS
B0158W4NT8 16646 B0158W4NT8
B01595QPQ8 16647 B01595QPQ8
B0159OSR24 16648 B0159OSR24
B0159OSRNI 16649 B0159OSRNI
B015EVT7FI 16650 B015EVT7FI
B015FR7JEC 16651 B015FR7JEC
B015GR8N9Q 16652 B015GR8N9Q
B015GSX7CS 16653 B015GSX7CS
B015H66J56 16654 B015H66J56
B015HM3E8K 16655 B015HM3E8K
B015I14600 16656 B015I14600
B015J50NNY 16657 B015J50NNY
B015JHRLWS 16658 B015JHRLWS
B015JLUO5A 16659 B015JLUO5A
B015N12RW4 16660 B015N12RW4
B015N8JCK2 16661 B015N8JCK2
B015N8JH84 16662 B015N8JH84
B015OVC1EM 16663 B015OVC1EM
B015Q04ETQ 16664 B015Q04ETQ
B015RD3AHO 16665 B015RD3AHO
B015S4DRYI 16666 B015S4DRYI
B015S4DRZW 16667 B015S4DRZW
B015S4DS1K 16668 B015S4DS1K
B015UE84BC 16669 B015UE84BC
B015UOAV9A 16670 B015UOAV9A
B015WLJUYS 16671 B015WLJUYS
B015WU6DQW 16672 B015WU6DQW
B015WVHV4E 16673 B015WVHV4E
B015XC8G2I 16674 B015XC8G2I
B015XC8JA2 16675 B015XC8JA2
B01603ANBQ 16676 B01603ANBQ
B01608JL64 16677 B01608JL64
B0160STWAY 16678 B0160STWAY
B01619206U 16679 B01619206U
B0161H1ORS 16680 B0161H1ORS
B0162TZ4D0 16681 B0162TZ4D0
B01648ETWQ 16682 B01648ETWQ
B01648P6IM 16683 B01648P6IM
B0164CMT8I 16684 B0164CMT8I
B0167IE0KY 16685 B0167IE0KY
B01690GTK4 16686 B01690GTK4
B01690GTKY 16687 B01690GTKY
B01690GTP4 16688 B01690GTP4
B0169PXG8W 16689 B0169PXG8W
B0169PXGFU 16690 B0169PXGFU
B0169PXGUA 16691 B0169PXGUA
B016APPT6S 16692 B016APPT6S
B016BSPP4K 16693 B016BSPP4K
B016BSPTZA 16694 B016BSPTZA
B016BSSJ34 16695 B016BSSJ34
B016E66ZHU 16696 B016E66ZHU
B016F7J9SU 16697 B016F7J9SU
B016HHKX7O 16698 B016HHKX7O
B016HHR8G8 16699 B016HHR8G8
B016IAQX6K 16700 B016IAQX6K
B016JB0JWC 16701 B016JB0JWC
B016KAMQTG 16702 B016KAMQTG
B016LGTB1A 16703 B016LGTB1A
B016LR93JY 16704 B016LR93JY
B016NVSE16 16705 B016NVSE16
B016NVSE3E 16706 B016NVSE3E
B016P01W4G 16707 B016P01W4G
B016PUXLM2 16708 B016PUXLM2
B016R7C3AE 16709 B016R7C3AE
B016S5ZFAK 16710 B016S5ZFAK
B016S5ZICA 16711 B016S5ZICA
B016UTP1MQ 16712 B016UTP1MQ
B016V3A7A2 16713 B016V3A7A2
B016WU7GOO 16714 B016WU7GOO
B016YPHWOG 16715 B016YPHWOG
B0170FTFOY 16716 B0170FTFOY
B01711DG2O 16717 B01711DG2O
B01723F80E 16718 B01723F80E
B01729J1G0 16719 B01729J1G0
B01729J1J2 16720 B01729J1J2
B0172HAKQM 16721 B0172HAKQM
B0176IELOY 16722 B0176IELOY
B0176IENI8 16723 B0176IENI8
B0176IENR4 16724 B0176IENR4
B017757OCW 16725 B017757OCW
B0177ZM3JQ 16726 B0177ZM3JQ
B0177ZM3MI 16727 B0177ZM3MI
B0178WFE0S 16728 B0178WFE0S
B017AD7CDM 16729 B017AD7CDM
B017AJ0LPC 16730 B017AJ0LPC
B017AL1VO0 16731 B017AL1VO0
B017DYVDTM 16732 B017DYVDTM
B017DYVF40 16733 B017DYVF40
B017E5806O 16734 B017E5806O
B017GEWCVC 16735 B017GEWCVC
B017GEWHYO 16736 B017GEWHYO
B017GZFDXK 16737 B017GZFDXK
B017H9JLCY 16738 B017H9JLCY
B017HMM38U 16739 B017HMM38U
B017HP18H4 16740 B017HP18H4
B017HP18LA 16741 B017HP18LA
B017HP18WO 16742 B017HP18WO
B017JIWGQG 16743 B017JIWGQG
B017JOME6M 16744 B017JOME6M
B017JQO6BG 16745 B017JQO6BG
B017KNPQVW 16746 B017KNPQVW
B017L9NBX0 16747 B017L9NBX0
B017MTC4UU 16748 B017MTC4UU
B017NNN31Y 16749 B017NNN31Y
B017O74PPM 16750 B017O74PPM
B017RH4WZW 16751 B017RH4WZW
B017RO6AMI 16752 B017RO6AMI
B017RR4YG4 16753 B017RR4YG4
B017RR4ZIQ 16754 B017RR4ZIQ
B017RR5C7O 16755 B017RR5C7O
B017RR5HW4 16756 B017RR5HW4
B017RR6JYE 16757 B017RR6JYE
B017RR6NFE 16758 B017RR6NFE
B017RR6YJE 16759 B017RR6YJE
B017RR6ZG6 16760 B017RR6ZG6
B017RR78TY 16761 B017RR78TY
B017S3OP7A 16762 B017S3OP7A
B017SQVOSA 16763 B017SQVOSA
B017SWJZXU 16764 B017SWJZXU
B017SWK01G 16765 B017SWK01G
B017TQW3NE 16766 B017TQW3NE
B017W1P79I 16767 B017W1P79I
B017WLX1Q4 16768 B017WLX1Q4
B017XZUT3C 16769 B017XZUT3C
B017Y01GOM 16770 B017Y01GOM
B017Y0HMKO 16771 B017Y0HMKO
B017Y119BQ 16772 B017Y119BQ
B017Y1GE4S 16773 B017Y1GE4S
B017Y394CA 16774 B017Y394CA
B0182W7JSS 16775 B0182W7JSS
B0182W7KBY 16776 B0182W7KBY
B0184DLI28 16777 B0184DLI28
B0184GSAWG 16778 B0184GSAWG
B01851XUV6 16779 B01851XUV6
B018595KK2 16780 B018595KK2
B0185P7LO4 16781 B0185P7LO4
B0185X21XM 16782 B0185X21XM
B0186O8R1U 16783 B0186O8R1U
B0189HKF14 16784 B0189HKF14
B0189HP0DC 16785 B0189HP0DC
B0189I11B6 16786 B0189I11B6
B0189OU0JY 16787 B0189OU0JY
B0189Y6HHI 16788 B0189Y6HHI
B018AXRKFG 16789 B018AXRKFG
B018FK66TU 16790 B018FK66TU
B018GSTN5A 16791 B018GSTN5A
B018IDVB3U 16792 B018IDVB3U
B018IDVB6W 16793 B018IDVB6W
B018IDVBH6 16794 B018IDVBH6
B018JLPUIS 16795 B018JLPUIS
B018TJ12HI 16796 B018TJ12HI
B018TNBX50 16797 B018TNBX50
B018TNKDOW 16798 B018TNKDOW
B018V1ZTGO 16799 B018V1ZTGO
B018V1ZX88 16800 B018V1ZX88
B018V1ZY3M 16801 B018V1ZY3M
B018V1ZYVY 16802 B018V1ZYVY
B018V2009O 16803 B018V2009O
B018V20152 16804 B018V20152
B018WQBNSQ 16805 B018WQBNSQ
B018WQBNY0 16806 B018WQBNY0
B018YGWQH6 16807 B018YGWQH6
B0191SI1WK 16808 B0191SI1WK
B0192PEOGY 16809 B0192PEOGY
B0192PEPRC 16810 B0192PEPRC
B0192PERP2 16811 B0192PERP2
B019329VF0 16812 B019329VF0
B01948X3CK 16813 B01948X3CK
B01953CL7W 16814 B01953CL7W
B0195G9YNI 16815 B0195G9YNI
B0195QXI76 16816 B0195QXI76
B0195VYVOA 16817 B0195VYVOA
B0195XEGJS 16818 B0195XEGJS
B0197DPJ9C 16819 B0197DPJ9C
B01995ZGHS 16820 B01995ZGHS
B0199VU6KY 16821 B0199VU6KY
B019A3QMJA 16822 B019A3QMJA
B019C6X02M 16823 B019C6X02M
B019DTO7KC 16824 B019DTO7KC
B019EC9QK4 16825 B019EC9QK4
B019EC9R08 16826 B019EC9R08
B019EC9R4E 16827 B019EC9R4E
B019EC9RBM 16828 B019EC9RBM
B019EMPBN0 16829 B019EMPBN0
B019FIFS9A 16830 B019FIFS9A
B019GY79LS 16831 B019GY79LS
B019HTRRVE 16832 B019HTRRVE
B019HZNPKA 16833 B019HZNPKA
B019KDXBA8 16834 B019KDXBA8
B019N4K1UM 16835 B019N4K1UM
B019NB5EVG 16836 B019NB5EVG
B019O6CEYA 16837 B019O6CEYA
B019OI2HDQ 16838 B019OI2HDQ
B019OI2HJ0 16839 B019OI2HJ0
B019PJEXSG 16840 B019PJEXSG
B019PKH8I2 16841 B019PKH8I2
B019PQ0NZG 16842 B019PQ0NZG
B019RGCZ3M 16843 B019RGCZ3M
B019RR2IXS 16844 B019RR2IXS
B019RVUFT8 16845 B019RVUFT8
B019T8QBR4 16846 B019T8QBR4
B019WJ6W88 16847 B019WJ6W88
B019WMTVLA 16848 B019WMTVLA
B019WMTX72 16849 B019WMTX72
B019WMTZPM 16850 B019WMTZPM
B019WMTZSY 16851 B019WMTZSY
B019Z6641I 16852 B019Z6641I
B01A5NZ2MC 16853 B01A5NZ2MC
B01A71FC90 16854 B01A71FC90
B01A7ZI6CQ 16855 B01A7ZI6CQ
B01A9IV54W 16856 B01A9IV54W
B01A9LM9B2 16857 B01A9LM9B2
B01A9R6C1O 16858 B01A9R6C1O
B01AAZVX96 16859 B01AAZVX96
B01AB4Y726 16860 B01AB4Y726
B01AB4Y74O 16861 B01AB4Y74O
B01AB4Y7T4 16862 B01AB4Y7T4
B01ACAEQMU 16863 B01ACAEQMU
B01ACAERQU 16864 B01ACAERQU
B01ACAN0QS 16865 B01ACAN0QS
B01ACE4UPY 16866 B01ACE4UPY
B01AEOM79I 16867 B01AEOM79I
B01AEOM79S 16868 B01AEOM79S
B01AFGSSWU 16869 B01AFGSSWU
B01AH3QQ1Q 16870 B01AH3QQ1Q
B01AHHRTEU 16871 B01AHHRTEU
B01AHK50AC 16872 B01AHK50AC
B01AHWLX2O 16873 B01AHWLX2O
B01AJV0CSE 16874 B01AJV0CSE
B01AKEGU1S 16875 B01AKEGU1S
B01AKUNOES 16876 B01AKUNOES
B01ALA0LFM 16877 B01ALA0LFM
B01AOF5S8O 16878 B01AOF5S8O
B01ASMCHPA 16879 B01ASMCHPA
B01AT251SE 16880 B01AT251SE
B01ATCA3RS 16881 B01ATCA3RS
B01AU6P8XW 16882 B01AU6P8XW
B01AUH49W2 16883 B01AUH49W2
B01AWWUCCQ 16884 B01AWWUCCQ
B01AWWUDIO 16885 B01AWWUDIO
B01AYDOI1O 16886 B01AYDOI1O
B01AYMA95Y 16887 B01AYMA95Y
B01B1LE39A 16888 B01B1LE39A
B01B1XA2KC 16889 B01B1XA2KC
B01B270N24 16890 B01B270N24
B01B2CX0LU 16891 B01B2CX0LU
B01B5ED5H4 16892 B01B5ED5H4
B01B67YA10 16893 B01B67YA10
B01B6V2GF8 16894 B01B6V2GF8
B01B800I1G 16895 B01B800I1G
B01B80LOAA 16896 B01B80LOAA
B01B80LOIC 16897 B01B80LOIC
B01B8836R6 16898 B01B8836R6
B01BCNJ7TS 16899 B01BCNJ7TS
B01BDUS0NY 16900 B01BDUS0NY
B01BEDN0MG 16901 B01BEDN0MG
B01BHCPQEY 16902 B01BHCPQEY
B01BHTSIOC 16903 B01BHTSIOC
B01BIC00KS 16904 B01BIC00KS
B01BKI6IF6 16905 B01BKI6IF6
B01BKL9EXG 16906 B01BKL9EXG
B01BKM0Z60 16907 B01BKM0Z60
B01BL87PBG 16908 B01BL87PBG
B01BLH8R50 16909 B01BLH8R50
B01BLX0UBS 16910 B01BLX0UBS
B01BMH1Q20 16911 B01BMH1Q20
B01BN52ZWG 16912 B01BN52ZWG
B01BPK82GC 16913 B01BPK82GC
B01BQPZVPQ 16914 B01BQPZVPQ
B01BT1VYSK 16915 B01BT1VYSK
B01BT1W024 16916 B01BT1W024
B01BTBH5DS 16917 B01BTBH5DS
B01BTDOSSG 16918 B01BTDOSSG
B01BTDOSTK 16919 B01BTDOSTK
B01BUQ70W8 16920 B01BUQ70W8
B01BX2B01Q 16921 B01BX2B01Q
B01BX2B4JE 16922 B01BX2B4JE
B01BX2B5YS 16923 B01BX2B5YS
B01BX2B9VW 16924 B01BX2B9VW
B01BYO09DI 16925 B01BYO09DI
B01BZBLP9C 16926 B01BZBLP9C
B01BZE7MNW 16927 B01BZE7MNW
B01C42FMKO 16928 B01C42FMKO
B01C4PR4UC 16929 B01C4PR4UC
B01C5R3B8S 16930 B01C5R3B8S
B01C6FFN8U 16931 B01C6FFN8U
B01C6KIKY4 16932 B01C6KIKY4
B01C6S1TEE 16933 B01C6S1TEE
B01C9O7D40 16934 B01C9O7D40
B01CDT609K 16935 B01CDT609K
B01CDT60CC 16936 B01CDT60CC
B01CE00Q5C 16937 B01CE00Q5C
B01CH6SA7E 16938 B01CH6SA7E
B01CIMBWUE 16939 B01CIMBWUE
B01CIXVWZ8 16940 B01CIXVWZ8
B01CIXVX84 16941 B01CIXVX84
B01CIXVXXO 16942 B01CIXVXXO
B01CJMBBTK 16943 B01CJMBBTK
B01CJW33B4 16944 B01CJW33B4
B01COPZYOK 16945 B01COPZYOK
B01CP0Q8S0 16946 B01CP0Q8S0
B01CPU8ON2 16947 B01CPU8ON2
B01CQ75N6K 16948 B01CQ75N6K
B01CQ8RR7C 16949 B01CQ8RR7C
B01CQOVHGS 16950 B01CQOVHGS
B01CQOVHPO 16951 B01CQOVHPO
B01CT4CDS6 16952 B01CT4CDS6
B01CT4CETE 16953 B01CT4CETE
B01CU6SSQ4 16954 B01CU6SSQ4
B01CUMHBJS 16955 B01CUMHBJS
B01CUMITSA 16956 B01CUMITSA
B01CUS6508 16957 B01CUS6508
B01CX1AOC2 16958 B01CX1AOC2
B01CX1HVYG 16959 B01CX1HVYG
B01CZ3K23E 16960 B01CZ3K23E
B01CZAFLOC 16961 B01CZAFLOC
B01CZT1CRI 16962 B01CZT1CRI
B01D2KF7C0 16963 B01D2KF7C0
B01D3LBCAE 16964 B01D3LBCAE
B01D52PV12 16965 B01D52PV12
B01D55MPK4 16966 B01D55MPK4
B01D5KI4M2 16967 B01D5KI4M2
B01D5MQPNU 16968 B01D5MQPNU
B01D64VSYI 16969 B01D64VSYI
B01D7A78G8 16970 B01D7A78G8
B01D7AA21G 16971 B01D7AA21G
B01D9EUNB4 16972 B01D9EUNB4
B01D9EUNBY 16973 B01D9EUNBY
B01D9EUNGY 16974 B01D9EUNGY
B01D9TA53U 16975 B01D9TA53U
B01DBCMSFI 16976 B01DBCMSFI
B01DBVQ4KE 16977 B01DBVQ4KE
B01DD4KNQK 16978 B01DD4KNQK
B01DDEEWSU 16979 B01DDEEWSU
B01DE364JU 16980 B01DE364JU
B01DGN1HY0 16981 B01DGN1HY0
B01DGN6PI8 16982 B01DGN6PI8
B01DJ63U12 16983 B01DJ63U12
B01DKLQMM0 16984 B01DKLQMM0
B01DL2EX6A 16985 B01DL2EX6A
B01DL6PBA8 16986 B01DL6PBA8
B01DL93E68 16987 B01DL93E68
B01DLVAHQG 16988 B01DLVAHQG
B01DMV2QVO 16989 B01DMV2QVO
B01DN54ROI 16990 B01DN54ROI
B01DOQAKUQ 16991 B01DOQAKUQ
B01DPPMPSG 16992 B01DPPMPSG
B01DPW1A0I 16993 B01DPW1A0I
B01DR3ZQ3C 16994 B01DR3ZQ3C
B01DRWEO6S 16995 B01DRWEO6S
B01DSXJTDE 16996 B01DSXJTDE
B01DT59KFI 16997 B01DT59KFI
B01DTNVGYI 16998 B01DTNVGYI
B01DVALT2I 16999 B01DVALT2I
B01DWXO08E 17000 B01DWXO08E
B01DX0NCOO 17001 B01DX0NCOO
B01DX0NCXU 17002 B01DX0NCXU
B01DX0ND1Q 17003 B01DX0ND1Q
B01DX0ND2K 17004 B01DX0ND2K
B01DX72HPM 17005 B01DX72HPM
B01DYN0MJ8 17006 B01DYN0MJ8
B01DYX9W0I 17007 B01DYX9W0I
B01DZQ10M2 17008 B01DZQ10M2
B01E04ZW1S 17009 B01E04ZW1S
B01E0833YC 17010 B01E0833YC
B01E0CGNGS 17011 B01E0CGNGS
B01E0XL3FI 17012 B01E0XL3FI
B01E4S3GXG 17013 B01E4S3GXG
B01E5XJGPW 17014 B01E5XJGPW
B01E606F7Q 17015 B01E606F7Q
B01E606F8A 17016 B01E606F8A
B01E698FFC 17017 B01E698FFC
B01E6CE17U 17018 B01E6CE17U
B01E7XTFN8 17019 B01E7XTFN8
B01E7XUONI 17020 B01E7XUONI
B01E7XVGVM 17021 B01E7XVGVM
B01E8CKGUE 17022 B01E8CKGUE
B01E9D9N92 17023 B01E9D9N92
B01E9MHF6Q 17024 B01E9MHF6Q
B01E9MTYGA 17025 B01E9MTYGA
B01E9O0Q0Q 17026 B01E9O0Q0Q
B01EFSORXS 17027 B01EFSORXS
B01EGOAZQO 17028 B01EGOAZQO
B01EIS45ZK 17029 B01EIS45ZK
B01EIS4668 17030 B01EIS4668
B01EIS46CM 17031 B01EIS46CM
B01EIW2RMO 17032 B01EIW2RMO
B01EJKRZ7C 17033 B01EJKRZ7C
B01EJMGVKM 17034 B01EJMGVKM
B01EK44KXE 17035 B01EK44KXE
B01ELI9E9O 17036 B01ELI9E9O
B01ENSOKJQ 17037 B01ENSOKJQ
B01ENYOKR2 17038 B01ENYOKR2
B01EPYJXL8 17039 B01EPYJXL8
B01ETYJ4IG 17040 B01ETYJ4IG
B01EVZK2WA 17041 B01EVZK2WA
B01EYBIBL0 17042 B01EYBIBL0
B01EYF72MK 17043 B01EYF72MK
B01F000RXY 17044 B01F000RXY
B01F1WTLDI 17045 B01F1WTLDI
B01F2R9WVS 17046 B01F2R9WVS
B01F4L7OV2 17047 B01F4L7OV2
B01F4NMWMG 17048 B01F4NMWMG
B01F4O91WY 17049 B01F4O91WY
B01F5ZY3JI 17050 B01F5ZY3JI
B01F5ZY4YC 17051 B01F5ZY4YC
B01F6EHOFS 17052 B01F6EHOFS
B01F6EHOVW 17053 B01F6EHOVW
B01FKMJXNW 17054 B01FKMJXNW
B01FKPW2E6 17055 B01FKPW2E6
B01FKXO8S6 17056 B01FKXO8S6
B01FKYGSG0 17057 B01FKYGSG0
B01FMEYIY2 17058 B01FMEYIY2
B01FMROEJ8 17059 B01FMROEJ8
B01FQIUDPW 17060 B01FQIUDPW
B01FR35ZQS 17061 B01FR35ZQS
B01FZ8I7R4 17062 B01FZ8I7R4
B01G06T00S 17063 B01G06T00S
B01G1RYZRO 17064 B01G1RYZRO
B01G43HGWQ 17065 B01G43HGWQ
B01G43HHNO 17066 B01G43HHNO
B01G4N5Q0A 17067 B01G4N5Q0A
B01G5XD8GS 17068 B01G5XD8GS
B01G71NN3Q 17069 B01G71NN3Q
B01G8S3I4C 17070 B01G8S3I4C
B01G9CFRPU 17071 B01G9CFRPU
B01G9CFSSQ 17072 B01G9CFSSQ
B01GGE7BTQ 17073 B01GGE7BTQ
B01GGPI1R6 17074 B01GGPI1R6
B01GIX5EOO 17075 B01GIX5EOO
B01GJQCZ7Y 17076 B01GJQCZ7Y
B01GJQM5JM 17077 B01GJQM5JM
B01GKKXXG6 17078 B01GKKXXG6
B01GP4HSH2 17079 B01GP4HSH2
B01GQ10L32 17080 B01GQ10L32
B01GRU5CQS 17081 B01GRU5CQS
B01GSW5VDO 17082 B01GSW5VDO
B01GU82O9U 17083 B01GU82O9U
B01GWBZ3K2 17084 B01GWBZ3K2
B01GWC8524 17085 B01GWC8524
B01GWCB40Y 17086 B01GWCB40Y
B01GWCD1XM 17087 B01GWCD1XM
B01GWCDFT2 17088 B01GWCDFT2
B01GWCMWQO 17089 B01GWCMWQO
B01GWDFSO6 17090 B01GWDFSO6
B01GWEBFRO 17091 B01GWEBFRO
B01H1VSVME 17092 B01H1VSVME
B01H1VTEMK 17093 B01H1VTEMK
B01H2G0LX0 17094 B01H2G0LX0
B01H2JPTDO 17095 B01H2JPTDO
B01H2OWNH4 17096 B01H2OWNH4
B01H2OWOXW 17097 B01H2OWOXW
B01H2OZEDY 17098 B01H2OZEDY
B01H2TW824 17099 B01H2TW824
B01H49VL8Y 17100 B01H49VL8Y
B01H4FJP7C 17101 B01H4FJP7C
B01H4FJR5W 17102 B01H4FJR5W
B01H7QA5XG 17103 B01H7QA5XG
B01HC3880G 17104 B01HC3880G
B01HDOFUS2 17105 B01HDOFUS2
B01HEXVLEE 17106 B01HEXVLEE
B01HH7KC60 17107 B01HH7KC60
B01HHGAKD6 17108 B01HHGAKD6
B01HHGAKEU 17109 B01HHGAKEU
B01HIUL6WU 17110 B01HIUL6WU
