0 79 1394 2806 3934 6500 6717 7151 7232 8153 9266 10031 10454 10924 11969
1 108 1350 2928 11064 11451 11489 11825 13225 14216 14784 15039 15162 15606 15968 16842 16875 16969 17067 17095
2 310 445 2115 2542 2601 4126 10261 12579 12795 13078 13448 14384 15212
3 82 88 94 195 239 500 526 653 691 1281 1593 2149 2396 2655 4182 4226 4234 4321 4739 4849 4949 5016 5070 5264 5282 5381 5508 5564 5706 6040 6234 6394 6643 6674 6681 7106 7308 7623 7923 8330 8877 9429 9432 10626 13178 13640
4 205 261 633 866 867 886 1768 3385 4901 5685
5 24 162 2189 3155 4062 5393 7111 7387 9629 9631 9686 10408 10802 10956 11507 11597 11624 11901 11948 12067 12283 12476 12651 12714 13153 13230 13676 13869 13885 14038 14637 14701 14751 14773 14792 14845 15153 15263 15350 15622 15768 15885 16253 16471 16655 16790
6 74 1600 3202 3209 4375 7211 9762 9819 10646 11217 11399 11627 12403 12456 12622 12731 13093 13236 13282 13485 14435 14751 14792 14931 14939 14940 15215 15795 15885 15914 15917 15988 16353
7 206 3484 3725 4353 5322 5323 6512 6786 6959 7259 7403
8 236 1036 1177 1360 1884 2585 2811 3098 3151 4101 4102 5042 5842 7428 7701 7708 8174 8185 8749 8785 9295 9435 9677 10088 10437 10888 11009 11284 11562 12777 13670 14960 15678 15705 15974 16781 16929
9 732 733 2069 2560 3386 3562 3818 5553 5723 10869 14960 15192 16013 16281 16519 16832
10 4186 8613 13104 13849 13901 14971 14981 15465 15466
11 10 805 1344 2401 2414 3773 3789 3807 4260 4305 4381 4633 5097 5325 5439 5728 5828 6112 6282 6395 6397 6525 6561 6911 7480 7920 8428 8946 12828 14917
12 523 691 1202 1859 4258 5255 9632 10722 10880 11221 11250 13541 14283 15682 15896 16302 16352 16781
13 721 3897 4200 4285 4623 4930 5063 5728 5980 6354 6591 7682 7756 8218 9425 9929 10105 11399 13558 13870 15870 16061
14 2 941 1803 1933 2060 2620 3071 3119 3852 4403 7361 9411 9528 10310 11212
15 176 610 613 2071 2421 2851 2912 2913 3482 3756 3768 4249 4402 4606 4775 4776 4777 4908 5779 6822 7341 8235 9807 10643 10784 12142 13529
16 88 1026 1088 1281 2418 2419 2420 4729 5556 5918 6200 6555 7695 8189 8456 8592
17 690 1244 1398 1565 1924 6216 6272 6319
18 453 677 1100 1318 1319 1321 2201 4138 4260 4302 4665 5742 6334 6367 6425 6938 7907 8428 8525 9397
19 868 4217 4722 11216 12004 12037 13208 14987 15373
20 89 2944 5450 5677 6812 6813 6824 7845
21 333 4789 9140 9944 12986 14276 15073 15991
22 1991 4158 7079 7831 7931 8035 8650 9412 11128 11368 11449 11450 11805 11875 11955 12067 12068 12359 12360 12370 12468 12475 12610 12752 12819 12840 13169 13277 13311 13320 13362 13369 13370 13412 13471 13499 13534 13537 13632 13818 14153 14198 14199 14208 14209 14211 14233 14263 14264 14372 14374 14402 14585 14611 14637 14701 14713 14832 14836 15226 15349 15509 15622 15630 15758 15759 15772 15850 15992 16821 16903 17087
23 108 1128 2659 3294 3931 4572 5264 5415 5725 5906
24 8345 10080 12812 13413 14560 15118 15550 15579 15857 16224
25 210 293 393 739 1710 1757 1981 3636 3870 4258 8525 14273 15946 16350 16387 16992
26 389 860 2601 9560 9676 12410 12551 12873 13282 13553 13668 14156 14930 14940 15755 15795 15899 15914 15917 15988 16353 16437
27 1091 2942 3701 3819 3829 4250 4318 4669 4670 4671 5327 5553 5887 5932 6203 6399 6401 6678 6777 6935 7072 7342 7714 7724 9136 9369 9475 9703 9719 10237 10423 10764 11339 12338 12443 12795 12838 12956 13132 13188 14363 14818 15918 15932 16609 16762 16873 16962
28 2042 6187 6905 8540 9629 11620 12293 12549 12805 13056 13058 13283 13488 13590 13675 16313 16348 16877
29 124 194 939 1099 1199 1281 1446 1506 2327 2426 2665 3104 3254 3803 3850 4115 4168 4405 8093 8231 8255 9056 10552 11557 11789 12068 12141 12341 12350 12465 12507 12654 13234 13314 13386 13658 13670 13737 14438 14925 14975 15556 16213 16426 16840 16859 17104
30 5797 6057 6058 8345 10691 11336
31 87 235 257 284 354 431 569 588 593 633 646 738 759 824 1127 1135 1186 1187 1220 1239 1258 1363 1432 1594 1614 1663 1938 2317 2391 2399 2401 2408 2462 2531 2663 2665 2702 2719 2720 2724 2803 3048 3851 4440 4504 4974 5077 5662 5728 6282 7025 7142 8586 8682 9721 9979 10478 10754 12178 12618 12966 13600 13675 13728 13856 15693 16137 16317 16629 16648 16875 17040
32 458 502 5698 5961 6232 7115 8390 16151
33 1837 4459 4748 5226 8387 9121 10480 11395 11492 11627 12325 12411 12471 12489 12650 12911 12963 13221 13272 13319 14559 14651 14899 15298 15350
34 503 2912 2913 3741 4170 4249
35 310 649 3944 8085 8172
36 2454 5252 5271 5948 9846 10771 11414 12339
37 173 803 1977 2414 2730 4216 5039 5907 6266 7644 7790 7791 7988 8597 10240 11587 11687 12525 12731 13157 13249 13352 13423
38 1709 1820 3426 3519 7936 13537 13885 14167 15195 15694
39 6548 8448 9224 13234 13627 13660 17040
40 2020 3493 4266 4276 4280 5292 5503
41 298 1131 1239 1454 1953 2821 3000 3329 3718 3768 3857 4858 5254 5521 5873 6394 6643 7047 9445 10178 10786 10889 11320 11619 12628 13291 13424 13546 14197 14319 14432 14524 15564 15632 16300 16565
42 615 1659 2026 2182 3148 3166 3594 4160 4307 4841 5477 6266 6596 6633 6957 7345 7591 8378 8761 9412 10326 10434 10781 11350 11439 11489 11522 11649 11781 11875 11935 12364 12752 12756 13081 13111 13158 13320 13470 13589 13930 14035 14198 14199 14234 14263 14411 14484 14625 14713 14832 14855 15089 15095 15247 15288 15376 15622 15680 15897 15934 16148 16193 16196 16241 16338 16554 16867 16922 16981 16982 17030
43 964 2867 4218 6143 6738 7184 10040
44 192 243 380 1073 1325 1336 1878 1986 2071 2084 2803 3856 4271 4492 4507 5009 5374 5507 5960 6036 6535 7132 7282 7838 8615 9067 9217 9307 9934 10100 11527 11656 11818 13287 14392 14578 14648 14760 14842 15305 15344 15742 15750 16179 16512 16695 16913
45 106 581 1846 2877 3273 3325 3326 3803 3978 4118 4211 4336 5498 6489 7042 8071 8679 10228 10755 11152 11276 11619 11629 11662 11685 11733 11748 11973 12252 12329 12358 12360 12403 12608 12649 12819 13076 13277 13675 13829 13885 14341 14586 14637 14751 15766
46 1035 3441 8350 10740 13011 13086 13168 14560 16091 16140 16604 16653 17097
47 49 74 241 469 613 1339 2310 2416 2490 2729 2843 3627 3707 4168 4182 4230 4243 4312 4402 4432 4790 4818 5171 5176 5318 6046 6430 6451 6654 6695 6765 6901 7152 7399 9057 10040 11754 11973 12799 12819 12974 14276
48 1685 2031 3544 4284 6270 8430 8614 8719 9131 10605 10941 11531 12967 13199 14918 15032 15476 15733 16021 16261
49 246 247 1549 3091 4244 8865 9079 10228 10670 10893 11948 12067 12068 12070 12451 12830 13282 13314 13604 13839 14502 15153 15567 15568 15783 15914 15917 15988 16086 16244 16270 16353 16377 16790 16972
50 2994 3336 3993 4278 4989 5330 8424 8760 8952 9086 9658 10037 10193 10219 10659 10749 10771 10787 10788 10893 11510 13311 13496 14899 15263 15298 16376 16389
51 437 503 1020 1368 2656 2773 2948 3138 3322 3490 3503 3892 4090 4515 4905 4934 4971 5241 5325 5573 5836 6173 6286 6359 6778 6807 7137 7501 7614 7828 8048 9315 10095 10531 10672 11503 11620 15524 15690
52 69 1143 1398 2230 2298 6111 6216 9555 9626 10358 11040 13621 15519
53 816 8721 8731 9043 9866 13220 13239 13328 13877 14770 14796 16580
54 2821 3338 4062 4093 4266 5282 5642 5873
55 107 247 264 1246 1454 1579 1609 2742 3488 5953 14698 15488 16275
56 2101 5680 8854 9627 13222 15927
57 241 847 1132 5831 8376 9891
58 71 3737 4430 5227 6627 6760 7614 9468 10106 10222
59 2750 4234 5290 5874 6154 6256 6596 7053 9638 9820 10153 10713 11168 12004 12714 13153 13632 13673 14653 15822 16061
60 1321 5582 5923 11923 13893 14116 14778 15360 15993
61 221 436 1525 3490 3921 4758 5676 6391 11533 12064 12494 14911 15588 17014
62 650 3581 4913 5619 8385 10058 14405 15622 16471
63 44 51 89 106 159 189 194 265 311 327 580 588 691 717 1816 1868 2140 2243 2414 2497 2586 3085 3382 3608 3684 3693 3695 3716 3724 3748 3803 4146 4161 4170 4171 4295 4317 4377 4401 4504 4702 4796 5079 5517 5547 5799 5894 6067 7547 7641 8019 8418 8429 8525 9108 9197 9570 9807 9969 10011 10061 10152 10715 10909 11376 11507 11662 11679 11793 12364 12996 13111 13283 13412 13533 14279 14382 14701 15864 16409 16608 16883
64 1991 13152 14921 14946 15333 15556 15622 16865 16900
65 266 1131 1407 1441 2095 3869 4051 4091 5416 5446 5615 5953 7330 7660 7676 7765 7906 8947 8948 8990 9094 9289 9712 9987 10008 10076 10109 10198 10391 10963 10986 11030 11031 11108 11189 11568 11685 11748 11750 11828 11890 11924 11947 12113 12245 12338 12339 12344 12375 12376 12576 13000 13325 13329 13339 13816 14164 14204 14216 14296 14303 14380 14416 14516 14660 14661 14662 14663 15078 15521 15730 15768 15769 15778 15796 15841 16090 16097 16249 16280 16328 16333 16474 16527 16549 16632 16764 16867 16974 17019 17020 17104
66 4343 5615 6410 8234 12113 12274 13683 14575 16601 16616 16855
67 1655 4231 9675 10155 10156 10977 11025 11424 11619 11812 11948 12252 12326 12364 12579 12819 13111 13476 14038 14698
68 360 1026 1392 4131 4563 4604 4753 5311 5836 6356 6579
69 4371 5999 6555 7694 7695 9552 10241 10854 11168
70 80 81 99 110 112 250 283 328 367 417 460 469 495 498 503 511 518 600 660 677 691 711 727 769 785 831 928 1128 1169 1285 1318 1319 1321 1366 1575 1738 1742 1768 1808 1865 1936 2009 2118 2205 2266 2298 2325 2342 2400 2495 2502 2680 2736 2745 2813 2814 2826 2837 2859 2879 3120 3158 3178 3235 3280 3406 3459 3477 3616 3659 3746 3811 3931 3971 4015 4100 4156 4232 4283 4389 4488 4528 4563 4599 4672 4734 4763 4788 4805 4966 4981 4983 5016 5063 5102 5104 5122 5252 5263 5272 5325 5355 5364 5436 5442 5532 5581 5594 5661 5665 5673 5706 5769 5944 6060 6181 6204 6230 6353 6355 6378 6422 6694 6803 7296 7375 7984 8181 8192 8469 9200
71 779 6560 7319 8659 9193 9364 9399 9425 9494 9925
72 97 243 271 407 887 1658 1663 1771 1938 2691 2697 2706 2715 2805 3259 3746 4146 4786 4899 7344 7633 8689 9917 11131 11192 11255 11357 11830 12669 14405 14561 14638 15175 15532 16396
73 89 670 2582 2806 3054 5325 5532 5728 6282 6976 8102 9495 14246 16395 16682
74 3071 4096 5616 6884 6992 7175 8572 9398 9765
75 2699 4361 5553 7491 7610 7953 8151 10432 16118 16275 16353 16368
76 8506 8805 8885 9912 10442 10565 11783 12704 12722 13713 14200 15392
77 527 537 571 687 2902 3371 4496 5010 11568 12548 13934 15633 16854
78 148 177 246 516 1178 1931 4263 4597 6422 6766 8412 9047 10593 11700 12360 12819 13233 13277 14286 14689 15113 15296 15862 16350 16387 17069
79 1128 1573 3058 3102 3336 4218 4351 4678 4874 5264 5519 7375 11816 13640
80 1349 3257 3259 3851 4786 5152 11774 12252 12340 13136 14618 15090 16251
81 112 159 2168 2257 2469 2927 3043 3059 3104 3730 3745 3771 4678
82 5504 6187 9629 11919 12376 12579 13060 13074 13075 13208 13221 13329 13413 13660 13676 13812 13815 13821 13885 14038 14751 15529 15667 15914 15917 15988 16429 16762
83 697 1770 2784 2825 4457 7057 8525 9040 9042 11020 11682 12841
84 176 1953 5963 8235 9350 11761 13288 16377
85 1135 1649 1872 4786 5591 5878 6504 7234 8778 10892 11750 12035 14072 15568 16396
86 106 159 191 215 241 266 324 735 788 1328 1650 1735 1764 2101 2560 2830 2857 3005 3125 3179 3288 3322 3324 3563 3744 3747 3750 3954 4201 4206 4254 4347 4354 4620 4678 5439 6386 7719 7762 8429 8792 9125 9981 10028 10106 10158 10161 10739 10854 10909 11057 11189 11393 12032 12776 12795 13089 13829 14720 14990 15927 16668 16822
87 82 117 145 298 331 511 519 2533 2916 3084 3695 3748 4399 4721 4734 6646 8945 11157 12252 13230 13630 14618 16048 16296
88 3608 4265 4273 4838 6766 7195 7728 8855 9136 9558 9864 10530 10784 11313 11496 11512 11547 11629 11774 11910 11973 12068 12676 12838 13233 13648 13833 14384 14465 14659 14704 14705 14751 14775 15112 15767 15914 15917 15988 16064 16667
89 186 889 896 1119 1269 1276 1380 1552 1659 1757 1873 1939 2238 2245 2344 2570 2792 2904 2937 2989 3873 4846 5392 7644 7815 9609 10393 10915 11267 11449 11450 11957 12416 12477 12698 13087 13468 14326 14402 14584 15089 15300 16010 16200 16239 16445 16605 16609 16627 16762 16867 16952 16955 17095
90 452 4140 6357 12963 14966 15745 15997 16633
91 805 2317 2490 5535 6094 6744 6927 7206 12338
92 48 327 511 2784 2992 5088 5282 7324 15917 15988
93 44 89 178 298 367 882 1698 1824 1953 2464 2809 2901 2985 3329 3397 3684 3714 3716 3718 4062 4167 4170 4171 4217 4240 4244 4274 4282 4302 4888 4915 4981 4983 5114 5425 5652 5802 6695 7613 9285 16409 16883
94 989 3862 4091 4349 14616
95 2 540 1666 2563 3625 5644 6603
96 4188 5094 5429 5823 6041 6522 7112 15595
97 1149 2052 2665 3608 4759 5147 9661 11682 12805 13767 14116 15565
98 89 995 2898 4748 9626 9767 9768 9902 10582 11948 12649 13076 13621 14442 14698 15488 16048 16117
99 717 2497 7032 7874 9026 11314 11748 12635 12827 13655 14007 14246 14625 14819 15288 16923
100 519 966 2700 3229 3272 3275 3750 4272 4625 4664 5152
101 310 507 2490 3509 4958 5327 5553 5713 6686 7728 11507 11571 11635 12472
102 89 3259 3608 4277 4392 7554 8476 8614 10924 12253 12514 12715 13833 15257 15857 15885 15977 16048
103 117 181 2249 2250 2502 3175 3646 3699 4474
104 607 713 1466 5528 5879 7670 7724 11088 11390 12067 12068 12354 12365 12955 13220 13282 13403 13894 13907 14462 14637 15417 15914 15917 15988 16021 16353 16762
105 249 813 11595 12868 13506 13850 14261 14283 14370 14404 14411 14484 14487 14530 14611 14620 14625 14688 14820 14826 14875 14919 14987 15013 15015 15249 15389 15720 15730 15933 15964 16047
106 24 89 588 1235 1339 2604 3695 4504
107 149 2371 3522 4724 8231 8255 9683 9886 10175 10896 11636 12608 13167 13282 13388 13815 14249 14448 14604 14708 14907 15526 15768 16048 16353
108 239 956 3733 3734 4146 4717 5586 5681 6071 9075 9151 9332 9351 9674 9783 9807 9840 9880 9900 9974 10123 10131 10672 10842 10918 11024 11374 11793 11893 11943 12365 12922 13153 14135 14239 16296
109 468 5822 5977 6356 8870 11205
110 14262 14380 14638 14698 16162 16612 16952
111 89 232 257 266 4207 5226 9907 10385 11189
112 505 664 820 1541 3501 3639 5619 9158 11871 11988 14532
113 1030 1066 1149 4637 4793 5125 5297 5380 5511 5941 6175 6198 6397 6560 6743 6782 6829 6839 7066 7329 7448 7633 7653 7863 7909 8079 8080 8393 8463 8704 9035 9125 9132 9342 9444 9508 9875 10511 12421 12453 12548 12607 12814 12845 12846 12847 12848 12849 12850 12906 13171 13292 13300 13633 14520 14642 14871 15045 15162 15212 15292 15925 15954 16110
114 4727 5688 6067 6270 6386 6518
115 298 539 542 778 1269 1368 2041 2374 2742 2940 3128 3186 3254 3324 3330 3365 3977 4170 4171 4281 4639 4669 4670 4671 4682 5529 5666 5671 5847 6280 6335 6868 6963 7205 7849 8136 10006 10062 10136 11131 11378 12342 12358 12459 12552 13284 13392 13475 13553 13591 13676 13918 14216 14263 14276 14382 14421 14698 14708 14751 14820 14864 14875 14925 14931 14940 15195 15206 15212 15294 15314 15488 15564 15565 15579 15769 15772 15879 15899 15914 15917 15988 16048 16224 16275 16343 16409 16703 16883
116 569 740 2256 5404 6346 6952 8155 8225 8263 8435 8563 9105 9538 10032 10454 11298 11465 11779 12091 12435 14360 14592 15562 16689
117 37 783 1942 2288 2928 3106 6111 6390 6422 7356 7612 7686 7879 8872 9134 9161 9164 10310 10937 11087 11923 12363 14360 16455
118 273 533 2119 2964 2979 3169 3646 4474 4960 5880 8870 14628
119 1288 2595 2825 3079 4250 4371 6784 6803 8498 10155 10156
120 161 169 284 509 569 620 709 1101 1154 1202 1439 1812 2927 3003 3110 3576 3747 3828 4156 4211 4440 6783 7313 8094 8967 10099 10199 12720 13318 13895 14034 14111
121 519 1824 3322 3734 4093 4130 5282 5487 5725 5742 5906 6013 8919 9552 13673 14203 14341 14566 14654 15006 16822
122 4270 9831 15077 15968 16176 16313 16632 16993
123 278 1710 1928 1989 2072 2249 2250 2367 2447 2454 2742 2822 3191 3228 3339 3684 3688 3731 3768 3784 3786 3971 4138 6264 6759 7579 16275
124 133 1808 2571 3395 4776 4777 8024 9200 9212 12660 15277 15857
125 263 2307 2425 2912 2913 3005 3087 3175 3199 3396 3563 3687 3693
126 23 133 217 824 1398 1446 1942 2739 3428 4320 4444 4810 4930 5657 5755 6216 6271 6867 8620 9626 10110 10677 12068 12649 13076 13267 13334 13376 13621 13829 13850 14225 14275 14545 14688 14777 15049 15158 15207 15257 15294 15467
127 4361 4401 4976 5136 7553 8426 9379 10001 12472 12933 13832 13895 14720 14844 14886 16350 16368 16387
128 2041 4669 4737 5181 5899 6531 9972 11864 11865 12068 12576 13167 13233 13314 13833 15007 15203 15254 15556 16376 16444 16538 16874
129 613 4306 4347 4371 6906 8986 9021 9162 9245 10158 10521 11070 11562 12777 15398 15692 16849
130 1092 3259 10977 12408 13376 13850 16257 16471 16482
131 106 174 215 219 272 293 310 445 453 542 551 581 659 675 788 835 882 1008 1053 1128 1269 1324 1362 1513 1524 1535 1574 1636 1985 2065 2068 2243 2401 2414 2560 2567 2570 2615 2725 2883 2904 2927 2963 3229 3322 3340 3393 3421 3590 3636 3655 3686 3691 3859 4030 4260 4318 4347 4354 4355 4361 4379 4402 4460 4797 5439 5473 5487 5508 5897 5900 6067 6071 6124 6153 6570 6660 7103 7536 7545 7547 8376 8428 8524 8882 9508 9561 9642 9804 9989 10089 10136 10306 10432 10715 10978 11630 12475 14283 14382 16368 16822
132 2624 3991 7358 13347 15728 15815 16829 16861
133 4170 4347 5003 5316 6054 6124 6326 7361
134 235 540 584 1161 3498 8404 13652 15760
135 331 989 1178 3169 3608 3695 4174 4643 5493 5830 6766 10542 12343 15579 15620 16025 16762 16854
136 175 215 247 254 453 500 788 1131 1253 1475 1639 2391 2401 2560 2665 3396 4171 16409 16883
137 48 111 177 181 190 215 310 468 507 805 1026 1027 1154 1719 1764 1799 2231 2255 2262 2364 2555 2665 2700 2701 2759 2883 2903 2912 2913 2916 2935 2956 3015 3339 3340 3364 3387 3422 3679 3695 3768 3897 4081 4093 4330 4602 4614 4678 4721 5014 5094 5121 5327 5438 5818 6054 6324 6634 6870 7119 7356 7760 8854 9301 9800
138 49 80 178 241 253 696 949 1710 1770 2232 2809 3664 3665 3684 3703 3725 3758 3789 3829 3882 3966 3993 4062 4164 4174 4184 4249 4446 4477 4863 5093 5235 6654 9475
139 190 686 733 936 1872 2574 4130 4288 5152 5240 6911 10499 10705
140 1829 8327 10837 11797 12026 12414 12433 12917 13446 13815 14439
141 98 333 880 4709 11425 11624 13061 15392
142 1871 6792 8883 8955 8956 9718 10194 10451 11025 11088 11343 11827 13063 13282 13326 13452 13674 14928 14940 15372 15767 15769 15795 15820 15877 15879 16353 16539 16565
143 19 48 181 195 272 278 298 310 327 453 509 515 611 666 708 966 1269 1636 1770 1868 1928 2168 2262 2271 2300 2414 2469 2560 2701 2903 2916 3175 3202 3205 3209 3329 3339 3513 3636 3689 3691 3733 3761 3769 3773 3779 4093 4122 4143 4203 4216 4260 4265 4330 4347 4361 4460 4606 4674 4721 4772 4840 4964 5282 5586 5799 5990 6269 6386 7111 7579 7901 9264 10432 16368
144 1380 2954 3202 3209 4440 7536 13640
145 35 44 133 298 367 515 914 1802 2072 2502 2679 2938 3864 4380 5676 6422 6469 6988 7362
146 112 152 453 623 972 973 1103 1475 1661 1682 1735 2025 2251 2454 2455 2585 3107 3175 3180 3264 3470 3736 3748 3752 3753 3789 3904 4006 4057 4206 4218 4305 4893 4935 5265 5282 5971 6017 6115 6133 6153 6463 7586 8016 17058
147 2310 2895 3684 4170 4171 6697 6904 9558 9718 10276 10918 11079 12068 12252 12343 12351 13160 13230 13282 13452 13633 14460 14690 15153 15224 15398 15564 15565 15634 15635 15637 15857 15914 15917 15988 16087 16097 16353 16409 16444 16667 16883 16972
148 148 216 298 525 608 1275 1470 1620 1710 2041 2101 2401 2490 2656 2901 2916 3042 3138 3336 3684 3718 3731 4170 4171 4203 4219 4231 4244 4265 4266 4277 4659 4721 5226 5231 5281 5333 5396 5493 5496 5582 5614 5638 5712 5799 9315 9828 16409 16883
149 19 177 298 310 2168 2414 2469 2701 3158 3175 3608 3734 9264
150 242 681 689 942 1252 1274 1532 1568 1583 1836 2031 2391 2724 2742 3174 3179 3271 3293 3333 3416 3493 3612 3694 4092 4235 4237 4313 4448 4478 4667 4682 5516 5847 5952 5989 6002 6590 6612 6637 6684 6697 7180 7653 7718 8006 8222 8337 8344 9136 9152 9629 9633 9684 9688 10063 10227 10228 10244 10487 10509 10542 10715 11133 11423 11605 11619 12321 12338 12740 12957 13136 13327 13401 13660 13869 14980 15472 15633 16021 16073 16270 16275 16432 16655 16794
151 43 1288 2143 3079 3305 3695 4291 4760 5998 6013 6784 10160 10324 10542 10647 10952 11243 12343 12349 13729 14077 16419 16900
152 182 636 696 1204 1353 1370 1947 2031 2118 2274 2496 3562 4503 5076 5471 5677 6150 7270 8550 9321 9476 10004 10669 11168 12785 13264
153 321 2836 3075 3365 3842 4220 5204 6828 6840 8090 8157 9118 9570 9685 10078 10641 10779 11167 11363 11526 11541 11790 12221 12337 13061 14751 15294 16752
154 23 44 70 327 331 851 1128 1196 1402 1686 1700 2255 2912 2913 3365 3870 3971 4143 4250 4260 4288 4302 4330 4347 4356 4361 4362 4379 4401 4421 4465 4606 4786 5009 5078 5079 5172 5303 5439 5487 5636 5645 5812 6013 6101 6380 6386 6663 6803 7001 7296 7364 7469 8351 8386 8461 8524 8525 9301 9323 9674 9709 9757 9989 10220 10432 10542 10713 10831 10837 10873 11168 11221 11380 11410 11490 11744 11760 12065 12390 12486 12536 12707 12996 13061 13504 13533 13557 13751 13762 14382 15006 16368 16396 17077
155 19 43 53 72 86 89 165 172 178 194 216 246 247 264 338 352 363 365 401 429 462 478 573 634 748 771 866 964 987 1137 1169 1178 1212 1368 1433 1573 1579 1662 1678 1710 1738 1768 1815 1937 1961 2022 2096 2097 2148 2219 2224 2255 2322 2335 2401 2467 2486 2490 2665 2700 2725 2843 2883 2902 2903 2999 3061 3066 3085 3162 3202 3209 3276 3290 3340 3420 3430 3684 3738 3771 3803 3837 3902 3925 4013 4030 4099 4112 4142 4170 4171 4222 4244 4260 4265 4281 4302 4312 4330 4331 4384 4386 4400 4574 4578 4599 4606 4656 4658 4678 4779 4840 5178 5245 5269 5356 5519 5524 5547 5553 5588 5747 5793 5830 5887 5938 5993 6570 6610 6738 6760 6852 7081 7154 7197 7433 7469 7996 8066 8071 8236 8253 8351 8598 9146 9264 9508 9661 9666 9691 9692 9800 9989 10542 10584 10697 10779 10835 11275 11744 11858 11914 11973 12308 12517 12776 15577 15579 16224 16409 16668 16703 16883
156 106 256 271 298 546 788 910 1084 1096 1149 1199 1229 1300 1315 1552 1630 1836 1884 1891 1953 1956 2490 2505 4219 4270 4281 4917 5171 5712 5830 6786 6890 8375 8462 9119 10199 10272 10443 11669 11791 12013 12067 12350 12360 12863 13058 13277 13392 13599 13914 16703 16980
157 1485 2912 2913 6938 7586 11803 12068 12573 13282 14520 15254 15483 16353
158 145 533 935 1029 1050 1236 3138 3337 4244 4254 4861 4983 5826 6147 6796 6847 7468 7610 7614 7876 9315 17077
159 331 505 778 791 1097 1174 2687 2697 3023 3564 4092 4403 5002 6453 7706 7938 8094 8596 9119 9120 9357 9634 10163 10444 10559 10909 11131 12013 12805 13015 13058 13156 13226 14513 17040
160 907 1209 2014 2231 2708 2838 3011 3329 3366 3659 3738 4129 4195 4272 4277 4333 4678 4710 4737 4865 4867 4901 4981 4983 5009 5282 5355 5696 5717 6985 9234
161 5272 6011 6159 6661 6801 6839 6972 7370 7604 8618 14617
162 1157 2192 2538 3703 3777 3847 3923 7215 7801 10896 11206 13054
163 2726 5799 5841 9858 14324
164 692 1021 2320 2346 2634 3572 4183 4451 5237 6067 6386
165 92 1612 4341 10273 10823 12360 14276 14726 14931 15967 16031 16048
166 114 1195 1935 2246 3377 5773 10138 10581 11281 13301 13345 14237 15046 15181
167 48 2139 2451 2599 4685 6356 8372 8519 8599 9301 11314 11788 12031 12071 12290 12517 12622 12917 12991 12997 13013 13296 13414 13458 13556 13557 13704 13762 13925 14022 14273 14382 14768 15432 15919
168 578 923 1301 1479 1607 1872 1886 2027 2153 3373 3378 3876 3992 4211 4236 4324 4363 4668 4836 4887 5090 5783 5796 6082 6384 6413 6685 6696 7293 7373 7613 7824 7882 8218 8475 9091 9598 9987 9999 10404 10871 10880 11612 11753 11839 13083 14059 14103 14538 14861 15292 15347 15590 15954 15993 16038 16092
169 28 32 502 557 571 847 1991 2008 2928 3642 3799 4258 4340 4678 5981 6134 6335 7415 8352 9162 9273 11761 12017 12996 13233 13327 13850 14262 14264 14382 14688 14751 14772 14886 14987 15056 15192 15207 15356 15392 15450 15720 15807 15868 16161 16511 16529 16644 16836 16914
170 8573 8855 9629 9880 11025 11088 11169 11536 11662 11733 11795 12608 12619 13695 13761 14315 14331 15294
171 21 71 107 108 236 497 503 513 633 691 891 1297 1899 2300 2851 2916 3608 3755 3772 3921 3972 4188 4240 4265 4312 4372 4402 4721 5024 5094 5351 5642 5818 6511 7049 7187 7201 7412 7614 7742 7754 8429 9558 9628 9677 9972 10227 10261 10542 10711 11414 13647 14875 15091 16667
172 331 2665 3746 4379 5123 6258 6401 7072 7714 9369 10918 12318 13764 13770 14170 14611 14698 15065 15207 15473 16854
173 460 915 987 1991 2569 2665 3166 3172 3678 3774 5735 6134 7348 7806 10311 11092 11629 11701 11948 12320 12698 13230 13558 13600 13607 13678 13705 14490 14618 14845 14931 15037 15187 15220 15414 15565 15638 15885 15946 15970
174 2115 2512 2924 4162 5212 7495
175 114 238 531 929 1142 1816 2488 2622 3167 3336 4349 4367 4384 4703 5084 5231 5599 5901 7086 7351 9103 9292 9462 9472 9527 10093 10373 10650 10854 11399 12073 12471 13018 13495 15192
176 3733 3734 4849 5807 5821 16560
177 4341 4838 6046 6960 8205 9627 10654 12068 13893
178 97 114 189 241 1271 1350 1931 3250 3615 3699 3728 3738 3768 4091 4146 4567 4796 5098
179 1466 1840 1892 3284 4532 9774 10542 11041 11825 12052 12391 12567 13003 13120 13282 13520 13687 14637 14792 14864 14948 15879 16122 16353
180 533 3859 4875 5266 5646 6359 6487 7463 7662 8196 8218 8845 8887 9294 9334 9369 9427 9643 9720 11100 11141 11830 12379 12800 12812 13210 14481 15493 15532 15666 16017 16332
181 8385 11205 13078 14085
182 4888 9403 11932 13438 14203 14875 15207 15339 15373 15833
183 258 466 1314 2408 2805 3298 3399 4250 4371 4734 6236 6803 6878 6988 7626 8562 8563 8839 9143 9234 9326 9461 9537 9693 9859 9860 9886 9963 10146 10147 10387 10747 10803 10901 10982 10994 11070 11662 12122 12138 12759 12773
184 622 649 676 765 1091 2371 2581 2848 3821 4074 4806 4891 4991 5086 5097 5528 6595 7343 7790 7791 8122 8299 8597 9155 9265 9447 9491 9526 9741 10157 10240 11097 11112 11113 11114 11123 11687 12133 12300 12401 12703 13245 13249 13252 13281 13292 13324 13959 14092 14527 14865 14931 15165 15166 15167 15359 15460 15693 15795 16317 16358 16438 16629 16680 16682 16751 16759 16790 16887
185 272 327 2115 4170 4183 4244 4898 5009 5337 5545 5565 6570 6715 7015 10775 11327
186 210 713 1573 1576 2071 3003 3045 3101 4516 5519 6322 6385 13614 13631
187 26 44 48 112 138 149 163 175 189 190 201 215 250 257 278 327 370 405 500 507 512 681 708 982 1131 1196 1339 1366 1380 1475 1620 1768 1836 2162 2300 2391 2591 2791 2901 2912 2913 2979 3070 3089 3121 3329 3339 3368 3382 3522 3585 3629 3634 3708 3724 3756 3786 3799 3803 4030 4100 4131 4151 4231 4240 4244 4251 4282 4302 4456 4740 4795 4796 4872 4877 5035 5197 5396 5614 5833 5879 5913 6013 6347 7217 7340 7361 7547 7579 7901 9285 9616 16320 17077
188 216 219 542 713 918 1020 1122 1158 2527 2725 3267 4328 6708 10136 11059 11561 11861 12214 12662 12917 13754 14183 15164 15192 15533 16186 16734
189 2256 4182 4774 4966 5193 5573 6264 7263
190 113 266 2491 2851 2995 3085 3612 3703 3801 3929 4034 4302 4351 4380 5818 6332 7998 8235 11189
191 3008 4007 6154 7473 11393 11404 11948 12067 12748 14423 16971
192 2805 3259 5092 5420 6529 8080 12149 12214 12559 12824 13852 15164
193 432 461 680 776 802 1044 1051 1549 2136 2508 2524 2530 3325 3388 3592 3727 4413 4433 4683 5840 6246 6686 6851 8031 8147 8166 8423 9554 9945 10870 10884 11267 11591 11709 12039 12182 12524 13122 15396 15857 16615 17026
194 2633 2875 2897 4284 6712 6762 7304 7335 7362 8029 10328 11640 11732 13992 14967
195 276 2737 3177 3254 3335 3349 4624 7553 9345 10093 10242 11541 12061 12106 12987 13833 13895 14084 14149 14263 14286 14409 14770 14839 14842 14925 15059 15110 15189 15201 15220 15539 16350 16369 16387 17043
196 1504 1842 3533 3542 5622 5789 6983 7649 9132 9937 10518 10628 11741 11948 12183 12419 12641 14261 16849
197 4219 4335 6803 6887 9689 11515 11643 13223 16873 17077
198 84 10870 11297 11920 13259 13841 15372 15991 16296
199 146 2973 3271 3612 5454 13633 13869 14290 15352 15500
200 217 303 590 1197 2629 6535 7078 7279 8688 8854 9119 10301 13121 14396
201 176 633 907 1092 1228 1349 1899 2367 2879 3003 3023 3377 4581 5200 5247 5333 5516 5666 5844 6572 6694 6821 7060 7431 7948 8029 8136 8235 8354 8516 8647 9110 9220 9696 9790 9792 10009 10487 10738 11355 11537 11558 12171 14545
202 726 1829 2768 3820 5873 8316 8327 8336 10646 10777 11305 12227 12436 14652 15550 15942 16517 16959 17100
203 5384 5580 5706 6661 6674 6769 6933 7372 7448 7620 7873 8179 8192 8316
204 143 162 502 796 1354 1692 2578 2963 3297 3325 3684 3690 3803 4609 4839 5187 11168 14710 17007
205 905 2090 2128 3448 4017 4582 5613 6984 9469
206 649 1383 1719 1904 5193 6368 7442 8051 8061 9200 9778
207 169 4839 5259 6744 9638 9684
208 51 289 756 857 2079 2227 2585 3430 3531 3870 4176 5079 6803 14216 15502 15781
209 4 34 82 222 266 591 691 1285 1318 1321 1380 1698 1700 1708 2168 2189 2232 2469 2495 2508 2599 3169 3693 3709 3788 4091 4112 4142 4291 4355 4567 4606 5005 5282 5396 5990 5998 11189
210 1326 3673 4143 7167 7643 7801 8227 8770
211 3332 5776 8419 10773 10854 11423 11560 11571 11973 12067 12068 12174 12322 12326 12403 12869 13060 14537 14616 14637 14792 14928 14940 15769 16048 16348 16707 16762 16891
212 338 2405 10060 13152 13264 13538 16781 16809
213 6305 6494 6899 7889 8745 8964 9293 9834
214 1290 1746 3684 3964 5522 5570 6271 7168 7822 8855 9628 9629 9636 9955 10157 10742 11020 11072 11424 11847 12045 12058 12121 12196 12234 12492 12838 13232 13357 13480 13817 13942 14163 14169 14249 14258 14329 14465 14536 14604 14743 14838 15028 15030 15407 15415
215 185 1332 2300 2790 3522 3695 3703 3758 3770 3799 3967 4092 4138 4207 4230 4465 4548 5231 6765
216 2427 3705 8705 9508 9794 10193 10978 12651 12714 13334 13485 13829
217 7 86 163 191 567 608 810 884 1036 1469 1740 1806 2166 2269 2300 2494 2505 2821 3230 3297 3333 3550 4002 4200 4220 4993 5003 5294 5327 5573 5725 5799 5906 5927 6683 7042 7533 7606 7988 8063 8094 8135 9313 9800 9892 10212 16668
218 176 5035 8235 9914 11141 12917
219 1288 2838 5116 6217 7199 7347 7974 8371 8691 9063 9430 9590 9600 10045 10968 11120 11716
220 161 1710 2031 8392 8430 10698 12331 13599 14538 15707 16005 16021
221 178 1574 1835 4191 4530 4891 5441 5499 5578 5649 6055 6208 7026 7400 7506 8497 8919 8983 9334 9428 9434 9448 9449 9800 10087 10888 11280 11614 12406 14757 15550 16668
222 82 639 1206 1672 1707 2618 3058 3125 3184 3273 3695 3718 3731 3736 3768 3770 3772 3789 3885 4064 4118 4170 4171 4250 4260 4265 4317 4734 4775 4874 5330 5404 5517 5563 5586 5990 6386 7187 7341 13529
223 649 8206 11827 13312 13932 14601 15212 16091 16197 16244 16253 16350 16386 16387 16659 16946
224 5412 14658 15212 15284 15659
225 1165 1210 1279 2653 3102 3968 4150 4357 4587 5701 6020 6175 7511 8485 9233 9288 10576 15902
226 156 241 253 502 1077 2081 3723 4208 4270 4340 4530 4680 4891 5102 5114 5135 5611 5994 7612 8797 9001 9381 9971 10120 10153 10512 11438 11459 11498 11594 12829 13036 13900 14099 14378 14403 15363 16105 16277 16532 16533 16534 16570 16891 17088
227 19 453 623 805 989 1344 1698 2026 2320 2451 3091 5014 5702 6493 6772 7808 8031 8605 8857 9264 10156 11168 11995 12468 13279 14035 15168 16536
228 23 24 28 30 32 44 48 58 60 61 63 69 78 89 94 97 106 111 123 139 140 151 152 174 175 176 178 180 181 189 194 195 204 210 215 226 234 239 241 242 254 263 271 272 277 280 286 287 289 292 295 297 307 309 310 337 346 349 354 357 368 393 405 412 422 431 437 453 459 478 487 509 523 530 545 547 553 555 562 564 566 567 571 572 576 579 580 581 587 588 593 594 603 604 619 623 625 630 634 637 644 649 660 664 673 690 692 695 708 716 717 734 735 751 761 763 771 787 788 792 794 799 807 813 814 815 822 824 835 851 853 863 869 870 889 891 896 922 925 927 931 932 937 954 956 961 964 966 969 972 973 980 987 993 994 999 1006 1008 1009 1011 1017 1020 1021 1027 1037 1040 1046 1047 1055 1094 1096 1097 1098 1100 1103 1112 1125 1135 1141 1150 1153 1154 1163 1168 1169 1179 1191 1196 1203 1208 1217 1224 1234 1236 1254 1262 1265 1277 1283 1307 1321 1324 1328 1337 1349 1366 1376 1377 1380 1383 1387 1389 1413 1415 1417 1427 1433 1434 1450 1451 1459 1464 1466 1469 1472 1483 1486 1496 1508 1511 1512 1513 1514 1516 1517 1519 1520 1521 1522 1523 1524 1525 1534 1544 1567 1576 1583 1586 1587 1588 1591 1599 1609 1614 1634 1635 1636 1638 1647 1663 1674 1678 1679 1686 1690 1691 1693 1697 1719 1726 1729 1735 1747 1752 1756 1757 1764 1765 1773 1774 1782 1787 1790 1796 1807 1841 1852 1868 1873 1883 1884 1887 1891 1903 1904 1908 1919 1926 1932 1941 1950 1966 1973 1977 1978 1985 1998 2006 2032 2062 2063 2064 2065 2066 2067 2071 2076 2094 2100 2101 2102 2113 2115 2122 2125 2129 2130 2141 2142 2151 2156 2194 2197 2201 2206 2207 2243 2253 2254 2257 2271 2282 2287 2299 2320 2321 2338 2341 2345 2358 2363 2364 2365 2383 2384 2394 2397 2400 2403 2404 2414 2415 2438 2454 2461 2464 2466 2467 2480 2481 2485 2487 2497 2498 2500 2512 2514 2520 2529 2537 2554 2555 2561 2563 2564 2578 2601 2623 2647 2649 2663 2683 2688 2699 2700 2702 2705 2749 2756 2758 2762 2776 2779 2782 2791 2851 2855 2857 2883 2894 2903 2904 2910 2956 2963 2973 2985 2986 3005 3012 3031 3033 3047 3057 3065 3085 3086 3092 3100 3114 3127 3136 3148 3198 3202 3209 3210 3229 3230 3243 3245 3258 3281 3292 3300 3315 3319 3321 3334 3353 3358 3360 3364 3366 3381 3382 3391 3393 3394 3397 3401 3403 3416 3419 3421 3422 3438 3480 3510 3526 3538 3539 3546 3560 3563 3582 3587 3592 3594 3597 3602 3605 3624 3636 3638 3639 3647 3650 3653 3655 3670 3680 3682 3686 3689 3690 3691 3695 3696 3699 3720 3728 3733 3734 3736 3738 3744 3752 3753 3755 3756 3773 3803 3818 3827 3831 3846 3853 3865 3873 3892 3895 3923 3938 3943 3956 3969 3970 3978 4006 4010 4030 4068 4076 4083 4086 4087 4093 4099 4100 4115 4119 4143 4153 4154 4175 4181 4188 4210 4218 4257 4262 4276 4289 4291 4293 4307 4322 4330 4341 4352 4355 4357 4361 4362 4385 4397 4399 4402 4405 4411 4439 4441 4460 4494 4500 4501 4504 4509 4540 4561 4565 4600 4601 4602 4612 4630 4650 4655 4666 4678 4685 4691 4708 4714 4731 4751 4795 4796 4834 4840 4864 4870 4910 5003 5009 5051 5069 5078 5079 5094 5098 5111 5121 5122 5131 5150 5151 5153 5164 5177 5203 5240 5245 5260 5282 5313 5369 5388 5439 5444 5451 5456 5474 5498 5500 5517 5524 5542 5564 5565 5586 5617 5667 5678 5680 5681 5711 5765 5774 5799 5812 5818 5822 5825 5829 5830 5831 5867 5879 5881 5900 5903 5998 6009 6024 6025 6037 6038 6047 6051 6054 6072 6119 6124 6196 6201 6331 6334 6368 6370 6375 6386 6410 6520 6663 6719 6738 6747 6755 6760 6795 6834 6886 6906 6907 6908 6924 6958 7001 7081 7179 7257 7298 7471 7477 7511 7533 7547 7562 7612 7613 7628 7638 7641 7708 7719 7744 7783 7851 7905 7916 8016 8071 8151 8193 8222 8235 8239 8247 8342 8353 8360 8401 8428 8440 8524 8525 8580 8616 8632 8640 8720 8723 8729 8730 8854 8861 8871 8879 8886 8903 8953 9075 9170 9301 9305 9313 9343 9418 9435 9606 9614 9626 9631 9642 9650 9666 9708 9709 9726 9727 9799 9822 9833 9840 9896 9900 9916 9964 9989 9995 10003 10065 10166 10221 10233 10260 10337 10425 10428 10432 10521 10584 10678 10746 10781 10819 10842 10869 10909 10969 11009 11010 11168 11170 11171 11275 11327 11398 11436 11517 11614 11635 11670 12031 12072 12107 12205 12360 12408 12536 12610 12833 12899 12962 13057 13277 13506 13557 13621 13632 13647 13701 13827 14283 14361 14382 14701 14894 14929 15071 15113 15143 15204 15556 15622 15802 15862 16161 16368 16470 16696 16699 16727 16836 16854 16935 16991 17058 17077
229 105 112 3000 3336 3610 4252 5044 5241 5363 5800 13529
230 1349 1704 2139 2571 3746 3945 6876 7610 7670 8203 10805 11491 14057 14345 14628 14871 15324 15542 15550 15768 16419 16854
231 631 1952 2177 2302 3381 3553 6314 6315 13757 13758 14548 14990
232 8603 9283 10186 12126 12603 13711 13998 14532 14584 16133 16486
233 2950 3391 3592 8011 8311 10013
234 453 989 1865 1989 3221 3300 3981 4062 4093 4181 4250 4277 5282 5681 6216
235 181 860 2024 2457 2905 3909 4173 4724 5094 5553 5604 5818 6047 6558 6818 6834 6835 7153 7283 8354 8419 8783 9625 10317 10659 10805 11358 11891 11936 12129 12537 13060 13282 13693 16228 16353
236 44 320 633 2031 2168 2469 4850 5179 6415 6568 6924 7982 9886 10066 10298 10431 11032 11123 11975 12003 12326 12399 12633 13033 13203 13245 13246 13247 13391 13481 13628 13790 13930 14166 14177 14326 14389 14468 14711 14833 14835 14899 15022 15171 15427 15460 15675 15692 15765 15829 15857 15966 16016 16021 16163 16241 16392 16395 16417 16454 16461 16489 16520 16554 16607 16744 16852 16859 16865 16867 16895 16922 16940 16976 16981 17011 17018 17042 17060 17080
237 3 89 215 2141 4347 4385 4387 4722 5212 5690 6047 6111 6336 6834 6851 6936 8429 9626 9686 9800 9807 10217 13621 16668
238 44 253 1620 4459 6508 7200 9684 9800 10324 10805 12478 13787 15150 16668
239 36 44 48 58 61 65 117 162 173 176 215 240 272 295 310 322 348 394 463 465 487 507 535 620 639 649 659 739 788 835 836 863 993 1044 1046 1053 1069 1097 1125 1169 1233 1269 1344 1380 1441 1450 1456 1490 1521 1524 1678 1692 1764 1765 1766 1874 1903 1928 1985 2030 2085 2097 2101 2142 2200 2256 2287 2295 2414 2418 2419 2420 2421 2427 2440 2457 2475 2480 2560 2565 2627 2634 2699 2725 2756 2811 2867 2883 2912 2913 3003 3072 3099 3100 3138 3205 3245 3275 3281 3287 3322 3336 3340 3341 3342 3358 3382 3391 3393 3510 3590 3636 3637 3655 3664 3665 3684 3746 3747 3750 3752 3753 3765 3768 3807 3938 3966 4030 4074 4143 4171 4183 4184 4187 4188 4192 4208 4234 4250 4254 4258 4265 4289 4291 4294 4305 4318 4361 4374 4630 4633 4674 4678 4682 4709 4711 4734 4762 4786 4806 4863 4898 4934 4940 4966 4991 5045 5061 5065 5079 5093 5096 5097 5109 5122 5135 5235 5245 5314 5321 5330 5374 5396 5429 5471 5490 5496 5508 5528 5586 5590 5601 5614 5648 5679 5684 5723 5725 5742 5747 5779 5780 5816 5823 5851 5906 5932 5937 5968 5990 5998 6017 6041 6121 6128 6150 6165 6173 6191 6211 6217 6272 6395 6418 6425 6546 6571 6595 6619 6636 6639 6644 6719 6883 6921 6938 6995 7035 7111 7112 7119 7137 7169 7195 7200 7221 7222 7225 7348 7375 7469 7537 7552 7702 7710 7718 7730 7797 7810 7823 7836 7901 7911 7970 8016 8032 8061 8069 8094 8143 8235 8263 8351 8396 8423 8425 8426 8482 8505 8524 9090 9093 9163 9212 9227 9234 9315 9543 9553 9554 9555 9558 9624 9642 9666 9678 9712 9830 9858 9884 9895 9941 9989 10041 10070 10075 10076 10137 10154 10195 10220 10244 10418 10432 10446 10557 10645 10659 10677 10909 10924 10995 11171 11637 13090 15597 16368 16396 16667 16822 16984 17058 17077
240 1644 3210 4909 8551
241 19 49 72 92 148 177 181 240 241 497 503 1406 1836 1953 2041 2130 2171 2256 2418 2419 2420 2421 2440 2475 2656 2664 3046 3090 3126 3129 3179 3547 3573 3608 3684 3695 3701 3718 3758 3772 3807 3829 4062 4074 4165 4170 4171 4174 4182 4214 4217 4218 4219 4244 4613 4633 4639 4669 4670 4671 4702 4717 4734 4772 4786 4806 4807 4849 4991 5015 5067 5079 5171 5246 5276 5282 5358 5371 5493 5799 6312 6595 6654 6777 7125 7187 9264 9475 16396
242 19 34 146 298 478 499 542 581 588 592 593 611 676 692 715 863 949 979 1169 1206 1215 1601 1619 1647 1657 1698 1792 1992 2007 2089 2093 2400 2401 2440 2502 2670 2699 2862 2920 2997 3011 3017 3106 3157 3226 3259 3333 3337 3465 3485 3565 3588 3666 3807 3823 3879 3966 4058 4074 4237 4272 4293 4305 4407 4479 4482 4504 4616 4633 4710 4737 4806 4935 5091 5097 5157 5216 5228 5238 5327 5367 5379 5385 5581 5602 5708 5831 5887 5925 6187 6281 6569 6572 6595 6636 6772 6843 6866 6867 6968 6969 7256 7467 7615 7634 7671 7724 7760 7823 8004 8069 8093 8244 8264 8481 8610 8703 8829 8857 8886 8993 9013 9125 9136 9140 9168 9264 9408 9556 9619 9700 9702 9703 9840 9961 9964 9970 9989 10076 10101 10136 10210 10237 10293 10337 10359 10423 10461 10464 10476 10530 10542 10590 10635 10659 10671 10756 10828 10863 10954 11049 11093 11110 11163 11234 11266 11276 11279 11282 11339 11348 11387 11402 11515 11521 11629 11643 11646 11708 11713 11843 11956 12000 12052 12159 12160 12175 12185 12202 12353 12482 12511 12546 12575 12579 12603 12725 12728 12904 12998 13128 13177 13193 13233 13245 13252 13354 13397 13405 13450 13488 13522 13669 13785 13810 13833 13950 13980 13989 14065 14215 14263 14314 14317 14331 14338 14717 14722 14735 14745 14762 14852 14917 14927 14930 14978 14996 15085 15130 15162 15171 15192 15314 15403 15454 15468 15533 15681 15853 15900 16058 16234 16471 16485 16539 16543 16626 16944 17086 17098
243 215 234 717 806 1000 1376 3509 3902 9638
244 1503 2468 7049 8906 10505
245 264 860 1049 1721 2578 3071 3085 6094 6100 6226 7126 8062 8509 8731 8758 8783 9043 9207 9426 9797 9914 10383 10591 10732 10998 11106 11585 11757 12800 13014 13032 13098 13490 14036 14062 14173 14184 14187 14721 14754 14962 15045 15506 15702 15925 15943 15954 15961 16063
246 1427 4213 5321 6447 6736 7599 7762 9411 12541
247 139 143 1199 1836 1953 2594 2791 3168 3202 3209 3694 3697 3708 4219
248 2424 2757 6215 7549 8008 9945 11787 13228 16824
249 571 1196 1646 2392 2571 2885 4092 4366 5351 5621 5728 6112 6275 6282 6786 6869 7641 7818 8661 8695 9405 10795 11516 12701 13491 16774 16975
250 149 4000 4171 4264 4293 4984 5022 5221 5439 5848 16409 16883
251 437 780 2134 3337 4399 4538 8084 8990 10820 12605 13063 13361
252 1155 1773 2927 4222 6269 8385 8426 8428 8614 8750 8900
253 1321 2365 13378 16058
254 154 180 298 384 867 882 4193 4230 4442 4830 4920 5292 5560 5963 6480 6765 7689 8593 9028 9068 9178 9628 10486 10728 11613
255 11935 12464 12504 12756 12773 13314 13320 13353 13364 13683 14276 14837 14906 15931 16039
256 531 1574 6200 6394 6643 11393 12160 12714
257 588 1128 4016 4265 4302 4504 5009 5135 5400 5546 7146 7490 8544
258 503 607 867 3506 4318 5963 9365 9625 10040 10342 10411 10703 12460 12917 16873
259 622 1454 1579 1639 2467 2548 2864 4465 4888 7897 9076 11127 11414 12046 12582 12827 13061 13097 13253 13439 13443 14234 14620 14625 14790 15207 15249 15299 15451 16048 16162 16244 16918
260 6931 7547 9039 10643 10803 10924 10935 12378 13895 14545 15118
261 395 433 776 824 844 899 1186 1421 1453 1506 1537 1669 1785 2561 3256 5033 5039 5576 6049 6455 7347 7768 9376 10050 10460 11587 11857 12380 13468
262 2290 3112 5580 7356 11508 13730 14939
263 195 277 567 1429 1940 2912 2913 4130 4365 5524 5546
264 349 3287 5436 6243 13615 14601 15579 16037 16224
265 288 319 521 523 588 790 975 1016 1278 1772 1817 2306 2459 2634 2678 2747 2750 3196 3492 4258 4504 4734 4797 5300 5586 6766 6944 7758 11276 11510 12059 12314 12523
266 109 363 443 830 2119 2143 3526 4181 4209 4457 4622 4785 4879 5197 5281 5282 5390 5746 6649 7257 7382 7663
267 677 989 1569 1738 3333 5863 8227 8613 10462 11618 13208 13509 14323 14462 14795 15857
268 550 588 1206 1454 1609 1941 2634 2655 2739 2973 3170 4504 8596 10178 10280 12069 16157
269 687 1436 3261 3747 12360 13277 14371
270 707 8094 9101 12259 13702 14274 15279
271 1196 7015 7886 8919 8955 8956 10600 12198 13956 14275 14384 14928 16483
272 219 1835 3646 4333 4371 4474 6955 8327 9020 9597 10152 11019 11217 11391 11495 11625 11636 12452 12653 13282 13832 14384 15397 16233 16253 16296 16353 16662
273 389 1020 6459 7205 8069 9129 9278 9316 12709 13309 13488 14988 15077 15914 15917 15988 16729 16877
274 44 89 169 542 1654 1780 2099 2109 2196 3018 3736 3768 4056 4862 5586 8557 9468 9638 10136 15212
275 49 298 3695 4171 4203 4266 4271 4288 5318 5784 6312 6654 16409 16883
276 176 1458 1770 1772 3083 3945 4092 4272 5183 5924 7880 8235 9185 9629 9728 11948 12000 12339 12350 12451 12475 12819 13122 13314 13426 13531 13660 13787 14317 14417 14637 14698 14751 15352 15610 15746
277 3330 5441 5544 6055 7724 9108 9125 12090 13764 13770 13973 14976 15210 16343
278 440 839 1442 2139 2806 3227 3336 4273 6821
279 234 444 445 503 524 650 673 689 691 756 824 846 914 1128 1208 1263 1344 1377 1402 1434 1678 1705 1891 1931 2065 2115 2262 2648 2684 2864 3341 3494 3509 3579 3883 4112 4186 4203 4277 4342 4355 4356 4361 4362 4379 4399 4402 4422 4447 4778 5303 5314 5384 5404 5429 5474 5496 5503 5508 5536 5553 5558 5618 5642 5679 5765 5823 5851 6029 6041 6061 6124 6207 6240 6422 6522 6561 6580 6880 6911 6951 7015 7027 7091 7111 7139 7169 7172 7390 7480 7597 7598 7614 7636 7656 7711 7751 7771 7774 7797 7886 7901 7927 7962 7995 8092 8117 8290 8422 8426 8456 8524 8614 8628 8672 8786 8854 8900 8914 9075 9213 9227 9301 9373 9556 9570 9624 9631 9709 9783 9800 9807 9988 10015 10076 10137 10351 10386 10396 10432 10499 10580 10600 10659 10713 10760 10761 10819 10894 11046 11119 11127 11163 11168 11171 11276 11496 11825 12031 12307 12319 12343 12359 12474 12576 12696 13058 13061 13153 13154 13214 13253 13261 13269 13405 13488 13506 13509 13533 13556 13647 13822 13832 13870 13915 13971 13993 14021 14038 14105 14248 14279 14382 14620 14622 14708 14772 14820 14886 14987 15006 15296 15389 15556 15781 15807 15862 15870 15885 15946 16010 16162 16239 16253 16296 16330 16368 16563 16668 16727 16781 16836 16909
280 175 177 216 265 633 1178 1198 1750 1751 1758 1878 2130 2311 2698 2921 3829 3861 4092 4244 4265 4281 4384 4392 4513 4786 5051 5152 5574 7728 8412 8489 9164 9267 9475 9627 9629 9718 9800 9801 9970 10086 10189 10306 10363 10772 11157 11620 11662 11700 12330 12350 12819 12998 13058 13885 14216 14276 14698 14708 14903 16270 16396 16668 16703 16984 17043
281 49 4309 6654 7233 8250 10754 11020
282 3332 9686 10194 12328 13393 14500 15372 16627
283 1692 2686 4451 8346 10924 12004 12373 13118 13501 13762 14658 14895
284 1661 2024 3210 3854 3909 4293 5397 5417 5814 5938 6658 6835 7528 7613 8664
285 106 1161 3257 3332 11948 12360 12451 12652 12867 13003 13153 13268 13277 13283 13495 14099 14276 14382 15556 15622 15857 16148 16193 16350 16387 16655 16762 16849 16891 16969 17102
286 145 598 951 1768 1830 1920 2490 2950 3151 3717 3769 3789 3876 4164 4553 5327 7428
287 25 304 374 897 989 1159 1407 1574 2059 2175 2468 2680 2826 2835 2927 3473 3534 3782 3971 4272 4274 4567 4690 4713 5365 5600 7160 7231 7393 7411 7683 8171 8386 8402 8425 8904 9166 9482 9666 9689 9956 10274 10357 12452 13367 15282 16418
288 235 995 5521 6118 6391 6514 6922 7301 7304 7590 7712 7838 8146 8185 8487 9295 9495 9704 10088 10270 10801 13227 13317 14624 14865
289 139 143 571 682 717 1497 1904 2497 4170 4175 4185 4213 4233 4291 4412 4656 5081 5282 5998 6269 6386 6714 6719 6953 6973 7038 7547 7614 7953 8071 8614 8900 9075 9077 9563 9564 9659 9857 9896 10003 10158 10287 10505 10672 10909 10978 11024 11275 11617 11794 11812 12017 12651 12777 13269 13506 13706 14022 14283 14697 14797 15975
290 731 2414 3870 4361 6786 10080 10432 13282 14406 14928 15591 16350 16353 16364 16368 16387
291 95 177 235 265 505 590 912 1377 1813 1894 1940 2208 2318 2386 2487 2604 2646 2699 3023 4105 4317 4399 4869 4871 5205 6584 6768 9004 10930 11628
292 1181 1813 2317 2530 2725 3388 4440 5247 8732 10909 11169 11379 11591 13153 13327 13412 13456 14038 14808 15220
293 26 89 159 193 222 264 298 331 503 510 542 571 588 590 649 689 700 826 841 869 882 989 1041 1068 1275 1441 1451 1475 1481 1540 1609 1632 1699 1772 2079 2365 2454 2457 2530 2656 2886 3169 3329 3334 3338 3340 3388 3397 3407 3684 4121 4128 4162 4170 4171 4234 4237 4265 4266 4293 4302 4465 4490 4504 4530 4583 4678 4682 4688 4891 4895 4982 5072 5086 5091 5143 5164 5238 5245 5307 5313 5493 5526 5553 5578 5723 5730 5825 5847 6054 6077 6175 6213 6283 6476 6571 6803 6818 7017 7371 9508 10136 13639 17077
294 2072 2376 2995 3293 3685 3707 4209 4281 4302 4392 4837 4859 6636 9559 10371 16666 16703
295 157 162 627 1688 1949 2028 2190 2634 2713 3477 3748 4166 4668 4825 4959 5292 5868 6230 6517 6703 7373 7551 7921 7992 8188 8693 8969 9914 12134 13273 13551 14604 14864 15702 15709 15879 15969 16305 16472 16565
296 7306 9476 10880 11020 11185 12785 16109 16538
297 110 601 882 1865 1920 2042 2298 4860 6320 7211 9234 9866 10306 10833 11314 11472 11630 11667 11920 12081 12196 12324 12329 12362 12620 12692 12912 12920 12977 13039 13451 13606 16984
298 151 441 2750 3068 3615 4916 6591 6857 9789 10542 12322 13660 13821 16117 16429
299 156 497 903 1279 1546 1547 2310 2657 3138 3332 3448 3908 3986 4243 4492 5032 5340 5659 6272 6710 8303 9226 9315 9328 11077 11204 11345 12403 12832 13267 13314 13405 13618 14120 14229 14490 16358
300 48 89 478 567 666 675 787 1665 1690 1904 2708 2883 3107 3832 4347 4387 4567 5133 5503 5542 5684 7533 7612 7614
301 2861 2963 4089 4237 4256 6454 9482 11496 13282 13604 16353 16762
302 29 95 266 296 319 809 951 1178 1271 1291 1808 2409 2821 3132 3763 4444 5015 5311 5453 6281 6460 7863 9285 9444 10231 11189 11969 12608 13182 14569 14637 15350
303 2447 3955 4094 4302 4958 6146 7000 7384 8950 9626 10599 10789 11300 11385 11437 11630 11769 11858 11932 12059 12858 12928 13282 13621 16353
304 499 1463 1683 2347 2528 3993 4205 4318 4370 4477 5333 5440 5504 5611 5644 5856 5916 6320 6960 8728 9268 9285 9638 9872 10749 10771 10772 10976 11399 11400 11494 12238 12318 12330 12340 12349 12350 12358 12473 12512 12579 12655 12755 12820 13488 13548 14029 14038 14384 15914 15917 15988 16873
305 1953 2474 7335 7872 8260 8290 9234 11628 12789
306 15 298 389 1063 2780 3330 3893 3895 3977 4370 5690 6278 7082 8147 9316 10274 10450 10918 11272 11906 12326 12459 12747 14053 15359 15488 16343 16627
307 176 936 1328 3129 3395 4602 7610 7749 8235 12067 13396 13768 16366
308 2392 3978 7119 7760 8135 11063 11872 11970 12819 13098 14542 15819 15963 16064
309 507 1026 1806 2000 2679 2910 8396 9525 11192 11571 11619 12145 12252 12433
310 87 191 630 661 897 1309 1314 1399 1650 1796 2001 2036 2140 2337 2391 2524 2562 2697 2700 3271 3298 3535 4201 4320 4555 4694 5314 5452 5703 6239 7225 7717 8325 8912 8936 9533 10016 10263 10424 12759 12881 13707 15026 16512
311 26 71 74 165 239 270 298 450 839 890 892 991 992 1271 1281 1347 1497 1556 1584 1598 1700 1837 1920 2047 2181 2409 2507 2597 2946 2996 3123 3222 3481 3512 3580 3644 3662 3705 3729 3766 3954 3972 3993 4019 4054 4060 4133 4269 4337 4350 4776 4777 5402 6007 7486 7574 8028 9656 9684 10124 10224 10311 10486 10662 10912 10999 11219 11380 11419 11519 11562 11602 11772 11912 12025 12339 12376 12646 12828 12963 12982 13481 13549 14917 15025 15563 15576 15711 15736 16291 16464 16648 16673 16704 16723 16888 17059 17101
312 44 327 807 1521 2414 3050 3092 3394 4530 4717 5111 5502 5545 5601 5696 5758 7079 11615 12110 12289 12418 12468 12648 13013 13118 13141 13154 13280 13726 13915 14248 15392 15591 15623
313 298 914 1904 2502 3076 4237 4967 5573
314 44 163 327 399 567 625 898 1168 1269 1904 2076 2262 2705 2773 3005 3046 3241 3300 3366 3563 3663 3734 4188 4258 4303 4318 4532 4567 4657 4913 5009 5049 5071 5078 5456 6067 6294 6639 7533
315 5035 10016 11410 13397
316 183 1506 1526 2790 4170 4171 5747 5960 6332 11080 11619 11626 11630 12338 12819 13234 14751 16409 16883
317 592 1531 2145 3332 3968 4061 5861 6642 7119 8510 8511 9998 10089 10377 11429 12035 13412 14072 14959 16194 16354 16854
318 1640 6561 7041 7047 7597 7728 7794 8590 11096 11314 12626 12627 14322 16350 16387 16600 16946
319 1266 1407 3332 3969 6397 13234 14686
320 7037 10717 11015 11423 11496 11630 12058 12189 12324 12328 12329 12346 12365 12608 12623 13091 13216 13409 13568 13660 15014
321 49 102 109 112 139 162 178 181 189 202 213 227 239 273 372 696 796 852 876 989 1350 1406 1556 1770 1899 2147 2181 2447 2652 2785 2842 2851 2883 2927 2997 3045 3107 3109 3149 3175 3182 3255 3297 3299 3397 3626 3671 3705 3708 3721 3724 3725 3751 3773 3775 3782 3783 3784 3789 3820 3830 3885 3971 4039 4093 4096 4137 4142 4145 4147 4150 4151 4152 4154 4155 4164 4165 4167 4173 4174 4180 4196 4204 4208 4216 4219 4221 4226 4228 4230 4231 4240 4242 4251 4264 4265 4291 4432 4444 4466 4486 4490 4552 4561 4584 4603 4628 4663 4690 4730 4734 4750 4757 4760 4769 4784 4796 4802 4804 4811 4813 4835 4837 4849 4859 4867 4893 4979 4981 4983 4989 4995 5009 5022 5044 5045 5061 5101 5103 5135 5222 5231 5282 5334 5377 5425 5440 5517 5586 5642 5784 5998 6174 6654 6765 9708 13640
322 298 327 658 1989 2523 2941 3648 12343 12795 13314 13830 14066 15768
323 540 5117 11190 13075 13842 15579 16048 16224
324 1041 3162 5887 10506 11075
325 134 199 467 1329 1452 1493 1718 2093 2710 2936 2955 2962 3443 4200 4310 4428 4808 5279 5294 5435 5436 5437 5463 5538 6175 6324 6476 6782 6891 7095 7152 7273 7403 7490 7494 7776 8051 8139 8249 8559 8645 8905 9001 9410 9571 9673 9897 9979 10165 10239 10364 10612 11091 12126 12222 12960 14584 15025 15410 15533 16105 16178 16435 16684 16897
326 18 1397 1692 3171 3332 3542 4684 4958 5172 5274 5887 6814 7564 8040 8213 8426 8738 9461 9624 9795 9948 10202 10580 10638 10661 10894 11067 11142 11380 11437 11905 12144 12376 12795 12930 13104 13146 13214 13290 13306 13488 13838 13849 13858 13973 14057 14398 14435 14555 14912 15210 16377 17014
327 394 441 787 1093 1324 1663 1884 2198 2562 2731 4326 5168 6613 9635 10955 12037 13951 14075 14876
328 234 394 882 892 1530 2457 2597 3018 3591 3630 4217 4848 4876 4904 5445 6515 8618
329 7364 8207 8361 8787 9568 9626 10306 10413 10510 10632 10668 13621
330 239 265 672 1086 2496 3193 3426 4544 7386 8262 11580 11718 13054 13643 14896 16379
331 156 1328 1423 1590 2175 2219 2431 2626 2891 3727 4261 4879 6363 6862 8656 9213 9377 9730 10076 10262 12202 13338 13471 13815 15812 16340 16469
332 176 298 310 588 771 819 1026 1037 1366 1441 1746 1819 2102 2146 2156 2264 2464 2512 2773 2916 2985 3339 3397 3699 3747 3807 3858 3923 4143 4244 4258 4397 4504 4674 4721 4861 5151 5384 5508 5999 6121 6159 6286 6356 6375 6592 6784 6933 6969 7172 7295 7527 8235 9435 10393 10499 12775
333 3612 5282 5899 8227 8864 9612 12008 12580 14709
334 19 21 175 241 247 298 310 503 523 636 866 1768 2490 3608 3684 3718 4170 4171 4174 4188 4786 5799 9264 16396
335 858 2745 6609 7606 10008 10255 12452 13367
336 10 713 4574 4930 9476 9487 9755 12917 13352 13806 15094 15883
337 127 422 2451 3680 4143 16849
338 6160 6982 10655 10973 12958 14131 15694
339 19 24 49 129 156 163 176 177 178 180 181 193 241 253 310 327 331 503 507 611 1454 1620 1692 1698 1710 1768 1804 1836 1928 1989 2168 2256 2414 2440 2469 2634 2656 2679 2773 2790 2791 2822 3005 3035 3076 3080 3138 3175 3181 3338 3339 3340 3341 3342 3397 3563 3637 3664 3684 3699 3724 3741 3773 3836 3852 3955 3980 4074 4138 4171 4187 4188 4203 4218 4244 4302 4305 4317 4330 4361 4402 4606 4657 4678 4702 4798 4806 4967 5022 5064 5119 5237 5250 5313 5314 5327 5456 5496 5524 5573 5665 5725 5765 5799 5834 5906 5958 5980 6013 6047 6089 6395 6422 6445 6595 6654 6695 6780 6945 6964 7035 7054 7111 7137 7258 7313 7324 7348 7361 7475 7901 7970 8032 8151 8235 8425 8524 9157 9234 9264 9278 9315 9684 9884 10106 10432 16368 16409 16883 16984
340 249 270 2997 3228 3288 3633 3713 3721 3934 3993
341 824 1426 3259 5358 5531 5696 13919 15763
342 449 469 955 1519 1700 1827 2006 2365 2400 3039 3175 3341 3684 4034 4347 4389 4565 6312 6754 7364 7561 7610 7811 7991 7998 8094 8143 8246 8525 8660 8725 8783 8854 9180 9283 10425 10428 10672
343 42 134 184 204 248 512 551 573 577 675 682 694 857 1037 1149 1312 1344 1350 1379 1574 1727 1738 1939 2056 2078 2101 2121 2145 2161 2277 2414 2530 2553 2806 2821 2881 2883 2910 3054 3066 3142 3281 3294 3388 3391 3421 3467 3624 3866 3938 4597 4724 4846 5060 5445 5515 6356 6786 6880 7377 7483 7598 7670 7675 7789 8240 8863 9363 9403 9522 9659 10072 10909 11161 11346 12714 13061 13870 13927 14137 14405 14820 15389 16441
344 139 3102 3202 3209 3294 3336 3684 3775 4093 4171 4213 4218 4234 4241 4244 4258 4265 4266 4277 4282 4291 4292 4308 4350 4622 5145 5330 5347 5586 5712 5744 5848 5876 5914 5937 5998 6179 8583 9922 14751 16726
345 1446 1698 1942 2154 2413 2539 3332 3972 4231 4282 5985 6332 6602 7961 9626 9806 10322 11070 11277 11423 11508 11536 12286 12350 12362 12507 12714 13195 13230 13233 13621 14845 14897 14928 14939 15153 15246 15324 15397 15477 15564 15579 15694 15768 15795 15914 15917 15948 15988 16224 16250 16419 16539 16579
346 10227 10945 11973 12077 12252 12331 12403 14618 14751 15914 15917 15988
347 176 1262 2231 2271 2589 2734 2784 2912 2913 3750 4188 4261 4277 4391 4399 4567 4991 5457 5696 5712 5848 6174 7638 8069 8235 8418 8632 10868
348 2249 2250 2822 3748 3784 4878
349 1563 3349 4167 4557 8429 8854 9687 10021 11619 12322 12360 13277 13282 13495 13825 14462 14820 15564 15743 15795 16230 16350 16353 16419 16608
350 58 139 309 1919 2169 2201 2303 2630 3103 3575 3710 4062 4932 5011 5166 5980 6030 7825 7975 8239 8531 8852 9092 9200 9499 9578 10078 10268 10762 12088 16083
351 882 1738 1819 2454 3954 4268 4288 4310 4375 4619 5313 5733 6087 6520 7035 7614 9093 10866
352 264 3736 6030 6153 6638 9203 9708 14200
353 704 3169 3404 3612 4207 5226 6695 8084 11152 14155
354 2682 3060 3340 3717 3733 3734 4161 4258 4266 4351 4355 4630 4715 4745 5829 6386 6464 8428 9989 10652 10713 11276 12004 12359 14340
355 161 249 1680 1814 2490 2626 3149 3327 3429 7153 10037 11340 11597 12283 12608 13236 13261 13282 13485 13661 14216 14273 14290 14462 14468 14566 15207 15568 15707 15931 16021 16185 16255 16330 16353
356 750 2625 2806 3231 3504 4930 5206 5351 5431 5983 6657 7553 7574 8448 9120 9224 10869 10884 11355 12013 12340 12343 12455 12592 12626 12627 13058 13220 13488 13907 14138 14161 14640 14964 15391 15890 16296 16366 16403 16432 16611 16636 16759 17072
357 49 4873 6043 6654 8516 8855 10644 11167 11298 11314 11349 12243 13324 13451 13816 13869 14153 14365 14465 14717 15206 15407 15795 15914 15917 15988 16867 16946
358 44 194 331 499 505 689 822 1033 1514 1634 1756 1989 1991 2168 2469 2674 3345 3728 4303 5947 5956 7116 7416 7707 7777 9620 11504 11654 11664 12090 12172 12418 12474 12691 12706 12998 13030 13475 13599 13600 14262 15488 15532 15857
359 180 726 1579 1609 3071 6642 7363 7663 8699 8709 8932 9146 9177 10646 11396 12716
360 19 247 253 298 328 418 503 507 553 880 1386 1506 1768 1804 2490 2502 2525 2563 2657 2665 3037 3076 3852 4265 5080 5799 5936 6781 7220 7228 8874 9264 9527 9850 10043 10292 11629 12819 13079 13661 16960
361 149 189 437 514 592 1568 1770 3695 3748 4796 8255 8262 9047 16665
362 527 1330 2517 3071 4225 4899 5440 5546 5799 7937 8430 8746 10753 13676 15694
363 2464 2985 4131 5879 10673 10993 11568 11865 12548 12784 12955 13739 15306
364 179 316 320 356 375 542 554 1230 1563 1808 1936 2083 2308 2408 2528 2612 2832 2930 3206 3927 4363 4388 4572 4673 4787 5267 5703 5918 6661 6839 6941 7329 7448 7917 7950 8397 8464 8802 8888 9220 9254 9731 10130 10136 11073 11500 11883 12069 12942 13139 14306 14444 14509 14520 15715 16151 16261 16485 16627
365 4876 5021 6300 7395 15714
366 12 13 23 111 149 199 247 393 426 467 495 503 510 520 550 590 893 901 902 903 904 905 1109 1128 1186 1329 1427 1493 1644 1719 1950 1956 2071 2085 2090 2156 2329 2503 2537 2600 2793 3004 3069 3448 3509 3543 3588 3684 3746 3838 4075 4170 4171 4218 4479 4612 4643 4778 4808 4822 5190 5195 5482 5728 5876 5974 6323 6336 6671 6680 6762 6873 7125 7182 7262 7339 7449 7605 7628 7971 8160 8315 8648 8988 9170 9224 9225 9328 9726 9820 9964 9995 10068 10839 12067 16409 16883
367 47 1698 1904 2901 3106 3637 3665 3966 4203 4265 4302 4661 4863 5241 5429 5553 5601 5642 5712 5784 5797 5816 5835 5873 5990 6013 6398 6418 6522 6695 9200 15597
368 1288 1942 2077 2825 2843 2914 3776 3988 4165 4220 5007 5318 5734 5952 6160 6220 6386 6747 6828 8125 9574 10805 10918 11273 12337 13537 14849 15564 16005 16048 16275 16576 17076
369 1737 3961 5929 9397 11618 13451 14734 15477 15903
370 106 1481 1792 3166 4135 4510 9208 13654 14035 14405 14831
371 2031 2327 2966 3945 5327 8231 10570 11391 13600 13815 14390 14545 14928 15204 15579 15914 15917 15988 16021 16224 16323 16419 16900 16969
372 1235 1692 2719 3288 3697 3719 3736 3773 4024 4288 4302 4532 4674 5009 5282
373 883 6759 7493 8227 8646 11503 14230 14970 15271
374 36 142 161 179 462 1035 1246 1750 1934 2008 2054 2147 2594 2665 3488 3628 5351 6604 8218 9862 10226 10906 11081 11507 11529 11576 12017 12819 13654 15350 16591
375 2145 11004 12331 14882 15014 15205 15435 15447 15566
376 1506 1985 2773 3005 3563 3695 3768 3773 4657 5396 5590 16409 16883
377 631 851 1059 1839 2282 2666 3238 3680 4071 7976
378 82 533 4190 5272 5481 5929 7176 7216 8131 10186
379 15586 15763 16070 16253 16353 16439
380 2093 2638 5434 5435 5436 5437 6246 9361 9369 12274 16178
381 2721 6600 8033 9762 10020 12338 12344 13235 13261 14435 15529 15579 15891 16330
382 289 2114 3410 3467 6593 7592 7687 8627 10383 10477 10630 10732
383 1600 1631 3257 3736 9220 10156 13282 15768 16187 16258 16353
384 215 434 542 571 1293 1368 1597 1695 1903 2148 2243 2678 2725 3110 3592 5701 5709 6693 7034 7869 8695 10136 10558 12408 13011 13255 13505 13519 13911 14059 14430 15167 15377 15945 16038 16893
385 327 1719 1742 1904 2911 2959 3311 3680 3699 3940
386 6644 8376 9694 11001 14584
387 134 176 197 320 571 680 749 781 813 860 900 931 989 991 1178 1269 1308 1409 1632 1671 1682 1764 2144 2284 2346 2401 2457 2524 2578 2732 2762 2821 3054 3202 3209 4612 4736 6338 6816 6924 6939 7356 7414 8235 8939 9329 10155 10156 10368 10616 11088 11391 11822 12463
388 198 717 2497 3365 5574 6299 8836 9801 11590 11864 11865 12390 12579 13227 13654 13885 14038 14384 15168 16270
389 3324 3407 7982 9380 10161 10570 14599 14939 16632 16702
390 23 499 2664 2912 2913 2930 3747 3927 5553 7215 8218 10268 10888 11305 12565 12741 14628 14900 14976
391 358 7804 7982 11865 13397 15212 16048
392 2912 2913 3179 7586 9591 10521 10774 11747 11973 12573 13679
393 529 719 1110 1848 2042 2677 4338 5043 8449 14320 14446 16398 16672 16723
394 428 773 1816 1891 2548 8976 9720 9800 13115 16668
395 101 621 831 941 1035 1274 1394 1454 1579 1600 1949 2422 2571 2677 2679 2791 2995 3045 3332 3339 3340 3462 3524 3671 3709 3731 3777 3890 3971 4282 4538 5058 5197 5231 5800 5855 6345 6687 6789 7580 7645 8254 8892 8951 9086 9133 9565 9800 10150 10177 10312 10551 10779 10789 10952 11031 11043 11277 11298 11415 11510 11924 12059 12634 13327 13373 13865 13985 14257 14294 14325 14433 14899 14971 15542 15841 15998 16096 16539 16668 17010
396 2216 3045 3102 3104 3202 3209 3229 3954 9684
397 2014 2168 2469 3315 3370 3401 3749 3824 3857 4402 5678 6410 6703 7456 8234 8617 9164 9400 10011 10152 11423 16300
398 1543 6177 6708 6797 7259 7721 8314 10500 12214 13354 13772 14535 15091 16019 16240 17039 17068
399 33 298 492 907 1050 1134 1144 1235 1431 1441 1494 1568 1906 2042 2278 2301 2400 3338 3505 3829 3912 3969 4623 4638 5169 5799 6121 6181 6469 6571 6593 6649 6677 6679 6935 7137 7162 7388 7502 7527 8243 8865 9475 9598 9712 10749 10784 11633 11753 12121 12443 14173 15086 15848
400 54 89 161 166 169 359 429 676 731 982 1131 1228 1279 1454 1556 1582 1609 1698 1741 1837 1881 1892 1937 1942 2186 2264 2370 2408 2444 2454 2552 2554 2568 2634 2719 2742 2743 2744 2802 2803 2843 3091 3175 3267 3285 3313 3339 3407 3493 3567 3669 3704 3768 3783 3836 3888 3897 4020 4044 4062 4078 4205 4266 4272 4381 4413 4416 4569 4652 4668 4722 4784 4818 4849 4870 5402 6147 6215 6307 6332 6446 6687 9684 10061 11070 11503 12209 16275 16300 16998
401 44 519 1519 1699 2396 2847 3328 3332 4565 6173 6193 6325 8426 9517 9629 10616 11973 12003 12068 12509 12900 13003 13153 13228 13306 13780 13829 14119 14255 14340 14462 14476 14566 14658 14751
402 12 13 281 607 713 1844 1882 2850 3554 4505 5091 5433 5521 5676 5817 6158 6469 6593 6703 6935 7440 7816
403 677 1263 3132 3328 5873 6281 6990 8546 9689 10838 11510 12059 12346 12606 15508 15768
404 187 492 649 1622 4165 8460 9381 10542 11348 13036
405 360 516 2132 2806 4730 5537 11865 15090 15283 15474 16003
406 150 476 746 2509 2964 4960 5273 6607 7598 7794 8409 11619 12592 14015
407 140 2286 3102 3331 3687 3697 4138 4288 4291 4309 4317 4330 4351 4359 5337 5579 5998 6380 6386 6906 7031 7711 8868 8914 9234 9794 10019 10049 10360 10646 10831 11169 11256 16984
408 445 614 964 1738 2487 2537 2775 2912 2913 3114 3687 3888 4414 6738
409 2738 2872 3445 3798 4168 4760 6093 9126 9232 9629 10542 12436 13086 13412 13885 14047 14314 14390
410 2320 2649 3106 13295 13396 14216 15492 15768
411 3095 3578 3650 5728 6282 11354 13327 14296 15521 15618 15675 15697 15775 15980 16708
412 511 515 518 711 1366 1710 2634 2997 4392 6661 6839 7258 8206 8399 8613 8919 8952 9691 9692 9973 10011 10154 10258 10471 10600 10659 10710 10838 10924 10960 11922 12070 12073 12198 12343 13253 13261 13884 14216 14251 14600 14673 15015 16003 16330 17086
413 333 3090 3547 5657 7614 12072 14977 15178 15269 16296 16762 16827
414 491 547 686 1392 1742 1790 1796 2487 3049 4429 5260 6535 6764 7096 8136 8832 11527
415 75 3567 5135 9529 9841 9853 10235 12004
416 475 509 861 1856 2074 2075 3481 4297 4326 4468 5087 5454 5649 5731 6208 6379 7592 7852 8937 8969 9132 9495 9745 9972 10281 10600 10623 10624 10733 10998 11046 11268 11335 11361 12085 12130 12397 12419 12664 13511 13964 14277 14481 14525 14624 14695 14780 15025 15738 15814 15943 15954 16141
417 2579 3675 4818 5909 7110 8134 8990 10322 11532 11577 11630 11656 12082 12338 14545 14570 15520
418 1059 1898 5773 6702 6914 12105 14109 14413 14902
419 714 2038 2098 2502 2586 9535 10312 11620 11625 12363 14265
420 2451 2871 3342 4352 5138 5164 5725 5825 5906 6298 8292 9350
421 49 264 717 1128 1168 1433 2497 3175 3676 3677 4312 5264 5439 6386 6496 6654 7324 7547 7612
422 20 24 40 44 58 97 145 148 190 197 304 309 327 328 367 453 507 538 623 689 943 989 1046 1100 1120 1318 1344 1362 1380 1383 1433 1624 1636 1692 1698 1699 1710 1738 1742 1770 1782 1904 1931 1991 1998 2015 2089 2092 2163 2182 2201 2251 2320 2346 2425 2618 2634 2784 2797 2853 2868 2902 3058 3099 3138 3176 3277 3322 3323 3410 3583 3616 3620 3622 3676 3677 3684 3691 3692 3710 3724 3805 3959 3978 4053 4113 4138 4143 4149 4158 4170 4171 4181 4205 4260 4302 4305 4310 4313 4361 4362 4402 4426 4452 4493 4588 4632 4678 4681 4709 4711 4778 4801 4834 4852 4874 4880 4940 4964 5032 5039 5110 5164 5187 5233 5237 5245 5264 5282 5344 5357 5376 5388 5553 5701 5717 5725 5812 5825 5858 5887 5906 5952 6119 6634 6644 6659 6695 6810 6875 7023 7119 7195 7416 7561 7809 7810 7901 7940 7988 8071 8093 8114 8205 8207 8396 8401 8435 8457 8461 8954 9136 9163 9200 9315 9484 9508 9519 9656 9678 9716 9892 9897 10032 10134 10148 10165 10204 10268 10291 10416 10432 10446 10510 10529 10555 10565 10574 10576 10672 10870 10878 10919 11048 11069 11145 11168 11258 11276 11314 11316 11317 11404 11463 11616 11635 11774 11823 11972 12003 12182 12260 12557 12819 12832 12917 13006 13153 13220 13396 13435 13509 13529 13810 13882 13907 14074 14215 14335 14338 14883 15204 15356 15404 15535 15583 15670 15748 15781 15885 15888 15956 16117 16251 16368 16409 16436 16609 16699 16822 16856 16883 16991 17086
423 49 149 1092 1261 1693 1899 1953 2102 2310 3329 3340 3695 3718 3758 3769 4171 4174 4178 4182 4203 4214 4244 4270 4273 4281 4288 4394 4734 5318 5496 5574 5712 5836 5990 6280 6312 6633 6654 6803 7031 7348 7359 8835 9629 9690 9886 10140 10629 10641 16409 16883
424 264 293 421 536 814 915 975 1046 1211 1268 1464 1518 1660 1929 2342 2403 2467 2492 2638 2665 2700 2900 3108 3492 3969 4666 5000 5008 6134 8264 9004 11388 11791
425 74 1454 1627 2031 2472 3945 4130 5282 7821 9127 12068 13230 13282 13606 13885 14216 14928 15153 15564 15605 15769 15795 15857 15914 15917 15988 16021 16048 16353 16419 16432 16444 16678 16900 16973
426 590 1819 2100 2102 2679 3695 3910 3953 4465
427 2470 2491 2790 4230 4402 4873 6290 6765 7258 8122 8262 8266 8270 9074 9384 10593 11630 14490
428 960 1035 1481 2317 3803 4291 4786 4930 5092 5401 5696 5874 5998 7079 7345 7450 7475 7660 9137 10329 10393 11163 11748 11751 12240 12370 12729 12944 13540 13752 13888 16083 16396 16685
429 4008 6657 6934 9137 9746 13050
430 179 190 247 965 1091 1184 1446 2130 2381 3608 3748 3772 4130 4270 4370 4392 4978 5574 6220 6439 7187 8088 8348 9574 10227 10705 10805 11662 13063 13224 13413 14174 15077 15565 17076
431 1167 9159 10932 10993 11001 12000 12126 12214 12876 13359 14424 15090 15306 15618 16125 16538 16967
432 195 3138 4091 4355 4690 9315 10474 10499 10893 11211 11273 11489
433 3186 4254 4274 4690 4760 4767 5045 5914
434 449 7253 7767 10607 11582 13792
435 2 4645 5351 8399 9280 13600 16351
436 1816 3885 4064 4623 6571 7137 7710 7797 9712 10774 13960 13971 14038 14384 16253
437 396 807 2064 2151 3100 3394 3597 5111 7916 7975 8239 8504 10078
438 1868 4266 5363 6209 7612 8428 8951 10779 10979
439 23 263 712 812 1448 1685 3338 3746 3789 3801 4243 4252 4734 4772 7661
440 310 562 1180 2451 2922 3686 4903 5545 5680 5723 12418
441 4289 4305 4324 4717 5067 5501 6061 6240 6386 6463 6588 6804 7015 7035 7287 7667 7823 7824 7886 8032 8100 8955 8956 9093 9094 9901 9911 12305 14881
442 173 689 3057 6840 8157 8294 9453 10908 12676 12716 13233 13869 14852 14908 15143 15224
443 167 174 215 234 453 1046 1217 1420 1486 1496 1586 2071 2197 2414 2560 2647 2688 2756 3031 3032 3300 3334 3391 3630 3695 3773 3938 4056 4465 4532 9727 12518 14106
444 169 3515 4748 5301 6683 7372 7478 7535 7639 8066 8383 8731 8919 9043 9625 9755 10061 11169 11171 11510 12056 12059 12328 12608 12714 13660 13837 15675 16228 16894
445 611 1173 1316 1347 1740 2233 2496 3899 4606 5155 5553 5713 7107 9205 10578 11565 13994 15408 15737 15816 16532 16762
446 2139 2629 3241 3422 3663 4288 11174
447 71 72 177 203 223 242 371 505 670 1467 1609 1738 1788 1928 2130 2505 2664 2791 2821 2822 3089 3380 3585 3784 3972 4236 4330 4465 4598 4953 4954 5499 5799 5952 6082 6718 6724 7072 7108 7125 7342 7481 7597 7598 7714 7794 8508 8810 9075 9577 9747 9748 9800 10116 10131 10280 10592 10819 10888 12322 12364 12576 13089 13111 13249 13821 13944 14157 14167 14263 14437 14641 15005 15154 15246 15334 15564 15715 15815 15848 15876 16429 16438 16497 16498 16668 16680 16759 16790 16792 16827 16953
448 689 1890 3476 4796 10227 10802 13366 15164
449 2872 4216 7443 9151 9718 10981 11536 12042 12145 12483 12576 12592
450 787 949 1977 4516 4885 15356 16665
451 331 441 812 941 2446 2530 3104 3388 4489 4628 4734
452 173 857 2591 3158 4170 4302 4591 4597 5049 8206 10779
453 71 121 140 255 1344 1640 1719 1865 2963 3158 3461 3526 3754 3755 3891 4062 4154 4170 4210 4218 4230 4234 4244 4254 4257 4258 4268 4501 4601 4861 4907 4919 5009 5022 5071 5079 5094 5138 5218 5237 5320 5337 5359 6765 7257
454 1609 10295 13233 13831 14017 14155 15857 15879 16419 16693 16762 16891
455 5301 5990 8224 12066 13005 13315 14588 16047 16206
456 453 3059 4880 7157 13654 14958 15595 16389
457 417 793 853 1014 1162 1181 1229 1507 1526 1583 1689 1849 2034 2116 2345 2863 5580 5673 5723 5783 5999 6180 6413 6426 6888 6914 7174 7580 7664 7724 7892 7917 8056 8072 8136 8462 9230 9752 10006 11770 11925 11940 12201 12339 12472 12714 12898 12950 12951 13314 13422 13485 13591 13746 13782 13784 13794 13847 13976 14031 14216 14276 14616 14728 14779 14937 15213 15237 15347 15560 15588 15808 15854 16902 16999 17082
458 339 822 1985 3273 4118 4762 5414 6734 8351 9316
459 4546 5973 5998 7814 9802 10643 10935 12955 13058 14691 14959 15190 15452 16592
460 770 4692 6073 7444 8423 10569 11036 11216 11685 11933 12408 15487 15814 16588
461 1246 3488 3690 7124 9715 10931 11618 12051 13282 15397 15729 16244 16353
462 263 857 5767 6525 7775 7990 8220 13703 14370 15782 16138 16162
463 48 89 1199 2904 4067 4910 5163 5264 5590 6569 7610 7644 7711 8240 8525 8914 9146 9316 9471
464 24 389 554 688 1037 1865 2304 2912 2913 3942 4514 6356 12975
465 51 559 606 1178 1388 1579 3326 3744 4786 9020 10011 10679 11157 14880 16396
466 190 437 588 625 3724 4450 4504 4630 4691 5009 5049 5131 5282
467 2474 4786 5412 8262 10823 13413 13487 13591 13821 15254 15539 15763 15870 16187 16194 16212 16396 16429 17101
468 146 194 280 1403 2317 2892 4015 4357 4974 6529 7511 8348 9252 12033 13782
469 8029 13237 15627 15857 16072
470 146 291 1318 2440 2502 2901 3695 3807 4074 4163 4249 4606 5327 5522 6595
471 3242 4090 6504 7174 7208 7234 8970 9593 10026 10846 11044 11112 11416 12048 12452 13046 13051 13060 13252 14620 14650 14819 15449 15790 16191 16319 16941 16942 17020 17103
472 175 193 278 324 473 592 689 937 1050 1373 1506 1686 1706 1804 1819 1953 2130 2300 2470 2652 2789 2851 3015 3138 3158 3337 3338 3469 3608 3684 3710 3718 3744 3765 3773 3852 3993 4034 4171 4188 4208 4216 4225 4244 4385 4440 4606 4677 4734 4888 5009 5094 5114 5135 5231 5351 5512 5530 5547 5586 5818 5848 6052 6312 6786 7579 7998 8419 9315 11433 12608 13934 14698 14708 14931 15556 15564 15667 15862 15885 16061 16186 16409 16419 16883
473 801 1319 1816 2431 8231 8824 9514 9967 12323 13230 13852
474 52 128 332 805 984 2970 3510 3693 3728 3736 3737 3741 3789 4010 4052 4087 4143 4154 4257 4277 4362 4375 4399 4567 4620 4622 4655 4715 4745 4776 4777 5363 5579 5894 6052 6147 6172 6464 6906 7336 7719 7763 7789 7907 7962 8351 9606 11414 11432 12259 12933 13049 13061 13825 14021
475 28 89 134 146 151 169 181 189 190 222 241 247 264 323 328 336 356 393 441 509 523 533 637 649 860 881 889 1047 1056 1074 1089 1145 1160 1202 1225 1235 1318 1331 1332 1382 1426 1439 1440 1475 1497 1602 1608 1656 1659 1700 1742 1768 1771 1796 1797 1804 1891 1897 1898 1933 2072 2081 2123 2139 2147 2189 2240 2442 2465 2466 2498 2525 2530 2560 2586 2597 2606 2678 2790 2903 2920 2963 2978 3035 3045 3078 3099 3169 3220 3244 3322 3337 3338 3341 3382 3388 3407 3505 3675 3680 3695 3748 3768 3773 3852 3899 3954 4020 4052 4138 4178 4185 4216 4265 4266 4277 4284 4315 4318 4361 4368 4399 4418 4428 4529 4666 4717 4787 4796 4798 4823 4824 4825 4908 4974 5015 5064 5169 5250 5313 5327 5396 5400 5435 5436 5437 5438 5442 5475 5478 5493 5558 5569 5581 5598 5635 5653 5676 5753 5767 5793 5797 5799 5843 5939 5955 6035 6067 6087 6111 6155 6209 6282 6312 6323 6441 6445 6459 6477 6500 6503 6505 6525 6570 6648 6693 6761 6783 6813 6880 6996 7059 7075 7093 7243 7249 7362 7363 7425 7441 7521 7612 7623 7669 7728 7774 7775 7780 7828 7989 8051 8077 8104 8113 8159 8215 8216 8315 8584 8854 8870 8960 8961 9034 9220 9272 9353 9456 9457 9508 9560 9563 9564 9613 9627 9691 9692 9800 9819 9825 9922 10041 10052 10076 10150 10152 10158 10215 10250 10306 10367 10432 10441 10462 10489 10655 10715 10779 11001 11167 11648 11973 12252 12461 15086 16178 16368 16668 16822 16873
476 1406 1521 2071 2414 2560 3092 3361 4262 4361 4509 4678 10432 16368
477 193 1506 3272 4294 4340 4786 5327 6272 7610 7749 9343 10076 11490 11655 11704 12320 13283 16396
478 74 181 189 1029 1467 1896 1986 2412 3462 3520 3601 4796 7208 7753 8000 9719 11552 12324 12338 12345 12653 15769
479 6492 8015 13320 13355 13769 13771 14987 15108 15247 15630 15700 15701 16337 16338 16438
480 680 1377 2452 2976 3125 3322 3326 7711 8351 8914 10778 12112 12608 14348 14634 15368 16822
481 72 180 394 661 763 1454 1981 2791 3338 7381 11031 11319 11924 13730 13849 14020 14826 15207 15373 15389 15907 15933 16185
482 1263 1893 2856 3500 3504 7168
483 3665 4325 4342 4863 5816 5851 6428 7111 7221 7222 7313 7772
484 134 178 408 594 599 627 629 660 769 832 951 1059 1266 1606 1615 1698 1865 1904 1980 2142 2400 2454 2761 2842 2892 3087 3580 3605 3872 3946 4302 4433 4834 5005 5195 5415 5581 5614 5715 5796 6695 9396
485 605 1319 2140 5455 5553 7289 9253 9508 12608
486 178 214 215 222 696 756 892 1244 1423 1556 1973 2240 2597 2726 3622 4129 4333 4351 4401 4402 4407 5330 6363 6719 7576 7624 8071 8429 9708 11183 12015 12428 12467 13235 13671
487 550 676 681 767 866 867 1115 1207 1246 1470 1946 2264 2428 2525 2548 2944 3095 3202 3209 3232 3284 3338 3368 3483 3488 3578 3645 4134 4332 4505 4555 4640 4793 4830 5267 5461 5963 5991 6016 6087 6284 6500 6690 7029 7141 7172 7351 7373 7454 7521 7725 7790 7791 7909 7958 8079 8345 8382 8463 8610 8704 8873 8958 9002 9035 9100 9234 9244 9342 9391 9425 9734 9735 9852 10040 10155 10240 10300 10353 10525 10781 10875 11005 11029 11110 11687 11976 12245 12607 12645 12714 12848 12919 12957 13168 13182 13314 13419 13661 13716 13973 14395 14812 14917 15192 15613 15727 15768 15895 16348 16797 16928 16984
488 922 1857 3750 4603 6416 8338 8573 10327 10413 11218 11536 11733 12340 12714 13119 13825 14315 16579
489 19 194 1977 3293 3689 3741 3812 4216 4849 5123 5493 9264
490 106 282 318 676 867 1169 1368 2189 3243 3575 3684 4020 5008 5963
491 9254 10823 11190 11354 12351 13305 14303 14304 14307 14416 14559
492 1771 4066 5306 5335 8428 9918 10017 12350 13314 13488 13537 13695 16790
493 4177 4385 8399 8652 9512 9695
494 542 1593 3200 3790 10136 11428 11724
495 106 239 393 437 453 471 503 557 560 634 660 775 902 921 997 1021 1169 1203 1222 1361 1390 1439 1483 1493 1609 1629 1724 1738 1773 1907 2018 2085 2115 2226 2227 2240 2320 2773 2885 2927 2976 3158 3381 3505 3608 3672 3703 3724 3781 3859 4030 4121 4163 4189 4190 4198 4216 4347 4440 4445 4465 4772 4808 5022 5072 5169 5325 5420 5521 5608 5631 5646 5649 5728 5999 6077 6112 6159 6208 6282 6324 6391 6503 6505 6592 6635 6648 6783 6933 7141 7253 7767 7888 8724 8875 10090 14989 15086
496 934 3336 3665 4184 4268 4281 5093 5115 6476 6636 6663 16703
497 866 4834 11546 12376 14370 14382 15069 15168 16588 16762
498 572 3114 3205 3229 3297 3718 3943 4295 4567 4950 5799
499 3206 3488 8855 8885 9056 14465 14950 15112
500 218 239 287 293 304 352 453 650 675 708 738 775 787 857 868 964 970 1021 1046 1053 1246 1368 1377 1380 1512 1588 1991 2115 2140 2240 2261 2364 2438 2585 2615 2963 3053 3148 3184 3229 3243 3488 3510 3594 3606 3684 3687 4035 4111 4143 4170 4171 4175 4176 4188 4213 4216 4234 4258 4260 4277 4293 4340 4362 4399 4678 4715 4745 4776 4777 4876 5009 5078 5088 5206 5264 5498 5517 5526 5545 5558 5566 5586 5751 5765 5829 5982 5990 6067 6386 6464 6663 6738 6897 7044 7547 7823 8290 8305 8351 8396 8525 8785 8818 8854 8882 9108 9624 9650 9666 9956 10556 10868 10956 11021 11170 11436 11489 11518 11812 11972 12017 12072 12162 12164 12354 12408 12468 12475 12532 12622 12648 12696 13269 13296 13309 13557 13671 13894 13993 14484 14701 14886 15245 15398 15591 15733 15862
501 2013 3075 4385 5761 6927 7140 7172 8452 11432 12407 14486 15520 15602 16919
502 42 222 241 571 659 1319 2560 3590 3608 4329 6175 7852 8878 10453 11268 11938 12580 12585 13253 13300 13442 16974
503 1770 2903 8292 10638 11536 13495 15224
504 2595 5123 7224 8796 9544 9555 9718 10451 10974 11040 11496 11510 11571 11620 12059 12322 12340 12341 12360 12364 12436 12579 12608 12654 13111 13156 13187 13232 13277 13410 14189
505 6386 7735 8614 8854 10130 11202 11376 12043 12318 13156
506 4195 4385 4862 5555 10819 14630 14756 15062
507 2766 3329 3779 5248 5784 6386 6915 7044 8399 9079 10005 11496 15195 15606
508 19 44 89 106 109 129 139 163 176 181 194 215 247 272 310 507 533 567 657 679 857 884 926 967 989 990 1041 1050 1063 1131 1132 1167 1266 1281 1305 1449 1620 1698 1770 1804 1904 1968 2038 2142 2401 2414 2444 2490 2679 2701 2725 2790 2791 2901 3068 3114 3146 3334 3390 3397 3489 3555 3634 3689 3690 3695 3703 3710 3716 3733 3734 3758 3829 3852 3978 4053 4130 4136 4138 4188 4217 4244 4260 4277 4301 4302 4319 4352 4399 4459 4703 4849 4948 4966 5079 5094 5151 5164 5212 5231 5237 5592 5614 5625 5642 5684 5711 5725 5741 5799 5818 5825 5831 5833 5906 5940 6047 6054 6067 6111 6276 6422 6631 6756 6834 6925 6956 6997 7091 7119 7176 7348 7461 7522 7533 7614 7749 8050 8088 8154 8194 8235 8298 8525 8614 8671 8854 8865 9059 9160 9161 9200 9264 9363 9475 9977 10129 10377 10672 16308
509 26 38 238 770 2619 2646 2778 2994 3697 3993 4204 4490 4692 4813 5061
510 176 298 1167 2664 2699 8235 8814 11375
511 3073 3138 3294 3699 3771 4260 4678 5126 5264 9253 9315
512 4090 4701 10294 12781 13711 14424 16631
513 1131 4798 5064 6796 8019 8218 12201 13064
514 159 249 861 1292 2405 3042 6374 6636 7258 8003 8483 9652 10231 11216 12323 12471 15567 15568 16244 16670
515 2997 3665 5028 6386 7348 9346 9646 11930 14405
516 17 309 1096 1344 1524 3097 3158 3689 3915 4684 5379 5487 5518 6030 6193 6334 6570 6984 7156 7700 8835 9770 12808 15247
517 310 500 509 716 1050 1199 1285 1894 1947 2086 2533 4338 4608 6002 6569 6786 7356 8525 9147 9212 10409 10464 10997 11277 11482 11526 11624 12260 12356 12819 13461 14658 14693 15524 15676 15788 16144
518 242 298 852 1953 2995 3329 3718 3758 3829 4230 4246 4265 4270 4312 4368 4384 5231 5246 5799 6765 9164 9285 9475 9559 9629 10017 16666
519 34 108 117 180 682 1077 1506 2581 3042 3252 5058 9659 12543 16192
520 19 71 74 89 113 163 166 216 241 242 333 383 422 505 526 574 601 649 657 691 745 812 852 884 1082 1088 1167 1206 1231 1290 1309 1315 1349 1365 1388 1454 1466 1501 1508 1531 1568 1584 1598 1643 1655 1698 1710 1728 1732 1768 1770 1804 1821 1837 1881 1910 1914 1948 1954 1965 2167 2186 2210 2246 2247 2248 2270 2308 2386 2391 2406 2413 2470 2494 2525 2594 2633 2681 2745 2784 2785 2821 2875 2923 2944 2948 2971 2988 2995 3045 3169 3253 3284 3322 3371 3385 3397 3406 3439 3640 3704 3790 3816 3826 3829 3852 3931 4092 4148 4177 4180 4279 4302 4345 4350 4357 4402 4430 4465 4471 4492 4759 5048 5152 5242 5283 5302 5332 5333 5342 5372 5435 5437 5547 5620 5647 5683 5712 5744 5756 5936 6174 6308 6342 6347 6441 6681 6714 6786 6877 6901 6926 7119 7299 7511 7513 7577 7610 7652 7653 7793 7837 7901 7985 8026 8036 8093 8290 8557 8568 9264 9475 9508 9517 9546 9560 9628 9629 9762 9970 10081 10100 10227 10498 10509 10542 10779 10783 10816 10925 11070 11166 11168 11495 11496 11506 11623 11628 11754 12003 12234 12338 12346 12548 13043 13510 16178 16300 16502 16822 16998
521 939 3972 4150 7191 10638 10792 11376 11504 11536 11550 12362 12955 13058 13082 13496 15297
522 106 313 331 1029 1813 2796 5171 5212 6453 8854 9800 10854 10918 11386 11440 12035 12551 12934 16668
523 1563 1793 2140 2179 7343 9155 9491 10168 10618 12133 12879
524 1799 2400 5119 11815 12042 12214 13911 14334
525 89 189 284 298 826 1937 2490 2791 3330 4051 4276 4796 5799 8429 10542 11424 11742 12267 12346 12955 13314 13787
526 568 869 2605 2699 2705 3451 5152 6009 13327 14263
527 195 500 501 684 1191 1804 3192 3382 3852 4436 5282 5538 5799 6067
528 65 77 78 134 236 304 431 447 453 538 619 649 702 708 764 769 776 868 970 971 1008 1017 1023 1051 1053 1054 1072 1120 1185 1194 1214 1233 1271 1380 1382 1422 1423 1428 1437 1540 1586 1587 1591 1597 1621 1624 1675 1746 1812 1816 1833 1842 1843 1861 1876 1985 2030 2078 2085 2112 2148 2195 2206 2343 2564 2587 2811 2877 2952 2972 3009 3018 3026 3054 3091 3100 3102 3195 3198 3298 3314 3316 3355 3381 3393 3399 3441 3486 3582 3631 3655 3686 3767 3771 3807 4011 4428 4543 4549 4675 4724 4943 5330 5622 5709 5875 5950 6023 6157 6312 6363 6367 6537 6595 6810 6872 6886 6929 6939 7007 7173 7194 7225 7343 7350 7410 7420 7556 7631 7639 7748 7896 8014 8156 8259 8422 8700 8780 8800 8848 9099 9155 9169 9224 9278 9412 9491 9635 9642 9648 9666 9727 9755 9980 10168 10351 10618 10795 11267 12759 12764 14686
529 664 1627 2656 4599 10326 12252 15350 15531 15564 15914 15917 15988 16116
530 1891 3338 3397 3482 3783 4252 4266 4281 4293 4308 4317 4446 4775 4937 5004 5009 5044 5178 5346 5611 5654 5656 5733 5800 5867 5990 6179 6776 6803 7341 7536
531 3309 4076 6302 7769 8024 8275 14246 15707
532 4131 6033 6166 6223 7361 7645 14880 14967
533 531 924 989 1373 3193 4108 5809 5887 7028 7396 8084 8139 11355 11558 11578 12215 12717 13188 14303 14378 15533 15886 15895 16645 16871
534 2 129 161 241 247 286 584 677 866 1063 1271 1511 1607 1768 1828 1859 2005 2071 2100 2101 2270 2336 2426 2579 2621 2732 2750 2780 3000 3093 3108 3163 3184 3421 3608 3684 3695 3705 3736 3757 3768 3783 3959 4170 4171 4218 4244 4406 4533 5265 5418 6233 6335 6558 7387 7707 7990 8038 8222 8428 8731 9043 9661 9689 10460 10671 11070 11168 11203 12067 15522 16098 16883
535 23 189 495 497 684 1092 2100 2101 2102 2226 2227 3280 3947 4075 4796
536 1026 3724 13915 14248 14300 14501 14618 14638 14976 15297 15618
537 5923 6240 6804 7116 7736 7922 7927 14919 15389 15725 15794
538 101 542 3941 8397 10136
539 8213 10308 11133 11184 11562 11612 12198 13253 14481 15993
540 542 1206 1332 1600 1984 2140 2634 3552 3747 4020 4044 4207 4243 4349 5011 6348 7656 9555 9629 10017 10136 10406 10741 11040 11491 11509 12285 12340 12359 13233 13282 13314 13558 13833 14216 14258 14545 14616 14845 15314 15397 15768 16348 16353
541 28 30 48 89 148 151 152 174 180 189 190 193 215 216 221 234 236 285 304 308 311 328 400 434 503 563 639 657 686 710 713 728 739 768 825 863 874 882 883 925 937 948 954 962 1005 1012 1035 1046 1128 1162 1167 1168 1169 1191 1275 1283 1310 1343 1349 1382 1395 1466 1471 1486 1586 1587 1591 1596 1614 1663 1690 1719 1749 1806 1818 1869 1903 1907 1926 1978 1984 1985 2006 2037 2044 2115 2123 2139 2197 2342 2414 2415 2457 2564 2565 2567 2597 2631 2675 2699 2701 2739 2742 2819 2903 2963 3009 3033 3099 3125 3270 3300 3382 3387 3444 3535 3629 3693 3811 3848 3923 3954 4051 4154 4174 4177 4364 4401 4440 4734 4796 4919 5104 5141 5303 5445 5542 5681 5715 5799 5989 6071 6072 6111 6299 6386 6422 6717 6831 7025 7295 7356 7612 7630 7649 7701 7742 7767 7954 8137 8438 8847 8967 8980 8994 9197 9377 9508 9656 9727 9794 9953 10009 10250 10806 10954 11157 11181 11436 11667 11816 11861 12096 12472 12644 12729 12776 12800 12817 12917 12993 13258 13283 13529 13787 13930 14481 14686 14996 15192 15416 16275 17084
542 0 49 89 92 151 158 176 183 215 265 277 298 329 519 521 525 593 639 689 691 718 724 788 824 866 892 896 915 1057 1065 1134 1140 1235 1273 1305 1308 1454 1583 1795 1897 2168 2189 2231 2308 2401 2403 2469 2653 2665 2687 2821 2855 2972 2976 2999 3035 3070 3270 3324 3340 3342 3468 3492 3514 3625 3662 3747 3750 3768 3803 3841 3850 4030 4093 4153 4171 4172 4225 4243 4244 4250 4256 4281 4302 4313 4357 4366 4381 4403 4428 4465 4636 4711 4786 4832 4896 4905 4936 4955 5351 5381 5396 5447 5525 5558 5935 5954 6042 6076 6173 6234 6236 6280 6369 6490 6595 6654 6786 6803 6831 6911 7030 7154 7290 7362 7444 7511 7605 7649 7790 8093 8231 8235 8594 8602 8778 8855 8981 9085 9203 9457 9553 9578 9684 9783 9805 9819 9832 9944 10201 10390 10772 10775 10779 10784 10920 11439 11489 11490 11685 11737 11891 12254 12330 12341 12359 12475 12476 12654 12743 13354 13410 13640 13673 13893 14038 14449 14465 14698 14708 14792 15579 15885 16115 16224 16284 16388 16396 16409 16412 16703 16733 16734 16854 16875 16883 17085
543 2030 4198 6814 7253 12106 12969 14546 14781 15093 16149 16183
544 371 2820 4270 4401 6332 9506 11393 13675 13978 16577 16753 16909 16999
545 179 713 1180 2525 2620 3316 6497 12965
546 5189 5319 5712 12214 15597
547 1127 2126 12322 12549 13660 15289 15911 16205
548 48 89 117 139 159 177 180 181 189 190 195 265 288 293 298 311 453 531 588 670 692 731 775 869 1191 1366 1434 1483 1614 1903 2168 2231 2414 2451 2469 2560 2701 2903 2927 2967 3099 3281 3334 3408 3486 3633 3636 3665 3684 3689 3695 3697 3724 3728 3736 3747 3803 3966 4171 4188 4198 4200 4216 4218 4258 4487 4504 4623 4717 4720 4796 4863 4875 4930 4970 5063 5282 5400 5429 5549 5739 5742 6041 6103 6522 6728 6781 7579 8218 8262 8386 8426 9004 10715 12004 13789 16409 16883
549 1830 2071 3690 10419 12426 12531 12611 12749 13565 13694 13799 14040 14505 14590 14895 15456 15649 15991 16202
550 143 503 1212 3046 3340 3684 4170 4171 4214 4281 4318 4402 4650 5902 9626 13621
551 20 139 144 166 309 1423 1579 2025 2323 2457 2483 2618 3091 3125 3338 3736 3744 3752 3753 3757 4057 4178 4217 4254 4351 4387 4490 4678 4789 4801 4952 4992 5290 5330 5373 5379 5498 6030 6363 6395 6616 6843 7214 7453 7698 7773 7790 7972 8016 8018 8290 8426 8480 8597 8608 9114 9168 9236 9262 9329 9331 9382 9508 9663 9710 9865 9900 9901 9911 9929 10210 10240 10293 10359 10421 10507 10533 10565 10659 10665 10666 10828 10837 11081 11137 11168 11221 11522 11685 11708 11783 11805 11875 11900 11936 11944 11946 12065 12146 12306 12526 12819 12839 13000 13118 13153 13279 13320 13363 13365 13444 13470 13528 13631 13654 13660 13687 13810 13930 14035 14037 14182 14200 14341 14484 14491 14562 14819 14982 15002 15197 15207 15247 15257 15423 15431 15630 15757 15782 15885 15978 16047 16583 16655 16922 17058
552 134 363 2338 2513 2584 2744 3256 3561 3795 4009 4134 5174 5356 5620 5656 5924 6622 6882 7160 8134 8373 8502 9284 9292 9486 9825 9853 10149 10235 10749 10770 10788 11005 11013 11587 11597 11938 11998 12227 12436 12485 12620 12634
553 1628 4188 4210 4260 4460 4532 5105 5245 5330 5336 6580
554 19 116 170 195 196 235 310 368 462 482 502 557 558 589 593 634 792 805 869 1084 1098 1169 1197 1235 1278 1301 1331 1349 1395 1583 1793 1796 2018 2031 2042 2117 2130 2321 2386 2392 2665 2700 2739 2879 3089 3193 3385 3397 3454 3591 3641 3642 3737 3748 3803 3892 3933 4424 5581 5848 6173 6231 6333 6612 7017 7036 7211 7251 7371 7661 8029 8244 8343 8791 9208 9264 9996 10358 10493 10676 10836 10859 11056 11359 11393 11445 11529 11683 11684 11869 12160 12421 12746 13141 13314 13392 13885 13971 14054 14167 14173 14203 14231 14701 14802 14818 14900 15424 16021 16201 16204 16423 16557 16790
555 257 982 2230 2719 2721 2723 2724 2958 3068 3411 3869 11829 11950 12770
556 4449 9877 10525 14804
557 676 939 1706 6117 7357 7651 8685 10108 10778 11157 11564 12667 12714 14114 14616 14751 14928 14940
558 1385 5086 5574 5625 5828 7506 9163 9234 9428 10702 10779 12474 12839 13998 16984
559 542 1349 1643 1722 2374 5152 6118 7352 7838 7924 8674 9508 10136 10199 10886 11131 11357 12013 12628 13192 13825 14231 14382 15301 16916
560 249 775 1567 1744 1991 2647 4119 4188 4964 5727 6511 6724 7810 7970 8401 9677 9678
561 114 14607 15280 15391 15551 15742 16795 16936
562 1686 4402 13679 14164 15006 15207 15556 15885 16952
563 244 466 838 1144 1571 1600 1837 2031 2083 2244 2525 3257 3431 3439 3502 3851 4296 4555 4689 5078 5258 5283 5284 5621 5776 6187 6403 7204 7572 9274 9508 9730 9798 9800 9937 10740 11029 11269 11602 11883 11940 12310 12348 12349 12449 12525 12543 12579 12643 12687 13122 13221 13230 13249 13261 13269 13289 13327 13339 13381 13413 13599 13654 13676 13730 13735 13829 13833 13884 13935 13956 14038 14052 14124 14173 14216 14258 14276 14297 14382 14384 14454 14483 14531 14538 14545 14559 14616 14636 14698 14701 14742 14751 14808 14820 14858 14925 14931 15224 15540 15579 15697 15777 15792 15795 15885 15914 15917 15988 16021 16027 16048 16169 16224 16330 16348 16388
564 765 1131 1274 5628 6978 7447 12351 14928 17084
565 34 36 48 97 266 291 566 581 601 603 689 756 853 949 951 1173 1525 1692 1747 2253 2529 2597 2605 2858 2892 2944 3230 3238 3350 3352 3435 3542 3605 3979 4065 4408 4450 5327 5475 6761 6944 7627 7975 8518 8738 9234 9408 9453 10148 10260 11189 11384 11425 11437 12314 12750 12856 13188 13196 13254 13858 14251 14555 14683 15352 15604 15781 15819 16170 16174 16350 16377 16387 16984 17086
566 6836 10240 13011 13448 15051 15212 15488
567 264 310 338 605 713 1046 1112 1366 1398 1908 2201 2414 2572 3092 3149 3319 3338 4553 5321 5455 5765 6017 6216 6296 7421 8360 11581 11909 12416 16140 16709
568 254 540 646 718 719 885 1291 1319 2015 2054 2369 2472 2474 2893 3331 3431 3612 3692 3936 3952 4435 5326 6997 7397 7880 10255 11019 11391 11500 13230 14930 15077 15314 15327 15796 15914 15988 16322 16718
569 2401 3190 3575 5643
570 201 241 2147 2530 3388 3397 3716 3733 3734 4268 4274 4375 4552 4872 5585 8090 9570 10152 10629 11504 11550 11703 12204 12340 12498 13487 14105 14380 15332 15767 16993
571 189 195 223 499 594 1150 1291 1379 1395 1405 1556 1580 1801 2083 2229 2597 2823 2827 2879 2978 3071 3130 3776 3824 4195 4603 4617 4796 4879 5420 5831 6111 6160 6982 7364 9161 9220 10888 14371
572 3401 3945 5574 6299 9830 10049 11020 11088 11277 11489 11506 11507 11734 11832 12004 12252 12328 12350 12360 12362 12478 13113 13277 13474 13675 13776 13815 13821 13834 13897 14077 14216 14371 14693 14701 14724 14751 14820 15006 15024 15110 15209 15278 15298 15382 15564 15566 15744 15834 16360 16429 16579 16636 16648 16690 16846
573 44 2773 2912 2913 3338 3684 3693 3718 3805 4154 4170 4216 4674 5241
574 2079 2283 2630 3341 5990 6386 6663 7487 10595 11414 11747
575 537 1366 1991 4815 5574 10156 10228 11662 12068 13282 13885 16353
576 3220 3522 10227 13477 13814 13892 14237 15255 15436 15524 15857 16477 16790 16917 16969
577 1640 2013 2822 2836 3608 4237 10105 13554 16366 16944
578 24 126 2333 2456 3081 3542 3940 5018 5715 16661
579 8 34 97 145 310 349 437 503 1318 1572 1799 2456 2467 2599 2675 3236 3511 3769 3789 3960 4407 6422 6831 7356 8199 8227 9558 11413 11948 12068 12819 13314 16667
580 562 1475 3442 8504 9175 13269 15111
581 201 331 6890 6908 10583 11238 12963 13078 16048 16187 16376 17088
582 5320 11028 12466 12610 13153 13156 13506 13792 13905 14720 14939 15267 16144
583 3803 6814 10634 11690
584 923 2944 3591 3803 4688 4786 5728 5799 6307 6510 6859 7285 7545 7724 7728 8262 8307 8631 8984 9488 9545 10135 10300 11207 11481 12493 12624 12934 16396
585 20 43 537 615 1414 2434 3034 3682 3914 4057 4851 4857 9199 10520 10533 11152 11393 11522 11775 11869 12677 12743 12756 12943 13537 13617 13668 13817 13850 14246 14653 14688 15001 15288 15376 15386 15449 16228
586 19 106 676 852 1710 2454 2634 2742 3473 3887 5608 6466 6933 8758 8876 9264 9434 10778 16275
587 163 164 1199 2264 2381 2634 3340 3568 3729 4211 4525 5949 6039 6220 6720 8101 9149 9473 9574 9962 11070 11537 11549 11839 11925 11962 12794 13083 13259 13447 13565 13626 14570 14608 15213 15729 16091 16451 16488 16705 16845 17076
588 620 1772 5327 5349 5799 11949 12186 12347 13509 15531 16076 16825 17081
589 73 230 298 2432 2686 2703 2948 3076 3620 3733 3734 4170 4171 4238 4244 4264 4290 4805 4981 4983 5288 5486 5522 5523 5553 5665 5722 5802 5819 6242 8556 16409 16883
590 831 6299 6620 6648 7641 7767 9690 9838 10140 10628 11241 12131 12386 12827 12882 13486 13771 13899 14094 14584 15213 15701 16216 16788
591 313 1605 2574 5482 5521 6170 6472 7094 8832 9041 9123 11620 11624 12376 12786 12810 14289 14383 14476 14624 15153 15350 15464
592 162 183 246 247 460 697 755 784 798 867 929 1024 1129 1198 1304 1458 1609 1720 1953 2273 2353 2400 2454 2539 2764 2827 2930 2971 2997 3075 3149 3174 3271 3326 3329 3330 3385 3392 3522 3718 3731 3847 3927 4132 4432 4853 4989 5327 5888 5963 6361 6687 8303 8712 8760 8865 9081 9086 10257 10823 12251 12634 14099 14899 15184 15795 15796 16343 16358 16707 16945
593 1953 3718 4719 5917 7689 8268 10235 15195
594 151 805 1035 1609 2791 2995 3045 4127 4279 4285 4813 4989 5207 5396 6681 6691 7029 7955 8196 8345 8777 8831 9552 9720 10536 10622 10782 10877 12217 12347 12559 13611 13633 14501 15032 15213 15306 15665 16125 16250 16410 16624
595 309 367 1260 2182 2207 2324 3091 3336 4282 4365 4490 4966 6858 9305 13640
596 634 2617 3845 4303 4800 7868 9224 9769 10169 10744 14481
597 666 694 2038 2111 2508 2590 2599
598 609 636 2576 2851 2908 3250 4190 4385 4515 4810 4936 5071 5199 5201 5421 5754 5755 5877 6638 8429 9302 9409 9501
599 1683 3328 3758 3772 4250 5166 5493 5830 5935 7187 8280 10674 12329 13633 16064 16275 16870
600 112 202 676 1167 1478 1710 1726 1998 2142 2414 2634 2742 2857 3202 3209 3229 3329 3339 3340 3382 3397 3550 3582 3684 3690 3718 3724 3728 3747 3750 3768 3779 3789 4100 4138 4161 4170 4178 4183 4188 4206 4210 4216 4250 4258 4266 4277 4288 4291 4302 4319 4678 4827 5009 5119 5164 5245 5282 5825 5829 5998 6061 6067 6124 6286 6356 6804 7046 8399 16275
601 3954 4183 4302 5088 5625 6321 6663 8428 9079 12107 13283 16631
602 203 620 2120 2821 2903 7377 8546 9161 13451 15828
603 111 675 1796 2065 2194 2414 2562 3408 3684 3773 3807 4154 4612 4655 4666 5009
604 392 2554 2689 3671 3945 11345 11858 11948 12451 13509 13787 14698 14928 15077 15153 15565 15733 16224 16233 16296 16849 16854 16900
605 3327 3699 3733 3734 7497 10500 10778 11625 12410
606 148 608 2154 3397 4141 4663 4979 6372 6600 8041 10784 13234 13267 13396 14383 14744 15216 15655 16064 16177 16579
607 28 148 180 202 205 301 500 501 533 691 718 721 725 773 928 1082 1166 1238 1267 1281 1291 1364 1502 1526 1574 1579 1584 1609 1626 1640 1762 1804 1817 1891 1918 1934 1947 1951 1960 2023 2028 2110 2119 2124 2314 2451 2678 2679 2736 2785 2806 2863 3380 3443 3489 3585 3650 3794 3824 3843 3851 3852 4008 4241 4282 4291 4297 4517 4570 4739 4948 4949 5016 5070 5258 5300 5396 5535 5560 5572 5598 5629 5631 5706 5728 5729 5731 5792 5836 5855 5928 5944 5998 6040 6094 6100 6139 6181 6200 6275 6327 6352 6394 6523 6555 6624 6643 6673 6675 6743 6744 6778 6914 7047 7074 7106 7206 7243 7478 7550 7551 7559 7612 7627 7694 7695 8051 8072 8111 8181 8189 8592 8671 8889 8905 9410 9977 9979 10239 15032 16018 16300
608 8399 9899 10258 11591 11703 13003 14864 15350 15879 16313 16447 16763 16993
609 89 179 1362 3695 5200 5547 5776 5853 6813
610 4705 5250 5592 5791 6959 7653 9350 9557 13934
611 11 592 892 1574 2672 2748 2750 2828 4607 4733 6159 6378 8183 10510
612 139 3334 3731 3744 3768 4170 4265 4630 4678
613 139 159 181 278 331 2469 2553 2912 2913 3102 3736 4170 4171 4206 4302 4402 4678 5799 7579 7728 8429 9125 9800 11630 11948 12451 12958 13607 16409 16668 16883
614 124 207 542 582 689 1149 1307 1388 1466 1568 1609 1738 2082 2280 2436 2554 2960 3332 3462 3667 3668 3933 3969 4092 4270 4308 4873 6179 6259 6391 6922 7119 7180 7211 7301 7661 7724 8102 8196 8938 8945 9074 9369 9447 9484 9687 10773 11280 11491 11516 11536 11648 11698 11973 12027 12096 12252 12525 13134 13224 13413 13821 13885 13892 14093 14276 14446 14498 14751 15153 15305 15535 15769 16230 16348 16419 16429 16762 16887 16972 17101
615 1344 2039 2832 2903 5238 5532 6353 7506 9428 9703 10199 11182 11192 11491 11585 12266 12433 12800 13255 13274 13928 14616 14638 14928 16223 16321 16538
616 106 127 159 163 180 311 364 568 636 670 805 1050 1475 1579 2343 2464 2554 2976 2985 3068 3081 3271 3851 5899 7505 8429 10564 12493 12636 13412 14481
617 1030 1273 1865 2280 3044 3622 5677 6060 6298 8196 12485 12780
618 44 5362 9253 15192 15532 16296
619 163 528 611 800 1553 1556 3274 3329 4236 5363 5458 5693 6651 6770 7198 7807 7966 9160 9403 11425 12354 13233 13822 13894 14360 16579
620 16 240 264 352 2392 2421 3684 3792 4057 4218 4250 4632 4966 5303 5531 6558 6559 7187 8236 8574 10574 11685 14637 15822
621 176 1469 2597 5474 5702 8235 8384 14883 16377
622 82 567 1277 3846 4460 4626 4812 4999 5367 5439 5765 5821 6196 7141 7533 9708
623 174 190 1128 1624 2401 3061 3513 3631 3636 3688 3743 3750 4250 4306 4351 4387 4522 4609 4678 4703 4804 4811 4813 4941 5008 5078 5153 5517 5652 5968 6054 6080 6175 6269 6304 6312 6368 6464 6782 6786 7068 7124 7273 7762 7852 8044 8509 8512 8878 9036 9190 9598 10474 10765 10869 10954 11614 11753 11962 12625 13280 16978
624 69 111 123 134 177 215 216 254 310 422 479 505 553 638 708 739 769 805 853 989 1008 1096 1097 1098 1180 1254 1413 1469 1513 1698 1729 1874 1985 2028 2083 2101 2141 2241 2255 2397 2401 2403 2414 2432 2454 2565 2699 2794 2922 3188 3322 3355 3358 3382 3387 3427 3613 3637 3686 3818 3897 4262 4379 4399 4402 4530 4740 4891 4903 4930 5122 5239 5598 6077 6391 6591 6719 7480 7495 7808 8247 8905 9161 9204 9800 11355 11798 12536 13537 13976 15291 16332 16668 16822
625 19 28 68 123 139 166 190 193 197 206 215 311 325 393 434 542 669 809 882 961 989 1044 1210 1246 1406 1678 1698 1735 1764 1852 1985 2071 2095 2140 2397 2574 2665 2857 2868 2900 2912 2913 2963 2987 3016 3059 3091 3092 3212 3229 3242 3288 3300 3316 3364 3488 3550 3697 3699 3717 3718 3724 3728 3731 3737 3744 3747 3789 3983 3998 4029 4051 4052 4114 4124 4125 4151 4173 4174 4182 4204 4421 4447 4470 4522 4567 4609 4620 4622 4655 4674 4715 4734 4745 4751 4772 4834 4877 6134 9264 10136
626 209 241 1574 1699 2288 2326 4334 6976 7072 7872 8134 8454 9330 9732 9733 9924 11080 11489 13412 14258 14744 14871 16674 16794 16960
627 249 2506 7251 11214 12068 13282 13329 13648 14384 15058 15568 15593 16353
628 4727 6517 6642 7539 8421 9354 10459 10719
629 645 1877 2183 2321 4481 6348 6735 9686 9771 10016 11873 12585 13311 14264
630 4 89 105 767 2083 2135 2444 2457 2634 2743 3313 3522 4465 5050 5720 5741 5985 6312 6332 6480 7309 7948 8190 8292 8363 8427 8653 8683 8758 8790 9215 9559 9962 10084 10118 10227 10228 10571 10786 10790 10879 10983 11070 11496 12462 12898 13621 14970 16270 16666 17086
631 923 1614 2470 2725 3331 4188 4395 5818 5869 6047 6312 6826 7240 9216 9626 10780 10977 11088 11397 11500 13621
632 325 422 447 692 1097 1601 1954 2093 3057 3341 4834 8360 8829 9800 16668
633 11255 11568 12433 12876 13739 14418 14561 15494 16125
634 646 726 1366 1991 10646 11948 12576 14611 14708 15720 15870
635 4606 4678 6715 8827 8854 8891 9397
636 6173 7600 9234 15152 15320 16574 16748 16800 16984
637 18 189 2702 4296 4796 9047 11360 13770 16777 16965
638 71 1470 10829 11073 12721 14692 15350 15520 16258
639 163 1149 1710 4599 5463 5509 5712 5725 5906 5914 6480 8622 9189 9274 9556 10403 11041 11629 12043 16090 16233 16296 16834
640 1315 1382 1813 2665 3104 7641 7763 8418 8614 9909 10542 10958 11340 11489 12536 13233 13327 13412 14263 14698 15287 15294 15564 15565 15599 16143 16269 16955
641 177 180 309 588 590 788 1475 1830 1836 2111 2182 2857 3334 3339 3736 3773 4138 4302 4504
642 149 3333 4093 4312 5282 6642 9963 10032 10033 10494 10495 10941 11107 11465 12343 13233 13282 13495 13885 14545 14845 14928 15032 15153 15216 15324 15668 15784 15914 15917 15988 16353 16596
643 2619 2946 5652 7104 7267 8014 8090 9169 9622 10456 10471 10533 10693 10722 10726 12346 12756 12839 13199 13810 13834 15001 15395 15490 15964 16039 16339 16354
644 3370 6370 8314 11320 14800
645 129 196 415 416 1606 3058 3338 3445 3684 4293 4874 13640
646 408 455 1419 1494 1728 1810 2240 2538 2862 3068 3094 3308 4069 4380 5553 6970 8213 9220 10919 12067 12068 12393 12574 12681 13172 13310 13613 13861 13998 14074 14121 14317 14481 14582 15317 15487 16060 16064
647 69 149 293 1026 2026 2927 5122 5702 6367 6595 7215 7318 7580 7610 7988 8179 8353 9384 9508 9515 10557 12106 12812 13144 15739 16370
648 55 1828 3051 3868 5578 6510 7408 7520 7739 7863 8582 9091 9449 9621 9648 9987 10198 10269 10795 11061 11627 11677 12028 13074 13327 13563 16890 16998
649 235 635 2203 3370 3608 3857 3894 3895 4131 4322 4724 5451 5628 5977 7082 8293 8354 9218 10131 10719 10860 11355 11464 11529 11590 12475 12536 12819 12955 14708 15138 15564 15565 15762 15772 15834 15876
650 653 1135 4320 10412 11704 12266 13064
651 127 262 605 639 866 966 1050 1572 2457 2927 3068 3491 3509 4154 4260 4402 4674 5391 5455 6139 6381 8519 9101 10499 11135 11212 11216 12338 12359 12617 12653 12775 12996 13255 13460 13529 13656 13841 15733 16161
652 539 930 2583 7211 8636 8874 9184 10087 12256 14674 15148 15437 16204 16613 17004
653 1308 1793 1798 2042 2350 2351 2584 2644 2814 2816 5525 5612 5904 5932 6323 6367 6391 6452 6459 6757 6921 6947 7253 7333 7728 7767 7769 8041 8182 8315 8596 8600 9025 9074 9108 9278 9350 9741 10057 10063 10280 10344 10461 10470 10607 10981 10987 11040 11206 11280 11351 11353 11365 11585 11668 11674 11810 12043 12131 12145 12446 12504 12521 13073 13075 13155 13227 13314 13355 13486 13583 13769 13771 13772 13937 14094 14095 14256 14911 14934 15008 15338 15462 15466 15533 15646 15700 15701 15771 16109 16759
654 58 507 534 581 606 934 1113 1291 1334 1566 1606 1663 1698 2071 2094 2388 2393 2400 2661 2779 3125 3155 3275 3329 3487 3769 3883 3951 4101 4171 4305 4319 4935 5001 5115 5175 5475 5487 5980 6044 6445 6469 6695 8360 16409 16883
655 1325 2847 2874 3636 3856 5147 10280 12432 15778
656 2913 11036 12053 15234 15914 15917 15988 16058 16900
657 58 453 788 1169 1521 1525 2403 2756 5526 7678 10639 12067 12428 13220
658 5947 12360 12676 13277 15579 16224
659 801 1380 1770 2101 9136 9301 14739 15108
660 112 520 756 1443 3004 3069 3319 3596 4013 4866 5599 5793 6332 6575 7664 8220 8233 11425 14728
661 159 830 1156 1823 2822 5071
662 163 173 210 222 247 327 328 422 437 509 554 606 646 664 797 869 880 883 1026 1037 1265 1337 1339 1351 1352 1354 1819 1823 1830 1977 1985 2100 2102 2298 2299 2432 2451 2465 2644 2773 2867 2938 3076 3169 3241 3258 3281 3323 3639 3663 3680 3711 4037 4230 4244 4288 4303 4402 4530 4657 4967 5071 5121 5122 5386 5573 5578 5586 6639 6725 6765 7356 8192 8327 8428 8870 9558 9561 9892 10005 10075 10076 10093 10206 10426 10476 10521 10542 11001 11135 11168 11192 11421 11425 11837 12004 12339 12433 12961 13255 14284 14582 14893 14898 14940 16667 17077
663 2944 3872 6271 7627 7917 13180 13292
664 636 3604 5221 5345 5879 6660 6786 8373 9047 9073 9900 11025 11238 11409 11597 11744 11745 11901 12303 12361 12408 12486 12830 13154 13675 13705 13818 13915 14248 14556 14949 16121
665 546 2671 4108 4311 5308 5631 5650 5985 6624 8483 12276 12816 14184 16404 16854
666 199 256 301 467 2154 2930 3443 3927 4402 4604 4608 4912 4993 5086 5235 5330 5521 5578 6071 6510 6511 6955 7667 7728 8159 9457 9472 9917 10212 10239 10424 11054 11192 13757 14139 14284 14501 14917 17045
667 166 327 830 2371 2725 3005 3563 3679 3821 4216 4265 4734 5018 5456 5742 9253
668 8597 9917 10240 10391 11687 12472 16278
669 175 6464 11041 11929 12188 12373 12376 12660
670 70 177 210 256 453 592 860 967 1143 1470 1645 1826 2298 2490 2507 2705 2903 2944 2976 2995 3202 3209 3737 3803 3851 4281 5200 5952 6065 7966 8255 8429 9446 9718 10358 10542 10819 10854 12317 13534 16025 16703
671 324 1022 6030 6356 6663 7798 8475 9848 10665 13660 14691 16479
672 9894 10468 11598 12525 12609 14696 14878 15340 15440 15672 15673 15875
673 264 519 649 2182 3783 11614 12406 13100 13988 15613
674 542 1333 2474 3490 3872 4108 4217 5789 5967 6021 7343 7350 7748 8006 9152 9154 9274 9491 9589 9597 9603 10136 10168 10618 10771 11133 11338 11370 12137 12181 12513 12819 14303 14307 14416 15094
675 614 4734 6326 10661 11781 13934 14035 14501 15095 15618 16922
676 26 38 75 113 179 696 770 1142 2095 2181 2192 2371 2790 3109 3336 3523 3684 3821 4148 4692 5533 5565 5701 5703 5712 5783 5805 5926 6309 6354 6493 6661 6839 6893 6913 7056 7109 7329 7427 7448 7674 8212 8777 9853 10152 10153 10235 10391 10986 11177 11298 12187 12279 12280 12281 12685 12963 14277 14307 14309 14754 15045 15925
677 9580 13251 13367 13405 13733 14479 14503 14521 14522 15061 15254
678 905 906 2087 2329 2557 3017 3448 4884 5214 5723 5736 5827 7733 7939 8896 12784 14065 15401
679 694 958 3584 5901 6580 7508 8672 9158 10229 10471 11424 11499 11516 11748 11952 12047 12376 12380 12475 12608 13307 14616 14879
680 664 3639 6848 9509 9800 9973 10218 10709 10993 11419 11489 11562 11595 11639 11735 11864 12471 12508 12878 13005 13415 14020 14032 14665 14919 15736 15798 16618
681 368 554 723 1794 3598 3945 5029 5270 6183 6828 7160 7759 9240 10658 10851 11373 11862 11903 12492 12972 13760 15019
682 319 540 768 1149 1668 2324 3091 6103 10011 10819
683 130 190 194 503 673 723 857 1168 1663 1768 2115 2505 2664 2665 2759 2903 3614 4605 4717 5799
684 3462 4191 5499 6010 6779 6905 7934 9082 11936 12623 13074 13224 13523 13631 14155 14171 14604 14690 15634 15715 15729 16927
685 142 383 9801 11961 14285 14632
686 5534 6083 8804 15770 16754
687 58 293 462 493 853 1053 1141 1214 1293 1319 1420 1469 1471 1665 1667 1842 1874 2085 2103 2109 2244 2366 2819 3026 3509 3510 3572 4174 4772 4856 4903 5321 5622 6070 9666
688 28 58 95 134 204 213 227 309 312 322 363 453 463 522 594 744 751 761 771 881 889 966 978 985 1011 1047 1048 1049 1053 1054 1055 1065 1070 1331 1349 1355 1380 1449 1564 1574 1644 1645 1657 1726 1874 1883 1961 1978 2024 2025 2039 2041 2046 2096 2245 2312 2346 2359 2397 2483 2490 2563 2623 2652 2811 2822 2878 2970 2975 3000 3071 3085 3100 3101 3102 3106 3111 3119 3158 3197 3336 3401 3593 3631 3670 3705 3710 3728 3733 3734 3768 3769 3789 3909 4042 4057 4107 4174 4205 4217 4447 4470 4489 4578 4600 4625 4669 4709 4717 4776 4777 4849 4908 4934 5022 5134 5150 5152 5206 5257 5301 5374 5404 5418 5588 5765 5778 5867 6052 6067 6312 6835 7356 7605 7858 7973 9390 9962 9984 10323 10481 10549 10852 11625 11894 12561 12808 12862 13296 13815 13859 13867 13896 14411 14666 14983 14988 15257 15783 15822 16044 16197 16228 16716 16874 17050
689 254 726 1362 1812 3744 5938 6370 7433 8598 8808 10646 11255 11865 12253 12548 12669 13274 13397 15055 15400 16070 16125
690 106 133 181 241 4398 4573 4753 6068 8338 9096 9407 10570 10854 11500 11704 13555 15314 15568 15885 16655 16685
691 26 56 70 128 139 159 512 580 623 738 775 966 1100 1128 1658 1686 1774 1931 2156 2231 2271 2364 2553 2599 2868 2883 2912 2913 3085 3089 3125 3126 3184 3338 3340 3509 3573 3650 3693 3733 3734 3738 3870 4093 4171 4225 4254 4258 4306 4307 4329 4340 4522 4532 4567 4630 4655 4674 4940 4966 5005 5069 5078 5303 5404 5517 5558 5564 5586 5829 5990 6067 6326 6646 7461 9079 9313 9435 9989
692 309 312 558 1031 1131 1387 1540 1698 2560 2594 3636 4112 4470 4612 4655 5031 5344 5379 5403 6231 6395 6396 8835 9703 10672 10713 11314 11352 11576 12164 13660 14579 15398 15654 16083 16916 16935 16939
693 28 86 176 501 3897 8235 8639 9626 10777 11628 13621 14262 14637
694 179 213 945 1178 2618 2731 2940 3381 3808 4417 7451 8354 10642 11157 11375 12685 13805 16525
695 689 1041 2783 3257 3368 4138 4875 5232 6275 6523 6779 6869 7051 7162 7806 7895 7961 8080 8122 8203 8650 9334 9467 9481 10204 10770 11204 11465 12258 12329 12350 12425 12527 13558 14378 15018 15112 15195 15390 15510 15532 15543 15721 15773 15837 16009 16056 16289 16294 16407 16414 16468 16485 16597 16630 16711 16896 16990 17075
696 1281 1947 2241 4220 4402 7121 8989 9301 11858
697 961 1484 4540 4697 9471 10599 11120 12200 12833
698 237 246 247 394 1532 2581 2848 7645 8865 11936 13564 13631 13913 14321 16432 16437
699 3343 10676 13999 14566 15162 16110 16614 16800
700 159 738 775 1224 2152 2461 2759 3695 3724 4034 4234 4258 4317 4362 6312 6900 6925 7456 7547 7639 7998 8125 9313 12378 14698
701 112 241 242 298 429 767 866 1131 1715 1741 1881 1914 1942 1953 2038 2187 2310 2655 2657 2744 2773 2995 3000 3106 3108 3109 3149 3202 3209 3212 3288 3296 3567 3612 3684 3718 3724 3736 3748 3758 3765 3769 3770 3783 3957 3966 4044 4430 4490 4517 4552 4584 4623 4628 4690 6786
702 118 257 717 2424 2497 2719 3145 3431 3887 4434 5640 5641 5760 6661 6839 7329 7448 14167 14228 14389 14661 15520 15814 16438 16474 16798 17020
703 5761 6520 9234 9686 9689 9967 9970 10312 10570 10770 10771 10819 10887 11006 11025 11079 11088 11340 11423 11489 11629 12067 12339 12351 12475 12714 12759 12971 13224 13230 13233 13413 13674 13679 13775 13821 13884 13885 14258 14276 14433 14462 15153 15327 15531 15599 15783 15914 15917 15931 15988 16429 16984
704 293 2182 8426 9048 9316 10136
705 2 39 104 179 288 1240 1703 3401 3857 5459 5675 5731 5988 6241 6929 7292 7919 9161 9589 9760 10454 11232 12504 13733 14889
706 336 5035 6187 7438 9706 10723 12020 12349 13234 13327 14462 14570 14744 15220 16162 16876
707 531 3993 4734 7056 8438 8952 8982 9800 11504 11505 13607 14765 16252 16463 16668
708 3645 5873 6077 6211 6476 6891 7403 7565 12052 15843 16260 16467 16546
709 10490 10745 11858 13156 13660 13928 14473 15245 15529 15857 16350 16387 16606 16788 16854 16900
710 34 404 475 511 670 719 1285 2502 2581 2845 2848 3205 3231 3485 5126 5536 6718 8933 8934 9807 10035 12070
711 103 106 139 178 275 453 557 1609 1632 1771 1808 2115 2490 2648 2947 3100 3203 3593 3695 3807 3812 3969 4293 4371 4617 4730 4838 4861 4936 5039 5553 5631 5817 5952 6076 6158 6168 6187 6194 6203 6240 6624 7478 7480 7592 7736 8002 8072 8244 8747 8791 9246 9702 9819 9974 10011 10081 10224 10418 10977 11010 11624 11870 11891 12067 12338 12354 12355 12646 13063 13261 13660 13815 13827 13886 13894 14286 14315 14378 14919 15068 15482 15529 15579 15645 15857 15933 16224 16330 16602 16762 16839
712 86 499 1303 1933 2130 2505 2738 3254 3326 3332 3333 3338 3340 3445 3634 3943 4044 4150 4399 4837 4859 5123 5493 5614 6372 6508 6602 7000 7189 7877 8790 9181 9566 9629 9687 9790 9792 9840 10180 10918 10951 11225 11385 12170 12329 12470 12649 13076 13233 13314 13412 13495 14216 14415 14724 14743 14841 14927 15155 15531 15564 15737 15744 15857 16230 16269
713 89 909 1041 1246 1250 1340 1593 2148 2698 3417 3431 3589 3618 3645 3748 3826 3882 4172 4225 4433 4550 4551 4920 5283 5621 5953 6246 6946 7092 7241 7310 7544 7679 7804 9020 9239 9669 9805 9937 10007 10008 11027 11082 11359 11399 11837 12067 12157 12367 12689 12724 12939 13045 13108 13187 13519 14258 14429 14749 16539
714 426 1943 4571 5450 8179 10944 11232 12228 15145
715 89 139 189 393 1026 1659 2401 2647 3080 3339 3608 3724 4171 4421 4796 4885
716 213 249 3114 3186 3214 3687 3747 4872
717 401 412 472 1008 1112 1324 1376 1525 1670 1678 2240 3276 3435 3680 3686 4126 4361 4494 4532 4731 5831 6299 6558 6610 7295 8993 9689 10203 11276 11356 16140 16368
718 227 527 1772 8387 10153 10387 11168 13277
719 303 2068 3576 3978 4080 4873 6163 6164 6997 7029 7211 7673 15469 16535
720 843 3091 5187 6763 6872 9108 9224 11868 14138 16655
721 1119 1818 2886 4111 7987 8724 10752 10827 11783
722 664 3639 8981 10008 10946 13830 15870
723 1149 1814 1866 4051 5615 6681 7482 7887 8334 9345 9421 9422 10299 11873 14173
724 189 287 882 1112 1513 2006 2261 2307 2464 2985 3329 3340 4025 4093 4170 4171 4176 4213 4265 4277 4302 4319 4401 4796 5831 6569 8360
725 3324 4020 4276 5638 9684 13885 14153 14398 14616 14637 14860 15795
726 43 1083 2956 4399 8861 10093 10206 10374 11171
727 904 1199 1546 1994 2087 2089 5091
728 1 260 3259 3363 4357 7511 7957 9115 12844 13230 13334 13476 13787
729 72 134 278 907 1692 1698 1830 1989 2634 2889 3147 3181 3224 3570 3665 3676 3677 3684 3688 3690 3768 3772 3955 3966 3979 3980 3981 4016 4053 4062 4093 4094 4164 4276 4477 4576 4606 4863 4958 4969 5246 5318 5784 7187 7579
730 1315 1683 3254 3972 4170 4171 4302 5466 5574 5712 9151 9629 9974 10542 10920 11163 11619 11639 12077 12341 12654 12747 12948 13396 13600 13676 13885 14216 14258 14462 14739 14740 16409 16883 17077
731 8431 10473 10791 10877 11070 11216 11687 12209 12345 13334 13884 13885 14419 14677 15475 15783 16046 16305 16759 16764
732 995 6255 10387 10713 10947 11168 12773 15417
733 55 467 550 633 1168 1250 1300 1803 3382 4353 5079 5134 5466 5482 5741 6231 6308 6593 6717 6752 6921 6926 6934 6935 7065 7129 7728 8094 8136 9508 11324 12137 12949 13599 14754 14971 15094
734 4786 6395 12068 12468 13825 14264 14637 14698 15743 15781 16143 16396
735 104 3077 3957 7023 9940 11608 12488
736 2695 7472 8886 11464 11802 13039
737 198 235 390 824 1026 1236 1446 2168 2469 2701 2716 2932 3746 3988 4734 5774 5894 6047 7079 7982 8176 8967 9211 9560 9933 10488 10640 10956 11025 11226 11692 12194 12335 12422 12651 12897 13153 13249 13269 13334 13595 13766 13815 13818 13821 13825 13829 14150 14167 14286 14382 14394 14559 14698 14708 14773 14792 14820 14897 14931 15077 15102 15126 15212 15280 15294 15298 15327 15350 15432 15488 15514 15667 15857 15899 15967 16031 16048 16429
738 301 767 1579 1878 2242 14906 15145 15460 16411 16438 16919
739 772 1108 1318 1831 1920 2061 2235 2325 2430 2456 2600 2662 2769 2862 3011 3015 3215 3234 3511 3603 4017 4060 4069 4132 4712 5025 5362 6210 7627 8658 9404 11714 12085 16675 17074
740 189 331 592 1506 3747 4796 11255 12669 14251
741 4361 6490 9163 14628 16368
742 50 1574 1846 2467 2578 2954 3997 4188 5696 6047 9499 12097
743 2 1803 2426 4293 4734 5345 5451 5466 5508 5588 5597 5831 9108 11171 11830 13792 14338 16988
744 473 648 2073 2230 5035 11140 13514 14990 16048
745 1830 3684 4460 4519 4678
746 5136 6481 9928 15014 16662 17098
747 866 1600 2171 2454 3453 4170 4244 4250 4371 4419 5847 6561 8498 8636 9184 9558 9882 10155 10156 11047 11393 11662 12067 12068 12193 12819 13314 14831 15079 16432 16667 16960 17077
748 5977 8667 12944 12971 13283 14708 16456
749 3322 3333 3341 4368 4967 6150 9468 9629 9907 10418 11973 14811 15047 16822
750 116 1269 1580 1733 2903 4155 4648 5768 5923 6051 7012 8402 8742 9010 12239 13338 16919
751 540 897 1675 2148 5703 7571 7897 8981 9530 9545 10752 12242 12512 13168 13249 13903 14173 15520 15521 16550 16811
752 227 608 1788 2821 2923 3138 3406 5381 6234 8134 8379 9315 11772
753 82 2038 2326 3610 4123 7817 10638
754 4920 6162 8758 8951 11254 11305
755 1026 9804 10156 10297 14772
756 333 8526 9869 11380 11620 12067 12068 12343 12376 12838 13314 14399 14664 14779 15029 15639 15854
757 298 820 821 904 905 997 1346 1545 1606 1617 2089 2441 2944 3371 3901 4170 4171 4505 5304 5826 6064 6173 6710 6813 6870 7136 7449 16409 16883
758 1991 3389 3976 4678 6092 6956 8816 10041 10075 10195 11635 12359 12408 12474 12731
759 55 89 238 514 531 1149 1332 3202 3209 3731 5434 9508
760 354 1698 2444 3521 3791 7714 8179 8332 9198 11520 12067 12209 12456 13282 13611 13829 14602 15581 15824 16353 16604 16635
761 2440 3498 3807 4074 4343 4633 5921 6595 7995 8628 10761 12714 13250 13829
762 97 253 349 472 1337 2750 2922 4265 5156 5327 6094 6441 6889 7272 11356 11700 12685 12837 15814 16839
763 951 2526 4107 4609 7628 8407 8509
764 1573 1614 2320 4379 6452 7253 7554 9800 11948 16668
765 4220 5065 5109 13830 14064 15122 16498 16499 16500
766 8552 8805 9531 16279
767 278 426 620 641 675 2901 3756 4185 4380 4739 4930 5063 5092 5502 5728 6112 6282 6503 6648 6657 7308 7579 7742 9078 9121 9137 9746 9747 9748 10076 10156 11141 11254 11305 11380 12036 12042 12376 12576 13282 13467 13711 14628 14641 14878 15154 15550 15815 16296 16353 16671 16684 16861
768 74 109 112 124 149 163 177 190 203 229 239 259 274 277 437 469 507 511 515 518 526 532 567 588 589 594 622 641 654 816 833 929 936 1024 1077 1092 1128 1149 1288 1738 1773 1947 1975 2077 2120 2180 2280 2338 2364 2376 2389 2403 2447 2488 2571 2581 2664 2715 2719 2730 2785 2821 2848 3175 3309 3428 3659 3681 3731 3784 3786 3820 4028 4156 4272 4277 4402 4504 4552 4688 4820 4872 4896 4953 4954 4966 4972 5050 5053 5186 5332 5400 5419 5601 5835 6013 6209 6337 6418 6662 6687 6812 6887 6955 7125 7205 7251 7324 7356 7533 7548 7769 7783 7834 7853 8117 8275 8298 8442 8531 8545 8938 8951 9316 9445 9479 9551 9626 9674 9800 10032 10033 10132 10152 10288 10805 10958 10974 11168 11487 11559 11619 11894 12252 12317 12747 13373 13621 13660 15268 15663 16084 16668 17077
769 1868 2068 2912 2913 3877 4161 4367 4626 4849 4898 5590 5705 6386 6570 8444 8524 9435 9614 10558 11562 16727
770 1858 11217 12329 12971 13413 13633 13832 14637 15914 15917 15988 16048 16419
771 995 2627 7751 9243 11922 12184 12563 12714 12878 15192 16079
772 297 735 1961 3159 3245 3615 3902 3932 6167
773 774 1200 2005 4133 4526 10777 10915 13333
774 215 453 3158 4361 4401 5953 8182 9397 10221 10432 13529 16368
775 106 189 509 566 1277 2097 2299 2365 2397 2403 2746 3047 3217 3245 3246 3293 3613 4233 4602 4622 4678 4796
776 2031 3424 8432 11496 13282 13529 15246 15750 16021 16353 16489 16969
777 2994 11503 12323 12651 13603 14263 14996 15529 15556 15579 15936 16020 16224 16258
778 4194 8311 9462 11314 13514 13752 13827 14264 15220 15333 15579 15885 16224 16377 16471
779 162 3684 3768 3789 4216 4318 6496 7044 7149 8428 9108 16873
780 5078 10075 10203 10819 13725 13868 15431 17054
781 19 80 110 175 189 241 246 247 278 327 437 505 507 512 882 989 1131 1609 1768 1770 1824 1904 2454 2809 2901 2967 3073 3274 3397 3420 3489 3608 3629 3665 3768 3966 4062 4129 4174 4182 4203 4216 4230 4265 4281 4284 4288 4291 4302 4402 4796 4805 4863 4948 4966 5063 5235 5327 5496 5580 5593 5613 5679 5742 5816 5823 5864 5980 5998 6041 6188 6395 6522 6765 7002 7111 7286 7363 7537 7547 7579 7801 8151 8428 9264 9556 10095 10990 11013 11031 11490 11503 11630 12421 12475 12819 13829 16703
782 89 728 1301 1426 1768 2406 2490 3324 3326 3332 3790 4044 4195 4244 4312 4368 4369 5598 5855 7243 7387 8746 9149 9234 9652 10017 10086 10994 11516 11630 11973 12067 12122 12150 13230 13314 13884 13885 14216 14751 16702 16984
783 349 837 1719 2180 12163 15386
784 239 324 718 1811 2948 3640 3695 4243 7641 8842 14676
785 176 1573 3334 5519 8235
786 4220 7605 7859 10418 11646 11666 12076 12976 13023 13810 14035 14193 14566 14601 14925 15564 16714 16756 16821 16872
787 130 235 497 539 782 1169 1609 2276 3401 3969 4214 6236 6881 7285 9345 9886 10358 10751 13282 13413 13661 16048 16353 16641 16655 16935
788 86 388 755 798 949 2098 3305 4053 4062 4120 4191 4802 5358 6127 6975 7176 7360 7596 7957 8978 9025 9192 9535 9617 9982 10127 10245 11113 11114 11728 11919 12047 12048 12050 12393 12948 13206 13246 13247 13248 13251 13252 13276 13349 13631 14057 14163 14166 14359 14440 14938 14951 15882 16227 16256 16594 16783 16927
789 816 966 2523 2791 2882 4231 4277 5007 5186 8430 8614 8934 9831 10638
790 32 139 201 273 393 520 1899 3101 3158 3339 3468 3478 8151
791 176 346 554 1415 8235 11612 15204 15993
792 1540 9334 9945 10243 10712 10788 12277 12462 13626 15374 15426 15448 15573 16059 16122 16437 16619
793 310 1112 1678 1679 2414 2776 3761 3923 4210 5188 8504 9343
794 4604 8178 8716 10673 14856
795 224 244 1210 1271 2750 5449 6370 7364 10646 10787 10994 11051 11157 11168 11253 11276 11448 11721 12073 12312 12318 12323 12328 12359 12471 12662 12965 13032 13557 13568 13700 13834 13884 14261 14283 14538 14556 14688 14701 14875 16048
796 117 139 190 210 218 241 305 636 683 1154 1441 1587 1719 1735 2121 2139 2560 2714 2736 2820 2868 2912 2913 3043 3138 3161 3169 3419 3526 3724 3870 3873 3998 4111 4198 4234 4244 4258 4291 4303 4363 4374 4892 4900 4940 5069 5376 5471 5729 5998 6059 6071 6237 6386 6392 6456 6463 7231 7257 7949 7976 8051 8125 8428 9315 10220 10595 10715
797 74 221 2199 4403 5326 5410 12817 16415 16416
798 4 102 106 1197 1548 1738 1772 1829 2028 2170 2652 2680 2741 2826 2967 2976 3035 3077 3179 3336 3337 3665 3870 3928 4184 4297 4302 4340 4374 4384 4465 4661 4863 4872 5077 5636 5707 5739 5848 5875 5921 5944 5980 6087 6099 6127 6128 6159 6175 6204 6246 6284 6355 6475 6476 6592 6619 6664 6692 6776 6782 6844 6889 7036 7043 7536 7638 8181 8187 8188 9400 9561 9684 9950 10562 10924 11938 12986 15235 15814
799 176 852 949 1235 2382 2425 3511 3784 3969 4834 6790 6993 7324 8235 8662 9200 11660 13638 13994 15446 15522
800 24 35 51 175 176 178 193 1168 1316 1755 2587 2836 2905 3202 3209 3257 3608 4399 5485 5667 5784 5799 6046 7327 7638 8235 9234 9500 9981 10241 10638 10711 10784 10977 11215 11667 11732 12038 12334 12340 12343 12364 12608 12838 13111 13488 13493 14205 14544 14927 15066 15077 15387 15565 15579 15857 15899 15932 16224 16313 16348 16377 16444 16483 16718 16762 16790 16854 16908 16946 16956 16984 17104
801 412 675 1450 1908 2068 2674 3102 3831 4964 6715 7855 9917 10252 10253
802 179 497 503 588 1091 1275 1698 1710 1824 2470 2491 2790 3703 3731 4302 4392 4504 5351 5574 6045 6160 6207 6208 6681 8255 8407 8429 9081 9296 9447 9800 10228 10542 10638 10780 10854 11390 11391 11395 11489 11496 11625 11662 12316 12543 13295 13381 13885 14276 16270 16668
803 63 126 180 263 594 1344 1528 1567 2482 2820 3321 4352 7079
804 1780 3327 3934 4225 10838 11377 11399 11539 14790 14795 14864 14873 14943 15195 15766 15795 15879
805 166 8101 8423 8427 9554 13218 13555 14292 15768 16432 16475 16577 16900
806 1035 1691 4181 10938 14016 15760 16191 16205 16296 17065
807 197 1770 1810 3253 3773 4170 4171 4260 4265 4494 4606 4682 4711 4776 4777 4786 4966 4967 5471 5517 5522 5523 5625 5681 5786 5802 5824 5827 5830 16396
808 23 156 542 676 677 728 1056 1710 2634 9345 9363 9508 11173 16185 16275 16759 16953
809 868 882 1332 3035 3423 4571 9791 10178 10889 11170
810 409 1770 1801 2828 3322 4465 5195 6941 7493 8643 9131 9164 9294 9806 10132 10305 10397 10511 10513 10653 10936 11381 11973 12092 12358 13511 13916 14344 15292 15512 15613 15895 16822
811 797 2015 3018 3692 4366 4928 5530 11720 13321
812 22 116 707 1174 1394 1698 1813 1986 1987 2467 2994 3149 3397 4062 4264 4952 5079 5283 5292 5351 5493 5685 5744 6134 6695 8754 8854 9108
813 241 2568 3901 3968 5897 9234 9686 9899 13314 16984
814 5028 8543 9346 9646 9674 11948 12346 12472 12812 13147 14077 14325
815 530 735 1131 1344 2071 2895 3301 3475 3997 4051 4091 4216 4317 4370 4387 4492 4571 4722 4905 5083 5351 5371 5768 5857 7205 9316 9686 12441
816 3326 6237 7318 8560 9711 9767 11417 12728 13470 13654 14836 15349 15630 16338 16522 16781
817 133 272 286 478 590 634 882 894 942 948 950 1035 1188 1266 1320 1950 2024 2425 2475 2586 2601 2672 2750 2849 2902 2963 3035 3100 3508 3583 3909 4138 4347 4625 4788 5078 5272 5583 5591 5717 5887 5950 6014 6161 6536 6573 6855 6968 7076 7165 7292 7304 7343 7467 7502 7673 7748 8006 8051 8163 8176 8185 8213 8361 8381 8426 8822 8886 9152 9155 9236 9253 9295 9549 9551 9552 9624 9760 9835 9946 10580 10618 10894 11034 11063 11439 11654 11970 12010 13127 13475 13566 14174 14210 14762 14889 16370
818 3401 9239 10279 12312 12360 12751 13277 13568 14186 14493 15335 15818
819 11290 11801 13552 14526 14532 16665
820 93 169 193 277 287 298 331 342 574 683 691 754 1128 1406 1686 2231 2452 3114 3175 3322 3324 3339 3416 3523 3608 3679 3724 3748 4244 4277 4347 4615 4722 4930 5092 5095 5187 5294 5327 5580 5843 5926 5927 6013 6096 6180 6422 6486 6742 6888 6893 6913 7762 8524 9046 9570 9858 10016 10398 10583 10632 10672 11001 11201 11435 11858 12126 12418 13506 14316 15397 15532 16223 16292 16822
821 6664 6769 7061 7873 8130 10080 10267 10622 10694 11630 11749 12039 12478 12565 13003 13247 13290 13774
822 449 717 1792 2262 2497 2752 2992 3768 9974 12068 13282 15134 16353
823 1569 1738 2444 2790 3332 4054 4413 4465 4719 5433 5663 6703 7544 7885 7919 8197 10749 10923 12342 12366 12829 13003 13652 15048 15612 15774 16780
824 1406 2255 2984 4195 4291 4534 4813 4867 5521 5560 5998 6200 6505 7382 7463
825 293 319 2503 3100 7758 7971 8065 12175 12537 12729 12914 14169 14450 14611 15168 15720 16048 16583 16836
826 5496 5920 9684 13297 13298 14497 14975 15826 16197 16326 16333
827 941 2318 7749 8778 9840 10443 16827 16854 16908
828 2457 2742 3329 3340 5893 6286 9508 16275
829 311 1780 1937 2554 3149 3567 4998 5295 5603 6110 7702 8124 11042 12631 15707 16090
830 257 826 1322 1633 3304 5282 7291 7824 8723 9091 13654 14751
831 783 784 2033 2248 2288 2884
832 43 72 116 150 176 177 189 190 207 246 247 253 277 503 523 588 611 721 731 809 816 824 866 867 869 884 967 1032 1035 1097 1240 1253 1266 1349 1388 1446 1514 1568 1577 1579 1614 1698 1746 1768 1810 1836 1899 1953 1977 1978 2028 2041 2119 2157 2171 2203 2217 2234 2418 2419 2420 2421 2440 2464 2596 2656 2664 2665 2739 2945 2985 2995 3023 3186 3202 3209 3242 3254 3259 3269 3332 3340 3347 3456 3461 3472 3710 3746 3766 3807 3890 3945 4074 4130 4164 4174 4244 4271 4276 4341 4357 4364 4366 4371 4428 4432 4504 4530 4617 4625 4639 4669 4670 4671 4703 4734 4755 4756 4786 4796 4838 4891 4993 5063 5086 5091 5152 5293 5327 5358 5381 5437 5493 5531 5574 5578 5676 5696 5725 5762 5784 5828 5906 5963 5971 6076 6150 6166 6203 6220 6234 6236 6399 6401 6434 6469 6595 6678 6714 6749 6757 6815 6859 6867 6925 7072 7076 7079 7119 7324 7342 7356 7511 7548 7605 7708 7734 7806 7858 7936 8021 8025 8196 8207 8235 8244 8290 8305 8349 8361 8370 8426 8498 8650 8791 8854 8979 9108 9146 9234 9448 9449 9556 9558 9560 9561 9574 9626 9629 9675 9781 9800 9896 9994 10003 10020 10157 10212 10263 10264 10306 10418 10510 10614 10723 10784 10854 10918 11041 11152 11157 11277 11317 11380 11436 11487 11571 11614 11639 11685 11732 11789 11816 11942 11953 11973 12252 12338 12343 12351 12376 12406 12436 12470 12476 12536 12565 12608 12729 12844 12869 12870 13058 13099 13134 13156 13164 13224 13230 13256 13334 13405 13412 13473 13488 13621 13660 13730 13780 13821 13988 14155 14382 14398 14658 14667 14670 14698 14704 14720 14744 14770 14802 14917 14931 15111 15153 15202 15212 15220 15309 15387 15413 15461 15463 15466 15469 15514 15530 15552 15564 15565 15579 15607 15718 15772 15857 15885 15914 15917 15932 15988 16008 16021 16052 16079 16087 16178 16224 16396 16429 16442 16479 16492 16641 16652 16667 16668 16802 16813 16842 16900 16908 16962 16972 16984 17076 17095
833 2140 3945 4302 4443 5521 6300 6698 11255 11550 12067 12209 14603
834 1271 1880 3150 3332 3482 4178 4225 4410 4502 4598 4634 4775 5142 5418 5892 7341 7438 7696 8424 8679 10771 10900 12004 12361 14264 15056 16302 16351
835 175 176 396 453 511 715 795 896 925 949 1029 1125 1519 1882 2144 2173 2255 3554 3978 4302 4392 4490 4509 4565 4758 5457 5493 5642 6103 6950 7173 7302 7355 7728 8235 8770 9234 9866 9892 10011 10471 10505 11177 13641 15192 16984
836 19 219 293 453 557 646 663 692 708 790 970 1010 2320 2391 2434 2457 2629 2725 2960 3592 6009 7772 8692 9002 9264 10353 10686 11459 13009 14107 14996 15128 15804
837 542 989 2030 2196 3614 4530 9805 10136
838 1210 3058 4874 5830 10854 11202 11393 11719 12329 13168 13413 14252 15568
839 106 394 860 1009 1398 1475 3257 6216 12345 14331 14368 14559 14940 15212 15622 15680 15685 15707 15756 15817 15991 16061 16194
840 1150 2401 2457 3431 5753 6426 6752 7120 11324 11411 14210 14937 15256 16555 16773 17056 17080
841 582 616 832 3096 4363 5572 6175 6176 6215
842 241 2179 5739 5899 5967 6479 6531 10599 14439 15352 16377 16517
843 598 716 1568 3326 3883 3905 13577 13747
844 1600 2391 3951 5089 5441 5623 5671 6055 6212 6213 6636 6842 6868 7180 7849 7957 8706 8906 9719 10593 11269 12068 12346 12579 12948 13282 13660 14038 14263 14276 14384 14421 14462 14845 14865 15122 15153 15594 15877 15914 15917 15931 15988 16353 16539
845 126 149 190 437 857 1174 1199 2482 2903 5799
846 517 792 1436 1950 3041 3113 3564 4274 4335 5204 8105 8136 13113 13897 15331
847 6109 6143 6328 6329 8053 9673 10033 10132 10494 10495 11298 12672 13552 14611 14910 15478
848 76 203 252 394 488 1477 2916 4721 4831 6982 10194 10271 11088 11674 12719 12863 13121 14276 14284 14341 14391 14607 14698 15391
849 4034 6816 7998
850 264 500 519 1526 2392 3407 5046 9625 10020 10540 10778 12352 12366 14865 16463
851 1319 3744 4840 5087 5465 8456 9234 10344 11078 12474 13549 13671 14051 16984
852 134 369 542 569 858 871 923 2101 3207 3382 3421 4982 5701 8191 8595 9508 10136 10498 11717 12791 13815 15249 15768 16329 16567
853 2264 4317 5114 5853 11468 12829 15967 16031
854 2080 5553 8108 9452 11408 11953 13718 14067 15472 16496
855 41 48 55 222 518 569 577 656 706 777 890 952 1275 1281 1313 1808 1810 2047 2070 2103 2268 2311 2357 2447 2463 2472 3622 4129 4170 4171 4190 4244 4288 4293 4312 4495 4589 4863 5093 5192 5252 5282 5364 5400 5420 5421 5429 5450 5560 5572 5581 5583 5613 5614 5706 5727 5731 5749 5831 5833 5848 5850 5937 6386 6506 6683 6734 7054 16409 16883
856 988 1091 1631 1895 2559 3180 4403 6697 6904 7254 7291 8289 8393 11883
857 238 241 1224 1657 2634 3091 3139 3665 3966 6199 7653 11206 11894 12964 13106 14099 14513 14986 15467 15985
858 2300 4191 5499 6536 7771 8617 9548 10424 11337 11338 12130 12880 12968 13349 13523 13571 14485 14690
859 154 4990 5553 6040 7340 7475 7493 7663 8290 15624
860 4317 6982 6991 8446 8572 8772
861 45 84 320 500 1788 2490 2729 2933 3075 3106 3380 3522 3725 3829 4130 4250 4342 4750 4760 5176 5282 5496 5609 5761 5911 6174 6189 6437 6924 6960 7098 7325 7666 7718 7759 7901 7913 7982 8309 8347 8363 8369 8493 8533 8593 8997 9178 9475 9717 9801 9871 9938 9959 9970 10309 10335 10362 10475 10561 10645 10705 10810 11119 11120 11125 11126 11259 11297 11451 11577 11639 11678 11749 11867 11919 11930 11964 12052 12120 12200 12350 12351 12549 12557 13074 13205 13217 13325 13335 13343 13386 13404 13430 13631 13653 14100 14154 14172 14604 14616 14758 14845 14847 14925 14928 14961 15145 15151 15371 15728 16078 16091 16094 16114 16270 16322 16348 16411 16477 16486 16502 16505 16547 16705 16888 16946 16968
862 995 5200 6118 7838 9198 10387 10582 14443 14468 16762
863 478 1865 2750 3769 4154 4216 7971 9606 13334 13654 14257 14411 14538 14820 14910 15485 16037 16817
864 1698 2784 3419 5712 6635 6803 7239 7759 7903 10155 10674 10945 11215 12469 13205 13261 16330
865 176 989 1698 2601 4578 5164 5498 5825 8235
866 521 6814 7815 11685 11948 12451 14335 14341 14872 16329 16489 17023
867 188 713 813 1997 2430 4889 11380
868 241 795 1320 4198 5953 8618 11168
869 36 110 173 176 287 295 503 588 691 893 961 1349 1377 2068 2261 2664 2700 3073 3382 3803 4504 4587 4625 4786 5050 5200 5313 5524 8235 9253 16396
870 458 642 3712 4172 7454 7993 13829
871 244 256 726 761 1009 1235 1572 2698 3034 3640 4505 4671 5649 5918 6766 7678 9047 9980 10593 10772 10888 11619 11959 12340 12948 13551 13600 13885 15693 15729 16969
872 437 1692 1738 1804 3852 5729 6103 6197 6352 8236 8264 8361 8750 9917 11182 11380 13797 14085 16129 16185 16948
873 148 173 189 288 460 670 1087 1568 1570 1977 2944 3083 4796 5441 6055 6423 7430 7547 9285 10585 11050 11204 11700 12087 13166 13757 16539
874 323 1810 5376 6281 7610 7936 8650
875 1928 3523 3690 4719 5574 6472 6473 6982 6993 7069 7517 7724 7728 8231 8266 8854 8982 9125 10086 10194 10833 10920 11215 11504 11507 11655 12077 12209 12344 12350 12436 12608 12898 12948 12958 13162 13224 13295 13314 13396 13495 13675 14027 14046 14155 14545 14586 14792 14943 15112 15446 15550 15594
876 550 2699 4244 10472 16432
877 8006 9152 9155 9491 9589 9603 10168 10618 12300 13281 13959 14092
878 331 1953 2490 3564 4370 12890 16854
879 348 1666 2148 3176 3275 3385 4234 4852 5615 6965 7077 7204 9820 10104 10556 12468 13090 14242 14445 15398 15431 16983
880 5094 6240 8206 8240 8564
881 180 265 590 1846 4307 5314 5565 6402 7727 8419 8525 9807 11489 11511 11645 11747 12326 12558 12867 14174 14818 14929 15630 15729
882 1628 2352 2599 2886 3460 5319 6146 6464 6846 7154 7285 10646
883 1407 1698 3329 3338 4302 4330 6476 6803 7536 7656
884 156 309 445 615 925 1380 2062 2182 2251 2883 2927 3179 3736 3752 3753 3846 4062 4161 4170 4171 4188 4218 4250 4260 4612 4861 4907 5491 5498 5508 5517 5547 5586 5588 5765 5990 6067 6071 6663 8016 9561 9820 9896 10003 11074 12052 13000 13407 13509 13736 14370 15568 16409 16883 17058
885 1431 2047 4089 6187 6454 6658 7055 7138 7869 9090 9281 9814 9987 10076 10866 10887 11269 11792 12176 12198 12376 12548 13253 14340 14838
886 869 1035 3636 4386 7022 7899 8870 10013 11830 14405 14638 15138
887 241 524 550 598 2163 3034 4840 5110 5484 6432 7804 8136 9121 9250 10348 10622 10929 16180 16544 16893
888 148 204 222 452 882 1046 1383 1615 1699 2785 3175 3230 5649 6013 10075
889 1806 2261 3526 3684 3724 3923 4188 4254 5094 5187 5397 5417 7257
890 2486 7820 12324 13940 16691 16969
891 1871 1960 2832 4819 5300 6288 8460 15834
892 158 309 1311 1501 1603 1883 2750 3026 3390 3501 5150 5741 7066 7506 7728 8990 9428 9434 10389 10752 11042 11078 11133 11325 11571 11826 11871 12260 12653 12733 13261 13552 13746 14671 14809 14917 15478 15662 16330
893 4511 6987 7090 11526 12191 12891 13094 15344
894 3 49 178 197 201 367 503 511 515 518 528 797 861 882 967 1092 1266 1693 1768 1858 1885 1899 1928 2045 2139 2249 2250 2430 2454 2472 2473 2603 2644 2801 2822 2842 2881 2890 2901 3037 3038 3329 3525 3534 3620 3629 3688 3695 3710 3723 3725 3777 3784 3797 4093 4100 4167 4188 4203 4230 4237 4240 4244 4249 4260 4277 4282 4288 4291 4302 4303 4312 4317 4335 4338 4365 4401 4709 4821 4913 4948 5049 5094 5164 5257 5272 5282 5288 5496 5503 5524 5638 5654 5684 5712 5743 5795 5799 5818 5825 5830 5831 5844 5855 5867 5998 6037 6046 6054 6076 6103 6128 6147 6165 6203 6207 6220 6268 6272 6369 6370 6399 6419 6430 6619 6633 6654 6677 6679 6694 6728 6737 6765 6770 6785 6834 6909 6921 6946 6988 7060 7065 7111 7324 7330 7356 7458 7534 7656 7835 8069 8227 8386 8949 9200 9234 9388 9574 9824 10338 10721 13640 16249 16937 17076
895 1579 1600 3091 3328 5327 5646 5917 6068 6160 6982 9751 10194 10969 11503 12348 13568 14057 14237 14263 14582 14940 15195 15524 15694 15769 15914 15917 15988 16281 16375 16388 16432 16477 16482 16539 16632 16641 16743 16762 16854 16887 16891 16973 16995 17035
896 106 287 348 588 1026 1524 1985 2353 2404 2912 3509 3773 3887 3983 4121 4303 4504 4678 4900 6013 6871 7920 11034 11925 12338 12463 12526 13037 13090 14405 14832
897 713 13928 15550 16320 16548
898 949 2031 4148 4623 4720 5136 7586 8207 10656 11725 12353 13151 13230 13780 14566 14908 14987 15450 15731 15739 15857 15914 15917 15988 16021 16226 16350 16387 16419 16820 17051
899 551 6209 7774 10088 10640 11022 11219 12373 13054 13787 13870
900 89 3338 3684 4170 4171 4282 4291 4302 4305 4318 4347 5164 5330 5508 5876 5990 5998 6038 6067 6105 6386 6906
901 72 187 1857 5616 8614 10093 11274 11320 11541
902 178 215 588 1768 2310 2414 2553 3057 3699 4260 4330 4363 4504 5079 5830 7426 8239 8262 8974 9285 10713 11276 11388 11392 11496 12020 12065 12070 13147 14689 14697 14987 15620 15733 16135 16655 16680 16781 17027 17092
903 102 620 781 842 1466 1806 1904 2143 2268 2417 2512 2954 3421 3680 3733 3734 3735 3747 3756 3870 3873 4091 4154 4355 4362 4364 5088 6270 9162 9631 9689 9800 10672 13277 15273 16668
904 36 86 519 6280 8712 11167 15090
905 1909 4440 6314 6315 7358 7649 10953 11533 11674 11770 12383 12384 12949 13502 13899 14434 14696 16080
906 1785 3969 4567 4914 5652 10835 14052 16849
907 49 816 936 2912 2913 3385 4130 4319 4606 5696 6031 6395 6626 6654 6910 7156 7468 8418 8946 9026 9718 9900 10076 10593 10762 10805 10977 11079 11122 11124 12142
908 968 1915 2148 6448 8288 10898 16939
909 7689 8227 10332 13430 14340 16632
910 274 278 1239 1303 1724 1989 2077 2252 2882 3338 3737 3829 4511 4760 5712 6900 6987 7307 7579 8057 8362 8556 8578 8579 9475 9547 9569 11391 14757
911 3108 4190 5421 5877 6028 6506 6976 7618 8308 9705 10686 10687 10895 12042 13009 13084 13153 13234 13327 13374 14107 14638 15804 16548
912 324 4213 4600 4630 4722 4898 5015 5019 5020 5259 5363 7475 8524 8525 12043 13529
913 6900 9090 10076 11223 12074 13013
914 3297 5861 13919 13988 14538 14701
915 54 676 677 767 1974 7306 9508 9870 10011 13083 13475 16238
916 5521 6106 6225 7028 7992 8469 8725 10043 10535 16675 16736
917 106 1029 1386 1527 1600 6118 7818 7838 9461 11010 11199 11497 11711 12456 14927 15091 15885 15914 15917 15988 16008 16048 16203 16205 16315 16589 16593 16612 16627 16648 16723 16763 16782 16909 16935 17067 17079
918 5551 5634 6402 6719 10004 14341
919 1318 1899 2791 3045 3608 3731 3837 4271 4302 4319 4384 4734 4786 5008 5876 6013 6214 6221 9253 16396
920 3179 3757 4254 4342 5178 5199 5403 6030
921 71 153 206 223 241 313 588 754 802 1095 1291 1315 1398 1928 2076 2249 2250 2526 2778 2857 2912 2913 3550 3638 3708 3716 3724 3728 4216 4233 4240 4274 4504 5351 5471 5586 6071 6216 6445 7059 7441 7547 7724 8282 8283 8385 9298 9403 10200 10255 10292 10608 10777 10808 10940 11019 11504 11543 11572 11690 12010 12042 12286 12373 12460 12576 12871 12872
922 243 7015 7886 9162 10600 12433 15807
923 1426 1904 5797 6285 6391 7748 8156 8329 8876 9250 9434 10348 11133 13527 14043 14138 14626 16180
924 173 1281 1325 2119 2175 3021 3856 4553 4784 4860 4894 5322 5323 5678 6370 6464 6770 7130 7487 8519 8617 8854 9273 9607 12447 12672 13429 13602 13679 15207 15528 15597
925 131 159 169 329 458 564 598 677 699 770 1091 1196 1508 1526 1590 1906 1979 2454 2680 2826 2927 3292 3416 3591 3902 4243 4692 4794 5146 6652 6940 6944 8391 9237 9565 9628 11870 12314 13052
926 74 244 265 313 796 825 880 942 1035 1041 1817 2464 2472 2985 3019 3034 3270 3400 4173 4448 5076 5226 5272 6113 6684 6752 6820 7424 7673 9117 9446 9529 9779 9789 9793 9927 10076 10444 10482 10540 10634 11062 11207 11323 11331 11468 11530 11570 11697 11982 12042 12141 12253 12374 12441 12496 12589 12604 12829 13052 13192 13432 13606 13782 13957 14031 14447 14654 14988 15094 15172 15199 15488 16002 16258
927 6185 9626 11032 11111 11190 11620 12068 12649 13076 13246 13621 13631 13660 15789 17066
928 1181 2425 3045 3393 3655 4976 9642 13226 16927 17039
929 51 181 569 1416 2275 2652 3744 4244 4397 4913 5202 5737 6741 7142 8025 8362 8389 8494 8697 8719 8787 8863 9075 9079 9216 9560 9561 9562 9689 9788 9800 9896 9989 10003 10011 10152 10197 10223 10542 10638 10646 10661 10715 10737 10779 10805 10823 10924 10938 10981 11138 11169 11171 11273 11275 11376 11393 11489 11597 11891 15451 16668
930 13150 13891 14638 15806 16321
931 50 71 95 97 102 114 176 207 222 256 265 296 312 325 326 338 512 550 590 604 610 770 816 1095 1261 1382 1412 1463 1574 1579 1631 1683 1693 1813 1838 1937 2490 2528 2619 2629 2698 2809 2832 2851 2944 2948 3083 3105 3168 3179 3186 3254 3274 3276 3304 3361 3559 3649 3723 3882 3902 3945 4092 4142 4146 4235 4301 4304 4337 4380 4552 4643 4682 4692 4734 4772 5008 5065 5109 5123 5312 5917 6002 6187 6211 6219 6224 6288 6431 6527 6756 6828 6937 7022 7193 7368 7522 7553 7621 7642 7687 7848 7938 8029 8037 8055 8093 8235 8262 8270 8424 8468 9012 9046 9047 9085 9290 9411 9500 9629 9891 9969 9990 10011 10022 10034 10060 10066 10131 10462 10541 10550 10654 10742 10788 10805 10880 11009 11139 11179 11238 11399 11536 11603 11618 11627 11651 11948 12197 12202 12308 12323 12343 12369 12422 12451 12653 12675 12747 12900 13015 13060 13072 13141 13152 13183 13220 13221 13232 13233 13282 13314 13386 13413 13426 13427 13428 13487 13488 13493 13495 13503 13509 13629 13660 13720 13815 13885 13907 13932 13952 14039 14105 14121 14161 14174 14193 14216 14269 14315 14382 14462 14545 14616 14620 14637 14668 14697 14698 14744 14751 14792 14820 14845 14928 14941 15077 15168 15195 15203 15263 15332 15357 15394 15411 15502 15505 15531 15548 15564 15565 15592 15657 15677 15682 15687 15688 15737 15738 15743 15746 15767 15768 15781 15783 15790 15817 15835 15857 15862 15872 15885 15914 15917 15932 15948 15967 15988 15996 16021 16031 16048 16144 16187 16195 16205 16226 16259 16271 16281 16296 16348 16350 16353 16366 16387 16397 16406 16419 16538 16539 16542 16564 16572 16580 16589 16599 16608 16653 16662 16687 16718 16749 16755 16760 16762 16776 16781 16818 16828 16854 16860 16864 16882 16904 16908 16909 16946 16955 16956 16965 16969 16972 17008 17050 17059 17081 17102 17104
932 10080 10326 14405 14543 14626 15192 15771
933 3071 4832 11647 11777 12096 12135
934 89 542 2139 9253 9689 10136 12175 15192 15352 15461 15469 16123
935 111 340 556 6101 6772 11781 13158 14916 15247 15589 16536 16988
936 1698 4093 4217 7536 8786 8955 8956 16949
937 241 253 528 1801 2045 2869 2995 3833 4328 4457 4889 5737 5799 9004 9350 10445 10542 11393
938 546 3023 4483 4979 5939 12068 12312
939 127 176 805 1434 1472 1836 2031 2218 2505 2665 3242 3650 4032 4993 5079 5288 6097 8235 9569 11550 16008 16021 16220 16388
940 48 62 405 643 1026 1895 3101 3228 4170 4248 4268 4362 4364 4469 5042 5059 5129 5145 5317 5508 5765 6342 6543 6632 6953 7547 7600 7904 7978 8428 8444 8648 9418 9606
941 180 2610 2717 8419 9247 15090 16899
942 432 1098 1292 1865 2256 2403 3217 3359 4183 4532 7614 8255 9278 9285 10240 10265 10637 10854
943 3747 7772 10672 11048 11429 11542 11726 12444 13803
944 180 562 660 1100 1437 1483 1998 2627 2868 2910 3015 3136 3421 3494 3510 4010 4093 4161 4183 4204 4210 4213 4239 4250 4257 4265 4277 4293 4302 4361 4363 4655 4940 5088 5164 5171 5203 5218 5245 5282 5388 5457 5493 5558 5586 5765 5812 5815 5825 5982 6017 6038 6054 6101 6174 6431 6447 6663 7001 7487 7613 7638 7719 7762 7916 8525 9508 9708 16368
945 460 831 939 2130 2921 3309 3639 3657 3749 5311 6588 7515 7667 7928 8275 10677
946 112 460 921 1345 1546 1547 1616 1711 1712 1992 2215 2664 3115 3736 4419 5207 5215 5450 6231 6710 6818 8594 8610 9287 9381 10153 11592 11948 13518 13856 14004 14005 14065 14566
947 2898 4188 5094 5818 6047 6834 10758 13157 15246
948 175 505 4737 5249 5836 5899 8206 8385 9173 10412 11453 13064 13089 13911 15484 16992
949 189 310 441 715 966 1026 1223 3020 3396 3636 3755 4087 4124 4125 4254 4324 4361 4362 4796 5558 5586 5696 6392 6616 7067 7942 8162 8385 8761 8854 8897 9069 9079 9168 9632 9771 9783 9900 10170 10203 10432 10800 10828 10837 10842 10909 11152 11308 11364 11414 11586 11762 11784 11874 11875 11993 12042 12075 12536 12752 12819 12868 13153 13158 13243 13250 13279 13541 13623 13624 13934 13984 14007 14035 14198 14199 14370 14405 14410 14653 14669 14688 14711 14713 14816 14835 14886 15000 15022 15089 15170 15171 15281 15419 15509 15589 15608 15661 15864 15881 15887 15919 15974 16061 16121 16154 16160 16198 16298 16338 16368 16582 16601 16642 16655 16727 16781 16831 16849 16890 16922 16923 16940 16941 16942 16953 16982 17017 17060 17087 17092 17096 17109
950 7688 11916 12179 12490 13445 14436 16736
951 782 2276 4008 5836 7947 10891 11426 14300 14384 14532 15857 16253 17095
952 1342 1895 1974 2349 3486 4394 5286 6134 6535 7439 9750 10893 12932 14116 14482 15521 15697 15699 15775 16512 16604 16623 16779 16798 16913
953 293 453 757 1065 1229 1269 1299 1483 1664 1670 1866 2434 3631 3873 6245 6513 8462
954 177 216 556 863 1178 1315 2386 2505 3324 4399 5052 5152 10920 11088 11168 11391 11626 11629 12360 12471 12653 12723 12734 12819 12867 13058 13277 13496 13683 13884 13934 14698 14751 14845 14931
955 24 49 94 97 176 298 367 453 509 620 691 867 1700 1868 1904 1953 2700 2738 3333 3445 3741 4093 4171 4188 4203 4220 4244 4250 4260 4265 4273 4277 4282 4291 4294 4302 4305 4317 4318 4333 4342 4359 4361 4365 4369 4399 4402 4603 4889 5101 5329 5396 5413 5493 5503 5586 5625 5642 5652 5725 5799 5867 5876 5906 5963 5990 5998 6045 6085 6147 6174 6298 6304 6422 6571 6633 6654 6796 6803 6856 7035 7547 7553 7878 8019 8090 8125 8206 8235 8412 8525 8614 8854 9234 9579 10156 10505 10593 10599 10778 11001 11169 11275 11276 11496 11507 11619 11630 12067 12354 12360 12373 12623 12819 13277 13509 13640 13894 14216 14382 14987 15595 16368 16409 16873 16883
956 966 2528 3334 3684 3724 3773 4044 4170 4171 4225 4254 4302 4362 4678 4715 4745 5019 6386 6496 6856 10306 10739 15595
957 197 1892 10053 10295 15549 16632
958 2232 3158 3255 3643 3644 3713 3724 3762 3782 3789 3993 4039 4133 4156 4470 4490 4599 4603 7151
959 1169 1556 1601 1710 2123 2227 3035 3451 3902 4371 4936 5318 7497 9056 9819 10227 11349 11424 11490 12343 12428 15579 16224
960 1304 1305 1830 1831 7877 10461 11795 16567
961 4123 4554 4696 4986 5006 6878 6974 6979 7626 7728 8562 8563 8839 8840 8989 9143 9326 9327 9460 9461 9539 9776 9860 9963 10146 10147 10871 11342 15739
962 177 554 691 3422 3747 4182 4283 5039 6782 7273 8097 8453 8686 9369 9840 9882 9886 10008 11298 11424 11921 15458
963 6422 8388 11157 11218 11619 14492
964 2685 2703 4294 4374 4517 5598 6754 7016 7166 7243 7322 7399 7403 7522 7555 7627 7656 7660 7683 7689 7797 7800 7920 7958 7970 8010 8046 8100 8206 8340 8500 8556 8669 8670 8841 8910 9042 9536 9540 9629 9636 9664 14404
965 163 1970 7555 9183 10061 10355 11132
966 2102 8348 12651 12783 12812 13050 13902 14263 14560 15629
967 1639 6159 6420 6763 6839 7565 7592 12023 12548 13549 16571
968 1261 1337 1339 2311 2730 3259 3365 3637 3694 4786 9917 10041 10326 11138 11724 12068 12190 13282 13869 13885 13934 13962 14153 14638 15168 16353 16396
969 519 1062 1364 1571 2252 3075 3108 3174 3392 4314 4385 4599 5191 5604 6137 6313 6345 6789 7090 7157 7414 7928 8286 8892 9302 9937 10049 10378 10431 10550 11032 11115 11123 11191 11267 11358 11697 11974 11982 11985 12012 12023 12124 12153 12154 12242 12255 12394 12477 12562 13052 13074 13245 13247 13297 13298 13386 13410 13601 13629 13762 14121 14368 14738 14979 15056 15088 15132 15185 15234 15251 15422 15460 15581 15622 15691 15694 15756 15831 15867 15916 15932 16005 16010 16020 16030 16061 16119 16150 16190 16239 16302 16455 16603 16946 17079 17081 17094
970 4361 7381 9558 9877 10432 16667
971 78 152 282 603 623 663 982 995 1380 1540 1735 2346 2457 2564 2634 3389 3969 4318 5667 7728 7828 8011 8066 8071 8817 10801 12811 12861 13632 13781 13980 14850 14876 15071 15392 16142 16278 16314 16371 16669 16873 16906 16996
972 5119 8515 8854 9472 9989 10650 10673 10950 10993 11254 11305 11568 11630 11688 13904 13998 14581 14584 14628 15306 15318 16538 16612 16665 16790 17098
973 176 498 4528 5575 8235 9577 10592 16214
974 235 2242 2451 3543 9345 11339 12839 14387
975 560 1601 2820 3969 3983 4129 8846 12049 12996 13314 13488 13885 14216 14224
976 106 2321 2639 3339 10162 11033 11662 12067 12819 13150 13256 13314 14024 14751
977 7894 8426 8534 9183 9624 10312 10355 10580
978 254 664 1475 1609 2724 3388 3639 4028 4563 5282 9694 10540
979 48 449 1928 3382 3480 3680 4293 5009
980 597 1977 2253 2915 3057 3548 3680 4112 4834
981 2944 3789 4131 5035 5873 10993 11140 13934 14159 14557 14906 14938 15494
982 392 1263 2532 3154 4658 5747 5960 8612 11477 13720 14080 14637 15153 15503 15592 15889 16654 16804 16881
983 40 148 1657 2505 3129 3334 3695 3718 3747 3750 3751 3769 4155 4187 4203 4219 4258 5079 5496 6059 6619 6765 7111 7710 8069 8796 9544 9884 15857
984 58 106 367 407 882 1169 1498 1601 1764 1785 2433 2708 3631 4129 4146 4291 4397 4737 4797 4861 4966 5187 5998 8022 11512 12086 16062
985 1943 3522 3684 4682 5516 5847 6213 6796 9234 9473 10487 12068 14421 14868 16396 16984
986 714 1605 4557 5076 5137 5799 6591 9742 11161 11568 12359 12389 12941 14810 14883 14940 15306 16734
987 2454 8990 9254 9686 11190 11500 11639 11858 12512 15521 16627
988 44 236 264 286 641 848 891 1132 1710 1750 2010 2621 2692 2699 3155 3300 3522 3904 4176 4880 6101 6468 7745 7777 7817 8051 8136 10006 10008 10062 10136 11171 11316 11359 11635 12410 12771 13553 15488
989 4294 6636 7580 7772 9441 10198 10686 11001 11048
990 90 917 2317 2576 6594 7435 10056 10807 11206 12000 15266 16758
991 47 8230 9346 9646
992 787 3804 4810 6379 11000 12763 13238
993 4070 4577 6547 11816 13834 15566 15720 15994 16546
994 3332 5298 7258 12390 12867 12924 14680
995 3309 5071 5598 8275 12210 12214 12346 14638 15077
996 10993 11314 13754 13934 14501 14628 14652 15713 16278
997 235 4734 7046 9055 9082 10660 11177
998 1662 2991 3138 4254 5688 6017 7378 8351 9159 9315 13817 16788
999 144 180 1614 1816 2071 2162 2180 4692 6107 10819 10866 11724 12597 12651 13334 14382 14384 16680
1000 2071 3341 6924 8084 10542 11345 11948 13329 15914 15917 15988
1001 1868 2621 3326 3342 3690 4175 4361 4399 4532 5725 5906 6272 7044 8425 8428 8498 9234 9989 10432 10595 10924 16368 17077 17086
1002 51 89 133 148 151 189 195 217 235 310 311 324 437 471 512 542 591 598 600 609 613 635 709 717 1007 1022 1178 1199 1269 1285 1380 1398 1469 1669 1728 1774 1792 1804 1903 1942 2139 2168 2189 2320 2361 2392 2404 2469 2497 2520 2526 2583 2634 2699 2725 2851 2927 2942 3031 3101 3114 3288 3395 3428 3454 3542 3687 3747 3852 3972 4008 4056 4154 4216 4218 4307 4366 4392 4675 4796 4905 4912 5371 5547 5887 6180 6216 6280 6863 7056 7451 7515 7687 8213 8390 8418 8427 8862 9020 9278 9369 9382 9570 9666 9800 9909 10011 10080 10136 10192 10224 10252 10253 10303 10583 10672 10805 10888 11028 11204 11432 11654 11958 12070 12096 12262 12294 12359 12474 12487 12821 12890 13069 13133 13134 13221 13258 13314 13396 13821 13824 13895 13959 14027 14106 14261 14264 14331 14389 14469 14559 14698 14810 14980 15025 15192 15257 15286 15441 15480 15532 15684 15743 15864 15885 15916 15946 16061 16185 16258 16292 16429 16668 16762 16786 16790 16794 16893 16918 17110
1003 657 866 1767 2355 4250 4371 5407 5553 5777 6803 7718 7884 9129 9829 10469 12067 12068 12853 12901 13671 14258 14665 14677 15263 15931 16555 16764
1004 80 349 4786 5282 5625 6294 7610 8090 8854 9857 9892 10158 10890 12765 15781 16396
1005 49 75 129 163 241 274 277 301 330 413 772 1063 1131 1279 1288 1291 1303 1354 1454 1548 1553 1606 1615 1676 1677 1680 1692 1741 1830 1837 1857 1989 2009 2130 2143 2174 2258 2367 2379 2393 2399 2416 2462 2515 2516 2532 2626 2641 2657 2679 2736 2738 2773 2784 2791 2825 2889 2923 2931 2978 3002 3021 3076 3079 3089 3104 3181 3211 3216 3241 3265 3315 3329 3334 3342 3397 3412 3445 3538 3574 3608 3640 3648 3659 3663 3676 3677 3690 3694 3703 3708 3725 3726 3746 3795 3800 3836 3912 3946 3981 4016 4020 4127 4150 4155 4164 4168 4206 4226 4249 4265 4270 4273 4276 4288 4301 4312 4432 4506 4518 4519 4521 4572 4590 4657 4662 4696 4734 4770 4786 4829 4830 4942 4958 4965 4966 4969 4986 5009 5030 5123 5171 5207 5248 5282 5316 5388 5415 5493 5522 5546 5568 5573 5620 5642 5712 5764 5765 5796 5799 5873 5958 6018 6037 6043 6046 6054 6067 6116 6182 6202 6228 6244 6250 6251 6280 6346 6369 6371 6377 6386 6406 6416 6526 6564 6654 6686 6754 6803 6828 6914 6979 7000 7010 7016 7022 7054 7083 7097 11385 14492 16300 16396 16998 17077
1006 310 1572 3107 4758 5081 8239 8535 11211 12993 15946
1007 1026 1719 1823 2068 4128 4786 4931 5066 5331 5451 5831 6253 6356 8886 11168 12190 12214 12680 12998 13006 13934 15819 16174 16396 16700 16906 16988
1008 3254 4130 6834 9612 9629 10705 11940 11948 12068 12329 13109 13119 13314 14382 14462 14616 14751 14813
1009 159 519 1405 2886 6817 7227 7493 10981 14049 14481 14543 15400 15771 15973 16538
1010 365 382 534 666 1417 2169 3103 3176 3319 3366 4130 4135 4171 4220 4260 4678 4681 4776 4777 4786 4804 4811 4848 4852 4862 5164 5457 5617 5696 5774 5775 5821 5825 5937 6031 6071 6101 6186 6511 7901 8121 8564 8715 8716 9325 9558 9657 10425 10593 11380 11887 12518 12996 14141 16396 16409 16883
1011 298 1953 2101 3329 4198 5017 5086 5169 5999 6426 7304 7923 8330 8625 10635
1012 190 775 3229 3281 3687 3897
1013 585 867 2730 3340 6322 6385 6946 7013 7330 7676 7906 10228 14519 15153 15457 15667 15892 16249 16892 16900 16972
1014 6269 6323 6666 8315 9909 12475 12765 12955 13599 14085 14263 14770 15185 16298
1015 4938 5799 8951 13818 14685
1016 3443 5185 7711 8914 9472 10239
1017 2951 16135 16611 16688
1018 2828 3332 3512 5800 10040 10406 11177 11216 12350 13236 13473 14155 14462 14538 14616 14637 14708 14792 14897 14928 16048 16296
1019 43 101 107 271 792 891 913 1083 1367 2581 2677 2832 2848 2872 3129 3167 3298 3399 3903 4605 5051 5493 6312 6369 8343 8573 10093 10918 11491 11541 12362 12470 12759 13327 13412 13761 14315 15857
1020 503 2140 2605 3684 3783 3829 4171 4244 4320 6591 16409 16883
1021 12414 13359 14367 14418 14532
1022 3334 5586 5822 5831 6269 11205 14893
1023 1077 2944 5327 5389 6734 7017 7345 7371 7509 7612 7909 8079 8378 8463 8704 8761 9035 9342 9958 10545 11784 12067 12068 12538 13282 13942 15168 15350 15710 15750 16353
1024 49 245 1928 3241 3663 3664 3966 4184 5314 5318 5329 5400 5413 6239 6654 6714 7324
1025 1083 8123 9907 12106 12342 12398 13934 14561 15569
1026 310 367 1931 2593 3039 3175 3450 4293 4412 4898 5009 5100 5280 5715 5807 5829 9200
1027 960 1226 1663 2346 5424 10016 12662 14965 16739
1028 502 2053 2281 4875 5563 7717 12106
1029 26 114 1849 3768 4365 5350 7991 8284 8668 11465
1030 460 2028 2119 2571 3395 4396 5581 6127 6259 7580 8024 11624 11747 13236 14262 14284 14382 14688 15298 15542
1031 293 436 525 536 649 1203 2020 2638 2948 3978 4682 4709 5181 5276 6479 6531 6718 6900 7293 7797 7876 8073 8235 8568 9025 9712 12622
1032 70 310 551 805 1483 1490 2008 2691 2912 2913 2916 3358 3427 3923 4136 4422 4721 4910 5526 6969 8372
1033 6461 8303 8784 8898 9200 9689 10662 10779 10810 10887 10920 11424 11703 12068 12101 12245 12411 12911 13157 13223 13224 13226 13282 13319 13329 13620 13676 13821 13829 14039 14131 14258 14462 14476 14490 14698 14751 14873 14897 15112 15402 15513 15571 15579 16224 16296 16306 16348 16353 16358 16429
1034 87 608 2930 2948 3001 3646 3927 4474 11254 12556 13267
1035 901 1540 1541 1682 3803 3829 4170 4598 4618 4736 5209 5445 5507 6027 6823 8211 8856 9475 9580 9689 10616 10707 12067 13282 13599 13733 14503 15108 15299 16353
1036 5252 5933 5999 6807 6839 7618 9385 9593 9736 11076 11112 11113 12048 12737 13012 13252 16878
1037 1788 3380 8650 9686 11340 11782 15033 15280 15768 16313 16579 16763 17101 17102 17104
1038 2041 2236 2380 4639 4669 4670 4671 5779 6203 6399 6408 7221 7957 11040 11813 13314 14504 14879
1039 519 691 1131 1344 2743 3612 7271 12083 13747 15609
1040 176 3257 8235 8298 11685 13314 15769 16900 17077
1041 194 826 1556 2333 2648 3736 4217 4364 4470 7434 7541 8154 9561 9638 10537 10771 12346 13599
1042 7172 8073 9580 9746 10707 11161 12149 12885 13733 14071 14278 14503 15040 17004
1043 5619 7553 10118 12992 13461 13709 15592
1044 311 320 682 833 2139 3788 4933 6924 7390 7921 8262 8945 9002 9066 9165 9659 9704 9739 9747 10352 11013 11217 11511 12827 12829 13246 13412 13934 14605 14641 15715 15791 15815 16377 16861
1045 3175 3413 6013 9382 9403 10310 11491 12121 12346
1046 161 514 531 1574 1991 2182 2764 3324 3338 4198 5999 6662 9268 10001 10771 10832 13221 13655 14898 14921 15467 15564 15783 15955 16570
1047 275 443 2143 3659 5366 5651 5696 6588 8584
1048 162 310 677 1698 3693 4170 4244 5264 5282
1049 113 689 1085 1890 2424 2669 2767 2827 3298 3399 3866 4108 4187 4211 6019 6173 6177 6408 6870 6879 7221 8842 8968 9121 9280 9508 9552 9883 9884 10493 11612 11683 11685 11813 12759 13267 13838 13975 14341 14383 14566 14756 14757 15060 15061 15062 15213 15216 15993 17086
1050 10 553 1344 1426 1742 2021 2600 2963 3958 4003 4043 4131 4557 4877 5304 5717 6027 6143 6955 7661 8196 8218 9426 9466 9484 9526 9720 12005 12591 12812 12946 14023 14043 14481 14586 15284 15401 15607 15666 15713 15791 15944 16264 16508 16656 16806 17001
1051 1826 2246 2545 4033 6388 12587
1052 2944 4717 8099 11185 11904 14264 14282 15240 15285 15525 15610 15911 15914 15917 15988
1053 658 1582 5292 6284 6690 7403 7653 7776 8382 9734
1054 785 1495 2665 4763 5241 5828 6702 11298 13922 14260
1055 155 537 1252 1272 5181 7141 8027 9128 9132 9134 9364 10143 10248 10357 10477 11868 13188 14378 16109 16129 16216
1056 1818 1954 2514 2784 3736 5056 5701 6332 6753 7080 8080 10574
1057 346 352 1415 1515 2138 2335 2365 2776 3480 3550 4183 4206 5151 5498 5508 5711
1058 166 169 264 298 394 409 502 542 592 596 676 677 680 858 1167 1169 1207 1235 1311 1365 1498 1508 1953 1963 2024 2308 2400 2401 2541 2634 2742 2901 3011 3144 3169 3368 3369 3397 3417 3591 3909 4172 4465 4936 5010 5091 5232 5362 5474 5817 6332 6397 6970 7303 7672 8080 8688 8734 9103 9457 9482 9508 9619 10136 10535 10646 10806 11054 11168 11271 11391 13314 13487 13829 14790 14872 14930 15533 15622 16275 16485 16702 16732
1059 6796 8019 8220 11034 11925 12827
1060 97 432 494 588 939 1978 2649 3034 4504 5774 8810 15127 15181 15275
1061 2586 4402 10155 14038
1062 161 175 177 235 356 519 1202 1371 1866 2086 2321 2664 2976 3091 3631 4787 4866 5112 5624 5703 6112 6282 7021 7645 8345 9254 9363 9382 9638 10752 10986 12049 12471 12525 12721 13168 13393 13903 14059 14301 14303 14464 15027 15495 15520 15590 15778 16038 16073 16478 16616 16842
1063 2 316 729 788 1323 1683 1737 1761 1848 2082 2098 3083 3208 3878 4225 4550 4551 4760 5287 6060 6509 6773 6918 7862 8019 8084 8227 9473 9826 9997 10310 10354 10389 11281 11477 11488 12869 13572 14115 14596 15671 16084 16209
1064 180 447 655 685 1754 1904 2243 2585 3098 3100 3278 4097 4218 6101 6331 14262
1065 159 452 1844 2271 2507 2515 2516 2678 2868 3089 3205 3733 3734 4257 5474 6304 10779 12343 13233 14369 15720 16350 16387 16455 16575 16586 16727 16836 16900 17008 17065
1066 2075 2863 3928 5629 6179 6773 8904 12653 12996 13145 13675
1067 4498 5067 12468 12808 13055 15207 16162 16186 16949
1068 142 1007 4061 11192 12069 13397 15192 16471
1069 310 767 1773 2342 9820 11512 12160 13023 14054
1070 3247 3392 8705 9203 13426 13773 15492 16318 16572 16599 16723 16881 16907 16908 16946 17051
1071 257 537 982 1252 2408 2724 5425 6072
1072 3220 3338 3579 4861 12004 14099 14170 15768 15769 16579 16762 17036
1073 1991 6776 7536 12996 13214 14658 14701 14820 15838
1074 726 866 1640 2806 5937 6139 7846 8709 9546 10727 10774 11382 11496 12716 14813 15973
1075 236 918 1670 1703 2525 3578 4048 4830 5693 5731 6536 6546 7292 8542 8744 8912 9128 9132 9250 9508 10090 10300 10348 10622 11741 12187 12494 12504 12629 12773 13117 13970 14002 14708 15338 15520 15521 15613 15961 16180 17040
1076 132 202 613 770 1853 1871 1891 1968 2181 2339 2431 2574 2995 3091 3769 3972 4197 4217 4248 4311 4312 4351 4560 4615 4677 4692 4703 4759 4767 4819 4908 5706 5731 5892 6344 6386 6425 6674 6692 6773 6786 6796 6982 7272 7592 8250 9825 10832 10837 11212 11274 13104 13113 13261 13568 13897 14152 14692 16311 16993
1077 2102 2139 11167 12468 12978 13214 15510 15586 15593 15748 15960 16148 16190 16193 16253 16406 16433 16651 16788
1078 664 1026 3639 9472 10294 11182 14561 14638
1079 726 1209 1392 1853 3182 3975 4196 4785 5334 6160 6601 10646 11172
1080 235 587 640 1180 1643 2391 3461 3803 4531 5152 6231 8048 8136 8311 8354 8795 15350
1081 70 193 1514 1967 2692 3943 6343 6622 9199 9709 10086 10166
1082 7790 7791 8597 9688 10006 11473 11936 12565
1083 2022 5300 10646 11320 16764
1084 172 298 696 1698 1710 1770 2147 2264 2427 2597 2778 3121 3163 3338 4171 4244 4250 4572 4678 5285 5330 6067 16409 16883
1085 0 232 989 2511 2613 2764 2828 2964 4960 6398 6641 7451 8102 8303 8409 8695 9688 12211 12358 12400 13135 13240 13600 15054 16358
1086 3273 4118 7524 8485 8725 11011 11714 11930 14662
1087 158 216 265 394 502 510 622 1016 1655 2525 2732 2808 3006 3233 3417 4138 4698 4699 4700 5292 5424 9149 9688 12400 13120 13829 15372 15795 15879 15931 15969 16122 16273 16305 17067
1088 1274 3684 4171 12324 12340 12345 16409 16883
1089 44 117 2727 9265 9898 15552 16606
1090 88 1454 2381 2742 3326 8351 10773 12359 13083 16170 16275
1091 718 1813 2457 3720 5830 8293 10230 10542 10674 11221 11496 11816 12056 12642 12657 13384 14927 15112 15857
1092 554 866 867 1953 2083 2574 2750 3333 3718 4686 5963 6578 8214 8252 10013 10118 10470 10711 10779 10937 11025 11190 11215 11424 11891 12340 12343 12344 12350 12353 12359 12506 13113 13234 13283 13600 13897 14315 15415 15436 15524 15768 16359 16539
1093 9 58 77 78 215 228 266 282 427 434 509 538 541 542 586 617 659 801 802 823 860 862 947 994 1015 1021 1023 1041 1042 1044 1048 1051 1053 1069 1071 1076 1122 1150 1151 1159 1161 1181 1185 1192 1216 1246 1270 1295 1309 1348 1358 1372 1380 1395 1401 1420 1496 1509 1571 1591 1595 1604 1624 1655 1675 1694 1702 1722 1780 1844 2032 2148 2182 2198 2200 2211 2292 2306 2341 2401 2457 2459 2546 2564 2566 2578 2618 2820 2840 2940 3099 3156 3417 3488 3546 3590 3591 3630 3803 3889 4647 4797 5120 5287 5561 5695 5710 5863 6235 8360 9112 9508 9666 10136 11189 13529
1094 3095 4198 6175 7543 8094 8818 10024 10744 11160 11193 13209 13317 16208 16216 16993
1095 114 139 148 191 326 408 572 822 1026 1318 1528 1726 2168 2427 2432 2469 2925 3001 3015 3016 3202 3209 3228 3245 3258 3665 3724 3773 3786 3795 3966 4002 4021 4188 5094 5098 5121 5122 5235 5245 5290 5874 9313
1096 127 1719 2409 3045 3087 3138 3773 4082 4244 4253 5253 5620 5652 5681 9315
1097 3254 5696 9807 11391 13224 13329 13488 14016 14393 14596 15143
1098 89 112 150 219 312 333 372 394 502 528 649 696 744 776 839 854 929 995 1018 1269 1274 1439 1440 1478 1494 1601 1704 2155 2233 2236 2270 2302 2310 2340 2665 2702 2770 2774 2907 3292 3336 3420 3443 3803 4252 4263 4321 4466 4471 4477 4493 4552 4557 4729 4738 4933 5010 5023 5233 5431 5478 5659 5671 5728 5901 6184 6359 6415 6487 6553 6720 6752 6783 6812 6814 6867 6881 6919 6923 7042 7056 7065 7301 7308 7333 7355 7356 7484 7552 7720 7724 7772 7890 8040 8051 8098 8132 8254 8453 8543 8573 8892 8905 8922 8929 8990 9108 9199 9410 9445 9526 9556 9559 9707 9717 9719 9879 9890 9978 9979 9981 10081 10104 10129 10174 10239 10371 10381 10609 10777 10936 10947 11048 11103 11105 11106 11107 11249 11322 11360 11488 11513 11568 11951 12003 12084 12096 12113 12171 12310 12362 12376 12443 12444 12474 12493 12524 12882 12919 12958 13149 13160 13257 13388 13393 13452 13511 13527 13544 13583 13611 13622 13665 13756 13803 13903 13926 13976 13991 13995 14128 14151 14212 14213 14219 14224 14227 14237 14249 14303 14417 14499 14504 14568 14574 14579 14626 14728 14776 14777 14817 14897 14903 14917 14939 14980 15094 15136 15244 15254 15345 15436 15461 15462 15466 15469 15488 15493 15520 15524 15535 15575 15581 15614 15629 15658 15718 15749 15768 15785 15810 15821 15869 15959 15966 15982 16001 16027 16054 16058 16149 16167 16171 16172 16214 16234 16296 16370 16417 16425 16480 16585 16604 16620 16654 16666 16673 16797 16854 16856 16927 16953 16958 17018 17072 17090
1099 1134 4458 7185 7780 10367 14447
1100 11568 13934 14990 15090 16186
1101 1600 4244 5095 6174 6779 8854 10991 11536 11648 11665 11718 13216 13590 14751 15153 15446 16900
1102 915 2725 2949 5170 5279 5384 6184 6185 6449 6593 11580 11675 13479 13490 15722 16013
1103 161 1246 1454 3488 7724 7728 9125 9638 12608 13282 13707 15822 16353
1104 863 1169 1462 2759 2927 3436 3969 4289 4575 5367 11221 11390 11891 13562 13870 14720 15862
1105 1509 9864 12225 12575 12983 16914
1106 2862 6704 9622 9833 10462 10721
1107 4555 5587 5822 7361 11205 11990 14638
1108 100 2130 2791 3967 4617 5116 5696 11393 11489 13537
1109 139 153 176 181 298 594 1503 2173 2389 2574 3174 3202 3205 3209 3300 3301 3461 3694 3695 3771 3954 4676 5062 5351 5396 5536 6369 6433 8235 9708
1110 62 1904 2451 2730 3229 3365 6599 8426 15252 16768
1111 49 1458 1826 2392 2742 3339 5046 5183 6654 6758 7022 9684 9696 10155 10156 10542 11001 12126 16275 16998
1112 103 466 1496 1819 1933 1987 2234 2286 2594 2698 2900 3728 4432 4800 5763 6134 8854 8868 9862 11080 11229 12090 12172 12602 13992 15857 16655 16680 16698 16723 16830 16854 16868 16875 16955 17008
1113 3344 5361 6649 6872 8588 8589 11553 11973 12068 13282 14039 14149 14380 14525 14560 14611 14638 14826 15539 15720 16353 16548 17028
1114 748 1193 1376 1747 1757 1908 2182 2342 2601 2630 8664 8711 9349 10124 10221 10674 11349 13682 13863 16028 16873 17044 17076
1115 27 267 565 624 651 686 729 813 1083 1436 1983 2948 3129 3193 3465 7583 10502 13267 14601 14842 14913 15044 15189 15294 15564 15591 15743 15857 16875 16962
1116 3959 4130 4311 7254 7461 7465 7547 7843 8328 10532 11630 11884 12373 14792 16048 16235
1117 113 119 307 450 1708 1971 2431 2821 2921 3337 3338 3407 3433 5535 6007 6094 6100 6555 6692 6744 6810 7173 7206 7238 7482 7496 7634 7887 8368 8382 8629 8813 9100 9704 9735 10352 11455 11457 11458 11857 12434 12570 12571 12624 14752
1118 768 797 961 1328 2104 2221 2222 2365 5025 5271 5784 6173 7211 9200 11661 15305 15836
1119 253 1728 3276 4146 4368 6347 9638 10901 12087 13398 16221
1120 1609 2145 4321 5015 6123 6642 6991 7963 8430 8492 8876 10194 11051 11103 12331 13187 15278
1121 6158 9272 12560 13629 13911
1122 229 1206 1804 1937 2370 2505 2784 2821 3324 3852 4207 5712 6332 6954 8208 8427 8679 8853 9694 9714 10227 14636
1123 177 192 242 246 247 256 278 606 609 742 967 1169 2042 2791 2821 2995 3186 3515 3522 6372 6602 7579 7966 8975 9108 9800 12322 13277 13413 13674 13695 14263 14538 16668 16937
1124 159 180 1968 3601 5711 7014 7364 7895 8491 9560 9664 9916 10655 10722 11346 12037 12229 12319 13506 13654 14098 14643 14720 14886
1125 18 207 1770 2790 2944 3465 4130 4873 5327 5799 6220 7224 8206 8231 8470 9118 9200 9559 9574 10076 10230 10567 10784 10833 11298 11349 11380 11421 12042 12369 12376 12576 13060 13193 14421 14446 14481 15076 15161 15610 16556 16666 16790 17076
1126 2193 2598 3020 4977 5408
1127 23 48 82 151 159 196 278 311 530 580 1196 1497 2257 2560 2648 2682 2688 2809 2863 3060 3065 3102 3121 3202 3203 3209 3228 3338 3382 3638 3684 3693 3697 3724 3733 3734 3736 3744 3757 3766 3768 3786 4138 4143 4154 4161 4170 4171 4175 4190 4204 4206 4210 4213 4217 4218 4225 4234 4244 4252 4258 4260 4266 4268 4291 4293 4421 4460 4490 4523 4553 4567 4622 4660 4674 4678 4703 4705 4715 4745 4769 4894 4940 4999 5009 5182 5240 5245 5264 5277 5282 5315 5322 5323 5337 5363 5388 5396 5406 5421 5439 5493 5821 5998 6017 6067 6071 7579 9285 9666 9708 16409 16883
1128 109 2593 3129 4233 4274 4335 4486 4606 5098 5400 5634 6220 6979 7435 9574 17076
1129 2420 5361 5852 6203 6925 14601 16236 16406 16487 16714 16757 16784 17095
1130 6505 8515 14044 14652 15118 15550
1131 1627 2505 3128 3482 3685 3709 3760 3936 4180 4527 4767 4775 5178 5530 6074 6646 6901 7341 7887 8026 8368 8555 8813 8883 11754
1132 49 755 1853 2667 4093 4302 5282 6654
1133 1772 2256 5327 7724 10086 10722 13193
1134 86 2912 2913 3084 4288 4359 4860 8303 10885 11552 11724 16256 16358
1135 3010 3309 3608 6460 7727 8275 9916 10672
1136 402 660 688 949 1115 1818 2530 3388 3902 4019 4621 6272 6686 7810 8246 9054 10340 10786 12631 12875 13222 13832 13856 14778 15562 15578 15843 16854 16935
1137 1352 2071 2679 3608 4171 5386 8976 9253 16409 16883
1138 177 204 1719 1799 1898 2123 2307 2601 2708 2756 2788 3083 3526 4171 4407 4865 4976 5614 7257 7356 9253 16409 16883
1139 331 664 3259 3608 3639 4216 4276 4786 4930 5079 5092 5200 5576 6657 7645 7728 8429 8685 9781 12793 13607 16396
1140 12067 13884 14384 14501 14532 15118
1141 4682 5471 9559 10676 12597 15590 16426 16666
1142 176 293 788 1017 1188 1451 1702 1985 2083 2366 2475 2560 2901 2922 2962 3202 3209 3334 3393 3515 3655 3728 4310 4379 4386 4631 4786 4834 5072 5166 5327 5436 5516 5553 5702 6212 6299 6332 7012 7252 7295 7348 7541 7849 8080 8235 8243 8360 9017 9125 9234 9406 9642 9934 10487 10542 10872 10929 11342 11625 12165 12366 12402 12622 13210 13420 13806 13807 13808 15082 15164 15290 15588 15949 16115 16174 16396 16727 16732 16984
1143 44 146 176 298 453 503 505 660 1214 1306 1350 1380 1614 2101 2309 3081 3129 3383 3758 3796 3829 5327 6027 8235 9012 9475 9973 10462 10729 10780 11386 11630 12365 12623 13757 13873 14912
1144 13711 13998 14532 15525
1145 509 861 3470 4300 5768 5982 6856 7284 7726 7925 7983 8358 8724 9248 9647 10226 10674 11102 11511 11620 12473 12608 12651 13020 13074 13084 13246 13251 13829 13923 14276 14382 14570 14637 14773 14885 14887 15112 15203 15333 15389 15418 15440 15795
1146 235 523 788 801 1066 1169 1320 1376 1579 2490 2892 2908 3401 3723 4936 5660 7865 8390 9627 10918 11157 13603 16415 16581 16759
1147 7273 7852 7915 8558 8659 14721 15624
1148 97 367 1087 1108 3147 4095 4129 4393 5843 7215 8034 8054 10221 15788
1149 3874 7711 8418 8914 10771 12474 12713
1150 1083 1710 2796 4888 7608 8584 11393 11611 11688 12329 14371 16048 16762 16969 17008
1151 156 169 680 745 1029 1041 1053 1573 1731 2574 2591 3431 3550 3555 4288 4606 4892 5283 5287 5519 5914 6386 6485 6496 6625 8351 8377 8870 9508 9926
1152 44 163 238 989 996 1288 1736 1928 2232 2249 2250 2417 2679 2976 3138 3338 3620 4138 4167 4189 4317 4966 5018 5280 5282 5351 5481 5502 5867 6109 7215 7548 7772 9858
1153 5956 6150 7841 7969 13220 13907 14216 14691 16266
1154 176 967 1417 2234 2699 3129 4146 4168 4300 4302 4661 6033 6187 6280 6527 7749 7878 8080 8235 8324 10078 10121 10661 11221 11735 11886 12214 12446 12579 12819 13073 13155 13227 13407 13506 13857 14038 14384 14611 15192 15565 16366 17077
1155 162 175 298 1349 1710 2773 2963 2973 3684 4672 4703 4966
1156 45 49 333 499 729 1288 2488 2538 2677 2901 2917 2997 3104 3106 3471 3640 3787 3798 3967 4152 4196 4228 4273 4312 4337 4349 4378 4382 4384 4392 4853 5082 5186 5231 5318 5664 5799 6085 6160 6298 6654 6982 6993 7953 7973 8089 8292 8363 8430 8543 8665 8728 8794 8796 8884 9544 9630 9759 10049 10139 10152 10194 10217 10223 10225 10230 10309 10406 10471 10717 10976 11020 11051 11212 11220 11230 11273 11349 11423 11430 11639 11668 12328 12904 14314 14345 14928 16348 16627
1157 3172 5975 8019 8898 10781 10785 12251 12335 15184 15769 16945
1158 3899 4801 4930 7432 9572 9700 10171 10615 10970 11126 11521 11646 11749 11805 12537 12725 12726 12728 13498 13587 13589 13810 13919 14198 14327 14374 14535 14713 14714 14833 14834 14837 14855 14986 15050 15156 15266 15349 15427 15630 15782 15934 16200 16489 16856 16901
1159 48 148 2367 2666 2836 3979 6988
1160 146 974 1442 1474 3021 3976 4429 4552 5091 8055 8950 10437 10462 11377 11736 12638 13524 13599 14338 14737 14829 14919 14973 15798 15965 16485
1161 77 336 708 896 1269 2171 2425 2811 3090 3547 3604 3643 3650 4214 4284 5144 5989 7972 9048 10213 10324 14751 16937
1162 2492 2583 2935 3083 3816 3823 4129 4237 5637 8747 11616 13182 14395
1163 3142 7533 8455 14093 14520 15733 16048
1164 499 2738 3332 3445 3751 4244 6733 9920 10951 11391 11619 11629 11899 12252 12608 14077 14216 14608 14616 14637 14724 14845 14928 15744 15769 15857 16969
1165 554 564 639 956 2298 2427 3689 4813 5051 6338 6536 7697 8729 8994 10358 11088 12592 12649 13748 14462 14698 15564 15566 15694 15733 16348 16428 16608 16762 16955 17107
1166 493 900 1159 1677 2204 2227 2624 3325 3326 3591 3648 3803 5180 5208 5486 6018 8113 8276 8436 8950 9009 9629 10009 10146 10213 10331 10648 11267 11662 12184 12258 12271 12330 12562 12670 12888 12972 12998 13207 14117 17088
1167 1206 2078 4254 6119 12617 13241
1168 19 44 298 1521 1953 2454 2908 3329 3333 3718 4318 4446 5574 6796 8469 8950 8995 9234 9264 10664 11167 11201 16873 16984
1169 2951 4188 4277 7184
1170 2102 4256 6786 8581 16975
1171 1169 1648 2513 2529 4533 4984 5327 7279 12343 12408 12509 12510 13408 13415 14697
1172 107 633 1365 2490 2698 2809 2912 2913 3777 3971 4044 5547 6372 7028 8916 8995 9498 9629 9801 9853 10149 10235 11190 11217 11221 11536 11948 11953 12346 13264 13488 13633 13675 13676 13695 13761 13787 13814 13821 14280 14470 14618 14667 14704 14744 14897 14928 15153 15220 15254 15397 15564 15579 15599 15767 15857 15914 15917 15988 16048 16224 16252 16270 16275 16429 16539 16579 16891 16954 17035 17104
1173 42 102 1016 3771 6830 8184 8798
1174 53 3526 3865 4143 4154 4175 4261 4612 7257
1175 827 858 917 1083 1295 2196 2351 2803 3890 5567 6114 6339 7980 8488 8876 9120 9649 12523 13285 13469 15258 16179 16782 16960
1176 502 3161 5005 6485 6625 7937 8525 10428
1177 2381 2742 4946 7098 7544 10322 11184 16275
1178 5530 9036 9473 9559 10230 11088 11624 12067 12320 12333 12343 13314 13488 13815 14394 15914 15917 15988 16388 16666 16978
1179 89 107 546 601 2336 2408 2698 2724 2803 3743 6422 8088 9020 9983 10749 10771 11171 11424 11879 12652 14766 15828
1180 22 50 72 139 144 159 193 224 312 331 376 523 596 869 1012 1020 1029 1133 1138 1149 1158 1260 1315 1380 1431 1447 1836 2071 2108 2256 2320 2341 2458 2493 2885 2994 3054 3110 3276 3418 3650 3693 3703 3769 4074 4157 4772 4964 5330 5401 5625 5654 6121 6149 6595 6856 6880 6883 7284 7410 7444 7488 7498 7747 7781 7983 8138 8654 9078 9248 9497 9548 9708 9885 9978 10285 10643 10646 10715 10805 10915 11231 11428 11473 11487 11489 11687 11724 11746 11747 12220 12819 13240 13349 13529 13837 13934 13967 14382 14450 14969 14987 15121 16624
1181 1569 1995 2449 4246 4720 5258 5423 5572 5631 5731 5795 5948 6001 6040 6094 6889 7106 7188 7272 7772 7984 8328 9139 9655 10048
1182 2264 5325 6553 6763 14437 14928 15005 15153 15879
1183 2892 4623 5367 6100 7497 9401 9512 15148 16559 16679
1184 1 3149 3211 3934 4292 4390 5061 5262 5309 5679 6288 6289 6361 7088 7537 7696 7870 8300 8424 8760 8800 8952 9277 10038 10137 10142 10389 10417 10485 10667 10757 10767 10788 10848 10900 10923 10983 11177 11454 11492 11560 11682 11691 11766 11977 11998 12119 12127 12325 12634 12982 13272 13578 13622 13891 14662 14758 14808 14821 14966 15052 15092 15238 15246 15370 15379 15775 15806 15912 16026 16168 16169 16326 16628 16764 16946 17000 17016 17019 17020
1185 1223 2182 2864 4057 4850 4851 5882 6030 6680 6965 7941 8605 9186 10164 10170 10339 10590 10591 11224 11402 11775 11781 11935 11995 12075 12438 12538 12727 12743 12808 13055 13158 13279 13320 13363 13364 13365 13654 13810 13836 14007 14035 14208 14234 14653 14711 14819 14831 14832 14837 14855 15022 15247 15630 15964 16338
1186 44 259 314 327 613 664 772 779 817 1318 1333 1505 1717 1779 1810 1829 2019 2256 2288 2456 2471 2490 2496 2502 2539 2769 2901 2911 2948 3039 3158 3226 3230 3415 3639 3654 3673 3777 3897 3948 3971 4249 4316 4361 4393 4477 4559 4712 4770 4772 4776 4777 4798 4849 5018 5118 5318 5327 5329 5413 5425 5642 5712 5843 5884 5932 5983 6083 6189 6220 6383 6422 6445 6497 6751 6754 6853 6993 7107 7134 7158 7167 7612 7643 7766 7801 7866 7973 8076 8089 8151 8175 8496 8595 8622 8770 9067 9200 9278 9317 9339 9379 9397 9404 9574 9690 9773 9778 9826 10034 10140 10354 10462 10471 10524 10593 10636 10721 10769 10918 11023 11179 11380 12086 12327 12337 12356 12376 13172 13185 13220 13282 13457 13907 13998 14310
1187 10 17 19 22 24 41 57 58 74 103 106 118 131 134 146 148 154 176 185 197 207 215 222 247 252 253 258 284 292 312 324 340 343 436 447 451 453 458 459 460 462 466 507 517 520 522 536 537 550 552 554 560 572 581 588 593 598 605 606 628 630 640 649 687 690 699 704 708 735 760 784 788 824 836 858 860 869 870 882 914 942 951 971 972 973 975 989 997 1010 1019 1020 1022 1035 1038 1041 1045 1090 1091 1125 1131 1132 1134 1144 1146 1149 1150 1165 1169 1186 1197 1206 1224 1235 1246 1252 1269 1274 1320 1321 1344 1353 1366 1371 1379 1380 1388 1423 1439 1448 1456 1458 1466 1511 1518 1520 1524 1526 1533 1540 1541 1565 1566 1575 1586 1601 1614 1639 1642 1649 1666 1682 1699 1740 1742 1749 1759 1764 1766 1792 1797 1801 1808 1815 1821 1836 1844 1873 1889 1898 1899 1901 1965 1985 1991 2078 2083 2084 2085 2095 2100 2115 2119 2123 2138 2149 2200 2242 2243 2244 2253 2275 2278 2298 2308 2322 2324 2340 2355 2360 2371 2388 2392 2400 2403 2412 2433 2457 2464 2526 2535 2542 2560 2574 2575 2587 2601 2638 2653 2661 2699 2752 2793 2794 2814 2827 2852 2885 2886 2892 2951 2952 2975 2985 2995 3012 3020 3027 3045 3066 3073 3100 3104 3113 3125 3138 3146 3155 3159 3169 3236 3276 3280 3322 3354 3355 3369 3371 3435 3451 3488 3497 3506 3535 3550 3621 3630 3631 3684 3686 3695 3744 3789 3803 3804 3810 3821 3848 3851 3899 3902 3910 3929 3960 3969 3970 3978 3984 3988 4001 4004 4049 4051 4067 4097 4136 4142 4170 4171 4176 4202 4206 4235 4255 4281 4317 4319 4361 4455 4477 4504 4525 4533 4549 4598 4619 4627 4635 4638 4643 4736 4740 4766 4817 4834 4838 4848 4862 4947 4968 4997 5010 5012 5041 5046 5050 5054 5057 5091 5141 5143 5173 5189 5196 5314 5325 5326 5351 5410 5414 5445 5455 5500 5508 5526 5553 5574 5661 5674 5685 5728 5756 5799 5817 5871 5950 5966 5999 6112 6173 6187 6236 6282 6363 6382 6426 6503 6521 6529 6548 6553 6610 6617 6637 6648 6707 6719 6749 6757 6783 6800 6807 6818 6828 6835 6838 6841 6862 6948 6963 6965 7056 7063 7117 7119 7124 7203 7209 7256 7289 7295 7306 7334 7343 7348 7457 7460 7467 7557 7610 7611 7748 7818 7876 7908 7975 8235 8269 8281 8339 8448 8498 8550 8557 8769 8801 8826 8845 8846 8865 8953 8990 9103 9203 9205 9208 9234 9253 9259 9260 9264 9306 9307 9308 9315 9365 9620 9626 9691 9692 9695 9713 9715 9719 9727 9805 9844 9954 9968 9981 10011 10080 10168 10173 10197 10227 10241 10339 10432 10434 10448 10502 10530 10557 10567 10590 10611 10616 10693 10780 10790 10792 10834 10940 11009 11025 11336 11439 11629 11635 11654 11690 11812 11917 11937 12067 12260 12338 12359 12410 12468 12522 12653 12917 12996 12997 12998 13154 13254 13281 13321 13380 13466 13534 13600 13604 13621 13640 13675 13772 13955 13989 14093 14173 14208 14263 14264 14462 14510 14677 14686 14834 15021 15123 15149 15220 15423 15522 15622 15888 15932 15956 16040 16049 16072 16129 16195 16258 16368 16409 16485 16655 16703 16762 16822 16883 16898 16964 16984 17027
1188 298 3330 4138 7258 7878 8262 8670 9629 10857 10901 10982 11055 11300 11619 11668 11769 12014 12144 12257 12343 12364 12423 12819 12869 12927 12929 12930 12948 13066 13111 13165 13207 13267 13396 13474 13649 13730 14057 14070 14077 14078 14144 14325 14388 14431 14457 14592 14791 14801 14841 16343 16910
1189 2778 3149 5577 7899 8218 11163 11749 11891 12582 13010
1190 7 173 176 310 412 487 508 677 763 874 1154 1156 1308 1513 1678 1749 1782 1926 1977 2201 2261 2313 2849 2883 3186 3684 3695 3784 3807 4093 4100 4170 4171 4183 4190 4249 4318 4333 4342 4364 4450 4487 4681 4762 4880 4930 5078 5101 5282 5401 5421 5553 5877 6559 6595 6727 6742 6906 6976 6998 7172 7324 7618 7678 7878 8235 8308 8426 9584 9736 9737 9738 10542 10672 11635 11685 11860 11919 12294 12575 12579 13314 13980 13993 15224 16409 16873 16883
1191 4532 11685 11953 12890 13261 13599 13730 13896 15053 15389 15822 16330
1192 925 1308 2068 3803 3807 7724 8188 8210 8690 12068 12400 12826 13600 13603 15084 16082 16377 16720
1193 433 1899 2538 3646 4089 4474 6057 6454 6532 7258 8142 11477 11792 11948 12428 12451 16174
1194 3727 3805 4303 6925 9381 10561 11303 11414 11571 11858 11886 11919 12869 13036 13730 14361 14751
1195 7173 7313 7812 7845 8201 8629 8814 9493 10436 13298
1196 106 509 595 596 633 793 886 994 1014 1066 1161 1254 1424 1447 1520 1614 1866 1872 1894 2046 2201 2239 2940 3593 3902 4927 4988 5121 6078 7729 8119 8637 9497 10251 10659 10836 11803 12073 12950 12951 13015 13519 14781
1197 1636 2365 3057 3691 8394 8984 10190 11158 11333 13676
1198 12126 12681 14543 15285
1199 3471 3774 3857 5161 8494 12312
1200 3309 3462 5442 8275
1201 1330 2984 3072 3690 5127 6299 7545 7942 8290 8385 9523 12662 13153
1202 197 2892 4682 5172 9732 9733 9967 10153 12642 14677
1203 1754 3203 3886 4293 4510 5619 5821 6080 6135 6723 7487 8169 8224 8765 9323 11223 11332 11802 12683 13704 14583 14588 14737 15295 15798 16128
1204 437 1426 2508 3420 3902 4089 4245 4305 4332 4536 5554 5650 5702 5962 6454 6889 7035 7076 7170 7172 7206 7272 7755 7792 7823 8693 8888 9139 9661 9882 10866
1205 34 256 437 499 697 1404 1416 2502 2571 2581 2673 2848 3197 4407 7356 7570 12503 15477 16084
1206 4219 4401 5171 8667 9558 11236 12114 13050 13560 14223 15531 16058 16551 16586 16631 16667 16793
1207 911 917 1323 1748 1793 6535 6967 9004 10502 12477 14021
1208 8572 12312 12606 13568 13913 14108 15003 15695 15842 16627
1209 4319 4342 4345 7660 7772 7901 8428
1210 189 194 523 1037 2008 2916 3107 4721 4796 6822
1211 106 501 884 2623 3478 5426 11832 12798 12819 13277 13834
1212 1569 1725 9356 10826 12685 14127 14297 15572 15581 15697 15776 15904 15980 16686 16774 16797 16798
1213 213 297 770 1636 2219 2317 2338 2394 2529 2574 2853 2904 3182 3245 3329 3338 3597 3691 3705 3744 3757 3964 4178 4183 4194 4196 4216 4231 4265 4266 4277 4291 4351 4410 4536 4610 4692 4742 4752 5008 5108 5404 5543 5680 5968 5998 6017 6067 6485 6625 6626 9708
1214 649 1444 1742 2948 4786 6831 7469 9467 9979 10234 10981 11199 12145 13711 13949
1215 1025 1683 2613 2941 6320 6423 10324 10952 11639 14014
1216 525 805 1637 2483 3809 4751 7562 7586 7869 9324 11163 12474
1217 188 3726 4837 4859 7128 7850 8903 9044 9195
1218 6126 11571 11606 11748 12869 14331 14637
1219 1600 2634 3332 4372 5481 5801 6395 6910 6990 7920 9627 9974 14077 14183 14699 14843 15249 15412 15750 15770 16690
1220 4636 6300 7297 8084 8135 8168 9274 9310 10389 11120 12067 12068 12212 12329 12710 13622 15520 15572 15806 15904
1221 1344 1426 7239 7965 9467 12591 14481 14517
1222 24 35 53 80 89 129 136 139 193 238 239 241 259 278 301 763 989 1291 1700 1710 1770 1772 2140 2256 2431 2507 2634 2726 2973 3068 3080 3101 3106 3175 3197 3202 3203 3209 3482 3697 3710 3725 3728 3733 3734 3741 3768 3789 3803 3864 3971 4567 4603 4630 4667 4722 4734 4775 7341 7579
1223 28 44 63 181 189 264 278 770 1178 1246 1433 1445 1508 1614 1735 1971 1991 2078 2095 2168 2182 2251 2464 2469 2490 2558 2618 2857 2975 2985 3180 3206 3488 3695 3744 3828 3829 4118 4162 4217 4218 4244 4292 4319 4470 4612 4692 4751 4796 5255 5936 6663 6816 7579 9114 9313 9331 9475 9989 10542 10565 10614 10713 11168 11221 12468 12579 13917 14038 14264 14384 14462 16148 16193 16253 16302 16436 16455 17088 17095
1224 503 2791 3202 3209 3684 4214 4237 4318 5799
1225 1235 1365 1948 2081 5811 6276 6715 7379 7808 9892 10841
1226 1991 2139 3035 3324 3664 4830 5725 8862 9329 10076 10153 10421 11088 11432 11629 11973 12579 13013 14038 14693
1227 4171 6525 6997 7075 7775 8653 14970 16409 16883
1228 234 703 1093 4362 4885 6116 9936 10985 12965 13032 16095
1229 6610 6993 7167 7643 8037 9136 9570 10078 16667
1230 514 635 4510 5091 9489 11361 13153 13314 13675
1231 371 1872 2039 3287 3588 4399 4440 8230 8383 9208 9577 10566 12433 13318 13654 14194 14604 15462 16321
1232 106 235 254 453 542 866 1092 1169 1985 2401 4170 4171 10136 12433 14167 16409 16655 16883
1233 174 1093 1349 1380 1424 1485 1486 1586 1588 2146 2201 2701 3031 3391 3733 3734 3938 4359 5946 5970 7337 8011 8616 9004 9332 9650 9727 10924 11169 11276 12360 12622 12625 14635 14772 14993 15296 15591
1234 1028 3498 7749 10013 13081 13671 13743 13810 14264 14272 15777 16895 17018
1235 828 2658 4663 5121
1236 3293 4174 4366 4381 4394 4678 7641 8068 8240 9264 14276
1237 713 1977 2944 4861 5071 5327 7876 8515 10981 11001 12214 16133
1238 8351 10661 13274 15400
1239 261 1735 4933 5451 6276 9684 12456 15091 15968
1240 168 4302 4324 4682 4711 5065 5109 5791 5980 7137 7195 7636 7797 8748 11452 16937
1241 437 1932 2508 6505 10476
1242 323 554 2023 2138 3257 8551 13104 14834 16158 16522 16692 16924
1243 145 168 278 531 697 882 1277 1475 1490 1699 1740 1768 1770 1928 1931 2599 2686 2728 3058 3870 3902 4209 4774 4874 5009 5364 5740 5980 6419 6889 6906 7579 8285 8336 9092 9534 9626 9653 9661 9901 11175 12613 13621
1244 507 1325 3856 5906 8790 9079 15432
1245 133 1819 1904 2056 2451 2758 3636 8248 15356 15444
1246 4 69 97 125 154 177 215 241 246 298 328 331 349 420 453 459 505 509 594 639 708 830 866 896 1012 1034 1291 1318 1349 1382 1491 1564 1578 1796 1813 1884 1964 2100 2240 2295 2320 2346 2400 2454 2502 2528 2539 2597 2664 2790 2791 2828 2938 3329 3385 3557 3605 3672 3673 3680 3703 3748 3866 4143 4146 4187 4208 4244 4348 4681 4834 5009 5135 5210 5434 5437 5547 5614 5686 5833 6088 6136 6208 6324 7002 7880 8051 8360 8384 8496 8809 8905 9011 9075 9200 9626 9628 9800 9889 9952 10918 11861 12319 12662 13475 13529 13621 13656 14355 15380 15588 16178 16668
1247 966 1050 2581 2715 2848 3001 4515 4786 5311 7497 7749 8255 8345 8596 9560 9808 10086 10744 11089 11193 11742 11864 12043 12456 12681 13058 13115 15857 16377 16396
1248 3322 10389 11921 12138 12773 16822
1249 8884 12136 12313 12331 15280
1250 1227 1770 2141 2376 4044 4280 13314 16048 16727 16969
1251 149 337 726 925 1017 1786 1895 2253 2993 3009 3306 3307 4001 5475 6324 6370 6497 8332 9272 9285 10357 10583 10930 11098 11266 11298 11320 11479 11587 12525 12563 13188 13254 13275 13473 13504 13709 14155 14156 14202 14275 14401 14489 14737 14797 14960 15187 15296 15389 15458 15502 15556 15565 15590 15725 15781 15862 16350 16387 16418 16745
1252 767 975 1279 1397 1540 1698 2525 2912 2913 3612 3890 4042 4683 5718 5788 6325 6332 6758 7028 9018 9508 9923 10838 11070 12469 13083 13126 14138 15050 16613 16871
1253 1416 2400 2773 2791 5318 5642 6654 11349 12343 13063 13758 14265
1254 430 437 1426 1467 4418 5143 5268 6285 6648 9250 10261 10280 10348 10622 12494 13397 13448 16048 16180 16481 16545 16591
1255 122 172 1063 1892 5338 5339 6068 7948 11549 12340 16000
1256 394 881 1771 2003 3068 3491 3963 6332 10819
1257 60 105 113 163 173 175 176 183 189 190 194 265 278 328 331 421 430 567 588 664 676 713 796 852 869 879 882 1128 1203 1318 1343 1344 1366 1426 1479 1641 1684 1719 1742 1771 2028 2072 2100 2101 2139 2205 2327 2364 2463 2464 2465 2502 2599 2603 2644 2664 2742 2777 2842 2857 2925 2958 2963 2985 2987 3193 3221 3309 3322 3338 3340 3341 3367 3368 3419 3446 3522 3639 3747 3803 3869 3933 3978 4037 4182 4217 4250 4310 4355 4362 4369 4370 4384 4448 4504 4530 4539 4555 4557 4740 4796 4818 4821 4833 4869 4871 4873 4948 4966 4972 5159 5249 5553 5702 5799 6078 6259 6272 6290 6357 6359 6424 6446 6652 6684 6694 6715 6828 6861 7065 7119 7258 7363 7499 7533 7579 7589 7728 7760 7785 7840 7899 7947 8139 8235 8275 8851 8861 8884 8972 9337 9384 9472 9684 10097 10105 10258 10357 12433 12764 12876 12917 13144 13194 13589 13665 13678 14370 14405 15597 16275 16822
1258 102 509 861 870 1426 1808 2101 2597 2742 2798 2945 3928 4172 4631 4714 5091 5495 5701 5702 5817 5953 5971 6058 6176 6357 6676 6781 6940 7105 7228 7346 7603 7992 8031 9017 9145 9427 9465 9467 9484 9495 9951 10270 10357 10872 10934 11318 11902 12165 12664 13133 13379 13511 13549 14378 14865 15077 15390 15533 16275
1259 44 116 177 189 278 324 738 2232 3259 3724 4796 7547 7579 7728 12787
1260 10577 12068 12164 13282 13675 13827 13829 13927 14276 14286 14482 14538 14544 14688 14698 14701 14708
1261 3498 5182 6078 6879 8073 8351 10089
1262 7396 10618 12133 12300 13281 13618 13959 14092 14132 14209 15918 16240
1263 8979 9289 9605 10167 10329 11692 13261 14046 14165 14256 14611 14669 15833 16330
1264 176 576 787 857 1403 1486 1802 2177 3467 4140 5140 5181 6318 7856 8235 8747 9702 9980 11434 12764 12785 14780 15468
1265 2026 5136 5900 6925 15245
1266 256 542 3919 8229 8490 10136 10442 10469 13684 13885 14898 16348 16676 16762
1267 596 689 869 5327 6814 7675 10086 11255 12669 13359 14561 14637 15763 16321
1268 770 892 1670 2170 2682 3060 3337 3481 3928 5266 6136 7064 9166 11212 11467 14221
1269 617 1028 1633 2478 4563 5311 5929 6796 8019 9474 10155 11936 12608 14637 14914 15571 15667 15675 16100 16331 16635 16640
1270 569 886 2484 5973 6394 6643 6747 7047 8614 12798 13943 14197 14600 14646 14979 15928
1271 481 620 731 766 860 1031 1064 1398 1856 1887 2028 3592 3862 4034 4268 4797 5243 6216 7121 7625 7998 9241 13311 13334 13948 14513
1272 26 80 81 770 1105 4603 4692 6889 7215 7489 7576 8161 9200 9478 9800 9818 9981 10225 10362 10524 10547 10751 11234 11425 11912 12208 12250 12319 12992 13457 13500 13567 13675 13813 15232 15255 16221 16599 16636 16668 16909
1273 354 699 1050 1514 1636 2015 2754 2755 2966 3691 3692 10317
1274 1627 5553 8744 8939 11486 12068 12340 13282 15567 15568 15931 16244 16302 16353
1275 36 86 460 519 681 1763 1890 1891 2078 2264 2381 2530 2536 3138 3139 3338 3341 3388 3743 4282 4358 4366 8412 8443 8679 9076 9081 9315 9666 10772 11021 11395 11507 12341 12654 12819 13488 13588 13604 13607 13893 14189 14792 14940 15187 15914 15917 15988 16858
1276 664 713 2139 3639 8231 8262 8945 9472 10086 10593 11231 11630 12214 12795 12917 15192
1277 49 149 404 1173 2502 3234 3329 3603 3773 3961 4258 4273 4277 4288 4302 4316 5454 5524 5725 5884 5906 6654 6761 7134 13465 13503 14081 14325 14545
1278 892 2597 4457 4595 7138 9587 11088 12191 12329 12373 13834 14462 14658 15003
1279 82 139 665 1026 2451 2457 2864 3039 3117 3294 3509 3718 3724 3745 3756 3757 4093 4170 4612 4614 4622 4874 5098 5100 5282 6111 8327 8525 8854
1280 156 1768 2227 2538 2790 2944 3330 4265 5434 7728 7800 8262 10086 11565 11599 11865 12039 12178 12379 12433 13227 13233 13869 13934 14418 14532 16017 16343
1281 51 139 178 181 278 512 694 1728 1846 1960 2144 2594 3173 3202 3209 3456 3741 3824 5524 7579 11380 12056 12197 12376 12581 13631 14660 15114 15350 15373 15564 15608 16233 16313 16453
1282 2494 2959 2963 3175 3294 3526 4093 4260 4271 4302 5133 5280 5396 5509 5742 6639 6704 6710 9004 9858 10633
1283 739 1823 1897 1898 2240 3419 6060 9108
1284 0 36 38 50 84 88 102 124 142 224 316 434 728 881 921 989 1004 1030 1082 1095 1246 1256 1342 1423 1454 1565 2008 2022 2189 2346 2392 2530 2615 2632 2764 2973 3045 3058 3099 3163 3171 3184 3285 3304 3316 3388 3488 3512 3568 3693 3851 3993 4048 4078 4244 4628 4684 4741 4791 4792 4874 5013 5046 5310 5357 5609 5615 5644 5788 5886 5911 6122 6162 6363 6495 6576 6681 7258 7718 7913 7935 8195 8210 8231 8274 8527 8690 8862 8907 8990 9178 9276 9629 9717 9938 10008 10161 10543 10645 10728 10820 10943 11115 11116 11270 11297 11391 11591 11729 11737 11773 11822 11860 11921 11936 11973 11978 12089 12102 12153 12168 12252 12284 12303 12392 12513 12543 12577 12605 12688 12714 12806 12938 12953 13052 13228 13246 13327 13361 13430 13631 13751 13765 14179 14295 14296 14307 14336 14373 14400 14426 14464 15398 15521 15556 15656 15778 15904 15967 16031 16478 16601 16632 16639
1285 1291 1445 2071 2414 5435 6252 7558 7881 8718 10202 10426 12360 13277 13920 14872 15079 16380 16683 16814
1286 3326 10076 11436 12209 12329 12341 12342 12366 12654 13813
1287 580 1026 1398 1434 1973 2240 2903 4143 4258 4715 4745 6216 10595
1288 826 866 1092 1235 1692 2291 3981 4276 5200 5488 6686 11490
1289 3252 3763 7832 8020 13246
1290 86 176 247 1600 2031 3333 3945 4254 4265 4384 4867 5058 6312 7728 8235 8871 9164 9687 9801 10542 11423 11630 11948 12000 12201 12353 12451 12608 13075 13134 13230 13885 13958 14030 14038 14216 14462 14546 15492 15579 15767 15857 15914 15917 16021 16224 16230 16270 16348 16419 16444 16589 16676 16900 16969 16977 17035 17102
1291 4130 4786 5094 5818 11126 11750 16220 16396 16586
1292 598 1169 4555 4936 5576 8235 8311 13846
1293 1072 9513 9572 12182 12463 13246 13363 13836 14326 14604 14662 14832 14945 15427 15898 16145 16338 16393 16865 16901 17029
1294 1255 1877 4153 5083 6707 10819
1295 397 839 909 2047 2290 2490 2821 3112 3778 4225 4560 5466 6439 7567 7580 7876 8240 9125 9261 9684 9724 9802 10317 10542 10826 11286 11367 11506 12551 12754 12782 12873 15579 16224 17102
1296 3157 9637 11391 12511 15769 15900 16067 16089 16119 16375 16419 16488 16539 16548 16626 16632 16676 16707 16734 16762
1297 533 6817 6891 7033 7307 7308 7403 7492 7494 7641 7753 7776 8454 8642 8983 9001 9673 15565
1298 89 243 254 375 461 488 542 717 739 805 859 887 980 1281 1308 1332 1398 1407 1621 1643 1738 1771 1891 1937 1938 2230 2360 2408 2457 2497 2562 2640 2719 2720 2721 2802 2804 2805 2828 3387 3768 4459 4465 4714 5592 6216 6669 10136
1299 159 1953 2672 2912 2913 3040 3072 3117 3126 3179 3202 3209 3221 3573 3606 3629 3914
1300 4021 4093 4220 5300 5799 5847 7030 7402 8557 9136 9424 11774
1301 567 2062 3382 3896 5830 6111 7533 9560
1302 1113 1332 9498 9616 11590 12252 15171 16068
1303 25 86 112 170 253 387 528 693 729 1232 1347 1633 1728 1761 1810 1960 2177 2232 2377 2726 2750 2898 2929 2933 2940 2942 3173 3447 3589 3673 3766 3787 3800 4007 4177 4180 4243 4268 4401 4515 4517 4548 4557 4644 5089 5156 5242 5282 5300 5302 5311 5319 5547 5575 5612 5671 5682 5712 5724 5737 5880 5884 5945 6284 6370 6390 6423 6459 6580 6647 6690 6819 6954 6961 7036 7092 7110 7219 7220 7248 7378 7496 7647 7660 7860 8048 8069 8137 8208 8227 8293 8382 8421 8431 8493 8571 8613 8652 8672 8679 9056 9087 9136 9212 9289 9367 9380 9424 9559 9694 9714 9734 9735 9749 9796 9959 10322 10329 10417 10418 10462 10583 10646 10654 10674 10710 10723 10756 10774 10900 10979 11023 11125 11126 11208 11234 11275 11370 11376 11508 11532 11540 11546 11568 11618 11640 11693 11719 11742 11748 11749 11750 11787 11813 11890 11936 11984 12007 12022 12067 12068 12076 12111 12114 12268 12339 12350 12393 12453 12457 12471 12549 12579 12674 12769 12820 12837 12838 12904 12912 12915 12963 13029 13043 13136 13208 13217 13233 13261 13329 13404 13440 13457 13472 13473 13483 13493 13612 13631 13653 13737 13750 13756 13825 13830 14028 14057 14064 14121 14128 14155 14164 14172 14195 14223 14237 14244 14251 14267 14268 14289 14298 14359 14383 14384 14431 14449 14452 14483 14563 14564 14569 14570 14620 14660 14672 14673 14788 14810 14847 14864 14917 14940 14975 14980 15145 15224 15246 15272 15333 15415 15454 15486 15524 15529 15531 15538 15586 15610 15646 15651 15655 15676 15685 15686 15729 15743 15768 15790 15795 15826 15857 15914 15917 15988 16036 16281 16327 16330 16348 16410 16419 16502 16505 16617 16632 16666 16764 16886
1304 7432 8431 11368 11955 12463 12726 12753 12840 13249 13362 13365 13466 13657 14167 14209 14374 14483 14653 14662 14667 14831 14834 14837 14945 15050 15156 15427 15490 15630 15934 16438 16521
1305 1830 3945 5049 8668 8839 8950 9460 9558 9777 12858 13170 14066 14077 14178 14592 14841 15098 15162 15203 15505 15862 16667 16690 16710 16972
1306 2253 2258 3766 4838 8276 12072
1307 505 3621 4008 5562 11022 11488 11623 11630 12223 12329 12350 12353 12649 13076 13487 13503 13885 14276 14751
1308 590 672 1846 2071 2956 3089 3746 3921 4786 11157 11662 16296 16396 16859
1309 277 434 1097 1098 1181 1255 1876 2101 2102 2295 2885 2886 3027 4174 4349 6049 6535 8200 8512 9120 9521 10104 10240 10466 11393 11395 11397 13495 13528 13768 14366 16913
1310 1027 5723 6391 6547 7046 13283 15069
1311 86 1046 1633 1655 1692 2549 4244 5327 5799 12805 13829 15468 15646 15991 16413 16762 16854
1312 36 144 697 1735 1738 1819 1891 1991 2287 2778 3184 3758 3829 4032 4836 9475 9695 10771 11563 12787 12839 12996 14600 16025 16517
1313 503 755 4272 4446 8227 9644 9830
1314 246 247 298 796 3129 6875 7561 8865 8951 9446 9629 9839 11973 12252 13554 13672 13943 14751 15254 16270 16579
1315 12347 12354 12475 12649 13113 13232 13234 13330 13331 13332 13471 13496 13567
1316 3607 11713 12138 12773 13683 14652 14906
1317 44 1044 1383 2008 4029 6079 6459 7119 8261 9253 10556
1318 1026 5137 8260 10632
1319 187 275 654 1289 1303 1531 1553 1574 1796 1855 2009 2296 2593 2957 2978 3025 3569 4346 4399 4760 4901 4902 4979 8389 9863 13616 14433 15582
1320 42 102 106 152 180 198 219 310 354 394 441 465 510 639 737 805 861 991 1022 1048 1135 1149 1206 1298 1407 1496 1655 1932 1941 2071 2144 2161 2198 2346 2391 2526 2752 2811 3316 3632 3743 3803 3878 3892 3945 4092 4165 4410 4445 4516 4893 5226 5448 5483 5628 5644 5953 6602 6820 6984 7053 7450 7476 7718 7971 8136 8255 8393 8404 8543 9369 9717 9828 9845 10006 10098 10251 10356 10631 11334 11469 11529 11803 12137 12307 12364 12575 12579 12805 12883 13111 13166 13191 13314 13660 13971 13977 13980 14016 14038 14246 14380 15058 15173 15389 17104
1321 823 1066 2184 3789 5710 8191 10089 12468 15520
1322 1500 2439 3110 3469 5799 7547
1323 1806 4293 4615 4967 5077 5502 5684 5742 6062 6356
1324 2742 5703 6332 8152 9615 10819 10827 11141 11602 15495 16275
1325 394 5761 6638 7650 8428 9157 9669 10153 10156 10771 11215 11423 11560 11626 11639 11666 11667 11796 11812 12340 12623 14155 16718
1326 38 79 112 165 185 213 239 307 531 583 766 929 1029 1291 1463 1508 1609 2029 2095 2296 2528 2547 2927 3025 3161 3178 3336 3744 3789 3857 3934 4051 4195 4294 4317 4327 4329 4330 4362 4374 4461 4598 4805 4813 4972 5045 5116 5199 5254 5403 5415 5547 5572 5577 5692 5743 5838 6000 6059 6147 6215 6217 6254 6265 6310 6361 6381 6386 6418 6511 6530 6534 6633 6642 6664 6691 6698 6699 6700 6705 6856 6889 6931 6953 6991 6994 7015 7048 7049 7061 7091 7109 7135 7186 7208 7216 7219 7236 7237 7284 7382 7549 7587 7588 7610 7802 7873 7958 7970 7977 7983 7999 8012 8124 8230 8248 8267 8272 8295 8306 8354 8417 8422 8424 8429 8513 8552 8583 8621 8638 8672 8678 8691 8699 8772 8776 8777 8921 8943 8966 9063 9064 9094 9188 9239 9240 9241 9385 9392 9532 13713 14686
1327 176 3341 4786 7605 8235 8255 9075 9858 16396
1328 139 159 181 241 298 664 883 2130 3197 3202 3209 3608 3610 3639 3971 4091 4093 4170 4171 4219 4260 4266 4288 5114 5245 5268 5282 5425 5822 5893 6071 13640 16409 16883
1329 156 681 1398 1941 2718 3791 5782 6216 6311 9149
1330 240 2454 2773 3090 3547 4250 4657 5330 5535
1331 1335 2554 2665 3309 4734 8275 8282 8283 8348 8596 10593 11747 12867 14931 15127 15212 16048 16762 16792 16836 16849 16854
1332 677 1454 2634 3770 7397 8498 9684 13456 13485
1333 176 1081 2406 3790 4447 5705 5807 6485 6625 6804 6931 8235 8297 10129 10570 15907
1334 327 2912 2913 3294 3747 4303 4317 4606 4674 5508
1335 39 47 71 89 117 131 163 165 253 260 284 300 393 460 511 557 594 611 613 785 883 909 1029 1050 1077 1271 1429 1446 1527 1579 1728 1770 1847 1856 1857 1891 1906 1955 2012 2176 2442 2448 2454 2554 2628 2652 2657 2658 2679 2705 2842 2843 2877 2992 2996 3020 3101 3169 3195 3322 3333 3397 3610 3637 3697 3701 3748 3769 3789 3800 3928 3958 4062 4107 4147 4151 4156 4165 4174 4178 4188 4225 4230 4238 4249 4268 4274 4276 4290 4315 4316 4318 4347 4349 4351 4352 4353 4371 4377 4567 4597 4622 4623 4626 4702 4776 4777 4814 4818 4838 4889 5015 5114 5138 5209 5368 5524 5707 5799 5986 6003 6004 6123 6312 6340 6386 6406 6425 6601 6639 6727 6765 6777 6786 6924 6949 6981 6993 7108 7134 7233 7235 7324 7349 7489 7552 7554 7574 7575 7612 7614 7641 7741 7937 7978 8028 8036 8305 8363 8428 8429 8440 8442 8526 8648 8705 8743 8789 9006 9041 9075 9174 9411 9468 9523 9546 9559 9570 9625 9627 9630 9687 9689 9695 9759 9791 9800 9806 9823 9840 9853 9896 9907 9967 9968 9969 9970 9989 10003 10020 10022 10040 10049 10061 10144 10149 10152 10155 10156 10161 10217 10221 10224 10225 10231 10235 10311 10365 10407 10471 10505 10542 10547 10566 10641 10651 10672 10721 10784 10785 10805 10823 10845 10940 10955 10969 10994 11022 11179 11218 11234 11273 11275 11376 11403 11425 11502 11516 11681 11819 11837 11892 12004 12021 12025 12071 12221 12266 12320 12407 12428 12472 12608 12739 12777 12886 13181 13220 13327 13374 13412 13440 13460 13539 13673 13746 13812 13813 13907 14020 14157 14193 14289 14538 14698 14701 14708 14720 14849 14875 14898 14899 14913 14931 15224 15394 15441 15555 15565 15566 15718 15736 15802 15870 15940 16048 16061 16230 16231 16345 16388 16427 16541 16663 16666 16668 16677 16718 16822 16823 16848 16854 16857 16873 17010 17081 17086
1336 216 453 900 932 2401 2663 2665 2727 3337 3614 3664 3665 3966 4138 4178 4183 4187 4188 4244 4254 4440 4786 4828 4843 4863 4877 4930 5095 5235 5439 5536 5765 5777 6511 7536 9234 9843 9884 16396 16984
1337 511 4333 4348 8227 8613 9973 10769 12356 14360 16969
1338 664 3639 3747 4302 4361 4401 10432 16368
1339 69 236 265 1098 1186 2373 2665 2687 4877 5468 6386 6492 6535 6591 6657 6857 7780 9137 9457 9748 9900 10436 10467 11516 13778 14641 14978 15323 16204 16222 16419
1340 24 61 146 189 437 487 2071 2414 2927 3085 3597 3686 3803 4093 4171 4318 4448 4494 4796 5282 5369 6684 7799 16409 16883
1341 3774 11948 12451 13417 14176 14677 16854
1342 16 344 858 2903 8220 9003 12176 12740 12957 13422 13712
1343 89 206 334 360 871 923 1210 1846 1925 2198 2206 3378 4281 4648 5624 6032 6205 7993 8362 8685 8723 8819 9784 9817 9999 10707 10830 10850
1344 4538 9338 10049 12318 12322 12328 12382
1345 2904 3746 4126 4685 4919 6223 6543 7942 8977 9265 10775 12259 12475 12814 13042 13153 13376 13654 13663 13668 13850 13870 13934 13951 14234 14286 14405 14698 14768 15006 15207 16048 16133
1346 642 6483 7765 7768 8184 11212 14444 14701
1347 338 903 905 1085 1223 1345 1546 1547 1616 1619 1712 1992 1993 2089 2213 2894 3017 3115 3666 3916 4582 5014 5874 6977 6986 8452 8509 8602 9151 10958
1348 50 100 134 140 146 216 220 286 338 381 507 690 715 771 822 835 860 927 980 998 1004 1019 1044 1065 1214 1233 1260 1381 1434 1441 1489 1490 1512 1521 1523 1636 1692 1752 1757 1841 1874 1998 2024 2067 2071 2097 2129 2142 2201 2253 2255 2346 2565 2599 2630 2663 2725 2759 2806 2828 2904 2915 3009 3099 3161 3273 3281 3322 3339 3341 3387 3393 3505 3572 3636 3655 3686 3689 3691 3803 3831 3909 3925 3978 4025 4118 4136 4361 4379 4421 4448 4465 4487 4509 4630 4681 4688 4805 4834 4893 4964 5068 5127 5164 5325 5437 5508 5587 5675 5711 5735 5825 5828 5899 5967 6063 6136 6175 6240 6310 6392 6425 6452 6493 6592 6684 6693 6728 6753 6778 6784 6804 6835 6857 6883 6925 6933 7015 7046 7048 7091 7137 7178 7253 7295 7331 7355 7364 7375 7477 7613 7767 7810 7878 7886 7970 7971 8117 8196 8206 8264 8303 8426 8473 8545 8847 8854 8955 8956 9213 9234 9325 9623 9624 9642 9666 9783 9948 9972 9989 10076 10101 10107 10195 10570 10580 10894 12042 12088 12267 12373 14404 15086 15991 16178 16358 16368
1349 169 241 2727 3482 4673 4677 4775 4874 5050 7341 9506 11626 11629 11630 12325 12361 13829 16775
1350 604 611 2795 3585 4165 8392 11619 12312 12360 13113 13277 13568 13659 13834 13897 14285 14688 15014 15447 15564 15566 16648
1351 55 7288 7618 8130 8925 9714
1352 106 398 6586 7724 10117 11929 11953 12411 12911 13319 13604 14338
1353 253 509 608 1406 2061 2833 2916 3043 3340 3872 4093 4100 4144 4721 4795 5743 5769 6302 6422 7643 8376
1354 1933 3333 4379 4722 6013 7389 7390 8192 8363 8386 9657 9783 9794 9841 12776 13311
1355 2072 3179 7586 11221 11496 12326 12342 12819 13208 14276 14616
1356 3040 4297 4326 5009 6000 6199 7806 7922 8179 9489 12582 14530
1357 78 3123 4845 5092 10061 10763 11926 12951 14489 14616 15216 15306 15350 15556 15885 16258
1358 528 1131 2019 2409 2428 2445 2610 2628 2929 4137 4795 7201 7672 7924 8055 8107 8399 8498 11662 12260 12608 13003
1359 161 203 284 1271 1382 1572 2912 2913 4157 5084 5285 5517 6259 6786 7389 7954 8125 8277 8797
1360 69 89 265 287 394 542 550 634 644 728 788 863 880 1035 1051 1053 1149 1371 1388 1470 1483 1683 1751 1759 2041 2100 2101 2140 2219 2227 2334 2401 2486 2692 2724 2834 2885 2912 2913 3090 3117 3169 3179 3253 3271 3298 3324 3340 3399 3482 3547 3678 3758 3851 3998 4089 4200 4236 4281 4318 4368 4371 4711 4775 4840 4857 5028 5168 5276 5283 5321 5503 5531 5646 5728 5736 5759 5779 5936 6076 6103 6128 6173 6187 6203 6236 6399 6454 6656 6733 6810 7253 7341 7685 7748 7755 7772 8156 8403 8626 8796 8842 8874 8990 9004 9019 9056 9112 9234 9329 9346 9369 9544 9586 9646 9666 9801 10086 10136 10199 10542 10778 10951 11048 11167 11432 11630 12067 12274 12525 12759 12795 12819 13168 13238 13282 13314 13772 14092 15153 15568 15995 16244 16270 16353 16703 16873 16984 17084
1361 148 173 193 241 298 322 511 1275 1600 1710 1899 1977 2310 2376 2421 2475 2656 3329 3633 3784 4170 4171 4214 4219 4235 4250 4265 4302 4368 4371 4384 4402 4934 5096 5235 5327 5374 5496 5666 5816 5847 5851 5873 6165 6312 6803 7111 7363 7501 7636 7656 7959 8568 8748 8851 8945 9056 9555 10063 11040 11948 11973 12067 12068 12451 12948 13267 13282 15153 16131 16323 16353 16409 16883 16937
1362 21 80 223 369 511 515 518 1568 2071 2256 3021 3770 3829 4585 4872 5799 6786 7108 7973 9475
1363 3073 3329 3718 6207 8487 10819 14814 16454
1364 3995 8614 13402 13864 15392 15564 15566 15733 15834 16011 16194 16463
1365 45 1200 1266 2509 5744 7671 8066 9981 10038 10249 10781 11775 12319 12538 12554 12685 14087 14686 14830 14831 15067 15350 15571 16127 16258 16539 16993
1366 1026 4786 7990 14300 15401
1367 905 3282 3348 5488 7044 9224 9500 10042 13710 15676 15808 16419
1368 507 1891 8407 8543 9844 14005 16574
1369 861 3329 4093 4249 4302 4316 4333 5282 5827 6272 6422 6900 7167 7643 9892 10446 15781
1370 437 811 1703 2531 2596 2725 2912 2913 3276 4254 5675 6231 6241 7667 9052 9332 11208 11625 12649 12879 13076 13744 13885 13969 14494 14495 14496 15055 16070
1371 148 150 672 1261 1502 1848 2100 2101 2102 2581 2848 2901 2997 3221 3903 4802 7211 7356 7379 8610 11307 12349
1372 319 1274 7497 7525 8452 10632 11584 12877 13316 13759 13762 14557
1373 64 121 9989 10819 11211 12610 13229 14405 15453
1374 242 333 503 1425 2836 2944 2995 3128 4237 4244 5553 5623 5666 5847 6118
1375 1395 3452 10755 11083 11499 12263 12266 12383 12385 12386 12762 12809 13073 13495 13893 14462
1376 7480 7496 9784 15401
1377 113 208 354 1149 1937 2028 3826 4256 6859 7180 7847 8131 9735 10011 10178 10886 11558 11687 12028 13075 13124 13216 17084
1378 50 71 112 351 437 790 1577 1968 2526 2892 3309 3969 5272 8275 8455 11536 13960 15284
1379 106 646 1041 1660 1759 3848 5441 6055 9848 9912 10988 10989 11948
1380 1030 6024 7628 8641 10233 12653 12832 13441 14263 15769 15994
1381 181 695 3340 3853 12126 12784 15067
1382 1 1131 1435 1937 2190 2732 3091 7307 9750 10193 10781 12721 12932 13580 14293 16492
1383 240 2420 2421 2475 5887 5993 6076 6203 6399 6593 12421 12632 13587 17014
1384 173 361 729 1653 1977 2571 2647 2877 3365 3523 4166 4348 4380 4603 5935 6060 6257 6417 7720 7835 7836 8102 8244 8791 8950 9285 11269 11431 11774 12176 12467 13125 13278 13330 13828 14009 14216 14227 14311 14317 14365 14387 14393 14415 14537 14558 14566 14948 15037 15195 15215 15249 15332 15337 15358 15389 15393 15487 15556 15564 15566 15599 15610 15743 15772 15799 15831 15862 15870 15876 15899 15935 15951
1385 2232 3070 6122 7092 8421 11948 12451 13168 16679
1386 88 725 1355 1816 3108 3273 4118 4882 6575 6888 10526 10819 11753 14250 14886 14887 15330 16187
1387 298 1751 3736 5329 5413 5536 5712 6602 7586 7866 7929 10600 11221 12021 12373 12433 13012 13058 13253 13314 14845 16665
1388 1128 2530 3388 3620 4364 4828 5401 6724 6880 7048 7156 7711 7855 7936 8032 8206 8370 8457 8854 8914 9206 10593 11830 12055 12819 13133 13155 13299 13882
1389 365 507 2512 3243 4175 7735 8206 8919 9800 10505 11171 16668
1390 51 163 176 181 775 869 2072 2141 3636 3761 4597 4612 5799 6814 7916 8235 8270 9570 9684 9694 10041 10715 12175 12596 12696 12922 12987 12996 13607 13852 13965 14587 14693 14885 15113 15443 15444
1391 960 7243 7662 7828 7951 9361 12585
1392 178 193 1039 2191 2308 2409 2995 3078 3482 3747 4302 4775 5712 6280 7341 7434 10086 10156 11328 13261 13282 13295 14545 14853 16330 16353
1393 309 487 623 1710 2457 2560 3509 4260 4317 4361 5164 5825 5990 10432 16368
1394 616 717 1196 1323 1472 2321 2390 2497 2559 2664 2665 3849 4574 9500 11171 11865 12608 13127
1395 125 235 268 528 758 1022 1728 3328 4226 4471 7489 7890 7915 8142 12149 12364 12650 13072 13111 13303 13358 13413 13675 14278 14289 14708 14790 14866 15203 15505 15579 15743 15831 16224 16505
1396 656 866 1118 5091 6020 6181 7162 7839 8960 8961 11792 12621 13122 13551 13885 15808
1397 3080 3340 6982 7311 12102 13139 13168 14630 15520 15521 15778 15779 15904 16604 16797 16798 16838
1398 48 139 507 1206 1321 2189 3613 4068 4100 4143 4458 6207 7211
1399 89 1318 1382 1600 3057 3287 3634 3773 3945 4157 10461 13230 13282 14223 14911 14987 15158 15192 15914 15917 15988 16296 16320 16353 16419 16790 16972
1400 215 479 519 1224 2464 2985 5185 5723 6103 7896 8920 10585 12515 12819 13058 13656
1401 23 106 502 542 924 1292 1347 1418 1446 2252 2392 2678 2736 2752 2832 2973 3168 3193 3462 3953 4265 4277 4515 4530 4598 4838 4891 5086 5261 5350 5441 5578 6010 6055 6175 6187 6332 6510 6763 6782 6859 6991 6997 7273 7372 7410 7724 8050 8102 8137 8177 8202 8262 8671 8796 8878 8962 8982 9372 9448 9449 9467 9520 9544 9629 9631 9851 9914 9977 10017 10136 10152 10194 10228 10241 10334 10353 10444 10854 11022 11052 11088 11695 11865 11973 12253 12338 13015 13157 13234 13314 13537 13695 13787 13821 13825 13829 13885 14121 14189 14216 14263 14285 14293 14382 14462 14482 14538 14559 14584 14628 14701 14708 14744 14751 14773 14779 14898 14925 15014 15094 15097 15212 15215 15564 15672 15673 15799 15914 15917 15988 16308 16429
1402 34 112 3114 3138 3829 4295 5577 5696 5876 9315 9508
1403 816 5917 15195 15446 16444 16900 16909 17102 17104
1404 183 211 254 884 1703 1704 1979 2923 4311 4448 5675 6538 6684 7022 7194 7438 8268 8448 9558
1405 1088 1761 1808 2624 3362 4177 4813 4998 5124 5459 5496 6144 6733 6851 6964 7324 7325 7536 7772 7880 7987 7992 8041 8164 8684 9192 9275 9442 9445 9626 9919 10324 10543 10647 10700 10779 11040 11048 11488 12166 12444 12540 13621 13636 13803 14567
1406 877 2528 3087 4089 4232 4371 6173 6454 6946 8073 10076 10895 11748 11792 12576 13167 14004 15769 16059 16619 17104
1407 194 550 634 787 1150 1220 1344 1451 1872 2466 2665 3099 4320 4840 5433 5598 5661 5728 5966 6112 6282 7535 7563 7888 8051 8453 8905 9410 9978 9979
1408 298 872 1172 3503 5381 6234 7365 9634 10738 11245 11600 12626 12627 13488 13550 15485
1409 100 275 276 2042 3025 3660 4252 4281 4899 6424 8939
1410 1020 1573 2078 3205 4254 5330 5519 9004 13600 15564
1411 129 3959 4211 4760 4881 5486 6406 6517 6574 6701 7397 7979 8579 9592 10232 10400 10679 11153 12093 13869 14321 14694 15366 15562 15662 16932
1412 278 1315 3993 4272 5977 7029 7579 10403 11093 11094 11448 12359 12475 12651 12963 13885
1413 210 353 795 836 1154 1450 1515 1620 1624 1650 1651 1753 1787 1869 1998 2151 2253 2254 2455 2457 2476 2502 2883 3442 3509 3728 4073 4088 4100 4143 4175 4201 4567 4674 4678 4717 4834
1414 1128 1868 4093 4171 4265 4266 4302 4317 4318 4330 4347 4361 5524 5558 5937 5990 7035 7286 7416 7547 8129 10432 16368 16409 16873 16883
1415 79 472 519 1028 1048 1053 1610 2346 2377 2470 2491 2565 2619 2624 3591 3851 3894 4292 4351 4470 6187 6992 7407 8363 8573 9765 10227 10229 10553 10780 11088 11100 11390 11397 11496 11536 12130 12312 12360 12362 13277 13660 13699 14462 14720 14792 15003 15077 15474 15531 15564 15579 15694 15834 15857 15862 15968 16025 16046 16224 16431
1416 64 176 249 487 562 1155 1169 1567 1973 1998 3262 3321 3494 3526 3538 3649 4119 5487 7257 8235
1417 487 1687 3324 3411 3505 5169 6181 7173 7262 7342 7714 7748 7930 8120 8156 9155 9359 9444 9491 9680 9875 10168 11133 12133 12300 13429 15086 15883
1418 20 139 369 623 1549 1710 1726 1804 2219 2533 2585 2738 2857 3102 3322 3333 3341 3391 3445 3695 3752 3753 3757 3773 3774 3852 3938 4062 4161 4226 4250 4254 4265 4266 4268 4293 4351 4355 4361 4362 4371 4401 4402 4451 4490 4553 4581 4612 4617 4628 4785 4895 5009 5094 5133 5164 5182 5330 5505 5712 5821 5825 5990 6422 6803 7060 8016 8090 8467 9234 10432 16368 17058
1419 142 497 503 689 1735 2171 2182 2656 2912 2913 5547 6259 8190 8255 12364 13111 13294
1420 44 272 925 1318 1614 3516 4347 6569 6695 10021
1421 234 298 717 2440 2470 3329 3945 4074 4368 6263 7239 9208 9278 9396 10542 11320 11496 12819 13082 13396 13537 13819 14216 15564 15707 15733 15857 16444 16524 16579 16969
1422 1641 1742 2800 3899 5304 5797 6152 7213 8159 8449 9858 10200 11852 12005 12872 13027 13299 13488 13882 14751 16975
1423 75 1836 2901 3684 3764 4701 9200
1424 137 138 531 598 660 745 892 1416 1728 2508 2597 2697 2811 3081 4889 5207 6452 6767 6792 7253 7767 7900 8005 8387 9719 10467 10607 12082 12521 13034 13960
1425 37 109 117 143 279 291 298 322 333 469 511 611 689 694 711 714 755 798 924 949 1088 1290 1318 1526 1640 1802 1808 1835 1952 2072 2168 2233 2266 2353 2362 2376 2469 2486 2495 2538 2539 2837 2901 3070 3081 3087 3175 3292 3451 3626 3681 3684 3830 3944 4077 4151 4170 4171 4230 4231 4243 4271 4272 4302 4316 4319 4335 4402 4709 4788 4839 4873 4934 5096 5374 5377 5629 5635 5642 5739 5779 5799 5808 5865 5936 6046 6093 6165 6170 6174 6272 6324 6600 6662 6765 7119 7134 7501 7504 7523 7724 7728 7815 7821 7839 7989 8122 8125 8137 8196 8223 8292 8407 8568 8595 8788 8945 8951 8960 8961 8995 9006 9056 9125 9158 9200 9278 9282 9306 9403 9482 9504 9559 9629 9674 9681 9756 10001 10064 10076 10086 10150 10187 10228 10247 10308 10409 10497 10505 10633 10769 10789 11088 11185 11217 11219 11254 11380 11413 11422 11493 11494 11507 11618 11620 11629 11630 11648 11739 11796 11899 11973 12042 12068 12082 12230 12234 12252 12260 12320 12324 12338 12346 12353 12376 12503 12524 12576 12600 12695 12790 13023 13062 13069 13102 13223 13224 13230 13236 13256 13282 13460 13472 13530 13661 13885 13943 13994 14045 14216 14223 14227 14345 14362 14366 14383 14393 14462 14573 14652 14739 14845 14854 14911 14921 14980 15120 15195 15216 15254 15262 15482 15502 15718 15747 15767 15857 15914 15917 15988 16006 16065 16093 16192 16296 16353 16409 16419 16461 16486 16539 16666 16673 16691 16726 16733 16738 16883 16973 17019 17052 17105
1426 28 40 144 159 215 247 272 278 327 731 775 869 966 1700 1727 2008 2216 2560 2593 2738 2822 2912 2913 2916 2927 3016 3107 3133 3138 3175 3229 3382 3387 3445 3636 3684 3724 3745 3747 3773 3805 4143 4447 4470 4567 4674 4678 4721 4772 5037 7579 9315
1427 5697 7441 7495 8502 8798 9403 9526 10328 16013
1428 57 934 1190 5115 6515 8433 10006 11359 11689
1429 499 3639 11254 11305 12781 13998 14044
1430 785 875 949 1108 1110 1625 1831 2098 2325 2430 3122 4060 4132 4477 4617 4763 6210 6332 6916 8076 8466 9778 9856 10375 12068 12417 12620 13110 13426 13503 13763 13822 13972 14057 14080 14359 14417 15277 15352 15502 15610 16291 16296 16938
1431 689 1426 3608 3684 3695 4244 4302 4402 4669 4670 4671 4688 4982 5327 6111 6283 6782 7547 7728 8255 8614 9047 9134 10086 10305 10334 10388 10934 11630 12094 12402 12495
1432 89 462 622 660 866 1565 1657 2788 3298 3322 3340 3399 4418 4694 4722 9508 10377 12759
1433 63 210 579 625 734 851 1109 1217 1450 1515 1544 1638 1719 1728 2385 2512 2630 2699 2794 3010 3281 3353 3360 3408 3409 3509 3682 3831 3846 4018 4143 4175 4210 4257 4362 4469 4578 4898 4932 5005 5203 5265 5474 5900 6167 7053 7547 7916 8401 8517 8525 8870 9561 9708 10107 11256 12408 12775 12996 13153 13870 14361 14701 14773
1434 7 44 177 241 310 519 551 564 588 691 805 816 869 1169 1182 1259 1349 1408 1433 1614 1640 1768 1978 2072 2101 2115 2119 2414 2421 2490 2665 2710 2750 2788 2866 2988 3365 3457 3608 3695 3803 3969 4034 4218 4504 5035 5300 5779 5799 5980 6143 6207 6374 6762 6812 7119 7304 7502 7557 7700 7998 8029 8264 8846 9108 9253 16223
1435 12 65 129 156 172 304 309 348 677 690 728 788 881 900 918 1132 1149 1314 1528 1838 1937 2006 2071 2138 2142 2341 2383 2384 2457 2513 2525 2528 2569 2578 2634 2661 2878 3035 3058 3068 3091 3100 3139 3178 3259 3298 3317 3329 3399 3466 3530 3690 3744 3745 3748 3828 3862 3866 4239 4375 4417 4522 4562 4566 4578 4678 4836 4874 5243 5597 5690 5768 5812 5829 6005 6211 6407 6468 6518 6577 7354 7532 8253 8319 8639 9203 9239 9373 9653 9666 9686 9932 10036 10391 10659 11396 11715 11746 12759 13090 13101 14264 14382 14958 15203 15350 15571 15745 15799 15840 15878 15979 16313 16993 16998
1436 180 2912 2913 2974 3102 4174 4293 4324 5337 5593 5990 10890 11009 11680 12046 12991
1437 156 988 1451 2525 2634 4184 5093 10582 11041 11088 12067 12187 13282 13405 13407 13528 14331 14380 14462 14481 14611 14987 15036 15521 15529 15720 15857 16353
1438 2843 2947 3149 3212 3336 3471 4278 4490 4813 4989 5227 5416 14685
1439 80 291 949 2061 2502 2679 2862 3011 3138 3450 3940 3944 4316 4910 4966 5282 5344 5642 5725 5799 6144 6268 9315
1440 4515 10058 13222 13274 13313 14773 14875 15777 16027
1441 288 707 988 1335 1888 2526 3150 3902 4543 7412 7413 10404 11334
1442 5990 8255 10041 10810 11946 13694 13819 14262 14264 14637 15827 16107 17017
1443 333 4966 4967 5257 7286 8046 8789 9552 9973 11111 11177 11620 13251 14163
1444 26 238 256 598 668 770 1475 1539 1579 1609 1856 2181 2431 2511 3271 4172 4692 5598 5931 7123 7387 7670 8045 8408 8614 11407 13540 13599 14034 14896 16655
1445 560 636 1781 2410 2530 3388 3631 7288 7728 10819 12184 13327 13917 15083 15622 15774
1446 3772 4241 4308 4861 6123 6179 7187 10866 11825 12436 13208 13261 13405 14975 15214 16061 16330
1447 298 1770 2454 2912 2913 3330 3333 4392 5553 5799 8386 10064 10180 10778 11219 11423 11470 11496 11619 11629 11630 11700 11948 11973 12193 12231 12243 12252 12326 12349 12354 12360 12592 12795 12819 12958 13068 13134 13277 13396 13894 16343 16407
1448 726 4026 6982 8460 8746 9682 10049 10194 10924 10974 11980 12035 12484 13384 13412 13700 14072 14152 14221 14708 14851 15003 15246 15350 15566 15602 15650 15733 16579
1449 27 95 1196 1607 14277 15138
1450 858 3045 3149 4349 7111 7656 9508 9555 10770 11040 11217 11393 12608 13153 13412 13496 14382 14398 14693 14792 14899 15298
1451 1167 1710 2172 2634 3338 3339 3607 4138 4170 11423 11539 11783 12403 16228 16244 16371
1452 1960 6370 8864 9385 9561 9564 9627 9800 9922 10011 10061 10646 10727 11076 12737 16668
1453 1174 3023 3271 4244 4925 5051 7597 7598 7794 8368 11391 13040 15756
1454 294 2938 3333 5325 5887 6553 9815 9890 10598 15045 15292 15954
1455 241 2597 3757 3789 4062 4301 5733
1456 587 5351 5990 6232 13868 14306 15803 16061 16698 16750 16823
1457 163 1046 1228 1569 1710 1725 1738 1806 2414 2451 2454 3339 3637 3724 3951 4138 5433 5521
1458 15 216 247 521 539 588 634 989 1579 1991 2356 2457 2527 2594 2615 3482 3618 4145 4465 4504 4612 4753 4775 5741 6300 6713 6846 7341 8290 8605 8865 9473 10431 10745 10866 11546 12068 12579 12867 13245 13314 13320 13654 14038 14261 14297 14341 14433 15568 16047 16048 16244 16376 16388 16489 16609 16762
1459 550 801 2886 5238 5857 7185 7763 8133 8685 9686 9896 10003 10622 10953 11393 12249 12385 12494 12763 12853 12867 13479
1460 5677 6700 12785 14907
1461 713 11231 12917 14494 14495 14496 15055 15118 15192 15400
1462 1364 2296 2995 4243 7434 11020 11531 12318 13413 14571 14979 15110 15263 15280 15435 15447 15566 15694 15817 15834 15857 16005 16483 16648
1463 247 728 960 1401 1990 4074 5728 5927 5950 5995 6112 6282 6396 6503 6648 7609 7917 8156 8296 8602 9019 9155 9485 9548 9943 10259 10459 11350 12075 12824 13365 13698
1464 658 3515 6187 9970 10711 11088 11190 11552 12351 12354 12360 12469 12592 12697 13234 13277 13283 13330 13512 13870 13894 13905 15685 16713
1465 34 80 81 241 779 985 1131 1149 1163 1273 1344 1772 1804 1966 2139 2451 2599 2736 2963 2986 3336 3543 3646 3738 3783 3852 4138 4140 4218 4260 4351 4474 4755 8524
1466 33 521 641 1259 1937 2644 2664 3333 3340 3522 4281 4670 6657 6946 7818 9612 9629 9928 10199 11240 11340 11774 12524 13230 13267 13852 13965 14029 14254 14333 14418 14751 14917 15153 15768 15914 15917 15956 15988 16064 16115 16296 16496 16627 16703 16842
1467 2742 3327 5090 7271 11021 14943 15372 15609 16275 16565
1468 1600 1692 2031 3332 3695 4208 5135 7849 10228 10753 11217 11398 12355 12359 13076 13233 13487 13821 13833 13885 14189 14216 14751 14928 15112 15446 15586 15767 15857 15922 16021 16048 16429 16530
1469 107 187 196 1239 2664 2825 2869 2916 3250 4721 5055 5116 5263 5366 6459 6547 6982 7668 8371 8405 8446 8812 8884 10120 10229 10719 10854 15834
1470 511 1770 2539 3149 3211 3775 4288 4401 4690 4757 4853 4950 5117 8292 9006 9874 10710 10803 11671 14545 14864 15352
1471 1952 3303 5618 7769 10461
1472 181 310 357 869 925 1366 1427 1513 2151 2201 2414 2438 3114 3322 3340 3341 3542 3608 3773 4373 4964 5369 5553 5776 5918 6242 6930 7416 8193 8504 9253 9916 10195 10312 10557 10702 10778 10837 11258 12826 13529 14112 15908 16140 16377 16822
1473 94 113 143 173 301 502 620 632 869 1090 1131 1194 1349 1755 1804 1819 3259 4194 5700 6078 6773 6774 6786 6948 7475 8196 8412 9205 12123 12137 12252 12471 12876 13156 13227 13397 13640 13954 15631 16347
1474 989 1780 1937 2189 2749 3108 3391 3429 3621 3904 3938 4098 4166 4177 4195 4257 4281 4477 4612 4765 4981 4983 5315 5363 5364 13529 16703
1475 21 298 503 1349 1804 1868 1953 2041 2995 3549 3608 3684 3687 3829 4004 4170 4312 4587 4661 4671 4682 4709 4711 5011 5220 5327 5328 5510 5614 6106 6565 6571 6877 7060 7721 8516 8701 8911 9136 9475 10379 11123 12353 12718 15324 15620 16075 17077
1476 19 24 44 77 134 175 247 254 278 298 437 453 507 676 1406 1710 1718 1804 2101 2102 2300 2401 2454 2470 2791 2809 2944 3076 3101 3164 3202 3209 3329 3340 3397 3549 3684 3695 3718 3769 3773 3803 3852 4170 4171 4182 4214 4250 4265 4277 4302 4305 4623 4772 5241 5327 5553 5573 5799 5927 6181 6204 6286 7579 9264 16409 16883
1477 49 69 134 156 162 163 173 199 222 228 236 253 259 266 268 329 356 367 423 433 434 436 448 453 474 510 515 518 592 628 631 649 662 676 677 680 681 708 711 755 758 767 768 769 798 836 840 896 949 976 1006 1071 1078 1079 1106 1107 1143 1145 1160 1169 1173 1195 1207 1235 1282 1298 1318 1354 1356 1421 1422 1439 1488 1498 1506 1597 1614 1625 1631 1642 1692 1698 1701 1710 1742 1750 1770 1771 1779 1798 1799 1833 1898 1957 2082 2085 2093 2139 2140 2178 2200 2221 2222 2229 2253 2265 2266 2308 2340 2400 2409 2412 2490 2496 2502 2525 2550 2551 2564 2565 2607 2633 2634 2635 2638 2690 2699 2726 2742 2784 2814 2816 2817 2837 2859 2862 2892 2901 2907 2908 2933 2995 3035 3080 3094 3099 3124 3164 3230 3234 3237 3252 3263 3292 3306 3307 3338 3341 3342 3356 3369 3410 3415 3465 3468 3533 3605 3640 3690 3723 3800 3817 3969 4021 4060 4138 4172 4249 4285 4296 4316 4338 4386 4393 4394 4427 4475 4477 4555 4787 4789 4802 4844 4857 4936 5053 5073 5204 5292 5318 5479 5576 5642 5653 5702 5708 5712 5788 5794 6065 6102 6115 6266 6342 6351 6521 6654 6686 6729 6783 6871 7020 7126 7143 7269 7332 7455 7568 7857 7945 8007 8029 8031 8114 8158 8205 8347 8413 8771 8865 9220 9274 9463 9508 9809 9868 10034 10126 10164 10169 10209 10276 10325 10335 10368 10389 10591 10636 10706 10784 10846 10870 10919 11170 11189 11289 11348 11360 11387 11478 11508 11520 11569 11663 11700 11775 11836 11909 11995 12209 12329 12338 12403 12420 12623 12679 12746 12913 13128 13869 13926 14079 14099 14222 14237 14400 14414 14472 14522 14787 14866 14940 15001 15002 15112 15240 15372 15521 15534 15536 15718 15778 15836 15877 16083 16275 16359 16377 16405 16494 16555 16718 17062 17072
1478 3331 4188 4305 5257 9216 10153 10774 10940 10941 11502 11891 12069 12714 12897 13122 16848
1479 649 1285 1381 2182 7790 7791 8597 10240 10460 11687 16759
1480 177 1503 2954 3051 4270 4379 5651 6603 6640 9465 10486 13440 13758 16048
1481 646 663 1134 2698 3945 5223 6236 9633 9886 10387 11736 14462
1482 146 2742 3723 5917 6779 9801 10786 11313 11488 12350 13314 13409 14216 14942 14954 15141 15153 15195 15217 15446 16270 16275 16348 16350 16387 16419
1483 2102 6599 8759 12795 12819 13968 14044 14225 14592
1484 413 438 1088 1290 6219 10817 12234 12492
1485 435 1400 1563 5258 6627 7380 7633 10899 11612 12721 13496 14195 14607 14807 15101 15564 15993
1486 2095 5041 7485 8836 10005 10780 11973 12621 12731 15999
1487 37 1454 1881 2995 3747 4208 4240 4477 4659 4956 5135 5560 5659 5796 5880 6145 6189 6901 8365 8997 10589 11181 11221 11425 11495 11510 11606 11754 11999 12059 13574 13798 13830 13844 13884 14697 14899 14950
1488 1240 1670 4195 4209 4378 8979 10229 11212 11273 11516 12360 13113 13199 13277
1489 221 237 252 328 368 485 491 769 787 792 799 824 843 853 881 889 911 912 918 919 931 938 1048 1055 1065 1096 1097 1098 1150 1194 1214 1229 1318 1360 1424 1559 1560 1561 1591 1608 1630 1656 1742 1832 1844 1870 1883 1886 1909 1917 1956 1988 2083 2084 2158 2188 2204 2228 2295 2345 2373 2401 2477 2481 2499 2519 2567 2634 2699 2702 2858 2860 2891 2922 3030 3031 3097 3099 3100 3260 3279 3287 3354 3358 3391 3440 3452 3454 3500 3631 3737 3811 3844 3903 3906 3938 3987 4015 4031 4042 4086 4499 4695 4822 4831 4840 4844 5002 5071 5150 5190 5468 5469 5476 5525 5551 5745 5797 5798 5868 5881 5976 6053 6317 6535 6548 6682 6708 6852 6873 6874 6939 6986 7025 7040 7045 7274 7278 7282 7394 7558 7659 7715 7900 7911 7912 8096 8168 8237 8322 8339 8343 8410 8462 8465 8499 8587 8775 8783 8801 8815 8822 8928 9119 9120 9167 9309 9310 9311 9312 9345 9374 9440 9469 9492 9493 9549 9582 9666 10272 10301 10433 10436 10571 10980 11033 11131 11245 11434 11598 11770 11898 12264 12265 12595 17040
1490 4684 5574 5829 7283 7790 8597 10228 10240 10819 11277 11662 11687 12252 12410 12608 12714 13153 13253 13317 13661 13885 14038 14384 14792 15153 15914 15917 16253 16556 16680 16784 16946 16999
1491 2041 3333 4374 4639 4669 4671 5728 5804 5850 5852 6648 7080 7614 8030 8251 8618 8666 9086 9090 9234 9466 9587 9666 9829 9936 9947 10531 10718 10898 10912 10960 11162 11293 11546 11802 11922 15106 15389 15712 15783 15924 16984
1492 72 3175 4138 4786 5127 5822 5828 6035 6925 7046 8088 10212 11541 13283 16396
1493 39 101 159 193 194 227 242 298 301 320 453 523 670 721 825 1196 1197 1244 1321 1323 1609 1804 1968 2141 2295 2392 2664 2705 2821 2923 2960 2977 3036 3045 3104 3129 3145 3257 3289 3515 3640 3716 3748 3756 3852 4029 4256 4265 4311 4402 5045 5517 5917 5985 6002 6037 6788 6812 6924 8046 8735 8741 8760 8952 9086 9162 9192 9380 9594 9791 10231 10306 10787 10792 10966 11216 11424 11491 11612 11627 11629 11630 11682 12047 12121 12322 12323 12333 12349 12350 12354 12360 12441 12471 12829 13153 13222 13224 13251 13277 13327 13334 13386 13410 13412 13413 13558 13661 13676 13761 13894 14382 14616 14637 14698 14773 14792 14875 14886 14928 15149 15195 15298 15579 15769 15817 15967 15993 16031 16048 16224 16250 16286 16300 16376 16635
1494 89 806 1007 1014 1718 3340 3654 3689 3892 4322 7769 8074 9014 9373 9403 9459 10234 10247 10477 10759 10822 10838 11039 11167 11168 11171 11275 11432 11436 11917 12067 12198 12476 13296 13509 13870 14286 15128 15653 15946 16937
1495 32 4395 7586 8255 8573 10454 10553 10715 11034 11190 11533 11733 11925 11940 12318 12351 12573 12869 13058 13403 13407 13599 13602 13730 14038 14125 14384 14928 14988 15006 15213 15382 15568 16020 16197
1496 6356 9840 11789 13333 14341 14406 16489 16611
1497 2758 4143 5138 7022 8578 10576 10880 11276 11814 13153 13461 15187
1498 5 3322 7984 8456 8469 9215 9234 9550 10324 10473 10810 10978 11234 16822 16984
1499 460 2790 4231 7586 8262 10027 12353 12483 12573 13230 13259 13531 13536 13716 13824 13832 13956 14018 14886 14887 15168 15352 15397 15398 15452 15483 15914 15917 15988 16058 16305
1500 3285 6126 6173 10029 11018 15138 15175 15400
1501 3725 6076 6399 8995 9234 9546 9569 9629 9778 11393 11495 11619 12020 12318 12343 12346 12475 13181 13488 13815 13869 13885 14637 16984
1502 55 156 266 519 557 695 774 1026 1984 2454 2627 2678 3853 4151 6557 8125 9626 10013 11189 11563 12466 12831 13621
1503 2912 2913 4273 5553 6694 6704 7060 7431 8131 9629 10551 10738 11629 13198 14216 14732 14751
1504 1416 2045 2843 3477 4230 4802 5136 6765 7512 10656 13038 15193
1505 26 44 89 139 153 156 161 163 173 190 441 523 606 657 697 824 882 1167 1235 1337 1454 1593 1688 2100 2101 2102 2189 2427 2457 2525 2548 2551 2634 2851 2927 3035 3077 3253 3397 3684 3710 3829 3910 3969 4062 4138 4211 4225 4244 4252 4265 4296 4302 4317 4418 4555 5079 5517 5547 5952 6911 7340 7480 9475 9508 10083 13708 17077
1506 2528 8778 13234 13660
1507 278 1344 1475 2000 2428 2597 3005 3161 3563 3837 4100 4129 4218 4655 5681 6175 6208 7579 7588 7922
1508 942 6030 6444 7203 7419 7941 8018 9663 10210 10359 11521 11995 12546 13164 13241 13353 13363 13450 13470 13618 13810 13836 14411 14484 14535 14670 14708 14834 14886 15089 15109 15288 15488 15518 15568 15599 15964 15985 16048 16087 17031
1509 95 995 1163 1463 1973 4358 4387 5624 6332 6452 8045 9831 10707 11070 17084
1510 125 156 167 172 241 296 298 502 507 592 622 938 1225 1569 1573 1727 1894 1995 2008 2047 2083 2176 2264 2539 2773 2790 2838 3076 3172 3287 3473 3558 3711 3963 3992 4108 4185 4203 4353 4529 4657 4761 4798 4883 5064 5087 5160 5250 5362 5364 5496 5519 5556 5573 5581 5613 5631 5767 5936 5944 6082 6100 6104 6127 6128 6159 6178 6204 6247 6265 6284 6391 6432 6475 6507 6525 6592 6609 6619 6673 6675 6690 6718 6733 6744 6746 6920 6922 6933 6964 7059 7301 7333 7363 7564 8181 9130 9508 9515 9684 9719 11393 12091 12192 13125
1511 266 291 394 538 1246 1921 2140 2182 2191 2633 3488 4381 4550 4551 4936 5113 6638 7582 8629 9004 9203 10704 10827 11189 11237 11285 11574 12364 12860 13111 13319 13481 13494 13495 13587 13611 13628 13773 13829 14478 14479 14522 14962 15088 15177 15314 15327 15350 15372 15488 15521 15571 15599 15776 15828 16313 16361 16763 17061
1512 3750 4130 4395 4795 6387 6819 8573 8615 9151 9217 9337 9560 9631 9929 10118 10227 10261 10759 11010 11025 11169 11202 11436 11490 11601 11656 12043 12056 12203 12364 12475 12592 12949 13075 13111 13407 13951 14315 14897 15207 15220 15564 15565
1513 23 178 269 319 567 1149 1191 3460 4456 4530 4638 4891 5332 7533 8383 8406 9755 10265 11869 13517 13679 13821 14370 14384 15207 15369 15589 15838 16014 16225 16429
1514 121 4982 9003 11634 14378 15939 16187 16657 16803
1515 6 143 156 180 240 241 264 298 495 497 588 796 995 1041 1169 1245 1344 1345 1401 1431 1543 1547 1562 1768 1793 2041 2123 2227 2361 2401 2418 2419 2467 2490 2556 2601 2634 2656 2669 2706 2739 2773 2944 3005 3046 3121 3280 3329 3563 3617 3718 3772 3803 3947 3969 3978 4075 4167 4257 4265 4504 4528 4613 4616 4625 4639 4657 4669 4670 4671 4967 4984 5087 5272 5325 5344 5545 5613 5665 5722 5758 5804 6013 6057 6058 6128 6391 6401 6527 6553 6762 6870 6922 7010 7054 7187 7211 7366 7683 7992 8344 8464 9298 13943 14748 15257 15552 15601 16093 16659
1516 1188 3076 3241 3639 3663 4657 4967 5573 5598 5665 6441 7054 7627 8192
1517 174 178 1856 2750 3527 3719 4024 4317 4894 5202 9550 9561 9829
1518 3035 3058 4288 4874 4966 5823 6214 12340 13375
1519 320 5923 6924 9329 10254 10421 10993 11116 11235 11629 11822 11920 12048 12201 12346 12577 12812 13246 13537 14604 15074 15246 15371 15460 15727 15728 15768 15973 16048 16348 16392 16394 16395 16438 16447 16606 16655 16676 16682 16734 16762 16949 17021
1520 19 197 1568 2391 2698 3608 3776 4168 4303 4401 6187 6257 13154
1521 180 460 689 1770 2454 2644 3481 3803 3872 4302 5799 7570 7957 8231 9125 10241 11630 11739 11953 12067 12068 13230 13282 14845 15352 15768 16353 16518 16969
1522 262 3021 3209 5800 13153 16886 16997
1523 132 466 1264 1388 3993 4042 4092 4145 4279 4861 5663 9506 12245 12583 13150 13672 14026
1524 650 899 6317 7278 7990 9008 9376 10433
1525 97 159 180 3294 3483 4277 4359 8979 9075 12879 16070
1526 514 1392 3182 3793 5868 6332 13555 13884
1527 589 640 728 1164 1246 1482 1579 2133 2629 3169 3488 3701 4117 5039 5258 6777 7042 7250 7279 10044 10219 12379 14471 15565
1528 10 553 1217 1426 1776 2922 3287 3684 3686 3942 4071 4171 4210 4268 4362 4632 4678 4723 5027 5066 5294 5487 5545 5684 5758 7610 8218 9440 10570 13210 13807 14803 16459
1529 1645 4550 5818 7708 8312 10153 11168
1530 44 863 1824 3202 3209 3697 5579 9253 9508
1531 278 284 367 393 442 533 2502 2862 3930 7579 8951 9824 9994 12563
1532 1190 2071 3357 6515 8631 14011
1533 2134 2219 3058 3298 3399 4317 4874 5045 5112 5855 6471 6655 7031 7711 8914 8952 9686 10011 10029 10037 10389 10391 10659 10749 10771 10781 10832 10923 10940 10994 11275 11376 11545 11560 11563 12759
1534 328 453 1390 1498 1591 1833 2263 2425 2920 5460 5723 6148 6323 8360 12812 14358 14451 15424 15462 15469 16264
1535 15 107 117 144 184 235 287 478 496 723 824 863 1186 1246 1728 1792 1937 1942 1965 2542 2698 2875 3297 3363 3382 3419 3488 3509 3697 3829 4112 4547 4571 4946 4952 4968 5200 5292 5434 5547 5574 5712 5739 6163 7548 8290 8790 9363 9475 10128 10213 10219 10392 10647 10659 11070 11088 11168 11219 11619 12965 13687 13795 14037 14077 16535
1536 82 241 393 511 533 3339 3695 3768 4131 4171 4291 4293 4703 4899 5894 5998 16409
1537 1963 3622 4182 4788 13550 14724 14841 15028 15744 15745
1538 505 989 2454 2698 3608 4100 4465 5279 6332 6487 6812 6881 7612 8348 9001 9363 10132 10888 11829
1539 275 2447 4182 5400 5894 7927 8250 9910
1540 45 79 100 187 1209 1288 1364 1391 1531 1574 1740 1804 1855 2080 2296 2825 2838 2843 2978 3712 3852 4459 4552 4603 4813 4899 4902 4949 5355 5366 5731 5749 6642 7407 7494 7936 8313 8348 9177 9788 10120 11516 12356 13699 14926 14928 15459 15564 15566 15579 15582 15733 16224 16348 16354 16360 16857
1541 126 1373 1496 2264 2841 2886 3180 3189 3550 3727 5512 7204 7356 7829 7941 8705 9313 10228 11993 12088 12532 13654 13817 14261 14405 14667 15622
1542 989 1188 5325 5580 5783 6413 6452 6505 6553 6888 7065 7174 7232 7502 8056 8080 8724 9002 9131 9399 10090 10305 11429 11553 12165 13808 14219 14649 16109 16926
1543 2179 4353 5325 5631 5676 6469 6553 14277 14754 15045 15292 15821 15925 15954
1544 195 287 327 792 2700 4091 4216 6356 6931 7545 7546 7749 8338 10143 11699 13835
1545 1227 1847 2623 2965 2971 4288 4798 5819 6225 6858 7113 7286 7494 7676 9001 9801 10354 11424 11488 11973 12020 12329 12337 12350 12905 13460 13695 13830 13901 14294 15254 16270 17100
1546 2686 8646 12039 13270 14566 15041 15042 15535 15932 16008 16248 16652 16935
1547 44 162 287 453 767 882 966 1145 1169 1235 1710 1756 1806 3338 3684 3747 3773 3920 4138 4170 4208 4289 4522 4678 4784 4847 4893 5009 5083 5088 5135 5245 5259 5301 5320 5396 5457 5508 5558 5590 5594 5799 6038 11794 11797 13059 14193 17101
1548 23 48 109 127 393 519 937 1128 2029 2072 2454 2553 2773 3138 3688 3695 3710 3756 4027 4138 4231 4260 4272 4602 4674 4735 4937 4981 4983 5009 5071 5601 5642 7548 7638 9200 9315 9869
1549 24 44 176 215 216 310 331 422 487 495 497 588 1167 1321 1398 1710 1830 2071 2414 2419 2421 2656 2828 2927 3202 3209 3280 3338 3761 3947 4075 4504 4509 4528 4975 5122 5344 5436 5553 6216 6272 6479 6531 6677 6679 6886 6944 8235 10195 10593 12314 12917 14325 14587
1550 3665 4460 5733 7586 8227 8950 10076 10837 10978 11025 11124 11127 12070 12376 13261 13504 16330
1551 824 3396 13099 13705 14174 14382 15606 16021 16048 16166
1552 159 1703 3071 3747 4664 5351 5675 6241 6280 6536 7292 7790 7791 8597 11687 12504 13011 13249 13660 14889 16943
1553 70 622 989 1593 1656 3342 7232 10755 10801
1554 8584 9266 12216 12585 15117
1555 2181 2310 5101 5799 10084 10120 11940 11986
1556 4 3193 6010 9363 9862 12430 13885 14031
1557 686 3243 3636 4091 6111 7343 8426 8481 11654 12065
1558 4823 5912 7221 8535 11212 12359
1559 6112 6503 7308 10650 11742 12681 13274 13381 16180
1560 262 454 604 696 817 1108 1208 1304 1623 1740 1831 2836 2992 3197 3305 3306 3307 3413 3673 3725 3872 4129 4287 4382 5076 5363 5585 5587 5637 6192 6210 6993 7581 7620 7647 7788 8196 8442 8658 8941 9352 9467 9856 10514 11097 11294 11322 11480 11508 11569 11612 12374 12675 12886 13198 13398 13453 13454 13532 13539 13749 13822 13824 13830 14105 14193 14251 14684 14687 14734 14926 15037 15187 15272 15337 15433 15441 15492 15502 15579 15610 15657 15688 15736 15872 15873 15993 15996 16007 16215 16224 16312 16397 16518 16564 16567 16573 16577 16662 16688 16828 16909 17046 17069 17081
1561 241 278 866 1710 1804 1953 2790 2809 2947 3274 3664 3665 3697 3718 3829 3852 3966 3971 4100 4203 4863 5235 5496 6175 7111 7579 9475
1562 3327 3611 6247 7740 7778 9511 10519 10927 10995 11500 11693 12366 13874 15529
1563 1703 1727 2035 5675 5999 6263 6717 6781 7343 8328 8609 9652 10496 10525 10889 12052 13354 13618 14535 14566 14818 15109 15524 16240 16290 16734 17031
1564 241 458 776 790 868 883 1423 1979 3522 3766 4291 4293 4318 4812 5931 5998 6047 6363 6386 6506 6510 6518 6575 6744 6790 6814 6859 7570 16873
1565 161 163 614 1005 1059 1926 2016 2973 4179 6373 7645 8033 8444 9629 9801 10229 10755 11221 11496 11629 11901 12081 12146 12203 12339 12360 12418 12469 12475 12476 12614 12626 12627 12651 12731 12795 12867 12897 12996 13058 13063 13153 13165 13277 13327 13328 13330 13334 13396 13437 13495 13533 13608 13609 13633 13660 13671 13705 13706 13746 13818 13829 13870 13885 13889 13890 13905 13910 13936 14026 14176 14192 14216 14263 14265 14273 14276 14283 14286 14382 14462 14538 14661 14667 14720 14751 14772 14773 14875 14887 14898 15056 15203 15220 15267 15351 15389 15438 15498 15591 15595 15770 15857 15896 16194 16270
1566 1190 5115 5742 6186 9684
1567 7535 8786 15192 16186 16301 16538 16633
1568 311 429 731 4308
1569 505 2505 3639 10849 12819 12878 13078
1570 505 966 1446 3071 3636 3724 4291 4717 5998 6147 6187 7547 7667 8132 8391 9631 10638 10711 11025 11397 11488 11711 11733 11812 11858 11872 11891 11946 12317 12322 12355 12362 12436 12476 12649 12944 12951 13063 13076 13156 13234 13283 13870 14315 14331 14698 14744 14897 15294 15350 15564
1571 75 266 504 526 545 658 691 1058 1435 1436 1687 1776 1890 1979 2125 2527 2536 2571 2713 2961 3292 3447 3861 4163 4237 4297 4343 4713 4931 5066 5297 5380 5452 5494 5511 5605 5623 5941 5989 6025 6176 6198 6259 6426 6560 6689 6743 6768 6829 6881 6967 7003 7066 7347 7616 7974 8159 8196 8254 8303 8343 8521 9136 9629 10081 10920 11189 11287 11380 11381 11544 11599 11686 11866 12023 12067 12068 12137 12143 12145 12150 12341 12343 12376 12379 12428 12460 12469 12495 12521 12609 12615 12641 12652 12654 12778 12982 13074 13180 13233 13270 13287 13314 13329 13331 13392 13404 13405 13418 13479 13486 13488 13490 13491 13509 13511 13561 13594 13715 13854 13885 13926 13991 14013 14164 14206 14219 14258 14276 14277 14331 14341 14344 14364 14378 14383 14395 14444 14449 14452 14453 14482 14545 14570 14578 14604 14624 14637 14750 14751 14754 14812 14814 14818 14822 14825 14845 14867 14869 14907 14950 14978 15112 15164 15188 15200 15210 15216 15340
1572 232 6512 6763 8218 10193 11043 13860 14729 15045 15925
1573 4044 7824 8429 9091 9987 10963 13222 13437
1574 111 117 189 666 889 1366 2320 2397 3229 3689 4734 4796 4861 8440 8614 12021 12354
1575 43 199 366 510 677 800 831 949 1160 1337 1416 1493 1865 2093 2176 2180 2217 2235 2311 2456 2502 2539 2581 2673 2848 2862 2944 2948 3153 3230 3231 3292 3306 3307 3413 3450 3537 3652 3659 3735 3817 4027 4095 4129 4283 4428 4491 4525 4808 5282 5435 5436 5725 5773 5906 6152 6188 6607 8034
1576 127 775 1366 1770 1928 2218 3005 3149 3397 3563 3757 3784 4143 4583 4584 5799
1577 20 36 56 58 61 94 151 161 189 194 195 216 220 222 234 254 280 293 295 304 365 445 453 461 462 463 465 508 516 523 535 551 563 581 620 623 644 666 675 682 690 692 709 724 731 734 739 763 781 787 799 805 822 846 868 870 925 964 969 980 1017 1021 1027 1040 1047 1062 1089 1203 1208 1233 1269 1324 1334 1338 1352 1377 1398 1420 1424 1434 1438 1450 1459 1469 1483 1486 1511 1513 1519 1520 1521 1522 1523 1528 1539 1586 1636 1678 1679 1690 1756 1764 1765 1766 1773 1862 1932 1944 1949 1978 1981 2032 2036 2046 2054 2062 2065 2112 2116 2143 2201 2287 2384 2403 2464 2465 2467 2480 2530 2560 2599 2678 2699 2725 2762 2904 2985 3012 3245 3281 3364 3387 3388 3393 3403 3408 3438 3457 3539 3602 3630 3636 3653 3655 3691 3846 3873 3921 4083 4086 4102 4509 4565 4594 4796 4840 4911 5069 5122 5149 5175 5386 5542 5667 5680 6111 6216 6738 7369 9004 9642 9659 9666 9727
1578 6993 8227 9673 9892 10512
1579 2586 2851 5095 9917 11830 12266
1580 1812 1847 1881 2192 2451 2940 2979 3336 3615 4271 4288 4515 4877 4966 5311 5425 6954 7469 12634 13554
1581 866 1767 2012 2454 2945 4563 5572 5701 5702 6450 6769 8424 10816 11107 14915 15709
1582 134 728 805 902 1738 2101 2102 2903 3509 3689 3693 4136 4302 4317 4379 5675 6134 6356 7103 7521 7547 10075 11428
1583 4265 4368 10563 11629 14845
1584 119 230 1199 1600 1627 1858 2174 3688 3695 3709 3724 3746 3820 4231 4234 4249 4265 4316 4318 4483 4690 5553 5629 5638 5659 5725 5830 5906 6779 7853 7970 8090 9558 9628 9629 10268 10406 11217 11254 11306 11391 11491 11620 11688 11735 12043 12067 12068 12252 12353 12359 12363 12376 12408 12591 13233 13282 13396 13446 13488 13514 13832 13833 13885 14216 14262 14265 14362 14616 14652 14923 14928 15153 15531 15620 15768 15784 15885 15914 15917 15988 16135 16348 16353 16388 16419 16531 16655 16667 16762 16858 16873 16887 16900 16919 16969 16972
1585 66 181 241 1474 1481 2526 2877 3072 4110 4361 4603 5327 5932 6332 6431 6464 6665 7055 7139 8367 9059 9865 9902 9903 10396 10514 10542 10600 10646 10838 11342 12225 12360 12365 12373 12897 13215 13277 13328 13990
1586 278 1960 4589 7579 7824 7901 8245 9121 9411 10011 12795 13208 13608 13883
1587 21 55 169 215 237 278 291 293 439 440 459 590 611 633 826 936 1022 1169 1609 1792 1891 1899 2071 2605 2858 2948 3114 3202 3209 3591 3608 3684 3695 3747 3772 3803 3899 3969 4170 4171 4217 4291 4318 4362 4490 4706 5050 5493 5799 5998 6220 6312 6519 6653 7187 7250 7579 7728 8260 8266 9009 9075 9125 9159 9205 9234 9574 9688 9961 10101 10199 10660 10661 10673 10783 10977 11060 11110 11276 11742 12343 12410 12548 12681 12808 12826 12876 13058 13078 13089 13137 13227 13553 13660 13825 13866 13867 14263 14382 14411 14773 14813 15213 15413 15857 15899 16409 16873 16883 16984 17076
1588 19 125 175 180 193 194 203 239 242 253 272 310 437 445 551 575 594 625 647 687 938 965 1037 1098 1167 1614 1804 2702 2885 2900 3202 3209 3341 3608 3769 3852 3897 4136 4174 4216 4293 4330 4347 4919 5009 5508 6129 6132 8143 8440 9077 9264 10643 11275 11490 11556 12038 12071 12867 12986 14382 14708 15733 16121 16655 16685 16762 16774 16809 16955
1589 393 695 1344 1775 2944 3853 4081 4238 4625 5042 5152 5573 5831 6858 7318 7353 9260 9281 9807 10240 12122 12802 14030 15607 16988
1590 409 1169 1710 2002 2922 3155 3684 3741 3758 3829 3969 3983 4232 4528 5887 6047 7125 9475 12252 13599 16676
1591 235 258 588 963 2241 4504 8048 8624 9508 11735 13829 15401 16377
1592 499 2502 2571 3087 3261 9442 9722 10482 11559
1593 1003 2763 7041 8590
1594 88 112 162 870 1606 1937 3058 3326 3341 3637 3690 3836 4211 4874 5351 5486 5902 8346 11088 11167 11948 12195 12352 12358 12403 12451 12679 13306 13488 14940 15795 15991 16275 16490 16734 16887
1595 127 1050 2948 3151 4030 7428 8372
1596 3089 10389 10832 10893 11168 11393 11507 12275 13817 14538 14688 14701 15885 16144 16849 16853
1597 713 3092 3639 4293 4877 5193 10542 11001 14772 15187
1598 557 4281 5560 6275 6414 6523 6869 8889 12475 12490 15533 16703
1599 1027 1167 2790 9208 11182 11568 11590 11864 12681 13542 13600 14469 15054 16591
1600 206 288 714 745 1202 2338 2799 3968 7134 10462 11200 11342 12245 14966 15778 16296 16428 16563 16797 17086
1601 87 437 739 759 3387 4317 5257 5553 5723 9686 10691 11973 14989
1602 332 644 1528 3271 4134 4257 7562 8222 11005 12418 12520 12610
1603 89 151 542 767 1149 2396 2457 2489 2644 2698 2699 3144 3941 4638 5644 5969 7413 7585 7607 8120 8393 8404 8406 10008 10061 10136 10947 11948 12247 12276 14304 14309
1604 1167 1678 2560 2665 3768 4068 6513 14638
1605 173 277 298 326 368 575 792 1350 1425 2711 4639 4737 5799 6911 7845 8029 8530 8636 8747 10951 11428 12252 12505 12869 13230 13314 13924 15857 17081
1606 3186 13811 14637 14666 16132 16655
1607 408 1130 1937 3459 3864 7379 9291 10312
1608 284 1438 5330 8721 10219 10675 11177 12464 13780 15839 16348
1609 1710 2743 3338 3684 3718 3789 4170 4174 4182 4250 4492 4623 4672 4970
1610 266 542 626 729 989 1977 2118 2425 3803 4753 5091 5416 5587 5728 6112 6282 6503 6648 7253 8360 10041 10095 10136 10215 10542 10570 11189 11904 11948 12209 13230 13950 14482 15808
1611 55 89 236 241 265 778 891 1614 1770 1838 2454 2457 2538 2665 2750 4217 5051 7536 9075 9638 10241 11163 11168 12819
1612 287 309 524 908 1133 1991 2101 2182 2360 2855 3180 3228 3273 3510 3696 3744 3771 3789 4061 4118 4121 4171 4175 4183 4206 4234 4239 4291 4295 4317 4341 4355 4411 4447 4598 4622 4625 4630 4678 4777 4786 4849 5079 5088 5126 5141 5206 5259 5359 5388 5498 5564 5565 5590 5998 6017 6062 6101 6119 6124 6332 6566 9108 11070 12622 16396
1613 2749 4340 7356 8290 8348 8426 12610 16098 16696
1614 4055 4900 5722 5784 7028 7306 7683 8908 10043 10044 10535 11204 11698 12349 13188 13256 14444 14502
1615 7233 10936 11351 13073 13155 13355 13486 13769 13771 14094
1616 215 2400 2597 8217 9384 11630 12375 12475 12579 12795 12819 13214 13314 13488 13825 14038 14216
1617 516 770 1851 2665 3228 4252 4692 4729 10951 12054 12330 15209
1618 106 269 12548 13137 13517
1619 1235 1728 2224 2467 2902 3201 3253 3878 5712
1620 531 2031 3326 3716 7017 7371 8423 9554 9623 11428 11724 12373 13261 14216 14483 15529 15579 15962 16021 16330
1621 1691 1868 4293 5123 6453 8903 9234 10805 13314 13728 14072 14404 15857 16011 16984 16997
1622 156 677 788 1030 3327 5351 9732 9748 10513 12043
1623 295 822 1064 1324 1383 1516 1636 1638 1674 1752 1908 2164 2241 2254 2257 2383 2384 2547 2688 2853 2904 3065 3071 3245 3345 3691 3717 3891 3973 4522 4847 5264 5325 5696 5711 5977 6124 6518 6634 6897 7001 7452 7477 7723 7739 7751 7762 7782 8458 8866 8900 9129 9245 10203 10429 10521 11002 11466 12006 12031 12177 12585 13557 14886
1624 266 633 1838 4753 7023 10387 10394 10751 11034 11189 11627 15077
1625 478 499 4588 7463 8517 9048
1626 89 106 264 458 801 2457 7827 9508 10007 11267 12183 12830 14781 17084
1627 1344 1751 2976 4243 10780 12819 14744 16757
1628 23 310 819 965 1246 1303 2623 2665 2984 3023 3298 3399 3488 3883 3897 4440 4742 5351 5910 7645 8136 8255 8260 8689 8732 8778 8940 9338 10006 11950 12190 12759 12861 12978 15451
1629 1050 4089 4861 5501 5810 6061 6240 6454 6525 7899 12739 12844 13227 13282 13314 14964 15102 15112 15856 16353 16548 16611
1630 83 181 272 447 625 857 943 1112 1281 1283 1318 1483 1830 1841 1908 1985 2038 2115 2169 2235 2322 2363 2365 2414 2456 2502 2560 2590 2862 2922 3015 3103 3316 3358 3360 3689 3831 4138 4183 4338 4361 4402 4606 4660 5259 5725 5831 5858 5906 6052 6350 6715 6721 6886 7547 7602 8524 8854 9079 9892 10065 10152 10306 10521 10721 10856 10870 11011 11276 11858 11909 12780 13007 13704 16368
1631 176 393 1191 2397 3015 3773 4217 4657 8235
1632 94 178 964 989 995 1063 1699 1747 2138 2423 2633 3020 3342 3744 3783 3902 3934 4000 4183 4206 4215 4218 4234 4406 4678 5245 5498 5829 5912 6119 6362 6389 6496 6612 6738 6995 10134 16998
1633 995 1771 2308 2633 3116 3273 4118 6450 7740 10431 10469 11032 11123 11168 11749 12468 13245 13810 16790
1634 139 156 178 201 253 298 474 514 529 696 736 1318 1770 2015 2422 2522 2997 3158 3180 3202 3209 3329 3406 3692 3699 4100 4174 4228 4316 4317 4431 4556 4678 4760 4981 4983 5053 5138 5156 5327 5517 5854 5980 6188 6295 6342 6347 6381 6414 6431 6446 6526 6633 6672 9684
1635 502 553 1083 6257 6535 9004 11421 11508 12079 12373 12819 13934 14284 15118
1636 310 487 1023 1376 2391 2454 4617 9557 13261 13281 14931 15389 15906 15907 15931 16330
1637 198 410 530 2056 2944 3081 3625 3727 4134 4375 5989 6382 7960 8538 8981 9800 10824 11005 11073 11635 11744 12486 13061 13153 14515 15398 16668
1638 521 1934 5201 8082 12043 12472 14868 15667
1639 367 2168 2216 2469 3107 3397 3773 4585 4603 4606
1640 1796 3365 6890 8218 8626 10595 13747 14389 15761 16316 16374
1641 449 2985 5071 5715 7119 9253 11181 14691
1642 17 801 2583 3349 4342 8557 10093 10542 10561 11177 11314 11541 13074 14604 14662 14990 15633
1643 1050 3001 5311 11742 13366
1644 2381 4252 5396 8225 10312 13565 15077 15350 16463
1645 764 6925 7749 9200 9558 11171 12067 12068 12354 12360 12408 12870 13277 13314 13894 14334 15143 15333 16350 16387 16667 16685 16909
1646 5035 15618 15763 16404
1647 12210 12414 13648 13730 13998 14384 14418 14659 15318
1648 106 166 264 965 1167 1606 1698 1710 2634 3035 3175 3334 3338 3690 3736 3758 3829 4252 4442 4443 4966 5227 5733 5854 5873 6332 7389 7950 9475
1649 612 1891 6600 9835 11506 13774 14195
1650 331 2490 4270 6932 7119 8870 10643 11088 14216 14462 15213 16321 16591 16665
1651 487 853 1567 2451 3283 3321 4119 4567 5946 7359
1652 194 310 11630 11749 12653 13246 13660 14931 15795 15885 15931 16434 16609
1653 989 2139 2470 5231 5741 7065 8332 13230 15153 15694
1654 735 3322 6907 7562 8425 9036 9245 9967 10652 10799 10900 11291 11446 11520 11590 11632 11639 11683 11774 11994 12138 12195 12228 12229 12305 12458 12700 12773 12955 13436 14077 16978
1655 1508 7269 8596 8681 9512 11690 14396 14906
1656 1337 1504 2524 4037 5333 12245 12351 12403 13495
1657 3333 4318 4384 4402 6332 7321 8354 8597 9907 9989 10056 10240 13230 14698 16873
1658 145 162 404 1454 2381 2451 3080 3276 3739 4123 8336 10309 10589 12065 12272 15374 15426 15573 15598 16000
1659 139 215 449 453 512 1388 1768 2231 2948 3251 3315 3664 3665 3688 3695 3731 3768 3940 3954 4184 4258 4277 4305 4621 4967 5799 7474 7612 14216
1660 19 176 215 659 1710 1768 1931 3072 3590 3638 3684 3769 4172 4731 7035 8235 9264
1661 163 3803 4397 7412 10326 11240 16371 16729
1662 1698 3338 4093 4171 4289 4966 5742 6425 16409 16883
1663 4252 4381 6739 9036 10161 15248 16978 17086
1664 286 1061 1303 1683 2490 3001 3155 3857 4557 5300 5311 5340 8138 10482 11635 12067 12072
1665 589 980 1127 1194 2016 3104 3309 4217 4618 7953 8275 9830 9979 10805 11015 11018 11376 11536 11841 12317 12433 12955 14300 14616 14638 14698 14897 15618 16048
1666 106 116 825 1196 1698 1738 1774 3135 3192 3338 3340 3385 3664 3684 3690 3870 4074 4093 4155 4170 4171 4175 4178 4183 4184 4187 4206 4208 4218 4220 4234 4250 4260 4266 4277 4293 4307 4661 4691 4722 4742 4776 4777 4863 5009 5079 5122 5130 5135 5231 5235 5245 5264 5282 5363 5493 5498 5508 5517 5547 5733 5765 5807 6803 9508
1667 195 287 310 524 857 2363 2368 2514 2756 3043 3133 3302 3460 3509 3601 3724 4532 4602 4678 4900 5037 5259 5715 6253 6570 7169 7855 8172 8372 8376 8525 9301 10337 10677 10849 10868 10981 12819 12922
1668 3189 4390 4888 5074 6099 6585 9243 11013 12625
1669 985 2139 2451 4877 5887 7217 11792 12176 14291 14838 15192
1670 32 145 241 3114 3150 3229 3334 3687 3736
1671 10 4108 6029 6173 6597 7162 7890 8466 8707 9246 10319 10439 10815 11195 11237 11373 11947 12212 12404 12604 12710 13390 14099 14580 14758 15081 15172 15608 15693 15697 15883 16027 16085 16100 16110 16150 16204 16331 16392 16395 16730 16803 16811 16862 16889 16900 16976 17018 17019 17021 17048 17049 17053 17056
1672 155 444 445 480 535 659 892 1071 1894 2030 2099 2103 2145 2206 2534 2634 3381 3590 4560 4589 4715 4733 4745 5085 5693 5944 6011 6175 6231 6243 6379 6432 6651 6801 7095 7178 7304 7531 8181 8393 8491 8666 8723 8878 9075 9924 9980 12821 13315 14588 14642 14655 17014
1673 1780 2360 3212 3824 3968 5998 6332 9467 9528 9714 10439 11100 11200 12963 14627
1674 384 499 728 2594 5375 8046 8843 9192 10966 12043 13075 14256 14641 16460
1675 819 1259 1812 7947 10950 11192 11205 13064 14561
1676 159 397 670 1609 2678 3271 3612 3744 4365 4390 4899 5395 5981 6533 6651 6805 7197 8445 8717 8812 9228 9631 9828 10114 10152 10341 10542 10704 10708 10749 10848 11489 11591 11976 12705 13212 13599 14627 14807
1677 2420 5092 6657 6934 7962 9137 9746 9747 14913
1678 21 23 32 58 143 162 193 236 241 264 310 331 393 413 473 538 572 605 630 676 677 775 925 927 989 1191 1382 1427 1458 1513 1567 1636 1638 1692 1710 1729 1753 1757 1819 1830 1869 1953 1985 1989 2062 2151 2272 2438 2498 2510 2560 2740 2776 2822 2877 2898 2993 2995 3179 3188 3208 3258 3272 3321 3322 3324 3326 3329 3331 3337 3339 3340 3355 3360 3493 3572 3687 3691 3981 4073 4088 4119 4159 4305 4384 4662 4685 4742 4774 4892 4900 5259 5455 5547 5910 6183 6886 7035 7295 7626 7780 7795 7835 7836 7975 8401 8504 8549 8563 8738 8854 8867 8949 8972 9060 9093 9163 9166 9326 9381 9388 9508 9519 9590 9625 9632 9638 9661 9666 9667 9714 9717 9783 9799 9814 9820 9843 9860 9874 9878 9895 9896 9906 9907 9941 9970 9979 9987 10003 10011 10032 10033 10054 10059 10061 10091 10120 10147 10158 10181 10182 10183 10184 10197 10198 10201 10227 10255 10347 10367 10386 10413 10416 10417 10420 10425 10426 10428 10519 10646 10661 10664 10672 10746 10747 10819 10838 10861 10869 10926 10963 11030 11067 11139 11143 11271 11283 11300 11327 11398 11437 11503 11513 11539 11555 11585 11619 11769 11788 11798 12052 12291 12408 12416 12608 12610 12662 12665 12706 12718 12744 12767 12796 12858 12867 12985 13003 13030 13067 13186 13198 13207 13254 13341 13342 13344 13400 13529 13576 13614 13649 13722 13741 13742 13884 16822
1679 217 265 752 1361 1369 1382 2374 2775 2790 4295 4322 4492 4786 5002 5547 5644 5646 7202 7580 7641 9135 9345 9750 10752 10819 10986 11206 11348 11375 11687 11815 11975 12253 12392 12477 12525 12608 12805 12987 13392 13396 13599 13611 13629 13767 13914 14637 15889 16348 16396 16428 16980
1680 46 233 331 579 1388 1550 1784 1817 2133 2996 3524 3839 3992 4008 4886 5227 5930 6287 6687 7924 7993 9081 9684 11305 11401 12250 12316 12902 12903 14628 15007 15031 15324 16875 16985 17061
1681 159 2031 2897 3340 3701 3747 6777 13282 13485 14099 15565 15857 15885 16353 16408 16509 16655 16707 16762 16900
1682 7696 7739 9949 10623
1683 4203 4793 6087 6322 6385 6500 6931 6945 6993 8079
1684 210 286 683 3510 3550 3689 4030 4305 4356 4685 5078 5590 6067 6101 8351 8428 9301 9471 9632 9800 9895 9941 10075 10405 11168 11169 11171 12408
1685 1274 1426 5587 5999 13887 14481 14900
1686 2042 4753 6998 7593 7610 9578 10570 12483 14257 14618 15205 15917 15988 16059 16060 16083 16457 16562 16619 16762
1687 242 808 3395 3627 4211 4381 5867 6203 6399 7137 7710 7797 9712 9830 11831 11973 12634 12838 13314 13413 13630 13965 13978 14028 15389 15744 16859
1688 2821 4380 5830 8578 11495 15275 15531
1689 779 1367 2013 2836 2941 4950 5294 5318 6406
1690 305 4366 6327 6594 6804 7074 7093 10941 16261
1691 5822 6579 9917 11205 12336 13446 14823 16727 16790
1692 6575 7570 8077 16169
1693 241 798 2422 2538 2901 6787 7766 11421 12339 12470 12954 13749 14251 16275 16493
1694 49 145 327 683 2883 4218 4678 4691 4786 5376 5523 6422 6654 16396
1695 919 2028 2665 4351 7448 9234 16984
1696 816 3129 3695 11157 12330 13060 13314 13601 15914 15917 15988
1697 577 14315 14897 15857 15985 16240 16337
1698 342 3680 4985 5675 5897 6505 9383 12776
1699 106 133 177 203 249 453 609 621 664 1197 1246 1339 1579 2168 2301 2469 2560 2677 3488 3639 3799 3903 4193 4873 5318 5659 5729 6948 7646 7728 7923 8317 8426 8877 9429 9467 9552 9666 9744 10139 10854 11031 11034 11349 11599 11656 13273 13327 13604 13640 13660 14167 14637 15189 15564 15568 15790 15857 16048 16589 16946
1700 298 333 515 518 1698 2320 2597 3157 4008 4246 9397 9629 11620 13633 13884 13989 14928 15211 15492 15586 15920 16234 16517 16854
1701 3326 3340 3350 3637 3684 3695 3748 4009 4170 4266 4369 4839 4938 5493 5712 6424 8407 9612 10064 10093 11157 11190 11391 11541 11662 11973 12252 12338 14546 14853
1702 145 594 2553 2599 2768 3540 3824 4175 4181 4268 4293 4660 4715 4745 5009 5272 5689 5899 6110 6452 6531 6844 7147
1703 649 4338 5442 6924 9218 9234 9900 10325 11516 14237 15768 16494 16984
1704 441 659 1019 1142 1767 3590 5424 9298 9993 10315 12963 13507 14183
1705 129 2978 7175 7387 8280 15564 15795
1706 49 3175 4230 4244 5799 6654 6765 8069 9559 10542 10593 10779 10994 11349 11380 11423 11495 11496 11629 11630 11973 12067 12329 12346 12364 13111 16666 17086
1707 1379 2879 2888 3377 6559 7208 8647 8984 9596 9697 10077 10376 10517 15046 15319 16066
1708 216 219 734 2071 3338 4213 4217 4691 5735 5903 5990 6153 6653
1709 7844 9560 12145 12681 12783 12784 12879 13050 13064 13227 14176 15055 15090 15400
1710 26 238 668 1574 2869 3996 6433 6779 7889 8273 8445 8931 9045 9587 9682 9969 10223 10227 10439 10684 10717 10789 10854 10924 10939 11020 11088 11177 11212 11273 11274 11516 12328 12550 16541 16611 16685
1711 1190 3854 9341 13885 15153 15768 16348
1712 180 210 961 986 1678 1830 1985 2365 2688 3241 3275 3663 3733 3734 3769 4509 5620 5742 5900
1713 598 3135 4719 5349 5384 5449 6107 6444 6495 6940 7266 7323 7383 7728 8025 8629 8899 9265 9576 10282 10626 10729 11206 11537 12119 13029 13139 13178 13377 14301 14503 14531 14632 15780 16529
1714 12 21 26 75 78 86 116 129 183 186 197 215 298 309 331 431 451 521 571 588 708 763 860 922 969 1042 1178 1206 1224 1269 1279 1291 1349 1445 1454 1508 1511 1556 1591 1627 1710 1768 1813 1814 1873 1876 1953 2011 2071 2153 2166 2168 2182 2270 2324 2342 2354 2366 2401 2414 2469 2486 2505 2544 2587 2618 2655 2725 2727 2764 2781 2791 2821 2937 2962 3058 3061 3129 3324 3329 3337 3385 3397 3522 3636 3703 3718 3756 3769 3803 3829 3873 3902 3904 4044 4093 4188 4243 4244 4247 4256 4265 4277 4291 4302 4312 4380 4402 4504 4625 4786 4867 4874 4880 5090 5094 5120 5152 5517 5553 5574 5649 5799 5923 5998 6047 6128 6208 6619 6635 6834 6921 6954 7026 7053 7387 7400 7506 7842 8292 8329 8454 8731 8876 9043 9330 9428 9447 9475 9628 9629 9661 9688 9732 9743 9800 9807 9820 9863 10002 10156 10191 10227 10245 10406 10454 10593 10740 10758 10772 10786 10805 10873 10994 11237 11271 11276 11391 11421 11936 12052 12168 12339 12340 12360 12375 12436 12575 12685 12819 13057 13245 13277 13325 13417 13631 14541 15216 15624 15958 16396 16609 16668 16969
1715 737 3328 4349 6332 7358 7739 8255 9845 10406 11075 12310 14169 14299 14616 14708 15162 15675 15777 15867 16244 16395 17018
1716 264 1165 1178 1627 2490 3329 3627 3758 3829 4171 4243 4244 4281 5171 5351 5712 6045 6280 9475 16883
1717 2491 6618 7217 8407 10646 11496
1718 19 247 304 907 1035 1235 1308 1466 1559 1614 1627 1698 2203 2486 3564 3611 3901 3906 3942 3983 4066 4170 4171 4822 5171 5190 5238 5451 5671 5723 6939 7029 7194 7258 8322 8448 8507 8801 8865 9224 9264 9338 9719 10155 10156 11027 11424 12604 12815 16409 16791 16883
1719 238 1540 1541 1726 2905 3744 3771 3857 4340 4517 6370 8354 12520
1720 76 176 177 190 195 326 499 500 501 503 726 1050 1288 1307 2447 2701 2872 2882 3335 4208 4663 5007 5135 6263 6272 6668 7516 8232 8235 8854 9161 9271 10425 10646 14316
1721 3324 9625 11152 11685 11973 13230 13885 14341 14751 15556 15769 15795 16377
1722 502 607 1751 1956 2042 2139 2262 2320 2396 2855 3522 4009 4031 4116 4933 5396 5399 6757 7099 7728 8163 8179 8303 8648 8695 8945 9419 9626 9648 9681 9689 9788 9800 9801 10057 10888 11037 11395 11421 12476 12917 13314 13327 13525 13563 13621 13782 13807 13808 13885 14276 14316 14437 14462 14618 14773 14853 15005 15192 15716 16149 16270 16358 16668
1723 163 393 884 1169 3338 3340 3731 4093 4138 4418 4442 4823 5250 5282 5400 5438 5523 5569 5614 5722 6043 6687
1724 349 1955 5454 9223 10178
1725 1513 2385 2699 3092 3283 3509 3526 4362 6569 7257 9508 10306 10542 10558 10593 11376 11747 11788 12536 12996
1726 726 1392 2106 2425 2643 2843 2884 3443 4349 5662 6188 6643 7198 7807 8051 8053 8054 8905 9410 9979 10239 10406 10936 11105 11106 11320 11491 12472 12812 12882 14344 14359 14616 14928 15938 16300
1727 458 7768 8363 14635
1728 129 146 419 892 2597 4205 4555 5437 5555 7748 8156 15094
1729 48 163 181 278 326 1579 1593 2101 2102 2505 2809 2822 3125 3385 3397 3675 4034 4100 4402 4700 4795 5318 5799 5853 7033 7324 7547 7579 7728 7903 7998 8019 8206 8919 11380 11421 12121 12198 12376 13253 13599 13731 13837 15350 15667 16499 16501 16635
1730 149 327 507 601 1128 1540 1541 1896 2032 2454 2574 2912 2913 3096 3637 3807 3848 3969 4100 4302 4303 4361 4674 5288 5570 5989 6087 6181 6286 6590 6649 6831 6980 7550 9887 10178 10432 11739 13509 16368
1731 139 144 3068 3110 3202 3209 3288 3338 3684 3695 3697 3727 3741 3768 4230 5351 6765
1732 206 256 516 590 805 825 866 1090 1199 1354 1431 1508 1600 1692 1698 1773 1824 1899 1991 2136 2259 2526 2587 2678 2702 2778 2898 3058 3149 3185 3254 3324 3325 3690 3840 4081 4188 4189 4216 4231 4234 4244 4254 4258 4272 4319 4340 4360 4490 4533 4553 4606 4874 4989 5028 5231 5693 5988 6059 6071 6202 6236 6900 6907 6924 7049 7209 7547 7614 7638 7654 7670 7948 8399 8429 8440 8534 8554 8903 8948 8990 9086 9183 9346 9561 9565 9638 9644 9646 9796 9827 10037 10106 10155 10156 10228 10306 10317 10452 10659 10771 10777 10789 10821 10837 10893 10938 10977 11009 11030 11041 11088 11152 11167 11278 11354 11404 11496 11507 11625 11632 11652 11825 11891 11894 11905 11937 11948 12067 12203 12252 12318 12329 12338 12341 12358 12360 12388 12414 12451 12498 12536 12550 12558 12651 12654 12819 12923 12963 13106 13230 13277 13282 13314 13376 13529 13660 13676 13737 13815 13884 13885 14089 14136 14263 14637 14652 14708 14773 14783 14784 14805 14864 14888 14895 14996 15088 15260 15392 15393 15432 15467 15488 15579 15593 15669 15783 15885 16021 16083 16185 16224 16281 16327 16349 16350 16353 16387 16388 16432 16529 16596 16603 16655 16685 16727 16737 16762 16827 16842 16854 16955 17015 17079
1733 575 1317 1770 3326 4349 6187 6916 8303 8442 9970 10231 10771 10977 11168 11275 11421 11425 11432 11491 11516 11550 11620 11887 12067 12326 12338 12349 12354 12579 12608 13153 13307 13314 13413 13537 13674 13815 13894 14331 14616 14708 15441 16358
1734 101 207 256 393 507 601 694 1050 1315 1568 2119 3685 4432 4599 5939 6972 11219 11613 12318
1735 86 213 273 2020 3908 4789 6398 7303 8426 9262 10276 10828 11152 11685 12812 13363 13422 13803 14263 14341 14418 14584 14756 14757 14817 14832 15001 15002 15060 15164 15171 15285 15329 15787 16083 16087 16321 17095
1736 266 620 1291 1416 3737 3802 4090 6500 9425 9852 10541 11189 15077 15285 15533 16684
1737 1128 1387 4220 4398 5167 6203 9301 10822 16048 16342 16843
1738 647 1407 2627 4359 4558 4571 4645 6329 9831 10125
1739 2367 4170 4171 4187 4250 4260 4302 4597 4849 5032 5388 5487 5725 5905 6043 6663 6804 7806 9397 9884 10672 12780 13675 16409 16883
1740 22 184 256 647 671 1813 2101 2665 2725 3428 4182 6207 8778 11355 15042 16416
1741 2440 2836 3945 3954 3966 4552 6764 7724 9689 9973 10332 10783 11629 12343 13314 13457 14104 14216 14405 14632 15737 16330 16650
1742 1683 2308 3271 4285 4543 4968 8051 9970 10900 10994 11034 11399 11546 12184 13314 13473 14155 14263 14871 16257
1743 351 438 550 836 1144 1280 1614 2298 2490 2814 2879 3429 3924 4419 4713 4936 5698 7256 8659 8990 9136 9246 10043 10535 10992 11370 11651 11850 11963 12179 12639 12668 12998 13017 13025 13144 13710 13950 14452 14644 14902 15176 15244 15489 15596 16082 16110 16174 16235 16450 16876 17104
1744 71 95 100 234 241 2597 3798 7407 7667 8430 11070 11423 12359 12484 13282 13705 13913 15857 16353
1745 951 3657 3991 9638 11885 12653 12712 14223 15789 16252 16989
1746 233 462 2059 2703 2725 2882 3055 4454 4511 4595 5002 5644 5793 6535 6987 7278 7282 7389 7516 8082 8556 12191 13261 13392 13591 14098 14383 16330
1747 20 32 49 145 180 943 949 1087 1719 1922 2502 2836 2959 3015 3153 3158 3229 3230 3276 3306 3307 3537 3673 3695 3703 3733 3734 3741 4249 4265 4316 4333 4338 4401 4407 4412 4432 4552 4597 4602 4712 4776 4777 5118 5126 5253 5457 5642 5725 5832 5906 6268 6269 6312 6569 6654 7356 7998
1748 174 244 393 441 591 660 896 1169 1247 1319 1420 2342 2585 2863 2939 2954 3202 3209 3421 3724 4268 4447 4510 4626 4885 5059 5244 6463
1749 571 9434 14164 16479
1750 44 3324 3332 5337 6416 8090 8728 10153 10156 10228 10306 10770 10771 10789 10979 11215 11217 11415 11812 12608 12634 12714 13230 13496 13832 14545 14637 14792 14950 15263 15397 15783 16252 16256 16270
1751 744 1842 1843 3509 3678 4440 4589 5622 6148 6361 7994 8360 9406 12882
1752 32 124 239 437 1169 1197 1899 2656 3090 3114 3293 3314 3547 3608 3685 3701 3714 4092 4173 4214 4244 4271 4281 4302 4317 4402 4444 4734 4912 5629 5781 5885 5901 5924 5945 6003 6004 6498 6777 7790 7791 7853 7893 7973 8557 8568 8597 8854 9056 9397 9626 9706 9800 9807 9840 9871 10780 13621 16668 16703
1753 507 1344 1835 2714 3477 3978 4082 4186 4739 4774 4798 4949 5009 5016 5017 5070 5241 5621 6230
1754 3254 5553 11571 11948 12067 12343 12869 13271 13730 14384 14611 16377
1755 40 48 58 82 97 181 328 349 509 567 673 688 694 715 937 1027 1208 1415 1434 1544 1709 2014 2201 2243 2259 2322 2502 2519 2601 2647 2759 2916 2948 3015 3205 3231 3412 3421 3540 3673 3707 3733 3734 4143 4153 4304 4348 4447 4597 4643 4666 4681 4721 4758 4772 5138 5392 5439 5457 6009 6331 6511 6530 6756 7533 7547 7737 7916 8525 8570 8854 9397 9411 9800 9892 10106 10107 10151 10152 10160 10212 10328 10428 10696 10721 10999 11482 11501 11562 11617 11620 12038 12474 12517 12696 12922 13042 13233 13509 13567 13824 15104 15394 15781 16271 16668
1756 112 161 405 519 691 731 1209 1267 1303 2272 2488 3316 3553 4891 5086 5578
1757 3569 8389 8415 8446 9708 10221 11212 11277 11497 12760 13472 13822 14571 14615 14627 14701 15566 15688 15733 15838 15931
1758 193 459 516 965 1991 4447 8281 8357 10083 10753 10819 11028 11264 12468 13084 13154 13338 13647 13671 14018 14242 14616 14792 14984 15398 15680 15756 16048 16061 16148 16187 16193 16194 17077
1759 579 1503 4132 9395 11543
1760 2028 4875 5722 5783 5836 6510 6859 7174 7243 8936 9816 11854 12096
1761 106 4189 10778 11234 11326 11425
1762 713 989 5266 5679 6046 6890 7015 7537 7703 7886 8094 8103 8955 8956 9204 10076 10137 10142 10394 11001 11046 11380 11474 11827 11969 12042 12126 12252 12376 13261 13355 13397 13439 13582 13769 13771 14094 14095 14418 14584 14751 15338 16330
1763 264 280 588 1614 2056 2137 2257 2363 2560 2661 2707 3065 3085 3086 3198 3608 3746 3747 3803 4206 4212 4504 4509 4630 4703 4786 5050 5277 6063 16396
1764 1362 3331 4387 5158 8778 9121 9468 11207 11397 12020 12106 12359 12468 13396 13412 13654 14261 14264 14389 15183 15199
1765 4574 10294 11565 11688 12126 12876 13446 15307
1766 156 166 169 175 247 676 708 825 866 867 880 971 1210 1267 1281 1454 1569 1710 1725 1738 1937 2140 2141 2189 2273 2310 2635 2636 2637 2657 2741 2809 2820 2828 3000 3005 3080 3267 3322 3324 3333 3336 3337 3338 3339 3340 3363 3368 3563 3765 3783 3829 3989 4138 4162 4187 4198 4244 4250 4252 4266 4276 4281 4302 4305 4319 4332 4367 4381 4387 4418 4490 4492 4623 4688 4720 4823 4825 4963 4970 4982 5015 5094 5124 5144 5276 5347 5402 5496 5503 5516 5577 5593 5663 5738 5799 5818 5847 5936 5963 6047 6077 6127 6149 6159 6190 6283 6286 6376 6395 6408 6467 6512 6534 6592 6619 6769 6809 6834 6933 6951 6954 7061 7069 7111 7122 7288 7507 7656 7755 7771 7772 7823 7843 7873 7881 7882 8052 8101 8115 8130 8216 8328 8419 8423 8758 9000 9093 9163 9329 9457 9475 9508 9552 9553 9554 9565 9633 9801 9847 9884 10017 10156 10201 10312 10377 10421 10487 10527 10757 10854 11029 11030 11048 11053 11059 11165 11167 11496 11506 11561 11630 11644 11822 11921 11925 12052 12168 12224 12338 12361 12444 12488 13230 13259 13639 13885 14041 14348 14375 14383 14398 14645 14662 14719 14872 14937 15213 15237 15246 15372 15399 15434 15473 15768 15914 15917 15931 15988 16097 16270 16305 16375 16702 16703 16822 16902 17049 17082
1767 119 528 1527 3803 4835 6594 6971 8854 9256 11849 12220 13892 14853 14897 15574 15685 15743 15857 17051
1768 139 174 249 394 551 721 1012 1048 1075 1196 1844 2671 3421 3426 4217 5308 5694 7499 8354 10642 10846 10893 12544 15870
1769 130 239 331 1579 1609 1949 2338 3113 3186 4264 4395 4849 8573 9151 10240 10833 11536 11630 11687 11733 12351 12362 12376 12475 12592 12819 13075 14315 14331 14698 14708 14744 14815
1770 176 246 247 2898 3063 4922 4963 5738 6312 8035 8235 9363 9847 11428 11685 11724 12411 12463 14945 16865
1771 106 3397 3589 4280 7910 8439 8678 9695 11888 12305 12373 12376 13396 13640 14881 15065 15263
1772 12408 12996 13314 15795 15914 15917 15988 16979 16984
1773 102 2778 3202 3209 4371 5032 5192 8902 9794 10155 10158
1774 215 216 298 331 394 453 634 788 860 2221 2222 2321 2362 2526 2883 4250 4370 4371 4862 4997 5351 5445 6466 8498 8510 8511 10155 10156
1775 20 210 348 527 538 551 571 634 720 735 970 971 976 996 1002 1012 1051 1053 1072 1368 1380 1486 1639 1842 2030 2196 2390 2615 2618 3010 3014 3106 3169 3396 3490 3538 3592 3631 3875 4357 4400 5622 5642 5876 7415 7511 8233 8705 9059 9807 10224 11380 11887 11909 12376 13090 13644 15196 15718 15893 16186 16296
1776 2901 3322 6812 8345 13283 14223 15153 16281 16822
1777 24 97 178 190 1698 1868 2169 2400 3103 3324 3337 3338 3773 4216 4265 4681 5471 6068 6150 7610 8143 8423 8702 8809 9075 9144 9279 9556 9631 9800 9888 10005 10093 10156 10530 10550 10803 10893 10924 11151 11168 11217 11327 11515 11607 11618 11812 12071 12112 12332 12358 12359 12376 12403 12439 12475 12579 12855 12995 13069 13334 13682 13812 14038 14099 14276 14637 14658 15326 15873 16028 16048 16397 16563 16577 16668 16734
1778 1029 1543 3731 4218 4260 4302 4460 5439 6797 7010 8305 9247 10064 10241 11592 12608 12816 13396 16857
1779 112 117 144 309 352 1928 2182 2212 2599 2618 2822 3125 3184 3242 3786
1780 55 88 159 240 264 322 327 342 497 503 582 731 796 825 1734 1736 1751 1770 1928 2041 2418 2419 2420 2421 2475 2490 2912 2913 3005 3042 3242 3482 3563 3608 4130 4254 4274 4302 4315 4347 4402 4639 4669 4670 4671 4709 4775 4786 4934 5063 5162 5358 5374 5547 5654 5696 5804 5852 6013 6203 6265 7079 7118 7341 7710 7797 7936 8650 8995 9125 9211 9280 10091 10423 10614 11124 13062 13222 14099 14279 14698 14710 15006 15207 15213 15234 15565 15718 15726 15812 15870 15935 16061 16162 16191 16197 16253 16300 16388 16396 16444 16539 16566 16762 16830 16926 16953 17095
1781 593 2168 2469 4100 7091 7767 7962 10122 10538 11116
1782 4198 4350 4374 5693 5744 6381 6483 6518 6579 7475 7592 9814 11414 13443
1783 2729 4297 4863 4966 5176 6711 7064 7691 8751 11851
1784 21 156 163 167 175 176 298 507 676 866 867 898 1454 1710 1781 1953 2265 2307 2634 2742 2927 3035 3080 3339 3341 3695 4399 4966 4976 5272 5717 5963 6087 6103 6500 6728 6730 7393 7411 7921 8215 8235 8469 8614 9425 9684 9900 10608 12794 16275 16377 16998
1785 697 784 1725 2571 5174 7145 10044 15666 16675 16736
1786 32 112 177 1191 4074 4079 4186 5441 5547 6055 6690 6910 7150 7530 7557 7598 7700 8004 8032 8290 8545 8694 8957 8963 9153 9371 9479 9599 9850 10076 10715 10917 10967 11123 11168 11436 11747 12042 12576 12854 13021 15171 15488 16200 16228 16926
1787 102 288 460 598 914 1475 1770 2977 4237 4285 5991 6729 7455 7607 7725 8120 10214
1788 28 49 77 126 176 1027 2015 2322 2823 3480 3680 3692 4157 4258 4330 4733 5367 5968 6654 6704 7554 8090 8151 8167 8235 9558 10086 12933 13409 15356 16161 16667
1789 1454 2182 2461 2634 3747 4305 4347 5093 5577
1790 5606 6457 8345 9686 15384
1791 7 241 264 376 1454 1773 1838 1903 2116 3585 4456 4740 4913 5122 5918 7728 8354 11070 12408 12944 13661 13856 15474 15783 15885 16655 16669 16919
1792 70 176 967 1727 1830 1867 1989 2231 2367 2454 2520 2737 2901 3223 3684 3690 3695 3758 3768 3778 3779 4004 4171 4184 4220 4293 4301 4302 4520 4521 4605 5009 5022 5049 5093 5171 5865 6272 6321 7044 7836 8235 8244 9558 9854 10188 10418 10918 13283 16667 17077
1793 502 1949 2790 3271 4172 4966 6791 9801 10583 10932 10941 11647 11777 13107 13413 13699 13913 14538 14802 15003 15014 15485 15566 16229 16270 16648
1794 3332 6175 6782 7273 7852 8878 9289 9851 10329 10334 10602 12327 13758 15215 16673
1795 579 1262 2111 2593 2822 3228 3294 3314 3782 3786 4149 4446 4486 4552 4567 4584 4603 4628 4893 4950 5005
1796 4407 4415 9801 12414 12649 13076 13314 13885 16270
1797 348 1573 1609 2151 3198 3719 4024 4334 4501 4601 4803 5259 5519 5581 13090
1798 106 156 167 179 572 588 622 633 863 1169 1298 1813 2594 2700 2752 3100 3104 3333 3437 3522 3608 3659 3746 3967 4370 4393 4504 4830 4912 5147 5574 5799 5830 6257 6303 6312 7361 7790 7791 8036 8175 8367 8578 8597 9108 9442 9445 9500 9674 9687 9690 9759 9773 9788 10140 10194 10230 10240 10354 10439 10593 10674 10720 10833 11230 11423 11491 11494 11619 11662 11687 11973 12065 12252 12338 12343 12344 12350 12428 12623 12819 13082 13230 13282 13314 13600 13815 14616 15363 15474 16230 16353 16858 16900 16972
1799 310 2900 3684 3773 4093 4170 4171 4509 4567 4612 4655 4711 5282 6054 16409 16883
1800 3132 3336 3527 3633 4173 4757 4998 5295 5649 5707 5931 5980 6000 6208 6456 7380
1801 1000 1485 2465 3581 7994 8080 8384 9024 13214 14525
1802 678 2140 3605 4755 5420 10773 13365 13617 15226 16336
1803 4044 5311 6599 8382 9734 9735 11113 12525 15458
1804 1780 5742 6760 7336 9668 10026 17017
1805 949 1601 2227 3101 3152 4128 5157 7206 7833 8386 8774 10268 11071 11349 11916 12343 12350 12428 12440 12511 12623 13282 13409 14098 14265 14854 15038 15316 15857 15952 16028 16152 16234 16348 16353 16419 16459 16587 16593 16707 16854 16973
1806 169 982 1814 3897 5371 10155 12004
1807 88 288 519 670 1835 1893 2042 2773 2977 3076 3396 3512 3933 4516 4657 4794 4891 5046 5086 5573 5578 6320 6347 6697 6847 6904 7076 7254 7330 9448 10263 10326 11394 11530 11697 12278 12279 12280 12281 12282 12580 12961 14547 16177 16249
1808 3335 3688 3760 4218 4219 4368 4402 5082 5164 5825 6215 6298 6646 6879 7565 8525 8614 8648 8729 8790 9040 10093 10558 10873 10918 10969 10977 11079 11088 11157 11397
1809 189 508 1236 1683 1791 2454 2527 2561 2764 2973 2998 3257 3293 3685 4253 4796 5177 6814 8241 8858 9985 10144 10360 10546 11424 11536 11869 11891 12012 12042 13515 14698 14782 14996 15564 15857 15862 15885 15948 16762
1810 197 2086 2161 2994 3425 3766 4149 4175 4674 4715 4745 4993 5098 5388
1811 19 496 1719 1770 1850 2948 13188 13991
1812 1253 2798 2945 4755 4756 5406 7109 7427 7674 8251 8701 9454 9552 10296 11034 11730
1813 2256 3978 4530 4739 5164 5825 6350 7055 9917
1814 1206 2486 2739 3193 4410 10900 15056
1815 1609 2457 7187 9974 12567 13604 14566 15198 15647
1816 233 235 558 1382 1496 1750 2219 2317 2401 2665 2903 2973 4440 4717 5894 6231 6588 7667 7962 8136 8614 9737 9738 11116 11157 12793
1817 813 1415 1470 2998 3007 3707 3708 5133 5715 7469 11294 13726 15124 15631 15943 16909
1818 447 5164 5825 10632 10949 11252 11967 14928 15768 15866 17070
1819 549 935 2533 2807 3068 3707 3711 3969 4280 5231 5241 5325 8088 9922 11620 11624 12819 15220
1820 82 134 939 1199 3079 3161 4165 4208 4603 5135 8125 8266 8760 8955 8956 9204 9718 9853 10076 10149 10235 10805 11046 11505 11516 11891 12356 15185
1821 4617 7364 8494 12548 12550 15733
1822 3327 6462 7438 9629 10952 11165 11731 12506 14284 14616 14751 14980 15019 15024 15586 15820
1823 44 1128 1749 2641 3337 3338 3397 3690 3758 3829 4062 4113 4164 4244 4249 4250 4294 4802 4966 5393 5396 5725 5845 5906 6085 6220 6803 6993 8090 9475 9574 9660 17076
1824 994 1161 1739 1842 2719 2803 3591 4089 5560 5622 5644 6181 6208 6454 6523 6984 7185 7925 8084 8626 9132 9155 9344 9465 9733 9758 10046 10344 10352 10618 11676 11786 11836 11959 12133 12137 12907 13300 13549
1825 139 1091 2814 3107 3229 3294 3709 3748 3943 3954 4052 4216 6777 8303 8866 9508 11291 16358 17017
1826 298 507 2432 3327 3330 3807 6093 8206 9626 11394 11920 12068 12287 13484 13621 14029 14345 14570 16343 16876
1827 179 1933 4150 4722 6948 9628 11491 13058 13230 13640
1828 174 177 178 1037 1196 2000 3150 3175 3229 3294 3382 3684 3688 3730 3768 4010 4138 4164 4174 4470 4514 4603 4614 6174
1829 48 195 3781 4123 4165 4703 5067 5619 6527 7015 7586 8919 10600 12573 13075 13956
1830 453 542 1131 1290 1446 1770 1891 2264 2657 3144 3339 3535 3730 4555 4683 4772 5567 6340 6397 6681 6766 6919 7131 8406 8958 9234 9684 10097 10136 11334 11510 11620 12059 12194 12234 13509 13946 15768 15914 15917 15988 16984 17081
1831 24 53 588 3701 3738 4504 4734 4786 6257 6777 11157 12343 12355 15968 16396
1832 241 812 1199 1366 1698 1700 1868 3333 4216 4813 4818 6695 7547 9285 9321 9631 9800 10832 10947 12360 12579 12608 12651 13277 14038 14384 14637 15153 15529 16253 16296 16668 16854 17095
1833 4 2140 2308 3591 8102 10155 10778 11550 11703 13397 14940 15195 15845 15914 15917
1834 88 1968 2095 8255 9108 9779 10542 12475 13533 13631 13829 14382 14708 15556 15885 16396
1835 1806 2451 3096 6690 6980 8515 8961 9734
1836 106 156 176 215 236 327 542 590 788 989 1246 1614 1727 1985 2308 2401 3488 4093 4465 4786 6332 6613 7724 8216 8235 8536 9234 10136 10199 11168 11747 12000 12596 13396 13600 16377 16396 16984
1837 507 728 3637 5373 8262 8290 9612 10156 11629 12067 12353 12819 13230 14108 14751 15209 15768 15973
1838 1751 1847 4402 9041 9164 10152 10542 10945 11391 11423 11491 11507 12590 16579
1839 88 1178 1394 2324 2525 10013 11429
1840 88 782 1050 1178 1464 2050 2276 7610 8685 10542
1841 1789 5721 6901 8026 10180 11423 11754 11780 12077 12396 12718 13186 14524
1842 788 858 2618 4281 5179 6402 6493 7126 7945 8290 9804 10565 10725 10906 11031 11126 11576 11721 11925 12097 12098 12751 12839 13671 13675 14186 14662 15818 16145 16703 16903 17084
1843 169 304 1090 1271 2306 2415 2459 2563 3733 3734 3884 5404 5702 6237 6653 6835 8503 8591 8655 8891 9341 10752 13133 15863
1844 351 405 1244 2465 3100 3303 3933 5859 6944 8041 8842 9194 9529 9994 10145 10348 10640 11263 11454 11687 12130 12314 12430 12685 15165 15166 15167 15301
1845 3257 5574 11591 12983 13293 13716 14923 16010 16033 16239 16313 16993
1846 2255 4397 5498 6253 9848 10286 11481
1847 298 2912 2913 3329 4265 9970 11254 15006
1848 913 2031 12360 13277 14818 15552 15768 16021 16909
1849 523 1096 1380 3631 9093 9314
1850 24 58 89 197 437 737 866 1280 1354 1375 1524 1620 1680 1772 1838 2371 2626 3337 3341 3342 3536 3741 3769 3821 3969 4113 4166 4578 4672 4704 4829 5229 5614 5785 7022 7658 8398 8509 9004 9688 9845 10018 10902 11973 12338 12364 13111 13230 13235 13306 13309 13413 13488 14099 14237 14382 14457 14637 14751 14940 15524 15603 15783 15795 16187 16275 16375 16432 16734 16846
1851 600 1091 1751 3304 3329 3341 3773 3865 4305 4401 4747 5028 5159 7876 8423 9020 9093 9163 9164 9234 9646 9819 10599 10778 11619 16984
1852 48 189 195 1522 2512 2857 4796 8235
1853 74 95 197 441 460 526 660 670 671 695 812 1281 1443 1476 1526 1609 1890 1951 2124 2554 2597 2842 3081 3169 3326 3486 3853 4888 5574 5931 6849 7006 7356 7670 9037 10632 10786 11166 11234 11499 11662 12067 12068 13605 13762 14896 14940 15284 15857 16353
1854 151 175 181 298 505 519 867 1279 1503 2042 2072 2141 2454 2538 2571 2742 2790 2912 2913 3077 3338 3341 3522 3579 3703 3769 4702 4860 5799 5963 6750 6993 7096 7119 7606 8348 8975 9125 9559 10538 10783 11797 12039 12150 12267 12378 12961 13189 13227 13308 13426 13604 14057 14439 14560 14863 15153 15768 15771 15942 16133 16275 16372 16454 16548 16600 16666 16790
1855 861 2256 3005 3563 4143 4186 4633 7598 7610 9278 11152 13604 14341 14772 15252 15356 16519
1856 3385 5761 7612 8223 11395 12347 12819 12963 13386 13660 13815 15215 16348
1857 604 2944 3429 8262 8902 8934 12260 12347 15187 15713 16215 16220 16377 16611 17051
1858 519 9223 11220 11487 11867 12350 12436 13568
1859 179 811 944 1041 1149 3001 6945 7728 8226 8854 9385 9846 10075 10539 10819 10912 11076 11432 11507 11546 12391 12474 12498 12737 13635 14518 16177
1860 44 181 321 367 437 1318 2769 2901 2912 2913 4274 4477 5250 5725 5906
1861 145 153 1383 2365 3310 3613 4303 5376 5563 5910 6031 8069 9212 10542 10672 11863 15876 16608
1862 3684 4170 4361 5553 9891 10432 10542 10673 15053 16368
1863 860 1837 2306 2459 2527 4459 5226 5416 8229 8631 9401 17088
1864 3326 3407 5504 6472 7315 7317 8195 8206 10377 10805 11217 12342 12364 13003 13106 13111
1865 368 719 1097 7022 11220 11732 12805 13308 14545 16790
1866 166 288 307 743 831 982 1531 1710 1738 1845 2451 3411 3473 3612 3783 3888 3992 4404 6162 6702 10939
1867 1259 3001 3512 6060 8223 10217
1868 265 443 1601 2320 3257 3945 6263 6993 8502 10228 13137 13314 15153 16064 16900
1869 44 882 2912 2913 3151 3684 3747 4100 4170 4171 5009 5282 7428 16409 16883
1870 1942 2020 2828 2864 3407 3550 9625 10020 11948 12924 12947 13817 14153 14252 16482 16685 16836
1871 3664 3665 3966 4184 4863 5235 6796 8019 9696 10710 10956 11166 11178 12319 13409 13832 14270
1872 2349 2350 2454 4296 4298 7682 8142 8187 9914 9951 10771 11758 14395 14838 15895
1873 238 264 1248 1260 1267 2277 2682 2883 2940 3060 3780 4189 4217 4828 4889 6138 6651 6954 7531 7681 8170 8244 9125 9843 10156 10418 10601 10676 10816 11393 12391 13509 13810 14677
1874 4789 7844 12756 13654 13781 15001 15002 15247 16039 16339 17109
1875 5975 7092 7810 8272 8318 8421 8989 9547 9678 10789 10871 12864 16744
1876 242 306 1228 2449 2450 2995 3149 3316 4051 5084 6386 7903 9679 10129 13513 16734
1877 85 638 871 982 1420 1933 2437 3071 3089 4150 4462 5226 5848 6626 6790 6884 8787 10298 10819 12029 12244 12643 13260 13412 13481 13628
1878 3108 8130 9717 11106 16313 16674
1879 331 3339 3688 4313 4639 5327 7029 7749 8206 8429 9125 9136 9247 9449 9556 10330 10542 10600 10784 11088 11168 11171 12376 16377 17089
1880 71 145 594 660 756 1094 1196 1556 2075 2728 2986 3040 3773 3846 3976 4143 4536 4606 4813 4849 5363 5772 6906 7128 7171 7377 8088 9435 11396 11414 11616 12408 12933 13443 13556 13565 13673 13824 14697 15332 15817 16360
1881 21 139 175 180 241 247 326 1804 1836 1953 2491 2791 2996 3608 3687 3852 5799 9267
1882 1854 2902 5887 9355 9628 10086
1883 147 6962 9070 10365 10810 11167 11687 11963 12209 12443 13205 14570 15221
1884 47 54 156 157 164 166 167 241 429 622 676 677 679 681 767 1063 1115 1167 1206 1279 1429 1454 1582 1593 1627 1680 1698 1716 1741 1837 1937 1999 2004 2022 2189 2190 2264 2305 2369 2370 2371 2381 2442 2518 2552 2568 2626 2631 2632 2634 2657 2658 2742 2743 2765 2786 2909 2995 3000 3035 3077 3078 3080 3172 3266 3267 3284 3291 3339 3407 3471 3513 3545 3558 3567 3669 3698 3708 3709 3714 3739 3751 3780 3821 3826 3836 3860 3941 3952 3972 4020 4039 4042 4062 4166 4180 4209 4211 4216 4226 4240 4241 4270 4273 4276 4278 4279 4308 4369 4381 4388 4416 4483 4535 4569 4609 4667 4668 4741 4757 4759 4867 4869 4871 4887 4906 4938 4959 4989 5053 5084 5090 5123 5159 5262 5285 5292 5543 5607 5638 5815 5855 5856 5916 6037 6046 6123 6179 6211 6303 6361 6545 6563 6695 6962 7122 7373 7552 7638 7919 7963 8398 8492 8679 8834 9215 9336 9508 9684 9925 10617 10811 11066 12019 12569 16275 16300 16998
1885 1728 3447 3695 4428 5079 5435 7989 8525 8854 9234 9801 9892 10228 10784 11425 11468 11488 11620 11948 11973 12123 12252 12360 12364 12819 12829 13111 13230 13233 13277 13314 13488 13788 13837 13885 13960 14332 14382 14545 15187 15224 15626 15914 15917 15945 15968 15988 16270 16984
1886 383 1470 1943 4875 5640 6767 6937 7867 8406 10798 11983 13211 14302 14416 14807 14808 15350 15548 15828
1887 8126 8565 8947 10462 10550 12087 14451 15163
1888 173 260 2369 2833 3722 3803 4435 6258 7793 9565 9962 10130 10557 11348 11399 11537 11622 11905
1889 1209 1907 2143 9970 10076
1890 331 2078 2634 3744 4678 10616 10816 10900 11345 12357 12408 12723 14340 14616 15756
1891 2334 6426 6807 6933 7024 7714 8002 8056 9369 13097 14937 15237
1892 3326 9783 9928 12267 12954 13220 13509 13907 14264 14637 16389
1893 1217 1664 1991 2168 2469 3699 4303 11314 11891 12020 13264 13976
1894 69 1091 1388 3337 3489 4948 6807 7308 7372 9096 9891
1895 1664 1818 6391 6441 6922 7028 7627 7992 8113 8179 8495 8887 8945 9252 9524 9890 10043 10044 10370 10535 11120 11290 11578 11854 11963 12179 12525 12812 13048 14216 14344 14413 15213 15532 16167 16558
1896 366 502 4401 4552 7195 9970 10990 13314 14683 15533 15739 15768
1897 4719 12143 13794 14238 14673 14846 14971 15719 16105
1898 3324 4838 9629 10219 11219 11629 11973 13224 13869 13884 14216 14382 14398 14751 14896 15112 15579 16224
1899 462 2290 2531 3099 4130 4717 14279 15263
1900 966 1128 1698 3102 3107 4091 4260 4379 5264 5545
1901 664 3639 5808 11376 12414
1902 322 1274 4709 4934 5374 5441 6055 6113 6306 6612 6706 6895 7306 7454 7639 7842 8142 8329 8383 8778 8876 9434 9741 9743 9881 10087 10245 11171 11353 12027 12149 12968 13246 13249 13349 13358 13571 13684 13769 14167 16759
1903 676 1710 1868 2070 2360 2742 3320 8020 9213 9631 10076 10212 10583 11342 12042 12043 12466 12576 13000 13721 16275
1904 31 167 681 1454 1457 1942 2189 2381 2413 2634 3285 4818 7374 7739 7899 9508 11945 12136 16059 16060 16457 16562 16619
1905 3747 4254 6173 7017 7371 9234 10413 10653 11155 13654 15595 15914 15917 16984
1906 3747 3914 5899 7453 8290 8718 11428 15192 16382
1907 27 194 323 421 460 507 647 717 738 806 1303 1508 1770 1978 2321 2497 2629 4043 5330 6281 6579 7298 7471 8429 8854 9103 10854
1908 108 193 194 691 966 2587 3750 4291 4317 4879 5247 5998 7861 10602 11550 11711 11743 11958 12322 12347 12475 12601 12917 13283 14708 14928 14990 15212 15307 15400 15539 15627 15967 16031 16070 16519 16531 16589 16631 16665
1909 3550 6373 7241 8634 9209 10198 12824 13049 13514 13570 14012 14479 14480 15230 15626 16352
1910 803 2014 2404 4472 13435
1911 560 728 1769 2527 3861 3869 4198 6159 6584 6592 9875 10178 10889 11206 12215 12589 13083 13841 14183 14527 14764
1912 97 714 785 890 1920 4069 9759
1913 9 1526 2622 2742 3091 3535 3822 3847 4694 4909 7318 7651 8147 8551 9122 10111 10226 11193 11839 11948 12441 12477 12481 12512 12622 12884 13121 13126 13249 13449 13581 13650 14167 14313 14347 15327 16158 16199 16275 16352 16438 16447 16692 16726 16924
1914 1283 1358 2026 3803 4217 6556 7391 8178 8486 14985
1915 516 3068 3091 3748 4034 7998 8327 10153 12026
1916 215 241 247 3366 3684 3733 3734 3789 4158 4161 4171 4216 4230 4232 4305 4606 4678 4702 4776 4777 4807 5009 5079 5088 5264 5493 5498 5517 5564 5681 6312 6765 9253 16409 16883
1917 869 2531 3395 4971 5091 5722 6218
1918 257 982 1426 3298 3399 4198 10366 12371 12759 13171 14013
1919 817 3068 4861 11044 12831 13113 13359 13897 14601 14698
1920 266 394 860 1710 2454 2457 3340 4217 6286 6889 6891 7536 9508 11189
1921 10640 11946 12248 12316 12360 13277 13537 13815
1922 6387 9855 10833 11656 14082 14607 15391 16960 17081 17104
1923 4 726 1332 1960 2541 6203 6399 7022 7890 9140
1924 4 36 58 87 89 93 146 166 173 174 199 236 272 281 309 328 331 339 411 454 503 507 510 523 524 557 588 635 649 655 676 680 687 728 739 835 859 863 866 874 882 886 969 1047 1169 1179 1182 1280 1294 1306 1318 1324 1349 1368 1380 1382 1402 1433 1441 1489 1511 1515 1524 1614 1636 1685 1719 1721 1764 1768 1777 1799 1830 1836 1903 1931 1939 1941 1966 2083 2093 2113 2129 2138 2140 2141 2198 2206 2231 2240 2291 2383 2384 2388 2451 2542 2691 2699 2725 2750 2793 2809 2853 2940 2967 2976 3009 3107 3133 3181 3278 3280 3297 3319 3320 3340 3387 3396 3421 3454 3505 3575 3616 3664 3665 3672 3684 3691 3699 3709 3752 3753 3773 3812 3871 3883 3954 3955 3966 3980 4093 4124 4125 4138 4161 4171 4176 4183 4184 4187 4188 4189 4192 4203 4218 4225 4249 4250 4254 4258 4260 4265 4291 4302 4305 4306 4312 4317 4318 4330 4347 4359 4361 4362 4364 4367 4372 4379 4381 4392 4460 4465 4504 4558 4578 4602 4612 4655 4664 4675 4678 4682 4709 4720 4734 4828 4834 4846 4861 4863 4876 4885 4891 4892 4946 4982 5005 5063 5065 5067 5072 5079 5083 5091 5097 5104 5107 5109 5124 5164 5187 5200 5235 5244 5245 5255 5264 5265 5282 5295 5317 5363 5405 5429 5449 5471 5487 5498 5536 5577 5586 5608 5642 5649 5725 5765 5780 5799 5807 5823 5825 5828 5831 5894 5906 5940 5982 5990 5998 6017 6034 6041 6052 6054 6067 6103 6119 6153 6154 6191 6256 6272 6298 6326 6356 6383 6386 6389 6411 6464 6486 6497 6522 6547 6593 6626 6695 6728 6737 6745 6755 6803 6804 6857 6897 6906 6908 6925 6945 6995 7044 7084 7111 7348 7536 7641 7647 7756 7954 8016 8037 8360 8428 8459 8891 9004 9108 9393 9470 9684 9708 9884 10773 10780 16368 17058
1925 441 826 989 1609 1710 1853 2569 2634 3212 8794 9508 11456
1926 5322 10825 13964 14695 14721 14838 15624
1927 44 93 254 310 327 426 507 509 787 1022 1026 1378 1379 1703 1742 1746 1904 2425 2672 2708 2800 2881 2950 3097 3140 3596 3620 3637 3978 4001 4185 4754 4786 4865 4875 4895 4976 4978 5088 5206 5224 5268 5304 5307 5442 5514 5523 5545 5594 5663 5675 5684 5717 5742 5767 5802 5827 5959 6218 6241 6284 6438 6525 6704 6938 7075 7091 7213 7277 7366 7409 7623 7832 7956 7972 8020 8023 8159 8205 8376 9247 9858 10608 11136 11572 11590 13027 13569 13948 14024 14237 14358 14579 14686 14865 15524 15607 15922 16264 16396 16399 16530 16842 16885 17001
1928 298 660 1896 1953 2241 3257 3718 4250 5433 5814 5977 6248 6557 6615 6779 6928 7992 9169 9262 9609 10069 10640 11088 11417 11720 11948 11989 12288 12451 12476 12535 12646 12653 12679 12728 12976 13137 13248 13547 14224 14275 14331 14690 14715 14819 14830 14831 14836 14929 14959 15490 16337 16394 16410 16440 16566 16709 16856 16893 16906 16941 17037 17109
1929 263 3807 6356 6595 7361 7775 8327
1930 929 1554 1979 3205 4838 5996 15601 15857 16272 16348 16388 16762 17104
1931 909 5504 7977 8799 10130 10279 10314 12751 14186 14258 14290 15818
1932 819 1932 2998 4421 4961 11081 13728 14762 15212 15840 16186
1933 177 2861 3608 6543 9917 13224 13600 14704 15411 15681 15914 15917 15988 16135 16529 16762 16786 16854 16909
1934 228 1986 2973 3323 4236 6803 7088 7345 7374 7529 7656 7771 8400 8814 8925 9555 10298 11265 11644 12236 12303 12702 12911 13053 13212 13391 13481 13511 13622 14155 14426 14661 14833 14962 15077 15146 15177 15212 15327 15350 15379 15488 15495 15521 15527 15570 15571 15681 15778 16252 16328 16604 16639 16891 16946 16969 16970 17005 17015 17016
1935 116 156 2529 3025 3182 3768 5058 11234 14538
1936 218 238 598 5351 9508 9800 11168 12073 12969 13829 15530 16668
1937 183 236 540 891 1227 1593 2017 2134 2827 3434 7042 8102 9151 9255 10773 11428 11724 12242 12245 12362 13427 13428 16797
1938 1216 2451 6370 8293 8354
1939 64 175 1729 2271 4192 5481 5696 5816 5926 6588 7246 7667 12378
1940 3293 6935 7559 9469 11171 12785 14612
1941 1383 2537 3748 4786 7211 15163 16396
1942 508 1128 4288 4291 4317 5998 6356 7808 8051 9298 10691 12446
1943 142 582 2360 9605 10854 11376 11504 11891 12055 12516 14915
1944 310 866 867 1692 2232 2425 2553 2560 3138 3317 3322 3323 3325 3329 3339 3637 3690 3773 4333 4371 4384 4389 4518 5006 5509 5553 5555 5634 5963 6435 6472 6473 6686 6733 6734 6754 6803 6856 6900 7200 7284 7348 7510 7547 7626 7836 7901 7983 7991 8469 8498 9104 9234 9248 9286 9315 9326 9558 9592 9633 9689 9830 9860 9989 10147 10155 10158 10213 10330 10593 10647 10715 10747 10779 10837 10901 10951 10952 10982 11034 11167 11221 11271 11342 11393 11476 11625 12291 12353 12403 12405 12731 12772 13165 13230 13233 13314 13474 13676 13694 13776 13780 13825 13869 13942 14077 14216 14605 14637 14724 14940 15556 15795 15885 15914 15917 15988 16008 16021 16413 16419 16471 16579 16667 16734 16822 16836 16900 16944 16969 16984 17032
1945 1700 6502 6658 6956 6958 7391 9314 11936 13631
1946 3161 3366 4183 11001
1947 176 177 178 180 194 195 213 247 575 588 639 659 669 708 787 863 1036 1601 2457 2505 2665 2700 2916 2973 3114 3590 3591 3636 3689 3695 4217 4218 4318 4379 4402 4504 4721 5493 5553 6588 6766 7610 7613 7667 7728 8235 8290 8311 9047 9800 10157 10158 10715 11168 11216 11516 11562 11700 11747 12819 13233 13522 13872 13989 14264 14382 16668 16762 16854 16873
1948 1020 1876 2939 6606 10283 10823 11176 11264 12621 13096 13609 14875 15617 15680 15756 16286 16352
1949 6392 7209 7947 11168 12042 14543 14820
1950 634 962 1278 1382 1785 1846 1941 2400 3444 3501 3748 7673 9369 10772 11432 11871 12145 12659 12867
1951 196 1391 2296 2620 2944 3075 3104 3331 3824 3825 3857 3968 4375 4376 4535 5116 5355 5368 5693 5800 5939 5988 6249 6422 6555 6805 6927 7789 8592 8812 9373 9522 9686 9910 10320 10402 10538 10941 10969 11051 11285 11618 11647 11703 11777 11782 12135 12312 12331 12418 12616 12819 13325 13568 13599 15032 16181 16261
1952 1996 5087 6582 10740 13043
1953 3406 4093 4181 4312 5011 5316 5440 6054 6395
1954 1347 2002 3462 3656 10040 10752 13873
1955 176 177 726 1506 3772 4200 5063 5294 5533 5899 5926 5927 6076 6146 6354 6479 6493 7076 7187 7720 7724 8102 8235 8303 8316 8694 9164 10263 10574 11298 11607 11619 12096 12195 12524 12718 12812 13068 13102 13359 13396 13513 13685 13978 14132 14673 14865 16358
1956 31 40 48 51 89 112 139 159 247 259 775 1768 1770 1953 2414 2822 3096 3158 3202 3209 3334 3339 3493 3553 3731 4170 4171 4216 4258 4268 4288 4465 4774 5586 6980
1957 2257 3065 4206 9638 10659 11377 12359
1958 1095 3190 3747 6425 6938 9243 9473 9638 10387 11393 12138 13683 13815 13919
1959 112 156 163 1392 1948 2273 2641 2750 3939 4785 5178 5198 5227 5315 5731 6077 6283 6325 6692 8293 10305 10646 13003 15467
1960 134 163 169 436 467 603 896 1169 1282 1548 1601 1898 2123 2944 3287 3960 4265 5438 6378 6391 6393 7095 7111 7243 7287 7333 7656 7781 7808 7880 8029 8043 8100 8111 8416 8829 8887 9408 9931 10418 10472 10477 10493 11520 11963 12832 12957 13462 13511 14201 14566
1961 74 364 469 517 1366 1382 1526 1813 1821 2326 2613 2806 2821 3291 4444 4740 5799 7119 8965 9125 10635 13122 14255 16738 16837
1962 256 812 861 1165 3369 4799 4897 5582 6619 6921 6940 7219 7492 8249 8279 8889 9030 9673 9787 10257 10479 10569 11948 12104 12346 12939 13199 13485 14616 14864 14928 14950 15514
1963 1746 2213 2434 3666 5168 6788 12106 13221 14604 15667
1964 63 68 144 190 254 298 309 310 349 453 581 623 639 870 904 905 920 985 1059 1286 1321 1346 1385 1483 1521 1549 1617 1692 1699 1713 1729 1735 1830 1928 1992 1993 1994 1998 2005 2068 2087 2089 2142 2150 2214 2249 2250 2316 2332 2367 2441 2457 2549 2668 2670 2680 2784 2785 2826 3110 3300 3329 3582 3651 3744 3789 3898 3916 3923 4053 4138 4178 4234 4250 4254 4265 4293 4301 4302 4447 4509 4519 4567 4672 4678 4951 5078 5138 5215 5217 5231 5253 5272 5831 6227 6268 6269 6644 6725 6780 6803 6886 7475 9004 9253
1965 70 180 327 795 1046 1098 1764 1765 2085 2361 2700 2702 2811 3978 4422 4891 9485 10607 12521 12525 12709 13188 13772 14489
1966 7403 7776 11728 11864 12909
1967 670 860 1314 1529 2034 2225 2922 3251 3393 3655 3700 5112 5656 7413 8351 9306 9642 10158 10389 10546 11237 11255 11354 11395 11568 11865 12955 13222 13366 13393 13739 13903 13934 14373 15036 15520 15680 16025 16125 16478 16639 16643 16685 16797 16849 17017
1968 415 416 469 726 2479 3324 3327 3330 3481 4265 4321 4375 5172 5180 5316 6003 6004 6687 7553 9037 10093 10118 11103 11197 11349 11973 12091 13409 13565 13568 13841 14090 14255 14398 14791 14895 15564 15579 16224 16343 16910 16971
1969 3608 5282 6013 6463 7932 9561 10505 12320 12346 13661 16984
1970 1026 3257 3934 3945 4130 4395 5441 5696 6055 6229 6232 6925 7844 7936 10109 10198 10542 10583 11030 11306 11424 11921 12592 12795 12918 13157 13282 13334 13373 13381 13437 13815 13825 14195 14331 14382 14554 14611 14637 14660 14661 14744 14751 14792 14928 14931 15565 15707 15889 15946 15948 16048 16144 16275 16325 16326 16328 16333 16353 16434 16481 16627 16644 16814 16946 16957 16969 16972 17010 17019 17020 17101 17104 17107
1971 20 132 152 180 256 531 682 693 1219 1459 1926 2361 2590 2599 2822 2974 3021 3059 3229 3275 3294 3397 3458 3636 3689 3733 3734 3747 3773 3983 3998 4157 4258 4260 4272 4361 5061 5620 6071 8011 8290 8342 8498 8525 9285 9435 9499 9558 9563 9564 9638 9659 9848 9989 10130 10158 10432 10542 10838 10909 11168 12163 12536 12775 12776 16368 16667 17077
1972 130 203 715 1036 1080 1328 1533 2649 4199 5846 5954 7483 9505 9915 15714 16276 16489
1973 1503 2581 2691 2848 4291 5524 5998 13082 13207 14813 15150 15421
1974 26 2161 3142 4370 5311 5656 6796 8019 8760 10735 11545 11560 11913 12121 12323 13013 13492 14050 14868 15145 15215 15298 15314 15667 15705 15719 15817 15967 16031 16252 16348 16762
1975 178 2490 3697 3758 3829 4317 4363 4760 5619 7151 7313 8498 9058 9475 9661 9911 10967 11671 12608 12623 13235
1976 5370 8467 8601 11595
1977 2796 5613 5731 8878 13261 13509 15331 15814 16330 16397 16648 16900 16969
1978 17 1802 2376 5350 9119 11216 11682 12004 14102
1979 361 393 1062 1249 1810 2274 2289 2365 2933 3050 3058 3067 3186 3270 3340 3559 3675 3697 3733 3734 3768 3885 4146 4165 4173 4174 4233 4257 4268 4276 4277 4333 4338 4365 4393 4406 4514 4712 4730 4776 4777 4874 4957 4967 5101 5138 5282 5367 5404 5509 5523 5536 5586 5634 5784 5802 5830 5848 5986 6063 6067 6386 6993 7337 8789 9820 9826 10061 10432 10617 16368
1980 286 327 332 966 2257 2261 2746 2784 2857 3065 3125 3334 3340 3341 3738 3747 3757 4093 4138 4170 4171 4217 4258 4268 4295 4302 4318 4340 4361 4402 4678 4717 4786 4880 5067 5259 5264 5471 5696 5828 5829 5990 6071 6101 6119 6258 6272 6646 6803 6925 7046 7079 7348 7667 8290 8525 8919 9624 9989 10076 10152 10393 10432 10580 10600 10837 10870 11139 11168 11171 11275 11747 16368 16396 16409 16873 16883
1981 1180 2451 2895 2960 4739 5619 5683
1982 179 654 1574 2620 2838 3857 11100 11320 12035 13199
1983 847 1776 4329 4739 5070 6040 6676 8920 10353 13515 14259
1984 139 196 445 534 969 1070 1256 2064 2254 2361 2512 2904 3092 3155 3389 3597 3801 4034 4361 4578 4621 4622 4742 5035 5164 5203 5303 5444 5654 5765 5825 6201 6570 6958 7762 7782 7998 8011 8433 8458 8715 8792 9079 9301 9418 9499 9561 9606 9632 9638 9800 9822 9896 10003 10333 10428 10432 10542 10672 10692 10739 10842 10954 11014 11171 11256 11275 11286 11433 11858 12031 12359 12408 12843 13061 13557 13671 14886 15733 16368 16668
1985 520 717 1113 1304 1310 2497 3528 5172 5232 6861 7379 11707 14422
1986 107 483 546 590 634 911 1258 1300 1872 2697 2698 2898 3023 3701 4188 5002 5818 6047 6114 6134 6777 6834 7282 8136 8419 9176 9750 10466 10478 10758 11131 11245 11375 11527 12157 12932 13249 14167 14931 15131 15246 16438 16512 16913 16951
1987 589 1319 7888 8574 9131 11075 12106 12266
1988 26 47 50 106 112 120 128 139 156 168 174 181 189 241 253 278 287 288 332 580 606 677 696 770 831 1041 1047 1130 1131 1219 1225 1260 1271 1291 1628 1636 1715 1804 1816 1891 1951 1973 2095 2147 2181 2314 2427 2495 2563 2597 2621 2634 2679 2682 2778 2809 2883 2921 2975 3058 3060 3091 3158 3202 3209 3336 3363 3364 3489 3558 3633 3665 3691 3773 3786 3789 3852 3885 3934 4052 4062 4147 4151 4161 4173 4178 4217 4227 4229 4259 4268 4278 4292 4294 4317 4318 4347 4351 4353 4355 4363 4470 4490 4529 4603 4623 4665 4688 4692 4703 4720 4796 4805 4863 4873 4874 4893 4970 4982 4998 5022 5045 5068 5101 5124 5285 5295 5337 5347 5363 5423 5439 5459 5517 5565 5577 5631 5676 5678 5691 5694 5739 5799 5920 5980 6001 6005 6009 6077 6094 6100 6181 6191 6204 6225 6283 6295 6355 6386 6410 6463 6469 6475 6531 6624 6661 6675 6743 6744 6769 6781 6839 6844 6884 6997 7035 7061 7188 7206 7236 7237 7329 7347 7382 7448 7456 7478 7529 7579 7587 7588 7624 7663 7680 7823 7825 7873 7910 7973 8043 8080 8129 8130 8155 8234 8262 8282 8283 8416 8417 8428 8506 8617 8621 8691 8693 8699 8925 8952 9021 9063 9064 9066 9073 9075 9086 9092 9095 9166 9212 9334 9430 9489 9524 9655 9740 9814 9836 9925 9931 10038 10040 10045 10061 10095 10124 10154 10158 10182 10198 10220 10221 10396 10652 10654 10721 10955 10961 11169 11211 11242 11393 11745 11746 11747 11896 12004 12070 12112 12555 13374 13529 13567 13639 13640 13692 13746 13910 13936 13939 14021 14277 14283 14754 14875 14885 14888 14949 15009 15045 15234 15292 15870 15925 15954 15967 15994 16031 16144 16159 16226 16341 16563 16617 16652 16824 16873
1989 145 1857 2168 2365 2469 3175 3382 4175 4606 4898
1990 197 309 1680 2182 2594 2618 2626 3322 4387 4836 8423 9382 11436 11735 11783 13058 14181 14913 15359 16822
1991 89 177 507 927 1265 1804 2062 2440 2560 2791 2916 3101 3807 3852 4074 4265 4721 4806 5094 5282 5457 6595
1992 775 2468 3056 3288 3486 7728 13060 14357 14620 15790 15886 16252 16318 16544 17094
1993 36 371 472 479 503 696 700 745 883 894 898 1041 1122 1181 1192 1261 1337 1589 1609 1675 1688 1710 1771 1934 2139 2438 2648 2657 2963 3169 3203 3322 3341 3443 3820 3886 3887 4873 5185 5460 5587 5621 5730 5841 6157 6252 6600 6723 6768 6815 6849 6887 7039 7056 7102 7119 7162 7413 7423 7470 7487 7495 7880 8051 8905 9171 9234 9410 9484 9587 9829 9936 10096 10239 10631 10786 10936 11177 11335 11525 11619 12106 12823 13443 16182 16822 16984
1994 3754 4281 4642 5412 5482 7651 8842 10742 11080 11614 12211 12406 12931 13192 13856 15667 16703
1995 28 176 287 1857 3531 3549 5382 6253 8235 8396 9804 11262 12662 13055
1996 215 879 1759 2773 2963 3241 3663 4074
1997 139 177 196 249 592 1196 1199 1581 2041 2115 2130 2386 2766 2954 2995 3005 3042 3102 3114 3243 3397 3619 3697 3699 4034 7998
1998 82 3259 3781 3998 4666 11018 12067 12068 13282 14931 15565 16633
1999 3331 4066 5011 5747 7702 7836 7915 8899 9222 9551 9830 10213 10875 10952 11591 13011 13456 14347 14531 15350 15990 16357 16593 17033
2000 478 3146 4091 5912 7527 7605 11393 11484 14054 14264 14283 15689
2001 2665 3231 5341 5435 6757 9223 9866 15317 15337 15817
2002 317 1247 1563 6569 7141 8147 12122 16336 16348
2003 4320 5275 7040 7436 7460 12638 13617 13707
2004 6658 7391 8178 8420 8737 10075 11830 13881
2005 189 241 1344 3073 3684 3748 4796 5231
2006 390 391 655 1139 2071 3278 15571
2007 2738 3445 12359 14701 16609 16762 16882 16969 16972
2008 52 74 109 178 279 327 499 1829 1904 1928 2072 2249 2250 2495 2822 2901 3045 3107 3138 3175 3339 3513 3681 3702 3716 3784 3820 4093 4174 4234 4238 4248 4252 4258 4265 4272 4295 4302 4415 4567 4910 4966 5064 5082 5117 5231 5282 5383 5400 5435 5538 5725 5876 5906 6377 9315 13640
2009 140 324 1549 2591 2688 2853 2910 3043 3111 3138 3161 3205 3295 3582 3687 3696 3788 3976 4175 4213 4234 4239 4258 4277 4354 4362 4439 4567 4602 4621 4655 4678 4691 4768 4847 5037 5078 5153 5203 5245 5264 5303 5337 5388 5396 5508 5564 5711 5765 5831 5894 6017 6067 6124 6326 6343 6447 6547 6570 6653 6852 7001 7547 7723 7751 7762 8524 8785 8792 8900 9077 9079 9245 9315 9338 9499 9632 9677 9783 9799 9843 10016 10041 10190 10425 10507 10560 10584 10713 10714 10715 10868 10869 11158 11169 11392 11414 11443 11615 11747 12031 12160 12532 12536 12610 12808 13501 13534 13810 13966 14518 14625 14946 15797 16442
2010 407 697 803 1121 1600 2182 2583 3128 3688 4035 4410 4434 4577 5258 5330 5527 5574 5702 6779 6999 7701 7925 8760 8926 9080 9232 9629 9671 9695 10153 10315 10390 10391 10627 10674 10716 10770 10787 10959 11070 11090 11220 11296 11354 11424 11496 11639 11783 11785 11820 12070 12102 12187 12241 12340 12345 12593 12653 12714 12747 12959 13020 13022 13139 13230 13233 13235 13268 13282 13283 13329 13488 13558 13599 13670 13710 13726 13773 13833 14060 14063 14181 14226 14264 14296 14297 14313 14382 14455 14462 14630 14635 14728 14737 14784 14786 14845 14914 14925 14929 15050 15056 15112 15156 15159 15203 15224 15265 15299 15389 15418 15518 15520 15531 15545 15548 15557 15622 15680 15731 15768 15778 15817 15820 15825 15857 15877 15885 15896 15914 15917 15968 15988 16069 16081 16147 16268 16281 16287 16324 16329 16349 16351 16353 16402 16419 16432 16460 16476 16563 16634 16687 16705 16746 16762 16778 16841 16937 16946 17023
2011 6 40 2168 2469 3138 3208 3728 3747 9315
2012 642 1151 1422 2148 2976 3091 3132 3144 3417 5561 7584 10012 10152 10907 11504 12730 13334 13829 15114
2013 75 208 2613 2838 2916 4721 5621 7192 7792 9396 13121 13122 13129
2014 89 156 194 241 272 293 304 310 393 567 650 676 805 844 858 1065 1483 1679 1985 2320 2414 2903 2904 3086 3364 3509 3514 4179 4952 5774 6536 7533 7697 9666 10092 11267 12408 12504 13148 15354 16140 16947
2015 74 99 112 515 785 1508 2948 2992 3094 3306 3307 3433 4132 6646 8218 8547 9223 10047 11294 12085 12417 12469 12503 13394 14734 15390 15640 15983 16232
2016 367 831 1325 2495 2519 3383 4271
2017 1344 2425 2950 3453 5696 7079 12395 12720 12871 13299 13569 13882 16264
2018 9089 9524 10184 10964 11120 11703 11782 12200 12361 13072 13581 13599 14615 15006
2019 177 3750 8391 10888 11314 11933 12343 12362 13314 13729 13943 14637 14988 16093 16227 16454
2020 32 254 284 519 595 598 642 680 685 777 834 868 1070 1187 1271 1273 1289 1344 1390 1466 1622 1866 1922 1941 1974 2183 2184 2240 2267 2524 2530 2553 2567 2646 2829 3021 3388 3433 3481 3527 3534 3728 3971 4516 4733 5256 5283 5287 5554 5962 6199 6324 7675 7685 9320 9543 10582 10928 11054 13385 14677 14709
2021 1170 2825 3297 5272 6811 6971 7132 8036 8429 8573 9321 9718 9811 9855 9900 9974 10123 10157 10224 10230 10564 10784 10791 10937 10971 11157 11376 11436 11534 11536 11596 11652 11818 11847 12020 12038 12040 12061 12152 12317 12343 12413 12436 12592 12719 12925 12944 13091 13226 13236 13326 13509 13658 13833 13877 13971 14263 14284 14315 14366 14607 14698 14842 15203 15220 15294 15334 15391 15438 15441 15592 15743 16269
2022 2825 5696 8614 9407 10721 12051 12649 13076 15214
2023 689 2217 3807 4317 5347 5423 5742 6856 6893 6913 7236 7284 7635 7710 7756 7823 8219 9212 9234 9553 9624 10580 10603 10960 11031 11034 11044 11117 11830 11924 11925 12343 13314 14573 16984
2024 5254 10553 10705 11536 11720 12819
2025 1169 1407 1746 1798 1799 2311 3969 5351 5675 5728 6323 6404 7095 8159 9172 13600
2026 116 588 590 1050 2425 3068 3138 4183 4504 5327 6207 6459 9315 14424 15565
2027 61 396 1515 2062 2675 3012 3539 6639 6930 7295 12266 12663
2028 44 61 177 509 594 620 728 857 1269 1483 1738 2097 3073 3322 3324 3338 3340 3752 3753 3807 3870 4170 4178 4234 4235 4238 4288 4318 4340 4347 4370 4383 4657 4674 4715 4745 4861 4967 5091 5107 5327 5388 5742 5829 5893 5990 6013 6143 6310 6386 6425 6570 6663 6754 6938 7172 7545 7553 8016 8032 8428 8854 9077 9079 9301 9783 9892 9989 10152 10306 10499 10542 10672 10721 10837 10838 10909 11001 11168 11171 11256 11275 11276 12031 12126 12203 12262 12997 13746 13817 13870 14248 14273 15967 16031 17058
2029 1548 2081 3377 3676 3677 5006 5488 7258 7322 7626 7724 7761 7833 7877 9291 9460 9629 9801 10032 10033 10053 10147 10228 10365 10494 10495 10542 10647 10738 10747 10867 10901 10951 10982 11070 11290 11391 11423 11494 11506 11555 11619 11626 11648 11916 11973 12054 12067 12243 12252 12350 12478 12492 12623 12999 13165 13282 13396 13409 13760 13776 13885 14077 14216 14276 14413 14415 14647 15668 15967 15968 16152 16270 16353 16377
2030 158 161 780 1196 1969 1971 2742 3953 8713 8811 11839 16275 16296
2031 146 723 763 3335 3406 3434 3564 3829 4050 5195 5333 5630 5896 6798 6982 7387 9217 9232 9475 11342 11872
2032 19 26 95 114 124 236 256 257 296 311 324 441 460 606 634 696 697 766 812 831 858 929 1149 1230 1246 1264 1398 1407 1462 1549 1550 1683 1730 1736 1902 1938 2008 2190 2571 2619 2698 2745 2778 2803 2885 2896 2964 3071 3131 3331 3429 3488 3567 3608 3697 3747 4044 4291 4311 4366 4459 4772 4858 5015 5408 5998 6216 6307 6443 6462 7589 7614 8190 8326 9264 9758 10774 10994 11088 11432 11717 12543 12689 12897 14124 14276 14462 15077 15153 16243
2033 78 137 138 143 176 180 453 497 507 536 708 896 985 1118 1337 1775 1979 2002 2115 2123 2411 2463 2464 2539 2664 2680 2753 2826 2985 3365 3711 6259 6442 7103 7292 7304 8235 9484 11498 12819 13656
2034 48 78 90 128 219 220 234 420 422 472 481 507 622 659 713 739 835 868 874 881 886 888 892 898 918 954 972 973 976 977 996 1019 1071 1089 1114 1152 1161 1194 1216 1233 1268 1297 1319 1331 1348 1352 1376 1402 1407 1471 1591 1608 1696 1701 1806 1860 1874 1952 2011 2067 2075 2085 2109 2139 2198 2205 2253 2268 2313 2414 2565 2572 2592 2663 2712 2794 2883 2885 2922 3022 3121 3135 3175 3322 3338 3340 3341 3387 3421 3473 3508 3540 3558 3590 3592 3593 3733 3734 3768 3880 4034 4138 4172 4183 4217 4260 4265 4293 4317 4340 4355 4361 4546 4660 4725 4847 4903 5121 5122 5165 5351 5386 5449 5465 5631 5709 5821 5831 5937 6143 6245 6296 6343 6380 6411 6601 6735 6753 6900 6931 6955 7377 7421 7437 7475 7630 7789 7904 7937 7960 7998 8013 8333 8351 8377 8429 8538 8542 8586 8607 8632 8718 8792 8918 9032 9046 9071 9101 9107 9180 9301 9323 9335 9508 9560 9631 9783 9808 9989 10061 10318 10432 10476 10499 10643 10680 10684 10715 10801 10838 10868 10924 10954 10955 11010 11025 11168 11169 11393 11479 11503 12031 12060 12337 12517 12662 12678 12706 12707 12833 12895 13133 14147 16140 16368 16822 17086
2035 26 2648 3340 3341 3684 3857 4451 4553 4894 5471 5487 6776 7536 8354
2036 1365 2632 4798 5532 8940 9382 13220 13907 15369
2037 823 3316 3490 4198 4282 4962 5017 5384 5710 5728 5762 5991 6021 6112 6157 6284 6285 6690 6781 6807 6810 6890 6911 6941 7170 7455 7496 7530 7607 7713 7764 8004 8120 8453 9978
2038 128 1112 2097 4158 4174 4210 4585 4715 10298
2039 2189 2892 5327 8290 9234 9298 16984
2040 713 1344 2168 2469 6222 7557 8985 9199
2041 236 4252 5381 6234 11678 13235 13908 14864 16454
2042 60 61 77 78 411 412 487 562 822 993 1112 1217 1265 1398 1486 1511 1513 1514 1515 1544 1636 1638 1674 1678 1756 1757 1787 2062 2064 2065 2113 2151 2201 2342 2414 2570 2647 2701 3015 3047 3057 3151 3311 3321 3353 3364 3597 3691 3846 4086 4361 4460 4469 4472 4681 5153 5188 5473 5680 5900 6048 6201 6569 6755 7204 7295 7428 7547 7916 10432 16368
2043 382 1500 1622 2006 2517 2789 4293 4398 6063 6745 6952 7296 7539 7700 7814 8071 8170 9167 9438 9762 10041 10439 10507 10597 10771 10819 10837 10947 11275 11276 11550 11597 12678 13541 14137 14879
2044 558 595 1048 2927 2973 3828 4218 4277 4359 4432 11737 11812 12175
2045 23 156 169 206 287 929 1026 1710 2012 2025 2253 2652 2830 3058 3149 3337 3482 3684 3772
2046 303 3439 4283 5075 6019 6118 6509 6628 6787 7192 7376 7838 9109 9185 10525 13219 13893 15458 15633 15714 16084 16735 17057
2047 774 2028 2753 2790 3628 4402 5683 7551 8188
2048 129 158 162 503 676 681 689 1275 1385 1546 1710 1768 2634 2742 3080 3333 3637 3916 4312 4335 4347 4370 4402 4440 4722 4843 6173 6340 7017 7371 7601 7614 7939 8059 9234 9684 13230 14566 16275
2049 181 264 277 770 1405 1745 2102 2140 2541 2578 2852 3124 3221 3252 3271 3339 3893 4371 4692 5050 5466 5628 5790 6278 6719 7412 8257 8334 8348 8498 8713 8811 9468 9625 10040 10117 10155 10156 10306 10312 10606 11020 11025 11359 11393 11399 11490 11539 11812 12322 12366 12468 12626 12627 13334 13488 13960 14153 14476 14792 14974 15350
2050 10 8083 8300 13168 13513 13654 13675 15778 16794
2051 89 1750 2818 4215 6231 6442 9203 9962 10854 12379 14389 16048 17040
2052 44 780 1770 1824 1835 3163 3627 3803 4130 4265 4308 4336 4368 4402 4419 4490 4780 6045 6173 6179 6332 6459 6564 6681 7017 7091 7245 7371 8206 8495 8796 8968 9164 9269 9544 9625 9629 9688 9858 10018 10258 10493 10705 10939 11006 11197 11217 11504 11682 12018 12338 12366 12403 12456 12524 12735 12867 13282 13324 13413 13673 13885 14114 14153 14258 14701 14872 14997 15174 15587 15795 15879 16353
2053 298 717 1645 1728 1920 1953 2081 2497 2791 2881 3703 3718 4603 6278 6812 7753 8596 9631 11418 11703 13994 14115
2054 4774 5659 6698 7817 7954 9415 9720 10186 11031 11044 11422 12591 13046 13446 13711 14216 15171 15325 16043
2055 13697 14008 14598 15564 15677 16564 16572
2056 231 296 2806 3481 3897 4563 4574 5119 5227 5311 5648 5685 5822 5836 5880 5929 6060 7947 8048 8167 8515 8815 9492 9917 10472 10546 10673 10950 11018 11075 11140 11182 11568 11668 11830 11865 12681 12783 13064 13274
2057 2381 2665 2909 3339 3454 12245 13282 14544 14792 14999 15537 15565 15795 16353 16375 16762
2058 805 967 3254 5779 5937 6760 11424 12468 13223 13283 14462 14545 15224 16058 16388
2059 27 43 111 151 302 519 537 552 575 647 651 833 1032 1037 1315 1344 1349 1388 1395 1437 1469 1950 1976 2071 2119 2122 2172 2445 2487 2540 2617 3042 3479 3486 3744 3746 4254 4257 4571 4651 4734 4766 5334 6168 7547 7605 8796 9004 9544 9909 10199 10593 10659 11168 11171 11221 11376 12073 12532 13836 14246
2060 116 1574 3002 3143 3161 4209 5161 5553 5807 6646 7488 9556 10646 10662 11813 12061 12550 13093 13544 15212 15255 15545 15563 16881 16909
2061 4384 7926 8010 8500 8606 9057 9164 9191 9387 10228 11423 16414
2062 1364 3143 3671 5934 6796 6914 7458 8019 8501 9029 9285 9436 9473 10612 11320 15410
2063 2264 2457 3332 10994 11539 11625 13869 14153 15917 15988
2064 726 1391 1857 3322 3324 3370 3564 5878 6504 6834 7597 8419 9788 10553 10754 11489 11656 11720 12328 12403 13216 14518 16822
2065 677 681 1339 2189 2544 2634 2742 5614 5833 6106 6508 6924 8856 9015 9104 10041 10542 11461 11496 11807 12479 12988 13253 13474 14707 16275
2066 6752 11323 11324 11822 11921 12198 13246 13251 14380
2067 1210 2965 7113 8515 11731 11893 16068
2068 8262 10295 11040 11298 12267 13058 13230 13815 16539
2069 392 3242 4195 5333 5659 6779 8270 10542 11217 11620 12067 12068 12441 13135 13827 13869 13870 13940 13952 14442 15189 15275 15579 15591 15820 16145 16224
2070 13 1896 2940 7017 7371 8735 8741 11199 12451 15533 16702 16764
2071 8754 15356 15595
2072 2451 2828 5521 5650 6284 6703 9494 10178 10889
2073 5779 6269 9001 10636 11880 14451 15571 15595 16912 17098
2074 71 659 2342 2910 3590 4172 5675 6299 7273 12300 15783 16560 16781 16809
2075 124 811 1893 1962 2016 2072 2252 2376 2827 2960 2964 2986 3495 4359 4716 4960 5155 7559 8889 10074 10483 10587 12346 13823 15767 15997 16726
2076 569 1626 3512 5007 8138 8232 13199 13700
2077 983 1037 5330 9208 10799 11803 14038 14792 14931 15822 15982
2078 291 726 805 975 1172 1217 1356 1498 1601 1779 1799 2404 3202 3209 3392 4446 4737 5181 7430 7627 7848 8391 9801 11870 12291 12408 13166 13230 14224 14312 15157 15524 16270 16307 16972
2079 2394 3771 4218 4469 4678 4796
2080 551 555 1191 2262 2533 3161 3341 4218 6063 6527 8125 8247 8632 8730 9410 10929 14773
2081 11685 12214 12329 13654 13762 13819 13821 14708 14897 15567 15568 16205 16244 16429
2082 516 611 2487 2499 2617 6857 9742 15143 16049
2083 3783 4225 4966 4970 5178 5347 5363 5396 5423
2084 176 469 2470 4143 4258 5177 5353 5533 5813 8235 8419 11037
2085 867 967 1804 1953 2141 3338 3688 3768 3770 3852 4170 4230 4265 4266 4273 4286 4302 4312 5799 5952 5963 6046 6085 6174 6303 6765 13640
2086 284 1827 3036 3385 4081 4490 5124 5767 8143 12060 14404
2087 168 3338 3785 4091 4189 5980 6633
2088 1710 1769 2419 2421 2475 2578 3579 4718 4793 7799 11854 12179 16998
2089 298 1899 3149 3202 3209 4011 4219 4254 4278 4302 4623 4720 4744 4828 4970 4981 4983 5068 5586 5757 5766 5854 5876 5955 5985 6071 8858 9253 10659 10723 10900 10909 11545 12315
2090 110 193 775 2360 2599 3076 3294 3724 4091 4774 6352
2091 460 514 3522 5327 7652 10086 10157 10497 12468 12651 12963 14574 14708 14820 14896
2092 35 1156 1264 1271 2011 2172 2336 3864 7139 10674 13599 13832
2093 363 472 922 943 1099 1169 1196 1535 1871 1922 1939 2051 2138 2290 2560 2561 3020 3040 3041 3112 3276 3969 4098 4153 4183 4354 4464 4489 4846 4864 5105 5261 5300 5336 5588 5821 6298 6370 6566 6760 6865 7364 7613 7718 8667 8726 9196 9411 9560 9717 9783 9832 9904 10152 10221 10327 10645 11181 11296 11436 11504 11595 11620 11954 12208 12259 12359 12360 12474 12734 13277 13328
2094 47 156 165 500 657 676 866 1167 1318 1511 1540 1810 1953 2712 2727 3080 3324 3326 3329 3338 3339 3341 3407 3672 3718 3777 3971 4100 4138 4219 4244 4265 4266 4317 4834 5121 5122 5425 6013 6067 6084 6639 6695 6803 8399 8679 9633 9689 10838 12403 16998
2095 454 1366 2839 3624 3687 5095 6511
2096 148 327 447 691 882 1804 2262 2784 2990 3001 3169 3338 3852 3931 4233 4302 4910 5545 5643 5799
2097 69 1666 2443 3488 5690 5831 8824 10143 15430 15440 16216 16627
2098 127 156 542 677 2634 2790 3322 3338 4873 4966 5621 5725 5906 6504 7083 7541 7962 7984 8039 8205 8262 8291 9270 9517 9595 9636 9955 10004 10086 10136 10542 10669 10670 11116 11920 11929 12067 12359 12600 12617 12795 13253 13396 13885 14325 14739 15544 16275 16822 16934
2099 331 519 550 788 2973 3747 5163 5351 5725 5876 5906 10177 11432
2100 2657 4062 7029 9445 9718 11343 11617 13452 14223 14359 15610 17081
2101 2174 6002 9036 11182 13227 13366 14300 14990 15857 16589 16714 16978
2102 1423 10834 11926 13537 14773 16903
2103 403 636 2604 2940 4018 5967 6226 6531 9619 9846 9960 9972 11432 13188 14071 14163 15040 15056 15203 16109
2104 224 805 1235 1770 2578 4375 5836 5910 6272 7380 7578 12585 13893 14287 14729 16184 16538
2105 236 866 891 2275 3329 4236 4371 5712 5963 6082 6568 9688 11431 11564 15928 16485 16960
2106 388 689 1778 2236 3524 3819 5276 5932 5988 6345 6787 6789 6827 6909 7168 7180 7185 7656 7713 7720 7961 8690 8842 9029 9133 9207 9209 9396 9555 9640 9730 9764 10086 10350 10764 10815 10987 11013 11040 11188 11195 11206 11266 11695 11774 12142 12274 12524 12838 12892 13198 13314 13335 13389 13611 13645 13680 13885 14121 14196 14216 14227 14363 14440 14504 14509 14527 14700 14789 14938 14951 15173 15230 15377 15590 15616 15716 15786 15918 16036 16151 16765 16893 17057 17091
2107 241 460 2031 4284 6286 8344 9127 9662 13068 13083 13978 14884 15216 15659 15741 15795 15858 16021 16253 16305 16377 16419 16486 16635 16672 16734 17019
2108 1077 4671 6364 7073 7612 10458
2109 223 837 951 1541 1889 3104 3367 3870 4066 4342 4838 5282 5351 7188 7680 8046 8408 9192 9594 10181 10424 10561 10730 10966 11111 11393 11510 11827 11919 11921 12047 12059 12275 13251 13943 14153 14163 14604 14662 14917 15760 15847 16181 16471
2110 2300 3322 3324 4302 4402 9234 9247 10778 10837 12104 16822 16984
2111 20 892 1115 2240 2597 3638 3816 4146 6172 6272 8726 11803 12038 13061
2112 15 86 89 111 112 126 177 190 203 217 247 309 582 680 810 1131 1349 2101 2102 2115 2182 2227 2256 2487 2739 2759 2828 2875 2887 2903 3085 3326 3575 3838 4025 4030 4250 4254 4302 4371 4402 4612 4634 4762 4786 4840 4880 5221 5451 5498 5627 5990 6312 6448 6671 6900 7052 7119 7267 7605 7988 8014 8255 8498 8530 8597 8835 9169 9179 9224 9295 9363 9382 9412 9508 9553 9560 9618 10155 10228 10431 10533 10757 10966 11032 11111 11114 11115 11117 11123 11125 11168 11221 11630 11685 11749 11812 11919 11948 12047 12049 12050 12052 12065 12231 12252 12361 12374 12451 12731 12743 12752 12819 12976 13074 13143 13175 13230 13246 13247 13248 13249 13251 13810 13829 13914 14166 14167 14211 14341 14382 14483 14604 14653 14679 14819 14875 15216 15522 15564 15731 15783 15789 15795 15885 15978 16083 16228 16275 16302 16373 16392 16394 16396 16419 16438 16583 16655 16759 16762 16842 16849 16922
2113 557 767 1466 1898 2902 4793 5479 5511 6284 6804 7244 7496 7909 8079 8112 8382 8610 9371 10252 12846 12849 12850 13933 13994 15747 16613 16839
2114 156 768 1358 1643 1698 2661 3275 3339 3387 3678 3836 4318 9684 12622
2115 19 24 2168 2469 3039 3733 4062 4074 4154 4249 4268 4602 4606 5009 5681 5799 6071 9264
2116 3684 11472 13781 15531 15564 15857 15914 15917 15988 16854
2117 770 1970 2678 4692 10781 11510 12059 15298
2118 206 1423 6363 6620 9508 11973 13599 14405 14751
2119 21 108 177 331 1240 1804 2655 2995 3088 3289 3796 3852 4174 4366 5291 5685 5708 5774 5799 6111 6374 6811 8573 9970 10157 11010 11336 11620 11889 12038 12215 12719
2120 80 149 1392 3175 3241 3663 4250 4798 4966 6209 6445 6609 7054 7216 9445 10186 10310 10646 11629 13934
2121 1188 4320 5644 5676 8136 11484 13287 13654 13845
2122 3981 5396 6472
2123 799 2414 2627 4262 4293 5245
2124 500 737 3380 15116 15650 15938 16210 16723 16738 17063
2125 501 2916 2917 3512 3522 3975 4721 4899 6603 10229 13875 14518 16229
2126 2457 3284 3322 4138 6767 8398 13447 16822
2127 375 8084 10020 10582 11200 12187 12344 13391 15270
2128 185 825 989 1640 2072 2140 3610 3731 5799
2129 1454 1600 3333 6332 9629 11070 12350 12468 13631 14216 15566 16275 16531 16579 16734 16762 16882 16952 16973
2130 1617 2088 2331 2669 3115 3448 3908 4250 4371 4375 4884 5214 5217 5741 6165 6710 6803 7497 7939 8498 17077
2131 3519 4190 5135 6824 7027 8490 8517
2132 1454 10542 12573 13224 13623 13821 13956 14099 14496 15014 15195 15254 15483 15564 15769 15857 15870 16429 16463 16611 16723
2133 53 178 180 234 348 1519 1868 1922 2218 3293 3717 4143 4394 4565 5683 6828 6954 7055 7381 7547 8114 8849 10595 13090 13663
2134 195 244 3110 3707 4034 4912 5259 7422 7998
2135 1044 1453 1765 2294 2346 3091 5301 5526 5828 6850 7046 7730 7831 9629 11811 12986 13280 14210 14246 15071 15168 15256 15568 16186
2136 689 2072 2552 2658 5723 8080 9427 15482
2137 161 216 217 219 780 1229 1255 1419 1480 1968 3612 3748 4008 4207 4465 4714 6117 6690 6949 7357 7554 8133 8382 8462 8888 9250 9730 9734 9919 10348 10622 10855 11226 11242 11564 12318 12494 14062 14506 14616 15314 16180 16252
2138 176 327 4258 4774 5502 8235 11732 12337
2139 3410 3960 5445 11071 12428 13500 14834
2140 26 180 642 1421 2161 3000 3941 4445 5567 7314 8290 8355 11159 11900 12986 13320 13874 14718 14818
2141 206 3326 3419 3628 5539 9234 9508 11391 12653 13314 13829 15795 16984
2142 34 82 149 151 194 241 253 256 284 511 755 1077 1394 1825 2008 2057 2072 2161 2288 2827 2988 3070 3612 3866 4051 4100 4231 4295 4301 4399 5158 5450 5556 5560 5799 7002 7056 7522 7612 7834 7880 7917 8036 8612 8712 8934 8981 9074 9174 9565 9648 9824 9826
2143 163 222 1022 2079 2505 2857 2863 3126 3573 4243 4715 4745 4785 4857 6271 7109 7427 8251 9002 10086 10650 10750 12027 12142
2144 2696 3588 6568 10449 11598 12519 12609 12891 13418 14185 14378 14755 15043 15293 16335
2145 58 61 111 177 180 181 190 203 210 217 272 284 289 293 328 346 349 507 508 566 581 625 630 653 675 712 805 830 837 1047 1208 1265 1277 1415 1483 1517 1525 1544 1567 1614 1738 1744 1752 1757 1882 1922 2026 2065 2071 2089 2197 2207 2254 2283 2414 2438 2464 2485 2503 2512 2604 2725 2728 2758 2985 3047 3086 3100 3107 3114 3230 3243 3258 3275 3309 3360 3430 3509 3605 3647 3680 3682 3717 3769 3795 3803 3811 3827 3831 4081 4119 4136 4143 4316 4379 4450 4509 4567 4771 4910 4912 5151 5474 5620 5900 6237 6268 6497 6569 6773 6870 7554 7605 7738 8219 8248 8275 9253 9305 9800 10196 10428 10557 12812 13057 16668
2146 3182 3968 4295 7539 9354 9686 10229 10290 10542 11147 11340 11593 11734 12360 13277 13402 13659 14371 14615 14627 14979
2147 6772 7141 8783 8857 10659 12336 13931
2148 805 869 5578 5887 5999 6426 6885 10574 12096 12126 14384 14584 14640 16253
2149 4384 8371 9556 10049 10787 11041 11051 11825 13405
2150 141 1063 2594 3080 3326 3333 5537 10542 10838 11948 12403 15991
2151 19 169 241 666 1236 1426 1774 2466 2560 2747 3213 4034 4276 4319 4606 4873 6714 7998 9264 10308 10439 12986 13314
2152 112 241 256 393 511 526 691 812 939 1227 1350 1593 1720 1804 2505 2581 2821 2832 2848 2893 2988 3164 3385 3662 3852 3972 4092 5015 6288 6459 6774 6786 7056 7724 8081 8335 8797 9158 9284 9959 10783 11259 11623 11867 12324 13561 13825 14432 14788 14928 15215 15313 16048 16502
2153 324 1169 1373 2240 2367 3615 3899 6883
2154 156 3125 3968 4252 4270 4975 5440 8885 10219 10900 10923 11177 11930 12052 12331 12357 13447 14537 14632 14850 14851
2155 19 112 167 231 331 441 866 2571 4860 6238 8262 9125 9264 10294 11570 11632 12126 12781 13818 14574 15795 16177 16327 16790
2156 249 298 660 677 867 1021 1959 2601 3329 3718 4366 4977 5963 7231 7264 10196 13283 14549 15917 15988
2157 17 24 222 286 287 478 521 584 805 1344 1622 1899 1903 2026 2261 2262 2282 2454 2530 2585 2864 3085 3288 3329 3388 3396 3670 3694 3695 3969 4139 4202 4237 4440 4584 4935 5014 5203 5385 5397 5417 5495 5571 6391 6558 6568 6663 9253 10558
2158 1104 1698 1716 2381 3080 3327 3992 4020 4791 5090 5349 5653 6545 7122 8304 8527 9508 9684 10452 13306 13645 13987 14038 14108 14337 14951 15405
2159 2624 4187 5490 5559 6019 6401 6628 6678 6787 7111 7137 7221 7252 7927 8184 9002 9350 11629 12340 13200 13314 16665
2160 1246 2644 3488 7724 11948 12451 12955 13934 14099 15401 15769 16125 16243 16419 16655 16680
2161 6237 6568 8947 11612 11694 12045 12443 13249 13283 13673 13903 14064 14185 14917 15711 15727 15897 15993 16759 16876 16927
2162 176 649 767 1169 1356 1365 1657 1678 2574 3083 3684 3695 4093 4281 5282 5331 5553 6569 6591 6836 7976 8235 8768 9253 10418 10506 10517 10866 10935 11673 11906 12534 12579
2163 759 2512 10666 11900 13279 14559 15490 15529 15622 15897 15965 16350 16387 17102
2164 71 207 223 598 691 1063 1144 1435 1593 1615 1698 2315 2392 2549 2594 2815 2914 3080 3322 3326 3332 3339 3340 3637 3710 4138 4171 4280 4308 4548 4581 4682 5234 5486 5574 5700 5865 6089 6179 6695 6845 6988 7195 7244 7545 7898 8112 8509 8660 8829 8927 8957 9011 9362 9625 9633 9689 9810 10020 10155 10156 10172 10312 10348 10542 10622 10914 10917 11167 11271 11287 11489 11509 11625 11662 11690 11973 12067 12068 12358 12475 12494 12505 12718 12778 13186 13884 13960 14319 14524 16180 16409 16822 16883 17086
2165 4870 6626 8430 12705 13187 14873
2166 8604 10054 10519 11330 12331 13568 13878 14152 15003 15014 15280
2167 276 2742 3737 4318 6299 7083 9890 16873
2168 158 717 814 2497 3720 4555 5702 6282 6503 9302 11352 11375 12137 12186 15210 15283 15643 16606 16890
2169 1344 1541 4285 5010 5486 5701 6089 6266 6729 7147 7455 7607 7665 7898 7926 8031 9191 10415 11155
2170 390 2862 3011 4606 7134 7541 9843 9992 10636 11294 12467 13457
2171 1131 1568 3339 4209 5521 5543 7316 9177 13717 14336 16617
2172 677 789 892 1266 1454 1615 1710 1892 1942 2597 2867 3324 3339 3407 3468 3789 5241 5899 5967 7167 7643 7979 9187 9508 10462 11380 13509 15187 16576
2173 388 726 1531 1562 2506 2751 3634 3741 4798 5328 5613 5614 6104 6106 6393 6508 6701 6733 6920 6922 6964 7059 7100 7200 7297 7301 7333 7397 7510 7786 7836 7985 8041 8110 8548 8950 9015 9016 9074 9181 10324 10331 10647 10951 10952 11167 11412 11807 11940 12054 12478 12479 12772 12988 12999 13131 13198 13301 13478 13583 13661 14104 14388 14743 14911 14933 14934 14938 15209 15364 15533
2174 158 3337 4351 5951 9762 14716
2175 128 592 2251 2283 2299 2749 2868 4135
2176 540 557 849 1252 1362 1650 2117 4201 5964 6106 7101 9124 9131 9400 9914 10625 11923 13803 14399 15026 15094 15523 15541 15588
2177 1210 4173 4213 4244 4258 4506 5096 5282 6009 8422 9645
2178 298 967 1953 3329 3718 4966 5327 8725 9644 10005 10086 10207 11714 12428
2179 19 89 152 166 167 497 503 676 767 852 1088 1206 1332 1337 1366 1609 1657 1698 1727 1768 1804 2189 2391 2454 2490 2656 2866 3253 3271 3328 3332 3338 3339 3420 3433 3679 3744 3758 3768 3824 3852 3896 3983 4039 4075 4252 4465 4489 4528 4613 4872 5050 5231 5799 7903 9234 9264 9508 10198 10676 10718 11496 11503 11629 11747 12325 12338 12339 12475 12585 12622 12662 13228 13314 13473 13829 13869 14155 14196 14382 14538 14566 14708 14875 14940 15254
2180 884 4285 5661 6752 9760 9948 10202 11874 12493 14889 16521 17084
2181 8431 11491 13246 13824 14389 14616 16925
2182 36 88 89 112 151 256 358 526 542 646 658 697 982 989 1026 1131 1510 1569 1700 1725 1770 1893 1937 1938 2140 2189 2586 2721 2723 2724 2736 2805 2855 2960 3003 3138 3169 3368 3384 3731 3743 4092 4200 4216 4353 4360 4415 4465 4729 4805 4913 5063 5257 5293 5433 5459 5521 5532 5580 5640 5741 5795 5955 5985 5999 6110 6125 6132 6207 6215 6225 6357 6382 6415 6426 6442 6599 6807 6923 6946 7056 7117 7592 7627 7682 7792 7828 7885 7902 8032 8102 8679 8951 9158 9302 9315 9363 9495 9655 9679 9947 10106 10136 10357 10383 10732 10799 10998 11306 11857 12717 15038
2183 38 100 989 1131 1570 1609 1715 1837 2147 2190 2192 2273 2413 2554 2569 2679 2744 2895 2918 3000 3045 3149 3163 3296 3567 3611 3612 3633 3725 4195 4490 4567 4870
2184 392 3778 6156 9461 10568 15668 16596
2185 139 365 1572 1980 2146 2593 2698 3330 3608 3974 4067 4835 5588 8870 9893 12322 12338 12475 13664 14545 16343 16348
2186 298 1366 3799 4898 7898 8725 9200 11380 16900
2187 321 5294 5728 8202 8385 9211 11448 12368 16048 16657
2188 437 3758 4131 6536 7301 7343 7697 8156 8329 8875 8876 9155 9209 9434 9741 10087 10168 10618 14437 14930 15443 15830 16027 16814 16976 17048
2189 836 1808 4091 6365 9086 9166 11539 12260 12352 12679 13208
2190 331 445 1163 3338 3684 3803 3954 4170 4302 5079 6267 6413 6888 8835 10565 10778 11271 11936 12067 13617 14262 15247 16228 16981
2191 250 1111 1836 2832 3777 3971 4860 6617 7279 7729 11568 12691 12876 13366 13699 14353 14392 15090 16003 16125 16538 16612
2192 222 257 1060 1407 1472 1728 2681 4639 7849 13884 14216
2193 460 466 696 697 740 1032 1533 2039 2324 2535 3257 4682 6961 7220 7862 10099 10257 11110 11488 12251 14421 15081 15184 16945 17102
2194 26 159 250 284 288 507 516 517 591 883 1508 1584 1965 1999 2219 2468 2646 2877 2896 3747 3902 4490 4989 5656 6688 7023 8393 8808 10323 12653 13198 13433 16166
2195 422 4797 5121 5677 8196 9123 9401 9476 9484 9507 9526 9651 12106 12432 12812
2196 3257 3850 4235 5989 7247 8306 8810 9148 10198 11030 11034 11222 11231 11609 11921 12369 12460 13060 13991 14462 14662 16145 16386 17019
2197 1544 3813 14147 16172 16319 17103
2198 1903 2853 2963 3153 3342 3690 4362 6227 6286 6686 7627 7881
2199 44 1709 1783 3158 8401 10576 11526 12107
2200 323 1928 2119 2175 2773 3845 4014 4240 5103 10766 12472
2201 51 331 2927 3285 5245 6599 6687 8351
2202 499 726 1063 1228 1770 1845 2449 2454 3420 4622
2203 139 1197 2526 3612 4029 7670 7876 9118 13153 13227
2204 66 136 139 140 156 659 660 661 708 749 757 776 978 1011 1159 1366 1380 1456 1860 1926 2030 2085 2308 2583 2597 3029 3220 3590 3727 4062 4397 4597 4628 5001 5105 5203 5234 6615 6885 7632 7932 8098 8605 8723 8727 9079 10636 10885 11356 11610 12070 12617 13023 13221 13557 13779 13783 13953 14586 15577 16393 16489 16520 16522 16647 16839
2205 69 123 151 215 310 507 659 835 1269 1338 1340 1382 1985 2068 2403 2699 2725 2787 3369 3421 3516 3533 4594 4666 4895 5083 5121 5122 6650 9004
2206 1317 1727 1958 3169 4912 5084 6295 8457 9108 9159
2207 89 97 153 287 394 408 542 551 660 708 763 814 892 1047 1319 1595 2526 2727 2933 3271 3364 3401 3453 3865 4161 4172 4213 4276 4606 4612 5237 6068 7119 7687 9805 10136 10550 10885 11267 11276 11562 11960 12067 12320 12343 12359 12428 12696 12729 12791 13509 13746 13917 14032 14545 14773 15215 16092 16275 17081
2208 2953 4473 6600 8139 8196 8829 9272 9303 10825 10839 10896 10920 10985 11054 12067 12332 12869 13230 13462 13677 13763 14014 14218 14963 15143 15406 15424 15533 15896 16716 16969
2209 89 364 691 4701 10661 13078 14628
2210 196 381 2317 4341 6979 7382 7510 7663 7828 10969
2211 1344 2140 2264 8303 8528 8604 9870 10377 10916 11312 11981 12787 12822 14488 14546 14892 16358 16787
2212 34 86 106 175 180 189 218 246 302 507 588 623 666 729 933 949 966 1191 1349 1700 1765 1770 1804 2168 2256 2287 2307 2464 2469 2473 2599 2617 2678 2708 2784 2912 2913 2963 2985 3175 3614 3636 3789 3807 3852 4030 4244 4250 4440 4504 4796 5193 5586 6595 9253 9631 9800 16668
2213 604 1326 1920 2948 3312 4129 6706 7316 8195 9905 10461 10766 11552 11971 12428 13276 13509 13585 16464 16998
2214 193 643 3649 3788 9627 10834 14332 15189
2215 89 1941 2664 3995 4359 9821 11835 15003 15566 15733
2216 28 163 176 689 907 995 1023 1065 1454 1928 2083 2249 2250 2263 2275 2912 2913 3397 3861 4910 4971 5282 5389 5865 7029 7324 7418 7436 7828 7876 8235 8255 9002 9124 9253 9369 9380 9484 9687 10080 10506 11199 11611 11698 12600 12608 12617 12790 12874 13282 13531 13655 13869 14153 14155 14276 14290 14481 14499 14637 14792 14840 15108 15254 15532 15583 15586 15594 15614 15766 15768 15769 15791 15795 16001 16048 16230 16353 16489 16887 16972
2217 316 2743 3000 6661 6839 7061 7329 7448 7873 11180 12816 13381 16890
2218 23 176 507 935 1719 3057 3102 3243 3294 3334 3340 3684 3768 4138 4260 4318 4834 8228 8235 8854 9253 11168 11885 12291 12319 12819 13755
2219 1332 1458 2187 3058 3080 3149 3209 3253 3339 3697 3725 3993 4039 4220 4874
2220 499 514 1808 1814 1886 2677 2832 2948 3262 3350 3652 3708 4272 5058 6766 8231 9841 10093 10646 11044 11217 11383 11541 11887 11948 12054 12350 12451 13102 13495 14089 14149 14280 14667 14724 15195
2221 1586 4987 5934 6894 8653 9337 9727 10084 10398 10879 12490 12898
2222 5920 6745 8250 8931 9528 9948 11320 13422
2223 1600 4130 10705 11349 13225 13233 13282 13833 14545 15216 15914 15917 15988 16296 16350 16353 16387 16539
2224 7 94 128 151 193 206 224 241 709 805 830 882 1377 1449 1609 1700 2008 2361 2747 2883 2973 3169 3171 3228 3288 3329 3365 3368 3596 3718 3747 3902 4142 4165 4270 4291 4306 4317 4319 4421 4463 4628 4675 4703 4905 5009 5015 5359 5450 5481 5548 5565 5829 5890 5998 6052 6067 6172 6386 6846 9411 14686
2225 163 521 615 2025 2212 2251 2400 2483 2558 3684 4057 4106 4220 4234 4351 4956 5198 5265 5301 5318 5830 6030 6154 6256 6659 6954 8066 8836 9775 14632 14792 15392
2226 728 1785 2940 3089 4107 4344 9976 10069 10353 10595 10722 10896 11636 11690 12778 12869 13314 14242 14249 14430 15168 15212 15590 15823 16302 16371 16685
2227 1666 5677 5989 7276 9476 10086 12785 14863 16514
2228 3109 3829 4384 9036 9164 9234 9475 11424 16978
2229 497 503 2105 2150 2171 3090 3547 3718 3765 3983
2230 6407 7766 11468 13738 14183 14438 14861 15769 16411 16463 16539 16632
2231 30 142 184 451 731 1343 1394 1824 1891 2490 2594 3522 3608 4230 4701 4734 5799 6765 6786 9285 11001 12126 12351 13234 13327 13495 13850 13998 14165 14628 14652 15111 15140 15318 15339 15550 16350 16387 16511 16655 16854 17008
2232 3331 5644 6238 8086 8393 9896 10003 10076 10600 11314 11380 12042 14686
2233 5123 9629 10558 10749 10805 11732 11858 12061 12365 13222 13266 13465 13506 13705 13815 13825 14157 14193 14205 15180 15559 16252 17064 17102
2234 1466 3221 3326 5555 6669 7764 9049 9689 9905 12366 12623 12639 13793 15342 15769 16348
2235 176 310 497 505 591 676 681 1321 1322 1600 1678 2139 2189 2342 2544 2551 2631 2742 2883 2897 2909 3035 3324 3332 4127 4219 4397 5121 5171 5939 6703 7645 8235 8260 8734 9684 10838 12864 13077 13233 13282 14940 15192 15733 15994 16275 16353 16998
2236 2371 2773 3821 4315 4657 5574 7097 7166 9631 10646 11662 13082 13567 15721 15768 16599
2237 90 145 3886 5131 10788 11212 11497 11711 12819 13413 13506 14315 14685 16005 17101
2238 2574 3169 3741 3766 4188 4273 4798 5456 5528 5530 16396
2239 144 165 242 453 571 1299 1468 1671 1796 2166 2665 3781 3945 4064 4219 4399 4678 5462 5830 5876 6173 6513 7017 7371 7790 7791 8597 8673 8854 8861 10042 10240 10641 10665 10715 11009 11378 11495 11687 12350 12354 12671 12831 12838 13119 13705 13894 13896 14283 14285 14637 14710 14771 14797 14875 14977 14987 14988 15398 15431 15579 15822 15914 15917 15974 15988 15996 16197 16224 16286 16350 16387 16759 16790 16827 16857 16908 17095
2240 286 659 1282 1331 1456 2011 2237 2261 2483 2907 2968 3590 4737 5181 5566 5677 5702 6452 6717 6816 7264 7410 7803 7829 8117 9915 9948 10247 10616 11405 11472 11874 11957 12300 12532 12935 13208 13334 13367 13522 13642 14193 14625 14679 14840 15249 15427 15531 15564 15633 15743 15751 15935 16267 16329 16335 16423 16521 16608 16913
2241 22 51 89 215 222 542 590 709 2605 4357 5106 7413 7511 9151 10056 10106 10136 11483 12998 13529 13829 14462 15053 15885 16655
2242 103 466 549 1067 2644 2804 2958 3411 5460 5644 6291 6763 7440 7585 8326 8393 8806 9131 9132 9364 9399 9444 9495 9875 10628 10796 11267 11330 11585 11741 11829 11853 12343 12419 12495 12628 12795 12865 12906 13255 13300 13365 13551 13617 14200 14491 14642 15081 16059 16060 16370 16457 16562 16619 16911
2243 2916 4333 4721 8165 9337 10655 11698 12623 13229
2244 235 482 897 1274 1507 4225 4516 5448 6291 6944 8136 9401 9444 10248 11599 12171 12314 12379 13259 13553 13887 13977 14245 14287 14303 14405 15093 16186
2245 4685 4784 8327 9001 10360 11858 12986 13086 14325 14523 15524
2246 10574 12137 12210 13133 13227
2247 4448 6286 6684 7304 7712 8185 8749 9295 13279 15885
2248 242 352 9101 9970 10542 10819 11267 11443 11627 12359 12897 16668
2249 3220 3345 9801 13035 13085 16270 16750
2250 3169 3340 3945 6779 8407 9150 9882 11506 12354 12403 12472 13168 13821 13894 14189 14296 14297 14303 14476 14792 14845 14897 14899 14927 14940 14953 15056 15195 15314 15327 15514 15517 15520 15521 15570 15581 15599 15606 15750 15772 16195 16275 16429 16790 17102
2251 13154 13222 13231 13322 13327 13333 13412 13819 14241 14279 14548 14573 14987 16471
2252 10181 10241 10243 10545 10730 10816 10911 11043 11693 11784 11812 11930 11938 11948 12052 12066 12067 12068 12109 12329 12332 12373 12376 12451 12575 12684 12714 13215 13261 13282 13438 13865 13884 13980 14064 14461 14601 14767 15015 15037 15215 15249 15796 15931 16042 16322 16329 16330 16353 16588 16714 16784 17023 17102
2253 681 1279 2366 2381 9684 12067 12599 13965 16275
2254 117 278 1835 1836 1928 2249 2250 3161 3202 3209 3229 3608 7579
2255 6631 7406 8766 9087 10153 12326 13208 13236 13413 14563
2256 303 579 3327 3338 3857 4138 4182 4319 5086 5553 6089 6460 6845 7898 7914 8136 9688 10006 10009 10773 11428 11724 13427 13428 13962 16350 16387
2257 119 1199 3332 3333 3695 3746 3758 3770 3874 4273 4760 5422 5498 6374 6633 7613 7876 8614 9629 9900 10227 10241 10727 10773 10784 11275 11691 12334 12355 12363 13314 13493 13514 14265 15951 16045 16048 16121 16646 16655 16774 16818 16854 16863
2258 71 921 1131 1927 2823 3825 5366 6009 6557 6782 6801 7216 7370 7421 7668 8135 8348 9003 9233 9467 9488 9545 10398 11519 11872 12360 12436 12963 13199 13277 13909 14291 14378 14627 14778 15280 15582 15963 16580
2259 2375 2693 10643 16121 16212 16722
2260 1600 1768 13724 13833 14325 15914 15917 15988 16419
2261 4302 8262 8604 9626 10152 10312 10749 13621 15241 15652
2262 179 1391 2296 4093 4346 5282 6791 8173 8812 8930 9959 10230 10717 10792 11212 11425 11508 11980 12030 12328 12331 12337 12436 12473 12616 13008 13107 13568
2263 25 737 1328 1775 1792 2026 2483 3102 3166 3205 4114 6367 8820 9572 9741 9845 9942 10326 11409 11472 12662 13617 13618 14128 14384 14473 14653 14831 15023 15257 15349 15458 15497 15498 15555 15630 15720 15772 15934 16240 16522
2264 148 173 278 594 660 1857 2512 2901 2903 3158 3733 3734 3750 7579
2265 309 407 1630 1937 2095 2182 4104 4207 4285 4438 4748 5728 5820 6112 6261 6282 6440 6503 6540 6648 7417 7507 7704 8290 8303 9135 9944 10259 10460 10744 11193 12067 12742 12743 16050 16248 16358 16903 16994
2266 180 469 477 882 1107 1291 1419 1426 1788 2154 2300 2333 2347 2770 2854 2895 2941 3522 4141 4453 4488 5945 6289 6631 6796 7189 7986 8883 10540 10783 11087 11559 12121 12658
2267 252 589 1393 3324 4353 5799 5927 6487 6492 6890 6891 7739 7930 8103 8661 8724 8814 9134 9399 9552 10121 10575 11034 11054 11351 11609 11925 12068 13073 13155 13355 13707 13933 14277 14434 14648 14696 14754 15284 15813 15914 15917 15988 16784
2268 1600 4402 4606 8151 11629 11630 14619 15161 15914 15917 15988
2269 2603 2672 2842 6325 6796 8316 8369 8390 12326 13413 14155
2270 40 1977 2512 2553 2701 3107 3133 3513 3522 3750 4260 4303 4460 7785 8151 8525 9569 9674 10426 10505 11421 16350 16387
2271 4 21 24 48 89 106 126 176 177 189 204 215 222 247 254 272 278 310 365 509 542 558 594 603 611 659 664 787 788 972 973 1092 1191 1275 1332 1337 1366 1380 1470 1698 1738 1841 1985 1998 2083 2100 2101 2102 2454 2457 2656 2758 2916 2927 3243 3329 3338 3339 3397 3509 3590 3612 3636 3639 3680 4004 4093 4143 4217 4403 4465 4606 4721 4796 5282 5547 5574 5649 5792 6111 6208 6332 6635 6702 6812 7579 7728 7916 7953 8051 8235 8401 8865 8905 9350 9508 9644 10105 10136 10549 10643 11001 11432 11611 11662 11861 12360 12536 13277 13314 13529 14355 14883 15583 15881 16600
2272 3365 4250 5094 5818 6047 13829 13993 14584 14710
2273 241 592 594 604 1469 1589 3292 3391 3724 3938 8314 8348 8385 9067 9101 9626 9709 10080 11620 11629 11908 12145 12214 12266 12681 13233 13604 13621 14405 14931 15054 15888 15994 16676
2274 1991 7806 9556 11629 13314 13679 14697 14820 14885 14987 15090 15207 15967 16031 16967
2275 86 256 366 367 533 608 696 949 1605 2456 2529 2553 3613 3931 4488 4559 5155 5514 5799 6268 9719 10027 10997 13229 13288 13572 14314 14574 15621 16006 16099
2276 2440 3807 4394 5094 5818 6047 6834 8419 9154 9597 10464 13099 16296
2277 3865 6013 7586 9556 9712 10261 11033 11826 13403 13448
2278 766 1942 3326 6332 7836 9468 9692 10213 10647 11345 11476 11524 12352 15795 16300
2279 279 2072 2376 2679 3138 3820 4798 6013 6609
2280 256 670 682 738 1598 1977 4221 4277 7672 9659 9917 11367 11715 12782 13071 13674
2281 44 1728 2178 8726 11902 12068 13737 14378 15390 15525 15713 15763 16001 16244 16479 16614 16710
2282 2212 2797 4939 5656 6030 6483 7677 9347 9723
2283 584 1334 1423 3102 3326 5175 6363
2284 298 588 590 634 1050 2414 3329 3365 3608 3684 3718 4504 4734 5831 7562 9004
2285 180 251 321 507 1303 3385 3409 3689 4676 5185 8743 10643 14984
2286 148 173 284 731 1261 1388 1768 1977 2042 2288 2901 2944 3251 3334 3748 3768 3829 3910 3930 4214 5086 5327 5799 6093 6104 6570 7612 9246 9475 9525 10331 14117
2287 19 44 139 176 193 222 241 264 507 554 767 965 1549 1770 1830 1891 1903 1953 2071 2168 2300 2400 2414 2469 2773 2853 2877 2912 2913 3080 3202 3209 3334 3339 3665 3684 3687 3695 3700 3710 3718 3724 3741 3743 3746 3747 3757 3768 3769 3770 3773 3786 3789 3807 3829 3966 4039 4143 4154 4187 4678 5487 5799 6595 8235 9264 9475 12067
2288 985 1583 2451 3078 6917 9800 9979 11018 11192 11542 11830 14990 15474
2289 152 435 437 523 580 600 738 825 837 1119 1275 1407 1526 1726 1745 1888 1932 1958 2321 2824 2863 2886 2912 2913 2960 3003 3126 3270 3282 3329 3416 3573 3716 4526 4530 4610 5578 6510 6859 6972 9244 9449 9695 9750 11264 11375 12932 12946 13818 14462 14482 16933
2290 23 111 112 173 229 241 464 516 652 709 737 770 857 958 967 1132 1145 1252 1291 1572 1809 1977 1978 2018 2231 2525 2528 2656 2665 2750 2806 2867 2910 2912 2913 2927 3066 3273 3584 3725 4118 4249 4692 5147 5262 5775 7015 9108 9845 10115 10226 11752
2291 10 1091 2513 3252 5503 5683 5954 5988 6050 6103 6149 6308 6345 6426 6728 6781 6789 6814 6926 6951 7076 7180 7329 7455 7503 7607 7885 8120 8129 8218 8695 9028 9294 9455 9639 9648 9838 10181 10269 10706 10730 10787 11048 11530 12106 12957 13161 13188 13309 13611 13774 13803 14059 14093 14209 14243 14389 14430 14509 14527 14617 14706 14776 14781 14817 14937 15026 15027 15237 15533 15883 15898 15934 16038 16627 16657 16731 16893 16902 17082
2292 26 176 1600 1991 4711 5065 5109 8235 12067 12068 13230 13314 14216 14751 15914 15917 15988
2293 6877 7265 9059 10418 11761 11767 12087 12783 13524 13788 14193 14424 16350 16387 16804 16909
2294 1974 5383 5933 6184 6377 6890 7162 7491 7492 8644 8645 9121 9867 10014 11091 11245 13092 13093 13381 14183 15390
2295 200 437 1005 1318 2207 2966 3526 4368 5608 6497 7257 7523 8302 9223 9305 9635 11630 12327 13815 14216 14359 14438 15104 15470 15563 15835 16397 17098
2296 1100 1516 2145 4664 6784 8486 9606 9844 9892 10024 10733 11018 11100 11958 12175 12197 14720 15474
2297 48 49 80 112 127 139 153 177 180 181 273 278 324 327 775 966 1037 1165 1377 1727 1830 1928 2141 2249 2250 2262 2791 2912 2913 2916 2950 3042 3101 3138 3294 3421 3553 3596 3636 3684 3733 3734 3741 3750 3773 4030 4095 4157 4170 4188 4216 4258 4260 4293 4467 4567 4630 4674 4690 4721 4772 4776 4777 4849 4865 4878 4888 4948 4966 4981 4983 5003 5009 5022 5094 5282 5404 5509 5523 5586 5828 6654 7044 7046 7579 8088 9079 9315 10076 10593
2298 25 112 531 2862 3333 7396 9465 10771 13757 13815 15390 15665 16135
2299 258 628 649 1169 1436 1953 2317 2881 3493 3648 16783
2300 603 965 8530 10093 11088 11157 13558 13574 13575 15187
2301 836 989 1344 1522 1645 3391
2302 7638 8870 9624 10542 10593 10893 11168 11171 11216 11393 11398 11464 11490 11614 11762 12073 12408 12475 12657 12662 12819 15143 15591 16471 16655 16685 16727
2303 1322 1535 1567 1981 2919 3442 4018 4119 4472 11283
2304 1836 2944 4774 6842 9208 13600
2305 19 341 1959 2196 6112 7467 7506 7988 9131 9264 9428 9468 9730 10980 11164 11959 12256 13249 13354 14103 14220 14389 14825 14999 16590 17071 17072
2306 729 1231 1768 12612 12644 14969
2307 71 139 241 278 453 1196 2809 2967 3119 3161 3202 3209 3228 3229 3366 3664 3665 3684 3695 3699 3724 3733 3734 3773 3789 3966 4039 4171 4175 4184 4218 4258 4260 4477 4567 4655 4678 4772 4863 5005 5009 5282 5799 7579
2308 649 5642 6237 7931 7941 8470 9050 9653 9654 9696 10245 11038 11889 11933 12137 12364 12827 13111 13128 13409 13599 13815 14701 14875 15003 15077 15255 15647 16606 16624
2309 1030 1606 3945 10064 10513 10532 10793 12051 12260 13472 13705 14284 16377 16881
2310 630 1344 1998 2692 2715 3345 3824 4375 4619 5536 5893 7562 7610 7911 9075 9800 9989 10151 10158 10306 10542 10774 10789 10854 10900 11221 11276 11376 11620 11747 12070 12532 12536 12556 12558 12622 12651 12867 13062 13119 13787 13825 13829 14283 14746 14820 15267 15298 16668 16955
2311 1600 12068 12648 13230 13473 13676 13829 14155 14276 14382 14476 14545 14584 14637 14667 14744 14845 15739 16281
2312 259 366 729 875 949 1365 1761 1920 2409 2428 2519 2769 2901 3672 4069 4834 4845 5839 9200
2313 106 393 441 519 830 972 973 1344 1398 1426 1441 1622 1738 1770 1991 2083 2414 2464 2714 2985 3076 3138 3340 3544 4200 4206 4238 4293 4297 4340 4353 4354 4657 4688 4948 4949 5016 5023 5063 5293 5503 5535 5580 5701 5707 5739 5810 5875 5921 5939 5997 5999 6001 6040 6193 6216 6274 6415 6697 6745 6998 7024 7172 7506 7549 7554 7592 7682 7938 8043 8068 8119 8127 8213 8290 8405 8416 8937 9066 9148 9247 9283 9315 9428 9783 9949 9989 10026 10106 10337 10376 10954 11168 11169 11435 11773 11923 12379 12525 12539 12548 12580 12662 12841 13153 13819 14187 14277 14754 15032 15045 15107 15315 15430 15507 15556 15925 15943 16560 16836
2314 259 4090 5722 6057 9350 11864 13064 13282 13366 15400 16070
2315 2674 4459 6116 11950 14987 16061 16321 16348 16350 16387 16631 16633 16665 16712
2316 2782 3690 4198 4450 6110 8399 9183 9510 10061 10124 10277 11145 12435 12956 17032
2317 213 310 579 619 958 1089 1139 1410 1470 2289 2388 2586 3078 3202 3209 3288 3289 3293 3486 3584 4233 4370 4761 5015 5371 5901 6091 6906 6929 7007 7350 7487 7624 7736 7803 7806 8169 8289 8424 8632 8697 8765 8855 8959 9002 9020 9039 9231 9570 9627 9825 9849 9918 9969 10018 10074 10319 10408 10483 10564 10587 10609 10695 10854 10880 10925 10956 10969 11191 11277 11293 11346 11377 11397 11652 11812 11833 11943 12329 12335 12347 12349 12555 12649 12651 12679 12684 12760 12880 12937 12991 13076 13097 13113 13153 13221 13236 13283 13311 13313 13326 13373 13410 13437 13439 13487 13534 13537 13675 13815 13832 13884 13885 13897 14155 14176 14282 14465 14530 14767 14829 15004 16296
2318 30 1451 10279 13581 14048
2319 1600 3829 9687 12887 13230 15153 16230 16350 16387
2320 88 222 512 2036 3700 8498 10017 11627 12339 12342 12468
2321 298 2376 3338 4265 4281 4312 5298 5299 5443 5985 6214 6221 7505 9508 16703
2322 514 1192 1420 4367 5072 6207 6796 7112 8019 8122 8424 9203 9281 9473 9569 9638 10707 10788 10805 10854 11682 12072 12121 12202 12249 12403 12685 12735 13047 13460 13471 13514 13787 13815 15698
2323 914 4130 4625 5831 6174 8613 8795 9067 9502 10636 10705 11134 11167 11905 13263 14045 14884
2324 44 298 1868 2656 3710 4080 4081 4967 5121 5725 5831 5850 5906 5942 6054 9253
2325 241 511 1960 2229 2430 2901 3011 3770 4515 5773 6541 6988 7800
2326 1423 1666 2249 2250 3149 3151 3166 3482 3550 3724 3914 4200 4206 4775 5330 5796 5927 6187 6312 6354 6363 6493 6913 7053 7341 7428 7635 7705 7901 7932 8219 9708 10778 11039 11119 11137 11615 11627 11700 11747 12214 12355 12364 12390 12408 12468 12475 12623 12649 13076 13111 13153 13533 13654 13751 13927 14035 14261 14283 14688 14820 14984 15249 15398 15564 15579 15622 15630 15822 16224 16818
2327 176 458 733 1273 3866 3942 6072 6714 7708 8235 9690 10595 10600 12330 13208 13746 14334 14384 14786 15123 15187 15500 15772
2328 24 176 453 503 689 1366 1483 1522 1634 1744 1807 1864 2065 2071 2889 3107 3342 3438 3979 4834 4958 4964 5188 5327 5330 5441 5725 5818 5906 6055 6182 6269 6482 6544 6803 7000 7416 7605 7722 7858 8060 8061 8114 8213 8235 8346 8361 8435 8461 8498 8690 9157 9175 9179 9388 9453 9461 9541 9860 10051 10059 10065 10127 10147 10148 10195 10260 10419 10504 10528 10555 10725 10744 10906 10948 11031 11068 11143 11186 11193 11385 11398 11404 11576 11654 11685 11704 11946 12252 12273 12545 12796 12859 12996 13617 13667 13741 14038 14090 14423 14683 14895 15017 15416 15986 16709
2329 183 1314 2308 2531 3298 5283 5287 9800 12759 14260 16668 17040
2330 360 1349 5809 5836 8909 10412 12266 16186
2331 884 3207 3382 5565 5799 5830 10227 10375 11212 11732 11823 11894 13529 13815
2332 650 708 1344 1454 1695 2022 2710 3258 3710 4107 7768 8231 9208 9526 13109 13309 13976 14099 14579 15257 15567 15568 16305
2333 2071 8354 10080 10773 12219 12267 13484 14423 14928 15153 15857 16156 16365 16501 16680
2334 377 633 2462 2574 2916 4359 4395 4721 4890 6547 7037 8362 8430 8446 8683 11015 11427 11659 11733 11734 12035 13386 15034 15264 15382 15392 15743 15834 16354 16360 16776
2335 189 511 2502 2901 3322 4796 5436 6272 8151 8595 10593 12343 13220 13233 13907 14987 15465 15857 15885 16253 16568 16822 16854 16915 17095
2336 303 775 982 1466 1770 2454 6417 10950 14418
2337 111 242 705 712 1058 1614 1728 3337 3608 3972 4276 4786 6134 7046 7079 7116 7327 7553 7936 10956 11383 12067 12068 12330 12563 12579 13282 13509 13833 14384 14438 15066 15914 15917 15988 16021 16205 16253 16350 16353 16387 16396 16842 16854 17095
2338 4774 6884 11000 12436 14044 14216 14743 16691
2339 55 88 121 165 262 265 284 287 348 396 462 482 508 535 556 558 598 630 659 692 708 738 823 836 868 901 902 922 972 973 980 998 999 1006 1016 1021 1029 1044 1048 1116 1136 1161 1162 1207 1214 1291 1364 1447 1518 1524 1564 1611 1669 1768 1795 1861 1874 1876 1952 1979 2030 2046 2103 2121 2278 2308 2411 2457 2564 2574 2605 2649 2805 2809 2927 3020 3142 3144 3303 3340 3423 3515 3590 3631 3651 3682 3762 3845 3934 3969 4093 4129 4259 4262 4277 4302 4318 4363 4371 4394 4549 4640 5287 5440 5457 5465 5471 5507 5641 5710 5753 5756 5821 5954 6003 6004 6154 6256 6318 6326 6332 6940 6995 7015 7114 7348 7536 7711 7910 7970 8128 8242 8498 8673 8854 8914 9203 9497 9561 9591 9607 9695 9714 9970 10013 10675 10771 11020 11276 11376 11490 11618 13090 13171 13910 13912 15189
2340 689 3382 4563 9979 10770 11891 13329 15665 16586
2341 2454 3332 7271 8303 13212 13456 13459 13619 13846 13878 13884 14100 14162 14346 14348 14427 14488 14621 14729 14774 14790 14918 15151 15434 15609 15783 16187 16305 16358 16655 16787 16842
2342 106 542 1012 1124 1221 3532 5057 5777 7072 7225 8757 9132 9937 10136 10248 12182 13909 14176 14677 14829 14877 15301 15389 15398 15722 15809 16069 16354 16452 16669 16685 16764 16987
2343 2502 2673 2862 2901 2948 3652 4393
2344 149 3011 3796 4730 7753 16023 17013
2345 659 871 892 960 1675 1818 1874 2211 2244 3590 3678 5494 7041 7627 7659 7828 8590 8619 9124 10522 11356 12607
2346 306 1960 3463 3929 5901 6552 6869 8764 9462 10883 13397 13419 13733
2347 2256 2440 3807 3933 4633 4786 4806 4991 5097 5107 5528 5621 6595 6629 7704 10423 10464 12465 13737 14818 14865 16396
2348 72 607 949 1416 1728 1732 1761 1865 1920 2409 2428 2799 2942 3081 4177 5242 6905 7087 7356
2349 205 2317 4291 5022 5799 5998 7258 7936 8293 8362 10279 10314 10402 11519 16648
2350 139 1182 1223 2048 2138 2562 2864 4161 4183 4206 4218 4397 4612 4751 4885 5245 6299 7052
2351 89 721 972 1274 3169 3337 3338 4138 4717 5067 6588 7667 8267 9239 9392 10017 10771 11070 12209 12468 13221 13387 16148 16193
2352 1321 1486 1704 5104 6872 10546 11018 12070 12978 15074 15306
2353 309 1149 3058 3324 3325 3326 3768 4254 4874 5498 8066 9626 9820 13003 13076 13621 13869 14153
2354 1196 3742 3772 7187 7875 9877 10579 13552 16673
2355 87 266 298 517 796 1579 3193 4833 5051 6087 6691 6763 7013 7028 7211 7590 7713 7714 7754 8422 9741 9852 10057 10198 11189 11934 12006 13125 13764 13770 13959 14092 14378 14574 15077 15914 15917 15928 15988 16263 16612 16993
2356 32 1474 2538 2620 3736 7130 9629 10856 12068 13781 14314 14919 15352
2357 3333 4402 4474 10710 11629 11630 11668 12338 12346 12376 12649 13063 13076 13233 13409 13454 13674 13885 14216 14744 15564
2358 190 1196 1806 5717 6914 6924 7010 7217 9316 10291 11192 11809 12357 12410 13537 14110 14405
2359 19 193 805 2392 2897 3861 3983 4189 4235 5196 5666 5801 6846 7467 7849 8396 8568 9056 9264 9329 10421 10544 10764 11822 12060 12986 16762 16984 17036
2360 4345 5462 6220 6877 9574 11424 15795 16511 17076
2361 143 177 199 303 407 468 521 555 557 589 749 795 820 892 900 966 1034 1078 1079 1102 1106 1117 1198 1242 1269 1275 1290 1321 1329 1380 1390 1442 1452 1466 1483 1498 1603 1746 1798 1799 1800 1802 1809 1811 1839 1846 1950 1954 1985 2034 2127 2168 2172 2177 2223 2235 2237 2281 2289 2408 2436 2469 2495 2523 2586 2638 2756 2772 2814 2837 2892 2902 2980 3014 3052 3097 3129 3236 3468 3566 3681 3818 3902 3960 4134 4409 4428 4449 4473 4505 4625 5017 5039 5195 5274 5275 5431 5518 5548 5594 5670 6036 6097 6277 6323 6400 6469 6606 6667 6827 6831 6947 7042 7095 7211 7264 7376 7396 7506 7623 7712 7818 7842 7997 8098 8159 8324 8453 8520 8541 8636 8845 8874 9109 9272 9285 9311 9359 9378 9428 9487 9552 9811 9840 9980 10023 10477 10489 10490 10491 10996 11005 11098 11133 11490 11548 11587 11859 11950 12217 12234 12821 13017 13705 13757 13857 14318 14498 15025 15465 15533 16309 16421 16515 16785 16885 17014
2362 224 500 1727 3363 5739 9794 10141 10153 10781 10979 11409 11619 11662 12456 12471 14481 15707 15860
2363 226 801 1152 1246 2127 2414 3113 3488 10303 12246 15198
2364 180 2597 3099 3202 3209 5071 5420 5805 7049 7306 9917 11753 12659 13801 16471 16560 16727 16733 16903 16957 17049
2365 19 71 97 121 163 174 177 196 215 240 249 287 305 335 437 447 453 497 498 510 545 575 587 590 594 603 620 655 659 675 892 938 997 1046 1059 1063 1145 1147 1169 1182 1209 1269 1275 1361 1364 1406 1540 1541 1574 1606 1622 1657 1663 1703 1894 2240 2256 2287 2317 2356 2475 2544 2549 2594 2656 2850 2903 2910 3059 3071 3278 3370 3401 3500 3585 3590 3634 3674 3728 3789 3803 3873 3975 4170 4203 4265 4266 4268 4277 4284 4291 4302 4330 4589 4880 5050 5091 5496 5614 5649 5675 5677 5694 5799 5805 5833 5998 6208 6508 6677 6679 6835 7111 7200 7315 7400 7506 7510 7656 7842 8329 8876 9193 9264 9330 9428 9434 9556 9702 10087 10784 10951 11619 11825 11963 11989 12504 14889 16937
2366 675 2201 5694 9800 10106 10819 16668
2367 93 106 542 731 2115 4030 4189 4293 4341 4786 4828 5481 5729 5999 6426 6807 7117 10136 16396 17077
2368 7952 8072 10801 11204 11380 12376 13270 13715 16911
2369 331 1698 1912 3322 3460 3608 5910 6451 9164 9625 9644 9917 10005 10056 10646 10650 10932 10950 10993 11151 11182 11568 11607 11673 11830 12343 12784 13274 13934 14501 14638 14883 15074 16119 16377 16822
2370 1103 1407 2109 2393 3142 4006 4355 4397
2371 276 5698 7925 8573 10969 13476 17025 17045
2372 7 19 29 31 44 89 106 166 175 189 215 261 310 406 542 553 622 700 728 849 860 872 989 1136 1188 1221 1339 1483 1614 1646 1688 1731 1738 1768 1769 1822 1934 1936 1981 2227 2288 2463 2560 2752 2773 2790 2828 2978 3076 3376 3558 3596 3748 3803 3814 3887 3978 4100 4155 4657 4734 4796 5015 5573 5730 6286 6391 6505 6609 6922 7054 7301 7393 7411 7606 7614 7641 7717 7881 7890 7954 8758 9253 9264 9468 9800 10136 10299 11082 12495 13893 16668
2373 66 369 1747 1895 3180 3774 4470 4510 10219 10802
2374 145 151 191 241 249 280 332 382 846 856 1599 1991 2156 2169 2257 2283 2537 2573 2648 2683 2864 3065 3103 3132 3136 3159 3176 3184 3219 3259 3264 3319 3320 3421 3458 3480 3494 3510 3636 3689 3693 3724 3733 3734 3781 3870 3925 4029 4035 4143 4154 4158 4160 4161 4178 4183 4205 4210 4212 4213 4217 4218 4234 4254 4257 4259 4260 4264 4268 4277 4289 4293 4307 4309 4314 4330 4347 4355 4361 4362 4364 4383 4387 4397 4399 4469 4500 4524 4556 4593 4612 4622 4660 4681 4685 4703 4715 4743 4745 4752 4768 4783 4852 4999 5001 5019 5020 5078 5079 5098 5151 5177 5203 5218 5221 5228 5264 5277 5301 5320 5337 5351 5353 5359 5363 5370 5371 5388 5404 5418 5439 5444 5449 5487 5493 5498 5517 5558 5563 5564 5565 5586 5602 5617 5620 5632 5633 5681 5685 5711 5765 5812 5815 5829 5831 5842 5858 5894 5903 5940 5951 5982 5990 6017 6038 6052 6054 6063 6067 6080 6101 6105 6119 6124 6135 6153 6270 6294 6313 6343 6375 6380 6386 6389 6411 6447 6464 6488 6566 6570 6601 6632 6653 6655 6658 6660 6663 6715 6719 6721 6755 6760 6848 6897 6906 6956 7001 7053 7114 7204 7249 7268 7367 7377 7419 7421 7477 7547 7562 7624 7719 7723 7735 7737 7762 7803 7937 7981 7996 8150 8222 8239 8247 8261 8303 8377 8479 8523 8524 8614 8632 8730 8792 8798 8850 8854 8879 8886 8942 9021 9146 9245 9290 9340 9418 9486 9561 9611 9626 9631 9632 9667 9694 9708 9783 9800 9807 9822 9896 9900 9916 9976 9986 10003 10019 10028 10106 10131 10157 10190 10233 10306 10313 10360 10425 10428 10432 10440 10521 10565 10584 10588 10614 10674 10680 10713 10714 10715 10737 10739 10771 10804 10819 10823 10831 10868 10869 10873 10938 10946 10954 10955 10958 10966 10984 11009 11011 11024 11058 11070 11081 11111 11115 11139 11158 11163 11168 11181 11198 11211 11212 11221 11222 11275 11276 11296 11327 11374 11377 11378 11392 11398 11403 11489 11546 11556 11581 11595 11597 11635 11659 11733 11783 11794 11800 11805 11812 11814 11820 11840 11858 11896 11943 12017 12020 12031 12049 12050 12072 12112 12146 12162 12167 12198 12203 12259 12290 12298 12307 12315 12319 12360 12364 12369 12430 12439 12466 12468 12475 12483 12502 12558 12610 12625 12648 12657 12663 12693 12706 12707 12765 12775 12867 12895 12933 12937 12944 12962 12971 12986 12990 12996 13023 13042 13060 13063 13111 13153 13215 13222 13253 13262 13268 13269 13277 13506 13520 13533 13534 13557 13621 13632 13647 13663 13706 13725 13726 13743 13870 13925 13936 13937 13995 14016 14020 14261 14264 14283 14348 14380 14382 14462 14487 14616 14634 14635 14679 14685 14698 14708 14720 14773 14797 14820 14850 14875 14891 14894 15056 15113 15185 15263 15273 15311 15313 15389 15392 15564 15565 15579 15591 15689 15743 15783 15797 15807 15859 15862 15863 15876 15885 15887 15931 15948 15951 16010 16021 16044 16054 16061 16088 16144 16187 16194 16224 16239 16252 16286 16302 16352 16358 16368 16472 16563 16655 16668 16676 16694 16696 16749 16755 16770 16774 16781 16807 16809 16818 16821 16823 16846 16849 16918 16919 16955 17054
2375 425 825 1609 6430 6608 10465 11915 12608 13485 14744
2376 278 830 852 1128 1406 1508 1676 1692 1710 1830 1879 2002 2149 2387 2574 2584 2766 3181 3228 3320 3323 3340 3342 3688 3693 3746 3756 3769 3772 3779 4046 4170 4173 4174 4220 4265 4293 4302 4312 4338 4350 4365 4402 4510 4734 4807 4813 4830 4966 5246 5247 5328 5396 5425 5456 5684 5725 5872 5876 5906 6067 6174 6189 6381 6422 6545 7187 7469 7579 7835 8280 8354 8386 8726 9164 9203 9502 9661 9693 9696 9830 9983 10675 10994 11177 15554 17077
2377 176 320 1037 1349 2560 2700 2701 2753 3259 4762 5152 5553 6924 7183 7562 7845 8162 8206 8231 8235 8419 8796 8814 8919 9493 9544 10121 10421 10600 11314 11351 11685 11822 11848 12131 12260 12268 12446 12795 13058 13229 13246 13488 14054 14203 14208 15169 15309 16377
2378 2740 3038 3509 4795 8867 12812 13371 13537 16650
2379 264 975 1235 1279 1600 2140 2742 3332 3338 4361 5327 6187 6767 7724 8255 8262 9508 10432 12067 12068 12338 12358 12714 13267 13314 13495 13626 13661 13829 13885 14153 14216 14751 14940 15445 15914 15917 15988 16275 16368
2380 6998 7075 7775 8080 8218 8220 11709 15171
2381 500 519 2072 2376 2432 3005 3045 3107 3338 3563 4260 4288 4294 4530 4720 4805 4873 4970 5124 5222 5423 5502 5593 5659 5805 9490 12227
2382 499 817 9690 10777 12592 12608 14546 14637 15857 15889
2383 254 1991 3522 8190 11028 11393 12614 13311 14688 15212 16194
2384 37 239 270 1556 1859 2105 2190 2918 3163 3212 3288 3299 3637 3957 3982 4747
2385 753 1777 2989 3382 5828 6786 7705 8517 8664 9037 9694 11635 11735 11973 13227 13833 14038 14369 14751 15822 16956
2386 112 571 592 639 892 1981 2100 2451 3381 3733 3734 4298 4332 4678 4688 4875 5010 5991 6077 6518 7592 7659 7725 8004 9178 9324 9508 9536 9561 9666 9830 10032 10033 10178 10305 10521 10591 10653 10659 10924 11224 11685 13354 13618 14087 14088 14314 14405 14467 14535 16522
2387 3104 3684 3741 4170 4219 4366 5171 5493 7175 9233 9718 10140
2388 3067 3872 4317 7728 8053 8646 9125 9201 11495 12222 12356 13184 13398 13794 13812 13895
2389 437 660 892 1664 1845 1934 2365 2507 2597 2995 3782 3910 4466 5535 6043 6514 7000 7347 7616 7974 12652 14119 15545 16950
2390 1904 2698 4244 5887 7211 9234 11972 16984
2391 106 866 867 989 1698 1953 2174 2494 2601 2828 3251 3329 3718 3747 3784 4230 4246 4290 5282 5799 5933 5963 6264 6765 9508 10005 11151 11277 14049
2392 623 637 858 2585 3417 4172 4752 5487 5821 9508 10570 11506 11727 14820 15707
2393 126 176 347 851 1246 1525 1641 1719 2553 2927 3057 3326 3488 3892 4171 4643 4838 4908 4936 5327 6367 6988 8235 9712 10542 10803 14792 15579 16224 16409 16883
2394 1891 3121 7520 8278 8528 9235 9870 10094 10347 10916 11061 11312 11441 11845 12377 14864
2395 511 1535 2143 3776 6160 8367 8430 8613 9566 10194 10553 10717 10924 11273
2396 618 644 2251 2797 3509 3698 4101 4303 4583 5009 5037 5164 5303 5825 6569 6618 11482
2397 22 36 46 86 145 177 178 428 437 446 507 558 582 592 600 611 633 747 775 848 869 946 1092 1142 1291 1313 1366 1472 1488 1506 1579 1598 1784 1794 1808 1913 2016 2130 2133 2154 2162 2168 2304 2458 2469 2493 2554 2581 2698 2764 2784 2848 2863 2893 2951 2973 3068 3078 3139 3163 3461 3471 3481 3564 3586 3612 3697 3716 3746 3825 3969 4146 4193 4205 4243 4244 4250 4265 4273 4351 4368 4371 4381 4385 4387 4399 4527 4738 4924 5005 5028 5160 5218 5847 5857 5909 5957 6046 6220 6236 6342 6366 6369 6392 6403 6416 6509 6630 6632 6647 6763 6803 7107 7348 7385 7386 7451 7525 7647 7696 7724 7837 7878 8033 8036 8262 8431 8578 8614 8665 8685 8707 8708 8735 8741 8790 8811 8903 8953 9073 9118 9136 9217 9228 9299 9346 9348 9574 9631 9646 9693 9774 9794 9818 9840 9981 10081 10124 10157 10229 10249 10275 10407 10498 10505 10552 10593 10609 10700 10875 10887 11092 11116 11163 11210 11221 11259 11263 11277 11328 11340 11373 11438 11507 11510 11545 11555 11584 11596 11601 11626 11630 11642 11682 11709 11713 11719 11732 11768 11799 11820 11828 11848 11885 11891 11920 11947 11964 11984 12040 12058 12059 12063 12067 12251 12287 12319 12322 12323 12324 12334 12338 12359 12361 12443 12475 12525 12592 12658 12666 12719 12838 12844 12918 12921 12940 13028 13029 13063 13102 13194 13202 13230 13337 13357 13374 13409 13472 13480 13533 13539 13546 13561 13581 13584 13600 13823 13825 13862 13900 13936 14015 14028 14128 14172 14174 14189 14276 14291 14374 14378 14452 14514 14531 14545 14600 14633 14668 14687 14770 14788 14796 14808 14818 14845 14847 14887 14913 14917 14925 15056 15135 15184 15185 15187 15189 15200 15220 15263 15349 15398 15416 15499 15529 15535 15538 15676 16945 16957 17076
2398 89 329 542 799 1070 1968 4139 4848 5566 6273 8721 8775 10136 11171 12072 12657 13783 13881 14940 15053
2399 689 2454 8332 9689 9878 11614 12406 13236 13314 13386 14331 14688 14897 15185 15294 15606
2400 5967 6487 9729 10718 11052 11869 14617 14626 15533 16059 16060 16657
2401 15 89 293 590 593 788 914 989 1751 1792 1891 2652 2807 2976 3074 3080 3259 3322 3324 3340 3341 3710 3748 3851 4225 4387 4692 4786 5351 5430 5451 5504 5527 5636 5902 5985 7605 7610 7798 8429 8599 8835 9026 9076 9234 10074 10242 10542 10678 10725 10745 10788 10819 11157 11159 11432 11436 11628 11858 11923 12038 12308 12743 12944 13412 13514 13558 13676 13704 14099 14263 14606 15768 15783 15885 16375 16396 16419 16655 16762 16822 16984
2402 3333 4682 7195 10542 11948 12451 13409 14936 17040
2403 528 733 886 1607 1625 1663 3254 5915 6187 6779 11004 11629 11630 12329 12331 12338 12341 12344 12351 12359 12360 12362 12364 12366 12472 12476 12608 12649 12650 12654 12714 12819 13076 13097 13107 13111 13113 13153 13199 13221 13224 13234 13236 13277 13314 13326 13330 13334 13386 13409 13412 13413 13487 13537 13568 13660 13700 13705 13746 13821 13829 13834 13870 13884 13897 13913 14152 14157 14216 14268 14276 14285 14331 14382 14435 14476 14538 14637 14667 14708 14729 14744 14751 14773 14820 14897 14925 15003 15112 16429
2404 7805 8380 11966 13151 13276 14038 14143 14702 14864
2405 2451 2727 4263 5836 8023 15192 15749
2406 176 298 500 519 523 545 610 951 1169 1380 1446 1836 2583 2621 2791 2809 2851 3304 3330 3333 3522 4141 4432 4873 5241 5327 5799 5952 6003 6004 7119 8036 8235 8429 8573 8854 8974 9151 9444 9462 9527 9626 9800 10217 10227 10229 10711 11217 11397 11491 11524 11536 11639 11662 11812 12020 12317 12334 12365 12428 12436 12536 12592 12649 13075 13076 13221 13234 13314 13386 13413 13542 13621 13787 14331 14462 14559 14744 14897 15324 15564 15579 15646 16224 16343 16348 16668
2407 323 664 2447 2515 2516 2553 3382 3639 3750 4467 12376 15413
2408 592 2451 2605 2700 3665 3684 3966 4171 4185 4505 5009 6013 6935 7075 7816 9558 10993 11275 12376 13825 15627 16409 16667 16883 16962 17040
2409 3169 3377 3719 4024 4216 5637
2410 3070 4352 5876 7325 7953 8151 9674 10118 10710 10779 10833 11376 11421 11495 11735 11872 12337 13699 14284
2411 148 215 253 517 571 745 1149 1352 1628 1931 2240 2472 2750 3202 3209 3228 3397 3557 3789 3829 3876 4216 4355 4401 4778 4907 4972 5121 5386 6115 6167 6173 6222 6473 6598 7724 8088 8244 8360 8429 8850 9075 9475 9561 10505 10721 10933 11520 11701 12460 12660 12777 13664 13753 14484 14566 15249 15333 15342 15885 15964 16329 16511
2412 3338 4185 5400 6525 7075 7093 7775 8220 12068 14637 15889
2413 21 709 2078 2095 2667 2994 3042 3126 3339 3573 4665 8921
2414 183 213 230 319 516 697 731 796 825 857 880 928 1225 1227 1418 1551 1724 1788 1814 1825 1858 2008 2305 2764 2766 2851 3000 3110 3266 3288 3545 3627 3744 3882 4243 4269 4279 4336 4529 4557 4563 4572 5246 5929 7212 7314 8397 8735 9708
2415 4219 4305 7797 7823 9093 9163 9712 14987 16445
2416 213 2025 2163 2851 4816 5110 5703 5868 6332 6349 7297 8109 9265 9503 9700 9761 10102 10103 10615 10734 10844 11249 11956 12128 12154 13138 13708 14003 14308 14350 14373 14374 14630 14713 14832 15073 15515 15520 15568 15572 15581 15697 15777 15778 15853
2417 706 822 3800 8256 9316 9722 10705 12470 13971 14003 14929 15394 15688 15857 16415 16416 16567 16610 16888
2418 102 2750 8651 10621 12068 12575 12608 13679 14038 14751 15822
2419 310 1770 2954 3522 4302 5831 12302
2420 129 946 1680 2626 2781 4211 6786 6818 8327 10025 10153 11222 11948 12451 12608 12714 14384 14637 14686 14792 16253 16946
2421 1113 1174 2130 3104 6118 6259 7838 10263 11089 11872
2422 7 1775 2513 3732 4967 5037 5892 5968
2423 2950 4230 5194 5799 6765 9559 11386 13242 15228 15361 15734 16006 16148 16193 16291 16352 16406 16666
2424 278 393 1406 1904 3101 3111 3125 3340 3684 4170 4171 4347 4361 4681 5022 5990 6017 6031 6052 6067 7053 7075 7469 7547 7579 16368 16409 16883
2425 109 3294 4288 5096 5829 6741 8327 15597
2426 499 1005 4123 4471 5007 5200 8514 10221 10258 10358 13509 13567 14224 14656 15157
2427 6401 6510 6859 9449 10155 10156 10198 11030 13917
2428 2031 9042 14538 14611 14888 16021 16655 16770 16809 16836 16969
2429 1556 1715 1933 2105 2192 2552 2554 2657 2658 3071 3108 3252 3982 4234 6211 6583 6643 6923 7219 7356 7406 7549 7949 8043 8416 8498 8705 8751 9967 10055 10155 10156 10417 10979 11506 11507 11538 11644 11837 11930
2430 241 1600 1953 3129 3221 3338 3522 4182 4265 4341 5318 5799 5917 6779 8069 9626 9690 10140 10186 10406 11380 11391 11423 11629 11630 11662 11973 12077 12252 12338 12342 12376 12428 12476 12608 12649 12781 12819 13076 13282 13346 13558 13621 13660 14216 14792 14928 15153 15195 15579 15857 16205 16224 16353
2431 2912 2913 3324 6013 8278 10295 10519 12053 14108 14680 15372 15750 15885 16048 16134 16205 16388 16473 16655 16734
2432 393 2078 2095 3091 3747 4786 7547 9091 9987 11042 11108 11748 11826 11926 13413 13815 14170 14538 14620 16048 16396
2433 106 169 172 315 320 721 882 1131 1222 1639 1680 1703 1847 1914 1999 2078 2470 2569 2618 2626 2786 2903 3104 3256 3322 3336 3425 3431 3514 3575 3710 3757 3765 3781 3919 3982 4036 4057 4100 4178 4225 4277 4281 4305 4308 4383 4385 4387 4400 4687 4722 4747 5045 5079 5247 5351 5354 5580 6113 6153 6179 6312 6332 6589 7021 7035 7121 7261 7439 7532 7552 7654 7660 7731 7757 7806 8020 8179 8274 8280 8334 8418 8835 9117 9409 9686 10013 10161 11073 14035 16703 16822
2434 44 2233 5099 9291 10511 11941 12834
2435 52 1989 3076 3827 16060 16560
2436 127 8149 8785 11076 12057 14176 15006 15140 15343 16162
2437 2163 2710 3343 3349 3350 3978 4025 4382 5110 5441 6055 6270 6520 6640 7439 7755 7816 7981 8151 8290 8342 8566 8701 9005 9485 9697 10058 10133 10297 10463 10522 10556 10761 10881 10908 10925 10946 11007 11090 11134 11179 11231 11284 11296 11361 11448 11541 11585 11636 11677 11694 11760 11816 11903 12016 12246 12635 12803 12918 13265 13310 13316 13697 13773 13788 13868 13877 13999 14010 14122 14149 14240 14241 14247 14349 14461 14995 15057 15105 15191 15303 15378 15479 15576 15581 15997 16188 16310 16363 16404 16634 16701 16715 16816 16929 16957
2438 1216 1380 3391 3938 12468 16148 16193
2439 2821 4599 5420 8905 12343 13220 13509 13612 13812 13907
2440 252 2440 4089 4659 4982 5093 5142 5235 5582 6077 6283 6454 6909 8187 8610 9093 9163 9193 9329 10063 10270 10866 11047 11163 12519 12809 13179 13630 14378
2441 44 148 176 287 715 866 882 1340 1699 1953 2101 2406 2665 3329 3419 3718 3790 4004 4080 4229 6272 8235 9253 11973
2442 2672 10950 11182 12126 12210 12669 12879 13366 13739 14494 14495 14496 14584 16068 16070 16591 16684
2443 6911 6986 7480 7712 9155 9491 10168 10618 12065 12096
2444 93 3256 5286 5394 5678 6332 6410 7009 7250 7456 7938 8234 8617 9247 9808 10601 10729 11011 11118 12067 12447 12474 12649 13076 13429 15556 15565
2445 2142 2297 2551 2912 2913
2446 846 1774 1953 2773 3338 3684 4174 4786 5009 6332
2447 198 235 462 587 589 633 759 1126 1671 2126 2293 2707 4109 5039 6049 6300 7182 9560 9961 10729 11386 11426 12013 12108 12156 12318 13475 14150 14245 14405 15212
2448 1823 4786 11138 11556 14405 16396
2449 310 689 1172 2903 3522 4448 6163 6259 6684 7499 8269 8461 9160 9780 9882 10010 10057 11529 12790 13957 14276 14868 14912 15590 16535
2450 1036 2411 3398 11414 12346 14263 14698 15254 15328 15432 16839
2451 177 238 1261 1945 2798 3088 10773 13284 13538 13743 13826 14263 15254 15682 16781 16818 16955
2452 171 8442 8894 10033 11209 14915 15873 16327 16480 16553
2453 207 507 1207 1590 1991 2291 2639 2812 3656 3758 4270 4370 4448 4748 4936 5066 5246 5351 5398
2454 219 394 1396 1475 1496 3102 3550 5351 10893
2455 1735 3326 3332 4158 4400 9319 12329 14462 14751 16116
2456 23 63 70 139 163 165 177 178 180 195 201 210 278 332 393 405 453 459 487 505 664 691 695 775 869 874 961 1046 1050 1112 1208 1377 1398 1407 1515 1517 1522 1693 1729 1804 1841 1904 1908 1966 1981 2168 2173 2201 2249 2250 2271 2362 2469 2512 2514 2553 2728 2825 2868 2883 2904 2921 3059 3102 3138 3158 3179 3213 3230 3281 3289 3314 3322 3364 3397 3442 3509 3513 3526 3529 3613 3636 3639 3689 3699 3755 3852 3853 4130 4144 4153 4208 4218 4243 4276 4277 4302 4318 4340 4341 4355 4359 4402 4509 4622 4766 4776 4777 4948 5071 5135 5145 5392 5652 5828 5848 5853 5980 6052 6066 6072 6172 6216 6464 6547 6567 6569 6646 6653 6747 6755 6773 6900 6906 6925 7011 7044 7179 7257 7469 7554 7579 7719 8125 8227 8524 8525 9021 9075 9266 9301 9315 9606 9631 9666 9800 9892 10041 10078 10107 10118 10150 10152 10155 10156 10306 10413 10593 10746 10837 10890 10938 10978 11009 11014 11168 11170 11171 11216 11219 11221 11275 11276 11398 11403 11425 11488 11490 11496 11619 11783 11858 12021 12054 12338 12408 12536 12558 12622 12625 12765 12777 12833 12867 12933 12986 12996 13023 13229 13529 16668 16822 16873
2457 496 879 3857 4742 8631
2458 3202 3209 3322 4174 9164 10159 13509 14476 14885
2459 1092 2644 3474 7856 11498 12346
2460 572 633 2101 5576 12743 13792 14300 14965 16321 16507
2461 349 367 437 511 518 772 943 949 1318 1416 1717 2253 2502 2959 3011 3415 3586 3622 3626 3830 4060 4129 4185 4200 4475 4597 4776 4777 5101 5767 6192 6268 6459 6993 7989 8151 8658 9973 11477 14193
2462 173 190 253 259 276 298 441 511 594 817 1106 1602 2496 2597 2600 2708 2809 2879 2902 2944 3340 3622 4060 4129 4181 4237 4265 4315 4764 4875 5017 5332 5503 5717 5773 5799 5839 5844 5887 6238 6676 6988 8219 8658 9108 9718 9973 10462 11258 11700 11902 13633 13646 13810 14360 14449 14529 15103
2463 3608 4361 5553 5799 5831 8854 10432 16368
2464 1775 1922 3774 4532 5071
2465 2179 3443 5580 5677 6479 6531 6789 7174 7370 7880 8142 8961 9432 9504 10239 12816 13442 13964 14439 14838 14999 15821 15886
2466 1834 1985 2144 2257 2483 2585 3065 3229 3593 4176 4223 4260 4681 4705 5256 5487 6173 6464 7017 7085 7371 7932 9892 10938
2467 1770 1910 2060 2353 2803 3050 3495 3522 4209 4315 5787 6885 7612 8499 8762 9557 9907 10097 11150 11722 11950 11982 11985 12186 12224 12250 12342 13156 13261 13407 13521 13586 13743 13871 14292 14384 14611 14687 14688 14848 15215 15294 15391 15441 15454 15564 15565 15569 15594 15608 15679 15694 15695 15742 15760 15781 15799 16088 16330 16405 16448 16463 16997
2468 4 7 40 82 173 177 191 215 234 412 487 588 620 623 625 739 882 961 966 1128 1132 1191 1277 1382 1569 1700 1774 1904 1977 2068 3045 3050 3107 3283 3294 3364 3382 3636 3675 3695 3750 3799 3835 4001 4059 4170 4171 4288 4289 4303 4421 4504 4674 4910 4915 4978 5078 5108 5152 5205 5244 5303 5372 5545 5553 5810 5813 5831 6006 6013 6071 6356 6569 6822 7337 7468 7547 7614 8372 8525 8614 8854 9004 9079 9316 16409 16883
2469 9009 9995 11539 12819
2470 186 11152 11685 11956 12899 12962 13320 13589 13632 13931 14200 14341 14833 14978 15363 15568 15765 15971 16106 16228 16479
2471 166 197 542 3935 5504 5875 7641 10136 11167 12408 14636 14915 15153 15783 15914 15931 15967 15988 16031
2472 3023 3684 4170 4171 7787 7790 7791 8597 9827 10240 10870 11687 11942 13565 15148 15991 16409 16611 16883
2473 179 565 569 652 672 688 1256 1791 2605 2910 3398 3523 3786 4251 4437 4795 5367 10326 11255 12332 12669 13825 15892
2474 617 1004 1065 1093 1270 1357 2025 2184 2245 2530 2680 2797 2826 3388 3406 3575 3828 4057 4278 4607 5543 5882 6207 6381 6421 6695 7119 8712 9042 9825 10038 11277 11505 11691 12004 12137 12329 12366 12456 13221 14433 14688 14899 17086
2475 117 189 664 1824 3382 3639 3684 3724 4796 5880
2476 144 894 1600 2032 2820 3139 4318 7610 8289 8882 9500 10771 11635 12077 12243 13993 14276 14618 15077 16873
2477 148 691 1389 2048 2261 2287 3724 3870 4258 5078 5758 6744 6824 7547
2478 716 1230 2051 2293 3408 3505 4101 6592 7888 12461
2479 3443 5327 8051 8905 9410 9979 10548 10936
2480 156 241 360 676 677 5879 10932 12361
2481 903 1085 2123 2673 2769 2902 3306 4203 4863 5107 5235 5726 5811 6173 6593 6754 6963 7017 7371 12940
2482 1092 2100 2101 2102 2644 4074 4806 4966 5067 5432 5746 5792 6141 6370 6657 6979 7200 7510 7667 7797 9078 9552 9712 9772 9972 10600 10807 10945 11041 11116 11825 11920 12053 12198 14025 14104 14399 14641 14664
2483 4200 4385 4645 5330 6757 7728 8213 9688 14187 14398 15059
2484 3332 10773 11935 14837 15416 16522 17080
2485 5907 9206 11954 12306 12896 13930
2486 163 175 176 249 371 900 1203 1904 2498 2828 3322 3333 3382 3397 3509 3550 3636 3675 3940 5197 5259 5504 5712 6544 6599 7381 7441 7964 8219 8235 8386 9047 9079 9343 9373 9472 9628 9800 10093 10166 10476 10570 10849 10870 11003 11275 11615 11700 11762 11943 12190 12205 12338 12343 12353 12354 12360 12429 12536 12657 12920 13045 13059 13153 13277 13536 13647 13894 13910 14010 14153 16668 16822
2487 942 1005 1931 3101 3329 3401 3789 3810 4100 5079 6258
2488 176 189 1063 1454 1692 1772 1830 1885 2015 2142 2890 3138 3326 3342 3525 3692 4171 4796 5493 6129 7317 8235 9315 16409 16883
2489 924 4483 5080 5689 6308 7834 7839 9062
2490 542 2139 2328 5091 5817 5939 7307 10136 10646 10821 10849 11231 11613 12358 13950
2491 71 161 579 949 1061 1505 1575 1605 1881 2539 2943 3011 3015 3211 3255 3433 3529 4132 6302 6464 8054 8055 10319 11185 11371 15455 15738 15981 16229 16752 16772 16863
2492 1652 2180 2491 5913 6187 9234 9552 9800 11151 11607 11619 12353 12819 12869 13314 13730 16668 16984
2493 1059 1989 2045 2100 2101 2301 2460 2511 2637 2641 2642 2745 3859 4100 4448 4525 5488 5581 5608 5936 5979 6159 6297 6592 6628 6684 6727 6735 6787 6933 7365 7518 7707 7864 8380 8558 8618 8750 9450 9451 9464 9536 9538 9785 9947 10051 10079 10112 10127 10331 10344 10370 10648 10660 10844 11146 11186 11302 11386 11408 11514 11537 11723 11975 12169 12270 12271 12297 12424 12542 12814 12926 13192 13342 13513 13549 14001 14117 14120 14799 14902 14962 14989 15048 15238 15553 15600 15708 15884 15987 16055 16537 16960
2494 174 677 2230 2608 5140 7301 7499 7633 9549 9684 10093 10271 10469 10929 11389 12027 12353 12511 12640 13600 13806 13807 13808 14566 15016 15458 15768 15926 16524 16622 16713 16769 16785 16791 16960 17006 17014
2495 61 508 3419 3422 4305 4317 6071 6395 6425 6496 6663
2496 437 1008 2263 4117 4539 4797 5241 6159 6573 6606 6690 6753 7530 7697 8004 8413 8693 8874 8963 9371 9434 9493 9507 10043 10302 10607 12106 13570 13769 13806 13807 13964 15040 15292 15409 16370 17034 17048
2497 44 72 80 594 914 1050 2773 3076 3138 3241 3663 4365 5101 5573 6431 7054 7393 7411 7606 9315
2498 19 23 47 48 148 149 173 176 177 189 193 197 223 227 246 247 250 253 278 298 331 469 677 825 866 867 880 949 967 1050 1096 1131 1132 1178 1606 1640 1699 1770 1772 1804 1824 1830 1977 2038 2353 2490 2509 2652 2665 2784 2791 2809 2867 2901 2916 3045 3169 3202 3209 3254 3332 3333 3338 3382 3509 3522 3684 3695 3710 3728 3729 3731 3756 3768 3770 3777 3789 3807 3829 3852 3971 3972 4062 4170 4171 4217 4218 4219 4244 4266 4280 4281 4302 4315 4361 4369 4380 4386 4392 4402 4721 4796 4948 4966 5051 5171 5264 5327 5334 5708 5744 5799 5963 6120 6174 6220 6695 6766 6900 7547 7579 7953 7984 8088 8151 8235 8667 8731 8789 8796 8854 9043 9200 9264 9468 9475 9544 9552 9558 9574 9625 9631 9633 9689 9762 9812 10013 10041 10124 10221 10432 10589 10593 10672 10778 10833 11024 11036 11234 11276 11345 11374 11391 11399 11400 11487 11537 11539 11613 11630 11891 12026 12068 12193 12337 12338 12342 12352 12358 12359 12360 12365 12366 12518 12714 12731 13220 13233 13277 13282 13488 13509 13869 13907 14140 14153 14155 14189 14276 14284 14398 14476 14545 14779 14940 15421 15555 15564 15579 15857 16083 16224 16226 16350 16353 16368 16387 16409 16667 16703 16734 16854 16857 16883 17076 17077 17086
2499 111 1014 1507 1522 1792 2438 2577 3453 4448 4688 5240 6684 6968 7253 7262 7950 8202 9131 10009 11199 12094 12495 12641 14173 14364 14725 15307
2500 673 2287 5116 6395 7647 9064 10459 10688 16401
2501 463 1092 1318 1620 2102 2414 3322 3509 3636 4176 4277 4318 4402 4838 5685 8705 9234 9631 9666 9674 9807 10041 10505 10608 10646 11276 11398 12343 13230 13314 13488 13780 14267 14382 15030 15179 15781 15857 16822 16873 16984
2502 1812 2405 2624 3628 5485 6278 7198 9801 10594 10703 11801 12747 12869 13410 13461 13730 14974 15297 16270 16299
2503 87 448 462 483 778 793 827 891 918 959 1058 1097 1300 1323 1360 1363 1499 1630 1872 1875 2188 2228 2319 2372 2373 2687 2697 3218 3609 4320 5002 5526 6026 6986 7282 7701 8097 8779 8860 9004 9119 9120 9374 9582 9894
2504 707 4571 9686 11340 11782 12029 12259 15350 16808
2505 1475 2678 9629 12252 14216 14698 14819 15200 15212 15350
2506 161 213 256 812 2634 3227 5165 8254 8319 8320 10893
2507 675 2975 3020 3138 4281 4288 4804 4811 5517 9315 16703
2508 74 166 2716 3322 3390 5504 6605 8469 10896 10900 10945 11636 12714 13235 13258 16822
2509 106 116 2742 2898 3259 3550 4340 4383 4786 4952 6258 6266 7268 7313 8233 8525 8594 8854 9570 10614 10650 10918 11398 11858 12853 12867 13383 14264 14968 16211 16275 16396 16649 16836 17022
2510 116 331 3969 4402 5156 5351 9321 9689 11391 11973 12428 12653 13113 13314 13412 13674 13897 14928 15153 15564
2511 56 161 175 677 767 1149 1196 1344 1407 1770 2454 2553 2857 2863 3071 3129 3750 4110 5799
2512 327 743 1806 2586 3096 3149 3473 3815 4465 5174 5615 5810 5882 6980 8990 9002 9313 10307 10349 10484 10702 11486 12214 12631
2513 1026 11182 11314 12068 12579 14384 14501 15564 15790 16253
2514 453 1172 6834 8419 8636 11152 11393 11685 12418 13485 13520 13654 14341 14383 15473 15899
2515 139 142 159 176 181 251 256 261 272 308 310 311 331 447 696 1382 1710 1755 1868 1968 1978 1996 2102 2130 2261 2270 2313 2406 2461 2494 2505 2574 2692 2821 3078 3125 3126 3289 3294 3314 3331 3365 3429 3447 3478 3507 3573 3599 3695 3708 3716 3737 3748 3767 3768 3790 3835 3883 3951 3972 4018 4020 4039 4138 4157 4163 4217 4229 4254 4255 4260 4276 4277 4318 4357 4384 4424 4738 4757 4815 4996 5022 5143 5152 5189 5330 5381 5385 5500 5547 5830 5867 5982 6006 6039 6101 6234 6386 6463 6719 6841 7511 7628 7641 7856 8011 8235 8290 8679 9136 9162 9283 9292 9626 9708 9800 9807 10019 10061 10306 10933 11538 11555 11606 11614 11639 11814 11997 12318 12406 12573 12986 13337 13488 13538 13621 13714 13730 13971 14118 14216 14406 14701 14796 14888 15006 15254 15359 15556 15565 15760 15822 15885 16048 16054 16668 16873 17077
2516 298 6622 7029 7056 7107 8062 8444 10313 10723 11022 11211 11219 12428 14099 15688 16446 16728
2517 19 21 24 26 27 30 35 41 47 51 72 79 86 90 98 129 136 150 151 159 160 161 163 165 173 178 179 183 188 192 193 196 201 213 224 238 241 246 247 253 256 277 278 301 307 312 331 333 441 500 501 512 514 516 519 523 595 600 611 619 620 660 745 780 800 825 826 833 852 880 937 939 956 967 1082 1131 1132 1149 1178 1197 1199 1200 1202 1239 1240 1260 1266 1267 1291 1315 1347 1364 1405 1416 1418 1475 1506 1556 1574 1579 1609 1615 1622 1626 1691 1700 1706 1709 1715 1763 1804 1814 1836 1837 1845 1855 1857 1859 1868 1888 1891 1927 1942 1968 1973 1981 2014 2040 2043 2047 2095 2106 2124 2130 2132 2141 2162 2166 2167 2168 2174 2181 2224 2252 2290 2296 2310 2314 2317 2324 2333 2338 2409 2413 2469 2470 2486 2488 2489 2490 2491 2505 2511 2520 2523 2526 2581 2582 2587 2594 2618 2619 2620 2621 2655 2657 2658 2677 2704 2705 2744 2745 2750 2764 2784 2791 2810 2821 2832 2838 2848 2867 2877 2910 2921 2930 2973 2976 2978 2994 2995 2996 3000 3005 3025 3036 3054 3071 3075 3078 3089 3104 3110 3112 3129 3168 3174 3182 3202 3209 3315 3329 3333 3334 3338 3339 3340 3366 3397 3406 3412 3471 3486 3493 3563 3608 3610 3612 3627 3635 3640 3662 3684 3687 3693 3695 3703 3709 3712 3714 3715 3737 3741 3743 3748 3756 3758 3765 3770 3773 3776 3783 3789 3825 3829 3852 3864 3874 3927 3929 3943 3967 3972 3993 4011 4034 4039 4040 4044 4047 4050 4096 4138 4155 4157 4164 4165 4168 4170 4171 4174 4195 4196 4209 4220 4224 4226 4230 4241 4244 4268 4270 4271 4273 4276 4277 4279 4281 4291 4302 4304 4308 4309 4312 4317 4339 4346 4348 4349 4351 4352 4357 4359 4362 4366 4370 4378 4381 4384 4386 4391 4392 4399 4401 4402 4407 4424 4457 4483 4558 4572 4606 4677 4702 4734 4760 4813 4835 4839 4858 4870 4872 4896 4993 5015 5156 5186 5212 5231 5247 5318 5334 5359 5366 5381 5422 5440 5493 5520 5565 5574 5586 5611 5616 5638 5654 5664 5708 5712 5784 5799 5800 5821 5830 5836 5867 5894 5952 5998 6009 6046 6085 6123 6160 6171 6174 6179 6214 6220 6221 6234 6257 6280 6303 6312 6332 6381 6547 6557 6626 6633 6646 6681 6765 6766 6828 6884 6948 6982 6992 7011 7022 7151 7258 7435 7511 7547 7579 7612 7614 7646 7668 7711 7776 7937 7963 7998 8122 8221 8280 8363 8414 8427 8429 8430 8445 8446 8498 8509 8543 8583 8614 8711 8726 8728 8729 8731 8756 8790 8796 8854 8865 8869 8914 8930 8934 8951 9020 9036 9040 9043 9075 9085 9118 9146 9164 9203 9213 9234 9264 9266 9267 9278 9332 9381 9458 9475 9527 9528 9544 9546 9559 9574 9606 9611 9626 9627 9629 9674 9686 9695 9718 9759 9788 9800 9807 9819 9820 9833 9880 9896 9900 9922 9962 9974 10003 10011 10013 10017 10019 10040 10049 10139 10157 10194 10217 10228 10241 10308 10311 10327 10365 10406 10434 10439 10454 10471 10542 10593 10638 10646 10672 10692 10701 10705 10715 10717 10749 10805 10810 10838 10862 10893 10900 10924 10939 11051 11177 11273 13621 13640 14686 16300 16409 16666 16668 16703 16883 16978 16984 17076 17077
2518 1673 3057 3866 4397 11432 12548 12653 12832
2519 1943 9686 11340 13334 13679 13829 14382 14686 14688 14708 15207 15745
2520 265 965 1026 1235 2205 2814 2818 5965 6753 7256 9343 9558 9638 9810 12214 12330 14725 14818 16667 17104
2521 689 11380 12217 12376 13011 13781 14251 15212 15729 16048 16091 16296 16792 16927
2522 28 159 1539 1609 1745 3271 4772 5981 9653 12042 12067 12608 12714 13153 13311 13599
2523 223 256 598 655 700 811 1435 1987 2161 2832 2958 3278 3411 3422 3869 4638 5730 5762 5989 6291 6763 6781 7056 8778 8990 9446 9467 9800 10771 10819 11012 11489 11580 11675 11682 11829 12137 14183 14444 14907 15284 15594 16668
2524 112 453 1735 3149 3363 4203 4208 5586 5679 7305 7537 8787 8967 9285 10066 10122 10137 10779 11277 13472 13481 14279 15946
2525 11442 11445 14507 14618 14810 15565 16315 16790
2526 176 261 263 349 447 499 608 1810 2502 2599 3138 3434 4129 4488 4507 5630 6084 6561 7612 7667 8235 9315 9626 9803 13621
2527 634 881 1091 2507 3271 3736 4232 6226 6593 16300
2528 145 1810 2471 2836 3684 3948 4170 4171 4219 4244 4249 5171 5282
2529 106 272 655 927 1278 1306 2051 2583 2902 2903 2904 3202 3209 3278 3672 4440 4505 4532 5677 5793 5887 6063 6067 6650 6796 6812 7628 7880 8019 8029 9301 9457 9476 10218 11380 12319 12579 12785 13412 13656 14498 14917 15025 15257 15530 15768 16676 16866 16868
2530 161 1939 3408 4846 9403 10317 10984 11157 12360 12777 13277 13647 13818 15564
2531 1719 3733 3734 4143 4158 4567 4585 4678 4847
2532 298 1829 5313 5765 5873 6060 6356
2533 78 180 385 753 988 2444 4332 5670 6766 6785 6800 7388 8605 9158 9253 9359 10983 11070 12214 12236 13675 13842 14303 14838 14984 16596 17055
2534 811 961 996 7630 15008
2535 515 608 1026 1316 1700 1806 2400 2451 4550 4551 5035 5799 6485 6625 7468 8151 8214 8252 9724 10317 10854 11305 11894 13397 13695 13856 13928 14089 14264 14365 14628 16186 16481
2536 26 58 106 177 189 194 247 253 310 393 453 509 567 620 731 735 1423 1475 1985 2014 2095 2359 2457 2560 2822 3229 3322 3382 3550 3575 3733 3734 3747 4093 4162 4170 4189 4202 4225 4244 4288 4293 4351 4361 4362 4402 4440 4612 4622 4715 4745 4796 4891 5028 5079 5086 5212 5264 5337 5359 5388 5439 5481 5498 5586 5801 5894 6059 6067 6071 6111 6332 6363 6570 6601 6786 6910 6953 7533 7547 7610 7750 7964 8290 9077 9079 9108 9346 9449 9552 9561 9606 9646 9800 9840 9972 9989 10019 10593 10690 11171 11747
2537 19 215 550 717 1281 1768 2497 2781 3575 3855 4115 4188 4405 5094 5493 5818 6047 6231 6834 6937 7610 8290 8390 8870 9264 11687 12164 17077
2538 965 2123 2375 2664 2693 2815 3684 4170 4171 4838 4977 6818 10394 11046 11827 12067 12068 12579 13078 13282 13439 14038 14265 14384 14406 14424 15579 15760 16224 16353 16409 16883
2539 218 368 421 489 572 573 809 833 843 876 893 1180 1222 1456 1461 1666 2320 2674 2694 2792 2853 2919 3218 3396 3420 3428 3496 3638 3804 4270 4625 4952 5286 5469 5831 6272 6535 7196 7377 7467 8117 8732 9411 9472 9986 10058 10469 11000 11216 12670 12676 13140 13227 13522
2540 184 229 231 243 254 265 572 606 609 1244 1577 1601 1859 2008 2139 2174 2230 2554 2571 2713 2725 3104 3329 3773 3899 3998 4230 5799 6417 6765 7056 7790 8486 8597 8729 8810 11391 11687 12000 14225
2541 646 2317 2737 3344 6424 6737 10093 14608
2542 177 588 1950 2425 2950 3620 3758 4092 4369 4504 8498 10200 10608 10808 11424 11490 11572 11685 11852 11948 12010 12260 12395 12451 12653 12720 12819 12871 13027 13299 13314 13569 13882 14023 14341 15944 16264 16295 16377 16489 16656 16806 17001
2543 241 3499 6990 7299 7728 9508 9688 9720 11070 11391 11747 12576 13978 14382 14708 15352
2544 233 242 519 523 995 1010 1543 1666 1769 2287 2401 2529 2738 3139 3340 3445 4291 4302 4466 4612 4841 4951 5208 5574 5700 5940 5998 6156 6160 6174 6272 6319 6660 6806 6988 7304 7343 7591 7799 7800 8502 8614 8792 9166 9502 10360 11081 11221 11963 12179 13012 13153 13463 14025 14097 14118 14922 14946 14987 15162 15189 15564 16110 17040
2545 3553 4044 4244 5022 5101 5282 5648
2546 27 4130 16655 16701
2547 1636 2605 3691 4162 4342 5374 7798 8728 9629 10464 11393 11686 12468 13993 14382 15168 15514 15556 15880 15885 15917 15988 16461
2548 44 176 197 247 327 500 503 510 3046 4230 4701 8235
2549 34 151 507 542 659 1128 1392 1475 1748 1802 2278 2342 2451 2488 3202 3209 3590 3789 4046 4252 4270 4367 4516 4740 4893 6172 6982 7049 7171 7249 8254 8428 8429 8512 8522 8614 8628 8794 8847 9021 9546 9638 9674 10136 10151 10646 10675 10819 13221 13640
2550 418 572 1175 1511 1593 2262 2269 2617 2900 3057 3398 4032 4666 5675 6373 8517 9253 14273 14508 15857 16226
2551 194 642 1196 1375 1921 2743 2821 3254 3324 4970 8066 9394 9626 9631 10013 10219 10771 10778 10819 11088 11397 11492 11624 11973 12319 12329 12343 12354 12358 12536 12649 12867 13076 13097 13621 13746 13837 13884 13894 14153 14264 14276 14462 14875 14940 16300
2552 106 1131 2904 3891 4270 5985 11255 13163
2553 1169 1498 1799 1801 8051 8829 8905 9410 9589 9979
2554 19 477 1032 3177 5702 7901 8525 8889 9264 11320
2555 4082 6056 6715 8025 9678 9716 11031 11924 14210 14629 14727 14982 15256 15729
2556 310 620 1764 2487 3138 3978 4079 5193 9315
2557 552 970 971 2275 3113 4043 8067 8370 9206 10718 11942 12476
2558 40 2857 3107 3334 3684 4258 5171 6071 8854
2559 3662 3684 3688 4138 4167 4171 4690 4981 5288 5396 5400 5638
2560 172 306 336 1550 2002 2040 2413 2778 2790 2857 3078 3644 3815 3928 4489 4490 4813 5005 5037 5375 5780 5799 6743 6880 7023 7157 7199 7270 7461 7510 7774 7923 7967 8102 8949 9125 9141 9380 9388 9660 9695 10058 10059 11069 11177 11809 11972 12005 12195 12528 12871 13485 15707 16509 16877
2561 10 23 48 75 106 139 149 159 176 177 189 216 241 287 293 313 433 437 507 508 519 592 634 657 689 858 884 896 989 1005 1047 1131 1261 1273 1308 1337 1339 1381 1398 1475 1498 1529 1609 1614 1693 1770 1891 2100 2120 2168 2311 2391 2404 2457 2469 2560 2564 2571 2596 2725 2752 2790 2912 2913 2927 3052 3078 3221 3281 3355 3385 3522 3577 3591 3592 3624 3728 4182 4268 4428 4796 4936 5122 5332 5420 5437 5441 5687 5783 5799 5887 6055 6216 6259 6477 6763 6784 7076 7119 7355 7414 7547 7848 8029 8235 8360 8806 9004 9172 9234 9447 9804 9989 10006 10008 10263 10264 10266 10267 10358 11267 11271 11334 11533 11717 11736 11861 12077 12175 12475 12565 12662 12819 13058 13314 13495 13661 13774 14243 14545 14701 15791 16178 16984 17040
2562 43 2399 2746 3129 6636 10583 12819 13230 13318 14202 14980
2563 331 394 459 592 1278 1645 1728 1950 2578 2698 2700 2750 3259 3608 3695 3803 3816 4177 4363 4533 4842 5200 5830 6374 7289 8596 9458 9800 10156 11070 11168 11402 11528 11935 12075 12390 12468 12824 13353 13364 13661 14735 15853 16578 16668 16992 17109
2564 503 4362 4930 10722 14283 16025 16685 16781 16809
2565 278 2773 3397 3769 4208 4293 4606 5135 5282 7579 8525
2566 241 511 2944 4402 9151 10157 10294 10700 11025 11397 11536 12352 12623 13197 13259 13324 13327 13396 13500 13631 13998 14044 14386 16406
2567 304 465 823 1184 1689 1876 2095 2243 2293 2939 3393 3655 4200 5294 5451 5710 5795 5926 5927 6284 6285 6354 6493 6682 6690 6872 6893 6913 6946 7076 7163 7330 7635 7676 7727 7752 7888 7906 7912 8212 8218 8354 8382 8465 8484 8875 8947 9250 9581 9642 9666 9734 9735 10000 10263 10348 10622 11432 11511 11516 11687 11919 11952 12073 12494 12743 13074 13157 13246 13365 14059 14389 14604 15371 15488 16038 16073 16180 16249
2568 290 411 1977 3079 6802 12353 15565 15862
2569 69 322 691 1750 2857 5374 5822 6075 8353 12359 12579 12608
2570 860 1454 1984 2457 2634 5897 6397 8080 9508 16702 16998
2571 10080 10542 11193 12214 12226 12359 13078 13282 14584 14653 16353 16377
2572 2232 3305 3882 7772 12391 14529 14677 15535 15809 15983 16938 16969
2573 169 338 990 1772 3333 3341 3690 3757 4252 4397 5727 5782 6067 6177 6272 6305 6494 6899 7148 7889 8745 8964 9075 9293 9606 9759 9800 9834 9962 9989 10013
2574 2023 2985 6147 6872 10546 12623
2575 238 1029 1316 1347 1541 1865 1960 3109 3273 3333 3640 3661 3662 3667 3668 3760 3824 4118 4204 4402 4407 4993 5164 5520 5565 5712 5825 5968 6174 6220 6257 6431 6614 6672 7387 9569 9574 10407 10547 10700 10772 10854 11221 17076
2576 523 2906 3969 6012 12867 14002 16740 16909 17016
2577 817 1085 1712 2668 3723 3999 5725 5794 6710 7216 7348 7449 8074 8341 8771 9287 9616 10864 11648 13489 14009
2578 48 2255 4092 6228 6963 12291 12355 12676 13329 13446 13509 13695 13706 13762 13824 13830 14885 15187 15245
2579 1622 2081 2838 3071 3544 5076 6270 7142 9389 9465 10374 10719 11087 11734 11907 12248 12328 12341 12618 12654 13834 14291 14728 15768 15831 16005 16229 16354 16370 16580 16627 16648 16997 17025
2580 25 26 4217 4359 4377 5084 5854 6142 7547 8424 9385 9880 10749 11169 11277 11504 12737 13047 16300
2581 537 7851 10780 11216 11550 11563 14019 16068
2582 28 607 713 1579 4604 4772 4849 11231 12083 12214 12917 14394
2583 298 314 2733 3718 4214 4319 4530 4604 4877 4891 5086 7617 8147 8568 9280 9316 11331 12068 12122 12853 14532 14974 15195 15550
2584 2 377 1497 2038 5924 6270 13055 13385 14515 15264
2585 6130 6752 7197 8779 9002 9155 9491 10168 10459 10618 13281
2586 233 1600 2431 3257 3684 4170 4171 4243 5574 5992 6093 6220 6982 7434 8266 8632 9574 9629 10180 10227 10920 11177 11496 11560 11619 11662 12067 12068 12360 12364 12608 12714 12969 13111 13153 13156 13208 13277 13282 13396 13496 13633 14258 14792 14820 14887 14927 14931 15263 15298 15564 15565 15694 15707 15743 15857 16048 16205 16353 16409 16854 16883 16937 17076
2587 146 803 1047 1268 2404 2882 2955 3814 4428 5599 7516 8390 10093 10794 11383 11967 13396 14039 15602 16882
2588 256 3664 3665 3966 4863 5816 6561 7664 10406 11491 11668 12579 13329 14927 15275 16566
2589 126 173 176 695 738 2174 3153 3246 3300 3733 3734 3853 4153 4220 4333 4361 4597 5684 6422 6715 7054 7393 7411 8151 8235 8854 10432 10593 10692 14987 16368 16801
2590 1958 3100 4526 11616 13181 14155 16654
2591 592 596 1015 1738 6940 10089
2592 1454 2289 2512 2790 3522 4406 7306 7815 8231 9216 9849 9930 9974 10126 10197 10227 10438 10620 10655 11161 11171 11190 11612 11989 12309 12346 12351 12352 12439 12584 12617 13267 13282 13396 13673 14171 14211 14275 14570 14663 14704 14739 14745 14836 14975 15333 15372 15378 15395 15480 15646 15767 15769 15789 15860 15889 15993 16030 16048 16135 16188 16190 16302 16328 16333 16350 16352 16353 16355 16387 16388 16391 16395 16432 16451 16453 16511 16539 16549 16556 16567 16586 16602 16603 16611 16655 16660 16663 16671 16682 16689 16713 16751 16753 16757 16759 16762 16766 16774 16789 16809 16817 16826 16829 16840 16850 16854 16876 16949
2593 111 191 195 621 3550 4379 4981 4983 5003 5765 7547 8854 9313
2594 1982 6906 8754 9321 9606 16611
2595 234 2558 4171 4286 4318 4734 4751 5564 5662 5791 6257 6260 8375 10542 11070 12106 12142 13011 14633 15273 16409 16873 16883
2596 681 1365 2081 2179 2449 6576 7019 7661 7843 7992 8008 8131 8328 8332 8846 9164 9269 9679 9689 9962 9967 10410 10506 10979 11042 11070 11558 12432 12471 12653 13133 13188 13208 13282 13633 13655 14006 14127 14216 14384 14395 14400 14419 14630 14809 14927 14940 15028 15036 15153 15520 15568 15571 15581 15587 15664 15665 15768 15769 15821 16074 16172 16230 16244 16353 16371 16376 16401 16478
2597 3429 4574 6065 7649 11018 13351 14219 15164 16320
2598 264 2457 3997 4753 5441 6705 9876 11587 13647 13671 14763
2599 114 3078 4273 5917 6184 6185 7110 7227 9801 10093 10819 11541 12077 15077 15195 16270 16969
2600 3144 3332 3564 4402 5283 8871 9638 10771 12358 12655 13208 13496 13671 15768 17102
2601 423 1799 2639 2752 2930 3927 7769 8159 8160 8908 9220 10043 12332 12343 12365 12380 12780 12828 13116 14376 16023
2602 533 676 851 935 1238 1686 1868 2258 2417 3129 3251 3337 3724 3750 4340 4384 4563 5291 5318 5510 5540 5714 5808 6071 6539 6714 6796 7028 7043 7211 7324 7360 7594 11415
2603 36 52 112 253 298 324 327 328 367 515 526 582 594 691 711 775 796 867 882 914 949 1208 1318 2061 2240 2414 2502 2678 2983 3153 3158 3294 3306 3307 3329 3450 3526 3610 3673 3680 3718 4060 4093 4095 4129 4170 4178 4216 4220 4260 4265 4302 4784 4849 5079 5171 5231 5282 5304 5493 5799 5963 7257 7356 9200 10779
2604 2106 3192 7544 15410
2605 176 732 3543 3771 8235 11182 12867 15090 15118
2606 2828 2983 3327 3747 4375 4784 6796 9403 11082 11620 11837 12249 12360 13233 13277 14658
2607 139 145 181 215 1768 2169 2599 2868 3005 3103 3228 3294 3334 3563 3684 3689 3693 3728 3870 4143 4161 4421 4451 4622 4715 4745 4949 5586 5799 6060
2608 2095 3276 3316 3697 4170 4217 4260 4776 4777 5022 5045 5330 5733 5990 6386
2609 48 189 194 195 247 278 512 620 738 866 2678 3080 3101 3486 3768 4402 4622 4796 6071 6190 7547 7579 8854 9047 9269 9403 9635 11124 11171 11644 11779 11934 14472 14773 15314 15771 15862 16275 16377 16582 16972
2610 2102 2134 12171 12276 13833 14303 14416 14602 15515
2611 348 1284 5121 6392 10894 11009 13090
2612 176 1107 2901 3169 5107 5405 8235 14099 14382 14599 15190 15873
2613 148 7125 7304 9248 11742 13075 15525
2614 134 146 156 436 536 603 649 676 679 760 768 836 882 970 1005 1027 1034 1145 1167 1169 1279 1454 1582 1698 1710 1738 1964 2189 2264 2381 2631 2634 2742 2828 3035 3077 3080 3292 3338 3339 3340 3387 3561 3768 3836 3969 4021 4211 4266 4461 4550 4551 4557 4875 5272 5276 5305 5435 5723 6323 7095 7119 8360 9512 9684 11071 15926 16275 16998 17062
2615 106 215 1721 1877 2737 4400 9075 9321 10985 11814 14930 14952 15579 16224
2616 2905 5312 5353 5964 6220 9467 9574 10937 11487 12344 13871 17076
2617 578 826 2267 3827 4206 6889 9937 11100 11969 12783 15507 15526 15712 15869 15963 16209
2618 5734 13700 13834 14152 14197 14285 14615 14733 14793 14979 15003 15280 15350 15695 15769 16627
2619 210 471 896 1349 1586 1973 2240 2295 2342 3134 3586 3636 4161 4379 5126 5565 6316 6543 9005 9170 9726 9727 9840 9896 10003 10888 11336 12777 13591 13642
2620 966 2905 3693 4206 4254 4625 5088 5100
2621 298 866 2028 2454 2784 3332 10773 11149 14476 15769 16377
2622 4219 5091 9316 10772 12235 13942 15579 15917 15988 16224
2623 369 433 3733 3734 3966 4184 4270 4510 4553 4894 6945
2624 298 1971 4379 6902 7446 7517 9166 9800 10434 10813 10918 11144 11171 11725 12140 16668
2625 163 241 1017 1149 1291 1319 1321 1698 2526 3132 3703 3716 3743 3748 3825 4318 4761 4813 5282 6841 7008 7089 7699 8151 8360 8526 9689 10161 11985 12902 12994 16873
2626 3421 5574 5953 8318 9137 9300 11352 11662 13097 13307 13654 13910 14886 14988 16197 16804
2627 106 567 620 842 1330 2725 4402 7533 9338 9801 13985 16270 16884 16885
2628 34 48 143 152 166 175 176 190 197 204 216 231 244 247 277 278 365 431 453 468 509 523 588 594 611 620 649 691 692 814 867 868 876 919 932 1008 1014 1029 1150 1214 1217 1269 1351 1352 1382 1454 1466 1469 1531 1563 1662 1686 1710 1768 1813 1983 1985 2073 2101 2150 2189 2206 2207 2262 2310 2318 2404 2470 2586 2594 2615 2665 2687 2910 3015 3019 3110 3188 3276 3297 3322 3329 3337 3339 3340 3341 3509 3684 3685 3741 3756 3770 3771 3785 3803 3865 3954 4076 4093 4138 4170 4213 4250 4266 4277 4288 4302 4315 4330 4357 4368 4397 4402 4403 4504 4522 4598 4602 4621 4847 4849 4912 5008 5079 5163 5240 5351 5386 5420 5498 5524 5574 5614 5857 5963 5977 5990 6072 6111 6277 6312 6332 6391 6474 6504 6505 6900 6922 7119 7207 7244 7301 7356 7511 7579 7589 7610 7612 7627 7808 8098 8235 8258 8386 8509 8587 8854 9075 9108 9134 9200 9305 9316 9505 9560 9840 9849 9907 9917 10013 10041 10228 10819 11171 11182 11205 11487 11891 16822 17086
2629 816 1205 2675 2903 3846 5968 8262 9806 11025 12499 12614 13780 17051
2630 195 242 251 479 551 1006 1026 1220 1568 1689 1856 2095 2116 2611 2701 2736 3376 3814 3984 4058 6275 6496 6621 7339 7667 7775 7969 9977 10151 11459 11585 12106 12165 13592 13593
2631 2451 4972 8133 8385 10727 11255 11306 13064 16404
2632 58 98 181 332 882 1100 1208 1377 1383 1407 1904 1966 2044 2147 2365 2916 3243 3582 3601 4067 4206 4291 4295 4306 4721 4910 5005 5317 5320 5558 5858 5868 5894 5998 6052 6153 6392 6569 6653 7594 7719 7954 17077
2633 85 516 781 1075 2240 2260 2348 3166 4462 5255 5497 7204 9789 11130 11264 11379 12471 12881 13644 16286 16352
2634 146 1258 1360 1469 1793 2291 2372 2639 3032 3279 3750 5433 7022 7429 7712 7815 7953 8159 9309 9322 9840 11349 11492 11600 11743 11750 12051 12349 12350 12353 12355 12623 12627 13409 14433 15105 15189 15857 15870 16253 16303 16388 16654
2635 260 2921 3855 4281 4549 8393 8732 12504 14254 14889 15212 15564 16703 16935
2636 48 117 775 2664 3138 3750 4910 5400 9315
2637 249 420 453 592 659 660 717 826 896 960 1012 1331 1398 1406 1454 1700 1768 1882 1904 2068 2074 2075 2108 2346 2497 2597 3009 3010 3085 3554 3590 3630 3695 3738 3744 4203 4217 4244 4254 4277 4291 4305 5436 5496 5831 5998 6078 6136 6175 6216 6558 6835 7415 7510 8384
2638 4191 7748 8842 9933 10246 10430 11017 11585 12874 13418
2639 23 331 3309 6579 7947 8213 8275 8847 9403 9978 15641
2640 2249 2250 3325 3326 3690 3820 4272 4371 6068 8498 8562 9558 9801 10228 10779 10789 11597 11769 12068 12252 12338 12796 13003 13884 14145 14146 14216 14383 14683 14864 14895 15006 15153 15216 15259 15668 15894 15931 16219 16270 16288 16413 16419 16484 16596 16667 16972
2641 882 970 2756 2790 5553 5950 12812 14093 14883 15286 15456 16517
2642 2094 3169 4635 4778 5574 8031 9227 9412 10386 11034 11805 11948 12700 14834 16522
2643 89 542 1380 3618 4250 5847 9458 9801 10136 10155 12622 12731 16270
2644 3341 4336 9381 10254 11006 11303 13236 14864 16857 16998
2645 1823 6457 12090 14150 15977
2646 80 127 195 331 367 1092 1128 1346 1556 1698 1865 2092 2100 2901 3158 3274 3322 3329 3340 3397 3707 3714 3733 3734 3744 3768 4062 4093 4100 4143 4181 4280 4282 4293 4301 4302 4304 4308 4318 4319 4348 4365 4401 4402 4450 4606 4621 4701 4872 5097 5101 5282 5580 5784 5908 6002 6013 6071 6173 6179 6180 6189 6224 6250 6251 6268 6269 6272 6422 6595 6695 6786 6993 7547 7953 8175 8206 8498 8854 9200 9234 9278 9558 9626 9628 9718 9773 9869 9877 9973 10118 10152 10155 10156 10228 10294 10542 10593 10654 10705 10721 10777 10779 10937 11168 11275 11394 11495 11592 11617 11619 11629 11630 11973 12020 12622 12781 13621 13711 13972 14341 14545 14584 15161 16684 16822 16984
2647 1406 3085 5865 6856 7983 9972 12731 14566 14988
2648 185 308 329 3325 3690 5456 5739 6121 6686 7527 7798 8072 9066 9778 9878 10237 10255 11290 12106 12677 13694 17086
2649 3056 3878 4121 4629 6800 6999 7488 9552 11034 11925
2650 21 190 215 371 453 594 691 982 2300 3121 3522 3585 3799 3820 3872 4131 4604
2651 144 179 256 394 439 550 565 1312 1601 1660 1875 2018 2028 2739 2875 2892 3026 3029 3131 3242 3500 3541 4284 5836 6339 7589 7900 7917 8297 8418 10013 10189 10246 10278 11298 11337 11694 12348 12920 13052 13334 13642 13740 14012 14174 14690 14896 15055 15061 15167 15266 15409 15600 15626 15770 15945 16109 16149 16685 16776 16842 16893 16958
2652 48 71 99 118 195 231 501 510 600 653 771 984 1228 1244 1485 1543 1791 2261 2358 2521 2549 2894 2989 3150 3342 3653 3708 3717 3747 4253 4361 5005 5078 5532 5535 5581 5631 5696 6094 6108 6196 6424 6624 6915 7375 7828 7878 8072 8206 8457 8693 8730 8878 8969 9021 9213 9494 9701 9708 9800 9929 9989 10212 10432 10954 12017 12288 12578 13253 13934 13960 14038 16185 16253 16368 16668
2653 1549 2273 2790 3149 3329 3684 3786 4170 4251 4402 5171 6298 12952 13173
2654 1568 1609 1735 1944 2423 2654 3166 4740 6266 7369 9243 15568 16222
2655 866 1836 3329 4203 4402 5496 6763 8050 8671 9202 9556 9977 11630 12644 13405 14237 14813 15524 15532 15565 16308
2656 5752 6329 8095 8103 10057 12386 12763 13031 13352 13434 13502 13594 13899 14126 14434 15016 15310 15340 15706 15832 16080 16189 16335
2657 1575 2074 3659 3719 4024 4589 6283
2658 539 3058 4874 9844 12897 14261 14627 14979 15622 15680 15896 15994 16606 16849 16918
2659 195 1838 3591 4347 12252 14485 15556 15627 15634 15635 15733 16846
2660 708 1046 3789 4249 4402 4552 9892 11425
2661 2170 2680 2826 2927 3432 3662 3884 4143 4277 4522 4847 5727 6334 6755 7421 9783
2662 112 165 253 398 775 3336 3337 3789 3993 4005 4268 4270 4281 4287 4302 4304 4308 4388 4459 4772 4813 4849 5330 5517 5572 5595 5780 5836 5863 5980 6046 6122 6157 6179 6211 6214 6221 6238 6499 6633 6664 7124 7151 7237 7614 8442 16703
2663 7925 8031 8926 9297 10771 16786
2664 176 241 242 331 613 1506 1550 1568 2009 3954 4020 4260 4761 5204 5774 6332 7671 8235 10542 10931 13153 13746 14189 14382 14698 14708 14875 15215 15546 15768 16048 16348 16579
2665 1173 1751 2624 2944 4092 4237 4281 4505 5381 5623 6234 8029 8712 9020 9381 9671 11303 11492 11560 12339 13036 13314 15517 16348 16607 16703 16762
2666 655 713 2927 3278 12106 13854 14439
2667 129 169 523 639 1609 1698 2877 3005 3102 3331 3333 3563 4250 4351 4366 4371 4703 4725 5990 6153 6732 8354 8579 9554 10013 10539 11485 12340 12651 12660 12685 13119 13555
2668 1541 1882 1894 3554 4904 5922 8850 9638 12067 12622 12842 17088
2669 8 69 71 107 113 116 151 236 242 244 257 296 319 365 366 417 430 433 490 546 550 590 625 628 636 641 649 662 691 793 811 812 841 845 863 875 887 959 989 1006 1084 1098 1137 1143 1145 1169 1179 1210 1243 1246 1300 1326 1368 1390 1399 1412 1426 1439 1487 1498 1580 1601 1607 1645 1648 1797 1838 1870 1898 1944 2052 2083 2123 2125 2177 2291 2298 2356 2361 2408 2465 2467 2533 2550 2639 2644 2674 2698 2719 2724 2815 2818 2885 2919 2980 3064 3081 3193 3218 3298 3354 3399 3452 3488 3796 3969 4069 4174 4318 4449 4459 4552 4882 5051 5052 5073 5461 5479 5551 5553 5562 5668 5673 5681 5891 5985 6012 6025 6036 6455 6621 6647 6713 6783 7133 7197 7280 7281 7309 7369 7408 7749 7878 8024 8082 8105 8179 8310 8350 8854 9160 9208 9275 9294 9838 10078 10172 10272 10372 10884 10907 10914 11064 11131 11179 11180 11241 11258 11436 11642 11816 12029 12079 12089 12106 12128 12154 12155 12175 12242 12261 12365 12386 12469 12508 12549 12675 12696 12706 12759 12894 12904 12911 12966 13028 13033 13058 13084 13147 13192 13285 13328 13392 13411 13421 13434 13468 13522 13533 13536 13592 13758 13767 13785 13927 13933 13954 14080 14122 14138 14172 14295 14373 14400 14432 14434 14475 14607 14630 14651 14750 15025 15103 15127 15391 15465 15520 15521 15600 15697 15706 15828 15966 15981 16099 16145 16169 16179 16204 16226 16397 16403 16421 16462 16474 16478 16628 16639 16657 16759 16774 16775 16780 16860 16873 16948 16975 16989 17043 17096 17110
2670 282 2531 2930 3927 4089 4130 5285 5300 5712 6454 8024 8393 10819 11601 13946 16427
2671 1349 4222 4294 4387 7953 8519 10308 10678 17077
2672 26 2147 2161 5419 5734 7949 8760 9587 9740 10765 11212 11276 11380 11920 12004 12359 12360 12376 12508 12576 13261 13277 13413 13537 13813 13832 13834 13909 14658 14826 15006 15529 15847 16252 16330 16360 16627 16648
2673 8042 8430 9596 9601 9788 11113 14604 15371 16193
2674 89 919 1608 2525 2877 2940 2963 3045 4178 4213 4260 4266 5009 5990 6053 6067 6332 7536 13640
2675 821 3212 3995 4044 4138 4225 4722 6258 8351 8428
2676 2508 2916 3702 4721 5502 6050 6105 6309 7286 7610
2677 21 72 90 163 175 234 247 320 1169 1218 1266 1269 1292 1466 1472 1609 1627 1698 1699 1813 1868 1895 1940 2115 2150 2360 2530 2598 2841 2864 3020 3058 3133 3166 3298 3322 3339 3388 3399 3531 3550 3583 3684 3703 3727 3736 3954 4030 4121 4130 4138 4165 4170 4171 4234 4244 4250 4291 4302 4308 4311 4362 4370 4384 4386 4399 4402 4675 4836 4874 4977 5015 5173 5388 5408 5418 5446 5471 5516 5553 5636 5725 5775 5867 5894 5906 5982 5990 5998 6150 6153 6154 6179 6220 6238 6256 6266 6335 6570 6705 6719 6816 6924 6965 6995 7204 7300 7547 7601 7614 7721 7731 7813 7909 7920 7942 8351 8428 8429 8614 8679 8790 8854 9075 9077 9234 9560 9561 9574 9766 9771 9794 9800 9840 9909 9989 10013 10326 10487 10558 10715 10810 10838 11070 11556 12358 12759 14382 16409 16883 17076 17077
2678 742 1077 1788 2981 3216 3673 3732 9563 9564 9571 9855 10132 10157 12470 14897 14898 15294
2679 25 369 606 693 696 697 831 1407 2147 2218 2599 2947 2974 3121 3161 3824 4553 4580 4766
2680 500 1100 1643 2055 2225 3533 3724 4234 4279 4794 4828 5499 5913 10026 10900 11031 11395 11414 11489 12038 12536 12610 12612 12648 13153 13413 13797 14164 14773 14969 15398 15483 16393
2681 1535 1670 2838 4050 4339 4663 5973 9003
2682 165 406 4115 4371 4405 6803 8255 12056
2683 514 1077 1088 1307 2362 2867 2916 2944 3709 4243 4369 4370 4721 5282 5642 5725 5906 6828 7022 7110 9751 9801 9971 10228 10593 10705 10784 10786 10937 11019 11391 11648 12324 12338 12452 12623 13223 13230 13367 13574 13575 13673 13885 14216 14994 15153 15579 15914 15988 16224 16270 16296 16509 16790 16844 16877 16900 16956 16972
2684 4171 4214 7363 10181 11807 14004 14077 14216 14325 16409 16883
2685 968 1180 1403 2527 5099 5676 5760 5999 6271 6781 7755 8196 8990 9750 11375 11414 12183 14094 14095 14302 14444 14499 15658
2686 1022 1169 2123 2270 2414 4780 4936 5013 5402 5792 6726 7619 7728 9121 9155 10764 11204 11339 12133 12285 12300 12403 12456 12525 12632 13103 13281 13587 13959 14092 14245 14260 14389 14922 14940 15715 15716 16291 16463 16515 16613 16794 16893 16960
2687 195 938 1188 5305 5515 6072 6485 6625
2688 44 812 1266 1615 1821 2003 2227 2521 3186 3257 4130 4402 4786 4869 4871 5163 7022 9253 9633 10067 10227 10414 10701 10778 11617 12068 12088 12319 12322 12343 12350 12510 12579 12819 13233 13488 13787 14038 14157 14384 14637 14751 14940 15112 15153 15407 15531 15586 15768 15822 16116 16296 16350 16387 16396 16614 17064
2689 349 524 953 2502 2911 3509 6161
2690 384 1600 2022 4134 6332 8247 11005 11073 11379 12464 12721 12819 13314 13488 13829 13885 14382 14940
2691 160 351 510 1235 2298 2966 3140 5620 6125 7435 7627 7799 7808 9686 9801 10043 10049 10232 10535 11340 11571 11782 11849 11963 12035 12432 12869 13730 14701 14751 15350 15564 15566 15574 15586 15599 15732 16270
2692 3332 13058 13487 13913 14155 14290 14698 14887 16822
2693 10542 10673 10918 11221 11504 12343 12603 13314 16270
2694 1026 1128 1773 3045 4317 4340 4355 4387 4534 4926 4997 4999 5019 5020 5027 5508 6336 6760 6847 7469 7472 7841 8143 8525 8614 8641 8933 9273 9283 9561 10106 10151 10220 10413 10499 10924
2695 239 325 830 1349 1742 1768 2068 2773 3807
2696 664 1823 3639 12052 12068 12214 12329 12341 12378 12654 13013 13282 13928 14332 14545 15931 16133 16353 16419
2697 21 177 254 960 1035 1044 1278 1289 1338 1420 1454 1582 2457 2754 2755 2963 4594 4840
2698 558 801 823 972 973 1423 1861 4317 5592 5709 5710 5744 6147 6363 7289 7291 7536
2699 1436 4267 4318 4448 6358 6684 6712 6890 7386 8431 11494 11770 12143 12817 13104 13158 13325 13681 13877 14118 14578 14624 14900 15119 15608 15875 15910 16146 16195 16873 17107
2700 272 567 869 966 1098 1190 1191 1985 1998 2000 2008 2251 2383 2701 2912 2913 2916 2956 3012 4509 4721 4904 6260 6482 6515 6569 7533 7830 8525 8730 9499 9783 9916 10557 10672 10869 10890 12072 12177 12706 13501 13810 13872 13929 13930 13993 14075 14886 14893 15497 15964 16041 16849
2701 3071 4440 11205 11382 11830 12861 13439 15398 15595 17045
2702 6705 8272 9242 9896 9901 10003 11744 12486
2703 145 3000 4289 8854 9800 10715 11597 16668
2704 169 271 368 448 889 910 911 1052 1096 1097 1098 1299 2295 2399 2435 2587 5163 5574 6535 6550 6551 6911 7278 7480 7506 7590 7712 7842 7845 7888 8006 8096 8185 8186 8301 8312 8329 8418 8452 8525 8530 8747 8749 8854 8861 8874 8875 8876 8965 9152 9234 9295 9428 9431 9434 9487 9586 9589 9603 9626 9695 9702 9850 10000 10011 10087 10157 10228 10918 11010 13621
2705 4191 5621 7343 7748 8156 10264 13121 13126 14703 15489 15506 15596 15696 15753 15800
2706 333 619 8255 10546 11571 11958 13792 16186
2707 2594 3695 6803 8041 11275 11629 11630 12065 12379 12831 12833 13058 13154 13270 13714 13920 13932 15890 16419
2708 89 139 2173 3138 3169 3731 3750 4157 4258 4260 4288 5187 5250 5288 5508 6013 9315
2709 1627 2264 4799 4863 6636 12653 16609 16804
2710 48 117 327 1928 2249 2250 2599 3820 4230 4657 4966 5400 5467 5573 5746 5799 6714 6765 7324
2711 117 193 628 762 833 1364 1805 1810 2077 2178 2256 2505 2584 3416 3918 4031 4337 5713 8442 9272 10461 10586 11732 14148 16136
2712 1813 2530 3388 4734 7724 11747 12242
2713 657 1271 3354 3705 6053 7556 8006 8428
2714 172 519 921 1352 1880 3420 4089 4142 4170 4402 5386 5828 6454 7141 8142 9131 12608 12838 13097 14189 15007
2715 1277 8429 8934 11177
2716 247 529 1035 1614 1785 3284 3785 4916 5855 6340 9755
2717 660 1236 1818 2144 2597 8755 9724 9802 10218 10749 11354 12373 12873 13063 14489 14691
2718 542 3375 3780 4571 6381 6696 7993 10136 10787 10844 11267 11868 12181 13391 14303 15756 15779 15829 16686 16734 16744
2719 86 247 497 503 606 609 640 1149 1388 1614 1699 1899 1953 2119 2905 2948 3718 4395 4923 6106 6460 6734 11629 11858 12058 13488 13495 13885 14325 14545 14841 14845 15768
2720 1875 2466 5088 6299 10640 14185 15006 15618 15763
2721 966 1109 3329 3747 4341 4371 6326 6739 6916 8009 8701 9454 10296 10655 12956
2722 75 94 255 367 488 755 796 798 984 1217 1308 1454 1745 1764 1810 2028 2370 2554 2911 3683 3897 4450 4505 5133 5280 6084 6710 7551 8461 9059 9694 11428 11823 12395 13457 15791 15862 16691 16716 16790 17065
2723 1698 3807 4806 4991 5722 6057 6058 6896 7404 8485 9683 12260 14711 16732
2724 291 614 805 851 2217 3243 3608 3807 9253
2725 2879 3945 5441 7323 7407 16174 16900 16969 16972
2726 533 3133 4026 7635 7885 8173 12136 12594 12866 13405 14941
2727 264 1666 4891 5086 8356 9448 11065 12474 12564 14096 14341 14791 15914 15988
2728 179 636 867 2296 2620 3284 3329 5330 5963 6009 6940 8117 8398 8440 8545 9348 9380 9479 10837 17086
2729 1961 2406 3251 3790 3813 4155 4469 4675 4768 5117
2730 8426 9772 10600 10778 12651 13214 14885
2731 166 720 728 989 4459 10377 14384 14533 14611 15613 15658 15760 16191 16253
2732 519 654 4979 8367 10542 11395 11496 12322 12328 12382 12819 13063 13834 14701 14708 14773 15014 15280 15450 15566 15817 15968 16194 17025
2733 540 664 689 717 801 2037 2490 2497 3048 3284 3639 3854 4149 4242 4281 4351 4490 5365 5517 5799 6638 7627 9533 9570 9627 9862 10086 10228 10406 11134 11177 11423 11491 11919 12365 12878 13314 13366 13514 13635 13887 14116 14216 14389 14616 14653 15137 16415 16703
2734 190 882 883 936 1477 2963 5104
2735 126 308 756 1046 2227 2261 2272 3043 4351 4374 6013 9200
2736 2587 3324 5619 8413 8990 14809 15516
2737 7656 10366 10920 14748 15192 15494 16659
2738 217 436 461 478 1008 1150 1216 1222 1294 1546 1624 1696 1852 1874 2096 2116 2211 2457 2519 2578 2580 2586 3030 3323 3325 3341 3366 3447 3521 3535 3618 3631 3684 3789 4121 4194 4210 4293 4355 4367 4399 4402 4567 4681 4703 4742 4744 4903 4973 5003 5204 5317 5404 5481 5487 5498 5642 5709 5829 5937 5950 6203 6465 6487 6995 7053 7137 7336 7734 8094 8260 8351 8366 8396 8399 8490 8623 8673 8792 8861 8874 8918 9032 9333 9438 9629 9799 9858 10070 10305 10336 10412 10542 10544 10593 10600 10647 10870 11296 11620 11761 11948 12046 12112 12304 12320 12343 12376 12517 12776 12838 12865 12920 12991 13104 13214 13314 13407 13671 14155 14211 14216 14405 14785 14885 14940 15000 15130 15822 15886 15894 16186 16471 16529 16755
2739 3431 8765 9949 10345 13671 14194 16647
2740 86 4306 4403 5624 8351 12242 12471 13153 13537 15009 15254 15495 15564 15719 15777 15793
2741 171 2912 5504 8995 10041 10153 10284 11817 11839 12168 12714 14637
2742 116 456 2402 2700 4988 5987 7498 10374 10553 11504
2743 3 964 1803 1823 2699 2853 5466 5485 6738 9632
2744 89 92 139 194 3608 3695 3748 4268 10710 11426 11620 12090 12240 12343 12625 13153 14264 15522 15885 16600
2745 677 2189 2454 2634 3868 6397 8136 9684 12794 15195
2746 1407 2457 2820 12780 14217 15859 16141 16650 16904
2747 69 87 484 490 858 1038 1041 1195 1197 1246 1258 1363 1687 2629 2879 3377 3488 4048 5773 5779 6568 7804 9284 13906 15046 15547 17062
2748 10829 11160 11379 11596 11766 11792 12489 12525 12721 12852 13690 13696 14059 14430 14838 15976 16038 16253 16993
2749 69 177 252 437 545 724 862 889 1053 1746 1796 2052 2125 2312 2586 2699 2916 2939 4254 4296 4317 4721 4977 6025 6071 6492 6986 7415 7845 8298 8641 8861 9108 10092 13888 16471 16854
2750 12068 13314 14544 15713 15768 15914 15917 15988 16762 16858
2751 1299 1631 1986 4130 6026 6114 6535 6554 8690 8861 9116 9119 10542 10705 13230 13591 14589 15210
2752 1705 12066 12070
2753 81 103 148 153 253 327 503 520 536 748 808 826 836 1005 1138 1169 1224 1275 1277 1344 1675 1810 1837 1899 2022 2045 2171 2471 2901 2929 3068 3137 3276 3341 3637 3673 3710 3741 3743 3769 3948 3978 4011 4152 4164 4171 4230 4250 4266 4270 4273 4276 4281 4287 4291 4315 4318 4319 4337 4348 4375 4492 4548 4701 5061 5156 5171 5231 5271 5292 5327 5503 5625 5712 5744 5762 5830 5884 5990 5998 6060 6085 6093 6120 6149 6175 6189 6220 6280 6321 6332 6383 6431 6472 6646 6672 6695 6739 6765 6778 6782 6803 6951 7273 7315 7348 7771 7910 8088 8271 8437 8612 9174 9200 9468 9574 9677 9759 10160 10423 10550 10999 11009 11397 11488 11562 11667 12319 12433 12472 12649 13076 13509 13824 14744 14977 15140 15143 15502 15768 15857 16397 16409 16703 16718 16873 16883
2754 82 367 393 518 729 750 755 772 1717 2045 2246 2447 2673 2862 2912 2913 3306 3307 3308 3843 4274 4798 4802 4888 5064 5250 5329 5413 5983 6497 6607 7248 7491 7811 7877 8036 8154 8450 8642 9040 9067 9426 9628 9825 9853 10034 10149 10235 10410 10426 10893 11745 11894 12420 12739 13110 13398 13500 13672 13902 14286 14628 14910 15255 17105
2755 882 955 1344 4352 14261 14708 16396
2756 3851 5636 8213 10198 15590
2757 605 697 1398 2676 3478 3733 3734 3886 4204 4553 4705 4894 5087 5420 5455 5619 6216 6347 6786 7237 7588 8155 9295 9379 16857
2758 1290 4230 6765 6909 11850 11916 12166 12234 12492 15316
2759 290 935 2114 3870 3975 6773
2760 438 5712 10085 11030 14977 16373
2761 30 108 173 178 241 270 291 298 366 437 469 518 696 726 729 755 796 825 861 866 867 880 929 949 1115 1178 1187 1206 1266 1366 1367 1416 1531 1568 1609 1640 1761 1770 1772 1786 1835 1977 2038 2061 2177 2192 2326 2409 2422 2538 2539 2581 2621 2790 2843 2848 2884 2901 2948 3106 3108 3481 3994 4305 4384 4402 4476 4568 4603 5282 5560 5799 5963 6275 6523 6861 7496 7548 7724 7801 7823 7953 8270 8382 8442 8821 8945 9051 9093 9125 9200 9201 9285 9317 9730 9922 10268 10275 10779 10819 10866 10990 11217 11380 11421 11425 11470 11477 11495 11630 12077 12118 12260 12344 12356 12376 12608 12894 12939 12958 13102 13116 13134 13220 13223 13267 13396 13472 13530 13611 13661 13814 13907 14080 14192 14251 14314 14317 14359 14376 14417 14529 14616 14637 14652 14689 14898 14928 15077 15132 15144 15161 15219 15255 15352 15397 15532 15588 15592 15747 15748 15768 15808 15905 16105 16132 16226 16327 16350 16387 16435 16464 16493 16502 16516 16517 16518 16625 16733 16784 16790 16863 16961 16969 16972
2762 460 1382 1751 2505 3333 12347 13787 15703 15768 16539
2763 762 1235 2624 3383 3723 6361 7110 7230 9355 10462 14545
2764 552 1325 1487 3856 4671 4910 6595
2765 437 1366 3021 3478 4553 4603 8033 9462 10229 10771 11552 14261
2766 664 1823 1960 3639 4375 9508 10646 14686
2767 947 3889 5654 5693 6651 7531 10542 10646 10707 11589 12714 13829 14845 15212 15350 15568 15778 16252 16313 16506 16627
2768 278 770 4692 7142 7579 8213 9398 11380 11920 14636
2769 187 2825 5007 10375 11448 12442 14518
2770 169 1750 2242 3161 5113 5656 5945 6012 6533 7238 7582 8334 8843 8990 9234 10361 12077 13314 15656 15697 16984
2771 148 499 841 1047 1063 1169 1284 1800 2157 3512 4525 8300 8733 8995 9805 10057 10382 11177 12342 13622 14601 15517 15559 15885 15968
2772 1180 2451 5035 5822 6555 7217 7923 9472 13050 13397
2773 72 1387 1772 2454 3151 4171 4206 4218 4229 4231 4655 4701 4734 5119 5617 5812 6071 6312 7428 9315 11632 16409
2774 247 676 3125 3149 4162 4425 4584 4598 4722 4772 4867
2775 1259 5311 7947 11192 11305 12879 14628 14652
2776 112 139 149 180 324 500 598 682 775 937 1131 1165 1709 1768 1926 2057 2262 2916 2924 3138 3439 3724 4034 4093 4208 4216 4260 4302 4318 4878 5135 5282 6386 6547 7612 7614 7998 9315 9659
2777 265 1627 2903 3304 3332 3866 4780 5609 9416 11532 12175 12474 12543 13083 13829 17022
2778 143 857 4682 6211 9019 11091 12142 13268 13856
2779 144 503 628 866 1444 2168 2401 2469 2659 2801 3333 4182 4211 4265 4465 4993 5334 5692 6361 6537 6845 6917 7074 7857 9220 9466 9527 9691 9692 9830 9934 11034 11506 11620 11973 12342 13230 13314 13484 13746 13884 14025 14077 14262 14616 14637 15350 15462 15463 15466 15511 16025 16275 16680 16707 16887 16972 16973
2780 156 414 488 681 728 982 1229 1332 2139 2159 2227 3503 4071 4404 4465 4931 5640 5641 5728 6356 7550 7780 8196 8462 8537 9131 10128 11017 11141 11204 11271 11336 11648 11963 12092 12589 12800 14013 14344 14451 14642 14706 14878 15615 15625 15698 16124 16167 16675
2781 1364 1531 1763 1807 1868 2569 3104 4130 4275 4341 4392 4399 4450 4662 4841 5019 5020 5101 5116 5161 5257 5264 5363 5416 5493 5696 5725 5802 5906 5990 6018 6269 6272 6298 6368 6416 6686 6875 6979 7181 7321 7591 7613 8061 8796 9544
2782 458 660 1274 2022 2542 2937 3051 6883 7306 8385 10534 12537 13654 14037 14121
2783 1085 1191 1991 2213 2329 2556 2668 3448 3449 5388 7449 11238 11552 12588 13118 14697
2784 112 3954 9500 9974 10220 12043 12935 13096 13939 13956 14038 14276 14845 15483 15488 16370 16579
2785 47 56 298 678 1608 1830 2892 3181 3783 3807 4244 4285 4305 4929 6018 6286 6729 7455 9809 11425
2786 121 1092 1394 1419 1847 1935 1997 2644 2930 3927 4044 4424 4459 4507 7348 7963 8084 8218 8227 9801 10226 10701 10755 11006 11190 11239 11340 11399 11818 11948 12061 12186 12317 12346 12347 12351 12411 12472 12476 12819 12911 13234 13236 13319 13327 13412
2787 511 515 2325 3320 3714 4164 4228 4293 4302 4477 4814 4981 4983 5138 6188 9200
2788 2488 3564 3671 4244 4598 5067 6588 7667 9268 9788 12471 13655
2789 580 666 1678 1698 1703 2776 2883 3047 3202 3209 3322 3333 3337 3494 3526 4138 4217 4265 4268 4317 4330 4347 4355 4357 4361 4362 4368 4379 4397 4399 4402 4421 5558 5590 6066 6172 6233 6241 6386 6536 6569 6653 6715 6906 6931 6933 7001 7257 7292 7469 7511 7547 7613 7614 7644 7711 7719 7904 7916 7960 7992 8071 8351 8376 8525 8538 8614 8618 8652 8854 8870 8914 9283 12175 12622 12917 16368 16822
2790 657 735 1519 2140 2585 4565 5548 7884 8233 9316 9800 11428 11562 12326 12410 12520 13127 16668
2791 2750 3337 3341 3406 4171 4402 5490 6046 6160 6332 6408 6982 7221 7222 7654 9020 9468 9689 9884 10542 11070 12867 16409 16883
2792 88 107 216 219 224 236 319 770 891 1035 1066 2356 3304 3534 4692 5923 6290 9363 10361 11489 11602 12819 13661 13918 14996 15212 15283 15707 15778 16048
2793 3338 4138 4599 5231 8088 9146 9187 10212 11177 11925 12198 12291 12336 12577 12819 13220 13457 13907
2794 1698 1710 2742 3035 3322 3341 4138 4400 4688 5555 5777 6286 6364 7950 8498 8758 9234 9556 9625 10089 10306 10570 10646 10778 10924 11177 11255 16275 16822 16984 16998 17086
2795 543 2201 4876 5701
2796 163 175 183 193 241 246 247 507 830 1149 1168 1178 1279 1298 1478 1699 1804 1953 2141 2231 2300 2790 2836 2995 3329 3338 3339 3340 3382 3684 3688 3768 3852 3866 3944 4044 4122 4138 4170 4171 4230 4244 4250 4265 4266 4276 4291 4293 4302 4318 4330 4368 4872 5009 5015 5199 5231 5292 5327 5351 5553 5662 5796 5799 5848 5867 5998 6474 6765 6803 9234 10672 16300 16409 16883 16984
2797 39 71 394 448 560 590 1866 1985 2071 2596 2955 4410 4677 8145 8714 10984 12857 13171 13268 16333
2798 121 243 546 549 1099 1308 1403 1532 1533 1640 1750 2288 2527 2644 2665 2790 4245 4265 4368 4440 4448 5051 5547 5581 5789 5944 6010 6027 6127 6128 6181 6300 6391 6619 6684 6763 6781 6920 6921 6922 7162 7301 7333 7880 8181 8183 8862 8945 9123 9124 9344 9369 9427 9440 9793 10006 10176 10503 10572 10755 10854 11016 11359 11506 11511 11629 11739 12030 12351 12472 12536 12559 12699 12795 12812 12819 12944 13125 13153 13222 13236 13269 13285 13396 13633 13787 13815 14116 14216 14378 14773 14778 14865 14967 15117 15599 15702 15948 15961 16048 16227 16412 16512 16655
2799 10897 13451 13625 14029 14418 14971 15254 16539
2800 429 634 737 2990 4180 4575 7438 8728 9269 9638 9845 11394 11496 11516 11710 11732 12342 14155
2801 606 2653 2676 2982 4340 6593 6681 6935 8735 8741 14613
2802 1235 1439 2177 2180 3803 4005 6783 8360 9559 11770 13180 14202 14912 15462 15524 15533 16666 16815 16952
2803 1229 8462 10929
2804 14 107 465 1872 2140 2155 2182 2209 5039 5954 6658 6956 7391 8178 10112 10748 10827 10916 11574 12245 12247
2805 634 657 710 2086 2281 2575 4121 5968
2806 48 169 181 253 642 659 1366 1973 2182 3138 3274 3590 3733 3789 4402 4470 4688 5429 5450 5570 5972 6500 6570 6676 6952 7112 7124 7141 7237 7470 7765 7772 8044 8122 8125 8219 8426 8618 8952 9079 9139 9146 9190 9192 9315 9438 9598 9819 9874 9949 10158 10211 10305 10349 10388 10413 10600 10760 10934 10999 11123 11162 11216 11318 11380 11716 12004 12042 12070 12198 12227 13930 15704 16378 16569 16857
2807 167 659 676 1574 1808 2463 3300 3590 3836 3888 4138 4825 5799 6813 8080 16998 17089
2808 19 34 197 1698 1699 1745 3695 4553 4681 5579 7469 9200 9264
2809 44 3773 3978 4170 5396 16409 16883
2810 14 169 1606 1771 1942 2095 2183 3080 3322 3331 3622 3665 3673 3744 3966 4020 4381 4433 4620 4830 4840 5621 5744 5876 6458 6778 7612 8028 8316 8679 8990 9178 9183 9203 9397 9417 9759 9918 10161 10492 10819 10838 11070 11163 11894 16822
2811 106 4387 6260 7628 10215 11152 11685 12376 13824 14341 14382 14464 16233 16296 16397 16864
2812 88 139 177 503 549 697 866 1492 2678 3083 3252 3688 3756 4528 4858 5009 5854 9136 10228 12473 16925
2813 1169 3285 3329 4171 4188 4241 4265 4302 4352 4371 4384 5164 5371 5493 5825 5851 7610 16377
2814 4282 6599 9081 11742 12681 13047
2815 842 1064 1128 3333 4978 7296 10805 10918 11624 11891 12552 13814 15337
2816 241 264 882 1190 2544 2742 2820 2877 2914 3035 3068 3072 3080 3102 3212 3267 3338 3768 3989 4217 16275
2817 524 10930 12063 14370 17092
2818 82 181 250 507 2168 2469 2912 2913 3332 4786 7728 9211 10583 10593 10773 10778 11516 12695 13815 14940 15564 15769 16048 16396
2819 2189 3035 3324 3338 8402 14258 15843 16998
2820 3718 4047 4567 6997 9036 9922 10091 16978
2821 116 537 1597 1804 1985 2140 2243 3852 3997 4174 4258 6037 6332 6653 9301 13327 13825 14338 15896
2822 817 858 3934 4270 4888 6757 8019 9630 12121 13174 13236 13487 14545
2823 528 1206 2320 2698 2968 6097 9719 11525 14747 15768
2824 149 677 767 1321 1772 2948 3369 3773 3807 4813 5011 5493 5600 5873 6175 6265 6422 6520 6664 6898 7083 7881 8327 8539 9278 9508 10221 11620 11680 12995
2825 2371 3322 3821 4260 4891 9329 10421 10778 11034 11925 12608 13208 13405 16822
2826 3116 3117 4374 5255 6073 6266 6512 7444 8368 16930
2827 510 610 1699 3337 3341 3779 4021 4723 5544 5784 5865 6286 6740 7195 7779 7901 8101 10977 11007 14421 14739 15918 16173
2828 178 510 691 2171 2249 2250 3070 3248 3336 4232 4244 4970 5124 7035 7775 8220 9163 9883 10086 10574 12653 14056 14481 16419
2829 654 2241 4026 5117 8255 11822 12036 12577 13821 15564 16429
2830 95 566 1012 1048 1884 2103 2119 2153 2564 2597 3527 3769 5681 6136 6273 6598
2831 179 355 726 1362 1650 2095 2960 3189 4201 4362 4410 6370 7056 7545 7592 7925 7928 9072 9297 9395 9985 10046 10659 10771 10787 11543 11786 12012 12342 12468 12483 13082 13605 13850 14466 14525 14782 15263 15449 15530 16258 16286 16376
2832 4100 14237 15524 16375
2833 1064 1357 2259 4049 4056 4186 6764 7365 7598 7794 8807 9003
2834 16 19 23 26 32 48 50 71 80 81 125 139 145 161 174 179 180 189 195 213 241 242 246 247 248 249 278 311 344 403 433 437 441 450 505 512 543 558 560 578 580 594 595 598 599 639 682 755 798 811 813 892 1012 1030 1086 1095 1131 1142 1196 1231 1261 1270 1291 1337 1339 1475 1481 1491 1556 1564 1574 1609 1693 1739 1740 1748 1884 2047 2100 2103 2108 2245 2311 2338 2346 2361 2470 2490 2491 2538 2539 2553 2561 2564 2574 2597 2644 2809 2830 2901 2927 2947 2995 3021 3045 3220 3221 3228 3267 3274 3299 3381 3421 3484 3557 3610 3619 3640 3644 3740 3751 3756 3758 3762 3768 3786 3825 3829 3870 3873 3936 3971 3993 4037 4046 4084 4085 4089 4110 4182 4228 4251 4252 4266 4268 4270 4274 4298 4323 4326 4348 4358 4362 4369 4380 4420 4552 4553 4583 4589 4612 4622 4665 4688 4715 4745 4794 4796 4894 4978 5044 5056 5068 5084 5087 5101 5160 5192 5322 5323 5329 5360 5367 5409 5413 5556 5620 5631 5649 5667 5676 5772 5774 5836 5899 5944 5967 6009 6077 6136 6175 6189 6199 6204 6208 6344 6355 6386 6431 6454 6463 6469 6475 6479 6531 6624 6635 6661 6672 6675 6676 6778 6782 6839 6841 6940 7024 7094 7116 7251 7273 7329 7340 7434 7448 7466 7478 7487 7506 7536 7579 7592 7703 7852 7880 7909 7922 7925 8002 8040 8072 8079 8080 8089 8117 8174 8181 8329 8384 8440 8704 8731 8760 8786 8865 8876 8878 8926 9002 9021 9043 9213 9264 9297 9334 9363 9428 9434 9442 9445 9465 9467 9475 9561 9626 9630 9659 9708 9750 9807 9851 9948 10046 10087 10106 10202 10305 10334 10344 10366 10383 10388 10454 10471 10511 10513 10713 10732 10767 10780 10791 10934 10938 10998 11024 11045 11087 11099 11101 11168 11216 11232 11244 11335 11374 11375 11392 11393 11414 11507 11508 11510 11535 11758 11759 11785 11786 12027 12059 12073 12176 12250 12339 12371 12402 12625 12649 12653 12664 12819 12832 12834 12835 12845 12910 12963 13020 13021 13022 13076 13116 13125 13133 13199 13275 13327 13379 13381 13472 13507 13529 13543 13621 14060 14063 14176 14376 14378 14444 14701 14778 14798 14820 14875 14879 15000 15015 15107 15282 15389 15418 15532 15624 15886 15943 16024 16061 16102 16348
2835 560 1423 2251 6363 7711 8914 9686 10029 11326
2836 531 1366 1699 1770 2965 3222 4515 7113 8177 8235 13148 13251 13283 13485 14163 14675 15182 15491
2837 1311 2725 2942 3393 3655 3744 3882 5929 9642 10317 10749 11079 11496 11630 12203 13229 13230 13264 15153 16471
2838 310 1620 4281 4370 5683 5875 6308 7129 12464 16703
2839 641 5051 11141 14896 14899 14928 14931 15153 15213 15622 15768 16126 16790 16891 16973 16999 17101
2840 5416 6246 7720 8316 9558 9694 10156 11151 11339 11714 16667
2841 30 106 152 167 553 889 1229 1281 1434 2457 2512 3340 3518 3768 4244 4265 4317 4367 4630 4652 4657 4911 5231 6067 8462 9262 10028 10828 11663 11708 12613 13363 13529 13836 14832
2842 196 2145 5734 8429 8445 10938 11497 12484 13700 13834 13875 14285 14701 14851 15278 15389
2843 163 169 453 790 1454 1710 2780 3319 3324 3341 4030 4234 4324 4384 4394 4682 7195 7696 8046 8498 9234 9559 9968 9970 9973 10153 10155 10156 10161 10228 10231 10542 10749 10781 10791 10900 10923 11011 11177 12634 12714 16666 16984 17086
2844 89 169 542 572 1067 1224 1284 1510 1683 1751 2119 2892 3254 3326 3703 3896 4040 4375 4402 5574 5615 5761 6428 6779 7209 7876 7910 8088 8303 8428 8429 8452 8705 8796 9020 9544 9559 9560 9626 9627 9628 9629 9631 9800 9819 9968 9970 10039 10136 10157 10227 10542 10994 11027 11070 11157 11345 11391 11423 11424 11496 11500 11616 11619 11648 11812 11973 12068 12202 12303 12325 12349 12365 12623 12649 12714 12754 12963 13076 13314 13496 13621 13815 14216 14276 14348 14637 15112 15314 15564 15743 15778 15783 15857 16358 16668
2845 87 106 176 636 682 1026 1773 2083 2867 2927 3364 3933 4273 4509 4583 5192 5799 7029 7495 8235 8255 9659 10074 11503 12067 13409 13483 15462 16790
2846 2317 3000 5894 11340 11393 12318 12475 12963 13113 13334 13412 13537 13568 14851 15564 15602 15694 16148 16193 16194 16286 16354 16627
2847 159 256 393 558 1700 2338 3068 3269 3495 3703 3885 5517 5619 6232 8712 8713 9985 10819 12194 13334 14686 14701
2848 176 475 3399 8235 10306 10722 10784 11346 11464 11665 12063 12343 12364 12536 12759 13111 13156 13269 13326 13660 13670 14286 14331 15857 15876 16727 17008
2849 546 1229 1956 2665 3878 4597 4930 5092 5261 5479 5591 5878 6036 6134 6504 6657 6890 6934 7234 7938 8462 8688 8916 9595 10057 10246 11113 11245 11337 11338 11406 11989 12080 13202 13784 14031 15154
2850 5 79 2773 3076 3995 4423 4657 5573 6247 6808 7054 7393 7411 8592 8699 9177 9744 9751 10048 10401 10408 11103 11104 11588 11787 12136 12313 12452 12594 12866 13412 13455 14101 14285 15003 15219 15447 15694 15695 15842
2851 558 696 772 1232 1318 1431 1865 2003 2750 3303 3537 3719 4024 4132 4599 4764 5157 5232 5873
2852 103 2180 2531 2571 5073 7824 7890 8136 9091 9968 14661 16635
2853 1092 1261 1337 1339 1693 2100 2101 2102 2644 3221 4037 4182
2854 2940 4090 5074 5977 10056 11830 12784
2855 2377 7238 7482 7887 8948 8990 9935 10109 10155 14809
2856 19 21 102 156 178 298 409 433 516 598 770 1095 1197 1318 1356 1470 1804 1850 1868 1912 2028 2174 2410 2490 2502 2508 2587 2597 2857 2954 2983 3085 3194 3329 3371 3465 3684 3744 3852 3903 3993 4034 4171 4186 4194 4195 4244 4250 4265 4273 4291 4297 4317 4399 4533 4692 4977 4998 5079 5084 5087 5295 5330 5364 5493 5553 5560 5603 5649 5650 5799 5818 5982 5998 6211 6286 6663 7690 7998 8190 8424 9264 9285 9508 12368 13171 13519 13529 14279 14356 14792 14928 15014 15967 16031 16404 16409 16483 16818 16870 16883
2857 30 398 466 678 1631 1639 1770 2615 2977 3963 4684 6742 10478 13590 13896 15769 15822 15946 16258
2858 23 1644 2858 3583 3711 5122 5723 6925 7942 8854 10343 10520 11336 11895 12468 12839
2859 1431 3689 3761 14361 14697
2860 4505 6158 7396 14389 15153 15216 15727 15728 15729 16110 16125 16326 16333 16438 16529 16566 16591 16829 16966 16975
2861 670 755 798 1740 1835 1997 2396 2422 2472 2538 2539 3161 4279 4288 4853 5800 5898 6555 6661 6839 7056 7448 7548 7694 9246 11380 12376 12390 13054 13157 15352
2862 42 63 383 636 976 1150 1482 1707 2401 2913 3000 3061 3591 3930 4111 4355 4726 4840 6288 7278 7282 7460 7542 7673 7803 8147 10205 10785 11265 11432 11744 12486
2863 2796 5148 6328 6329 10688 10814 11945 12053 12313 12574 12594 12866 13291 13861 14399 14664 14910 15168 15205 15453 15485 15487 15561
2864 193 277 564 731 1330 1991 3107 3366 3733 3734 3747 3789 4189 4250 4303 4364 4379 4401 4630 4674 5481 6803 8255 9021 10006 10041 10078 10682 11171 11616 12042 12065 12343 12502 12758 12819 12833 12996 13153 13376 13509 13703 14545 14773 14820 15192 15317 15733 15781 15885 15968 16048 16226 16336 16582 16727 16854 17045
2865 7917 13422 13838 14756 14757 15061 15062
2866 1131 1812 2140 10537 10955 10986 11314 11712 14405 14615 15392 16303 16448 16723 16809 16908 16992 16997 16999
2867 21 183 608 1928 2809 3768 4100 4164 4170 4188 4291 4305 4606 5094 5546 5799 5818 5998 6047 6054 6369 6386
2868 12 13 83 111 197 252 289 321 407 521 593 649 760 824 863 865 923 989 1022 1035 1059 1315 1328 1336 1344 1349 1399 1549 1719 1764 1799 1852 1904 2130 2231 2302 2308 2371 2455 2700 2793 2841 2907 2935 2995 3004 3054 3069 3186 3268 3466 3543 3579 3605 3684 3695 3758 3821 3829 3917 4025 4079 4080 4092 4139 4140 4146 4170 4171 4182 4186 4189 4214 4244 4448 4449 4479 4602 4649 4675 4737 4840 5017 5079 5091 5137 5238 5249 5275 5282 5283 5318 5482 5483 5493 5518 5571 5583 5655 5663 5670 6174 6286 6324 6350 6598 6684 6726 6874 6925 6986 7304 9475 14612 16409 16489 16883 17077
2869 4093 4260 4265 5145 5388 5611 5681 5733
2870 3081 3341 6351 8727 8796 9544 10040 10720 12038 13220 13226 13509 13907 14926
2871 6167 9319 10358 11152 11409 12360 13277 14744 15564 15770 15857 16205 16376 16836
2872 6569 7469 9471 10317 11205 12177 12534 14342 14424
2873 76 2527 3071 3581 4543 4700 5283 5856 5916 7481 8001 8224 9033 9658 9745 9786 9944 10732 11693 12066
2874 499 6165 8033 8069 8596 9212 11825 14566 16236
2875 1381 2140 2898 4190 4806 4876 4991 5094 5097 5421 5528 5818 5877 6047 6506 6757 6976 7618 8308 8419 9584 9736 9737 9738 9807 11088 11453 14263 14462 15246 15978 16895 16995
2876 298 2253 2773 3507 3509 3803 4786 4834 16396
2877 2102 2665 3325 4736 4746 7988 13884 14073 16377
2878 1238 2282 3983 6164 9135 12183
2879 676 5713 8031 12366 12456 12643 12795 13617 14834 15021 15243 16759 16778
2880 2440 3226 4074 4633 4806 6470 6595 8919 9556 10179 10600 11033 11041 11825 11929 12198 13253 13405 15333
2881 1772 2310 2665 8179 12364 13111 13883 14216 14265 14845 15213 15857 16854
2882 511 1699 1989 2737 6272 8227 8613 12007 14223
2883 159 966 1780 3338 4217 5028 5067 5121 5122 6312 9346 9646 9994 10646 10659 11496 14751 15194 15290 15885 16048
2884 2806 4093 10076 11088 11567 12042 12210 12364 12576 13111 13660 15857 16999
2885 1259 1563 4090 5311 10258 10650 11167 13869 14140 15407 16632
2886 4776 4777 6924 7091 7962 8883 9462 9640 9820 10918 11116 11872 11920 12820 13385 13821 14163 15007 15029 15031 15185 15471 15639 16303 16394 16429 16946
2887 4669 4717 5067 5127 5549 5893 6061 6240 6588 6804 6875 7048 7561 7626 7667 8248 8457 11044 11341 12418 12859 12928 13333 14139 14688 14805 16223
2888 409 1652 3969 6742 6998 7593 8895 10395 10780 12134 12267 12525 13282 13387 14030 14163 14645 15767 15768 16227 16353
2889 38 181 393 926 1700 2038 2095 2838 2947 3091 3390 3870 4185 4268 4351 4517 4908 5022 5625 5767 6073 7614 7775
2890 226 641 788 1097 1258 1323 2202 3863 4322 4781 4782 7078 12067 13282 14940 16353
2891 75 772 817 1526 1550 1568 1824 1835 2233 2964 3155 3645 4095 4270 4433 4960 10156 16857
2892 12 19 242 866 1261 1640 1953 2270 2392 2490 2857 3471 3482 3627 3743 4142 4168 4775 4872 5028 6002 7258 7341 9264 9278 9346 9646 11510 11597 12059 12077 12338
2893 1187 1835 4044 5311 5362 5792 5929 6442 6599 6885 7244 7784 7899 8049 8112 8412 8869 9362 9571 10186 10711 10959 11305 11865 12781 13064 13115 13893 13998 14044 14628 14681 14917 14935 15212 15998 16043 16151 16274 16435
2894 4297 5091 5676 5817 5944 6175 6284 6355 6561 7852 8181 8332
2895 1197 3000 6557 9681 11080 12829 14235 15778 16798 17096
2896 44 176 787 1344 1991 2414 2963 3179 3834 3956 8235 10661 15356 16943
2897 265 681 2071 2139 2732 6206 6763 9508 11306 12917 13829 14276 14438 14557 14637 14906 15783 16538
2898 1196 1939 4093 4161 4258 4260 4317 4355 4606 4615 4846 4861 5138 5282 5303 5317 5439 5457 5502 5681 6639 7015 7624 7711 8206 8914 9605 10600 10890 11276 12315 12819
2899 331 500 514 640 995 1197 1315 1406 1409 1816 2877 3075 3091 3179 3608 3636 4138 5351 5574 6332 7413 8255 8303 9618 9633 10199 10241 10363 11167 11390 11473 11490 11687 11891 12998
2900 47 2061 2862 2966 3308 3811 4541 5080 5842
2901 162 2454 4889 6739 12363 13503 13509 14265 16348 16388
2902 44 510 830 839 1728 2909 3333 3341 3385 3710 3769 3866 4351 4361 4367 6571 7062 7137 7926 8122 9191 10080 10432 10920 11342 11678 11948 12213 12451 12621 13282 14020 14258 14290 14637 14928 15091 15213 15769 15889 16083 16353 16368 16539
2903 215 823 896 1269 1631 1721 2346 3179 5710
2904 456 1360 2643 3153 8080 9426 12157 12523 13274
2905 139 594 1609 1931 2256 2440 2490 2773 2809 3076 3158 3202 3209 3664 3665 3684 3717 3768 3807 3966 4045 4074 4170 4171 4174 4583 4633 4657 4714 4785 4806 4863 4991 5097 5182 5235 5282 5528 5536 5553 5573 5873 5980 6595 6609 16409 16883
2906 726 767 892 965 1048 1332 1364 1402 1475 1725 1960 2012 2041 2419 2421 2475 2773 3076 3824 3928 4136 4236 4288 4289 4291 4949 5016 5355 5358 5396 5651 5749 5998 6076 6330 6399 6555 7614 8189 9465 9561 10646 10849 11231 15597
2907 1366 1382 2733 3385 3766 5619 8385 9917 11182 11205 11255 11391 13153 13754 14276 14638
2908 179 3116 3922 4208 4346 4867 5135 5464 5836 6293 6626 6745 7963 8173 8367 8430 8572 9363 9765 9821 10194 10229 10290 10717 11051 11212 11274 11980 12004 12312 12328 13082 13221 13568 13834 13913 14404 14538 14701 15003 15280 15564 15566 15695 15842
2909 7878 8094 8260 8870
2910 1229 1956 4488 6568 8462 9440 10057 11420
2911 2031 5549 6310 8248 9629 9801 11044 13167 13230 13282 13577 13850 14216 14545 14751 14785 14818 14925 15153 15914 15917 15935 15988 16021 16270 16353
2912 58 89 105 282 2345 2562 2781 2828 3081 3397 11737 11882 12267
2913 150 264 553 2071 3175 3748 3846 4798 5631 5767 6445 6525 7059 7075 7106 8045 9592 10232 10888 14863 15107 15366
2914 757 760 5797 6318 6890 8103 12809 13059 13434 13836 13933 14182 14434 14750 14797 14832 15125 15257 15377 17024
2915 49 81 162 214 242 260 511 515 613 676 711 772 1692 1804 1868 1879 2045 2375 2471 2539 2582 2693 2983 2997 3011 3039 3158 3202 3209 3293 3323 3329 3336 3341 3342 3410 3662 3690 3718 3741 3762 3768 3852 3948 3954 4020 4062 4228 4302 4305 4318 4361 4365 4380 4399 4402 4552 4678 4681 4712 4759 4969 5022 5049 5101 5160 5229 5237 5259 5318 5327 5334 5458 5642 5708 5876 5884 5912 6046 6119 6228 6250 6251 6422 6431 6654 6672 6686 6727 6993 7035 7473 7654 7857 7876 7973 8028 8090 8227 8613 8789 9146 9558 9690 9800 9896 9974 10003 10140 10309 10310 10365 10432 10447 10462 10672 10710 10721 11023 11234 11404 11498 11537 11616 16368 16667 16668 16873
2916 101 955 2078 2806 8754 13347 15768 16031 16579 16854
2917 19 44 176 195 497 503 877 1366 1460 2425 2944 3100 3371 3379 4682 4701 5200 5207 5932 6590 7004 7195 7681 7770 7901 8235 8809 9144 9253 9264 9278 9318 10005 11151 14421 14739 15750 16880
2918 4191 7506 7842 8329 8876 12671 14203
2919 111 152 241 264 278 320 478 508 588 869 882 1026 1349 1614 2071 2231 2457 2976 3125 3259 3608 3697 3747 4295 4347 4362 4504 4587 4625 4762 4786 4930 4952 4961 5092 5199 5403 5553 5799 6657 6924 7547 7579 8413 8614 8854 9047 9108 9313 9508 10306 10431 10660 11123 11164 11936 12172 12475 13246 13537 13631 14698 14810 15212 15620 15733 15973 16395 16396 16441 16655 16727 16762 16846 17036
2920 108 301 649 773 783 1136 1230 1231 1405 1626 1746 1936 2008 2298 2349 2451 2710 2902 3204 3244 3433 3462 3772 3936 4424 5169 5201 5246 5991 6131 6191 6259 6357 6764 7018 7172 7187 7396 7463 7508 7563 7568 7755 7793 7915 7924 8021 8136 8438 8574 8575 8657 8661 9405 9643 9647 9730 9753 9754 10129 10178 10256 10281 10316 10353 10357 10539 10638 10640 10850 10910 11348 11551 11577 11720 12217 12296 12612 12673 12791 13029 13065 13200 13431 13582 13769 13900 14059 14094 14095 14128 14229 14520 14576 14678 14789 14920 15235 15311 15338 15347 15437 15626 15693 15700 15701 15761 15814 15945 16036 16038 16177 16317 16706 16765 16785 17003 17014 17056
2921 5351 11088 11629 11948 12451 12827 13599 14679 14845 15795 15870 16187 16771 17067
2922 349 515 625 1318 1928 2553 2673 2862 3231 3306 3307 3651 3717 3750 3827 4069 4407 5098 5100 6210 7738 9201 9866 10078 10921 11423 11630 11887 12125 12320 12343 12765 13013 13488 13788
2923 310 2020 5925 6588 7773 9804 10007 10197 10744 11168 11685 15175
2924 612 1614 3339 3371 3784 3969 4082 4220 7810 7976 10106 11495
2925 984 3422 3564 6554 8962 12827 13893 14276 14708 15564 16854
2926 309 6128 6921 7053 8811 11270 13534 14940
2927 181 253 349 503 649 956 989 1208 1318 1810 2130 2171 2502 3011 3122 3807 4074 4129 4138 4208 4450 4758 4776 4777 5135 6595 9200
2928 145 176 2100 2101 2275 2417 2621 4302 6418 6905 7340 7375 7610 7720 8129 8207 8235 9858 10793 13278 14490 14987 15168
2929 74 1609 2471 3948 6414 8063 10258 11421 11626 12653
2930 323 5351 8649 9840 13660 16275 17102
2931 2425 4448 5326 6332 6684 7436 8801 9338 9508 11775 12034 12443 12544 13024 13353 13364 13661 13855 14069 14092 14414 14735 16155
2932 9801 10155 10156 13230 14618 15153 16197 16486 16799 16800 16972
2933 241 266 445 861 1702 2075 2592 4112 4199 4409 5712 7138 7437 9587 9689 10593 11189 11391 11668 12360 12653 13277
2934 77 111 118 363 522 869 882 1029 1609 1643 1793 2321 3720 3748 4330 4345 4357 4362 4610 5155 5156 5425 5547 5760 5859 6067 6152 6431 7511 7723 8429 8726 8778 9442 9982 10462 10781 11618 11627
2935 190 278 1275 1318 1425 2809 3001 3684 4170 4184 4244 4324 4623 4802 4966 4981 4983 5344 5816 5851 6060 6177 6304 6724 6819 6925 7164 11425 11495 11571 11897 12110 12112 12289 13589 14428
2936 511 711 3079 6803 6979 8989 9391 10871 12077 12356 12360 13277
2937 736 789 953 3138 3147 3243 7610 7916 9315 16350 16387
2938 497 503 689 965 1030 1275 1366 2656 3000 3627 3783 4226 5158 5531 5804 5850 5852 7029 7659 8080 10358 10854 11630 11948 12795 12832 13314 14382 14700 15173 15377 16388
2939 240 2419 2420 2421 5358 5531 5804 7987 12832 13017 14814
2940 75 177 505 2464 3396 5334 15564 15743 16827
2941 5955 6155 6728 7534 7669 8250 10290 10689 10961 13659
2942 11396 11629 12026 12378 12554 13230 13485 13496 13884 14359 14439 14751 15254 15917 15988
2943 1576 1747 3858 8259 12308 15196
2944 30 89 143 409 437 511 691 798 812 1005 1236 1609 1620 1698 1799 2045 2061 2310 2554 2790 2791 2943 3068 3339 3707 3843 4702 4761 4849 5224 5282 7840 8532 9085 9304 9316 9467 9708 10525 11105 11711 12082 12543
2945 755 1337 2045 2422 3221 3640 5329 5413 8089 8221 8414
2946 1751 3447 6800 7687 7724 7926 9191 9629 9631 10521 10641 12253 12353 12469 13488 13780 13821 14216 14276 14987 15932 16281 16429 16812 16909
2947 92 407 1121 1187 1309 1620 1723 1734 1903 2528 3174 4525 5917 6259 6814 8802 11454 12222 12242 12525 12670 12844 13633 14928 14972 15195 15642 15778 15948 16356 16478 16610 16639 16691 16759 16779 16797 16891 16893 16959 16960 17096
2948 156 222 677 1609 2381 3954 4857 5504 6187 9149 9508 10365 10782 10931 11393 11423 11560 12794 13413 13488 13815 14616
2949 981 1904 1973 2414 2927 3161 3340 3513 3684 3870 4093 4170 4210 4258 4302 4318 4509 4772 5025 5088 5100 5282 5829 6332 7953 11022 11371 12596 12996 17077
2950 588 593 1091 1246 1433 2624 3488 3591 4504 11926
2951 333 5724 8960 15117
2952 393 2505 3102 3322 3825 4335 4849 7612 9560 11380 11796 11797 11891 11901 16822
2953 112 4134 4217 7536 10771 11005 14163 14637 15263 15795
2954 19 26 55 60 95 102 130 155 174 177 185 190 203 211 220 222 228 231 233 234 238 275 298 299 309 344 350 394 405 433 441 457 458 466 471 472 505 542 544 549 558 569 571 572 589 592 598 623 626 638 641 642 654 658 659 661 662 666 676 685 717 745 770 776 799 801 811 813 820 828 834 839 858 860 885 888 892 895 897 910 917 947 972 973 977 978 979 996 1015 1018 1019 1022 1054 1060 1066 1083 1086 1088 1114 1123 1142 1149 1165 1171 1188 1222 1250 1252 1258 1270 1273 1274 1283 1319 1344 1355 1356 1357 1363 1371 1403 1430 1445 1459 1466 1471 1472 1475 1481 1491 1510 1533 1534 1537 1540 1541 1542 1564 1584 1591 1595 1607 1614 1615 1632 1665 1702 1706 1844 1871 1884 1893 1899 1952 1973 1991 2003 2059 2071 2103 2108 2109 2139 2145 2148 2159 2243 2268 2278 2279 2284 2299 2308 2319 2346 2380 2395 2400 2411 2443 2497 2501 2521 2559 2564 2571 2575 2585 2592 2597 2616 2645 2647 2694 2713 2722 2735 2760 2784 2805 2807 2827 2840 2863 2916 2934 3007 3049 3095 3125 3159 3166 3263 3356 3384 3391 3401 3403 3411 3421 3431 3535 3538 3557 3578 3590 3591 3620 3659 3704 3719 3774 3804 3834 3840 3844 3889 3896 3938 4024 4084 4085 4103 4143 4223 4298 4348 4351 4353 4420 4434 4490 4549 4564 4571 4612 4624 4692 4713 4721 4733 4740 4751 4819 4876 4925 5050 5051 5052 5178 5183 5255 5256 5355 5390 5391 5409 5461 5615 5640 5641 5644 5667 5672 5676 5677 5693 5728 5749 5760 5772 5803 5885 5988 5991 6000 6027 6087 6090 6175 6215 6245 6300 6345 6351 6381 6412 6461 6498 6514 6576 6593 6600 6606 6651 6661 6789 6816 6830 6839 6866 6879 6935 6940 6967 7041 7125 7162 7171 7198 7204 7242 7276 7289 7329 7343 7346 7365 7388 7410 7454 7476 7502 7531 7565 7768 7922 7925 7971 8001 8084 8379 8390 8393 8487 8558 8590 8695 8803 8822 8823 8926 8959 9042 9115 9133 9246 9264 9297 9369 9389 9476 9549 9580 9638 9641 9669 9937 9975 10050 10136 10304 10346 10380 10383 10385 10388 10503 10659 10713 10716 10732 10771 10781 10832 10840 10844 10847 10854 10975 10998 11156 11245 11361 11393 11434 11439 11444 11456 11469 11492 11786 11810 12012 12107 12187 12468 12499 12609 12622 12650 12653 12729 12785 12907 12935 12963 13020 13022 13056 13071 13096 13132 13328 13401 13421 13431 13529 13543 13545 13654 13671 13733 13791 13796 13809 13820 13893 14151 14173 14176 14261 14277 14405 14441 14503 14754 14820 14901 15011 15045 15094 15172 15192 15249 15250 15270 15292 15380 15418 15482 15672 15680 15896 15925 15954 16022 16102 16140 16148 16193 16329 16436 16721 16730 16739 16918 17023 17054
2955 1891 3717 4338 5005 5192 11627 15229
2956 178 298 510 1347 1699 1756 2400 3329 3769 3878 4370 6174 6257 8879 12529 14332
2957 153 1928 3019 3104 3202 3209 3608 3724 5009
2958 156 178 309 681 926 1178 1454 1710 2168 2400 2469 2618 3058 3085 3341 3684 3695 3750 4170 4171 4218 4244 4250 4302 4318 4402 4874 5799 6803 7035 7236 7547 7587 7823 8032 8691 9093 9163 10011 10155 10156 10866 11168 11685 12004 12032 13164 13314 13980 14341 16409 16873 16883
2959 30 256 502 550 633 1246 1600 1683 1699 1836 2454 2578 2828 3488 4230 4243 5799 6046 6765 7724 8303 8790 9774 10772 11619 12341 12350 12654 15283 16358
2960 284 2322 3251 3733 3734 5018 6272 6610 7356 8854 9200 15441
2961 58 1031 1271 1524 2555 2811 3158 4379 5369 5897 6873 6924 7830 8094 10837 11582 11706 12203 12290 13095 17095
2962 40 139 1827 2759 2912 2913 3074 3161 3202 3209 4143 4288 4615
2963 1600 3733 7200 7510 7866 10358 13233 13776 13885 14077 14660 15531 15744
2964 728 3969 4042 5287 9061 12360 12812 13277 15565 15718 15857 16792
2965 106 394 542 1130 1210 1398 1407 1454 1837 2147 2189 2413 2995 3332 3338 3341 3705 4044 4138 5603 5748 6086 6216 6832 7702 8100 8732 9285 9508 9552 10109 10136 10312 10389 11032 11034 11129 11560 11735 11973 12187 12242 12608 12621 12650 13247 13339 13381 13412 13488 13673 13878 14166 14264 14577 14632 14928 15153 15768 15914 15917 15988
2966 437 738 879 1383 1735 3428 4749 5699 6101 6186 6556 6775 6956 6989 7391 7693 7905 8121 8737 9423 9483 9917 10671 11314 11830 12409 12483 16285
2967 3 2724 2802 2803 3840 7351 10391 12119 12255 14368
2968 1354 3773 5932 11881 12359 12928 13956 14843 15343 15585
2969 328 348 445 452 524 558 567 895 1128 1308 1614 1650 1827 2049 2065 2291 2451 2647 2975 3280 3329 3421 3562 4159 4201 4849 5396 5675 5774 5858 7533 8810 13090
2970 43 672 1316 1865 2019 2567 2929 5242 6299 8137 10833 12324 12351 16270
2971 74 256 505 686 917 1035 3522 4004 5201 8573 10227 10780 10888 11088 11421 12260 12653 12805 13193 13409
2972 1242 4966 5400 5493 5802 7211 14216
2973 36 6475 7075 7775 8220 8498 9148
2974 1037 3969 8270 10660 13877 14263 14698 14826 14888 14987 15121 15168 15207 15224 15333
2975 298 1698 3330 11630 12077 15610 16343 16969
2976 6452 7253 7748 8156 9155 10168 10618 12133 12300 13281
2977 149 453 478 623 966 1132 1366 2031 2168 2206 2469 2553 2853 2912 2913 3326 3393 3655 4030 4097 4612 4778 4836 4880 4892 5083 5244 6326 7789 8194 8525 9569 9642 10093 10317 10644 11316 11439 11630 11715 12775 12777 12981 13156 13230 13578 13780 14190 14751 14799 14875 14958 15053 15198 15273 15724 15914 15917 15946 16021 16047 16058 16288 16489 16762 16781 16854 16858 16920
2978 156 163 238 312 333 907 1700 2657 3276 4146 4361 5990 10432 10655 16368
2979 74 189 2472 2553 2963 4796 6470 6814 9556 9992 10179 10462 10514 10551 11041 11616 11825 11879 13110 13148 13405 13509 13824 14586 15847 16096 16235 16397 16673
2980 176 181 611 2440 2538 3807 4074 4164 4330 4633 4910 4991 5097 5327 5528 5725 5906 6269 6595 7348 7547 7724 8235 8854 9047 9558 10212 10555 10837 13488 15324 15492 15857 16350 16667 16854
2981 2933 6415 12195 13278 13314 13462 15914 15917 15988
2982 278 1035 1196 1727 1751 2916 3110 3608 4721 5282 5980 7044 7547 7597 8064 8895 10227 10539 10593 11536 12021 12058 12317 12608 13887 14276 14698 15234
2983 134 582 770 1325 3856 4545 4692 5888 7273 11703 12069 14999 15865 16208
2984 165 169 332 680 1132 1139 1332 1548 1690 2597 2781 2887 2976 3000 3179 3322 3329 3340 3736 4034 4171 4217 4250 4254 4258 4289 4317 4355 4362 4371 4402 4628 4889 5122 5359 5501 5542 5649 5990 6037 6071 6571 6695 6804 7043 7137 7236 7360 7547 7587 7614 7797 7998 8206 8426 8506 8691 8919 9021 9075 9213 9605 9624 9626 9632 9800 10041 10070 10076 10106 10156 10158 10183 10580 10595 10600 10659 10715 10765 10778 10894 11168 11276 11380 11393 11562 11685 11747 12020 12042 12408 12475 12582 12651 12819 12986 13060 13104 13208 13214 13621 13829 16409 16822 16883
2985 3 34 49 54 80 81 112 134 139 153 165 180 188 193 241 253 277 311 336 370 511 515 590 592 610 631 649 676 727 750 755 865 968 1059 1145 1197 1281 1285 1286 1307 1318 1319 1320 1329 1338 1407 1550 1586 1588 1592 1657 1698 1728 1786 1810 1903 1907 1968 2012 2043 2082 2140 2176 2198 2204 2266 2280 2281 2407 2490 2494 2500 2502 2519 2578 2652 2727 2773 2809 2858 2879 2881 2885 2901 2912 2913 3058 3074 3090 3094 3099 3120 3138 3139 3149 3158 3167 3268 3294 3308 3334 3336 3407 3475 3547 3610 3616 3621 3637 3640 3658 3661 3690 3725 3744 3748 3762 3768 3778 3789 3966 4053 4062 4084 4085 4097 4157 4198 4260 4266 4281 4287 4295 4317 4330 4338 4340 4361 4364 4429 4530 4552 4567 4592 4594 4603 4605 4643 4702 4802 4804 4811 4844 4849 4869 4871 4874 4949 5016 5053 5133 5164 5246 5253 5279 5331 5355 5400 5435 5436 5437 5438 5621 5726 5728 5749 5810 5825 5831 5977 5986 6013 6037 6052 6139 6153 6154 6211 6245 6256 6272 6298 6303 6312 6326 6332 6422 6503 6653 6654 6695 6760 6767 6916 6987 6993 7122 7169 7349 7489 7573 8028 8116 8217 8386 8437 8532 8577 8770 9059 9301 9315 9349 9631 9650 9661 9727 9893 10432 10441 10721 10864 11275 11631 11743 11892 12327 12420 12764 12851 14449 16178 16368 16703
2986 1332 1806 2549 3223 3332 3544 4225 4361 4384 6270 7536 7666 7811 7950 9688 10432 11079 12068 12818 12917 13282 16353 16368
2987 4176 13971 15403 16888 16906
2988 176 3322 3341 4317 4391 5272 7079 7547 8235 8525 8614 9234 9561 9989 12917 13934
2989 679 1454 1710 3035 4252 6473 7069 7317
2990 1746 5132 6271 6537 11792 12058 16269 16648 16723 16785
2991 177 1710 2400 2634 3339 3684 4170 4171 4249 4302 4340 4402 5553 5601 5642 6060 6141 6188 6418 6419 6459 6715 6733 6770 6803 6818 7200 7258 7349 7375 7510 7547 7950 8206 8919 9200 9234 9458 9467 9917 10306 10593 10779 11001 11168 11255 11275 11380 11507 11797 12267 12326 12338 12376 12579 12669 13376 13730 13781 14693 16409 16883 16984
2992 176 280 562 690 787 815 961 1112 1277 1415 1427 1459 1518 1567 1638 1678 1799 2062 2115 2122 2259 2397 2438 2476 2487 2498 2555 2855 3114 3309 3321 3353 3480 3636 3682 4119 4206 4262 4330 5108 5681 6356 6930 7276 8235 8275 9523 9614 9822 10233 10306 10425 10428 10499 10584 10593 10672 11171 11258 11346 11812 12031 12072 12110 12221 12289 12315 12696 12780 13233 13501 13557 13703 13910 14330 14772 14885 14895 15408 16226
2993 41 163 176 554 594 781 929 1088 1740 1922 2231 2365 2502 2522 2680 2826 3072 3180 3966 4184 4238 4293 4606 4892 4893 4981 4983 5087 5093 5235 5250 5281 5314 5388 5435 5581 5649 5873 6000 6174 8235
2994 1549 1577 2146 4057 4861 5573 9880 10542
2995 1020 1179 2811 9666 13656 13845 14027
2996 41 112 543 557 1392 1491 1574 1622 1721 2414 3421 4355 5701 6009 7768 9467 15025
2997 1320 2342 3575 3855 8753 10231 11249 14048
2998 118 175 818 1325 1449 1846 1997 2174 2728 3242 3481 3856 4100 4430 4987 6493 6893 6913 8253 9560 9832 9896 10003 10398 10593 11456 12732 12733 13168 13382 17084
2999 1746 7535 7639 8003 8320 8383 9300
3000 112 129 189 393 1242 2168 2359 2469 2482 2927 3085 3114 3329 3744 3773 4112 4171 4249 4361 4606 4643 4715 4745 4747 4796 4912 5508 5876 7547 8854 9108 16368
3001 1202 4888 5487 5565 10153 10542 11557 12360 13629 13679 14875 15207 16185 16301 16953
3002 3340 3363 3766 3971 4188 4228 4252 4276 4305 4318 4330 4490 4702 4785 5101 5536 5873 5948 6342 6803 16873
3003 81 87 93 112 142 175 235 242 253 298 312 511 516 528 588 590 731 824 866 867 1382 1720 1836 1940 1953 2130 2454 2490 2508 2739 2809 2873 2995 3259 3329 3337 3338 3340 3385 3454 3478 3608 3684 3701 3718 3748 3768 3846 3851 4100 4138 4170 4171 4265 4266 4268 4270 4281 4312 4317 4318 4330 4347 4357 4365 4368 4379 4392 4440 4504 4722 5079 5101 5547 5712 5963 6118 6332 6777 6786 6945 7511 7548 7554 7641 7838 8376 9009 9020 9146 9628 9922 10061 10231 10410 10721 11070 11616 11627 12318 12403 12779 13640 13815 14382 16409 16703 16873 16883
3004 9631 9800 13818 14482 16045 16668
3005 1131 4254 4281 4602 6386 6663 16703
3006 1749 2092 2830 3111 4354 4602 4655 7415 8792 9799 13817 15442 15479 16633
3007 61 89 462 535 1486 3202 3209 3427 4903
3008 1710 1937 5780 6217 7199 7702 11088 11678 12794 13168 15091 16734 16797
3009 27 64 86 135 161 165 208 248 578 633 763 828 877 1088 1200 1496 1633 1816 2095 2804 2947 2967 3211 3221 3510 3591 3885 3966 4027 4182 4184 4677 4715 4745 4893 4984 5362 5620 5816 5877 5891 5993 6157 6506 6920 6976 7124 7128 7172 7402 7586 7618 7753 7886 7985 8094 8218 8308 8629 8952 9002 9003 9025 9028 9403 9584 9598 9708 9736 9737 10115 10441 10561 10642 10749 10762 10765 10767 10900 11111 11125 11548 11605 11753 11827 11896 11919 12047 12375 12573 12956 13074 13251 13303 13429 13439 13570 13956 14012 14604 14637 14660 14826 15371 15483 15626 15933 15945 15963 16177 16221 16730 16960 17065
3010 4182 8724 11649 12795 12819 12914 13133 13364 14035 14092 14462 14714 14754 14834
3011 1366 1838 2321 2467 3202 3209 3326 3612 6779 7239 9629 10920 11506 12068 12360 12731 13224 13233 13277 13282 13314 13334 13487 13526 13676 13695 13699 13734 13815 13821 13885 14045 14189 14462 14476 14538 14616 14744 14925 15112 15195
3012 181 592 1579 1600 1774 2916 3106 4138 4721 4838 4849 5725 5899 5906 6408 7221 7724 8231 9164 10593 10837 11495 11620 11630 11662 11973 12252 12360 12428 12536 12819 13233 13412 13660 13825 14216 14476 14720 15768 15914 15917 15968 15988 16680 16975
3013 285 914 1041 2152 3628 5495
3014 1252 1776 1996 2139 2407 2571 3187 4198 4320 5570 5921 5999 6159 6426 6807 7076 7117 8619 8915 9816 10263 10267 10594 13707 13774 13877 13893 14083 14110 14276 14498 14617 14937 15192 15237 15249 15254 15305 16329 16585 17082
3015 178 201 206 211 222 433 497 659 696 1047 1069 1071 1197 1657 1897 1997 2346 2458 2493 2504 2650 2747 2811 2976 3121 3132 3590 4026 4237 4396 4517 4759 5311 5953 6322 6385 6638 6757 6944 7971 8084 8952 9971 10454 10549 10771 11393 11504 11509 11516 12314 12341 12468 12608 12654 13334 14462 14637 15014 15564 15769 16046 16348 16632 17101
3016 23 106 190 244 272 310 437 554 708 964 972 973 976 1019 1064 1105 1169 1352 1529 1554 1601 1660 1697 1915 1924 2070 2085 2123 2251 2267 2424 2443 2542 2758 2858 2948 3013 3074 3714 3748 3875 3942 4276 4328 4809 4838 5005 5121 5181 5245 5345 5386 5590 5703 5871 6206 6544 6738 6836 7256 7294 7408 7613 7956 8106 8247 8359 8364 8518 8702 8722 9009 9096 9383 9578 9647 9656 9846 9858 10177 10383 10576 10750 10768 10822 10856 10905 10990 10996 11235 11330 11364 11406 11481 11615 11704 11764 11853 12029 12107 12213 12298 12315 12445 12677 12865 13016 13135 13431 13433 13641 13656 13714 13815 13851 13920 14093 14150 14361 14534 14659 14691 14720 14803 14910 14996 15069 15113 15143 15218 15226 15252 15257 15386 15417 15485 15556 15565 15723 15745 15783 15795 15811 15827 15856 15862 15885 15896 15927 15972 15994 16050 16058 16061 16079 16083 16085 16113 16121 16130 16142 16161 16185 16186 16228 16245 16247 16258 16282 16286 16297 16342 16351 16371 16373 16462 16504 16519 16522 16560 16633 16655 16664 16685 16694 16697 16746 16770 16777 16805 16809 16823 16849 16853 16898 16916 16918 16919 16935 16947 16953 16955 16964 16981 17088 17094 17110
3017 682 1148 1479 2081 2229 2454 2888 3697 4195 4244 5222 5773 5894 6063 6085 7953 8151 8217 8232 9659
3018 3324 5057 6173 6236 7017 7371 8990 9886 10676 11152 11685 11948 14341
3019 1727 3047 3597 4421 7857 8535 10221 12625 12775 13280 13632 13675 13706 13870 15862 16161
3020 1168 2138 2270 2490 3202 3209 3316 3338 4294 4342 4440 4650 4805 5245 5471 5493 5725 5739 5902 5906 6150 6633 7124 7137 7348 7660 7958 7962 8044 8290 8428 8557 8705 9075 9212 9626 9783 9800 11380 11748 13621 14054 16668 16857
3021 3471 3477 4089 5099 6454 6702 6764 7231 7740 8171 10681 11474 12908 12984 14230
3022 3979 4402 4958 5807 7000 8225 8284 8346 8525 8585 8841 9157 9541 11299 11385
3023 3915 4057 5558 6030 9984 10298 10725 12537 13145 13929 14035 14400 14629 15861
3024 3332 9629 13223 15263 15781 15795 16928
3025 4861 6521 6579 11487 11632 11711 11732 13792 15494 16633
3026 1050 1609 1683 1949 2147 2490 2757 3109 3972 8796 9544 10749 11088 11394 11524 11940 13295 14616
3027 106 116 264 733 842 1700 2530 2742 2903 2955 3091 3338 3388 3638 3748 4291 4534 4912 5998 6067 6386 6555 7382 7387 7663 9684 16275
3028 805 1279 4868 5663 10075 10819 11014 12337 12472 16051 16428
3029 215 219 293 310 400 664 879 961 994 1351 2116 2152 3639 4091 5259 8239 8854 9606 9666 9684 11258
3030 814 4394 9375 9895 9941 12175 13746 14600 15161 15579 16224 16350 16387
3031 8 24 71 92 106 107 112 127 133 139 176 177 184 194 298 357 449 530 550 570 572 620 623 648 721 804 857 942 1113 1389 1476 1517 1585 1634 1738 1926 2000 2002 2049 2275 2316 2365 2512 2530 2590 2629 2767 2828 2905 3003 3107 3108 3118 3125 3199 3359 3388 3624 3701 3747 4142 4178 4258 4367 4386 4400 4968 5245 5277 5493 5981 6777 7605 7858 8235 8428 8871 9253 9288 9691 9692 9892 9918 10242 10360 10408 10715 10818 11171 11436 11638 11685 12020 12065 12651 12653 13164 14334 14341 15302 15914 15917 15975 15988 16681 16978
3032 49 165 511 1029 1446 1751 2574 3322 3329 3337 3341 4219 4240 4249 4265 4272 4273 4276 4277 4291 4295 4302 4306 4307 4312 4316 4317 4318 4330 4347 4348 4358 4362 4365 4366 4368 4369 4370 4380 4384 4386 4392 4395 4399 4401 4402 4477 4838 5079 5101 5171 5334 5381 5458 5493 5642 5784 5836 5867 5876 5998 6037 6054 6067 6071 6187 6189 6220 6234 6332 6369 6386 6422 6431 6570 6633 6654 6663 6672 6906 6936 6993 7348 7547 7554 7612 7614 7866 8088 8227 8292 8418 8427 8428 8498 8525 8614 8854 8934 9075 9077 9146 9151 9162 9164 9234 9288 9321 9381 9558 9559 9570 9574 9606 9626 9627 9628 9629 9631 9633 9674 9688 9689 9759 9800 9807 9819 9826 9840 9900 9970 9989 10011 10013 10021 10040 10152 10153 10155 10156 10157 10194 10228 10241 10306 10310 10406 10439 10471 10505 10542 10550 10558 10593 10633 10638 10672 10711 10715 10717 10721 10769 10772 10775 10777 10778 10779 10780 10783 10784 10837 10854 10909 10918 10977 10994 11009 11070 11079 11087 11157 11168 11171 11214 11219 11221 11276 11349 11376 11378 11391 11395 11397 11398 11423 11425 11464 11489 11490 11491 11495 11496 11498 11501 11504 11516 11550 11617 11619 11620 11626 11629 11630 11662 11682 11812 11858 11973 12038 12067 12068 12252 12319 12322 12330 12336 12338 12339 12343 12346 12349 12351 12354 12355 12359 12360 12364 12365 12408 12475 12536 12622 12623 12649 12651 13076 13488 13495 13509 13567 13621 13821 13822 13824 13825 13829 13833 13870 13884 13885 13894 13907 14099 14216 14263 14276 14283 14382 14476 14545 14616 14637 14698 14701 14708 14720 14773 14820 14886 14899 14928 14941 15195 15203 15224 15255 15273 15350 15441 15564 15565 15733 15737 15743 15768 15781 15857 15862 15914 15917 15946 15988 16021 16226 16275 16350 16353 16387 16419 16429 16563 16611 16655 16666 16668 16727 16762 16822 16836 16854 16858 16909 16984 17076 17081
3033 49 2737 3335 3346 4265 6654 11349 13727 15439 15866 15909 16346 17012
3034 19 41 71 97 105 106 128 131 136 153 162 164 165 183 211 215 244 249 260 278 312 437 507 517 521 525 528 567 592 594 639 649 680 696 728 882 892 926 989 1030 1091 1145 1283 1298 1405 1437 1439 1475 1494 1506 1578 1609 1700 1720 1735 1748 1771 1814 1817 1836 1906 1916 1952 1981 2008 2140 2207 2216 2289 2300 2302 2310 2338 2487 2505 2526 2533 2655 2705 2791 2901 2921 2933 2971 2976 3005 3078 3080 3101 3106 3129 3161 3164 3202 3209 3212 3214 3242 3315 3322 3336 3338 3339 3340 3397 3401 3461 3493 3515 3555 3563 3564 3605 3612 3638 3640 3662 3697 3701 3703 3710 3748 3758 3770 3772 3783 3789 3806 3808 3954 3960 3969 3971 4011 4091 4138 4161 4165 4171 4172 4182 4193 4218 4220 4221 4228 4252 4254 4265 4266 4270 4276 4281 4282 4291 4295 4302 4312 4315 4318 4338 4393 4407 4459 4512 4564 4609 4702 4722 4725 4734 4765 4776 4777 4799 5015 5022 5044 5098 5199 5204 5210 5259 5351 5398 5402 5403 5404 5517 5524 5530 5547 5586 5642 5712 5745 5794 5818 5867 5952 5990 5998 6009 6047 6332 6342 6410 6499 6545 6777 6783 6819 6834 6900 6945 7150 7187 7207 7208 7211 7234 7336 7348 7349 7456 7533 7552 7660 8042 8046 8419 9146 9190 9200 9264 9305 9411 9684 9929 9970 10118 10154 10221 10542 10547 10672 10759 10783 10789 10819 10893 11088 11168 11215 11275 11397 11489 11498 11507 11508 11516 11524 11569 11616 11620 11625 12260 12335 12475 12622 12760 12944 13044 13097 13153 13229 13253 13503 13512 13537 13646 13746 13884 15025 16409 16703 16822 16873 16883
3035 536 2609 3200 3963 12277 15286
3036 193 241 1248 1770 2490 2505 2995 3090 3202 3209 3397 3547 3637 3684 3695 3741 3769 4170 4171 4219 4220 4265 4368 4384 4703 5171 7876 7972 9164 9629 9633 10001 10213 10542 16409 16883 16937
3037 278 523 671 1492 2594 3073 3382 3975 4294 5719 5928 7579
3038 4838 6220 6909 7112 8399 9574 16118 17076
3039 2261 4533 7878 8498 10155 12561 12579 13307 14038 14384 15822
3040 11305 12563 12879 13366 13998
3041 102 2317 4734 9896 10003 10011 10918 11386 11432 11948 12318 12867
3042 989 5297 5380 5941 6198 6332 6560 6829 7003 7066 11173 15650 17063
3043 153 660 675 1237 2078 2878 3101 4062 4567 5022 5685 6054 6298 6369 6583 7711 8206 8418 8695 8914 8919 9570 9627 9638 9718 9759 9800 10040 10160 10231 10600 10659 10780 10831 10842 10849 10909 10924 11009 11088 11181 11234 11276 11308 11464 11783 11891 12360 12558 12610 12649 12819 12933 13076 13229 13277 13328 13815 14887 16388 16668
3044 2072 3068 3138 3294 3724 4051 4157 4626 4701 5733 6080 7711 7835 7953 8428 8914 9315 9518
3045 1364 1758 2300 2488 2759 3182 4096 13762
3046 46 839 897 926 2083 3564 4830 5396 5800 6786 6851 6936 7153 10717 13246
3047 552 4494 10702 12410
3048 197 247 429 454 802 1035 1053 1172 1279 1314 1592 1627 2270 2371 2470 2524 2568 2586 2657 2828 3298 3399 3555 3558 3684 3709 3772 3821 3829 4138 4242 4490 6312 7187 9475 12759
3049 714 1304 2007 2502 3565 4477 4587 5327 5458 5725 5906 7570 9433 9800 10514 10853 12253 12912 13508 13832 13926 14153 15372 16668 16900
3050 559 1038 2710 2834 5087 5494 6087 6181 6763 6768 7306 8846 9304 9402 9431 9526 10211 11318 12106 12402 12559 12724 12861 13527 13778 13937 14043 14520 16307
3051 4198 5351 6159 8618 8695 9648 10546 13825
3052 336 1415 2425 10155 10809 11800 12110 12289 12720 13299 13569 14405 14410 15187 15631 16054 16650
3053 93 681 894 965 3169 3180 4786 7920 11694 12067 12068 12653 13079 13885 16396
3054 217 837 2391 4313 5051 5463 5598 7619 13093 15263
3055 3421 9972 13817 14261 14405 14820 14875 14985 15023 15170 15207 15212 15277 15389
3056 266 696 824 2003 2362 2537 2597 2956 3395 3897 9839 10749 11189 13411 15914 15917 15988 16048
3057 3342 4939 5598 7881 9962 12068 12209 14845
3058 2003 5600 9381 9949 10349 10624 10659 10960 11716 11922 12397 13026 14405 14473
3059 112 165 227 420 598 777 785 830 861 977 979 1041 1047 1054 1071 1114 1149 1270 1405 1556 1564 1709 1884 2103 2242 2245 2346 2454 2564 2597 2751 2784 2922 2995 3461 3498 3557 3600 3741 3825 4108 4268 4334 4353 4609 4763 5023 5036 5138 5158 5355 5448 5600 5649 5706 5731 5944 6108 6136 6258 6432 6661 6676 6692 6743 6744 6839 6866 6889 6912 6993 7074 7236 7237 7588 7592 7992 8080 8131 8154 8155 8181 8231 8264 8384 8391 8487 8531 8621 8691 8817 8970 8990 9034 9075 9131 9135 9139 9146 9202 9489 9516 9836 9924 10221 10397 10629 10711 11298 11608 11617 12094
3060 88 442 3129 3265 3336 3613 4467 6051
3061 106 1315 5015 10342 10525 11168 12802
3062 176 731 5334 6925 8235 11940 12024 13229 13347
3063 292 298 701 907 1026 1042 1045 1057 1077 1143 1261 1277 1294 1336 1487 1511 1606 1610 1770 2052 2274 2366 2467 2496 2550 2571 2644 2664 2700 2892 2966 3149 3286 3330 3468 3487 3501 3528 3694 3913 3969 4066 4322 4533 4555 4880 5120 5140 5553 5865 5896 6039 6068 6101 6412 6462 6668 6779 6794 6984 7180 7460 7645 7649 7678 8034 8198 8298 8303 8988 9142 9220 9864 10010 10086 10674 10679 10859 10860 10896 11190 11210 11355 11430 11600 11635 11736 11848 11869 11871 11886 12170 12351 14216 14338 14596 14637 14927 15112 15350 15415 15464 15820 15831 15877 15941 16177 16269 16343 16353 16358 16419 16479 16502 16609 16718 16854 16972 16988
3064 9629 11496 12068 12867 13366 13488 14038 14216 14545 14561 14616 14845 15564
3065 1824 6060 9616 12681 15090 15667
3066 5352 5809 6284 9368 10389 10498 10741 12212 12710 13246 14182 16073 16850
3067 48 53 180 181 193 201 298 866 1753 2038 2063 2151 2219 2361 2482 2505 2750 2791 2897 2995 3057 3085 3102 3104 3302 3628 3687 3695 3728 3738 3932 3943 4112 4460 4834 4926 5282 5625 5799 5880 8477 8787 9799 11398 11800 12517
3068 975 1169 1600 3501 3769 3969 4693 10040 11424 11619 11871 12020 12608 13283 14264 14501 14637 14871 15263 15579 15857 15889 16025 16224
3069 4861 5501 6061 6240 12371 14174 14584 14628 15168 15187
3070 89 390 458 536 1144 1160 1403 1897 2123 2426 3797 3969 3984 4636 5899 6027 6065 6412 6717 6826 6988 7876 9554 10489 11340 11674 11703 15077 15799 16700
3071 181 310 321 325 501 914 1367 2217 2553 3138 3161 3175 3750 3858 3870 4171 4230 4231 4249 4303 4330 4966 5078 5250 5696 5725 5742 5799 5906 6067 6071 6765 6979 7079 9079 9315 9558
3072 1344 1526 1942 2995 3322 3333 3337 3338 3340 3706 3716 3779 3829 4044 4216 4220 4265 4272 4273 4302 4312 4369 4377 4379 4384 4392 4395 4399 4400 4401 4402 4514 4805 5028 5231 5769 5799 6147 6173 6269 6377 6894 6915 7017 7059 7091 7371 7554 7901 7962 8151 8192 8310 8469 8531 8544 8583 8646 8653 8679 8796 8854 8917 8934 8950 9031 9075 9234 9346 9351 9468 9475 9544 9552 9561 9606 9626 9646 9684 9807 9819 9934 9989 10011 10306 10542 10593 10721 11011 13621 16300 16822 16984
3073 88 523 1686 8434 10153 11112 11267 13314 13885
3074 607 713 5119 12917 13115
3075 73 801 2912 2913 4008 4993 6207 8038 16048
3076 24 139 805 1484 2165 2680 2826 2868 3138 3229 3870 4143 4183 4188 4260 4288 4305 4567 5088 5937 5980 6047 6269 6496 6569 6639 7469 8428 8525 9071 9315 10593 11747
3077 82 159 331 989 1332 1454 2554 4402 5776 10158 11334 11447 11630 12227 12586 12608 15263 15390
3078 2742 5739 7544 8166 12374 14378 14677 16275
3079 1344 2083 2710 5114 7211 8080 8218 8831 9318 9484 14798 14941 16135
3080 169 1710 1825 2042 2511 6032 6171 8087 10194 10717 10854 11200 11237 12283 12632 13008 13491 13568 13587 14304 15003 16893
3081 1098 1382 2698 3998 4930 6535 6659
3082 1410 7901 11858 13063 13521 14246 15703
3083 82 3724 3728 11508 12586 13214 13403 16665
3084 259 499 949 2494 3511 4137 5411 6997 7991
3085 3021 4045 4583 6427 6808 7221 7825 9092 11477 12576 13051 14080 14340 15065
3086 99 195 251 253 287 336 353 384 461 462 537 538 659 673 1150 1169 1286 1376 1489 1663 1874 2070 2207 2262 2342 2401 2425 2457 2560 2583 2597 2599 2756 2788 2800 2819 2950 3100 3114 3391 3538 3590 3620 3687 3747 3871 3875 3938 4364 4377 5136 5465 5694 6245 6513 6831 7139 7291 7362 8119 9193 9305 9513 9804 10008 10200 10839 11028 11972 12005 12182 12720 12761 13569 13882 14023 15083 15607 15944 16264 16399 16727 16836
3087 55 156 676 681 1131 1454 1582 1710 1751 1942 2095 2634 3070 3322 3332 3337 3339 3710 4138 4254 4266 4367 4369 4384 5028 5547 5653 6209 6695 7548 7886 8100 8472 8550 8795 9215 9234 9346 9380 9508 9646 9684 10020 10073 10228 10237 10721 10771 10786 10789 10792 10939 11038 11157 11216 11423 11560 11616 12344 12350 12608 12997 13208 13283 13674 13885 14268 14290 14751 16300 16348 16857 16984
3088 22 55 95 124 151 175 179 195 256 434 455 494 505 514 567 657 808 812 979 1007 1010 1027 1191 1199 1240 1277 1359 1466 1472 1506 1556 1652 1781 1792 1932 2255 2581 2611 2664 2665 2848 3395 3624 3625 3697 4598 4726 6072 6271 6417 6866 7056 7396 7641 8221 8414 8853 10089 10698 11570 12453 12504 12525 12548 13275 13327 13360 13601 15025 15590 15663 15982 16151 16452 16555
3089 2233 4711 9626 10421 12199 12373 12973 13621 14383 16296
3090 512 1856 3695 3791 4798 5064 6445 6472 6473 7315 7316 7530 7818 8195 11919 12046 12444 12468 12612 13002 13578 13676 14310 14336 14408 14538 14708 14755 14810 15043 15145 15293 15298 15599 16009 16012 16326 16468
3091 4746 8264 8597 9581 9735 10357 12343 13358 15246
3092 172 3266 4747 7061 7873 8130 10040 10124 10155 10721 10920 11588 11948
3093 27 1425 5728 5842 6112 6282 6503 6648 7845 8814 8861 9493 10121 11141 11351 12131 12446 13073 13155 13355 13486 13769 13771 14095 15338 15700 15701 16512 17102
3094 1026 5879 9078 10799
3095 42 421 1255 1285 1588 1690 2723 4245 4333 5542 5626 8806 9650
3096 9472 11963 14532 14561 14628 14638 14934
3097 112 1398 1991 2665 3045 4172 4254 4577 5351 5725 5821 5906 5990 6216 9208 9638 10593 10705 11409 11629 12252 12359 12360 12363 12468 12723 13277 13314 13884 14216 14265 14845 15870
3098 669 824 1579 2634 3068 4669 7724 8290 11334 12795 13282 13314 13327 13495 13829 13884 13988 14099 14263 14701 14940 14943 15359 15795 16353 16891
3099 3057 3531 5775 7523 10595 15372 15557
3100 23 49 107 114 117 149 189 199 214 241 247 331 354 365 441 447 497 500 510 515 516 546 547 573 578 588 696 820 826 839 922 938 1092 1098 1142 1275 1339 1377 1436 1640 1703 1768 1790 1813 1963 1978 2003 2071 2114 2125 2147 2171 2290 2298 2312 2521 2579 2680 2687 2698 2793 2821 2826 2870 2892 2902 2903 2936 2973 3112 3114 3164 3168 3332 3409 3688 3704 3829 3945 3965 4008 4029 4037 4257 4258 4264 4311 4363 4368 4379 4399 4504 4643 4655 4796 4912 5245 5260 5333 5469 5517 5642 6025 6052 6174 6386 6431 6536 6654 6865 7258 7292 7578 7594 7728 7741 8028 8298 8372 8375 8789 9075 9146 9161 9475 9558 9626 9629 9686 9791 9800 9840 9967 9989 9991 10228 10444 10471 10476 10593 10720 10773 10981 11292 11436 11472 11667 11719 11973 12186 12360 12619 13277 13456 13621 13812 14365 14438 14686 14787 15544 15579 16224 16226 16667 16827 16937 16973
3101 49 145 273 298 1281 1584 3005 3076 3138 3192 3329 3338 3563 3646 3675 4130 4138 4274 4282 4288 4321 4335 4474 4819 5015 5114 5272 5396 5400 5411 5568 5573 5691 5704 5725 5739 5746 5906 5933 6143 6264 6347 6394 6643 6654 6687 6759 6955 7047 7054 7669 8077 8130 8249 8327 8611 9001 9315 9415 9787 10014 10152 10426 11091 11106 11107 11380 11550 11633 12373 12739 12905 12960 14439 14971 15787 16372
3102 1319 2757 3824 4229 4351 4785 6370 11486
3103 19 48 80 755 798 1904 2422 2948 3000 3509 3769 4998 8401 9264 12315 15444 16849
3104 19 173 176 189 1217 1522 2679 2901 3358 4262 4277 4796 5327 5799 7491 8235 9220 9264 11271 13661 14587 14893 15486
3105 1406 2142 4030 4912 5404 6496 8482 11376 14253
3106 159 655 3278 4189 4203 4865 5899 5967
3107 1052 2130 3221 3612 5204 11496 12324 16424
3108 3001 11254 11565 13446 14532 14652 16548
3109 1326 3481 6269 9622 13830 15433
3110 278 1012 1171 1884 2762 2858 4448 5981 6684 7579 8723 12729 15660
3111 1865 5100 6052 6464 10981
3112 794 815 2912 2913 3831 4291 4523 4864 5617 5900 5998 6052 6356 6411 6755 8854 9418
3113 159 2310 10853 11192 12360 12408 13277 13306 14192
3114 2432 3684 3688 3694 4009 4161 4170 4171 4293 4359 4657 5138 5171 5288 5573 5681
3115 1888 5635 6110 9681 12267
3116 327 3136 4305 4330 4536 4715 4745 6422 6569 7614 8635 10476 10632
3117 687 689 1426 3637 5646 5728 6112 6282 6285 6503 7662 8080 8179 9369 10280 10549 10760 11141 12525 13321 13825 14865 14874 15354
3118 74 310 525 1698 2442 2714 2968 3324 3332 4892 4972 5179 5883 5971 6056 6796 6816 6871 7353 7569 7843 8019 8269 8769 9259 9625 9633 9928 10020 10368 11167 11395 11539 12121 12352 12366 12403 12456 13004 14210 15256 17086
3119 789 3387 4964 6116 15204 15690
3120 141 237 11088 12812 14343
3121 5336 5425 8728 9300 10976 11734 11961 12340 13053 13199 14045 14435 14851 15435
3122 840 4074 5097 5732 6595 7448 9226 9957 11948 12832 13462 16148 16193 16719 16720 16799
3123 51 176 181 215 235 331 691 801 1323 1813 3138 3322 3329 3608 3748 4402 4968 5028 5079 5574 5907 6134 7078 8235 9234 9315 9346 9361 9646 9666 9674 10158 10205 10638 10672 10838 11009 11628 11655 12994 13660 16822 16984
3124 4840 9318 9597 10296 10387 11370 12352 12773 15043
3125 982 11948 12451 12824 13364 13930 14735 14835 14837 15661 15898 17051
3126 28 159 224 301 631 831 888 892 977 992 1199 1368 1381 1462 1579 1844 2258 3068 3204 3332 4146 4361 4622 4849 5981 6514 6986 7910 10306 10432 10722 10880 11177 11346 11878 12194 12907 13132 13543 16368
3127 1026 2275 4131 4604 4877 5822 7547 8614 11205 14638
3128 5734 11940 12676 14538 14802 16919
3129 3332 12045 12067 12068 12329 12366 12819 13224 13278 13329 13676 13975 14079 14258 14462 14566 14616 14751 14792 14906 15475 15586 15667 15769 15795 16393 16589 16632 16708 16718 16887 16891 17019
3130 382 808 1105 3067 4375 8973 11042 11215 11826 13220 13261 13329 13907 14764 14766 16330
3131 266 5733 8679 9508 11189
3132 3294 4302 4402 4753 7050 7877 7926 9191 10032 10033 10268 10494 10819 11630 12054 12099 12103 12235 12718 13186 13488 13497 14325 14524 16900
3133 113 1091 2140 3833 3848 4041 4244 5152 6243 6458 6746 7408 8290 9298 16703
3134 169 2883 3333 3363 3583 3596 3693 4200 4302 4317 4324 4362 4612 5294 5533 5783 5925 6312 6413 6888 6906 6954 7174 7547 7610 7664 7970 8032 8056 8066 8428
3135 79 192 4724 8136 13887 13918 14698 16495 16589 16713 16789 16827 16875 16965 17008 17073
3136 86 144 693 2446 2633 4130 4254 4288 4367 4581 5471 6150 6842 7379 7819 8164 8423 8706 9511 9680 9689 9763 9808 9878 9961 10086 10575 10816 10914 11228 11229 11393 11424 12430 12815 13167 13222 14249 14582 14643 14907 16001
3137 295 1277 1308 1433 1719 1903 2355 2915 4913 5548 5831 6062 7076 7547 8576 9253 9631 10106 10263 10264 10266 10267 10337 12031 12315 12337 12360 12408 12475 12565 12845 13277 13774 13832 14214 14243 14629 15267 15631 15994 16551 16633 16745 16788 16992
3138 112 139 163 290 500 611 1131 1364 1891 2009 2141 2791 2822 2916 2984 3015 3079 3333 3341 3695 3708 3776 3784 3943 4026 4195 4208 4721 5127 5135 6200 6312 6386 7987 8232 8424 9022
3139 4560 7779 9030 10064 11177 11630 13869
3140 64 349 605 1050 1109 1366 1572 2221 2222 2456 2728 2738 2862 2868 2938 2990 3433 3445 3699 3827 4053 4175 4210 4437 4491 4532 4579 4622 5353 5455 6302 6497 6833 7562 9866
3141 1909 2345 6670 7095 10432 12034 12067 13875 14069 14391 14571 16104 16368 16627
3142 44 2679 2773 3363 3550 3684 4238 4657 5573 6347 6410 6609 7054 7393 7411
3143 393 4317 6925 14620 14987 14988 15644 15790
3144 89 3500 5069 5185 8095 10436 11674 12519 13681 15409 15707 16423 16818
3145 263 5334 6263 13093 14331 14726 15113 15139 16138 16660
3146 3271 3567 3770 12253 12917 14632 15724 15768
3147 3945 5810 7863 9126 9444 10593 11320 11611 12653 12761 14424 14764 16365 16879 16969
3148 139 175 503 1248 1406 2171 2976 3046 3059 3138 3754 3807 4142 4440 4446 4530 4805 4966 6595 9315
3149 298 1314 4250 4786 5493 5735 6220 7121 8345 9234 9285 9574 10155 10156 12067 12068 12819 13282 13314 13574 13575 14698 16048 16353 16396 16734 16854 16984 17076
3150 519 2736 2874 4291 4317 5998 6814 9294 12391 13475 14560 14617 15618 15763 16548 16591
3151 713 1770 1948 2139 2451 2505 2677 3000 7320 8127 8404 8581 9506 9508 10152 11504 12917 15192 15631
3152 1169 3608 3724 4293 4873 6129 7196 7547 14701 15579 16224 17051
3153 224 1948 2529 3649 3708 3772 3775 3993 4051 4254 4525 4533 5892 7187
3154 24 139 172 181 185 189 241 249 309 311 441 509 580 860 1149 1377 1388 1449 1581 1593 1609 1700 1763 1923 1931 2095 2147 2360 2574 2621 2827 2863 2903 2927 3091 3138 3149 3161 3202 3209 3228 3242 3340 3366 3382 3608 3644 3695 3697 3699 3717 3724 3728 3731 3733 3734 3741 3748 3782 3803 3828 3971 4091 4093 4100 4143 4157 4165 4183 4208 4210 4213 4217 4218 4231 4234 4244 4252 4258 4260 4265 4271 4277 4295 4302 4306 4307 4315 4317 4318 4330 4340 4347 4460 4567 4602 4606 4610 4622 4628 4674 4691 4715 4745 4796 4893 4940 4950 4995 5005 5101 5123 5135 5282 5318 5337 5359 5363 5364 5404 5439 5517 5536 5586 5681 5733 5740 5830 5831 5867 5937 6071 6111 6386 6422 6633 6709 6715 6906 7033 7044 9315 9708
3155 373 683 1659 2145 4188 5047 5818 6047 6724 6834 8419 15162 15720 16110
3156 8646 8810 11578 15928 16096
3157 215 516 2100 2414 2678 3382 4299 5675 6087 6356 6401 7292 7842 8307 9131 9434 9488 11168 12461 13529
3158 145 275 327 349 469 714 719 729 943 949 1142 1566 1770 1865 1920 2120 2430 2502 2538 2673 2862 2930 3149 3305 3306 3307 3308 3415 3716 3772 3927 4525 5329 5413 6484 7187 8557 8968 9201 9629 10261 10423 10472 10551 10644 10676 10690 11165 11298 11421 11951 12353 12588 13135 13472 14745 14980 15145 15255 15325 15538 15586 15748 15981 15983 16175 16192 16365 16374 16387 16456 16461 16493 16533 16534 16695 16709 16799 16800 16845 16847 16876 16880 16968 17047
3159 239 655 1318 1426 1703 1746 3179 3278 4200 4318 4505 4891 5220 5384 5420 5433 5490 5625 5675 5676 5793 5944 6112 6175 6241 6282 6321 6503 6505 6537 6648 6782 6813 6915 7228 7292 7439 7521 7535 7639 8181 8330 8625 9017 9028 9132 9755 9884 10086 12165 16873
3160 259 361 2673 5689 7512 10525 15262 15781 15787
3161 770 3139 3163 3203 3665 3782 3936 3966 4184 4242 4490 4553 4657 4692 4702 4767 4863 4970 4998 5322 5323 5363 5418 7702
3162 474 1304 2944 6097 7909 8004 8094 8965 9369 9487 13017 13188 16613 17014
3163 151 239 290 817 1259 1699 1810 1814 2400 3718 3870 4188 4798 4948 5528 5799 5944 6595 7459 7792 8181 9279 10462
3164 324 1572 1772 2599 2912 2913 3397 4407 4795 5396 6609 10455
3165 106 381 512 770 1398 1640 1710 1824 2457 2525 2778 3058 3091 3401 3591 3768 3789 3803 4490 4692 4739 4874 6216
3166 89 542 1131 2140 2731 7361 10136 14658 16636 16881
3167 119 608 3972 11169 11380 11858 12355 13658 14931 16146 16608
3168 4786 5058 5205 9047 9243 10894 12838 13058 13396
3169 1366 1960 2405 6764 7641 7910 8354 8773 10153 12360 13277 14693 14813 16867
3170 768 801 2141 2595 8190 8404 12618 14476
3171 134 190 241 263 348 431 709 787 819 1486 1648 1991 2231 2343 2366 2414 2512 2665 2699 2756 3243 3435 3615 3628 3728 3768 3932 4257 4302 4402 4834 5553 6187 7295 8351 8360 8372 9126 9656 10672 10715 11009 11182 11221 11398 11425 11490 11619 11630 11700 11747 11788 12020 12343 12354 12359 12433 12475 12548 12610 12791 12819 12879 12996 13061 13089 13090 13153 13233 13314 13660 13701 13744 13746 13755 13762 13870 13894 13989 14017 14039 14074 14273 14342 14361 14369 14382 14390 14494 14495 14496 14501 14587 14637 14638 14701 14708 14773 14885 14894 14940 15055 15595 15733 15795 15859 15862 15885 15967 16008 16031 16044 16070 16077 16276 16350 16387 16519 16655 16685 16696 16762 16849 16854 16891 16909 16955 16958 17017 17107
3172 453 10373 11288 12521 14429 14720 16744
3173 1972 3945 5696 5828 7079 7936 8290 9206 12051 12370 13409 13595 13958 14438 14553 14611 15592 15729 15768 16350 16356 16387 16419 16718 16972
3174 1344 1770 3138 6265 8219 8816 9315
3175 21 646 989 1698 2296 2346 2520 3301 3337 3340 3407 3631 4271 4272 4368 4384 4514 5616 11070 11464 11537 14216 16177
3176 162 164 1131 1836 3216 3254 4226 4580 5470 6085 7414 7728 8088 8135 10362 10662 12224 12252 12338 12373 12714 13230 13329 13586 13833 14658 14871 14940 14956 15153 15333 15579 15847 16224 16511 16572
3177 310 882 4389 5304 5827 5954 7835 8110 8192 9830 14227 14751
3178 26 460 542 962 1475 3091 3444 3481 5292 6354 9370 10136 11340 15195 15784
3179 788 1033 3746 6210 6268 6497 10636 11294 14987 15233
3180 106 571 836 896 1021 1051 1873 2922 3099 3196 3752 3753 4502 4524 5255 8016 8193 11198 11356 12308 13164 13632 14052 15852 16087 16921 17058
3181 4342 10198 11216 13000 13153 13249 13250 14167 16085
3182 9 197 246 247 298 309 2095 2324 2371 3316 3821 6828 8865 9609 10835 11973 12252 13105 13708
3183 1127 5188 5255 5956 6452 7253 7343 7657 8218 9252 9258
3184 771 1462 1579 2006 2174 3690 4284 4402 4534 5187 5228 5602 5828 6033 6166 6745 6748 9713 10672 11762 12891 13795
3185 148 166 201 882 1332 1451 2257 2801 3011 3065 3202 3203 3209 3229 3608 3684 3688 3697 3728 3733 3734 3741 3747 3788 4020 4039 4093 4138 4143 4161 4171 4175 4213 4216 4421 4556 4567 4606 4622 4772 4892 4898 4940 5079 5264 5282 5517 6062 17040
3186 152 4171 4357 4370 6574 7511 7758 8557 10595 11546 11627 11727 12410 12714 12867 12897 13005 13153 13395 13683 13726 14279 15263 15295 16409 16762 16883
3187 53 1027 3523 3680 8150 10227 10241 10306 10779 11171 11314 12068 12819 13223 13472 14382 14773 16461
3188 48 181 3714 4146 4249 5282 8090 8705 10294 11254 11565
3189 72 156 178 531 2634 2750 2927 2986 3324 3326 5253 10496 11948
3190 869 1929 1950 3520 3591 4295 4840 6460 6872 9004 11388 12408 13604 13679 15198 15857 16185
3191 58 59 60 61 177 203 249 278 325 326 348 368 393 396 412 456 545 563 638 644 833 930 931 993 1112 1217 1376 1380 1401 1440 1450 1483 1486 1587 1607 1664 1678 1703 1796 1981 2011 2053 2064 2097 2201 2269 2292 2341 2363 2364 2404 2470 2487 2594 2700 2705 2756 2791 2794 2910 2927 2938 2956 3005 3031 3032 3033 3054 3059 3092 3118 3119 3158 3302 3314 3348 3398 3414 3416 3438 3494 3509 3515 3557 3563 3605 3628 3653 3689 3699 3787 3870 3907 4002 4086 4359 4361 4392 4532 4593 4834 5050 5078 5131 5188 5457 5513 5675 5900 6048 6513 6535 6930 7398 7472 7579 8090 8227 8512 8754 8879 8900 9004 9411 10432 10955 11434 13090 16368
3192 24 1382 2574 3341 3695 4044 4402 5899 8796 9397 9544 9674 10011 10228 10295 10854 11491 12252 12403 13630
3193 4353 6360 8969 9837 10046 10263 12415 13125
3194 159 1131 1264 1579 1710 1804 2821 3068 3640 3852 5927 6342 6493 6893 6913 7635 8046 8212 8919 9163 9192 9556 9594 10600 10866 10966 11042 11088 11111 11165 11618 11692 11826 12198 12473 13253 13766 13815 14179 14462 14978 15772
3195 194 1377 1692 1698 1699 1830 2742 2915 3107 3342 3690 4155 4181 4183 4189 4206 4258 4289 4291 4294 4317 4347 4352 4361 4362 4402 4612 4691 4753 4872 5079 5200 5264 5327 5481 5493 5553 5774 5831 5998 6054 6067 6250 6251 6386 6686 6695 7183 7473 7610 7614 7728 8129 8206 8385 8428 8783 9125 9234 9552 9561 9800 10041 10065 10432 10521 10542 10595 10600 10723 10909 11168 11171 11177 16275 16368 16668 16984
3196 266 767 6595 11185 11189 14574 15213 15233 15709
3197 331 1710 3769 4183 4234 4675 4678 4703
3198 44 48 189 215 611 1904 2020 2912 3229 4796 4834
3199 4237 6422 8389 9384 10831 15435
3200 992 1235 1359 1366 1530 1773 2391 2464 2985 4176 6524 7326 8452 16546
3201 2317 2665 2698 3857 4399 6925 7734 8255 9102 10006 10062 12364 13111
3202 3257 6599 7497 12548 13660 13739 13744 14637 14931 15579 15857 15968 16048 16224 16350 16387 17104
3203 393 2464 2796 2985 4195 4330 4912 6773 9799 9994 10593 12360 13277 13476 15885
3204 1677 3648 4401 5979 9388 12825 13858 14120 14218 14539 14555 15206 15209 15744
3205 1692 2288 3340 3342 4384 9578 11643 14940 14999 15091 15768 15795 16375 16591 16686 16891 17026
3206 10733 12776 15703 15763 16017
3207 920 2091 3908 4089 4682 6454 7732 7939 8142 9328 10676 13942 14005 14519 14838
3208 167 169 259 298 502 528 777 796 866 867 1131 1291 1316 1347 1527 1584 1609 1633 1692 1698 1727 1770 1810 1830 1864 1920 1989 2381 2581 2634 2842 2848 2889 2895 3035 3322 3326 3341 3342 3493 3558 3570 3690 3779 3829 3912 4164 4244 4286 4370 4402 4459 4673 4747 4969 5050 5246 5327 5799 5865 5921 5963 6242 6828 6974 7219 7260 7518 7564 7626 8284 8388 8399 8668 9234 9327 9417 9475 9539 9547 9688 9763 9776 9922 9971 10153 10155 10156 10462 10646 10747 11079 11168 11290 11301 11345 11503 11620 11630 12038 12111 12233 12346 12350 12353 12358 12361 12362 12403 12653 12676 12711 12714 12815 12819 12837 12900 13035 13409 13488 13637 13675 14930 15195 15407 15503 15533 15894 16735 16822 17086
3209 430 989 1746 2022 4271 4539 5087 6013 6285 6537 6776 7496 7535 7536 7639 8383 8618 9553 9734 9755 10312 10577 12346
3210 1323 3058 3327 9329 12809 14865 16151
3211 1853 3202 3209 3340 3484 3710 3718 3786 3789 4169 4348 4537 5285 5363 5580 5586 5642 5985 6312 6369 6431 6633 6769 9146 9630 10221 10675
3212 24 34 447 687 805 905 1617 1719 2214 2217 2364 2902 3332 3448 4138 4710 4762 5276 5846 5852 5887 6459 6532 6870 7920 7939 8206 8919 10600 10933 11128 11260 11450 12399 12868 13041 13253 13869 14370 14670 15187 15333 15382 15589 15628 16448 16511 16566
3213 1742 1823 2814 5420 7883 14344 14854 15285
3214 176 3468 3610 4361 6192 8235 10241 10432 15463 16368 16841
3215 175 310 788 1345 1692 1710 3333 4211 6089 7610 7939 8425 10220 11503 11620 12579 13841 14341
3216 55 79 100 110 156 158 174 275 290 451 460 512 516 533 542 598 622 676 770 989 1364 1454 1503 1526 1606 1710 1889 1891 1948 2047 2124 2147 2264 2273 2454 2508 2525 2634 2645 2741 2742 2784 2785 2791 2806 2838 2916 2927 2965 3035 3337 3338 3339 3401 3425 3558 3585 3659 3725 4014 4196 4293 4459 4490 4692 4721 4899 5116 5355 5426 5649 5691 5706 5749 6160 6286 6328 7028 7113 7548 7627 8262 9508 10136 10838 16275
3217 36 42 61 176 295 348 353 548 715 864 947 1044 1133 1191 1469 1524 1585 1638 1735 1743 2062 2160 2201 2700 3010 3198 3245 3624 3889 4086 4472 4762 4903 5321 5952 6253 6843 6957 7067 7120 7415 7479 7562 7605 7830 7941 7943 8109 8235 8281 8395 8505 8602 8881 9069 9179 9262 9632 9638 9663 9770 9771 9943 10023 10164 10171 10210 10665 10722 10734 11018 11416 11417 11708 11875 12306 12726 12743 13090 13470 13589 14147 14177 14708 14713 14720 14723 14832 14833 14835 14836 14837 14916 15089 15109 15197 15288 15299 15300 15348 15349 15376 15395 15490 15589 15611 15765 15782 15852 15853 15861 15897 15934 15965 16160 16240 16241 16337 16338 16521 16522 16554 16605 16659 16773 16819 16849 16856 16901 16939 16940 16941 17011 17031 17037 17060 17087 17108 17109
3218 43 102 715 1586 1588 1792 1833 2813 3882 4243 5209 9650 9727 10884 11276 14138 16620 17072
3219 664 1823 1824 2078 2095 2797 2926 3180 3550 3608 3639 3750 4174 4264 4612 4786 5330 6030 6659 9569 9629 9801 9984 10013 10155 10156 10180 10542 10565 10725 10744 10906 11168 11221 11576 11662 11685 12067 12608 12819 12867 13164 13279 13314 13365 13488 13521 13617 14341 14637 14653 14670 14914 15568 16270 16396
3220 71 156 160 253 329 604 772 991 1131 1606 1740 1868 2387 2851 2916 3336 3433 3600 3710 4129 4158 4220 4333 4353 4362 4572 4721 4776 4777 4795 4807 4882 4949 4993 5016 5156 5327 5572 5725 5731 5733 5906 6327 6357 6422 6633 6692 7065 7233 7547 7570 7616 9146 13640
3221 10 109 189 255 279 288 323 405 502 579 664 1865 1973 2072 2147 2376 2461 3294 3639 3681 3724 3846 3870 3917 4257 4311 4410 4622 4796 5148 5353 5367 5739 5863 5999 6001 6426 6617 6903 6906 7359 7719 8099 8218 8936 8952 9751 9922 10086 10255 10266 10267 10564 10599 10895 11199 11276 11421 11507 11629 11739 11925 11932 11938 12049 12134 12196 12347 12452 12802 12878 13009 13367 13533 13774 13787 14164 14192 14237 14389 14845 14885 14899 14937 14990 15005 15168 15187 15213 15237 15298 15524 15579 15883 15967 16012 16031 16037 16224 16265 16477 16595
3222 1704 2414 3365 6076 6203 8186 8243 8530 9629 9644 10005 11151 11607 13058 15424 15561 15750 16254 16515 16678
3223 689 1937 2300 3001 4028 5427 5692 6960 8154 9093 9401 9629 10136 10138 11668 11940 12116 12324 12348 13409 14128 14616 16937
3224 279 1703 1792 2686 4167 4186 7598 8676 10555 12020 12365 13460 15970
3225 129 232 1386 1584 2773 4238 4895 5307 5325 5701 5819 6050 6056 6243 6276 6277 6475 6553 6675 6858 7623 7873 8130 9065 9135 9294 9480 9686 9838 10270 10395 11599 11776 12134 14624 15599 15961
3226 276 1144 2412 2529 3169 3257 3866 4448 5282 5779 6590 6684 6763 8846 11221 11314 11394 11682 12107 12343 12373 13488 13884 14114 14175 14378 14449 14452 14658 14705 14786 14792 14927 15221 15483 15501 15529 15676 15847 16021 16144 16195 16397 16589 16699 16784 16991
3227 10 26 107 716 897 1571 3417 3431 3859 5447 6426 7127 8084 10266 10267 12565 13774 14243 14246 14937 15026 15237 15780 16744 16902
3228 2605 8854 9037 11489 12359 13506 13825 14331 14382 14708 15565 16366
3229 241 394 606 788 836 1023 1213 1601 1701 1876 1915 2320 2750 3532 3640 3714 4648 6332 7356 7684 8536 10008 10251 10518 10542 11070 11496 12819 12821 13600 13888 14931 15389 15900
3230 12138 12471 12773 13307 13654 13683 14701
3231 8239 8399 8921 9020 9075 9638 9689 9800 10158 11088 12622 16668 16853
3232 6995 7821 10677 10933 11124 12370 13250 13810 14170 14611 15720 16836
3233 164 1406 3608 3724 4020 4277 5586 6045 6386 6962 7547 7638 8402 8512 9285 9562 9695 10231 10452 10558 11276 11627 15042
3234 246 3125 3643 4070 4195 4678 6626 10836 12071 13000 14772 16869
3235 112 500 890 1574 1788 1948 2296 2620 3288 3333 3380 4008 4610 4634 4890 4989 5629 5698 6123 6187 9103 10125 10832 11169 11181 11510 11790 12059 12316 12317 13695
3236 7 19 23 80 106 112 117 148 175 177 181 190 215 298 310 324 453 500 501 505 519 528 608 625 666 738 866 867 874 914 949 1050 1081 1169 1318 1398 1497 1620 1640 1742 1755 1845 2072 2110 2131 2141 2192 2205 2231 2232 2249 2250 2288 2300 2316 2409 2414 2451 2488 2502 2679 2728 2736 2854 2883 2901 2948 2984 2992 3075 3104 3133 3138 3202 3209 3329 3366 3380 3513 3636 3680 3684 3695 3708 3724 3733 3734 3741 3750 3769 3773 3781 3784 3785 3805 4030 4039 4147 4170 4171 4179 4181 4193 4216 4226 4240 4265 4271 4277 4291 4318 4415 4486 4606 4674 4702 4729 4747 4772 4953 4954 5088 5264 5313 5350 5359 5363 5396 5457 5643 5654 5659 5725 5792 5799 5848 5906 5963 5998 6013 6111 6174 6216 6257 6312 6969 9200 9264 9315 16409 16873 16883
3237 291 456 1462 1655 1881 2022 2083 2210 2541 3313 3957 4215 4643 6528 6815 8131 8383 8386 8873 9301 10080 10886 11028 11044 12353 12695 12812 13419 14430 14859 15350 15519 16107
3238 24 120 156 241 1196 1199 1271 1557 1710 1804 1815 2219 3068 3168 3202 3209 3852 4381 4399 4585 4643 5030 6095 8221 8414 14686
3239 298 303 8368 8813 9368 9601 10741 16296 16583 16611 16759
3240 1790 5260 5526 6588 9972 10765 11192 11536 11711 12582 12950
3241 49 89 114 325 326 621 1367 1620 1960 1989 2432 2659 2737 2872 3080 3208 3339 3340 3829 4230 4270 4522 5873 6371 6383 6654 6765 9475 9527
3242 986 1426 2411 5723 9329 10162 10421 10896 11636 11822 12577
3243 390 3179 7724 8597 9686 11184 11687
3244 1928 7324 7832 8778 10288 11757 14389
3245 5822 7610 9159 9472 9843 10799 10993 11207 11255 12548 12585 12669 12784 13050 13397
3246 633 2664 3608 3746 4281 4734 5152 16703
3247 129 1063 1999 2786 3296 3684 4830 5614
3248 2995 4062 4208 4282 4490 4747 5493 5642
3249 24 32 42 222 459 663 732 1990 2145 2517 2938 2942 2996 3481 3899 4191 4841 5100 5504 6747 6940 7591 8780 9560 9928 10040 10974 11012 11203 12875 13283 13334 13495 13568 13599 13814 13815 14253 14417 14887 15474 15565 15768 15968 16011 16141 16334 16723
3250 1600 13230 14845 15209 15255 15564 15796 15857 15914 15917 15988 16589 16610 16699 16776 16836 16991
3251 3911 3914 3915 5327 6482 6749 7405 7621 7933 9179 12214 12743 13307 13365 13654 13671 14088 14405 14831 15175 15389 16895
3252 1846 14286 14875 15263 15392
3253 3591 7903 8552 9912 11168 11386
3254 2028 2155 6820 7791 7845 8255 8940 9935 10847 11473 13159 13287 13338 14031 16759
3255 3322 3333 3341 3803 3829 3945 4786 6347 7340 9475 9625 9687 10312 10471 10542 10977 11167 11168 11171 11219 11234 11276 11391 11491 11498 11504 11508 11510 11516 11537 11538 11539 11617 11619 11620 11630 11662 11973 12059 12067 12332 12338 12342 12343 12346 12366 12472 12623 12819 13621 16230 16396 16822 16891
3256 26 70 105 151 159 160 193 598 675 1037 1948 2116 3457 3710 3724 3747 3789 3870 3880 3983 4059 4293 4772 5060 5586 7361 7730 8525 8760 9313 10499 10702 12068 12378 12897 14525 15970 16727
3257 1479 1989 2738 2925 3133 3445
3258 982 4355 5359 9638 10900 11950 13384 15074 16133 16302 16669 16727 16762
3259 1131 1508 3684 4170 4171 11629 12067 16409 16883
3260 933 2944 5553 6068 6270 6833 7085 9508 9587 10120 10640 10689 11398 12068 12625 14176 14405 14701 14885 14888 15474 15582
3261 914 3324 7920 9234 9435 9558 10130 10158 10220 11516 12403 16667
3262 44 97 145 146 684 2422 2706 2790 2832 3443 3978 4022 4023 4302 4436 4855 4966 5219 5383 5438 5502 5568 5802 6093 6185 6288 6406 6484 6497 6734 6799 6817 6894 7002 7146 7458 7491 7492 7984 8249 8363 8544 8643 8644 8645 8905 9404 9410 9415 9526 9571 9626 9673 9787 9867 9905 9979 10053 10239 10612 10769 10879 10936 10990 11091 11421 11523 11846 12106 12222 12590 12905 12960 13116 13621 13625 14049 14230 14294 14376 14523 14787 15008 15241 15271 15306 15410 15998
3263 17 89 542 1423 1496 1663 2025 2116 2597 3272 3403 4387 4736 6363 7343 7706 7728 9638 10136 10874 12070 12468 12819 13279 13671 13829 14106 14653 16161
3264 2484 2795 4428 12588 14702
3265 459 3342 5049 5126 5229 6043 7787 8209 9452 10521 11404 14090
3266 299 975 1217 2320 3395 6872 9444 9779 9875 12381 14219 14382 14430 14939 15134 16089 16234 16762
3267 1569 1995 2102 9679 10365 11987 12028 12755 12838 13548
3268 45 55 89 124 131 158 179 241 242 257 469 676 861 1454 1609 1770 1804 1868 1942 2310 2413 2490 2742 2784 2973 2995 3109 3149 3331 3397 3482 3608 3725 3770 3807 3852 4074 4228 4249 4337 4349 4392 4401 4775 4998 5450 5679 5683 5778 6011 6284 6395 6407 6595 6786 6924 7086 7341 7641 7807 7901 8053 8131 8412 8705 8728 8925 8948 9020 9026 9203 9278 9381 9686 9714 10039 10058 10109 10406 10721 10920 10923 10947 11073 11111 11148 11263 11303 11491 11608 11627 11732 11948 11961 12319 12321 12326 12338 12365 12369 12652 12963 13060 13599 13699 13773 13978 14271 14383 14417 15216 15314 15544 15590 15598 15768 15799 16151 16275 16300 16993 16998 17021
3269 139 298 449 762 1059 1173 1494 1521 1692 1718 1805 2793 2879 2881 2892 2922 3829 4428 4429 5436 7230 7761 8360 9220 9350 9475 10578 11946 15142 17062
3270 301 609 726 890 1263 1510 2783 2809 3580 3685 3896 3932 4517 5619 7741 8613 8891 11618 12356 14770 15481 16881
3271 356 2602 3553 3902 4787 4874 6835 7763
3272 106 222 234 331 554 883 892 1026 1148 1308 1773 2071 2220 2414 2457 2597 2963 3460 3636 4875 6116 8075 8196 9161 11314 11865 12624 13135 13843 14192 14300
3273 74 427 773 853 1428 1536 1538 1693 3671 4143 4195 4217 7224 9314 10515 12626 12627
3274 64 563 649 713 776 964 1031 1094 1112 1139 1150 1161 1317 1387 1433 1518 1777 1844 1944 2069 2255 2647 2707 2756 2793 2948 2999 3043 3395 3498 3562 3686 3883 3969 4936 5126 5236 5345 5559 5887 5959 5971 6610 6644 6738 7139 7141 7369 7599 7744 8345 8747 8852 9175 9343 9479 10196 10260 10739 10822 10870 11283 11398 11885 12474 12696 12936 13533 13684 14725
3275 6149 6503 6648 6838 7307 9948 10202 11432 11692 13766 14179 14746
3276 3337 4302 4329 7614 7824 7901 8032 8306 9091
3277 860 1609 1725 2578 2624 3271 3803 5981 6763 6792 8596 9686 12052 12249 13599 14163 14229 14378 14396 14692 14956 14974 15350 15768 15818 16238 16313 16630
3278 2405 3049 4750 8105 10594 11731 12738 13688 14697 14724 15084 16082 16790
3279 2138 3129 3684 4306 5553 7537 10755 11333 11510 12059 12429 12468 12543 12652 13311
3280 3699 3702 8870 11533 13948 14890 15035 15717 15984
3281 3135 7266 8837 9896 10003 11426 13857 15488 16418
3282 1820 2505 2526 3139 3664 3665 3718 3725 3762 3766 3966 4044 4052 4171 4180 4184 4208 4230 4863 5093 5096 5135 5235 6765 16409 16883
3283 12126 12879 13366 14367 14495 15055 16070
3284 320 442 527 654 886 890 1088 1670 3676 3677 4709 5011 5087 5166 5618 6152 6901 6909 6924 7360 7363 7836 8041 8142 9025 9074 9193 9536 9830 11269 11474 11754 11792 12036 13275 13314 13565
3285 5739 6001 6923 8099 12202 12350 13234 15531 15639
3286 287 410 735 3166 6397 8236 11439 12408 13671 15680
3287 1217 2227 2345 3311 3340 5796 6376 7040 7190 7436 7836 7883 12602 12731 12819 15376 15660 16021 16093
3288 224 5482 6819 7070 8082 9791 9900 10231 11119 11531 11560 11641 11770 11989 12323 12398 13222 13496 14180 14970 15591 16105 16252 16655 16763 16771 16999
3289 2758 2904 3717 3769 4154 4626 5723 5994
3290 74 660 661 1235 2485 3457 3769 4243 4361 5276 5694 5847 6840 6875 6905 7561 8157 8470 9234 9561 10432 10733 10833 11059 11424 11561 12432 13225 13885 14805 15333 15729 16368 16984
3291 89 281 322 1131 1448 1454 1899 1953 2163 2166 2174 3023 3105 3202 3209 3406 3792 3803 3945 4191 4342 4634 4709 4711 4934 5065 5109 5110 5142 5374 5427 5499 5584 5596 5682 6165 6271 6312 6562 6612 7124 7238 7887 8044 8337 8368 8393 8571 8685 8688 8813 8838 9190 9500 9598 9601 10227 10355 10542 10561 10649 10741 11557 11753 11919 11973 12252 12363 12656 12689 12957 13074 13106 13230 13235 13314 13413 13488 13548 14189 14216 14265 14276 14432 14604 14991 15153 15371 15551 15567 15568 16136 16244 16348 16972 17102 17104
3292 531 3251 4861 5501 6061 6240 6542 6698 7586 8100 8230 8290 8718 9002 9148 9192 9426 9552 9594 9752 10076 10366 10600 10687 10966 11034 11045 11111 11925 11938 12042 12047 12201 12371 12372 12373 12573 12576 13009 13104 13251 13438 13573 13883 13956 13980 14107 14163 14658 14888 14924 14928 15065 15213 15483 15699 15790 15805 15833 15847 16048 16112 16185 16253 16304 16511 16575 17095
3293 295 310 468 805 3245 3976 4086 4239 4678 6119 8710 8730
3294 4382 7407 8286 11274 11734 12248 12342 13864 14360 14371 14708 15736 15857
3295 44 176 240 503 507 1344 1657 1768 1804 2300 2418 2419 2420 2421 2475 2656 3169 3338 3339 3852 4138 4187 4188 4203 4258 4557 4828 5094 5095 5231 5282 5799 6322 6359 6385 7563 7836 8235
3296 499 2912 3724 5553 9801 11618 13267 13484 16270 16350 16387 16419 16609 16790 17036
3297 236 272 421 1012 1796 2104 2617 3018 3318 3863 3902 4781 4782 8854 13464 13876 14691 14900
3298 30 737 799 936 1169 1478 1574 1593 1663 1940 2291 2317 2393 2605 2759 3107 4183 4271 5154 5525 5771 6784 7227 7262 7493 7835 8069 8133 8428 8950 9472 9787 9944 10048
3299 159 2095 2339 3091 3166 3683 3684 3855 4908 6322 6385 6739 7013 9967 10030 10231 10381 10781 10979 11436 11439 11639 12410 12468 12471 12536 13496 13553 14034 15611 15622 15899 15978 16895
3300 187 569 2317 3356 5896 12035 14072
3301 503 1812 4291 5998 6802 15474 15645 16984
3302 55 194 458 531 1206 1981 2102 3983 4347 5558 6280 6402 7355 9719 12072 12329 13438 13599 13654 13712 14462 14686 14924 16015 16352 16900
3303 102 234 437 441 528 763 801 989 1200 1366 1407 1804 2062 2095 2380 2414 2539 2597 2809 3125 3852 4147 4165 4195 4224 4637 4880 4899 4908 5053 9275
3304 3341 3769 4368 4402 5799 8726 9821 9970 10426 10542 11394 12252 14545
3305 69 1240 1399 1507 2554 3075 4150 4152 4370 5574 5957 8122 9798 11157 11869 13833 16930
3306 1625 7221 8789 11210 12303 12420 12467 13993 15298 15533 15710 16481 16732
3307 2140 3693 5654 10013 11376 11562 11830 12548 12819 12917 15431
3308 1563 11488 12806 12836 13430 13457 15195
3309 71 176 273 620 914 1165 1199 1736 1928 2174 3042 4253 5574 8235 8374 9125 10715 10835 11001 11662
3310 19 24 32 38 71 72 80 89 138 145 152 174 177 189 190 201 203 223 229 247 264 266 298 310 311 333 356 403 419 453 478 509 514 620 625 708 717 722 739 749 795 832 861 867 880 946 966 1047 1078 1079 1093 1168 1176 1262 1312 1318 1347 1366 1376 1398 1466 1478 1539 1572 1579 1591 1593 1624 1682 1698 1700 1753 1773 1774 1788 1810 1815 1836 1865 1868 1901 1920 1953 1965 1977 1985 2026 2043 2079 2168 2197 2216 2271 2336 2360 2361 2365 2414 2428 2469 2497 2558 2585 2648 2660 2681 2701 2758 2794 2799 2809 2851 2921 2922 2928 2973 2975 2984 3005 3039 3057 3085 3110 3114 3125 3129 3145 3151 3180 3202 3203 3209 3228 3259 3330 3334 3360 3397 3401 3469 3563 3636 3670 3684 3693 3695 3697 3699 3733 3734 3737 3748 3756 3761 3769 3802 3886 3923 3954 4004 4034 4073 4088 4097 4110 4143 4146 4149 4161 4165 4176 4181 4216 4217 4218 4220 4253 4276 4291 4293 4302 4318 4342 4366 4368 4379 4380 4386 4398 4402 4406 4441 4612 4691 4762 4778 4787 4796 4834 4880 4903 4911 4921 5010 5015 5094 5171 5221 5237 5278 5300 5318 5371 5487 5493 5516 5563 5565 5574 5711 5821 5952 5963 5990 5998 6067 6101 6111 6216 6269 6367 6511 6570 6633 6639 6646 6663 6695 6719 6766 6812 7001 7080 7143 7419 7428 7547 7554 7638 7813 7878 7932 7998 8015 8057 8069 8114 8206 8351 8359 8426 8440 8525 8632 8715 8716 8854 8865 8919 9004 9021 9212 9264 9556 9561 9570 9606 9631 9676 9689 9800 9822 9896 9909 9989 10003 10013 10487 10542 10558 10561 10595 10600 10646 10655 10674 10715 10837 10865 10912 11041 11074 11157 11163 11189 11194 11221 11251 11276 11390 11398 11539 11562 11629 11630 11693 11747 11825 11860 11919 11948 12198 12203 12360 12475 12558 12649 12731 12819 13005 13076 13277 13405 13655 13671 13870 14176 14261 14276 14338 14380 14472 14686 14701 14931 14987 15212 15733 16048 16142 16175 16343 16536 16556 16655 16762 16802 16851 16988 16998
3311 106 241 1427 1609 1837 1999 2095 2130 2170 2786 3886 4270 5121 5122 6356 6416 9302 9626 10158 11212 11435 11851 13621 13723 13869 14123
3312 127 142 519 731 866 867 1303 1343 1364 1382 1418 1600 1724 2077 2963 2984 3329 4272 4295 4440 4722 5015 6681 6779 7641 8575 8995 9257 9360 9566 9629 10119 10779 10854 11496 11519 11772 12536 13223 13236 13295 13327 13412 14216 14751 14845 14925 14928 15112 15352 15555 15768 15914 15917 15988 16350 16387
3313 2071 5327 6798 11660 12363 12832 13255 16323 16500
3314 326 1203 3037 4520 4606 8363 9136 9626 11376 16223
3315 1614 2912 2913 3564 7029 7605 8205 9508 12338
3316 106 177 503 588 610 796 1092 1178 1600 1768 1981 2100 2101 2583 4504 5614 5642 8348 11490 11620 12408 12819 13314 13475 13825 16350 16387 16849
3317 502 924 1411 1553 2080 2143 3002 3338 3412 4291 4339 4727 4890 5015 5543 5855 5998 6160 6270 6747 6791 6884 8232 8362
3318 502 515 518 1388 1579 2310 5226 6187 6431 10038 11973 13066 13326 13509 13666 13673 14552 14616 15203 15531 15648 15795 15870 16348
3319 179 697 801 2277 2905 3091 4254 4757 6147 10038 10771 10893 11278 12323 12651
3320 3 1234 1540 1606 1738 1964 2129 2285 2661 2716 2828 3292 3365 3891 4176 4465 4723 5010 5677 6246 6323 6324 7462 7940 8147 8360 8558 9476 10162 10896
3321 3890 5642 10655 12360 13277 14987 14988 15790 16197 16296
3322 60 89 194 247 332 562 572 787 853 857 932 970 993 1008 1154 1254 1380 1424 1427 1469 1486 1513 1586 1587 1671 1901 2201 2253 2299 2480 2499 2912 2913 3030 3381 3686 3834 3956 4161 4183 4216 4218 4222 4257 4260 4265 4277 4291 4295 4317 4347 4352 4354 4361 4362 4391 4399 4452 4606 5005 5014 5088 5129 5164 5177 5179 5245 5259 5282 5291 5303 5317 5324 5337 5388 5404 5444 5447 5493 5498 5508 5540 5590 5626 5636 5685 5807 5815 5825 5831 5910 5946 5990 5998 6038 6054 6101 6332 6380 6482 6496 6547 6569 6720 6760 7398 7547 7599 7735 7854 8151 8376 8425 8519 9021 9079 9151 9262 9283 9301 9561 9614 9727 9892 9988 9989 10106 10169 10432 10672 10828 11168 11414 11685 12203 12354 12807 13296 13363 13365 13894 14283 15861 15862 16368 17011
3323 78 137 227 545 569 584 595 745 1177 1198 1240 1453 1558 1781 1809 1894 1950 1985 2311 2536 2650 3041 3329 3533 4609 4906 5218 5750 6206 6396 6401 6947 7479 7944 8602 9263 10170 10264 10266 10267 10339 10424 10590 11402 11935 12068 12075 12436 12448 12543 12565 12579 12743 12824 13676 13774 13847 13952 13979 14038 14611 14898 15287
3324 2973 3244 3747 3844 8376 10646 11398 11643 12164 12474 13660 14772
3325 70 146 176 246 358 475 497 503 523 571 749 866 867 951 1092 1275 1373 1540 1541 1901 1976 2360 2524 2634 2656 2657 2725 2742 3331 3340 3392 3688 3770 3851 4091 4170 4217 4244 4302 4312 4370 4387 4402 4452 4492 4515 4722 4728 4736 4912 5375 5393 5416 5452 5799 5849 5963 6238 6323 6332 6600 7031 7125 7497 8118 8235 9316 9558 9686 10164 10169 10228 11180 11432 11619 11775 11973 12638 16275 16409 16667 16883 16937
3326 720 730 1421 2431 4385 4943 6638 8303 10827 10900 11237 11340 11717 12276 12323 12862 13979 14416 14426 14602 15775 15779 15904 16358 16615
3327 5 700 2290 3337 3741 3779 4375 4376 5230 5298 5299 5646 5730 5782 5855 5943 6305 6311 6386 7035 7148 7169 7505 7779 7889 9923 10527 12320 13869 14686
3328 1928 2232 2249 2250 3784 4170 4878 4966 5282 5396 5547 5553 9200
3329 3239 3240 9590 10149 10225 10309 10524 11277 11494 11495 11507 11508 11540 11619 11623 11626 11629 11716 11897 12025 12250 12353 12356 12365 12886 12940 13116 13409 13452 13695 13830 14376 15433
3330 4912 5035 5087 6200 6626 6941 8438 9295
3331 126 194 236 475 551 889 4089 5087 5104 5384 5618 6401 6454 6864 11370 11630 11970 13182 13421 13815 14185 14697 14755
3332 141 298 4639 7704 9585 9629 9652 10542 10918 12366 12556
3333 1199 1751 6610 7379 7553 9047 9317 9858 10156 10198 10833 11409 11423 11493 11494 11504 11507 11666 11732 11733 11942 11973 12068 12376 12444 14038 14216 14286 14637 14693 14751 14773 15857 15870 16262 16300 16701 16762
3334 106 111 287 302 310 478 634 810 1246 1521 2451 2665 2687 3488 3866 3983 4302 4448 5147 6684 11834
3335 2742 3049 3797 3899 7219 7570 8195 8279 10152 11552 15550 16275
3336 3333 8303 10593 10672 12338 12343 12353 16358
3337 1772 1890 4557 5311 9027 11314 11711 12828 13226 15059 16790
3338 3325 9234 10542 10761 11619 12376 12579 13222 13233 13776 14216 15862 16984
3339 236 304 2140 3890 8303 9410 10565 10888 11168
3340 413 1307 1620 1989 2865 3191 3674 3946 4184 4265 4302 4402 4923 5219 5279 5383 5492 5538 5546 5568 5584 5614 5833 6370 6377 6393 6424 6507 6555 6642 6733 6759 6817 6964 7060 7227 7459 7490 7491 7492 7493 7494 7612 7839 8313 8544 8653 8740 8961 9031 9074 9439 9790 9792 9867 10033 10613 14025
3341 2527 6379 7049 9344 9815 10511 12604 12653 12664 12832 14617 14624 15440 15449 15641 16053
3342 2225 2454 3021 3829 4168 7200 9475 10155 10976 11802 12339
3343 6 19 23 48 89 106 148 174 176 177 189 215 278 293 309 331 365 453 571 788 807 866 869 927 1191 1366 1398 1475 1678 1745 1750 1824 1953 1985 2071 2130 2141 2182 2224 2414 2469 2560 2699 2883 2903 2915 2922 2927 3179 3202 3209 3254 3326 3339 3387 3394 3608 3636 3684 3686 3690 3768 3883 3951 4079 4080 4081 4187 4796 5111 5799 6111 6216 7091 7239 7579 8235 9264 9884 13821 16429
3344 1991 4617 9609 12068 12438 12468 14887 15115 15300 16047
3345 89 6974 7065 7903 9327 9539 9776 10263 10540 12285 13731 14155 14266
3346 1208 3307 4069 6210 6497 9866 15444
3347 572 7506 9075 9108 9428 9741 10577 10972 11353 12274 12703 13125 13490 13491 14061 16151 16189 16404 16759
3348 3579 3586 3600 7158 8442
3349 591 1076 2483 4685 5001 8890 9865 11026 13049 15170
3350 236 247 641 936 1029 1032 1199 1412 2505 2698 3395 5051 8854 13411 13601
3351 620 3489 4093 4171 4252 4266 4293 4948 5016 5281 5282 5329 5413 5535 5560 5581 5598 5613 5649 5746 5831 5873 16409 16883
3352 5455 6257 8385 9674 10646 11830
3353 256 869 3824 4392 5501 6061 6232 6240 6803 6804 7958 8397 8673 8919 9783 10765 11616 12319 12508 12573 12582 12714 13253 13439 14369 14462 14928 15277 15483 15529 15579 15594 15688 16048 16162 16224 16286 16857
3354 70 191 272 566 638 964 1349 1904 2102 2182 2240 2283 2342 2618 2750 3020 3198 3300 3421 3736 3752 3753 4106 4210 4268 4314 4355 4361 4362 4379 4397 4421 4532 4625 5265 5457 5487 5498 5508 5586 5765 5831 6017 6067 6313 6386 6464 6738 6755 6873 7638 7711 8016 8316 8525 8641 8854 8914 9435 9561 9632 9807 9820 10106 10306 10432 10713 10739 10873 10978 11168 11169 11276 11296 11556 11840 12038 12325 12475 12575 12625 12775 12937 13061 13825 13980 14176 14482 14987 15389 16368 17058
3355 608 1274 3058 4312 4874 6332 6757 9220 17062
3356 861 4195 4252 4390 8794 8854 9401 9922 10630 11538 11613 11629 12456 13360 13940 15566 15695 16122 16226
3357 4230 5799 6765 9559 10462 11948 12363 12451 13625 15153 15768 16138 16666 16718 16854 16969
3358 167 594 608 664 689 742 1527 2736 2790 3363 3639 3945 4089 4407 5799 5978 6093 6208 6417 6454 7119 7356 7396 7835 7878 9025 9747 10044 10583 10952 11151 11204 12050 12077 12346 12916 12988 13133 13248 13654 13738 14317 14325 14385 14390 14423 14526 14641 14743 14845 15065 15091 15154 15347 15352 15358 15364 15446 15532 15550 15586 15627 15745 15815 16114 16291 16344 16383 16689 16691 16735 16969 16973 17083
3359 116 2867 3748 3768 3779 4142 4401 5268 9411 11638
3360 15 21 44 86 93 124 180 393 503 599 866 867 904 939 965 1085 1275 1337 1345 1349 1547 1580 1653 1768 1836 1871 1928 2256 2570 2644 2656 2699 2821 2995 3090 3259 3329 3362 3448 3516 3547 3608 3641 3684 3695 3701 3748 3769 3985 4044 4063 4141 4146 4168 4170 4171 4174 4214 4230 4250 4264 4281 4283 4302 4311 4312 4317 4347 4379 4384 4387 4401 4402 4403 4634 4734 4819 4830 4878 5038 5079 5142 5147 5152 5231 5318 5425 5493 5647 5685 5799 5830 5876 5963 6173 6257 6262 6340 6391 6461 6710 6765 6777 6792 6922 6945 7017 7340 7363 7371 7612 8290 9551 9626 9629 9840 10676 11614 11629 11630 13058 13599 13621 16409 16703 16883 16937 17077
3361 2289 3841 7313 7343 7748 7910 8156 9155 10956 11253 12410 13553 15899
3362 818 1829 3837 4254 4678 5022 5084 5257 5524 5955 6067 6155 6687
3363 298 3329 3340 3407 4265 4273 4302 4312 5315 6406
3364 26 58 554 1031 1076 1549 1708 1786 1989 2449 2483 2627 2882 2925 2933 2992 3676 3677 3842 4410 4941 5407 5440 5712 5856 6803 9073 9641 10074 10153 10179 10180 10462 10700 10880 11215 11219 11506 11746 12068 12158 12349 12359 12714 12819 13385 13565 14332 14552 15921 16353
3365 2944 6111 8142 10412 11001 12433 12563 13359 15525 16320
3366 1912 2990 6626 11497 11712 12715 14929 15447 15566 15834 16005 16194 16448 17045
3367 685 1004 1824 3332 10199 10675 10854 11177 12182 12358 13282 13468 14153 15020 15874 16353
3368 788 2321 3071 9194 10640 12210 13934 14263
3369 4875 5305 5646 9508 11902 12373 12634 14658 15847
3370 145 190 625 666 1191 1434 2062 2115 2262 2361 2868 2903 2912 2913 2986 9066 9298
3371 4131 5272 10492 12379 15306
3372 126 421 10733 10936 14725 14883
3373 114 1738 2628 2678 2912 2913 6459 8303 10326 12318 13588 14263 14931 16252 16358 16854 16875 17008 17101
3374 139 1774 2868 3091 3288 3769 3773 4087 6109 6228 6240
3375 585 2154 2764 5164 5408 5825 7938 8861
3376 175 788 989 1344 2454 3475 3684 8348 11579 15171 16973
3377 4131 4400 4574 5426 5822 5836 9472 9498 11182 11205 11568 12681 13064 13366 13754
3378 168 270 1446 1600 2031 3397 3684 4146 4171 4305 4342 6239 7035 7116 7258 7586 7823 7825 7878 7927 7985 8046 8206 8498 8786 8919 9093 9192 9382 9552 9553 9556 9629 10458 10561 10757 10782 10966 11032 11034 11041 11111 11115 11117 11380 11504 11540 11619 12043 12047 12049 12341 12573 12576 12579 12608 12654 13046 13075 13174 13224 13230 13235 13247 13251 13487 13673 13708 13787 13956 14155 14163 14166 14189 14262 14382 14604 14708 14720 14792 14927 15006 15203 15263 15371 15382 15473 15483 15565 15579 15768 16021 16162 16224 16233 16270 16392 16409 16428 16567 16699 16883 16952 16991
3379 39 82 162 460 500 507 519 861 1130 1288 1573 1628 1700 1740 1891 1904 1948 2454 2554 2584 2652 2821 2838 2867 3104 3163 3334 3397 3699 3733 3734 3768 3772 4044 4174 4175 4178 4195 4203 4205 4217 4244 4252 4257 4291 4293 4351 4366 4534 4545 4553 4665 4678 4739 4948 4949 5117 5227 5257 5264 5519 5998 6005 6040 6099 7187 9708
3380 907 2316 5663 6126 6892 7822 8529 11568
3381 2102 8861 8992 12132 12519 13675 16204 16423
3382 181 365 1427 1865 2282 2512 2537 2700 3135 3300 3746 4206 4406 4625 5831 6623 8174 9562 11479 11517 11858 12020 12072 12626 12627 12819 13063 13330 14338 14501 16276 16531 17067
3383 1710 4131 8446 12316 13705 15314 16067
3384 2874 6284 6690 8382 9734 9735
3385 2944 3129 3695 3803 4307 6187 6602 6665 6695 7766 8122 8231 9560 10880 11010 11022 11973 12329 12334 12340 12349 12350 12354 12360 12466 13156 13220 13230 13233 13277 13326 13412 13495 13660 13674 13761 13815 13834 13885 13894 13907 13971 13996 14020 14157 14189 14268 14286 14289 14382 14545 14698 14701 14720 14744 14979 15564 15857
3386 1973 1981 2053 2168 2470 3036 3293 4358 4760 7547 7953 12897 14281 17077
3387 203 1352 1536 2198 2234 2597 2791 3401 3837 5386 7997 8542 11790 12035 12363 12472 14265 15564
3388 1600 3326 3327 5011 7920 10312 10778 11295 12465 12622 13737 14290 14864 14930 14939 15879 15914 15917 15988 17077
3389 4470 5931 7314 8423 10731 11381 11866 12027 12548
3390 1026 1180 2241 4720 4970 7620 8006 9436 9589 9603 10412 11192 11864 12214 12252 12905 13934 14230 14561 15032 15271 15410 16912
3391 588 866 3121 4256 4302 4318 4504 6600 6694 6988 10042 11630 12819
3392 86 567 825 1698 3326 3978 5504 7533 10312 11625 12024 12043 14669
3393 176 1768 1830 3322 3323 3340 3637 4055 5327 7215 8235 8361 10426 10655 11001 11425 11496 11739 12126 12819 13165 13626 13711 14390 14683 14805 15668 15914 15917 15988 16058 16509 16822
3394 88 133 193 310 523 826 838 956 1144 1197 1306 1373 1574 1586 1643 1700 1797 1898 1984 2202 2293 2308 2317 2403 2406 2560 2596 2684 2735 2840 2994 3013 3101 3138 3227 3304 3341 3515 3625 3711 3790 3899 4018 4030 4033 4147 4165 4666 4989 5162 5284 5330 5654 5694 5774 6546 6570 6907 7614 7808 8443 9075 9162 9233 9315 9658 9800 10113 10193 10439 10542 11216 11403 11583 11585 11747 11885 12204 12783 12800 13412 13537 13701 13829 14701 15862 16044 16668 16712 16846 16964
3395 3887 4659 5582 8108 8530 9539 12232 12801 13719 14086 14108 14906 15791
3396 941 3298 3399 5623 5818 6047 6655 6834 8597 8763 8778 8999 9108 9221 10240 10847 11584 11687 12759 12877 16789 17066
3397 660 1022 2298 2732 4293 5009 6812 10643 13792 15302
3398 1703 1960 4285 5355 6241 6939 7194 7549 9155 9224 9491 10168 10618 11095
3399 713 3329 4703 5517 13399 15192
3400 89 441 557 558 580 704 708 955 1344 1380 1523 2414 2442 2618 2775 2960 3020 3076 3208 3322 3560 3685 3698 3785 3891 4151 4179 4253 4260 4465 4725 4903 4980 5121 5231 5408 6299 6310 6411 6452 6695 7367 7472 7572 7876 8032 8222 8428 8429 8729 8768 9203 9234 9380 9783 9800 10158 10501 10738 11070 11167 11233 11399 11490 11628 11715 11793 11946 12031 12070 12204 12275 12408 13828 13947 14885 14886 15253 15919 15929 16668 16822 16984
3401 89 3329 4305 4317 4465 6175 6286 7324 7475 7683
3402 349 507 949 2061 2456 2522 2662 3306 3307 3622 3680 3703 4244 9200
3403 127 445 1281 3175 3733 4030 4260 4293 4317 5767 6356
3404 169 2031 4985 6570 8260 8351 9162 9234 9468 9561 10638 11627 12819 13227 13671 14216 14462 15565 16021
3405 897 1013 3145 9556 10805 11612 15993
3406 558 2569 2646 2777 4641 6774 6941 7238 7482 7548 8691 9063 9389 9600 9999 10045 10340 10398 10534 10968 13348 13358 13598 13809 14278 16348
3407 139 311 551 787 823 1664 1678 1679 1753 1930 2137 2480 2773 3309 3341 3457 3725 3877 4258 4260 4295 4967 5079 5133 5282 5573 5710 6464 6571 6795 6886 7044 7141 7797 8206 8275 8641 8900 9298 9614 9632 9799 10715 10739 10842
3408 3257 3851 4818 5292 7110 9203 9217 9639 10256 10322 10542 10977 11088 11167 11532 12008 12067 12068 12077 12338 12342 12350 12351 12353 12410 12883 13135 13165 13213 13282 13314 13430 13474 13488 13553 13773 13777 13884 13885 14189 14205 14216 14227 14751 15153 15768 15899 15914 15917 15988 16350 16353 16387 17104
3409 1328 3028 3692 6259 8097 10219 14030 14693
3410 1047 4114 7553 12352 12662 13097 13702 13780 13813 14366
3411 890 2252 2997 5454 5933 6394 9599 9602 11290 12365 13153 13221 13537
3412 924 1847 1946 1956 5834 6514 6600 7028 8344 9440 11206 11578 11902 12176 12339 13558 14382 14845 16270 16291 16972
3413 271 563 835 1254 2368 3199 7562 8149 8254 8859 10653 11258
3414 1549 3330 3688 10458 11826 12773 13685 16343
3415 86 193 242 527 1728 1836 2644 3179 3773 3866 4093 4234 4679 5282 6312 6361 6719 6765
3416 116 3803 8713 10112 10827 15572 16027 16638 16686 16970
3417 4515 12266 12681 13792
3418 193 1050 3733 3734 4059 4186 4484 4485 4630 5009 5049 5264 5547 6386 9343
3419 1380 2757 3207 3837 4691 4711 7981 8172 8930 12650 12735 13381 13599 13884 15736 16721
3420 106 241 634 1349 1475 1660 1834 2903 3125 4234 4347 4362 4379 5894 8428 12468 14261
3421 393 1526 3481 4390 11334 12679 14212 14213 14827
3422 3151 3460 4149 6841 7428 11995
3423 80 711 755 883 1088 1574 1740 1960 2415 2597 2599 2778 3684 4729 4807 5224 5604 6137 6891 6940 7157 7640 8735 8741 9445 11358 11801 13922 15084
3424 80 518 949 1106 1419 2502 4265 4467 4764 9200
3425 159 1579 1609 1698 3332 10153 10542 11393 12714 13599 13869 14264 15769
3426 44 72 207 610 1206 2537 2813 2879 3276 3627 4380 4393 5773 5887 6374 6993 8363 9253 9707 11472 13135 13226 13254 13833 13986 14907 14913 14927 15157 15746 15914 15917 15988
3427 347 408 1985 3689 5846 9472 11553 11842 13950 14358
3428 166 247 542 681 2578 2912 2913 3322 3341 6312 7673 11424 12196 13712 16822
3429 268 2496 3064 3164 12068 12253 12343 12941 13282 13945 15781 16048 16353
3430 511 515 518 711 1128 2409 3413 4316 5005 6485 6625 7452 7901 8240 8345 8471 8615 8919 9234 9824 10595
3431 310 805 3447 4142 5828 7972 8426 9236 9946 11044 11700 12466 13721 14139 14370 14482 15171 15568 15720 16079 16185 16847
3432 567 2075 4138 4174 6646 7348 7533 7953 8290 8426 8428 8472
3433 450 887 2348 2350 2351 3384 4103 5497 5640 8006 8156 8574 8661 9152 9589 9603 10647 11676 13119 13281 13445 13959 14092 14648 14700 15138 15165 15173 15377 15616 16404 16486 16765
3434 2017 2961 2973 3405 4336 5917 6796 9473 11500 12121 14868 15195
3435 246 247 329 825 1115 1772 2545 2554 2586 3749 4242 4490 5985 6786 8865
3436 809 869 915 936 2927 12190
3437 681 2909 3326 3338 10071 10153 12319 14939 15510 15636
3438 3507 4563 9607 14712 15861
3439 238 598 1823 2454 3828 5266 9302 10003 10061 12408 12461 13097 13153 13292 13327 13412 13511 13884 14378 14624 14992 16061 16734 16753
3440 1413 3504 5107 7840 8094 8828 12343 13134 13815 13893 14417 14897 16552
3441 176 189 327 405 478 503 594 837 857 1128 1132 1191 1329 1475 1476 2101 2464 2487 2496 2700 2985 2986 3846 3897 4302 4347 4348 4362 4402 4717 4786 4796 4892 5095 5114 5205 5351 5545 5684 5758 5831 5887 5913 6059 6418 6511 6526 6953 7211 7263 7356 8022 8235 9210 9234 10212 11171 11316 15638 16226 16984
3442 1384 1431 2214 3115 3666 3898 3908 5215 6579 6970 8160 9226 10182 15204
3443 533 606 609 668 1281 1431 1448 1652 2790 3423 3524 3591 3803 5381 5698 5784 6195 6234 6299 7840 8045 9208 9447 10241 11273 11656 11816 12741 12952 13295 13396 13599 13892 14123 14353 14607 14618 15222 15391 15564 16021 16262 16723 16756 16872
3444 4228 4333 4368 5101 5725 5906 6993 7147 7564 8090 8340 8516 8562 8563 8696 8839 8910 9146
3445 165 2922 3870 4100 4228 4249 4333 4361 4371 4702 4980 5009 5101 5329 5371 5413 5439 5508 5807 5831 6272 7801 8090 10432 16368
3446 109 3087 4729 7755 7840 8218 8254 9003 12347 13660
3447 241 298 867 1188 1266 1277 1698 1710 2006 2071 2400 2578 2624 2634 2927 3397 3523 3684 3803 3854 4108 4678 4714 4848 5963 9508
3448 514 602 781 941 1037 1094 1225 1423 2161 2312 2454 3088 3414 3775 4463 4493 4529 5233 5809 6028 6314 6315 6363 7310 8605 10300 10744 12242 14301 14711 15022 15314
3449 368 503 853 1261 1337 1589 1693 2100 2664 2939 3688 3691 6271 7808 8382 8383 15235
3450 5213 6726 11687 11740 13320 13654 13810 14035 14199 14611 14864 14987 15087 15630 15720 15964
3451 417 980 1351 1565 2139 2876 2954 2962 3135 3258 3506 3572 3696 4494 4786 5394 5449 5673 5841 5871 6161 6163 6705 8051 8905 9365 9486 16396 16535
3452 0 154 995 2140 5039 10582 11163 13654 13767 14261 14300 14443 15118 15494
3453 206 1937 2759 4030 4347 4362 4371 6663 6744 6945 7206 7612 7910
3454 1336 1411 2099 2576 2585 2648 9142 9864
3455 767 2525 4252 5936 7212 7463 7716 10542 11357 13120 13122 13588 14676 16390 16444 16871 16877
3456 1239 5222 5467 6534 6608 9587 11321 11380 11497 11936 12035 12360 12376 12437 12491 13113 13116 13277 13586 13897 14376 15447 15566
3457 676 3322 3337 3340 4138 4211 7724 8972 9688 9735 10241 12267 12342 12574 13832 13841 16822
3458 2374 5002 8912 9708 10271 11770 13168 14304 14308 14637 14662 14917 14928 15153 15564 15768 15772 16048 16252 16854
3459 763 2145 4339 8390 12328 13156 16749
3460 253 2168 2400 2469 3108 3794 5429 6021 6629 6942 6943 7320 7839 8127 8581 8901 8904 10080 13180
3461 89 176 689 691 949 1091 1768 2451 2538 3193 3673 5327 6766 8057 8179 8218 8235 8262 11298 11739 13147 13267 13314
3462 178 224 1091 3259 4384 5620 9234 10241 10431 11123 11394 11869 11948 13282 13411 14261 14279 14616 14701 14820 14886 15263 15599 15684 15857 16353 16984
3463 246 247 459 675 786 810 1464 1488 1694 2403 2465 2858 3005 3563 4632 4838 4936 5809 5981 8084 8865 10011 11349 11812 11833 12343 12432 13167 13233 13409 13599 13764 13770 13827 14249 14301 14907 15526 15785 15869 16001
3464 1096 2178 9788 14202
3465 79 1663 3544 4457 7139 7352 8057 8362 8445 9039 9765 10177
3466 327 388 796 2729 3155 4039 9253 13198
3467 44 89 215 293 342 453 461 502 509 576 650 659 663 805 819 1001 1319 1450 1483 1536 1630 1883 2148 2414 3281 3360 3361 3590 3636 3680 4086 4091 4422 4606 4612 5150 5586 6795 6822 7547 7911 7989 8317 8426 8806 8854 9301 9606 9624 9800 10630 10659 11168 11171 12475 12808 13214 14587 16668 16992 17080
3468 206 367 507 1810 1835 1849 1865 2061 2430 2522 2736 2948 3308 4313 5271 5799 5952 8151 11477 12355 15140 15502 16635
3469 348 487 1744 2064 3341 4068 11957 13061 15444 15929 17044
3470 110 3708 7233 10718 13443 15278 15398 16823
3471 159 1579 1584 1817 2191 2305 2554 2621 3058 3149 4351 4367 4690 4747 4757 4874 5045 5084 5656 6209 6574 7151 8767 9498 9563 9564 9825 10675 10792 11563 11597 13161 13485 14017 14366 15687 15796 16376 17050
3472 117 553 554 651 830 1958 2102 2311 2378 2494 3419 3855 4526 4982 5247 5708 5799 5924 6212 7153 7157 7771 11135 11165 11495 13716
3473 4258 4361 8088 8524 10432 10680 16368
3474 799 1048 1630 2738 3030 3351 3445 8343 9674 10801 13232 13845 16794
3475 7208 9552 10542 11034 11042 11826 11925 13404 14216 14383 14545 15529 15727
3476 161 252 491 1169 1188 1229 1454 1710 1768 2123 2189 2381 2454 2742 3568 4351 4688 5441 6055 6106 6391 6726 6924 7687 8216 8462 8829 9508 9620 9958 11393 12092 12150 12252 12400 12612 13764 13770 13806 13829 13937 13959 14092 14255 14970 15323 15372 15462 15465 15466 15469 15532 15783 16275 16305
3477 320 923 5639 8213 8990 10329 10741 11380 12376 14182
3478 111 175 190 239 254 572 592 639 728 750 797 949 1035 1169 1298 1561 1613 1771 1779 2834 2933 3165 4020 4198 4230 4245 4374 4530 4875 5327 5433 5536 5583 5621 6372 6422 6529 6678 6765 7190 7228 7343 7488 7535 7590 7639 7748 7784 7880 8048 8363 8478 8515 8656 8862 8919 9059 9194 9718 9915 10199 10242 10537 10690 10934 11133 11236 11305 11365 11401 11585 11742 11758 12082 12487 12795 13064 13318 14520 14865 15208
3479 4652 6211 6247 6475 6954 7219 7406 7539 8070 8652 8794 9030 9714 10117 11678
3480 21 48 500 813 1092 1235 1339 2100 2101 2102 2311 3372 3591 3807 4100 4182 4188 4302 4351 4437 4490 5265 6595 9234 10825 11221 12625 12657 13524 14370 14601 16253 16984 17095
3481 512 613 4258 8998 9783 10711 12073 12214 13410 14313 15770
3482 238 2778 5182 8554 13119 14780 15595 16721
3483 256 717 1083 1851 2219 2324 2497 2698 3486 4371 4543 4677 6786 9108 9119 11393 13058 15381
3484 197 331 588 966 1614 4504 5553 10542 12107 12787
3485 478 1455 2749 7675 7971 10796 10801 12133 12300 12377 13959 14092 14731 15015 16653 16826 16985
3486 196 393 1140 1198 1435 1714 2432 2617 3023 3193 3564 3933 4311 7182 7671 7763 8305 11075 11418 12554 13317 13908 14246 15350 16023 16695 16993
3487 3608 4982 6661 8307 8666 11335 12867
3488 1240 2838 2941 3338 9447 15382 15579 16224 16377 16448 16579 16762
3489 195 277 403 567 1128 1191 1406 1632 1868 2572 2954 3412 4347 4351 4362 5127 5401 5505 5696 6052 6296 6547 6663 7001 7079 7138 7364 7533 7614 7936 7937 8206 8494
3490 5536 6416 6475 6675 6997 7372 7529 7669 7957 8671
3491 8078 8402 9366 11298 11366 11963 13025 13382 15316 16068 16539
3492 106 738 1373 1423 2008 3983 4347 4399 5553 6363 6570 8428 8632 8854 8999 9196 9351 9560 9781 10101 10166 10558 11424 11571 11800 12468 14211 16350 16387
3493 35 53 75 165 179 242 311 451 528 600 723 775 939 1316 1584 1728 2409 2453 2574 2704 3471 3482 3522 3714 3864 3929 3993 4221 4308 4311 4366 4775 5204 5231 5312 5530 5638 6179 6547 6672 6828 6960 7110 7341 7672 7846 7959 8125 8134 8135 8683 8967 9026 9231 9612 9661 9718 10327 10537 10542 11092 11506 11602 11624 11872 11914 12174 13134 13821 14057 14423 14994 15132 15179 15324 15545 16073 16084 16131 16429 16517 16877 16886 16904 16969
3494 4305 7035 7823 8032 8363 8426 8685 9552 9624 10580 10751 10894 11034 11038 11333 11925 13214 14047 15537 15593 16561
3495 1579 2990 9752 9816 11691 12187 14331 14382 15813
3496 162 241 298 676 882 1269 2264 2490 2634 3035 3046 3322 3337 3338 3339 3341 3684 4138 4170 4171 4244 4318 4589 5553 5581 6127 6796 8019 9508 9684 16409 16822 16873 16883
3497 43 175 176 196 2100 2102 2574 3333 3337 3758 3829 4312 4368 4386 4402 5318 5366 5708 5712 5799 6828 7349 7769 8024 8072 8075 8122 8204 8235 8255 8399 9036 9475 9644 10005 11105 12311 16978
3498 715 2357 13647 13783 14283 17054
3499 3259 4786 6542 6925 7079 8650 13712 16396
3500 124 181 274 519 780 1199 1502 1579 1609 2072 2107 2488 2785 3731 3777 4034 5425 5546 7998
3501 590 1091 1225 1416 2308 3068 3202 3209 3498 3748 4529 5570 6595 6752 7661 7780 8188 8202 9246 10143 10628 13533 14378 14417 14469 14937 15010 15237 15254 15440 15468 15702 16109 16902 17082
3502 232 264 331 553 567 664 1316 1745 2725 3068 3639 4067 4293 4304 4398 5203 5477 5662 5875 6458 6520 6569 6570 7261 7533 7814 8663 9616 9638 9724 9989 10013 10186 10630 10643 10729 10819 10978 11001 11014 11027 11403 11415 12071 12126 14042 15168 15212
3503 78 708 813 901 1071 1668 1863 2824 3382 5452 7728 8723 10685 10850 11074 11101 11113 12573 12608 12698 13328 13381 13726 13818 13956 14263 14280 14382 14538 14701 14759 14792 14820 14875 15014 15037 15333 15389
3504 97 2912 2913 3954 4402 5729 7673 8255 9285 10593
3505 510 1737 3083 3194 11391 11494 12426 12435 12749 12926 13833 14000 14115 15586 15674 15855 15987 16323 16609 16969
3506 2041 2505 3608 4639 4670 6814 8945 9612 10199 10458 11088 11342 11774 12811 14418 14584 16684
3507 196 2140 5426 6404 10012 11018 11182 15175 16612
3508 770 2869 4270 4692 7255 8981 9686 10623 11160 11591 12397 12721 13686 14464 16422
3509 684 6982 12106 15694
3510 163 1904 1953 2365 2451 3138 3338 3709 3885 3902 4062 4188 4216 4217 4243 4827 5114 9315
3511 571 572 816 1159 1376 1568 2396 3254 3343 3348 3349 3350 3352 3695 3781 4317 4348 4838 5493 6312 6341 7119 7547 9688 9864 10655 10922 10949 10994 11215 11376 11391 11394 11541 11630 11643 11667 12067 12068 12343 12553 12653 13035 13156 13196 13282 13314 13326 13660 13727 13745 13884 13999 14334 14699 15143 15424 15439 15579 15678 16076 16108 16224 16350 16353 16387 16762 16788 17028
3512 527 808 3928 4334 4536 4770 4989 5281 8214 8252 10787 12957 15689 15817 16360
3513 8498 9552 10108 10156 10542 10854 11168 11502 11503 13599 13683 16848
3514 136 239 1572 1745 2036 2428 2493 3244 5562 9705 11232 11943 13009 13528 13592 14378 15025 15401 15804 16124
3515 1751 1838 4801 4804 4811 5373 9616 10064
3516 540 801 1463 1803 3894 4375 4403 10013 10029 11025 11516
3517 23 1284 1579 2310 2526 3271 3697 3865 7361 8407 12020 13078 13739 13754 14085 15201 15254
3518 12 13 25 41 60 61 77 89 108 137 138 149 152 156 162 190 195 210 215 229 233 235 236 239 242 254 265 266 277 278 453 458 466 507 508 517 536 551 555 570 571 572 587 588 589 590 593 599 603 634 640 641 642 655 659 681 690 701 708 717 809 824 834 838 841 851 861 863 868 869 896 917 922 936 962 963 965 979 1035 1038 1052 1065 1068 1092 1093 1127 1139 1144 1168 1171 1184 1186 1189 1235 1258 1261 1268 1299 1306 1337 1339 1380 1382 1396 1403 1436 1464 1486 1491 1499 1532 1537 1540 1542 1579 1594 1604 1614 1669 1686 1693 1750 1768 1781 1872 1877 1929 2021 2071 2086 2100 2101 2102 2107 2112 2139 2148 2202 2203 2204 2231 2285 2291 2295 2304 2310 2311 2320 2400 2401 2404 2414 2435 2465 2472 2497 2539 2563 2578 2580 2594 2606 2608 2651 2665 2674 2711 2735 2743 2852 2875 2903 2905 2944 2995 3004 3069 3100 3104 3110 3114 3129 3169 3174 3185 3221 3235 3236 3278 3280 3284 3292 3325 3339 3382 3414 3416 3444 3451 3462 3464 3471 3482 3523 3535 3543 3555 3560 3590 3600 3627 3637 3709 3728 3737 3746 3747 3748 3756 3764 3767 3770 3772 3812 3836 3873 3910 4037 4072 4092 4138 4150 4163 4182 4229 4302 4355 4418 4432 4504 4555 4597 4612 4675 4703 4734 4775 4860 5123 5163 5177 5284 5325 5330 5404 5472 5475 5499 5517 5525 5541 5553 5586 5899 5967 5990 6042 6048 6111 6140 6187 6231 6367 6386 6460 6491 6513 6516 6814 6816 6866 7187 7279 7310 7340 7341 7579 7583 7615 7652 7673 7724 7754 7785 7880 8262 8305 8452 8859 8861 8916 9103 9256 9468 9508 9542 9626 9629 9631 9708 9807 9832 9939 10009 10010 10050 10199 10268 10542 10548 10797 10888 11189 11376 11388 11393 11398 11428 11489 11557 11632 11724 11834 11898 11973 12067 12078 12157 12175 12294 12318 12344 12350 12354 12364 12365 12373 12470 12475 12548 12601 12688 12689 12789 12794 12795 12805 12819 12917 13111 13204 13223 13226 13246 13269 13314 13318 13326 13407 13412 13413 13427 13428 13474 13488 13495 13509 13525 13529 13610 13621 13651 13654 13660 13693 13780 13787 13818 13821 13823 13825 13885 13888 13894 13936 13962 14026 14027 14157 14216 14258 14263 14316 14377 14382 14398 14462 14476 14616 14708 14751 14824 14886 14887 14903 15025 15058 15128 15129 15175 15181 15201 15244 15277 15333 15488 15564 15565 15743 15768 15772 15822 15857 15862 15885 15946 15968 15970 16008 16205 16429 16498 16671 16998 17088
3519 707 1377 1968 2255 2994 4254 4447 4543 6705 8282 8283 8722 12072 13671
3520 257 989 3462 6487 8691 9063 9430 11950 12346 13829
3521 282 542 1609 1683 2308 2454 3326 3333 4952 5287
3522 3077 9688 10112 12122 12410 12504 12863 13338
3523 18 93 185 236 257 298 394 608 664 788 863 866 932 1029 1038 1098 1188 1412 1413 1475 1750 1823 1872 2206 2597 2699 2948 3141 3395 3464 3542 3553 3639 4310 4873 5170 5412 5646 5899 6175 6492 6529 6693 6837 6890 6950 7119 7280 7281 7396 7401 7441 7530 7542 7590 7612 7704 7717 7828 7855 7989 7994 8094 8452 8614 8861 8874 8940 9236 9403 9484 9917 10132 10178 10186 10412 10571 10661 10876 11064 11258 11311 11590 11742 11830 11936 12210 12614 13227 13359 13366 13397 13529 13625 13739 13783 14033 14389 14418 14494 14495 14496 14501 14543 14617 14698 14840 14960 14971 15055 15164 15290 15375 15400 15401 15410 15458 15486 15532 15953 15998 16048 16538 16777
3524 3322 4305 8443 9025 9227 10386 10475 10765 10832 10866 11033 11666 11874 12548 13537 16822
3525 3639 5023 6024 8229 8936 10348 15158 15588 16214
3526 1917 2779 3243 4612 4751 5012 5501 10501 10615 11227 11228 11229 11861 11874 11895 12468 12635 13148 13337 13353 13364 14211 14653 14836 15218 15401 15432 16130
3527 280 1747 1998 2627 3085 3102 3290 3693 4258 4523 5245 5912
3528 452 660 824 1719 4809 5474 6333 10802 15613
3529 179 4317 9508 9605 9684 10009 11709 11930 12548 14398
3530 309 4133 4172 4880 5971 8705 9517 11874 12366 12456 13314
3531 89 989 2425 2950 4682 5089 6332 10471 10808 10809 11572 11809 12005 12872 13299 13934 14023 14421 15122 16264
3532 2597 4447 4805 5558 6121 6304 7058 8128 10220 11286 12163 12997 14482 14688 14708 16258 16836
3533 32 89 156 177 277 2655 2877 2909 3035 3285 3341 3471 3748 4392 4402 4843 5123 5318 5735 7728 8796 9544 10312 10672 11030 11921 12206 12207 16937
3534 97 298 310 349 367 594 772 1678 1719 2430 2456 2862 2901 3015 3158 3165 3230 3231 3306 3307 3308 3485 3511 3580 3626 3654 3830 4069 4095 4129 4293 4301 4318 4361 4559 4764 5282 5329 5413 5642 5725 5906 5983 6332 6422 6497 6793 6799 6993 7801 7953 8469 8525 8658 11179 11616 16368 16873 17077
3535 247 1666 2050 2296 2726 2977 3212 3277 3332 4170 4678 4899 5171 6270 8423 10819 11571 11800 12004 12112 12687 13488 14173 14370 14404 14405 14720 14917 15564 15822 16302 16732 16909 16927 17101
3536 49 124 187 331 372 1429 2145 2791 3729 4060 4703 4837 4859 5171 5263 6654 10966 11380 11497 11620 12376 14882 14898 15232 15278
3537 21 408 433 523 2784 2885 3021 3851 3870 5847 6173 7849 7880 8196 8348 8846 9484 11185 11520 12076 14378 15023 15533 15935 16109
3538 1616 3115 3341 4276 5282 5504 6710 7286 7724 7984 8032 10312 10676 10771 11038 11342 11933 13841 13885 14099 14637 15153 15795 15885 15889 15914 15917 15988 16419 16858 16900
3539 707 2903 3395 12039 12996 14584 15143 15579 15583 16224 16964
3540 1595 3724 3803 8074 9656 11321 12998 15565 16291
3541 71 127 139 176 514 1291 1573 1698 2393 2590 2758 2821 3020 3228 3243 3527 3671 3789 4114 4143 4154 4715 4745 5519 8235
3542 207 609 762 967 1195 1238 3070 3443 4829 5139 5251 5779 6430 6636 7159 7230 7252 8069 8207 8361 8386 9212 9350 9629 9690 9800 9979 10091 10124 10140 10239 10465 10510 10581 10738 10784 10817 10936 11317 11728 11850 12343 12349 12492 16621 16668
3543 169 493 892 1233 2041 2535 5054 7460 8884 11506
3544 1609 2994 5675 6306 7663 10430 10880 11177 13000 14286 14371 15145 15514 15599 15831
3545 1600 7072 11491 11619 12506 13069 14522 14545 14575 15702 15857
3546 3397 13142 13488 13508 13531 14232 14905 15163 15276 16458
3547 126 1514 10733 11314 14023 14945 16806
3548 100 114 935 967 1206 1239 1240 1364 1374 1691 2141 2768 3380 3975
3549 97 111 437 555 572 900 1679 1834 1981 2271 2464 2474 2985 3353 3358 4245 5445 5598 5950 6529 6911 7328 7480 7547 8094 8530 9113 11267 11327 12589 14075 15273 15908 17004
3550 49 3149 3195 3724 4294 4966 5853 6143 6395 6654 7287 8100 9146 10181 11745 12484
3551 537 9170 9726 15118
3552 310 2024 3259 3909 9554 10386 11267 14637
3553 542 3058 3267 3322 3968 4874 5300 6463 10136 14871 15783 15931 16822
3554 533 866 1710 3123 3373 3585 3630 4761 5084 5656 7454 9690 10140 10457 11783 12379 14124 15531 15707 16776
3555 72 133 215 253 329 469 640 816 857 943 1007 1134 1186 1568 1792 1804 2123 2353 2470 2491 2505 2930 3114 3197 3315 3523 3636 3747 3772 3852 3927 3969 4243 4265 4281 4368 4370 4380 4456 5040 5312 5574 5712 6187 6786 7187 7724 8223 8255 8440 9234 9558 9612 9618 9620 9774 9819 10042 10249 10306 10403 10480 10655 11122 11314 11329 11391 11496 11516 11629 11662 11668 11973 12077 12250 12252 12326 12330 12338 12343 12353 12354 12355 12364 12622 12626 12627 13050 13063 13102 13111 13134 13230 13234 13318 13386 13413 13473 13558 13600 13660 13815 13894 14155 14258 14263 14589 14698 14744 14845 14913 14923 14927 14931 15153 15220 15242 15275 15564 15565 15610 15857 16192 16281 16323 16419 16667 16680 16703 16857 16969 16984
3556 510 1454 2425 4066 4294 9153 10181 16093 16334 16684 16733
3557 106 1470 6009 9896 10003 11075 13325 13951 15216 15246 15752
3558 12126 14532 14628 15400 15550
3559 110 241 507 1325 1698 2679 3397 3718 3856 3897 4146 4216 4244 4407 4444 4877 9200
3560 433 1176 3073 14223 15187 15817
3561 664 697 1751 2190 3639 6187 6786 8735 8741 10790 10994 13413
3562 550 1037 1644 2465 2742 3684 3745 4330 4762 5807 6054 6270 6571 7001 7361 8792 16275
3563 4798 8692 9705 10686 11116 11920 15306 16762
3564 5281 6046 7221 7497 9883 14038 14383 15216 15568 16244
3565 508 512 805 1233 1447 1726 1863 2660 2910 3068 3271 3403 3683 3853 4397 4849 9497 11403 12610 12980 13982
3566 81 253 367 1605 3693 4177 4181 7575 8442 8677 9146 11036 11380 12467 12510 15528
3567 136 259 446 518 729 772 779 943 1029 1249 1298 1645 1699 1717 1761 1957 2256 2456 2502 2665 2700 3015 3106 3230 3236 3322 3537 3600 3807 4012 4058 4062 4069 4129 4235 4301 4338 4345 4393 4449 4477 4559 4682 4712 4763 4770 4802 5095 5097 5271 5828 5851 5986 6031 6033 6595 6610 6780 7055 7193 7235 7600 7866 7872 8005 8071 8206 8919 9026 9594 9631 9696 9826 9889 9892 10224 10227 10310 10583 10600 10639 10674 10720 10722 10784 10921 10966 11002 11171 11185 11349 11376 11380 11425 11472 11487 11619 11693 11887 12426 12647 12661 12760 14421 16822
3568 6 89 149 169 173 194 247 253 345 370 509 524 555 557 592 676 717 866 867 903 952 989 1047 1169 1267 1569 1699 1725 1742 1764 1907 2003 2039 2101 2102 2129 2263 2414 2439 2497 2634 2921 2963 3099 3138 3322 3329 3337 3340 3368 3522 3684 3695 3710 3728 3731 3739 3747 3748 3768 3773 3803 3930 4095 4130 4157 4170 4171 4215 4225 4241 4260 4266 4288 4294 4302 4303 4317 4318 4345 4347 4736 4798 4804 4811 4963 4966 5064 5079 5144 5148 5264 5317 5351 5466 5503 5547 5558 5652 5712 5742 5799 5936 5963 6067 6071 6286 6332 6386 6422 6496 6562 6653 6754 7310 7348 7393 7411 7629 7924 8101 8115 8168 8303 8469 8525 8531 8678 8833 8854 8865 9210 9310 9315 9358 9679 9847 10011 10013 10106 10250 11078 11490 11520 11650 12099 12103 12213 12237 12338 12696 12867 12897 13114 13122 13529 13588 14261 14701 14748 14863 14939 14943 16358 16409 16432 16822 16873 16883
3569 49 507 2822 3039 3698 3712 4091 4156 4234 4548 6654
3570 660 1134 1169 1423 1439 1772 1898 2123 2908 3271 3326 3684 3899 3969 4170 4171 6363 6783 6812 8029 12622 13833 13869 14153 14224 14873 14954 15915 16237 16409 16883
3571 74 525 2273 2643 3650 6288 7323 13168 15702 16960
3572 2145 4235 10780 13061 13721 13909 15072 16148 16193 16579 16846
3573 44 3310 3340 4361 4958 5359 7553 7864 8917 9477 9878 10432 10504 11404 12041 13565 16368
3574 175 179 259 270 755 808 880 967 1196 1364 1927 2019 2037 2177 2252 2296 2430 2505 2533 2726 2948 2969 3039 3106 3137 3151 4008 4477 4480 4548 5242 6916 7428 7957 7968 9363 9559 9756 9866 10403 10990 11118 11447 13633 13960 13961 14419 14881 15467 15645 15963 16666 16743
3575 1128 4188 4467 4588 5094 5546 5818 6013 6047
3576 1937 5985 6162 7414 8679 8893 12209
3577 156 680 1295 1296 1421 1607 1723 1842 1853 2298 2524 2715 2845 3218 3226 3431 3623 3771 4296 4321 4542 5100 5453 5587 5622 7608 7678 8406 8713 9274 9501 11104 11105 11106 11107 11529 11695 11965 12553 12805 13455 14148 14848 15319
3578 1991 3254 3352 4813 12879 13233 14038 14384 14608 15914 15917 15988
3579 2484 2529 3273 3634 3675 4118 4423 4684 5018 5117 5635 6110 6145 6586 6733 6734 7200 7509 7510 8292 8485 8885 9166 9231 9265 9390 9412 9623 9670 9681 9763 9766 10134 10251 10494 10495 10736 11540 11783 12091 12099 12103 12411 12500 12501 12814 12815 12915 13142 13497 13634 13896 13974 14136 14879 14914 15276 15362 15478 15508 15822 15978 16090 16430 16458 16735 16831 16838 16895 16900
3580 4370 7197 7374 12212 12410 12710 13127 13553 13628 13834 13864 14808 15200 15327
3581 174 189 194 195 234 249 286 459 478 675 717 916 958 1006 1155 1225 1319 1481 1549 2079 2121 2144 2243 2283 2320 2342 2497 2927 3180 3203 3212 3281 3382 3526 3584 3601 3638 3736 3774 3846 4161 4259 4291 4293 4317 4330 4355 4362 4364 4529 4617 4705 4796 4952 5487 5505 5812 5998 6038 6067 6101 6105 6135 6194 6205 6299 6326 6343 6386 6719 6755 7257 7719 7981 8261 8525 8772 8854 9561 9666 10318 10713 10739 10771 10924 11403 11794 12073 12468 12558 13671 14261 14404 14530 15859 16044 16582
3582 1155 3205 3386 3755 4070 10302 12343 12455 12821 13330 13660 14286 15111 15115 15441 15558 15862
3583 750 1108 1919 2941 2992 3015 4290 12025 13177
3584 48 49 75 516 697 966 2038 2077 2872 2927 3730 3778 4150 4156 4164 4272 4280 4302 4382 4592 4735 5425 6066 6654 6803 7407 10155 12705
3585 1166 1817 2161 3429 3958 9446 9935 10540 13597 13983
3586 93 1600 4188 4402 9136 9258 12442 13230 14038 15153 15760 15914 15917 15988
3587 90 174 175 180 189 194 253 276 327 441 443 500 533 654 665 731 879 884 1131 1196 1281 1288 1382 1392 1470 1475 1479 1497 1503 1535 1574 1622 1663 1812 1857 1865 1960 2047 2124 2241 2462 2567 2623 2627 2678 2733 2838 2927 2954 2978 3338 3382 3585 3628 3658 3659 3660 3824 3851 3857 3897 3975 3976 4218 4285 4291 4465 4617 4688 4739 4796 4949 5009 5016 5070 5127 5254 5300 5355 5368 5433 5434 5535 5581 5631 5649 5676 5696 5722 5749 5855 5918 5977 5998 6011 6040 6103 6208 6272 6299 6370 6380 6469 6514 6635 6933 7026 7226 7490 7544 8085 8367 8454 8695 9243 9467 10646 11100 11320 12312 12715 13082 14518 15474 15624
3588 249 966 2140 3509 4034 4153 4402 5831 6187 6326 7998 10582 11070 11171 12360 12466 12547 12819 13675 13895 14216 14417 14679 15267 15298 15398
3589 2008 5977 6773 10131 13334 13825 13837 14667 14688 16668
3590 2975 3209 4254 7258 7728 8062 10013 10519 10761 11127 12714
3591 2028 6592 7349 9398 13074 13230 13246 13329 13730 14103 14163 14604 14792 15255
3592 2901 4763 4788 4802 5528 6189 7524 9223 9936 10074 10587 12114 12121 12373 14360 14734 15707 16534 16568 16733 17081
3593 116 121 148 176 215 289 437 2580 3807 4361 5736 6068 8235 10432 10558 12145 12537 12657 13058 13227 13444 13509 14820 15130 15356 15595 16047 16302 16368 16489 16699 16770 16807 16835 16859 16874 16991 17081
3594 3382 3684 4170 4171 4266 4293 5009 5712 5799
3595 360 827 1510 4090 4426 5836 6648 6763 6889 7217 7689 8354 8498 9128 9131 9134 9838 12094 13174 13208 14663 15478 16024 16278 16538
3596 4321 5046 5873 6979 9740 12397 12618 13568 14123 15582 16005 16448 16931
3597 169 3329 3337 3340 4250 4265 4266 4282 4302 4371 4402 5028 5948 5985 6214 6221 7547 8279 8614 9346 9646
3598 495 503 523 1149 1899 2290 2526 3052 3112 3199 3384 3512 4014 5351 7724 9661
3599 56 355 1317 1423 3189 3550 3809 4678 5255 5495 6253 6363 8739 9769 9848 10013 11874 12164 14653
3600 15 3996 7526 7778 7831 8913 9336 10781 11288 12341 12654 12901 14331 14341 14637 14932
3601 225 825 880 2031 4246 10241 11617 11619 12376 13282 13567 14871 15171 16021 16296 16353 17077
3602 156 166 622 677 681 1279 1454 1837 2212 2264 2632 2742 2743 2909 3080 3284 3324 3326 3339 3477 3684 3688 3829 4020 4384 4555 4668 5287 6230 8299 9149 9475 9690 10017 10140 10920 12330 14458 16275 16998
3603 37 113 278 288 328 555 649 713 889 992 1005 1283 1291 1406 1440 1452 1601 1814 1920 1959 2106 2237 2436 2571 3164 3601 3818 3918 3929 4338 4603 4733 4788 5416 5585 6071 6175 6259 6549 6782 6916 7273 7303 7570 7579 7852 8088 8187 8327 8442 8665 9622 9715 9731 9851 10234 10357 11306 11655 12011 12145 12791 13093 13431 13807 14526 15137 15443 16124 16186 16612 16620 16815 16832 16962 16975 17047
3604 594 2521 3338 4517 5044 5351 5800 5873
3605 189 3854 4171 4362 4796
3606 112 143 163 166 310 333 459 677 926 1050 1169 1478 1898 2519 2624 2634 2681 2784 2922 3342 3724 3779 4288 4302 4317 4690 4900 4936 5739 6250 6251 6356 6583
3607 279 914 2736 2910 3003 9455
3608 80 112 163 914 1710 1891 2599 2656 2773 3271 9200
3609 1167 3299 3339 4252 4683 5890 6890 7238 7748 8156 9946
3610 88 531 694 1724 2232 2524 2969 3459 5870 5923 5929 9437
3611 176 227 275 327 704 1036 1191 1475 1511 1522 1572 1719 2008 2217 2647 2900 3340 3897 4265 5396 7356 8235 10853 11258 15192
3612 2123 2812 2813 2815 2817 2860 2899 3279 5480 6862 7303 8160 9111 9309 11724 11842 12319 12653 14222 14224 14351 14912 15046 15157 16307
3613 44 594 611 817 1926 2002 2061 2393 7110 8151 9166 13637 14262
3614 3639 4452 4728 10075 11993 12538 12727 13227
3615 1574 2252 2447 2825 2957 3608 3777 3971 4228 4457 4599 4813 4870 4890 5334 6312
3616 1000 1895 3421 5681 5857 8663 10317 11286
3617 1141 1752 2294 2601 3135 3198 3706 4171 5264 5553 6755 7196 7296 8298 9691 9692 10542 11225 15862 15929 16409
3618 1683 2095 2994 3332 4722 5040 5061 8102 9970 10265 10351 10537 11539 12819 13174 13224 13327 13488 13815 14155 14382 14545 15164 15914 15988 16762 16969
3619 423 7392 7514 10234 10287 11011 13662
3620 126 324 326 1065 1150 1191 1420 1991 5799 5940 6334 7857 14216 15932
3621 222 8795 13012 13229 13407 14384 14412 14698 15162 15720
3622 2129 3397 8583 10365
3623 431 2414 3602 5525 6391 6452 6922 9004
3624 284 503 1337 1349 1657 1673 5661 5729 5831 6352 6401 6678 7072 7714 8747 9234 9702
3625 1710 3379 7317 15578 16463
3626 1991 4639 4838 12107 12359 13283 13746 14264 15932
3627 4188 4249 5642 6047 7612 7789 9575 10785 11501 11663 14768 15255 15565 15580 15587 16539
3628 49 1771 2142 2316 3912 4786 6654 7379 10722 11346 11349 11948 13409 15914 15917 15988 16396
3629 152 248 470 553 558 579 588 604 636 674 696 697 712 793 873 917 929 989 1005 1101 1131 1331 1343 1398 1531 1572 1614 2031 2411 2458 2493 3398 3423 3500 3586 3857 3893 3894 4440 4504 4868 5300 5668 5723 5861 5862 5924 5973 6140 6216 6278 6603 6763 7914 8139 8735 8741 9208 9465 9467 9805 9862 10049 10357 10640 10814 10860 11054 11331 11533 11738 11849 11982 12130 12137 12331 12382 12588 12668 12690 12757 12798 12805 12953 13001 13108 13284 13286 13517 13519 13591 13602 13757 13802 13834 13976 14026 14111 14378 14515 14901 14959 15014 15390 15447 15461 15462 15463 15466 15469 15767 15834 15923 16021 16046 16229 16309 16313 16420 16421 16579 16648 16846 16854 16870 16948 17084
3630 102 2264 2778 2821 2877 3054 3972 4252 13083
3631 38 194 298 1392 3252 3330 3684 3887 4170 4171 4280 4291 5998 6557 6739 8441 9625 11342 11400 12067 12245 12456 12608 15270 16165 16343 16409 16883
3632 2494 4456 8674 12198 13223 14192 14424 14446
3633 1463 2071 3902 4914 6153 9203 10805 11157 11393 11516 12403
3634 222 514 2356 7171 13843 15764
3635 4466 12653 13823 16886
3636 106 393 829 2989 3560 4814 5367 5677 7672 9476 12785
3637 1181 1687 1755 1865 2513 3254 3271 4093 4244 4384 6471 7035 7438 7527 7551 7823 8760 8790 9164 9553 9556 10082 10152 10227 10386 10423 10787 10788 10866 10994 11034 11277 11391 11424 11504 11505 11626 11682 11947 12351 12443 13245 13488 14168 14262 14263 14570 14898 15460 15857
3638 5943 6325 7148 7520 7894
3639 378 1139 2349 4147 4978 6022 7406 8070 8262 8439 11141 11532 13251 13429 13430 13769 14059 14752 15530 16035 16038
3640 12942 14584 14628 14906 15307 15400 15494
3641 857 1097 1396 1709 3422 3682 3818 4262 5900 7905
3642 253 310 2020 2365 2815 2912 2913 3138 3158 3322 3341 4621 5525 6250 6251 6279 9308 9315 10672 12586 13396 15825
3643 75 215 466 539 1707 2457 2634 5991 6752 7910 8183 8422 8487 8686 9038 9066 9089 9233 9248 10017 10341 10351 10561 11662 11729 12340 14216
3644 760 1799 1926 3774 3956 4176 4834 7035 7177 8111
3645 1928 2447 3733 3734 4208 4293 4467 4663 4858 4867 4870 5135 5264
3646 139 201 249 263 543 565 694 833 876 958 1609 2000 2121 2173 2389 2634 3053 3129 3584 3949 4252 4415 4665 4747 4872 5178
3647 2401 2912 2913 4402 6312 6374 6425 9801 11973 12360 13792 13885 14693 14751 14820 16270
3648 169 253 323 532 568 594 686 737 1041 1143 1646 1769 1980 2202 2209 5723 5940 8586 8587 9845 9864 10876 12078 12764 13242 13763 13992 15212 15361 15667 16320 16794
3649 11 16 58 78 156 215 219 222 253 265 328 375 453 458 466 471 521 538 540 542 581 591 690 698 745 763 767 770 835 858 860 896 947 969 999 1049 1076 1159 1215 1226 1241 1297 1320 1341 1344 1362 1376 1380 1421 1422 1475 1496 1530 1710 1767 1808 1838 1874 1887 2032 2095 2099 2148 2201 2240 2265 2268 2346 2391 2401 2457 2561 2564 2615 2634 2641 2642 2754 2755 2778 3018 3100 3117 3144 3267 3364 3369 3401 3417 3571 3630 3631 3678 3855 3882 3889 4045 4057 4098 4103 4223 4583 4586 4688 4692 4693 4733 4788 4876 4885 4982 5050 5182 5192 5360 5863 5868 5897 6136 6175 6215 6402 6466 6707 7228 7289 7295 7659 7922 7925 8000 8360 8393 8835 8880 9208 9508 9666 9804 9805 10007 10008 10136 10565 10725 10745 11232 11737 11803 12182 12685 12688 12689 13843 15258 16679
3650 253 437 441 658 671 921 924 949 989 1238 1287 1406 1416 1446 1600 1605 1652 1704 1714 1808 1979 2042 2110 2181 2233 2399 2472 2969 3303 3612 3708 3819 3890 3945 3991 4129 4237 4317 4335 4505 4993 5073 5156 5263 5420 5587 5623 6160 6192 6414 6607 6667 6827 6982 7094 7547 7566 7595 7645 7653 7915 8041 8049 8134 8344 8548 8795 8797 8862 8895 9003 9074 9420 9447 9465 9467 9629 9800 10043 10044 10097 10194 10238 10535 11421 11445 11508 11530 11617 11629 11848 12068 12176 12329 12330 12338 12346 12348 12353 12366 12432 12462 12497 12608 12649 12740 12957 13023 13076 13116 13123 13126 13221 13223 13230 13233 13236 13261 13304 13331 13334 13386 13413 13445 13460 13472 13487 13495 13560 13674 13787 13813 13821 13824 14089 14216 14256 14258 14276 14284 14360 14363 14376 14393 14417 14435 14462 14476 14616 14637 14693 14720 14724 14744 14751 14845 14897 14898 14899 14900 14926 14998 15014 15094 15220 15232 15254 15255 15397 15500 15529 15555 15658 15694 15742 15835 15857 15870 15982 16023 16296 16330 16429 16545 16668 16718 16730 16870 16881 16960 16972
3651 2488 3109 3712 4311 4312 4346 4349 4378 5159 5178 5366 5396 5543 5616 5855 6160 6171 6526 6626 6743 6962 6991 6992 7539 7835 8572 8728 8884 9354 9765 9922 10194 10417 11103 11147 11172 11980 12136 12313 12866 12970 13402 14077 15280 15842 16648
3652 788 1315 2392 9767 10900 11516 11705 11948 12468 13368 14246 14653 15783 16348
3653 43 106 265 507 584 728 1246 1349 2314 2386 2698 2759 2874 3000 3488 3773 3803 4203 4218 4305 4317 4347 5450 5818 6011 6047 6881 7750 8307 8419 10468 11056 11171 11858
3654 1879 2587 2617 5123 5536 7758 10918 11221 14755 14922 15043 15293 16854
3655 593 1806 2979 4305 5094 7035
3656 2638 3243 11054 12657 14222 14529 15657 15781 16366 16469 16573 16611
3657 2822 4291 5337 5998 7295 8206 8271 13039
3658 310 598 1021 1450 2049 2287 2457 2647 2739 3150 12917
3659 6071 8051 8905 9410 10409 12620 12696 13870
3660 162 185 817 995 1168 1454 1710 1770 2370 2554 2825 3271 3326 3338 3382 3406 3688 3725 4051 4252 5799 6046 6174 6600 6910 6961 7150 7151 7406 8821 9599 10257 10838 10854 10967 11265 11391 12665 12939 12970 13053
3661 796 1772 2417 3169 3451 3784 4091 4303 4674 10789 11217 11796 12004 14637 15397
3662 1441 4574 5381 5985 6234 7107 7201 8089 8789 9378 11298 11673 12719
3663 569 3123 4727 5440 8430 9682 12009 12047 12331 12655 13251 13598 13809 14163
3664 180 496 528 863 2942 3972 4889 7108 7201 10617 11488 12457
3665 755 1801 2879 2901 4302 7574 8154 8227 8613 9350 10228 10990 11630 14080 15352
3666 106 241 551 1163 2015 2125 2240 2364 2585 2756 2851 2862 3012 3193 3226 3257 3289 3306 3307 3472 3522 3621 3636 3692 3695 3710 3724 4089 4407 4510 5247 5327 5517 5526 6025 6454 6763 7896 9862 10542 10802 11088 11156 11167 11192 11314 11321 11552 11849 12022 12349 12498 12744 12948 13017 13328 13435 13643 14195 15161 15224 15424 16141 16334
3667 254 255 1380 9082 10657
3668 1050 2464 2985 6725
3669 816 5929 8262 14418 16227 16243 16347 17098
3670 69 236 256 368 433 503 608 633 860 863 866 867 984 1035 1147 1349 1399 1436 1446 1600 1614 1953 1978 2130 2171 2470 2491 2656 2698 2791 2836 2995 3085 3329 3515 3718 3769 3823 3945 3969 4214 4318 4399 4734 4838 5050 5079 5152 5451 5493 5517 5685 5963 6257 6374 8075 8354 9004 9267 9627 10086 10093 10227 10542 10558 10854 11496 11620 11948 12436 12451 12998 13233 13282 13664 13829 14382 14383 14538 14698 14701 14792 14928 14931 15192 15207 15212 15263 15375 15556 15733 15743 15768 15783 15857 15876 15885 15914 15917 15967 15988 16010 16031 16061 16185 16205 16239 16258 16275 16350 16353 16387 16419 16460 16531 16655 16788 16846 16854 16873 16935 16953 16955 16972 17017 17043 17077 17095
3671 161 241 287 310 704 732 741 1163 1164 1191 1217 1420 1760 1895 2032 2524 2540 2613 3126 3408 3573 3795 4610 5246 5550 6257 7971 9804 12951
3672 298 3370 4785 10673 11568 13064 14216 14495 16899 16967
3673 106 287 412 589 593 896 961 1112 1433 1450 1512 1678 2197 2924 3102 3618 3831 3883 4099 4497 4540 4840 5508 5831 6359 6401 6411 7072 7081 7342 7563 7714 8117 8186 8545 8686 9479 16183
3674 159 1132 1698 2413 2742 3284 4722 12052 12068 12608 14940 15254 15333 15524 15870 15914 15917 15988 16275 16280 16463
3675 479 745 2083 4739 4949 5023 5185 6286 7231 7592
3676 166 1699 1772 2400 3322 4218 4302 7877 7936 11070 11254 11688 12958 13446 13448 14987 15974 16822
3677 4981 4983 6966 7484 9282 11043 12961 14024 15662 15724
3678 83 139 163 194 236 452 453 463 571 592 597 615 659 661 735 760 769 781 788 860 869 925 980 1017 1021 1046 1112 1169 1233 1253 1319 1366 1380 1407 1420 1471 1483 1519 1521 1636 1639 1756 1882 1904 2151 2201 2243 2253 2261 2346 2561 2599 2601 2634 2742 2863 2922 2986 3281 3382 3387 3548 3554 3572 3590 3691 3774 3789 3987 4086 4175 4293 4362 4397 4509 4549 4565 4678 4734 4789 5465 5487 5598 5619 6009 6096 6323 6350 6939 6940 7177 7194 7364 7479 7602 7908 7994 8360 8448 9224 9552 11925 12071 15001 15151 16275 16633 16836
3679 460 3791 5919 6246 6332 8604 10054 10080 11342 11461 12456 12787
3680 606 1206 1370 1524 1884 2944 3624 6159 6592 6613 7294 8618
3681 174 1523 3361 4622 8401 11479 14273
3682 19 253 437 2353 3197 3460 3673 3771 3789 4062 4100 4178 4263 4270 4317 4318 5831 5876 9264
3683 393 3179 3461 4861 5067 5836 6377 6501 11500 11614 12406 13537 14771 15699
3684 2 172 861 1202 1210 1232 1281 1407 1900 1967 2965 3058 3108 3433 3902 4084 4085 4108 4169 4288 4291 4370 4495 4874 4966 5600 5998 6368 6692 6732 6746 6951 7113 9661
3685 28 242 1149 1816 2454 2927 2973 2995 4270 4276 4392 5061 7614 7967 11746 12328 12340 13706 14216 14871 15948 16762 16846
3686 641 2139 2401 2457 2644 9208 10199 13529 14560 14960 16186
3687 1703 3481 5675 5676 6241 7292 8619
3688 28 179 726 1698 3104 4138 5207 8989 10311 10406 10772 11190 11491 11539 11619 11647 11777 12135 12331 15153
3689 23 139 159 1377 2271 2553 2912 2913 3300 3636 3687 3733 3734 3752 3753 4143 4154 4421 4460 4606 4617 4717 4752 4861 5317 5320 6038 6570 7469 7610 7749 7878 8016 8172 8426 8517 8870 8935 9175 9550 9822 10557 11221 12338 12376 12696 13654 13751 13885 13990 13993 14272 14549 14772 14975 16529 16807 17058
3690 2727 2912 2913 5545 5777 8360
3691 112 133 721 1187 5679 5748 6013 6832 7300 7743 9136 9717 10149 12106 14038 14223 14279 15610
3692 18 507 2031 11088 11221 12373 13443 13673 13787 13850 13860 14545 14616 15449 15767 15768 15847 16021 16121 16388 16821 16975
3693 117 173 194 246 247 275 298 305 447 451 533 1339 1383 1573 2142 2365 2613 3429 3432 3659 3803 4162 4313 4578 4656 5272 5441 5519 6055 6154 6256 6352 6417 6973 7071 7606 8362 8700 8945 9343 10105 12147 13588 14459 15460 15710
3694 1482 1866 7388 9344 13171 15301 15556
3695 1000 1138 1167 1838 1904 1971 2005 2553 2597 3044 6087 6866 8464 13529
3696 266 860 2099 2401 2634 2742 6397 7289 8486 8507 8909 11189 12464 12965 12979 13032 13138 13548 13687 14036 14037 14557 14809 16275
3697 760 3579 8111 8311 10040
3698 48 93 97 176 240 272 278 289 326 349 367 566 625 689 943 965 967 1169 1235 1318 1365 1415 1827 1830 1904 1977 2041 2130 2205 2256 2298 2367 2401 2418 2419 2420 2421 2430 2440 2601 2688 2836 2862 2901 2930 2956 3047 3057 3297 3306 3307 3329 3365 3526 3529 3540 3551 3640 3676 3677 3718 3741 3755 3807 3866 3879 3927 4074 4082 4121 4163 4170 4188 4218 4230 4265 4270 4293 4303 4305 4318 4333 4401 4449 4450 4469 4486 4588 4633 4639 4643 4669 4670 4671 4776 4777 4798 4806 4814 4861 4910 4980 4991 5003 5009 5094 5100 5143 5200 5264 5282 5303 5625 5932 6422 6470 6569 6571 6595 6765 6836 7035 7137 7257 7579 7797 7823 8235 8482 9093 9200 9313
3699 71 112 989 1131 1829 2324 3228 3733 3734 4807
3700 1017 1253 2778 2945 3076 4238 4754 4755 4756 4834 5014 5179 5206 5241 5278 5573 5701 5702 5728 5743 5783 6050 6112 6282 6398 6413 6445 6575 6609 6648 6888 6955 7054 7059 7493 7623 7954 8179
3701 179 1246 1323 1982 2705 3488 4399 5787 7711 8434 8914 15051 15111
3702 177 1281 3005 3042 3338 3563 4138 4155 4341 5079 5172 6425 6938 8428 11217 11619 12608 14637 15229 15245 15397 16727
3703 4 10 36 118 163 167 542 622 691 696 698 728 743 852 914 929 1131 1881 1891 1958 2095 2147 2424 2454 2509 2524 2678 3058 3081 3091 3163 3169 3336 3502 3567 3612 4252 4254 4269 4318 4367 4465 4526 5646 5691 5898 5989 6276 6332 6420 6713 7056 7245 7788 7828 7919 8102 8131 8196 8197 8213 8393 9125 9228 9237 9274 9275 9334 9363 9643 9720 10080 10136 10174 10321 10391 10604 11270 11298 11633 11698 11977 11978 12039 12128 12211 12215 12227 12462 12589 12802 12946 13133 13772 13941 14204 14295 14458 15262 15390 15515 15581 15624 15666 15791 15814 16035 16474 16604 16679 16873 17090
3704 181 312 418 598 649 1586 1719 1764 1765 2253 2401 2519 2594 2611 2698 2982 3057 3276 3662 4174 4393 4477 7632 7790 7791 8348 9151 9316 9803 10424 10672 12476 12581 13817 14263 14508 14698 15025 15373 15743 15870 15885
3705 107 1066 3417 10089 11432 13843 15783
3706 2050 2824 3902 4536 4655 5743 8495
3707 71 1475 2682 2778 2809 2901 3060 3274 3332 3397 3885 4490 4532 4757 5504 8227 8348 9200 9508 10037 10124 10603 10629 10769 11027 11221 11618 11948 12070 12608 12653 12714 13047 13221 13461 13472 13749 14637 14820 15783 15795 15862 15870 15931 15946 16144 16226 16350 16387 16531 16900
3708 74 151 288 546 6198 12052 12451 12849 15212 16695 16827
3709 7217 11825 13934 14638 15121 15445 15763
3710 235 1800 2490 5809 5916 6274 6944 8084 8990 9810 10827 11237 11602 11627 12186 12314 12468 12538 13168 13622 13903 14263 14302 14809 14931 15571 15778 15809
3711 30 124 161 256 1315 1382 1388 1550 1770 2526 2576 2614 2655 2658 2973 3145 4008 6602 8705 8735 8741 9873 10886 10994 11496 13327 14462 14466
3712 469 553 1771 2807 2808 3167 3933 4065 4167 5103 5282 5486 6234 8142 8734 9369 9762 10234 11648 14407 14435 16463
3713 408 639 940 1380 1703 2172 3579 5655 5677 6009 6928 7338 9476 9598 12525 12646 12785 12795 14378 14889
3714 310 3259 5828 7156 9206 9994 10393 12414 14561
3715 284 2296 2620 3042 12067 12106 14366 15164
3716 312 2420 2421 7756 10185 10962 11108 11109 13437 14686
3717 26 467 474 930 1106 1347 1485 1610 1873 3064 5517 6579 6620 6820 6928 7366 7848 7860 7973 9294 9425 9628 9838 9852 9949 10013 10349 10462 11215 11856 13884 15025 15768 16657
3718 473 775 2965 3665 3741 4055 6395 6571 7113
3719 2586 4263 4323 7506 9428 10087 10353 10431 11001 13967
3720 1899 9616 10733 12086 14628
3721 608 790 1614 1733 2080 3741 3747 5127 5368 5426 6370 6433 6594 7936 8232 8650 9398 10212 11344 11526 11531 12418 12579 13137
3722 240 689 1167 1593 2418 2419 2420 2421 2475 5314 6239 6512 6809 6839 7288 7329 7448 9583 10243 10416 11612 12774 13230 13968 14168 14458 14751 14865 15931 15993 16705
3723 1301 2796 3932 4813 6745 6748 8430 9528 9566 9626 11489 12475 12476 12649 13058 13076 13412 13458 13537 13568 13621 13815 13870 14152 14538 14701 14802
3724 1609 1698 3192 3337 4338 4384 4389 4401 4660 4910 5553 6497 7459 7491 7492 7505 7541 7801 7901 8341 8428 8442 8469 8501 8525 8612 8642 8645 8646 8729 8788 8789 8854 9001 9006 9625 9626 9691 9692 9800 9806 9869 9877 9892 10084 13621 16668 16857 17077
3725 287 535 646 665 776 1048 1357 1380 1396 2184 2346 2443 2596 2823 2916 3071 3102 3182 3338 3625 3630 4030 4031 4052 4183 4196 4216 4218 4225 4241 4291 4346 4721 4867 4870 4899 4989 5543 5734 5998 6067 6160 6907 6992 7255 7612 7614 8232 10011 11172 12360 13277 14802 14820 15691 15733 16140 17079
3726 2307 2921 3334 3637 3724 4143 5100 5164 5825 11294
3727 5990 6043 6154 6256 6695 6780 7469 8425 8750 9892
3728 14 1803 6804 8522 11747 11830 12498 15703 16048 16824
3729 1856 1973 1974 2223 2387 2571 2628 3423 4714 5011 6856 7216 7284 7983 8332 9248 9446 9695 9926 10374 10895 12607 14243 15010 15235 15615
3730 1710 2189 2498 5831 13179 16068
3731 51 86 151 173 194 215 291 788 1770 1772 1977 1991 2665 3169 3254 3332 4327 4370 5725 5906 7312 7728 9247 9343 9552 9626 9690 9752 9918 10131 10140 10205 10240 10312 10406 10866 10981 11034 11380 11424 11504 11516 11536 11925 12000 12090 12218 12350 12359 12362 12376 12468 12576 12579 12608 12819 12948 13058 13224 13226 13267 13327 13329 13485 13621 13660 13685 13695 13738 13815 13934 14038 14258 14262 14276 14382 14383 14384 14462 14476 14584 14616 14751 14792 14886 14928 15049 15112 15118 15153 15168 15213 15216 15254 15565 15618 16148 16193 16252 16253 16275 16281 16296 16348 16383 16539 16762 16886 17067 17093 17095
3732 360 4258 4786 7610 8290 9989 11310 16396
3733 19 110 215 287 304 305 309 327 348 422 441 445 452 530 531 598 644 707 734 766 771 805 835 860 870 874 879 883 955 1031 1167 1321 1423 1433 1450 1475 1522 1549 1573 1574 1699 1726 1729 1742 1856 1882 2062 2116 2147 2257 2359 2360 2383 2384 2457 2483 2530 2572 2634 2665 2725 2820 2883 2954 2963 3020 3065 3072 3092 3102 3243 3281 3334 3387 3388 3539 3554 3575 4061 4162 4200 4216 4217 4234 4258 4288 4293 4317 4324 4331 4354 4356 4578 4580 4678 4797 4848 4900 4977 5017 5060 5121 5122 5164 5182 5227 5321 5406 5408 5519 5558 5570 5580 5705 5783 5825 6272 6280 6296 6299 6363 6413 6575 6888 7151 7174 7475 7664 8066 8236 8453 8853 9264 9802 9989 10402 10426 10684 12096 12164 12239 13090 13153
3734 1288 1307 1989 2241 2394 2621 3070 3228
3735 3102 3358 5303 6067
3736 166 900 901 902 995 3840 4250 5445 5725 5906 10155 14662
3737 1989 3342 3450 4170 4171 5009 5282 7200 9253 16409 16883
3738 47 453 1770 4188 4288 4305 4729 4786 5094 5990 6047 6067 16396 16937
3739 101 1284 1814 2823 4209 4339 4467 4538 4572 5060 5916 6270 6747 6846 7246 7407 13013 13512
3740 8952 9083 10952 11613 12233 12786 14647 15752 16152
3741 21 51 87 1202 1281 1349 1683 2072 4225 4229 4281 4288 4810 4836 6037 6924 7772 8136 10823 10900 11048 11171 12819 13600 15914 15917 15988 16382 16703 16762 16786
3742 1344 2811 5822 13064
3743 3331 3333 3341 5257 5282 9020 9335 9561 9606 9687 9718 11168 11171 11395 11503 11625 11747 12536 16230
3744 81 102 161 253 511 515 518 594 597 599 611 711 755 798 1462 1609 1627 1628 1728 2045 2176 2338 2422 2538 2741 2809 2867 3252 3274 3548 3673 3703 4039 4177 4188 4226 4244 4268 4623 4720 4813 4853 4970 5094 5124 5315 5347 5423 5593 5712 5818 5884 5948 6047 6188 6476 6891 7152 7403 7776 8227
3745 4498 5330 5433 7401 8232 9040 13081
3746 1815 8144 12456 13075 15091 17102
3747 869 1085 1188 2419 3933 4236 4530 5676 6491 6600 6694 6836 7029 7060 7162 7286 7379 7502 7623 7948 8345 9097 9249 9328 9383 9830 10086 10135 10570 10610 10647 10913 11034 11243 11481 11690 11925 11964 11994 12036 12067 12068 12431 13230 13887 13991 14431 15322 15561
3748 2076 2560 4558 4622 5388
3749 71 178 309 514 1291 2153 2393 2442 2454 2597 2758 3020 3126 3132 3228 3243 3527 3573 3612 3649 3789 4062 4093 4143 4156 4251 4258 4268 4290 4318 4333 4347 4351 4361 4391 4548 4572 4690 4715 4745 5164 5282 5825 6272 6938 7613 7916 8509 8518 8522 8525 8772 10017 10432 11212 11276 12360 12653 13277 16368 16873 17086
3750 2061 2785 5025 5225 6599 7753 10650
3751 2168 2469 2912 2913 3175 3366 3687 3773 4144
3752 368 1037 1299 5472 7298 7471 7728 8345 12519 13856 16071
3753 265 394 858 860 9161 12608 13214 13607
3754 1208 5829 6103 6240 6804 8239 8419
3755 21 188 234 458 708 801 1021 1165 1269 1320 1382 1420 1666 2161 3564 4030 4311 6872 8102 8542 14378
3756 3257 10139 11427 11662 12353 13283 15564 15678 15932
3757 39 241 745 1819 2750 2916 3162 3190 3250 3698 3703 4297 4721 4743 5327 5780 7049 7065 7702 7724 7973 8727 8930 9435 9638 9967 10125 10306 10893 10938 11390 11391 11489 11490 11545 11562 11620 11659 11948 12004 12299 12352 12373 12614 12653 12758 12980 13119 13153 13221 13311 13509 14176 14280 14283 14658 14667 14765 15149 15398 15967 16031 16867 16909
3758 293 707 966 1083 1537 2002 2140 2617 2775 2912 2913 3155 3522 4444 6076 6081 6203 6399 7040 7436 8253 9345 12067 13609 16512 16738
3759 2563 9094 9552 9993 13069 14257 15278 16974
3760 4599 4623 4720 4760 6089 6415 6636 6681 11393 13821 13869 14046 14616 16429
3761 56 523 735 1349 3747 4188 4347 4786 4970 5508 6047 6067 6312 7711 8290 8632 8914 16396
3762 93 151 247 331 441 882 1167 3329 3338 3684 9508 9684
3763 615 850 2306 2459 4267 4588 4703 4834 7377 7497 9877 11212 11393 11948
3764 236 324 453 572 1174 1394 4537 5147 8778 10805 12408 12766 14697 16120
3765 625 2809 4266 4276 4399 4402 5022 5363 5425 5642 5725 5906 7348 7708 7953 8088 8151 8239 8305 8363 8469 8525 8614 8632 8854 9075 9234 9499 9561 9631 9674 9800 9858 10052 10150 10152 10306 10499 10593 10638 10639 10672 10715 10837 10868 10924 11168 11169 11171 11221 11376 11503 11630 11747 12204 12260 12354 12360 12475 12536 12558 12622 12625 12662 12776 12819 13023 13156 13229 13277 13314 13780 13894 14284 14286 14720 14772 14987 15161 15768 15781 15857 16611 16668 16984
3766 45 48 101 102 171 241 246 250 469 500 507 511 515 518 608 691 696 711 825 989 1128 1131 1318 1333 1454 1526 1584 1609 1710 1751 1770 1804 1817 1836 1892 1937 2022 2045 2189 2210 2246 2247 2310 2413 2425 2472 2502 2679 2689 2777 2843 2898 3175 3266 3322 3339 3400 3451 3684 3704 3751 3784 3852 3899 3924 3971 4017 4040 4156 4170 4171 4188 4207 4225 4240 4244 4246 4252 4280 4290 4316 4365 4384 4486 4769 4853 4858 4873 5028 5044 5084 5138 5222 5263 5377 5396 5425 5482 5503 5629 5638 5724 5725 5800 5868 5906 5941 6013 6149 6151 6198 6209 6303 6405 6622 6704 6796 6834 6951 6981 7002 7059 7235 7612 7620 7637 7640 7688 7771 7866 7909 8019 8151 8175 8227 8341 8374 8419 8442 8613 8622 8704 9035 9037 9066 9067 9086 9164 9231 9234 9286 9342 9346 9363 9498 9551 9559 9646 9725 9762 9773 9800 9824 9826 9842 9877 9880 9922 9931 9967 9968 10038 10039 10048 10118 10152 10156 10193 10197 10217 10221 10226 10309 10310 10322 10417 10454 10455 10462 10505 10542 10554 10566 10620 10630 10646 10749 10769 10773 10777 10782 10791 10900 10939 11079 11087 11166 11167 11217 11218 11380 11415 11423 11516 11524 11538 11618 11973 12309 12348 12353 12356 12360 12376 12472 12653 12739 12813 12832 12847 12849 12850 13062 13277 13314 13394 13413 13472 13509 13530 13673 13815 13832 13884 14045 14129 14693 14773 14899 15014 15077 15104 15195 15254 15352 15397 15524 15768 15857 15873 16271 16296 16300 16409 16477 16493 16666 16668 16822 16883 16909 16963 16973 16984 17099
3767 691 2189 2470 2741 3254 3291 3327 3347 3920 4232 4253 4379 4413 4786 4843 5241 6139 6398 9917 10227 10823 11190 11391 11499 11538 12339 12408 12536 13579 14262 14597 14864 15163 15298 15425 15488 15565 15879 15930 15942 16070 16396 16506 16637 16734 16793
3768 331 4276 11190 12351 13233 14462 14652 14739 15294
3769 9 183 578 1836 3334 3392 5247 5712 5800 6600 7000 10548 11385 13166 16960
3770 1406 2234 4395 4402 5830 7806 8418 10647 11536
3771 55 3326 3339 5292 10312 10387 10771 11503 12321 12773 13153 13731
3772 247 995 1274 1306 1568 1614 1657 1801 2012 2039 2123 2227 2594 3377 3465 4074 4312 4384 5294 5314 5578 5594 5783 6413 6504 6661 6678 6786 7131 7174 7478 7563 8021 8046 8056 8059 8335 8348 9020 9500 10241 10376 10896 11925 12049 12329 13246 13900 13923 14383 15119 15213 15308 15524 15526 16507
3773 1659 3101 4543 6009 9468 9896 10003 13870 14886
3774 434 679 1246 1426 1663 3102 3488 3591 4216 4688 4794 5182 5406 6309 9804 11642 13527
3775 2965 3313 12341 12654
3776 1131 2273 2490 3333 3627 3972 4349 5788 6786 7119 10403 11206 11491 11973 13294 13473 14155 14709 14751 14928 15153 15768 15769 16348 16539 16632 16699 16969 16991 17101
3777 2648 4302 4305 7139 7167 7208 7547 7643
3778 78 89 557 660 717 844 892 893 925 1022 1125 1132 1427 1614 1839 1985 2115 2435 2497 2537 2698 3507 4387 4399 4961 5152 5290 5414 5675 5940 6936 7304 9004 10242 10333 12042 12422 13529 16408 16866
3779 2327 2941 2942 3197 4598 5022 5884 6120 7005 12324 12623 13812 14032 15255 15768 16444 16488 16542 16900
3780 1937 2042 2973 3522 3783 4207 5496 6459 6763 6781 7661 9002 10217 10540 10552 13658 13869 14276 14378 14760 14792 15615 15768
3781 12378 13679 14361 14697 15090
3782 4659 5582 5747 5960 6476 7372 7393 7411 14838 14845
3783 234 646 1169 2823 4291 5066 5161 5998 6270 6594 10093 10553 11100 11541 13137 13412 15003
3784 44 84 5504 5792 6442 8051 8905 11297 11382 12323 12338 12366 12403 12410 13230 13853 14382 15397 16243
3785 1600 2015 2758 3692 4143 4303 4674 8290 9322 9518 9628 11033 11929 13130 13282 13885 14883 15333 16353
3786 1823 4185 6590 6986 9343 10849
3787 4 37 89 117 189 262 542 728 869 1332 1343 1615 1770 2119 2205 2353 2381 2736 2828 2912 2913 3121 3199 3229 3558 3657 4100 4182 4303 4796 5071 5156 5172 5311 5741 6060 6356 7231 7547 8231 9093 9163 9178 9253 9563 9564 9905 10017 10136 10255 10383 10865 10866 11070 11532 12472 12504 12617 13214 14889
3788 155 6500 7661 8990 9425 10529 10573 11085 12638 13379
3789 305 5901 8899 12757 14113 14296 14483 14507 14514 14806 15200 15264 15350
3790 264 1382 1836 2031 3155 3174 3322 3555 4440 4722 4880 4966 7606 8303 10255 11423 11690 12460 12498 13230 15153 16021 16358 16784 16822 16972
3791 4100 5071 9472 10542 14748 15857 16631
3792 3042 12951 13314 13721 14421 14637 14924 15889 16496 16767
3793 641 896 931 1097 2122 2418 2475 5051 8104 11561 11815 12761 14081 14382
3794 23 215 241 487 542 553 858 896 955 1518 1729 2066 2438 3743 4260 4317 4379 4678 5231 5765 6037 6124 6332 6386 6803 9233 10136 10153 10156 10849 10978 11070 11168 11275 11276 11597 11901 12622 12662 12714 12867 13007 13829 13868 14686 15284 15768
3795 44 1609 2454 7119 8551 9122 9441 10111 14509 14754 15045 15292 15590 15664 15925 15943 15954 16692
3796 19 23 112 114 117 207 239 241 256 259 298 312 438 447 499 503 514 520 554 594 604 670 684 714 723 811 951 1032 1121 1196 1281 1303 1367 1538 1568 1600 1606 1737 1758 1768 1868 1947 1953 2045 2077 2119 2288 2490 2546 2610 2656 2724 3254 3286 3329 3371 3462 3585 3586 3688 3701 3718 3723 3779 3857 3866 3945 3971 4089 4164 4171 4214 4230 4237 4279 4294 4312 4345 4384 4401 4407 4419 4599 4680 4802 4994 5096 5400 5427 5450 5584 5635 5712 5799 5837 5844 5960 6001 6085 6173 6187 6212 6288 6298 6393 6404 6422 6454 6514 6649 6733 6759 6765 6777 6877 6901 6960 7136 7155 7157 7167 7200 7251 7325 7357 7379 7510 7553 7559 7570 7573 7574 7575 7576 7643 7651 7776 7838 7915 7929 8026 8036 8041 8140 8388 8449 8469 8593 8676 8726 8856 8888 8997 9016 9025 9036 9118 9264 9337 9398 9442 9443 9445 9447 9494 9559 9570 9628 9629 9640 9690 9763 9774 9801 9827 9871 9974 9978 10140 10228 10230 10263 10324 10406 10629 10691 10700 10710 10783 10903 10918 10952 10994 11013 11040 11219 11234 11243 11263 11380 11424 11430 11487 11496 11506 11516 11552 11616 11619 11639 11732 11754 11780 11792 11867 11963 11964 11969 12020 12024 12042 12115 12324 12329 12339 12346 12351 12355 12457 12478 12557 12607 12623 12712 12719 12772 12780 12819 12984 13181 13216 13220 13230 13314 13329 13398 13409 13452 13480 13488 13660 13737 13824 13907 13952 14077 14104 14189 14192 14216 14276 14382 14393 14476 14545 14658 14724 14742 14751 15223 15407 15564 15741 15744 15768 15914 15917 15988 16233 16270 16409 16432 16502 16505 16579 16611 16666 16673 16688 16699 16827 16883 16900 16937 16956 16978 16991
3797 87 180 216 481 501 567 589 595 639 751 833 891 892 912 1137 1229 1269 1426 1675 1742 1750 1865 1886 2003 2018 2239 2318 2361 2521 2527 2702 2725 2759 2782 2940 3228 3522 3699 3969 4150 4688 4860 4961 5694 5728 6820 7057 7078 7172 7533 8434 8462 9363 10090 10280 12419 12432 13281 13432 13550 13593 13866 14176 14697 14708 14796 14810 15192 15212 15601
3798 3514 3657 6315 9432 12932 14287 15390 15961
3799 12 2244 9241 11126 11811 16279 16632 17031 17078
3800 578 1505 2333 5585 6497 9818
3801 3326 12068 12403 13230 14155 14940 15914 15917 15988
3802 4459 5644 9764 12608 14182 15889 15914 15917 15988
3803 86 9421 9422 11502 12983 14896 16606 16848
3804 598 745 3087 4171 4244 5182 5318 5684 6215 6433 16883
3805 242 924 1838 2710 3051 3819 5682 5817 6243 6560 7507 9715 9734 9735 10431 10475 11123 11420 12121 12176 12714 14761
3806 178 1770 1942 3048 3154 3772 4265 4281 4312 4368 5246 7187 7258 8996 9625 10327 11948 12451 16703
3807 1447 2104 2578 4705 5783 6413 6575 6888 7133 7174 7569 7664 7675 8047 8264 8846 9003 9095 9497 10321 10732 10998 11293 12180 12241 12580 12602 14525 15010 15357 15624 16823 16917 17023 17041
3808 348 676 677 715 1710 2601 3021 3324 3636 5363 10570 11424 11496 11948 12451 13090 13207 14724 15456 15462 15469 15707 17095
3809 876 1771 2280 3685 4329 5071 5119 6525 7075 7775 8138 8220 9960 10348 10398 12992
3810 272 863 6857 9407 11196 12433 16538
3811 189 278 1344 1928 2464 2822 2985 4796 5495 7579
3812 452 2960 3646 4474 5754 11495 12735 16372 16633
3813 236 462 567 738 1026 1125 2317 2505 2574 2701 2705 3104 3309 3608 3636 4281 4302 4306 4359 4402 5040 6118 7401 7533 8255 8275 8861 10199 10593 11711 12744 12805 13607 14845 15443 15871 16276 16703 16782
3814 27 42 183 190 421 523 542 1358 1663 1836 2148 2976 3851 4193 4702 5371 5465 5541 5757 5766 9411 9900 10136 10957 11177 11397 11556 13481 14035
3815 803 4134 5039 8331 8664 9329 10780 10833 11005 11703 11820 12410 12474 12534 12893 13505 13553
3816 3131 3165 3453 9174 11996 12525 15230
3817 259 450 460 619 1130 1656 1974 2579 2965 3227 4508 4646 5074 5537 5557 7113 8393 10698 11537 12768 13598
3818 1178 5347 5603 5748 6082 6718 7588 8621 8863 8970 9836
3819 1751 4032 4231 7878 8796 8902 9544 9674 9841 10151 11421 13046 13314 13451 13813 14418 15397 15595 15822
3820 694 2948 3789 4258 4268 4625 6052 6145 7995 8854 10058 10715 11372 11425 11489 14369 14560 16548
3821 4 232 316 649 776 836 860 1021 1323 1332 1380 1447 1565 1675 2346 3100 3332 3612 3631 4020 4211 4342 4465 5467 5718 6226 6608 6757 6860 7349 8031 8390 8534 9497 10064 10164 10346 10591 10801 11204 11874 12344 12373 12376 12667 12753 13168 13240 13611 13654 14088 14114 14153 14207 14326 14398 14430 14456 14604 14653 14662 14831 14870 14912 14940 15050 15156 15221 15249 15371 15427 15768 15769 15778 15783 15795 15879 15959 16004 16081 16147 16329 16463 16521 16588 16632 16778 17023 17042
3822 7368 9629 9861 10435 10738 11967 12428 12869 14563 15651 15789 15826 16209
3823 989 1232 4448 4693 6365 8487 11923 12227 13623 13884 14056 14708 15359 16481
3824 1376 1791 4351 7972 9282 12484 12741 13826 14548 16262
3825 106 174 194 204 353 400 487 508 551 562 595 675 688 787 1382 1396 1424 1427 1586 1744 1773 1926 2116 2346 2414 2415 2604 2709 2725 3092 3358 3636 4509 4885 4990 5078 5515 5648 6356 6544 6546 8260 9101 9632 9666 9727 10337 10646 10822 10909 11169 12408 12662 13412 15738 16049 16186
3826 212 421 705 716 778 917 932 1071 1084 1126 1299 1308 1337 1398 1650 1886 2101 2102 2168 2321 2372 2435 2469 2697 2700 2711 2840 3520 3849 4201 4322 5052 5085 5463 5646 6216 6285 6491 6604 7241 7242 7278 7298 7302 7471 7645 7648 7742 7745 8119 8422 8754 8861 8940 9102 10010 10467 10502 10802 11529 12013 12080 12788 12805 12861 12987 13001 13088 13108 13176 13286 13392 13517 13564 13591 13606 13678 13791 13977 14033 14287 14781 15541 16149 16913
3827 122 151 320 393 434 540 542 551 697 784 989 1377 1549 2008 2392 2586 3023 3202 3209 3747 4324 4489 4587 4964 5018 5199 5338 5339 5351 5668 6021 6082 6332 6713 6718 6786 7293 7320 7365 7791 7824 8163 8404 8981 9091 9409 9513 9804 10136 11448 12137 12194 12525 12805 13246 13284 13392 13517 13591 14130 14167 14228 14279 15129 15213 15666 16438 17084
3828 184 601 1199 1388 1600 2031 2095 2362 3149 3326 3482 3637 4775 4838 5333 5865 6187 7341 7379 7548 7749 9234 9369 9629 10155 10156 11391 11424 11491 11496 11611 11619 11630 11662 11948 12067 12068 12209 12260 12329 12338 12354 12360 12451 12608 12819 13277 13314 13660 13673 13885 13894 14155 14216 14616 14773 14927 15857 15885 15914 15917 15988 16021 16270 16323 16350 16387 16419 16432 16632 16718 16762 16790 16891 16972 16984 17101
3829 989 2784 3169 4402 4798 7517 8944 9194 11221 14888
3830 195 382 634 646 649 1043 1169 1318 1366 1388 1771 1868 2071 2100 2101 2227 2243 2401 2490 2665 2778 2821 2875 2915 3221 3333 3382 3642 3695 3899 3903 4031 4034 4244 4342 4347 4359 4968 5351 5442 5493 5574 6111 7119 7361 7953 7998 9560 10198 10234 10326 10440 10783 10969 11168 11421 11662 11946 12620 12925 14865
3831 89 177 181 189 193 194 215 788 805 869 1246 2071 2401 2414 2454 2457 3488 3636 4796 5553 6803 7724 12403
3832 502 550 848 1683 1750 2042 2052 2400 2505 3023 4276 5381 6234 6312 6459 8292 10539 11190 11516 12362 14545 14928 15298 16388
3833 447 590 866 2288 2759 3588 3704 3776 4587 4784 5009 5121
3834 320 2031 3180 3867 6661 6839 6867 6982 7084 7329 7448 7464 7616 8042 9018 9289 10198 10329 11030 11032 11088 11748 11828 11921 11927 11931 12047 14662 16021
3835 1545 2088 2818 3448 4670 4737 4748 4936 5223 5784 6562 6870 7799 7950 8662 13165
3836 493 547 645 1790 1806 2139 2596 5260 6175 6442
3837 110 253 256 866 1768 1953 2134
3838 279 487 613 1606 2168 2469 4154 4164 4239 4302 4702 5101 5536 7337 7562 8854 9570 9800 10593 11424 12042 16668
3839 324 1366 2730 3522 3969 5238 7547 11221 11380 12190 12376 12819 13233 14698 15502 15531 15914 15917 15988 16377
3840 82 128 189 688 870 1335 1700 2781 3005 3138 3382 3563 3710 3744 3970 4217 4260 4288 4330 4380 4470 4796 5078 5382 5831 6343 6386 6662 6852 7562 8143 8425 8632 8743 8792 8952 9021 9315 9632 9799 10318 10584 10715
3841 1928 6067 8995 12260 12403 13192 14930 15195 15857 16948
3842 915 987 1359 2940 6052 6639 6660 9108 10016 10868
3843 28 36 53 180 280 382 460 636 697 1184 1366 1579 1719 1932 2336 2656 2662 2692 2781 2857 2912 2913 3073 3138 3613 3724 3744 4142 4156 4166 4244 4259 4361 4379 4448 5563 5681 5800 5876 6017 6211 6684 7367 7442 8066 9234 9315 9508 9638 9968 10432 10542 12468 14987 16368 16984
3844 181 1585 2282 2361 2647 2708 3107 3114 3117 3494 3983 4062 4288 4301 4650 4715 4745 5369 5566 5823 5831 6041 6395 6522 6938 7112 7284 9650
3845 1434 2165 2241 3382 3509 3680 6940 8063 9028 9472 15307 15444
3846 458 545 1648 1949 2341 2588 3218 5626 7194 7530 8004 8963 10057 10280 13169
3847 2073 3096 4742 5384 6980
3848 26 1389 1445 4768 6159 6624 6933 6952 7762 8170 9438 10336
3849 247 988 1426 2700 3332 6373 8865 9767 10773 11174 11334 11788 11879 12474 13801 14361 14803 15070 15252 15257 16281 16685 17110
3850 181 189 4188 4796 5122 8419 10501 10570 11001 14141 15074
3851 169 6139 9203 10780 11088 11397 11409 13675 14462
3852 4383 11025 11397 12671 13660 14315 16063
3853 2954 6355 6577 10703 10904 15335
3854 87 253 453 3322 3341 4281 4798 5064 7035 7239 7823 9716 10230 11487 12574 13509 16703 16822
3855 139 176 177 611 8235 10306 10643 10909 11009 11168 11221 11464 11630 12065 12252
3856 89 640 4786 7414 10227 10779 10994 12436 13223 13815 13825 16396 16680
3857 102 558 984 1320 1702 2856 3083 4353 4944 4982 5014 5179 5192 5555 5701 6695 7437 7506 8080 8918 9428 10630 11232 12653 12942 13125 13917 14473 14576 15249 16329 16485 17023 17086
3858 459 1783 2524 3326 5195 5553 11953 12067 12942 14566
3859 44 162 236 237 298 453 1349 1627 1710 2699 3684 3718 4044 4171 4288 4657 4990 5152 5573 6353 6544 9828
3860 69 659 879 1229 1426 2113 2562 3319 3365 3590 3653 4740 7711 8462 8914 9004 10837 17040
3861 368 718 719 740 1367 1704 1889 2033 2258 3099 3124 3768 3904 4164 4532 6151 7880 8199 8412 8954 11135 11167 12325 14462 16388
3862 49 1088 1953 3329 3570 3684 3688 3758 4210 4451 6054 6174 6422 6654 7360 7536 7835 16969
3863 116 2145 2296 6640 8250 8572 8884 9040 11051 11393 12312 12328 12616 12705 13008 13107 13113 13568 13700 13897 14538 15003 15280 15694 15695 15842
3864 575 611 890 1091 1149 1291 1527 2130 2317 2440 2594 2976 3104 3113 3515 3612 3697 3703 3806 4074 4092 4633 4806 5675 5887 7055 7652 7823 9760 9939 10221 10888 12318 12476 12854 13417 13661 13789 13812 13960 14331 14708 15080 15468 16252 16306 16455 16563 16655 16762 16854 17104
3865 1314 1680 1796 2227 2626 2700 2956 3048 3588 3803 3838 3890 3969 4383 4497 4587 4936 6035 7072 7144 7342 7645 7714 7953 8402 8452 8569 8686 9246 11139 11282 13115 14093 15085 15266 17066
3866 176 1304 2407 2512 2574 3337 3608 3627 4220 4338 4477 4552 8231 8235 9125 11425 11436 12221 13457 14332
3867 10117 11073 11217 11489 11507 11510 12059 12411 12714 12911 13221 13487 13496 13787 14559 14931 15298 15397 15555 15967 16031 16144 16252 16428
3868 179 213 233 502 989 1066 2447 4302 4402 4583 5056 5087 5360 5991 6020 6271 6285 6591 6728 6764 6786 6788 6857 6889 6896 7180 7184 7272 7301 7404 7496 7530 7534 7612 7716 7725 7774 7915 8004 8306 8382 8487 8777 8889 9444 9638 9735 9752 10344 10912 11013 11950 12176 13563 14764
3869 97 156 183 253 511 526 711 1955 2075 2103 2400 2597 2785 3421 3600 3789 4353 5876 6136 6695 7426 7448 11923 12082 13507 14277 14365 14537 14875 14941 15292 15954
3870 2140 2400 3152 4243 6332 9801 14903 16270
3871 166 339 597 735 1341 1560 1988 2963 3326 3332 3338 3548 3575 3684 5396 5448 5482 6187 7914 9444 10155 10156 11221 11391 11392 11393 11592 11620 11629 11630 11658 11858 12031 12065 12183 12203 12252 12259 12308 12359 12360 12468 12475 12536 12608 12622 12657 12662 12696 12775 12805 12819 12867 12933 12937 12996 13013 13061 13208 13228 13277 13311 13416 13506 13509 13533 13557 13671 13762 13825 13869 13870 13884 13915 14153 14216 14248 14264 14273 14283 14382 14482 14616 14622 14688 14693 14708 14720 14795 14807 14820 14886 15733 15967 16031 16161 16187 16252
3872 1965 3058 3061 3322 4489 4874 10236 10823 12648 13311 14886 16061 16822
3873 526 2488 2527 3715 3768 3783 4854 5402 5703 5759 5760 5885 6160 6498 6512 6555 6769 6809 7061 7288 7319 7694 7695 7873 8130 8575 8583 8592 9344 9583 10243 10717 12211 12853 13244 15003
3874 183 1367 1600 1836 1953 2677 2706 3674 3945 4302 4402 4923 5747 5960 6046 6069 6174 6220 6779 7028 7799 7800 8950 9574 9801 10994 11013 11494 11619 11630 11858 11948 12054 12170 12451 12598 12827 14044 14164 14168 14180 14383 14545 14933 15153 15216 15460 15740 15769 15784 15857 16270 16323 16377 16393 16465 16486 16689 16725 16928 17066 17076
3875 499 2746 2995 5836 8568 9917 10771 11647 16591 16812
3876 145 162 215 1377 1511 5152 5400 5990 6147 7746 13058 13679 14016 15246
3877 649 971 1051 1072 1169 1233 1456 1601 2123 2237 2785 4174 12001 12363 13099 14265
3878 936 2916 3608 4093 4721 5282 8255 11936 15565
3879 69 121 218 507 1328 2725 3161 3509 8536 8576
3880 435 502 1459 4481 5498 9831 11539 11909 12366 12532 12901 13277 13913 13980 14072 14930 15224
3881 572 1199 2179 5573 10558 13824
3882 1454 1692 2424 2634 3328 3768 8234 8617 9647 10627 10796 14523 16253 16402 16439 16805 17095
3883 242 3058 3338 3664 3665 4030 4170 4265 4302 4863 4874 5079 5235 5816 6472
3884 1942 3351 5940 6174 6615 6704 9098 9142 10093 10922 11282 11541 12891 13030 13094 14608 14712 16154 16882
3885 1407 3820 4632
3886 26 105 163 260 859 2004 2381 2632 3545 3669 3763 4062 4093 4167 4171 4207 4217 4234 4250 4254 4266 4280 4425 4465 4887 5282 5338 6641 6966 7987 9684 16409 16883
3887 88 468 743 1180 1947 2139 2360 2451 2586 3768 4317 5579 6416 7580 12214 12816 12841
3888 34 298 469 502 929 2232 2901 2948 3786 4274 5170 5799 7426 7724 10849 11349 12398 12503 12603 13409 13574 13625 13901 14237 14238 14523 14574 14652 14972 15277 15410 15592 15621 15767 15835 15947 15998 16003 16226 16232 16271 16435 16539 16718 16747 16912 17075
3889 2461 3436 8490 9688 11654 12525 13060 15822 16185
3890 176 278 393 1195 1261 1337 1977 2123 2519 3383 3723 4219 4359 4392 4606 5327 5773 5799 6714 7579 7754 8093 8235 8906 8995 11428 11724 12783 15141 16611
3891 165 1550 2147 2326 2742 3149 3945 4702 5770 5917 5975 7957 8122 8578 9801 10064 10230 10295 11040 11813 13134 13230 13473 14155 14616 14928 15153 15195 16270 16275 16327 16632 16718 16857 17102
3892 44 149 239 277 2352 2432 2574 2746 2871 2933 2948 3091 3559 4093 4168 4220 4230 4305 4318 4341 4345 4734 5282 5337 5498 6003 6004 6110 6765 6828 8071 8750 9411 16873
3893 110 1469 3073 4850 6013 8419 8854 9047 10086 10533 11993 12198 12819 13253 15168 16631
3894 47 165 398 1077 1377 1847 3340 3341 3684 3832 3989 4244 4249 4252 4270 4275 4276 4280 4281 4288 4291 4295 4307 4308 4312 4347 4348 4722 5079 5377 5381 5393 5396 5404 5725 5867 5876 5906 5998 6085 6123 6179 6234 6272 6298 7149 7614 8280 10542 10823 11614 12406
3895 2073 5740 6709 12739 15565
3896 34 47 70 121 134 136 146 149 153 223 259 275 278 289 298 310 324 328 336 349 367 404 423 433 437 446 447 492 499 511 520 536 543 555 574 604 605 619 620 625 628 631 649 654 660 667 710 748 750 756 760 769 854 875 943 949 956 1029 1033 1043 1046 1059 1105 1106 1110 1145 1160 1165 1169 1208 1235 1283 1298 1311 1318 1327 1402 1439 1452 1498 1556 1558 1559 1572 1601 1641 1705 1719 1728 1742 1764 1779 1782 1799 1801 1808 1931 1952 2007 2021 2035 2051 2061 2085 2123 2128 2165 2177 2197 2205 2207 2224 2240 2262 2268 2309 2322 2325 2340 2399 2407 2429 2473 2494 2495 2502 2519 2522 2553 2560 2597 2600 2638 2680 2726 2752 2758 2784 2799 2815 2826 2836 2862 2866 2868 2880 2892 2901 2902 2922 2938 2943 2951 2953 2959 2983 2997 3011 3022 3039 3049 3059 3097 3122 3129 3138 3147 3160 3165 3202 3209 3217 3222 3226 3230 3235 3246 3276 3287 3292 3306 3307 3308 3312 3314 3316 3395 3410 3415 3447 3468 3469 3480 3485 3491 3511 3526 3565 3566 3579 3605 3622 3634 3651 3659 3662 3673 3680 3723 3796 3807 3811 3817 3825 3866 3892 3906 3990 4053 4065 4069 4100 4129 4143 4146 4163 4181 4220 4228 4249 4260 4268 4301 4333 4361 4380 4401 4412 4414 4428 4477 4541 4542 4552 4559 4588 4597 4606 4608 4643 4702 4707 4712 4730 4731 4732 4733 4772 4776 4777 4834 4849 4869 4871 4926 4936 5009 5022 5073 5091 5131 5138 5224 5237 5282 5341 5420 5435 5436 5437 5455 5458 5475 5482 5562 5585 5605 5637 5642 5677 5725 5726 5772 5799 5810 5839 5866 5906 5925 5932 5959 5972 5986 6009 6027 6097 6224 6268 6323 6378 6400 6422 6477 6497 6610 6727 6756 6761 6780 6783 6794 6812 6831 6967 6970 7096 7167 7193 7218 7224 7247 7257 7265 7277 7356 7362 7579 7624 7631 7643 7810 7835 7860 7880 7891 7916 7929 7966 7973 8029 8088 8151 8196 8199 8221 8227 8238 8239 8256 8322 8360 8414 8415 8442 8459 8470 8496 8532 8546 8658 8676 8770 8829 8854 8891 8985 9146 9147 9194 9305 9306 9315 9317 9348 9353 9378 9397 9570 9579 9722 9778 9866 9868 9869 9871 9877 9892 9960 9973 9991 10034 10052 10069 10078 10221 10247 10310 10369 10398 10414 10432 10461 10462 10471 10499 10508 10512 10515 10524 10619 10629 10636 10672 10720 10783 10784 10797 10864 10997 11024 11071 11080 11087 11179 11236 11314 11371 11425 11475 11478 11490 11497 11616 11670 11702 11706 11859 11894 11897 11972 12015 12025 12188 12260 12445 12491 12653 12692 12736 12764 12780 12791 12797 12823 12940 12995 13016 13135 13183 13323 13398 13472 13488 13567 13822 14081 14175 14322 14352 14449 14451 14517 14675 14866 14912 14977 15025 15163 15369 15504 15611 15781 15849 16083 16139 16178 16226 16368 16446 16513 16620 16857 16909
3897 34 37 223 437 608 620 625 1146 1271 1458 1734 1824 2110 2571 3045 3084 3331 4185 4294 4384 4393 4761 4805 5272 5471 5708 5733 5767 5799 6150 6422 6525 6816 7580 7610 7815 7876 8363 8423 8469 8730 8756 9194 9200 9762 9874 10083 10158 10460 10779 10783 10819 10900 11218 11257 11320 11409 11421 11490 11491 11507 11508 11602 11618 11796 11948 12260 12339 12451 12588 12634 12665 12706 12708 13058 13135 13223 13229 13232 13410 13413 13460 13472 13509 13673 13822 13940 14134 14139 14140 14158 14203 14449 14565 14886 14891 14899 14939 15006 15065 15254 15313 15355 15473 15564 15657 15718 15781 15796 15802 15857 15870 15927 15994 16021 16162 16197 16205 16226 16233 16252 16281 16296 16333 16432 16461 16483 16540 16563 16576 16577 16589 16608 16611 16659 16716 16854 16875 16881 16886 16909 16919 16926 16930 16961 16962 17007 17008 17017 17038 17051 17081
3898 1865 2139 2365 3848 8074 10375 16631
3899 331 1631 1730 1929 5147 7706 9108 9467 9800 10278 12404 12441 12757 13034 13058 13156 13372 13392 13806 13877 13927 15127 15385 15745 16283 16668
3900 1026 1853 2099 4359 4364 6154 6256 8385 15196 15595 16375
3901 1036 2119 11877 15848
3902 168 696 1271 2947 3334 3341 3717 4020 4203 4265 4302 4305 4324 4368 4384 4402 4490 4553 4603 4688 4894 5314 5322 5323 5496 5553 5560 5780 6128 6217 6239 6619 6637 6921 7035 7111 7199 7547 7610 7823 7824 7825 8122 8869 9164 10011 10406 10542 10595 10912 11398 11491 12252 13661 14382 14616
3903 92 421 436 640 863 892 1127 2401 4322 5052 7059 7583 10469
3904 10920 12319 12346 12456 12506 13230 13232 13822 13885 14545 14698 14897 14898 15531 15566 15820
3905 10 713 1408 2102 2899 3447 3535 5646 5700 5779 6426 6807 6838 7117 7362 8372 8551 9426 10178 10298 11702 12182 12602 13283 14283 15482 15770 15883 16130 16149 16158 16692 16898 17082
3906 581 1225 3832 4397 4529 4610 7781 7830 9179 11170 13143 13365 16025 16034
3907 34 97 259 3703 5327 5887 10462 12428 16350 16377 16387
3908 1514 4093 4352 6217 6250 6251 7000 7381 7626 8563 8738 8856 9461 9665 10093 10504 10574 11385 11437 11463 11795 12353 12739 12859 13046 13488 14160 14420
3909 169 241 2413 3610 4265 4312 4368 6110 6211 6381 6954 7220 7484 7539 7876 8208 8583 9269 9670 11212 16857
3910 55 704 1563 2457 3091 3324 5574 6987 7724 9629 10057 11152 11685 11973 12067 12068 12338 12577 12794 12795 12900 13245 13314 13631 13660 13843 13885 13999 14341 14478 14479 14608 14699 15769 15795 15914 15917 15921 15988 16033 16377 16858
3911 3220 3733 3734 3788 5253
3912 246 247 866 867 1953 2773 3076 3175 3241 3329 3330 3363 3489 3611 3663 3684 3718 3758 3770 3829 4170 4171 4191 4250 4302 4371 4530 4623 4657 4720 4798 4891 4948 4966 4970 5086 5124 5250 5347 5423 5441 5499 5573 5574 5578 5739 5779 5795 5948 5963 6001 6055 6190 6445 6510 6803 6859 6946 6997 7054 7188 7285 7286 7330 7372 7393 7411 7606 7676 7680 7906 7926 7984 8050 8099 8498 8671 8947 9191 9202 9448 9449 9475 9548 9626 9644 9751 9813 9977 10005 10048 10155 10156 10246 10255 10401 10430 10895 10945 11019 11036 11125 11151 11190 11298 11337 11338 11588 11606 11607 11633 11644 11662 11749 11779 11787 11928 11934 11945 12053 12067 12068 12136 12227 12278 12279 12280 12281 12282 12313 12351 12452 12580 12594 12608 12649 12866 12867 12937 12961 13076 13236 13282 13367 13523 13621 13746 13943 13981 14046 14102 14160 14263 14399 14420 14483 14485 14547 14563 14623 14637 14664 14690 14701 14779 14828 14904 15029 15219 15487 15605 15612 15619 15634 15635 15637 15639 15651 15688 15750 15835 15848 15854 15962 16012 16093 16249 16308 16343 16353 16409 16766 16883 16961
3913 4302 5696 7079 10076 13230 13233 13679 14573 15207 15565 15857 16350 16387 16419 16762
3914 2071 2912 2913 3750 4235 6814 7348 7724 11432 11536 11704 11858 11936 12067 12253 12343 12344 12576 12653 12696 12819 13153 13221 13487 13787 13885 13895 14176 14276 14476 16419
3915 788 3337 3468 7327 8327 10896 11345 14216 15066
3916 796 3341 6593 6935 8024 11394 11973 12252 14557 15917 15988
3917 122 129 162 266 345 394 526 677 681 982 1063 1073 1548 1763 1942 2264 2381 2771 2802 2805 3062 3291 3326 3331 3333 3338 3518 3833 3900 3959 4138 4246 4843 4887 4963 5292 5338 5339 5653 6132 6645 7131 7344 7360 7892 7950 8059 8397 8889 9348 9625 9665 9687 9691 9692 9762 9780 9875 9908 9962 10161 10365 10377 10596 10774 10843 11035 11189 11348 11393 11423 11506 11509 11524 11839 11927 12148 12211 12324 12338 12366 12456 12472 12804 13083 13228 13233 13314 13396 13485 13884 13923 14365 14398 14513 14537 15308 15372 15405 15824 16230
3918 2821 5241 5501 6568 9196 10593 11494 12217 13986 15140 17077
3919 2161 2620 3776 5526 5696 6884 6972 7091 7962 8430 12194 12362 13412 13537 13815 13821 14404 15280 15564 16429
3920 432 713 726 949 3068 4265 4273 4993 5553 5799 7356 8231 9629 9801 10542 10784 11391 11496 11948 12343 13314 13488 13495 14739 15445 16270
3921 181 540 557 1116 2103 2108 3032 4362 5697 6683
3922 588 607 2451 3382 3443 4256 4504 6021 6629 7216 7320 7794 7915 8127 8958 9156 9246 9467 9472 9764 9961 10281 10981 11920 12145 12176 12433 12681 12769 12986 13292 13550 14560 15763 16422 16548
3923 640 816 2031 2134 2141 4399 4786 5152 6134 6312 6439 7734 7790 7791 8573 8597 8869 8999 9151 9211 9529 9626 10118 10240 11171 11536 11687 11733 11735 11939 12362 12592 12649 13076 13413 13495 13621 13660 13815 14315 14442 14698 14897 15162 15564 15857 16021 16048 16396 16908 17066
3924 286 676 2139 2381 2457 2742 3155 3184 3300 3334 3741 4677 16275 16998
3925 69 96 571 738 993 1154 1362 1469 1486 1645 1681 1704 2480 2675 2756 3623 3933 4285 4882 5058 5290 5599 5874 5999 6107 6117 6657 6729 6856 6934 6951 7119 7156 7284 7345 7455 7483 7506 7607 7983 8120 8162 8378 8685 8761 8936 9004 9078 9206 9227 9428 9601 9704 9809 10167 10262 10431 10706 10741 11032 11123 11206 11489 11836 11860 12306 12504 12612 12863 13245 13247 13438 13464 13740 13797 14166 14208 14316 14405 14601 14641 14969 15246 15274 15383 15446 15534 15559 15564 15789 15857 15981 16048 16214 16392 16395 16411 16714 16721 16759 16768 16852 16952 16960 17025 17049
3926 360 2181 3039 4386 5678 7456 7461 8617 8645 9784 10216 10601 11041 11232 11349 11380 11825 12047 12268 12376 12447 13251 13405 13429 14163 14257 16233
3927 327 405 567 588 813 3082 4504 7533 9253
3928 7439 10021 10082 10632 11025 13403 13818 14545
3929 1574 1663 2296 4165 5355 6330 6642 6643 7382 8293
3930 34 44 48 86 117 148 176 177 178 181 189 190 201 253 259 278 326 327 342 367 408 449 499 503 507 567 608 611 857 943 949 1087 1199 1275 1318 1325 1377 1620 1698 1719 1768 1804 1830 1835 1836 1928 1977 2141 2174 2217 2256 2367 2425 2440 2456 2491 2502 2553 2656 2736 2773 2791 2822 2901 2916 2948 2959 3046 3076 3138 3175 3241 3314 3338 3511 3549 3646 3663 3664 3676 3677 3684 3688 3741 3773 3779 3784 3852 3856 3870 3971 4055 4074 4093 4112 4129 4143 4164 4170 4171 4193 4220 4230 4244 4249 4260 4293 4302 4305 4361 4399 4402 4407 4432 4474 4606 4617 4633 4657 4682 4711 4721 4772 4776 4777 4795 4796 4798 4806 4863 4878 4966 4967 5064 5065 5095 5109 5199 5235 5250 5282 5400 5403 5499 5510 5522 5523 5573 5586 5614 5665 5696 5714 5725 5742 5791 5799 5802 5808 5833 5906 5990 6013 6093 6143 6188 6194 6321 6406 6419 6422 6425 6445 6508 6511 6595 6609 6636 6734 6754 6765 6770 6875 6880 6925 6938 6955 6964 7054 7059 7060 7079 7084 7164 7198 7200 7208 7286 7324 7356 7379 7393 7411 7509 7510 7533 7547 7561 7579 7606 7734 7774 7809 7811 7826 7927 7936 7953 7991 8090 8151 8206 8235 8525 8531 8611 8725 8854 8919 8973 8987 9059 9079 9093 9163 9200 9234 9286 9315 9558 9570 9858 10032 10033 10212 10306 10426 10432 10455 10462 10494 10495 10505 10593 10638 10672 10721 11380 12418 16368 16409 16667 16883 16984
3931 139 169 174 197 241 311 516 598 691 763 1095 1768 1816 2490 2663 2791 2853 3005 3035 3045 3080 3085 3179 3202 3209 3228 3338 3340 3563 3703 3710 3768 3789 3902 3954 4217 4281 4318 4351 4371 4384 5045 5351 5517 5536 5696 5990 6067 6071 6160 6386 6547 6695 6803 6856 6982 7001 7079 7284 7612 13640 16703 16937
3932 5521 5722 7463 7828 8195 9334 10053 11554 12540 12786 13854 16558 16645 16675 16736
3933 907 1199 1577 5157 7879 16192 16221
3934 904 1676 2460 2888 11463
3935 107 863 1750 1751 1759 6918 7037 10152 10542 10772 11157 11504 12043 12334 12344 12349 12350 12351 12354 12362 13233 13234 13674 13870 13894 14157 14174 14331 14698 14988 16270
3936 469 2751 4365 4384 6520 6799 7651 8151 9877
3937 215 760 896 2108 2414 2454 3358 3794 4223 4401 4876 5063 5626 6148 6391 6939 7040 7095 7356 7822 8390 8448 8473 8542 8636 8918 9007 9689 9948 9954 10168 10250 10388 11176 11262 11553 12547
3938 103 216 617 7046 9588 13980 14338 15568 16244
3939 321 449 1155 1850 2076 2701 2948 5669 5806 6195 6470 13640
3940 2737 3335 3848 5351 8352 9101 9180 9917 10093 10542 11541 12003 12415 13085 13280 13816 14332 14489 15164 15870
3941 23 427 934 1269 1359 1579 2597 2661 2811 3873 5010 5115 6136 6715 6814 7127 7244 7602 8714 10306 11163 13927 13976 16258
3942 7763 8765 9261 9312 10299 11183 11459 11999 12249 12307 12920 13337 13670 14226 14405 14974 15106 15231 15389 15556 15798 15816 15862 16143 16371 16563 16727 16843
3943 1406 1818 2346 3510 3636 3687 3789 4469 4612 4622 4734 4861
3944 247 2470 2867 3254 3329 3718 4563 9644 15030
3945 1728 2490 3517 3862 4254 4937 5009 5827 5895 6254 6478 6611 6994 7186 7239 7338 7871 8128 8267 8272 8474 8805 9023 9240 9363 9534 9680 10904 13938 14188 14288 14609
3946 44 74 148 193 247 272 298 302 422 499 503 536 593 949 1466 1761 1768 1835 1928 2022 2026 2168 2248 2270 2469 2526 2674 2930 2948 2963 3046 3138 3451 3457 3768 3784 3807 3927 4171 4184 4340 4784 5079 5282 5685 5828 5990 6804 6875 7017 7371 7469 7620 9315 11299 12269 13058
3947 148 175 608 816 869 1169 1337 1693 3334 3340 3733 3734 4143 4606 5171 8923
3948 4448 6684 8196 8629 9882 10773 11507 12296 12699 13611 14378 15298 16510 16707
3949 48 189 204 272 310 612 805 3509 4402 4796 8854 10595 10842 11398 12343
3950 58 437 605 644 984 1218 2217 2287 2638 3637 4138 5455
3951 55 180 1029 1281 1796 1813 3105 3331 3564 3903 4459 5638 6187 7197 7525 7645 7739 8136 8596 8763 9020 9221 9582 10029 10156 10228 10480 10559 10755 10771 10875 10986 11027 11393 11394 11424 11491 11627 11816 11920 11930 12321 12323 12339 12350 12411 12453 12652 12730 12734 12867 12897 12911 12963 13058 13138 13229 13319 13327 13347 13350 13413 13495 13674 13746 13815 13885 14268 14548 14616
3952 320 1771 2028 3490 4089 4185 6282 6454 6503 6505 6648 6924 7395 7604 8307 8666 9294 9432 9488 9545 9838 10300 11152 11720 13182 13423 14617
3953 162 866 1953 2182 2212 2454 2621 2634 2799 2841 3158 3703 3758 3840 4217 5527 5863 5897 6990 7649
3954 306 694 2119 5283 5390 6314 6315 8406 12046 13533 14280 15727 15948 16737 16759
3955 2095 4318 8442 11858 12731 13673 15296 15857 16873
3956 88 580 4930 5679 6934 9746 12741 14921 16733
3957 6610 9958 12736 12923 14680
3958 514 1350 2992 4276 4622 4706 4861 5501 5799 6061 6240 6464 6804 6884 10595 11086 11629 11632 11704 12126 14216
3959 112 227 1259 1835 2042 2300 2361 2736 2791 3610 3687 4034 4186 4329 5272 5795 7547 7998
3960 433 511 755 1226 1527 1739 2081 3378 3527
3961 5977 6779 11018 12870 13282 13334 14384 14638 14875 15622 15870 16070 16353
3962 738 1139 4115 4405 4759 7624 7806 8573 8614 9075 9351 9626 9826 10711 10717 10805 10954 10994 13621 14404 15770
3963 71 1758 2252 3544 4151 4196 4603 6067 15186
3964 247 3109 4237 5063 5293 5532 5939 6236 6265 8244 9886 10009 10081 10381 10616 11638 12679 13675 13997 14240 14455 14784 16539 16976
3965 197 1627 1640 2414 5573 6765 9559 15195 15254 16666
3966 331 1746 3695 4258 4440 6552 6896 7535 7888 8383 8778 9108 10849 13893
3967 84 909 1725 2995 3093 3739 3972 4020 4349 4863 7572 8424 8430 8712 9446 9922 10049 10159 10401 10728 10749 11020 11297 11625 11648 11682 12186 12471 12512 12735 12900 13228 13430 14189 14381 15587 16029 16119 16376 16539
3968 86 304 550 801 1395 1750 1985 4322 4539 4625 5526 9800 12468 15625 15839 16655 16668 16685 16774 16842
3969 106 863 1349 1506 2115 2585 2702 6905 8765 11316 12693
3970 2519 2574 3322 3332 3407 5015 5211 5588 10711 11436 11579 12474 13230 14262 14637 15224 16822
3971 249 2251 2558 2585 4355 5154 5265 5370 5505 5874 5922 6030 6115 6135 6193 6343 6448 6482 6596 6663 6697 6722 6749 7052 7102 7130 7138 7161 7267 7334 7345 7421 7423 7479 7605 7773 7830 7874 7932 7944 8014 8244 8288 8378 8433 8456 8761 9262 9663 9700 10210 10293 10359 10393 10545 10590 10615 10663 10713 10828 10863 10898 11168 11251 11279 11368 11402 11417 11521 11581 11595 11649 11685 11701 11727 11784 11805 11843 11844 11875 11935 11955 11993 12003 12159 12160 12225 12306 12482 12533 12546 12728 12824 12839 12840 12914 13320 13353 13364 13365 13450 13810 14054 14203 14653 14832 15249 15885 16196 17087
3972 177 669 3175 3684 3693 3741 3755 3757 4143 4157 4161 4184 4293 4302 4567 4655 5009 5088 5221
3973 5289 5549 5835 5893 6310 7048 8248 12337
3974 4250 4371 5045 6522 6803 7610 8413 8498 8678 10156 10781 10854 12606 13208 14337 15035 15636 15783 15960 15967 16031 16252 16627 16651
3975 2978 3182 4165 6547 6747 7614 8430 11516 12318 12436 13412 15564 15566 15962
3976 219 846 988 1066 1091 1530 1812 1895 2108 2434 2766 2874 3588 3659 4067 4259 4268 4355 5588 6007 6534 12584
3977 71 106 116 163 369 1632 1710 1903 2468 2572 2585 3202 3203 3209 3213 3228 3319 3339 3341 3693 3733 3734 4161 4175 4200 4258 4387 4430 4589 4617 4836 4894 5187 5282 5336 5487 5636 5701 5727 5742 5831 5990 5999 6077 6296 6839 7536 7853 7936 8290 9253 9561 9668 9691 9692 9843 10778 10781 10838 10868 10924
3978 240 298 2421 3329 3646 4170 4474 8843 9285 9644 12741 16262
3979 189 979 1131 1423 2168 2469 3772 3789 4093 4152 4784 4796 6363 6866 7187
3980 139 272 620 708 1774 1824 1928 2048 2168 2216 2253 2469 2822 2912 2913 3138 3695 4460 5104 5121 9315
3981 558 681 1698 2320 3255 4138 4254 4295 4336 4470 7287 8263 11545 12403
3982 2454 3322 3341 6187 7035 7724 8817 9093 10837 11423 12475 13271 13488 13693 14027 14194 14225 14386 14404 16822
3983 511 711 890 2296 5724 5866 9442 9756 10717 11212 13113 13134 13409 13530 13568 13700 13897 14359 15545 15546 16078
3984 190 405 542 801 1167 1537 2101 2927 3684 3711 4189 4717 5967 6332 6397 6452 6940 7246 7303 9345 9747 10136 10489 12268 12969 13423 13772 14641 15815 16377 16794 16861
3985 5119 8327 10993 12681 16125 16538 16665
3986 55 1710 2381 3095 7721 9684 10008 10032 10494 10495 10558 11682 13654 14511 14718 14827 15200 15421 15695 16946 17035
3987 112 1301 1645 1857 2916 4721 5018 5928 6697 7254 8417 8692 9036 9705 9740 10686 12565 13009 13600 16978
3988 408 577 1431 3235 3391 3556 3938 4257 4318 4932 7223 7856 8502 10516 11187 11384 11707 12067 12271 12435 12749 12750 12926 13135 13282 13798 14457 14595 14791 14792 14909 15412 15420 15649 15674 15843 15903 16120 16260 16353 16762 16790 16873 16910 16946 16969 16972 17009 17036 17106
3989 25 528 866 1770 1953 2111 2454 2464 2784 2985 3137 3329 3688 3966 3994 4177 4220 4384 4634 5142 5314 5799 5808 5826 6733 9629 9971 10032 10134 10427 10475 11425 11451 11494 11973 13485 13583 14104 14394 15350 15610 17077
3990 2353 6187 9558 14698 15968 16348 16350 16387 16667 16734 16762
3991 215 1836 2457 6299 6332 11490 16900 17002
3992 569 1199 1816 2080 3370 5521 8446 11376 11599
3993 639 806 7483 12044 12304 12466 12796 13565 13679 13694 13721 14379 16953
3994 2838 6991 10451 10717 10854 10924 11051 11212
3995 5327 7724 7857 10672 12731 12795 12819 14566 14582 15488
3996 106 111 331 572 735 1031 1184 1792 2032 2602 3366 4904 5984 7630 8687 10010 15757
3997 322 333 689 4709 4934 5374 7688 8255 8568 9056 10509 14129 14865
3998 50 51 106 128 130 151 159 177 360 508 572 588 805 936 1199 1434 1614 1804 2071 2242 2649 2655 2674 3114 3168 3608 3684 3724 3746 3767 3789 3852 4142 4218 4421 4504 4612 4622 4675 4677 4715 4734 4745 4796 5123 5381 5508 5799 5831 5848 6134 6234 6312
3999 1457 2634 3888 8679 8795 9515
4000 1888 1997 2678 2854 2912 2913 2971 3199 3214 4142 4272 4288 8547 9150 15795
4001 19 24 38 106 144 193 222 241 242 249 278 287 348 512 516 521 580 582 592 594 821 866 1046 1163 1208 1271 1382 1475 1738 1836 1981 2242 2454 2470 2597 2648 2678 2828 2883 2963 2976 3102 3166 3202 3209 3228 3338 3369 3397 3423 3697 3719 3724 3731 3736 3768 3769 3789 3840 4302 4465 5256 5336 5831 6803 6944 7579 9264 9684 10542 11425 12314 13090 14261 16849
4002 161 166 1698 2041 3169 3697 4214 4709 4711 4934 5071 5868 8090 9200 9234 9687 10086 11879 13314 13660 14462 15413 15556 16230 16762 16790 16984
4003 89 142 1573 2574 2725 3794 4189 5481 5801 6391 6441 6730 6846 6922 7245 7246 7301 7610 8017 8429 8679 9800 10317 10570 10918 12483 16668
4004 289 477 486 1059 3263 3672 3896 3917 4732 5431 5613 5978 6162 6587 7144 7243 7786 7833 8110 8111 9361 9698 10331 10681 12036 13430 14117
4005 167 234 542 622 852 918 1683 1828 2100 2657 2807 3369 3683 4230 5246 6765 8292 10136 10193 11423 11432
4006 4146 4384 4899 8445 11423 11907 12328 12653 13008 13113 13834 13897 13913 14493 14851 15153 15447 15564 15566 15579 15914 15917 15988
4007 718 2512 3036 5218 5828 6298 6828 7022 9443 9606 10093 11181 11488 11541 12363 13061 13261 13409 13698 14265 16236 16330
4008 161 1063 4893 6018 6119 7683 8549 13824 14583 15100 15894 16490
4009 597 762 1365 2081 3548 3693 4401 7230 7409 8449 8553 9146 11425 12001 15531
4010 1131 1687 2457 2784 2909 4051 4279 6781 6990 7238 7482 7887 8368 8393 8813 9234 9294 9495 9838 9935 10037 10086 11177 12814 12890 14617 14952 15132 15327 15647 16135 16657 17102
4011 530 7494 8010 8500 8559 10091
4012 92 94 152 177 272 401 453 567 738 863 1027 1183 1344 1426 1517 1787 1947 2138 2261 2467 2537 2553 2904 2912 2913 3297 3408 3489 3695 4218 4244 4317 4509 4588 4778 4786 5122 5397 5417 5661 5684 6067 6903 7533 7923 8114 8550 8710 9313 13810 16396
4013 89 1891 8426 9363 10684 10724 12468 15713
4014 1130 4805 10156 11491 11619 12252 12320 12573 12622 12867 12933
4015 1273 3350 3744 4206 4272 4288 4340 4621 4678 6272 7749 9021 10977 11276 11421 11466 12204 12360 12572 13277 14237 14688
4016 5728 6112 6503 7407
4017 139 2258 3776 4329 4368 4898 5821 8122 8306 8785 12352 12731
4018 921 2586 5954 6941 9369 9838 10270 10389 10391 11375 11591 12137 12171 12303 12345 13608 13622 14984 15282 15776 15810 16639
4019 505 695 1053 1709 1800 3750 3853 4068 4272 5351 5586 6857 7172 7547 8427 10789 10888 11218 12933 12941 12953 13013 13309 14708
4020 310 606 689 908 910 1579 1614 2487 2700 3636 6352 6762 8936 10280 12881 16265 16595
4021 33 69 194 207 217 236 331 501 507 578 582 697 891 965 989 1082 1246 1279 1381 1382 1813 1937 2234 2360 2392 2531 2583 2634 2742 2828 3089 3169 3324 3326 3327 3339 3488 3501 3612 3737 3903 4044 4459 4786 4968 5051 5580 5658 5683 5795 5887 6236 6265 6280 6312 6868 7118 7790 8046 8084 8235 8244 8597 8712 9192 9466 9594 9801 10116 10240 10542 10778 10787 10966 11177 11639 11855 11871 12536 12649 12819 13076 13092 13664 13679 14016 14038 14341 14384 14548 14637 14927 15064 15195 15207 15235 15795 16021 16270 16275 16396 16608 16624 16665
4022 48 117 664 2139 3639 6569 10542 15192
4023 905 1201 1385 1992 2028 2332 2668 2757 4297 4497 4582 4639 4669 4967 5214 5665 5707 5846 5942 6237 6677 6679 6692 6839 6889 6909 7076 7340 7551 7565 7592 8954 9477 10080 10110 11739 16308
4024 26 256 514 2147 2273 2750 3058 3070 3163 3522 3954 4874 6786 8970 10801 11976 12004 12695 13051 15255 15372
4025 2877 3326 4172 6803 12358 12901 15071 15556 15783
4026 5725 5906 6395 7348 10413 11507 11629 12209 12352 12358 12444 12622 13153 13228 13885 14216 14398 14476 14724 14751 15153 15795 16133 16281 16887 16973
4027 4300 4833 10281 13292 13297 13298 13599 15305 15693 15714 16613
4028 32 48 89 106 139 189 190 194 272 278 310 393 564 1046 1191 2115 2414 2665 2701 3338 3382 3636 3846 3870 4093 4260 4265 4268 4291 4293 4295 4347 4796 4888 5264 5282 5586 5998 6067 6071 6386 7547 7579 9004 13529
4029 3243 3664 3665 3773 5235 9227 9858 10005 11607 13985 14310 16667
4030 3544 4351 5930 5982 6416 6468 6854 6889 13529
4031 2597 8714 9075 11348 11391 11622 12067 12209 12353 12403 12456 13314 13748
4032 278 456 689 3803 6492 8096 8301 10272 11351 12607 16253 16659
4033 176 1475 2678 4250 4371 4657 5665 6008 6803 6955 7853 8192 8235 8498 9878 10018 10155 10786
4034 278 298 1609 2790 4301 4302 4402 4936 9161 11314 11630 13233 13396 15263 15400
4035 2592 3523 3774 7536 7724 12795 12819 13302 14038
4036 449 509 1991 2916 3628 4721 5907 8351 9159 10652 11352 11747 11794 12031 12042 12198 12360 12532 12576 12622 12651 12895 12933 12980 13059 13061 13227 13277 13359 13647 13783 14283 14701 14772 14886 15252 15914 15917 15988 16025
4037 44 884 1149 1770 2571 2821 3045 3087 3522 3991 4228 4603 4605 5332 8019 9484 9592 10942
4038 48 511 1050 1168 2074 2075 2114 2307 2473 2728 2788 3382 3511 4347 4625 5420 6111 9800 11852 12395 16668
4039 48 176 181 325 328 349 1318 1799 2496 2502 3153 3229 3231 3622 3673 3741 3773 4062 4093 4100 4174 4249 4318 4330 4776 4777 5018 5094 5118 5164 5282 5439 5625 5725 5769 5825 5906 6269 6422 6780 6880 7962 8235 8426 8854 9351 9556 9866 10505 10593 10629 10720 10957
4040 1719 2648 3039 4260 5937 6841 8224 8765 9913
4041 24 28 51 58 63 70 89 106 139 143 152 158 163 174 175 176 177 180 181 194 195 204 215 216 222 227 234 241 247 263 278 280 287 293 310 311 352 405 412 463 487 493 507 508 509 551 563 581 595 606 611 620 677 686 692 708 709 717 763 771 799 801 805 807 860 874 881 896 926 966 1006 1046 1047 1049 1053 1075 1089 1112 1125 1128 1141 1196 1206 1219 1233 1266 1269 1293 1324 1331 1352 1366 1368 1413 1434 1450 1459 1472 1475 1515 1519 1528 1593 1600 1609 1624 1634 1679 1692 1710 1721 1740 1756 1772 1774 1791 1796 1836 1838 1874 1886 1891 1904 1923 1926 1931 1939 1981 1985 2003 2032 2062 2064 2066 2072 2095 2138 2144 2145 2147 2165 2201 2240 2254 2255 2262 2271 2272 2287 2299 2313 2335 2346 2360 2361 2363 2364 2377 2381 2413 2414 2438 2454 2464 2470 2487 2497 2553 2560 2562 2574 2586 2593 2597 2621 2627 2629 2660 2666 2678 2700 2725 2742 2754 2755 2809 2822 2857 2863 2868 2883 2904 2910 2912 2913 2916 2927 2955 2985 3000 3005 3010 3058 3086 3092 3099 3101 3114 3119 3125 3133 3138 3149 3180 3195 3202 3209 3228 3229 3322 3323 3324 3332 3334 3338 3339 3341 3360 3364 3366 3382 3394 3397 3408 3421 3482 3494 3498 3538 3563 3602 3636 3638 3680 3682 3686 3689 3695 3697 3699 3717 3724 3728 3731 3733 3734 3736 3738 3744 3747 3757 3761 3768 3769 3773 3779 3780 3782 3789 3836 3846 3870 3873 3972 3998 4039 4044 4062 4073 4088 4091 4099 4100 4138 4142 4143 4158 4167 4175 4178 4183 4194 4208 4210 4213 4218 4221 4222 4229 4234 4249 4254 4258 4260 4265 4295 4302 4315 4317 4338 4347 4351 4361 4363 4399 4401 4402 4460 4469 4500 4509 4565 4567 4584 4602 4606 4612 4666 4674 4678 4691 4715 4717 4721 4745 4747 4775 4812 4834 4846 4874 4903 4912 4940 4950 4964 4988 5022 5061 5067 5079 5111 5121 5126 5131 5135 5282 5317 5337 5359 5363 5386 5404 5439 5680 5681 5711 5765 5799 5858 5990 6017 6071 6111 6209 6253 6269 6299 6375 6422 6447 6570 6633 6653 6663 6715 6795 6884 6906 7044 7081 7119 7341 7579 7602 7711 7719 7762 7956 8172 8235 8239 8351 8360 8401 8424 8504 8519 8525 8535 8614 8680 8854 8900 8914 9005 9079 9151 9234 9315 9435 9468 9508 9523 9563 9564 9570 9614 9691 9692 9803 9806 9892 9896 9900 9916 9922 9962 9967 10003 10041 10106 10152 10158 10195 10196 10313 10425 10428 10432 10560 10593 10632 10702 10739 10837 10890 10978 11002 11057 11217 11275 11283 11327 11378 11392 11403 11489 11625 11630 11783 11833 11885 12016 12020 12038 12066 12204 12290 12298 12354 12403 12416 12536 12625 12662 12696 12765 12996 13061 13063 13222 13233 13506 13706 13746 13755 13829 13830 13870 13894 13915 14022 14248 14262 14273 14330 14361 14382 14404 14622 14688 14697 14708 14772 14872 14885 14931 15111 15113 15187 15253 15273 15296 15392 15595 15689 15795 15862 15919 15991 16032 16275 16300 16368 16822 16984 17086
4042 263 278 846 857 1096 1465 1483 1690 2283 2555 2699 3560 3789 4364 5542 7091 7579 7719 7962 10268 11736 14886 15224 15284
4043 3333 4966 11121 11639 11672 12295 12480 12774 12989 13070 13207 13356 13559 13981 14076 14144 14266 14399 14431 14582 14593 14664 14955 14957 15365 15487 15605 15683 15750 15844 16254
4044 28 51 129 189 193 304 309 310 478 844 1021 1031 1167 1178 1508 1609 1710 1733 1793 1814 1888 1968 2206 2243 2320 2620 2652 2656 2978 3100 3125 3168 3288 3338 3339 3341 3365 3393 3575 3655 3769 3867 4149 4214 4244 4250 4260 4371 4387 4392 4796 5050 5121 5504 5712 5876 5882 6803 6812 7119 7500 8019 8456 8482 8498 9234 9243 9561 9642 9684 9689 9694 10013 10106 10155 10156 10241 10542 10678 10838 11168 11625 13314 16984 17077
4045 509 1523 2240 3072 4864 5264 5303 5360 5404 7367 7547
4046 298 442 866 867 880 1561 1953 2706 2790 3001 3329 3339 4089 4265 4312 4368 4563 5683 5963 6019 6308 6454 6628 6787 8142 9125 9644 10312 11506 11607 11629 11792 11973 12054 13445 14652 14676 14838 14845 14933 15318 15550 15588 15619 15740 15808 15914 15917 15988 16377 16689 16790 16969
4047 516 1292 2982 5283 5657 6632 10877 11177 13412 16187 16222 16774 16846
4048 949 4312 4384 5273 6297 6731 6828 7022 7132 7224 7525 7646 7850 8200 8447 8471 8472 9118 9690 9759 9934 10093 10140 10475
4049 7617 8525 8726 9102 9900 10227 10780 11088 11812
4050 48 1128 1426 1492 3769 5723 7495 9395
4051 174 408 833 1841 1939 2303 2418 3421 3510 3624 3772 4210 4612 4660 4846 5009 5088 5123 7187
4052 44 107 331 737 1037 1366 1684 2310 3068 3322 4259 4710 4734 7910 9508 9689 9845 10306 10638 12067 12390 13495 13537 16361 16822
4053 117 178 531 677 1029 1167 3087 3407 4116 4148 4757 4760 6695 7615 8019 8125 8151 8428 9086 9166 9689 9725 9825 13640
4054 234 660 1000 1376 3421 4200 4362 5050 6773 7667 7886 8088 8955 8956 9213 11046 11255 11620 12534 12548 12669 16700
4055 1349 7131 8059 9780 9908 10843 12182 13611 15077
4056 161 313 3892 4734 4918 4975 5348 6301 8265 8647 10682 11196 11690 12475 13141 13536 13587 14968 15411 15472 16246
4057 282 423 1838 2290 3112 3271 3383 3455 3683 3694 4211 11765 12608 13282 13781 14216 14637 15968 16021 16353 16762
4058 2809 6068 7149 8428 10156 11042 11119 11216 11380 11618 11716 11824 11826 11937 11938 12373 13119 13222 13404 13673 13787 13822 14291 14530 14637 14658 14660 14716 14975 15015 15263 15687 15847 15857 15889 16111 16281 16326 16577 16617 16662 16849 17107
4059 125 151 790 1271 2483 3396 4459 4653 5285 6238 6924 7255 9199 9512 10882 11315
4060 3987 4108 11391 11713 12525 15931 16305
4061 10089 11182 12391 12669
4062 961 1515 3300 3582 14370
4063 168 1063 1168 1700 1853 1931 2502 2867 3338 3478 3718 3789 4093 5133 5282 5327 5536 5980 6993 7953 9234 9972 15498 16984
4064 542 4177 4473 6827 9035 10136 12390 12740 13017 14176 16903
4065 43 319 1271 3732 5642 6934 7547 10057 11169 12217 13234 13333 13761 14171 14444 14744 15212 15294
4066 860 2454 2631 5158 5424 7056 8886 9516 9896
4067 1609 1907 5411 5568 6185 7490 7492 8508 8643 11364 12222 13625 14238 15530 16669
4068 436 687 965 1169 1898 2123 4555 7362 8636 9184 9804 10358 10797 14912
4069 4384 6346 6489 7611 8380 10902 11261 11369 12271 12545 13080 13151 13230 13798 13879 14142 14160 14191 14328 14420 14551 14591 14730 14940 14947 15099 15133 15260 15353 15584 15648 15735 16293 16449 16523 16536
4070 2 495 801 1178 1237 1246 1291 1631 1817 2095 2297 2578 2620 3488 3783 5395 5416 5615 5781 6181 7506 7747 8430 8796 9428 9544 9750 9760 10036 10772 11530 12127 12261 12649 12754 12963 13076 13221 13834 13884 14285 15566 16189 16194
4071 159 161 1095 2004 2181 2371 2479 3105 3332 3341 3374 3375 3397 3420 3768 3821 4266 4640 5199 5403 5799 6015 6016 6696 7454 7993 9595 9633 9689 10295 10854 10916 11112 11113 11845 12366 12621 16221 16707 16734
4072 386 2212 2219 3637 3744 5857 10780 10848 12808 12867 13417 13558 13655 14153 14940 15568 16098 16258 16762
4073 1579 2560 3242 3271 6154 6256 8885 15027 16092
4074 957 3796 4717 5064 5067 5250 5441 5450 5571 6011 6055 6445 6505 8345 8854 8954 9488 9545 9742 9862 9982 10300 11496 11536 12217 12421 12467 12493 12816 13407 14579 14611 14698 15041 15042 16296
4075 185 965 1071 1723 4150 4322 6743 11868 17084
4076 1313 3023 7320 7845 8778 9493 12446 13073 13486 13771 14094 15223
4077 373 509 639 3575 4385 4387 5498 7408 10873
4078 86 4142 4302 4318 4402 4683 10866 12731
4079 210 643 1572 10260 11333
4080 2008 2143 3700 3701 4008 4234 5227 6777 10089 12130 12800 13013 15056 15127
4081 1454 1698 2490 3363 3710 7552 9136 9633 10570 11516 12838 14028 14255 14928 15768 15769 16042 16148 16162 16193 16205 16350 16387 16388 16539 16547 16579 16707 16718 16734 16836 16854 16870 16886 16946 17036
4082 145 161 249 278 298 509 966 1727 2168 2169 2469 2916 3085 3101 3103 3138 3937 4362 4490 4561 4675 4721 4760 5131 5213 6726 6854 7579 7946 8509 8825 8871 9251 9315 10011 11157 11923 12374 12375 12584 12608 13157 14121 14637 14660 15841 15885 16253 16326 16382 16394
4083 6180 8179 8658 8891 9801 9992 12427 13658 16146 16215 16270 16428 16552 16854
4084 5895 10076 12042 12576 14256 14442 15608 16253 16404 16741 17095
4085 91 259 441 460 528 553 697 1146 1373 2187 2376 2496 3211 3429 3903 4393 4477 5589 5682 6207 6437 6631 6774 6786 6825 7107 7541 7741 7862 8140 8493 8577 9222 9608 9959 10257 10462 11219 11569 11743 11768 12001 12120 12673 12919 13029 13489 13900 13922 14128 14172 14788 15304 16857
4086 1569 7627 7828 10585 11050 11095 11096 14425 15306
4087 2524 3267 3331 3490 5923 6348 6786 8413 9508 12794 12820 13122 13510 14788
4088 20 26 116 129 166 169 238 282 299 394 458 478 502 542 623 737 781 1027 1131 1358 1454 1609 1817 1868 1931 2005 2032 2038 2147 2255 2324 2356 2454 2457 2525 2578 2655 2750 2789 2829 2954 3000 3035 3058 3271 3322 3338 3339 3340 3608 3633 3670 3743 3840 3934 4172 4250 4371 4465 4490 4849 4874 5079 5309 5418 5424 5498 5636 5863 6147 6160 6200 6332 6642 6803 6835 7505 8000 8498 8583 9320 9508 9845 9896 10003 10136 10155 10156 10646 11168 11393 12070 12651 12867 15733 16822 16998
4089 4426 5063 6966 7363 8929 11126 11135 11154 14657 15114 15770 16120
4090 161 233 466 542 549 717 1066 1131 1252 1403 1536 1937 2245 2298 2497 2543 2721 2723 3411 3591 4207 5267 5776 6300 6781 6940 7388 8393 9344 10050 10136 10535 10732 10983 11354 15397
4091 4190 4489 5517 6220 9382 9574 10956 13058 13143 13325 14341 15333 16228 16511 16790 16854 17076
4092 37 74 82 127 253 1698 1775 1810 1942 2471 2584 2628 2774 3721 3885 3928 3948 4146 4663 5725 5906 6001 6609 6636 6966 7098 7119 7287 7356 7484 8100 8206 8781 8919 9116
4093 508 675 3039 4134 4361 5409 6269 9805 9896 10003 10432 10711 10956 11005 16368
4094 3940 5067 6588 7667 8807 11380 12579 14038 15257
4095 106 360 1510 4131 10089 10932 10950 11546 11568 11742 12841 12853 12876 14085 15307 16278
4096 1475 1822 2697 5002 5412 7930 9444 9666 10827 11131 15036 15779 16639 16797 16798
4097 48 89 175 176 177 256 278 310 393 816 1026 1169 1199 1382 1813 2598 2764 2916 3129 3276 3636 4302 4721 5574 7547 7579 8231 8235 8854 9695 11171 11192 11221 11314 11620 12360 12408 13153 13277 13934
4098 5366 6791 7668 10393 11004 11396 11751 12248 12616 13406 14406 14571 14733 14979
4099 4384 5696 7660 10261 13448 13679 14501 16185 16191
4100 736 1473 1748 1957 2429 2490 2583 4146 4776 4777 5327 6993 8221 8414 12343
4101 298 1206 1454 2041 2634 2742 3107 3169 3322 3330 4230 4639 4669 5018 5093 5199 5403 5799 6430 6639 6662 6765 7229 7640 9212 9433 9498 9578 9604 9956 9974 10041 10198 10400 10853 10958 11030 11048 11166 11921 16343 16822
4102 329 951 1088 1746 1888 2056 3174 3772 4226 4283 4555 4658 4659 5011 5166 5572 5706 6020 6021 6127 6152 6537 6674 6778 6839 6889 7024 7105 7187 7192 7236 7272 7465 7466 7506 7535 7587 7639 7843 8002 8008 8142 8328 8383 8691 9139 9334 9428 10198 10353 11355 11373 12227 14370 14754 15045 15925
4103 55 3914 3915 5989 6448 9909 10898 11264 11431 11630 11649 11900 12068 12914 13050 13320 13354 13676 13712 14035 14258 14535 14566 14860 15109 15138
4104 264 1175 1926 2121 2457 3033 3127 14318 14610
4105 5070 6040 6199 6364 8598 10900 13100 13179
4106 542 1119 2010 3299 5920 9686 10707 11782 11920 12046 13074 14483 14915
4107 112 1253 1481 2362 2572 2844 4323 4681 5237 5374 5677 6296 6581 8969 12904 15957 16593
4108 175 176 177 278 449 621 870 1217 1350 1749 1836 2853 3129 3254 3259 3343 3344 3350 3469 3695 3778 3972 4163 4217 4244 4266 4277 4291 4305 4318 4397 4501 4601 4605 4772 4786 4849 5079 5098 5177 5471 5493 5588 5605 5998 6187 6326 6342 6544 6598 6905 7579 7901 8235 8282 8283 8385 8426 8573 8667 8870 9610 9628 9690 10140 10157 10593 10780 10918 10999 11157 11171 11205 11571 11629 11666 11685 11799 11812 12061 12193 12354 12364 12365 12676 13111 13156 13314 13327 13537 13660 13894 13905 14016 14157 14315 14341 14382 14405 14573 14744 14897 15333 15564 15857 15885 16360 16396 16608 16718 16762 16790 16792 16873
4109 4090 4515 5686 13600
4110 106 176 287 571 2071 2240 2490 3695 3769 4796 4839 4972 6814 8235
4111 569 1891 2057 2106 3055 3257 4044 4511 4596 7541 8735 8741 8944 9443 9801 10718 11507 11597 13600 13603 14559 14574 14940 14943 15566 15591 15595 15707 15743 15772 15932 15948 16021 16088 16270 16350 16351 16387
4112 3042 5212 5400 5675 5683 6308 6926 13082 13677 14077 14216 14724 14743 14841 15113 15857 16725
4113 173 755 1977 2081 2571 7390 9445 10636 11908 12068 12082 12358 13263 13869 13885 14153 14652 14943 15144 15768 16048 16428 16463 16539
4114 2045 2444 3612 4270 4802 6040 6122 6651 7106 7531 7544 7839 8084 8348 9414 9442 9445 9463 9580 9672 9973 10209 11401 11491 12428 12462 12913 13445 13561 13572 13733 13794 14216 14237 14503 14676 14681 15107 15446 15524 15581 15963 16018 16405 16477 16517 16969
4115 4930 5092 6657 6801 6934 7845 8814 9137 13337 15658
4116 280 553 589 824 1127 1182 1349 1669 2068 2130 2386 2537 2875 3461 3641 4059 4218 4585 4625 4835 5088 5244 5517 5831 6312 6646 7638 7796 10756 11954 14913 16211 16296 16356
4117 179 256 726 812 1138 1813 2180 4667 4888 5292 5450 5649 5663 6011 6208 6376 6635 6786 6869 7026 7400 7961 8354 8454 8889 8983 9330 9732 9733 11059 11182 11491 11561 12121 13058 13934 14425 14638 15845 16048
4118 72 89 109 127 156 166 676 1178 1332 2189 2442 2457 2463 2578 3125 3637 3724 4205 4361 4386 4389 4813 5207 6246 6265 6367 6685 7315 7316 7653 8125 8195 8402 8557 8952 9021 9041 9684 9695 9967 10432 10816 11276 11597 14686 16368 17086
4119 805 3333 3687 4260 4265 4368 8125 10041 11059 12214 13154 13488 15372 15733 16305
4120 3365 3522 6890 8103 11280 12809 13434 13933 14434 14750 15168
4121 3331 3518 4302 4370 4402 6591 6657 6857 6934 7137 7660 9712 10039 10198 10226 10227 10231 10329 10561 10781 10923 11030 11053 11125 11157 11362 11423 11471 11491 11619 11657 11692 11748 11749 11750 11782 11888 11919 11921 12045 12048 12100 12305 12700 12963
4122 1514 2078 3297 3334 3461 3728 3747 3750 3773 3781 3789 4002 4772 5264
4123 241 684 1238 1626 1847 1891 3397 3512 3553 3950
4124 3346 10949 11304 11506 11688 12158
4125 2081 4888 8906 9243 12653 13082 13774 14532 15550
4126 7382 7663 8699 9177 10032 10033 10494 10495 12222
4127 19 44 106 162 503 507 796 869 1026 1406 1710 1806 1928 2773 2822 3080 3125 3340 3482 3744 3747 3983 4138 4217 4657 4775 6173 7341 9264 13955
4128 2470 4254 11034 12468 12714 13112 14162 15556 15636
4129 2875 3185 6771 11975 13019 13033 13851 13916
4130 1311 11305 12087 14424 14584 14628 14755 15043 15293 15494 16017 16665
4131 2 3 42 106 207 239 313 346 421 457 465 503 506 569 593 763 796 809 815 819 821 860 886 962 964 982 1020 1027 1132 1150 1190 1208 1336 1398 1483 1509 1563 1636 1690 1696 1726 1747 1800 1803 1804 1834 1871 1912 1998 2024 2068 2219 2335 2426 2510 2555 2621 2715 2727 2746 2780 2781 2782 2876 2915 2992 3034 3066 3089 3135 3245 3389 3401 3416 3417 3444 3538 3539 3631 3689 3691 3696 3852 3858 3893 3895 3909 3926 4030 4031 4038 4174 4206 4291 4309 4403 4421 4580 4611 5050 5079 5114 5164 5165 5259 5265 5385 5466 5485 5498 5542 5579 5825 5831 5912 5998 6054 6062 6147 6216 6232 6343 6443 6586 6738 6805 9828
4132 2623 4188 5007 5094 6747 7901 10754 15382
4133 347 1319 3179 4665 4989 5068 5536 5980 6124
4134 6071 8426 8440 9624 10306 10580 10894 11258 12390 13214
4135 71 169 178 1404 2533 3789 5463 9498 9932 10865 13153 17086
4136 177 1728 1770 4786 5317 5327 6071 6588 6925 7547 7667 7734 8290 8525 16396
4137 10 159 504 966 1095 1579 1609 2747 2987 3322 3333 3358 4434 5345 6856 6893 6913 8254 8936 9243 9552 9687 9816 10329 11031 11034 11393 11748 11879 11924 11925 12142 12548 13533 14988 15213 15870 16061 16197 16230 16265 16352 16415 16595 16822 16854
4138 148 325 326 1857 1928 2379 2447 2825 3133 3382 3733 3734 4195 4291 4293 4621 4795 4867 4958 4966 4967 5264 5282 5316 5799 5998
4139 323 2465 2656 3090 3547 3769 4875 5305 5450 6011 6801 7370 7604 8063 8307 8666 9488 9545 10300 10549 10876 11902 12351 13295 13794 14931 15294 15594
4140 24 3741 4772 8854 10289 14390 16048
4141 5072 5283 7682 7696 8020 9165 9583
4142 127 499 543 805 1856 1911 2074 2221 2222 2462 2560 2597 2728 3140 3978 5317 5651 5835 6193 7592 10426 14525
4143 1481 4353 9587 12963 13477 16354
4144 8 19 48 71 77 106 126 176 177 210 215 240 241 265 287 298 310 329 453 503 507 523 563 571 572 588 594 611 687 708 715 733 788 805 865 874 896 1036 1059 1092 1169 1191 1283 1380 1415 1454 1493 1636 1710 1746 1799 1904 1931 1939 1954 1981 1985 2000 2054 2085 2100 2101 2201 2240 2261 2363 2364 2401 2414 2420 2421 2434 2440 2451 2464 2560 2627 2647 2851 2902 2985 3005 3268 3280 3336 3340 3419 3427 3526 3563 3636 3684 3689 3691 3695 3758 3768 3829 3871 4074 4138 4170 4171 4185 4244 4262 4265 4285 4291 4318 4330 4338 4399 4448 4470 4504 4633 4669 4670 4671 4682 4737 4772 4776 4777 4805 4806 4808 4846 5065 5109 5148 5235 5276 5327 5396 5405 5553 5564 5583 5598 5723 5767 5791 5793 5816 5898 5899 5998 6047 6062 6082 6103 6118 6150 6159 6169 6173 6207 6269 6286 6425 6532 6537 6595 6677 6679 6684 6737 6834 6911 6925 7017 7030 7257 7293 7294 7371 7480 7521 7535 7547 7660 7728 7749 7785 7808 7901 8186 8235 8351 8423 8525 8854 9146 9264 9475 9476 9556 9629 9684 10076 10155 10702 11115 11171 11216 11221 11258 11432 11550 11685 12252 12418 12576 12579 12729 12917 12933 13060 13154 13405 13435 13643 13872 14038 14074 14203 14341 14498 14566 15748 15908 16733 16873 16962 17052
4145 8058 10950 13451 14195
4146 472 478 688 916 1622 3430 6135 6391 7978 8456 9561 11614 11761 15862 15931 17102
4147 69 216 1349 1382 1614 1872 3691 4402 5508 8870 9666 11221 11346 12408 12433 13050 13148 13255 14283 14382 14561 17088
4148 4342 5028 5547 8498 9346 9553 9646 10406 11391 11630
4149 458 511 1128 7134 8428 8577 9508 9638 10224 11425
4150 106 608 1609 1770 3175 3690 5773 7552 8262 10801 10920 11404 12548 12795 13344 13565 13800 14120 14422 14457 14718 14736 14791 15249
4151 322 1685 2028 3133 4122 4293 4658 4659 5017 5276 5294 5374 5403 5405 5471 5503 5580 5582 5729 5783 5793 5801 5823 5851 5921 5928
4152 691 1888 1918 2233 5044 9020 11536 11667 12316 12351 12652 13224 13235 13329 13674 13675 14240 14433 14744 14897 14940 15471 16132
4153 331 3326 5504 9629 10423 12067 12068 12088 12340 12358 12359 12468 12579 12819 13282 14153 14701 14859 15153 16353
4154 107 502 641 1579 1949 2554 2973 2978 3068 3271 3332 3683 4390 5481 5801 6846 7246 8440 10300 11393 11539 12403 12937 13103 13228 13334 13829 13869 13870 13874 14261 14263 14264 14435 14538 14547 14677 14682 14701 14708 14820 14864 14872 14875 14886 14890 14905 15336 15571 15594 15745 15795 15813 15879 15931 15994 16388 16463 16836
4155 2207 7269 7920 7953 9305 10956 12338 12360 13277 14237 14820
4156 7823 8049 9093 9163 9555 11219 11380 12508 13226 14494 14496 15140
4157 243 257 549 887 1938 2408 2719 2720 2721 2724 2804 5640 5641 6314 6315 8490 9444 11829 11950
4158 176 503 863 1128 1865 3191 3773 4022 4293 4330 4402 4436 5492 5568 5831 6257 6759 6894 7324 7990 8022 8235 8298 8525 8559 9136 9800 10086 10672 12579 13314 16350 16387 17095
4159 11494 11688 13314 13885 14189 14216 15564 15579 15914 15917 15988 16224
4160 394 4044 4172 6051 6332 7578 8732 9566 12794 13211 13735 15733 16187 16655 16762 16763 16836 16846
4161 1349 2140 3794 6472 7315 11326 11614 12406 16703
4162 19 70 93 169 240 247 298 331 689 866 1349 1699 1751 1770 1912 2150 2418 2419 2420 2421 2475 2656 2715 2725 3035 3329 3334 3382 3447 3684 3688 3788 3801 4038 4170 4171 4178 4244 4305 4318 4321 4370 4490 4561 4571 4639 4669 4670 4747 4836 4893 4980 5123 5226 5327 5387 5553 5580 5615 5779 5783 6180 6215 6265 6413 6446 6512 6555 6575 6652 6809 6836 6879 6888 6909 7001 7035 7118 7174 7288 7355 7565 7608 7664 7694 7695 7724 7878 8056 8107 8179 8189 8376 8429 8592 8736 8782 8849 8865 9092 9097 9247 9264 9325 9458 9515 9583 9597 9625 9712 9827 9989 10005 10017 10020 10066 10083 10135 10154 10158 10183 10219 10243 10321 10326 10373 10558 10570 10575 10627 10672 10715 10736 10764 10784 10786 10939 11168 11295 11607 11755 12142 12318 12359 12387 12819 12986 13535 14431 16409 16873 16883 16937
4163 89 3322 3684 4138 4250 4370 4371 8498 9468
4164 26 1237 2360 3803 12379 13311
4165 24 193 216 307 309 509 524 590 806 889 921 1525 1678 1846 2025 2142 2178 2251 2294 2906 2926 3583 3637 3831 3870 4029 4249 4450 4762 5255 5590 5696 6030 7204 7562 7599 8426 10580 10715 10778 11163 11193 11885 12839 14960 15595 15870 16048 16781
4166 12007 12114 14223 14384 15743 15885 16048 16148 16193
4167 686 863 5079 12563 13664 15250 15600
4168 3039 4617 5254 5899 6079 6531 7431 8578 9990 10069 11329 12745 12837 14223 14637 15075 15227 15610 15755 16138 16164 16969 16972
4169 374 541 697 751 1271 2973 4205 4381 5556 5695 6638 9421 9805 10008 12959 13515 14999 15886 16318 16400 16544
4170 250 507 823 882 1065 1325 3631 3856 5710 7460 12318
4171 322 796 914 4151 5819
4172 914 1149 1475 2806 6429 6818 8137 11022 11086 15659
4173 89 1409 3591 3969 7714 10372 13527 14043 14626
4174 95 319 891 1083 1274 1314 1574 2230 2698 3023 3298 3399 3763 4291 4317 4320 4641 5998 6028 6557 7454 7595 8148 10483 10534 11432 11983 12759 12805 13159 13490 13707 14062
4175 10 2236 2725 3945 4669 4670 4671 5731 6076 6203 6399 7724 7753 9369 9465 11902 12783 13188 13443 13768 13884 13885 14225 14399 14543 14547 14664 14776 14934 15315 15462 15605 15768 15914 15917 15943 15988 16419 16858
4176 89 1916 1937 2161 2505 3522 3914 4265 4368 5296 5759 6267 7024 7405 7497 7772 8281 10155 10156 10339 10590 10854 11125 12306 13631 15898 16338
4177 1446 4371 8498 10155 10156 12579 13253 14380 14708
4178 2806 3636 4108 5378 5991 6432 6591 7185 8103 9108 9186 10259 12743 12809 13434 13661 13736 13933
4179 47 298 3323 3340 5180 8346 8399 9468 9928 10258 10542 10650 10655 11404 11555 12796 13003 13565 13934 14843 16025 17026
4180 161 546 2644 3299 5186 10231 10389 10827 11245 13391 14305 14928 16648 16797
4181 995 1135 1178 1214 1368 1627 2083 3357 6092 6956 7560 7678 9828 11073 11340 11782 13581 15599 16627 16763
4182 236 2296 2413 4268 7950 8136 8411 14099 14861 16454
4183 801 1260 1349 2976 4385 4463 4857 6638 7197 8084 8300 9786 10389 11393 12867
4184 3377 4138 4401 6187 9108 10772 10994 11220 11490 11506 11925 12330 12350 13314 14545
4185 26 598 3851 5731 9003 13442 15954
4186 44 163 201 1426 1683 2454 3058 3397 4874 7119 9151 9253 9922 11682 12437 13509 13661 14315 14899 15107 15298
4187 3071 5722 5973 6057 10754 11790 12130 13585 14959
4188 176 3297 8235 9508 10041 15857 15914 15917 15988 16133 16350 16387 16971
4189 553 1036 1928 2451 2514 3940 4674 4786 5067 5079 5515 5813 5829 5843 6425 8525 11256 16396
4190 384 1480 1606 1683 3330 3642 4205 5266 5799 8778 8790 9234 9559 9863 10156 10387 10542 10994 12067 12138 12867 13314 13683 13818 16343 16666 16984
4191 669 2621 4232 5245 7864 15611
4192 191 1131 1868 1899 2168 2469 3333 4084 4085 4501 4601 4993 5141 6187 6820 7443 7678 7790 8412 9234 9989 10041 10956 11174 11319 11397 12146 12286 12306 12468 12541 12608 12819 13000 13246 13249 13267 13363 13365 13470 13654 13660 13705 13804 13817 14035 14088 14209 14341 14462 14477 14550 14711 14745 14751 14773 14832 15022 15247 15274 15376 15496 15522 15850 15851 15885 15906 16228 16350 16387 16438 16759 16802 16984
4193 600 965 1830 2249 2250 2571 4614 4639 4670 5432 7056 7548 7671 8851 8951 10086 10363 13039 13789 14382 14545 14614 16364 16579 16727
4194 782 2276 10380 11049 11460 13164 13353 13364 13516 13687 14036 14037 14442 14611 14735 15257 15403 15630 15710
4195 19 86 241 329 1178 1188 1308 1614 1772 2100 2101 2102 2497 2548 2644 2700 3126 3174 3185 3573 4182 5275 5327 5525 5553 6103 6157 6728 7262 7301 7304 7340 7502 9212 9234 9264 9384 10013 10086 10199 10866 12795 12819 13314 16496 16984
4196 985 1091 1252 1775 1979 2055 2450 2599 2874 3429 3991 4170 4505 6197 6361 7141 7816 8689 9441 9739 10264 10266 10267 10317 10546 10598 10900 11511 11946 12142 12461 12612 13092 13425 13551 13774 13860 14243 14838 14937 14992 16916
4197 1989 4359 5642 7516 9271 12442 14518 17007
4198 48 139 367 1931 2673 3080 3235
4199 133 161 253 713 1728 2551 4889 7728
4200 713 989 2097 3249 4363 6408 6442 6881 7221 8426 9624 9625 10580 10894 11031 11044 11045 11539 11923 12372 12622 12784 12942 13082 14804 14988 16538 16967
4201 106 277 304 452 2010 2026 2264 2442 2464 2560 2742 2922 2927 2963 2985 3840 4217 4362 5173 5925 7358 7679 7740 7773 7808 7874 8184 8216 8287 8690 8792 8857 9101 9324 9485 9508 9552 9958 10393 10521 10522 10611 10663 10668 10822 10838 10873 10954 11368 11410 11503 11553 11761 11781 11830 11956 12002 12070 12146 12151 12167 12266 12304 12306 12408 12433 12463 12536 12563 12610 12613 12629 12662 12752 12776 12840 12978 13050 13089 13153 13244 13258 13259 13274 13333 13362 13436 13470 13556 13573 13657 13668 13671 13701 13704 13783 13810 13817 13820 13829 13840 13904 13928 13947 13990 14054 14199 14203 14261 14283 14341 14374 14405 14473 14491 14565 14566 14834 14875 14958 14982 15089 15175 15204 15342 15509 15530 15611 15722 15782 15813 15931 15934 15965 15999 16003 16125 16130 16155 16160 16161 16184 16186 16206 16222 16234 16241 16242 16275 16282 16305 16329 16342 16381 16404 16441 16452 16481 16491 16503 16504 16522 16526 16538 16554 16555 16605 16641 16655 16669 16676 16746 16768 16852 16853 16868 16895 16901 16941 16981 16982 17009 17011 17037 17108
4202 363 2178 3024 4936 5677 6984 9369 9476 11149 12785 14224 14351 14352 15212 15482 15533 16794
4203 2168 2469 9361 9751 12727 14321 14467 14830
4204 207 625 941 3282 3685 4349 4524 5100 5356 5493 5620 5830 6526 7111 7878 8206 8217 8242 8493 8683 9118 9234 9801 9973 10131 11157 11190 11491 11506 11571 11597 11606 12466 12485 12625 12738 13230 13533 13689 13721 14897 15037 15742 15817 15901 16270 16946 16984
4205 1232 2095 3109 3211 3255 3633 3645 4133 5178 5611 6041 6676 7657 9638 10593 10770 11678 11938 12475 13283 14879
4206 172 266 855 1167 1680 1999 2164 2308 2381 2454 2626 2786 3324 4381 4442 4569 5026 5112 5450 6011 6757 6801 6821 7654 8084 9686 10213 10228 10258 10284 10300 10390 10542 10838 10854 10947 10951 11070 11072 11189 11253 11303 11766 11817 12247 12568 12652 16998
4207 49 188 796 1394 1736 1770 2249 2250 2400 2494 2944 3070 3073 3820 4238 4244 4274 4281 4295 4415 4606 4766 5114 5327 5517 5819 5830 5853 5923 6050 6654 6714 6742 6900 6998 16703
4208 303 907 1899 1937 2474 2571 3257 3282 3293 5204 5276 5666 5784 5847 8791 9627 9629 10711 11088 12067 13283 14189 14786 14792
4209 308 799 2156 2440 3807 4074 6595 6900 7940 9631 10075 10819
4210 5418 14685 15263 15298 15707 15870 16031
4211 5696 6814 10212 10509 11256 11496 12838 14265 15196
4212 33 424 608 611 1848 2154 2848 15261 16684
4213 106 179 677 1454 1614 1686 2377 2942 3080 3332 3338 3493 4254 4277 5023 6408 8303 9382 10849 11216 11813 12020 12576 13314 14216 14949 15795 16358 16926
4214 511 4122 6474 8069 8132 8548 10593 10699 11165 12116 12360 12837 13277
4215 561 1573 1766 2139 2860 4522 5519 6375 7782 10853 10862 12308 14039 16017
4216 534 934 2602 3389 5115 5922 6958
4217 3238 6593 6935 7429 8636 9124 12874 14219
4218 194 272 2242 9675 11139 11282 12067 12948 13438 14490 16048
4219 3417 8191 11262 13843 14985 16351 16762 16796 16935
4220 87 106 1363 1401 1631 1666 2291 2752 3533 4555 6292 9508 10389 10445 12448 13522 13979 16790
4221 2901 4055 9200 9629 10076 10268 10599 11932 12576 13230 13461 13673 13885 14399 14463 14582 14586 14751 15605 15914 15917 15988 16733
4222 11398 12067 12068 14489 14701 16063 16668
4223 8241 9159 9917 10056 11205 12879 14494 14495
4224 316 5781 8152 9615 10215 11992 12117 12245 12247 12255 12303 13257 13319 14296 14302 14303 14304 14426 17084
4225 2905 5350 10397 11217 12214 12323 13413 14264 15192 15392 15397
4226 194 3620 3769 3981 4576 5327 8275
4227 717 1382 2497 3225 4264 8732 9720 13767 14396 14698 14815
4228 1600 10375 10542 11488 12739 13277 13409 13488 13989 14077 14724 15008 15205 16683 16969 16973
4229 511 921 975 1416 2901 3468 4177 5242 7201 7210 10462 11115 11380 11707 12260 12376 12579
4230 1909 7356 7724 8795 8916 13256 13292 14924 16173 16257
4231 393 2392 2571 3332 3443 5509 7083 8051 8905 9410 9629 9979 10239 11039 12732 12733 13230 13314 13865 14133 14643 15205 15580 16133 16790 16972
4232 178 611 955 2995 3478 4349 4599 7751 8658 10779 10783 10833 11079 11491 11732 11943 11973
4233 5679 7537 9214 9930 10820 11291 11653 11729 12326 12392 12605 12608 13361 14512
4234 7217 8015 9253 11057 12696 14261 15441 15885
4235 169 390 434 2030 2140 3343 3350 4498 6638 7876 10752 11184 11393 11687 12562 12608 12622 13058 14264 14637 14792 16048
4236 989 1977 2134 3392 3640 3748 4013 4702 4734 5318 9040 9629
4237 278 1899 4371 5327 5799 6803 7029 7579 8498 9559 9629 10155 10156 10241 11349 11620 11948 12067 12451 12948 13233 13409 13660 13885 14637 14751 14792 15646 15768 15857 16021 16227 16419 16444 16666 16680 16784 16900 16946 16969 17107
4238 71 333 372 660 735 756 796 2152 2680 2943 3102 3186 3334 3480 3672 3680 3717 3738 3768 4210 4257 4268 4460 4593 4597 4630 4752 4802 5203 5221 5264 5303 5317 5388 5436 5482 5586 6038 6071 6302 6794 6916 7044 7179 7367
4239 25 241 2147 2490 2679 3058 3690 3772 4039 4062 4138 4151 4216 4260 4572 4807 4874 6786 7187
4240 884 2326 2622 4433 7000 8606 11385 11394 11966 12086 12161 12426 12611 12749 13787 13880 14001 14120 14143 15099 15255 15542 16057 16362
4241 893 7761 11851 12232 12801 13723
4242 113 1937 2264 2448 5985 8084 8334 8583 9274 10130 10257 10389 10391 10731 10752 11500 12029 12242 12247 13580 14002 14297 14347 14808 15314 15520 16101 16428 16474 16601 16639 16740 16798
4243 4587 5822 7361 11182 11205 12355 14968 15591 16321
4244 1640 2705 5533 5926 5927 8262 9633 11167 12352 14209 15715 15898
4245 863 3259 3684 4170 4171 4786 4861 5696 6059 6061 6240 6804 7364 7936 8650 9560 10393 11751 12579 13104 13249 13376 13438 14038 14167 14384 14611 14669 14977 15006 15207 15822 16233 16253 16396 16409 16479 16685 16883
4246 159 995 2140 2634 3333 4392 5894 7610 8093 8290 8898 8971 8981 9613 9985 11432 12150 12254 12350 12721 12812 15153 15495
4247 1 69 717 1197 1382 1639 1877 2054 2497 2540 2597 4813 8933 10771 12971 13769 14897 15566 15743 16286
4248 2072 2175 2822 3202 3209 3820 4265 4277 5739 6906 7044 7381 7612
4249 1180 4916 5019 5020 5549 7075
4250 175 655 3278 3881 4465 9637 10289 12539 13954
4251 180 360 1710 2488 3443 5838 6181 10239 16018
4252 77 216 493 1191 1268 1376 2099 3338 4171 5667 6630 16409 16883 17040
4253 607 652 869 1197 1928 2453 2988 3340 3633 3657 3727 3846 3978 4257 4258 4530 4740 4891 5056 5471 5697 5704 5999 6150 6725 7059 7188 7324 7411 7606 8100 8212 8692 8810 9148 9153 9577 9705 9752
4254 394 4271 4272 5304 5598 7243 7381 10661
4255 216 360 3339 7754 8853 15400 15401
4256 207 2430 2728 2901 4129 4412 5458 5726 7356
4257 20 68 116 239 249 280 308 338 381 580 728 1128 1236 1334 1377 1476 1497 1530 1599 1700 1749 1923 1931 2049 2074 2257 2260 2414 2529 2558 2585 2868 3065 3085 3119 3273 3275 3288 3636 3728 3833 3885 3925 4118 4202 4354 4355 4362 4363 4367 4371 4383 4387 4398 4447 4612 4784 5001 5165 5175 5255 5277 5564 5765 5990 6009 6124 6392 6719 6760 6816 6841 6999 7139 7536 7562 8071 8143 8150 8232 8425 8482 8509 8718 8743 8746
4258 0 542 817 968 3803 4419 5017 5460 6536 6881 7292 7390 9028 9552 10136 11309 11380 11696 14889 15213
4259 4165 5007 5696 6000 10147 11555 12916 13046 14077 14857 15914 15988
4260 161 179 248 516 523 558 723 2490 2809 2995 3228 3363 3972 3993 4188 4367 5178 5638 6487 6600 6814 6982 7414 8036 8207 8361 8712 9574 9695 9843 10320 10539 10646 10805 11051 11872 12875 12978 13097 13160 13308 15246 17076
4261 309 881 919 2401 3095 4370 4387 5466 5875 7387 9918 10117
4262 1197 2392 2945 4756 5702 6678 7072 7342 7788 8332 12792 14472 16059 16060 16084 16275 16457 16562 16619
4263 510 710 1882 2058 2325 3554 6268
4264 239 2166 2315 2655 2705 3748 5009 5799 6386 7806 9800 10799 10854 11489 16668
4265 8296 9040 11051 11273 12328 12331 13113 13897
4266 298 2698 3332 3768 4189 6803 8452 9508 10659 10854 12468 15398 16275
4267 13744 15055 15207 15790
4268 19 21 33 49 89 97 112 161 177 194 199 223 241 253 266 284 298 312 433 437 460 499 511 514 515 518 588 590 593 598 611 641 692 755 798 890 989 1022 1091 1098 1178 1186 1214 1285 1286 1318 1319 1320 1323 1390 1579 1600 1601 1603 1738 1768 1960 1973 1981 2039 2115 2117 2236 2310 2320 2347 2391 2415 2496 2538 2806 2901 3164 3174 3391 3395 3579 3580 3586 3605 3672 3803 3817 3866 3938 3969 4021 4407 4465 4488 4504 4707 5195 5209 5227 5475 6372 6554 6654 6786 6812 6831 7366 7724 7959 8090 8348 8497 8859 8916 9004 9205 9208 9264 9626 9801 10199 10241 11071 11189 11570 12082 12090 12252 12329 12682 13230 13433 13621 13866 13872 13893 14515 14896 14936 15025 15084 15160 15192 15244 15416 15454 15477 15523 15663 16099 16131 16135 16270 16275 16377 16517 16533 16544 16608 16620 16718 16761 16801 16907 16972 16975 17027
4269 732 915 1311 1349 2467 6196 16854
4270 106 242 1063 1279 1454 2490 2632 3627 4033 9442 10773 10802 12251 12354 13028 13306 13894 14396 15184 15203 16945
4271 328 565 1990 2758 3309 3602 4260 5813 8275 13643 14886 14960 16321 16350 16387 16529
4272 328 949 1030 2178 3306 3307 3581 3586 3622 3626 3664 3830 4428 4889 5991 6097
4273 310 503 590 4093 4188 4293 4530 4786 5094 5282 5696 6416 6571 7137 7797 9712 10585 10837 11380 14382 14616 16396
4274 720 988 1868 2085 2762 3014 3186 3322 3718 4171 4276 4302 4318 4330 4361 4362 4379 4392 4397 4399 5397 5417 5493 5712 5784 5830 5990 6312 6663 6695 8071 8360 8854 9075 9381 10153 10155 10156 10260 10346 10542 10933 10994 11157 11168 11215 11276 11391 11490 11662 11735 11891 12203 12304 12408 12662 13153 13314 14258 14261 14361 14382 14685 14688 14708 14773 16368 16409 16883
4275 1186 1977 2629 3049 6673 7672 10334 10583 12579 13192 13334 14038 14482 14558 14626 14798 15282 15321 16269 16451 16486 16502 16876
4276 3922 5127 6249 6972 9772 13913
4277 261 298 867 4244 5963 6144 6730 6896 7716 8488 9029 9649 11916
4278 33 49 129 149 150 175 179 183 184 190 233 256 261 476 499 511 514 523 528 567 568 582 588 608 635 717 723 800 892 1107 1169 1470 1768 1804 1836 2081 2119 2166 2217 2234 2496 2497 2505 2530 2597 2628 2677 2948 3160 3382 3388 3640 3829 3852 3903 4228 4265 4308 4317 4330 4368 4504 4603 4802 5367 5638 5799 5839 6174 6179 6312 6654 7356 7533 7547 8418 8429 8525 9475 10505 10593 10636 11421 11536 12252 12326 12428 12475 12649 13076 13263 13493 13660 14216 14263 14698 14708
4279 15 1107 2221 2222 2449 3568 8892 15025 15693 16317
4280 7 59 105 194 236 254 264 310 329 503 519 593 826 891 892 1212 1614 1636 1686 1750 1796 1836 1868 1985 2101 2115 2261 2391 2542 2759 2830 2903 3275 3340 3341 3403 3690 3691 3747 4170 4171 4265 4266 4288 4317 4318 4340 4362 4379 4399 4400 4625 4714 4836 5051 5079 5245 5351 5444 5498 5579 5590 5831 5867 5894 5990 6067 6101 6147 6231 6663 6945 7114 7547 7552 7612 7614 7996 8305 8614 8705 9316 9341 9508 9666 10289 14088 14831 16161 16409 16873 16883
4281 546 3664 4237 5073 5435 5887 5904 11605
4282 6503 6648 7135 10500 10927 11009 11073 13121 13654 14620 16903
4283 6240 6683 14907 15550 15869 16001
4284 0 264 662 878 4106 6823 6944 8230 8466 10616 11214 12314 12829 13257 14368 15506 16851 17097
4285 273 2825 3178 4148 4628 4776 4777 6766 7167 7643 8012 8678 8921 9653 10152 11832 12139 13409 14493 14538 14693 14744 15298 16947
4286 33 34 48 86 112 131 148 149 175 176 253 256 259 263 277 362 408 447 451 528 592 594 625 631 674 714 738 857 865 882 949 951 967 1191 1316 1329 1416 1605 1699 1768 1772 1865 1891 1920 1973 1977 1981 2053 2176 2180 2231 2353 2429 2430 2482 2490 2509 2522 2726 2784 2935 2941 2944 2959 3129 3137 3230 3231 3268 3289 3559 3654 3673 3872 4069 4095 4129 4265 4382 4392 4407 4860 5155 5708 5799 5839 5869 6812 6993 7356 8235 9626 9656 10897 10990 11739 12085 12563 13429 13621 13695 13789 14314 14317 14322 14529 14734 14996 15160 15242 15352 15462 15466 15477 15502 15504 15564 15621 15748 15922 15923 15956 16377 16530 16533 17047
4287 20 174 213 219 858 1095 1357 1376 1496 1520 1926 2145 2240 2283 2342 2483 2585 3013 3526 3538 4101 4259 5255 7257 8835 9288 10428 10745 11646 12468 13541 14261 15089 15267 15288 15389 15931 17044
4288 52 139 677 2002 2168 2469 2927 3699 3730 3870 4130 4175 4213 4252 4585 4678 5968
4289 726 989 1738 2297 5703 9907 10646 11756 12342 13514 14290 15465
4290 3664 3768 3773 3782 3966 4174 4187 4244 4490 4577 4776 4777 4863 5235 5816 9884
4291 140 6071 8290 9848 9901 11168 11507 11888 12004 12305 13744 15298 15863 15989
4292 95 514 1481 7084 7927 8786 10015 16024
4293 86 112 145 159 234 254 278 367 509 775 943 1380 1441 1768 2249 2250 2502 2912 2913 3337 3460 3665 3680 3684 3846 3966 4093 4143 4170 4171 4203 4260 4324 4402 4665 4863 5282 5427 5496 5584 5725 5906 6128 6326 6386 6395 6803 7044 7356 7547 7579 7612 7656 7916 8525 9093 9200
4294 143 153 181 769 1204 1406 1740 1751 1955 1991 2007 2207 2377 2490 2818 2859 3084 3097 3151 3154 3194 3312 3565 3991 4052 4340 4503 4760 4763 4936 5504 5684 6307 6439 6499 6567 6916 7348 7428 7581 8105 8255 8760 9170 9305 9311 9606 9629 9633 9726 9801 9991 10021 10120 10124 10133 10156 10157 10311 10325 10560 10616 10620 10636 10692 10715 10771 10779 10780 10783 10790 10933 10994 11009 11071 11079 11084 11088 11167 11169 11171 11177 11216 11217 11218 11391 11395 11403 11419 11421 11477 11489 11491 11495 11496 11499 11503 11504 11510 11539 11556 11575 11614 11620 11628 11630 11635 11662 11668 11682 11707 11745 11747 11767 11831 11837 11889 11891 11894 11943 11948 12017 12025 12059 12067 12068 12070 12152 12188 12189 12193 12202 12203 12209 12243 12250 12252 12260 12287 12309 12321 12345 12360 12403 12406 12408 12436 12451 12468 12470 12532 12536 12617 12650 12660 12667 12675 12712 12713 12719 12739 12819 12828 12886 12925 12944 12945 12996 13030 13097 13116 13153 13220 13225 13228 13229 13230 13268 13277 13282 13310 13311 13314 13330 13412 13492 13494 13500 13503 13509 13539 13656 13673 13675 13780 13818 13829 13869 13884 13898 13907 14015 14056 14081 14099 14174 14192 14193 14237 14258 14261 14264 14282 14284 14331 14354 14360 14376 14393 14461 14462 14566 14596 14616 14637 14679 14701 14773 14820 14845 14852 14864 14875 14885 14917 14924 14928 14940 14950 15096 15153 15178 15182 15195 15212 15263 15298 15327 15356 15392 15397 15524 15552 15556 15564 15565 15622 15657 15678 15741 15745 15772 15783 15788 15795 15857 15862 15865 15870 15879 15885 15911 15937 15951 15967 15970 15994 15996 16005 16010 16021 16031 16061 16139 16148 16193 16212 16239 16327 16340 16341 16350 16351 16353 16363 16371 16387 16419 16471 16477 16494 16564 16567 16573 16586 16632 16655 16664 16701 16713 16724 16727 16737 16746 16757 16774 16807 16825 16842 16846 16854 16909 16918 16955 16972 17033 17051 17102
4295 2484 6161 7232 7512 8649
4296 600 682 1025 1130 1178 1187 1920 2077 2360 3042 3158 3624 3782 3903 4174 5062 5128 5367 5536 6059 6856 6953 7284 7964 8137 8424 8630 8760 9210 9248 9659 9801 10015 10221 10231 10422 10507 10583 10729 10767 10854 10965 11276 11515 11626 11925 12057 12206 12207 12403 12869 16270
4297 51 89 401 805 964 1387 1678 1991 2542 3322 3329 3338 3340 3606 3679 3684 4092 4170 4171 4250 4606 4678 4880 4898 5029 5493 6067 6738 7295 8933 9162 9273 9689 10933 15768 16409 16754 16883
4298 204 309 512 580 709 1271 2168 2299 2469 3334 3338 3608 3637 3684 3773 4171 4217 4218 4244 4347 4361 4521 5121 5481 5590 5725 5906 6793 9200 10432 14077 16368 16409 16849 16883
4299 1005 4200 5580 5783 8587 9426 10329 10815 11125 11748 13389 13680 13787
4300 588 2401 3670 3832 3875 4504 12184 13529
4301 195 239 289 412 547 563 710 1486 1638 1773 1790 2119 3015 3050 3057 3114 4150 4218 4985 5260 5831 6822 7888 9301 10819 12853 13895 14286
4302 979 2544 3092 3513 3761 6866 10259 10570 12537 13842 15488 15809
4303 404 2182 2251 2797 3273 4118 5200 5627 7378 11314 11783
4304 5008 10010 11545 12610 14022
4305 3595 4833 5988 7091 12083 12461 13420 13425 15588 16846
4306 1525 6212 8218 10260 14659 16670 16968 17095
4307 176 2235 2944 3083 3723 4360 5583 5804 5844 5850 5852 6731 8235 8795 8973 9644 9835 10086 10783 10833 11166 11349 11423 11506 11539 11613 12223 12353 13201 13314 13630 14081 14751 15788 15914 15917 15988
4308 871 3144 4235 7675 12832 13848 14412
4309 432 9802 14489 16967
4310 3306 3307 3537 6917 11387 13503 13814 15140 15512
4311 1229 3331 4332 6113 6306 7173 7506 7507 7662 7818 7842 8329 8462 8629 8876 9428 9434 9440 9741 10087 11029 12149 14195
4312 179 235 747 841 887 1091 1446 1555 1737 2016 2296 2405 2407 2574 2640 2723 3411 3447 3649 3725 3748 3825 4395 4402 4488 4516 4572 4882 4993 5493 5708 5740 5836 6046 6144 6187 6366 6369 6709 6828 7022 7418 7633 7690 7716 8091 8488 8573 8612 9029 9200 9203 9447 9500 9640 9649 10022 10040 10060 10081 10118 10216 10227 10378 10641 10674 10880 10957 10999 11022 11023 11025 11215 11397 11445 11477 11536 11560 11573 11630 11651 11831 12020 12362 12365 12608 12649 12760 12945 12992 13076 13220 13235 13326 13329 13398 13503 13538 13688 13689 13758 13773 13815 13824 13877 13884 13907 13963 14057 14080 14083 14274 14281 14332 14349 14477 14631 14769 14792 14796 15189 15263 15267 15455 15523 15579 15676 15754 15768 15817 15910 15948 15967 16031 16088 16195 16224 16348 16367 16388 16428 16531 16580 16608 16781 16818 16881 16886
4313 19 176 310 575 866 1050 2102 3382 3748 4318 4366 5547 6386 8235 9264
4314 177 3945 9590 10213 11531 11607 11626 11630 11636 12067 12252 12819 13114 13474 13497 13719 13730 14724 15153 16973
4315 536 1144 1282 1601 2907 3969 5435 5436 5437 7362 8829 15465 16178
4316 2590 8884 10229 13012 15564 15938
4317 2020 2508 3003 4186 4341 4379 4537 4678 5388 6067 7364 7562 7687 7970 8305 8425 8630 8633 8731 8792 9043 9614 9674 9874 10151 10161 10166 10222 10428 10775 11088 11510 11546 12042 12059 12360 12362 12610 12634 12648 12706 12766 13277 13296 13309 13412 13514 13705 13910 14406 14462 15171 15450 15591 15608 15760 15948 16097 16442 16659 16802 16914 16926 17051 17079 17092 17094 17095
4318 1454 2635 2637 4207 4388 6308 6769 7140 7314 7873 8130 11485 11613 12237 13228 13869 14419
4319 860 1128 1454 1710 7400 7403 7554 7934 9508
4320 830 868 1132 2986 3005 3100 3563 4268 6717
4321 0 106 320 550 840 1631 1639 1708 1767 1781 1921 2112 2734 3013 3023 3144 3171 3243 3369 3401 5644 6226 7099 8133 8197 8888 12089 12397 13644
4322 4170 4171 5079 5182 5406 5613 16409 16883
4323 468 1344 2067 4889 5558 5879 6392 7624 7888 8820 10412 11025 12070 12266 12485 14697
4324 811 813 1623 3484 4853 4882 5637 6778
4325 365 3382 3615 3976 4250 4291 4366 5212 5311 5998 6111 6599 7614 7821 8011 8293 8426 9032 9160 9213 9236 9624 9631 9832 9917 10011 10065 10151 10306 10521 10542 10580 10593 10646 10672 10713 10775 11376 11481 11690 11812 12190 12203 12360 12548 12608 12681 13277 13366 13904 14139 14165 15090 16955
4326 97 512 516 672 1105 2610 3468 4287 4776 8613 9722 10629 11631 11903 12491 12780 15781 16881
4327 21 116 179 197 248 514 572 606 636 1256 2161 2764 2886 2973 3482 3657 3688 3697 3741 3759 4221 4775 4912 5867 7056 7341 7356 7414 8665 10086 11869 12904 12953 13267 13282 13629 13665 15168 15707 15768 16353 16444 16552 16680 16784 16954 17095
4328 249 264 284 507 860 1050 2171 2656 2678 2679 2963 3110 3684 3724 3768 3769 4100 4188 4266 4293 4776 4777 5094 5292
4329 28 48 58 97 145 173 180 210 222 295 297 453 459 572 620 659 735 775 805 874 883 1100 1103 1199 1208 1224 1284 1344 1380 1450 1454 1524 1525 1572 1579 1609 1636 1666 1754 1895 1926 1973 2028 2182 2258 2262 2313 2364 2397 2404 2427 2455 2533 2621 2753 2990 3057 3061 3068 3074 3127 3166 3183 3228 3245 3264 3277 3288 3300 3302 3311 3391 3526 3583 3590 3670 3690 3691 3699 3706 3724 3727 3730 3733 3734 3741 3743 3744 3747 3755 3757 3769 3775 3782 3789 3807 3809 3846 3854 3938 3974 4006 4052 4056 4087 4101 4102 4112 4114 4143 4154 4161 4178 4188 4216 4342 4359 4421 4437 4489 4490 4509 4524 4561 4567 4585 4622 4675 4681 4703 4715 4717 4745 4772 4776 4777 4778 4795 4801 4805 4861 4888 4898 4921 5088 5213 5289 5457 5526 5552 5580 5610 5925 6009 6030 6175 6266 6544 6855 6906 7126 7257 7292 7446 7551 7658 7859 8015 8109 8174 8188 8213 8219 8498 8844 8857 8919 9019 9162 9243 9324 9435 9438 9458 9499 9624 9677 9678 9770 9800 10040 10076 10158 10170 10177 10183 10212 10246 10293 10336 10343 10396 10499 10564 10565 10580 10593 10595 10600 10633 10661 10665 10674 10683 10692 10713 10715 10734 10760 10761 10869 10893 10894 10938 11031 11033 11044 11116 11124 11127 11168 11171 11181 11202 11258 11308 11350 11380 11414 11562 11685 11708 11747 11781 11885 11919 11920 11924 11926 11929 12031 12042 12045 12055 12112 12160 12306 12315 12360 12372 12376 12408 12438 12466 12525 12582 12614 12648 12662 12775 12824 12839 12868 12933 12986 13059 13060 13153 13154 13158 13214 13250 13253 13277 13320 13353 13363 13364 13370 13506 13557 13643 13721 13751 13804 13810 13850 13912 13915 13931 13972 13982 14007 14035 14054 14176 14203 14211 14248 14283 14341 14370 14380 14484 14658 14773 14816 14820 14885 14888 14914 14987 15025 15207 15288 15341 15346 15661 15790 15850 15853 15863 15885 15932 15933 16041 16061 16113 16185 16197 16296 16319 16337 16602 16642 16668 16681 16817 16905 16992 17103 17109 17110
4330 114 869 1035 1526 1735 1836 2665 3169 3406 3482 4092 4243 4308 4775 5493 5784 6179 6374 7341 7612 9234 9801 10227 10542 10771 11424 11627 12996 13086 13230 13533 14382 14751 15446 15579 15914 15917 15988 16270 16984
4331 41 71 542 560 592 666 770 772 1481 1609 1632 1919 2463 2560 3397 3636 3870 4110 4129 4161 4198 4254 4606 4692 5133 5245 5487 5821 5927 6000 6108 6159 6933 8290 8854 9200 9561 10136 10158
4332 561 857 2076 2146 2185 2851 4081 4567 8228 11057 12474 15171 15881 16217
4333 197 242 1382 2995 3042 3254 3366 4384 9164 11088
4334 298 3329 3363 3824 4302 4657 4998 5124 5295 5347 5573 5748 5780 5873
4335 2447 8796 9234 9544 9626 9627 9759 9788 9800 10221 10311 10505 10542 11625 12331 12353 12354 12360 13156 13230 13233 13277 13314 13488 13509 13621 13894 14360 14698 15565 15733 16350 16387 16668 16858 16972 16984
4336 4056 4312 5886 7242 7540 7622 8019 8224 8304 10218 14530 14655 14860 15077 15951 16048
4337 502 1770 1771 2913 3281 4021 5325 7445 8855 13314 13869 14465
4338 106 2436 4044 10819 10854 11539 12621 14560
4339 176 537 788 1456 3333 7473 8235 15021 15050 15156
4340 726 1392 1960 3768 4138 4244 4250 4370 4818 5300 5553 6209 7110 7724 9563 9564 9689 10153 10155 10156 10279 10646 11391 12067 12068 12243 12714 13282 13295 15421 16353
4341 726 813 3264 4221 4380 5466 8028 8613 9079 9629 9936 10366 10674 10893 11262 12349
4342 1366 3202 3537 3640 3688 3695 3697 3703 3710 3731 3736 3748 3758 3768 3777 3971 4039
4343 81 152 211 287 336 423 511 514 590 628 642 662 752 839 863 903 904 917 1042 1127 1150 1251 1345 1385 1439 1488 1494 1554 1618 1673 1797 1873 1876 1898 2081 2196 2347 2486 2577 2669 2690 2696 2726 2879 3259 3286 3383 3448 3449 3465 3564 3840 3857 3905 3999 4322 4428 4616 4654 4786 5039 5120 5160 5238 5274 5318 5341 5393 5410 5451 5480 5550 5553 5554 5623 5824 5830 5887 5962 6046 6170 6189 6212 6401 6437 6514 6678 6713 6783 6800 6862 6870 6905 7072 7162 7285 7342 7383 7563 7637 7714 7837 7918 8161 8400 8422 8557 8838 9084 9220 9287 9319 9328 9350 9401 9449 9966 9970 10009 10042 10153 10180 10234 10256 10358 10797 10860 10892 10920 10979 10999 11008 11215 11506 11551 11639 11768 11842 11977 12087 12318 12324 12329 12353 12361 12511 12714 12913 13043 13065 13209 13217 13343 13496 13908 13946 13955 14224 14432 14545 14563 14677 14687 14912 14961 15289 15466 15468 15469 15531 15774 15778 15836 16284 16299 16348 16389 16396 16639 16762 16794 16797 16851 16856 16958 16963
4344 30 34 44 74 80 81 84 88 89 102 104 124 141 143 149 156 158 169 173 202 207 239 241 244 264 274 298 312 366 372 469 502 598 603 608 611 625 656 676 677 681 691 696 755 767 769 796 798 817 825 838 852 860 866 867 880 924 926 935 989 1034 1131 1199 1206 1279 1281 1290 1302 1318 1333 1364 1366 1388 1418 1446 1508 1526 1530 1569 1609 1620 1655 1683 1698 1706 1710 1719 1725 1738 1751 1767 1768 1771 1789 1836 1845 1859 1892 1910 1916 1921 1937 1942 1943 1953 1963 1977 1995 2010 2061 2077 2107 2110 2189 2246 2263 2264 2297 2308 2310 2339 2353 2360 2369 2381 2422 2442 2448 2470 2472 2491 2538 2634 2635 2637 2729 2777 2784 2791 2809 2827 2895 2909 2997 3002 3036 3058 3068 3080 3087 3091 3133 3169 3216 3254 3271 3274 3284 3285 3322 3324 3326 3327 3329 3331 3332 3333 3337 3338 3339 3340 3368 3397 3406 3407 3471 3493 3522 3568 3589 3612 3627 3634 3684 3688 3704 3709 3712 3714 3715 3718 3725 3726 3731 3758 3768 3769 3770 3777 3789 3805 3829 3939 3945 3957 3967 3971 4007 4011 4020 4039 4044 4064 4112 4122 4138 4152 4164 4168 4170 4171 4172 4180 4184 4207 4208 4219 4226 4228 4230 4231 4240 4241 4243 4244 4246 4250 4260 4265 4266 4272 4273 4279 4282 4283 4290 4293 4302 4303 4304 4312 4315 4321 4337 4338 4342 4347 4350 4351 4352 4357 4359 4365 4366 4368 4369 4370 4371 4378 4381 4384 4390 4402 4492 4558 4569 4661 4703 4719 4741 4747 4762 4763 4818 4826 4849 4853 4854 4867 4872 4874 4888 4920 4936 4966 4967 5013 5015 5021 5045 5079 5082 5093 5101 5135 5148 5176 5184 5194 5195 5220 5231 5232 5263 5272 5284 5292 5302 5318 5343 5389 5398 5421 5425 5467 5489 5504 5510 5517 5543 5574 5609 5614 5629 5712 5714 5716 5744 5761 5799 5800 5826 5853 5855 5877 5911 5916 5919 5963 5975 5981 5985 6002 6020 6046 6054 6085 6106 6123 6146 6170 6174 6187 6188 6211 6220 6238 6247 6272 6280 6303 6342 6386 6391 6393 6419 6451 6476 6495 6506 6539 6636 6643 6672 6694 6695 6701 6714 6716 6734 6765 6770 6779 6786 6796 6803 6816 6860 6884 6891 6900 6922 6976 6981 7060 7110 7119 7151 7152 7158 7167 7192 7198 7286 7301 7314 7363 7373 7390 7397 7403 7424 7431 7505 7509 7511 7513 7552 7554 7573 7574 7575 7576 7601 7614 7618 7643 7654 7672 7688 7759 7766 7776 7807 7839 7840 7879 7903 7910 7948 7957 7963 7973 7984 8019 8053 8054 8101 8113 8126 8192 8227 8270 8280 8292 8308 8321 8398 8427 8429 8439 8449 8450 8451 8468 8469 8492 8498 8512 8533 8548 8561 8567 8573 8583 8612 8613 8675 8676 8677 8698 8705 8725 8726 8728 8760 8794 8795 8796 8811 8854 8855 8871 8950 8951 8991 9006 9020 9081 9088 9108 9164 9178 9200 9215 9217 9232 9317 9363 9379 9381 9386 9397 9468 9473 9475 9544 9546 9558 9563 9564 9565 9566 9574 9579 9584 9625 9626 9629 9630 9633 9637 9674 9679 9687 9688 9689 9690 9714 9725 9736 9737 9762 9782 9795 9826 9849 9907 9974 10011 10012 10017 10022 10043 10055 10091 10140 10153 10155 10156 10159 10161 10194 10207 10213 10217 10227 10228 10258 10268 10274 10310 10322 10324 10365 10373 10384 10438 10455 10496 10542 10561 10620 10681 10728 10770 10771 10776 10777 10778 10779 10786 10789 10790 10791 10833 10853 10920 10939 10945 10952 10974 10976 10977 10990 10994 10999 11025 11027 11067 11070 11072 11079 11082 11087 11088 11090 11093 11094 11157 11166 11167 11168 11169 11201 11212 11213 11215 11216 11217 11218 11219 11234 11243 11247 11274 11275 11277 11297 11303 11345 11348 11390 11391 11395 11397 11399 11400 11412 11415 11419 11421 11423 11424 11432 11472 11475 11476 11477 11488 11489 11490 11491 11492 11493 11494 11495 11496 11502 11503 11506 11508 11509 11510 11516 11524 11532 11537 11538 11539 11545 11550 11560 11562 11563 11597 11613 11617 11618 11619 11621 11624 11626 11627 11628 11629 11630 11639 11647 11648 11667 11681 11682 11711 11714 11722 11732 11746 11772 11777 11796 11799 11817 11820 11837 11838 11839 11858 11891 11894 11905 11908 11911 11914 11919 11942 11948 11965 11973 11979 11991 12004 12008 12053 12054 12059 12062 12067 12068 12073 12121 12135 12164 12168 12170 12186 12195 12209 12211 12230 12234 12240 12252 12301 12308 12309 12312 12316 12317 12318 12319 12320 12321 12322 12324 12325 12326 12328 12329 12330 12333 12334 12335 12336 12338 12340 12341 12342 12343 12344 12345 12347 12348 12350 12352 12353 12354 12356 12357 12358 12359 12360 12361 12362 12365 12366 12387 12389 12408 12422 12436 12451 12470 12472 12475 12476 12478 12484 12508 12510 12566 12592 12622 12623 12626 12627 12649 12650 12652 12653 12654 12660 12672 12675 12686 12712 12714 12731 12735 12794 12806 12819 12836 12867 12923 12944 12963 12971 12972 12999 13003 13036 13053 13062 13063 13074 13076 13097 13113 13156 13165 13220 13221 13223 13224 13226 13228 13230 13232 13235 13236 13259 13277 13282 13314 13324 13326 13329 13330 13334 13373 13374 13410 13413 13430 13460 13471 13472 13474 13488 13492 13493 13500 13509 13514 13537 13567 13576 13586 13621 13640 13656 13660 13672 13673 13674 13675 13676 13677 13685 13695 13699 13731 13738 13760 13776 13780 13787 13812 13814 13815 13821 13822 13823 13824 13829 13832 13834 13869 13870 13871 13874 13884 13885 13894 13897 13900 13907 13910 13940 14014 14025 14045 14046 14056 14077 14089 14099 14100 14102 14129 14136 14153 14154 14155 14189 14216 14218 14236 14237 14255 14258 14261 14268 14276 14282 14292 14339 14360 14366 14382 14393 14398 14399 14415 14435 14462 14463 14465 14476 14536 14538 14545 14554 14559 14572 14573 14604 14621 14637 14639 14664 14667 14682 14698 14708 14718 14720 14724 14732 14751 14767 14773 14790 14792 14795 14841 14845 14846 14868 14872 14873 14927 14930 14931 14939 14940 14943 15014 15019 15041 15077 15104 15112 15140 15151 15195 15209 15212 15224 15239 15254 15255 15280 15332 15371 15372 15428 15499 15503 15514 15524 15531 15542 15555 15561 15564 15565 15566 15579 15586 15587 15599 15605 15632 15659 15694 15718 15733 15740 15743 15744 15745 15768 15769 15783 15795 15796 15842 15846 15862 15873 15876 15931 15946 15947 15948 15970 16021 16025 16083 16098 16123 16187 16192 16205 16224 16226 16230 16259 16275 16280 16281 16291 16300 16327 16344 16350 16353 16355 16383 16384 16387 16388 16409 16419 16428 16429 16432 16463 16464 16483 16539 16563 16565 16632 16667 16678 16707 16718 16734 16787 16822 16846 16848 16854 16857 16883 16887 16891 16946 16972 16973 16977 16998 17035 17046 17067 17076 17089 17101 17102
4345 508 1651 3125 3155 3983 5982 8124 8550
4346 1620 1789 1953 2367 3329 3684 4302 4661 6539 14108
4347 66 1130 1291 1366 2380 2648 3203 3885 4268 4552 4882 5072 5222
4348 2828 7334 7578 8290 10782 12306 13712 14331 14986 15974 16025 16052 16389 16611 16903
4349 3331 5430 10236 11034 11340 11500 12173 13072
4350 5921 6557 6635 6690 7026 7173 7400 7496 7660 8382 8454 8629 8983 9289 9330 9732 9733 9734 9735 9949 10265 10329 11455 11457 11748 12149 12525 13249 13358 14278 15225
4351 265 266 379 759 1257 1291 1498 1750 1977 1988 2100 2372 3406 4168 4925 5080 5389 6002 6828 9560 9629 10008 10443 11189 11424 11815 12757 12805 13043 14911 15913 16969
4352 3395 5577 5692 7982 8345 11552 11778 12175 13596
4353 322 362 772 1157 1195 1275 1717 1821 1989 2081 2149 2229 2751 2768 2879 3057 3115 3377 4709 4934 5374 6165 6710 7118 7462 7465 7501 7843 8008 9279 10570 11206 13682 15326 16028
4354 592 1196 2075 2597 2682 2863 2868 2883 3060 3101 3138 3180 3311 3336 3733 3734 4154 4213 4468 4622 4772 5327 5337 5439 5547 5590 5765 5799 5815 5990 6017 6038 6105 6124 6153 6715 7724 8886 9315 9471 9638 10428 10930 13255 13925 13995 14482 14487 14634 15401
4355 31 89 499 1277 1289 1377 1968 2174 2462 4019 4617 5264 6784 7407 8405 10393 11558
4356 414 1332 1365 1397 1569 1725 3313 3612 5909 8048 9923 10080 10232 11968
4357 3768 4244 4266 4302 4401 4402 4888 6174 6209 7258 8125 8951 9234 9558 9920 10152 10228 10593 10777 16667 16984 17077
4358 112 714 2015 3306 3307 3542 3565 3692 5327 9136 9200 15352 15739 15748 16517
4359 4293 6906 7476 9552 11034 13375 15213 16804
4360 156 611 677 681 866 967 1167 1454 1606 1770 1772 2264 2634 2657 2742 2784 3338 3646 3684 3748 4170 4171 4265 4329 4361 4474 4623 5799 6847 8306 8777 9631 9684 9752 9816 10186 10294 10432 10542 10593 11001 11036 11539 11839 12346 12378 12731 13661 16275 16368 16409 16883
4361 193 497 1275 2168 2469 3104 3185 3608 5403 6187 8854 11436 13660 15357 15432
4362 35 38 39 122 1706 2181 2431 3864 3885 5339 8752 9686 10097 10832 12963 13708
4363 1734 2008 5357 5552 9904 10104 14511 16166 16443 16903
4364 1479 1703 6601 6954 7960 8538 10681 10728
4365 5485 6757 7435 9508 9594 10966
4366 4030 4398 7601 10163 14987 15257 15586
4367 601 890 951 1365 1526 2081 2522 3236 3640 4054 6199 7362 9886 10232 10525 14100 14212
4368 502 2106 2457 3285 6676 8196 10623 12034 12397 14613 15010 15234 15461 15462 15469 16931
4369 1157 1266 1426 1601 4408 7040 7495 7890 10086 11859 13976 14965
4370 116 726 2784 2948 3768 8292 9381 10194 10232 11303 14538 15566
4371 10168 11749 13158 13631 14035 14326 14832 15247 15427
4372 53 1991 2863 3221 3372 3794 4226 4324 5395 5921 7824 8065 8230 9002 9227 9276 10159 10543 10781 10789 10832 10879 11232 11505 11507 12243 12408 12610 12960 12996 14216 14258 14688 14949 15803
4373 5642 6120 6422 9030 10055 10153
4374 26 278 460 531 598 867 914 1386 1692 1710 2405 2634 2853 2881 3138 3175 3338 3340 3558 3723 3756 3758 3829 4164 4258 4260 4265 4293 4834 5208 5498 5558 5586 5678 5681 5963 5990 6067 7579 9315 9475
4375 1035 1609 1738 2189 2310 2665 3482 4092 4734 4775 7387 8447 9446 10057 12360 13277
4376 181 1288 1663 2143 2838 3071 3401 3975 4291 5998 6299 6884 16992
4377 15 4643 5467 10640 12130 12790 13329 13488 13815 15768
4378 112 181 861 1772 2652 3397 5990 6236 6695 7547 9558 9918 10093 10241 10854 11383 11541 11812 11948 12350 12579 12623 13314 13488 13815 14039 14739 16667
4379 256 4379 6013 6657 6934 7324 7612 7953
4380 216 2465 4440 4997 8909 10799 13340
4381 48 1865 2221 2222 3099 8088 14460 16498
4382 1108 3165 3308 4129 4450 5237 6224 7522 8028 8199 8389 8770 8987 10778
4383 215 382 4375 14139
4384 80 2009 4290 5570 5616 6171 6427 6642 7074 13199
4385 71 156 169 266 1066 1167 1710 1932 2264 2634 2724 3828 4840 4945 6238 6255 7433 8219 8924 9684 10659 10707 10893 10900 11070 11168 12520 13307
4386 4400 8290 8525 9056
4387 446 491 1799 2505 4318 5524 6008 6451 7409 11010 13144 13681 16873
4388 197 203 311 542 1246 1815 1941 3488 3662 4138 4482 4580 7724 8327 9164 10136 10589 10920 11313 11910 11940 12175 12359 12592 12655 12714 13153 13230 13801 13833 14637 14928 15312
4389 176 796 1318 2146 2502 2553 3175 3341 3366 3741 4055 4100 4460 5725 5906 7324 8235 8351 8428 8519 15905
4390 275 884 1821 2464 2613 2985 3451 4137 4244 6391 6594 6681 11391
4391 2041 3333 4639 4657 4669 4670 4967 5908 6779 7234 8192 8917 9477 13768 13981 15605
4392 176 284 3934 5294 5533 5926 5927 6354 6370 8235 10675 12186 12373 12474 13384
4393 26 139 184 185 189 190 194 195 201 331 523 551 731 1178 1349 1813 1814 2130 2166 2464 2495 2664 2927 2985 3202 3209 3724 3737 3748 4208 4230 4232 4285 4291 4317 4379 4796 4866 4935 4972 5135 5268 5586 5998 6222 6572 6729 6765 7191 7375 7469 7528 7547 7554 7581 7641 7645 8289 8323 8429 8510 8511 8614 8628 8773 8793 8854 9075 9138 9151 9561 9800 10306 10819 10888 11025 11088 11168 11641 12606 16668
4394 1505 6400 9914 11857 14083 14320 14441 14526 14753 15012 15160
4395 149 310 739 770 1235 1481 2240 2665 2897 3106 3930 3969 4123 4206 4399 4490 4633 4643 4692 4806 4991 5199 5403 5799 6038 6240 6431 6571 6677 6679 7137 7208 7728 7754 7797 8044 8116 9190 9367 9598 9631 9712 9891 10152 10224 10770 10837 11088 11171 11219 11271 11626 11753 11891 12047 12252 12329 12334 12343 12364 12427 12626 12627 13111 13153 13251 13795 14163 16444 16727
4396 6867 6997 7372 7634 8050 8218 8620 8671 9400 9720 9950 9977 10047 10562 10625 12186 12433 13050 14561 16082 16308
4397 588 683 735 1796 1868 1904 2742 3338 4347 4504 4753 5147 5298 6077 7610 7612 7614 8206 8854 8919 9343 9907 16275
4398 308 2571 4784 9802 11823 13837 15906 16741
4399 253 677 788 1277 1366 1710 2144 2414 2442 2742 2943 3324 4338 4688 8080 8131 9508 9684 10377 10462 10631 11094 11271 11581 13846 13921 14261 16275
4400 327 664 694 728 1052 1142 1460 3639 5025 10661 10837 11721 11864 12498 12783
4401 2413 2427 2526 3748 4091 4289 4319 5876 6119 6570 7546 8428 9075 10011 11398 11925
4402 4023 4436 4855 5034 5219 5492 5538
4403 44 216 264 331 767 9253 10007 10008 11736 12183 13058 13600 13843 16857
4404 728 817 2271 2625 2773 3294 5362 5725 5906 6804 8094 9131 12740
4405 2490 8262 9896 10003 11044 15610 16609
4406 107 236 441 852 870 1432 2635 2637 2944 3368 4089 5450 5623 6284 6285 6454 6554 6690 8136 9028 10086 11792 12176 13303 13570
4407 688 1366 1446 1600 2007 3565 3865 3867 4000 6779 8424 10954 11023 11393 11547 11910 13233 13514 13815 14382 14545 14845 15531 15743 15772 16224
4408 2227 6409 9438 10336 10450 10597 11097 14303 14308 15656
4409 241 309 1931 3149 3163 3482 4775 7341
4410 2716 2979 5331 6164 8481 10169 10333 11192 11821 12433 13255 14561 16700
4411 713 2365 9801 13233 14845 15187 15768 15968 16270 16350 16387 16538 16684 16972
4412 509 634 2317 4364 5923 8083 8434 9513 10915 12793 13515 13609 14254 14259 14603 14901 15506
4413 20 246 604 608 611 653 760 951 1026 1046 1077 1106 1802 1983 2053 2139 2322 2451 2539 2911 2963 3064 3114 3193 3258 3360 3395 3415 3654 3769 4218 4347 4373 4407 4987 6072 7519 8139 8525 9476 13664 14960 15149 15236 15768 15922 16334 16530 16662
4414 99 321 501 1802 1991 5906 6272 6634 6754 7561 7991 8525 9286 9496 10809 11341 13780 14310 14805 16350 16387
4415 143 205 417 665 886 1128 1386 1407 1411 1535 1622 1685 1742 1903 1947 2124 2206 2563 2727 2922 2962 3287 3446 3735 3942 4117 4404 4534 4546 4824 4949 5016 5121 5355 5433 5546 5651 5673 5749 5939 6063 6328 6357 6376 6466 6505 6626 6979 7028 7142 7243 7536 7808 8104 8216 8232 8360 8495 8499 9123 9719 10178 11141 11274 11561 12731
4416 18 5779 5804 5928 6855 7195 8122 9125 10509 10544 12403 13885 14845 15412 16068
4417 3730 4908 5583 5776 6014 6087 6500 7195 7547 9425 9852 10321 15769
4418 533 1303 5327 7083 7828 10093 10542 10643 11541 11619 11630
4419 173 218 1050 1382 1823 1928 1977 1989 2174 2553 2737 3138 3773 3867 4203 4575 4795 9315
4420 23 82 127 796 2262 2502 2922 2963 3175 3693 3755 4143 4159 4262 4772 5108
4421 156 5553 6814 12921 13062 13282 13555 15398 15646 15768 15857 16353 16900
4422 56 201 215 445 1597 1754 1804 2490 2602 2995 3509 3684 3852 4175 4341 4553 4606 5553 6320 8765 9413 9423 9626 11398 13621
4423 115 691 1149 2526 3289 7614 10977 12532 16048 16061
4424 89 252 434 797 1057 1621 2948 5046 8329 8862 8876 14809 16385 16986 17040
4425 526 1319 1322 1388 2101 2802 3369 4186 4366 6151 6561 7506 9428 11393
4426 9853 10095 10235 10684
4427 1721 2782 3415 4263
4428 649 718 917 1254 1330 1877 2130 4702 6474 6516 7207 8006 14033
4429 1229 8462 12108 15950
4430 635 2431 2705 3331 4237 5040 6757 7447 7655 9219 9595 11113 11115 11398 12049 12323 12471 12536 13285 13660 14246 15401
4431 3705 10431 11123 12186 15460 15730 15780 15841 16103 16388 16616
4432 278 755 2505 2809 2997 3121 4062 4100 4272 5197 5629 6431 7579 8227
4433 2270 2656 2699 4071 4288 4723 4931 4958 5066 5079 5577 8051 9954 10201 10555 10828 11708 13140 13363
4434 240 298 496 689 985 1261 1275 1337 1425 1928 2100 2101 2102 2420 2421 2475 2656 3071 3076 3329 3363 4623 4669 4720 4949 4970 5016 5124 5355 5358 5560 5573 5779 6275 6399 8889 9467
4435 866 2773 3684 4280 4290 4302 4606 4798 5906 6013 6564 6695 6754 6914 7625
4436 138 181 642 654 770 981 1283 1485 2616 2791 3071 4050 4692 4944 5799 6631 6684 7692 7925 11102 13391 13507 14176 14277 15003
4437 5696 7046 7079 10366 10464 11033 11929 12160 12371 12418 16197
4438 166 1858 2698 2729 3324 4371 4465 4658 5176 5582 6803 7083 7626 8060 8841 9229 9638 9965 10204 10523 10747 10838 10982 11055 11121 11246 11347 11566 11672 11806 12530 12718 13002 13341 13400 13691 13718 14067 14068 14070 14145 14397 14408 14440 14594 14794 14938 14947 15773 16218
4439 4786 5696 5996 7156 9196 10241 11833 11926 12576 14035 14669 14988 15556 16008 16186 16396 16742 16836 16849 16903 16935
4440 1660 4740 5061 8778 9108 10767 11627 14579 14667 15488
4441 146 2177 3553 4428 10563 10612 11523 12563 13556 13625 14529 15285
4442 80 149 173 181 298 515 711 729 755 798 949 1107 1928 2249 2250 2502 2538 2679 2822 2901 2916 3015 3067 3087 3329 3756 3770 3994 4230 4265 4290 4302 4316 4402 4657 4721 4802 5171 5329 5413 5614 5769 5799 5952 6422 6633 6687 6765 7002 7324 7953 9558 10462 10542 10990 11022 11630 16667
4443 236 786 836 1380 1466 1476 1540 2046 2150 2189 2578 2632 2811 3100 3236 4139 4244 5012 5445 5576 6121 6236 6883 7040 7275 7413 7436 7593 8213 11133 12463 13401 13842 15506
4444 512 1574 2790 4155 7783 7969 8853 8870 9234 9508 9628 11739 11948 13311 13314 13334 13607 13752 13928 13934 14561 16048 16321 16548 16655 16724 16727 16762 16846 16854 16969 17000 17008 17079
4445 2955 5696 8854 9108 10725 15171 15643 16201
4446 958 1064 1156 1509 1728 1899 3189 3282 3584 3729 4654 4709 5345 5828 6076 6150 6187 6399 6856 7284 8685 10155 10156 10371 10423 10542 12343 12366 12608 13314 14637 14792
4447 15 824 921 2392 2549 2624 3402 4952 5450 11199 11834 12682 12785 12875 13188 13282 13829 13857 14263 14264 14701 15257 15565 15795 16183 16353 16962