0 3 14020
0 3 18791
1 3 14020
1 3 18437
1 3 27910
2 3 14020
2 3 27910
3 3 14020
3 3 14667
3 3 29273
4 3 14020
4 3 16998
4 3 31681
5 3 11500
5 3 14020
5 3 14667
6 3 14020
6 3 14421
7 1 16236
7 1 16237
7 1 16238
7 1 22532
7 1 30608
7 1 30609
7 3 14020
7 3 26738
8 3 14020
8 3 14816
8 3 29307
9 3 14020
9 3 26738
10 3 14020
10 3 18437
10 3 27910
11 3 14020
11 3 26805
11 3 26807
11 3 27910
12 3 14020
12 3 14816
13 3 14020
13 3 26805
13 3 26807
13 3 27910
14 3 11278
14 3 14020
14 3 26738
15 3 14020
15 3 26805
15 3 26807
15 3 27910
16 3 13809
16 3 14020
16 3 19496
16 3 31681
17 3 13809
17 3 14020
17 3 19496
17 3 31681
18 3 11500
18 3 14020
18 3 14667
19 3 13169
19 3 14020
19 3 27189
19 3 30118
20 3 11774
20 3 14020
20 3 18442
20 3 26812
21 3 14020
21 3 26805
21 3 26807
21 3 27910
22 3 14020
22 3 25755
22 3 26738
22 3 30719
23 3 14020
23 3 26805
23 3 26807
23 3 27910
24 3 13493
24 3 13498
24 3 14020
24 3 16998
24 3 31681
25 3 11500
25 3 14020
25 3 14667
26 3 14020
26 3 26805
26 3 26807
26 3 27910
27 3 11774
27 3 14020
27 3 25395
27 3 25396
28 3 14020
28 3 26738
28 3 29188
29 3 14020
29 3 15161
29 3 26738
30 3 11278
30 3 14020
30 3 26738
31 3 11278
31 3 14020
31 3 26738
32 3 14020
32 3 26805
32 3 26807
32 3 27910
33 3 14020
33 3 24241
33 3 25390
34 3 14020
34 3 25756
34 3 27910
34 3 27918
35 3 11500
35 3 14020
35 3 14667
36 3 13170
36 3 14020
36 3 27910
37 3 14020
37 3 24348
37 3 30272
38 3 14020
38 3 15158
38 3 16556
39 3 11278
39 3 14020
39 3 26738
40 3 11278
40 3 14020
40 3 26738
41 3 14020
41 3 14063
41 3 14670
42 3 11774
42 3 14020
42 3 18442
43 3 11278
43 3 14020
43 3 26738
44 3 11278
44 3 14020
44 3 26738
45 3 11278
45 3 14020
45 3 26738
46 3 14020
46 3 24348
46 3 30272
47 3 14020
47 3 26741
47 3 27039
48 3 11500
48 3 14020
48 3 14667
49 3 11500
49 3 14020
49 3 14667
50 3 14020
50 3 26805
50 3 26807
50 3 27910
51 3 14020
51 3 14421
52 3 14020
52 3 26738
53 3 14020
53 3 17231
53 3 27910
54 3 11278
54 3 14020
54 3 26738
55 3 14020
55 3 16551
55 3 26805
55 3 27910
56 3 14020
56 3 16551
56 3 26805
56 3 27910
57 3 14020
57 3 15161
57 3 26738
58 3 14020
58 3 16340
58 3 27039
59 3 11500
59 3 14020
59 3 14667
60 0 16323
60 3 11500
60 3 14020
60 3 14667
60 9 27917
60 13 13064
60 14 11057
61 3 13493
61 3 13498
61 3 14020
61 3 16998
61 3 31681
62 3 12785
62 3 14020
62 3 19923
63 3 11500
63 3 14020
63 3 14667
64 3 14020
64 3 26738
64 3 29126
65 3 11500
65 3 14020
65 3 14667
66 3 14020
66 3 25085
66 3 29269
67 3 12785
67 3 14020
67 3 19923
68 3 13167
68 3 14020
68 3 14908
69 3 13169
69 3 14020
69 3 29161
70 3 14020
70 3 19923
70 3 29168
70 9 14866
70 9 19927
70 9 27262
71 3 14020
71 3 16340
71 3 27039
72 3 14020
72 3 15158
72 3 15976
73 3 14020
73 3 16340
73 3 27039
74 3 13169
74 3 14020
74 3 14861
75 3 14020
75 3 16340
75 3 27039
76 3 14020
76 3 26856
76 3 29263
77 3 14020
77 3 17612
77 3 27039
78 3 14020
78 3 14863
78 3 26856
79 3 14020
79 3 16551
79 3 26805
79 3 27910
80 3 14020
80 3 16551
80 3 26805
80 3 27910
81 3 11774
81 3 14020
81 3 18442
81 3 26812
82 3 13494
82 3 13496
82 3 14020
82 3 17230
83 2 17949
83 2 20232
83 2 28366
83 3 13493
83 3 13498
83 3 14020
83 3 16998
83 3 31681
83 9 13503
84 3 14020
84 3 25755
84 3 26738
85 3 14020
85 3 26805
85 3 26806
85 3 27910
86 3 14020
86 3 16152
86 3 25755
86 3 26738
87 3 14020
87 3 25755
87 3 26738
88 3 11774
88 3 14020
88 3 18442
88 3 26812
89 3 11774
89 3 14020
89 3 18442
89 3 26812
90 3 11774
90 3 14020
90 3 18442
90 3 26812
91 3 11774
91 3 14020
91 3 19062
91 3 19063
92 3 14020
92 3 14816
92 3 29336
93 3 14020
93 3 26805
93 3 26807
93 3 27910
94 3 14020
94 3 26805
94 3 26807
94 3 27910
95 3 14020
95 3 26805
95 3 26807
95 3 27910
96 3 14020
96 3 26805
96 3 26807
96 3 27910
97 3 14020
97 3 26805
97 3 26807
97 3 27910
98 3 14020
98 3 14860
98 3 19923
98 3 29783
99 3 14020
99 3 26805
99 3 26807
99 3 27910
100 3 14020
100 3 26805
100 3 26807
100 3 27910
101 0 20064
101 3 14020
101 3 26805
101 3 26807
101 3 27910
102 3 11774
102 3 14020
102 3 18442
102 3 26812
103 3 11774
103 3 14020
103 3 25395
103 3 25396
104 3 13493
104 3 13498
104 3 14020
104 3 16998
104 3 31681
105 3 14020
105 3 26805
105 3 26807
105 3 27910
106 3 14020
106 3 17612
106 3 27039
107 3 14020
107 3 25700
107 3 26856
107 3 29263
108 3 14020
108 3 14665
108 3 14908
108 3 25245
109 3 11837
109 3 14020
109 3 14908
110 3 14020
110 3 14908
110 3 30417
111 3 14020
111 3 25755
111 3 26738
112 3 14020
112 3 14908
112 3 30417
113 3 11500
113 3 14020
113 3 14667
114 3 13167
114 3 14020
114 3 14908
115 3 13169
115 3 14020
115 3 14271
115 3 27189
116 3 14020
116 3 14816
116 3 29307
117 3 14020
117 3 14872
117 3 19923
118 3 14020
118 3 26805
118 3 26806
118 3 27910
119 3 14020
119 3 26805
119 3 26806
119 3 27910
120 3 13346
120 3 14020
120 3 29270
120 3 31681
121 3 11774
121 3 14020
121 3 18162
121 3 19071
122 3 11774
122 3 14020
122 3 18442
122 3 26829
123 3 11772
123 3 11774
123 3 14020
123 3 18162
123 3 19071
124 3 11773
124 3 14020
124 3 24348
125 3 11774
125 3 14020
125 3 18162
125 3 19071
126 3 13493
126 3 13498
126 3 14020
126 3 16998
126 3 31681
127 3 11774
127 3 14020
127 3 25395
127 3 25396
128 3 14020
128 3 15691
128 3 24348
129 3 13137
129 3 14020
129 3 24348
130 3 14020
130 3 16340
130 3 27039
131 3 11774
131 3 14020
131 3 18441
131 3 18442
132 3 11774
132 3 14020
132 3 18441
132 3 18442
133 3 14020
133 3 26805
133 3 26807
133 3 27910
134 3 11774
134 3 14020
134 3 18442
134 3 26812
135 3 14020
135 3 26805
135 3 26807
135 3 27910
136 3 14020
136 3 26805
136 3 26807
136 3 27910
137 3 11774
137 3 14020
137 3 18441
137 3 18442
138 3 14020
138 3 16344
138 3 26738
139 3 14020
139 3 26805
139 3 26807
139 3 27910
140 3 13493
140 3 13498
140 3 14020
140 3 16998
140 3 31681
141 3 11500
141 3 14020
141 3 14667
142 3 11500
142 3 14020
142 3 14667
143 3 11500
143 3 14020
143 3 14667
144 3 14020
144 3 26805
144 3 26807
144 3 27910
145 3 14020
145 3 26805
145 3 26807
145 3 27910
146 3 13169
146 3 14020
146 3 14271
146 3 27189
147 0 30732
147 3 11774
147 3 14020
147 3 18442
147 3 26812
147 9 19067
147 13 16690
147 14 11060
148 3 11837
148 3 14020
148 3 14908
149 0 24227
149 3 14020
149 3 18282
149 3 27910
149 3 27912
149 9 14913
149 13 30615
149 14 11059
150 3 14020
150 3 14867
150 3 16998
150 3 17266
150 3 31681
151 3 11774
151 3 14020
151 3 29126
152 3 14020
152 3 26805
152 3 26807
152 3 27910
153 3 11774
153 3 14020
153 3 19062
153 3 19782
154 3 11500
154 3 14020
154 3 14667
155 3 14020
155 3 26805
155 3 26807
155 3 27910
156 3 11500
156 3 14020
156 3 14667
157 3 11500
157 3 14020
157 3 14667
158 3 14020
158 3 26805
158 3 26807
158 3 27910
159 3 11500
159 3 14020
159 3 14667
160 3 12711
160 3 14020
160 3 25755
160 3 26738
161 3 14020
161 3 25755
161 3 26738
161 3 30719
162 3 14020
162 3 25699
162 3 31681
163 3 11774
163 3 11830
163 3 14020
163 3 18442
164 3 11774
164 3 14020
164 3 18442
164 3 26829
165 3 14020
165 3 25640
165 3 25828
165 3 31229
166 3 14020
166 3 24241
166 3 25390
167 3 14020
167 3 16551
167 3 26805
167 3 27910
168 3 14020
168 3 26805
168 3 26807
168 3 27910
169 0 26845
169 3 14020
169 3 26805
169 3 26807
169 3 27910
169 9 26810
169 13 15588
169 14 11058
170 3 14020
170 3 26805
170 3 26807
170 3 27910
171 3 11500
171 3 14020
171 3 14667
172 3 13520
172 3 14020
172 3 25128
173 3 14020
173 3 26805
173 3 26807
173 3 27910
174 3 13493
174 3 13498
174 3 14020
174 3 16998
174 3 31681
175 3 11500
175 3 14020
175 3 14667
176 3 11774
176 3 14020
176 3 25395
176 3 25396
177 3 11774
177 3 14020
177 3 18161
177 3 18162
178 3 11774
178 3 14020
178 3 18442
178 3 26829
179 3 12358
179 3 14020
179 3 14667
180 3 13520
180 3 14020
180 3 25128
181 3 14020
181 3 25085
181 3 29269
182 0 16072
182 3 11500
182 3 14020
182 3 14667
182 14 11058
183 3 11500
183 3 14020
183 3 14667
184 3 14020
184 3 26738
184 3 29126
185 2 22495
185 2 26944
185 3 11774
185 3 14020
185 3 25395
185 3 25396
185 9 11779
185 9 12712
185 9 16556
186 3 12785
186 3 14020
186 3 19923
187 3 14020
187 3 16551
187 3 26805
187 3 27910
188 3 12358
188 3 14020
188 3 14667
189 3 11774
189 3 14020
189 3 19062
189 3 19782
190 3 11774
190 3 14020
191 3 14020
191 3 14667
191 3 18058
192 3 11837
192 3 14020
192 3 14908
193 3 11773
193 3 14020
193 3 24348
194 3 11774
194 3 14020
194 3 18442
194 3 26829
195 3 14020
195 3 26805
195 3 26807
195 3 27910
196 3 14020
196 3 26805
196 3 26807
196 3 27910
197 3 11774
197 3 14020
197 3 25395
197 3 25396
198 3 11500
198 3 14020
198 3 14667
199 3 11774
199 3 14020
199 3 25395
199 3 25396
200 3 11278
200 3 14020
200 3 26738
201 3 11774
201 3 13495
201 3 13507
201 3 14020
202 3 14020
202 3 14667
202 3 18058
203 3 11773
203 3 14020
203 3 24348
204 3 14020
204 3 14867
204 3 16998
204 3 25387
204 3 31681
205 3 13493
205 3 13498
205 3 14020
205 3 16998
205 3 31681
206 3 13499
206 3 14020
206 3 24348
207 3 11774
207 3 11829
207 3 14020
208 3 14020
208 3 14670
208 3 29819
209 3 14020
209 3 14814
209 3 14816
210 3 11500
210 3 14020
210 3 14667
211 3 14020
211 3 16344
211 3 26738
212 0 15666
212 3 14020
212 3 14421
212 3 26739
212 9 14439
212 9 14450
212 9 18267
212 9 27042
212 13 30410
212 14 11059
213 3 14020
213 3 22463
213 3 22464
214 3 11500
214 3 14020
214 3 14667
215 3 11500
215 3 14020
215 3 14667
216 3 11500
216 3 14020
216 3 14667
217 3 11500
217 3 14020
217 3 14667
218 3 11500
218 3 14020
218 3 14667
219 3 14020
219 3 26805
219 3 26807
219 3 27910
220 3 14020
220 3 17612
220 3 27039
221 3 11774
221 3 13495
221 3 13507
221 3 14020
222 3 11774
222 3 14020
222 3 25396
223 3 14020
223 3 17612
223 3 27039
224 3 14020
224 3 15158
224 3 31680
225 3 11278
225 3 14020
225 3 26738
226 3 13169
226 3 14020
226 3 14861
227 3 14020
227 3 15161
227 3 26738
228 0 26826
228 3 11774
228 3 13495
228 3 13507
228 3 14020
228 9 11779
228 9 26759
228 14 11060
229 3 11278
229 3 14020
229 3 26738
230 3 11500
230 3 14020
230 3 14667
231 3 11774
231 3 13495
231 3 13507
231 3 14020
232 3 11278
232 3 14020
232 3 26738
233 3 14020
233 3 25085
233 3 29269
234 3 13164
234 3 14020
234 3 26856
234 3 29263
235 3 11278
235 3 14020
235 3 26738
236 3 11278
236 3 14020
236 3 26738
237 3 11500
237 3 14020
237 3 14667
238 3 11500
238 3 14020
238 3 14667
239 3 14020
239 3 15158
239 3 15976
240 3 14020
240 3 25086
240 3 29269
241 3 12785
241 3 14020
241 3 19923
242 3 14020
242 3 25755
242 3 26738
242 3 30719
243 3 12785
243 3 14020
243 3 19923
244 3 12785
244 3 14020
244 3 19923
245 3 12785
245 3 14020
245 3 19923
246 3 12785
246 3 14020
246 3 19923
247 3 12785
247 3 14020
247 3 19923
248 3 12785
248 3 14020
248 3 19923
249 3 13169
249 3 14020
249 3 14271
249 3 27189
250 3 14020
250 3 17537
250 3 26856
251 3 14020
251 3 26856
251 3 29263
251 3 29274
252 3 14020
252 3 15161
252 3 26738
253 3 14020
253 3 27910
253 3 27912
253 3 29011
254 3 11899
254 3 14020
254 3 29270
254 3 31681
255 3 14020
255 3 26805
255 3 26806
255 3 27910
256 3 11774
256 3 14020
256 3 18442
256 3 26829
257 3 11774
257 3 14020
257 3 25395
257 3 25396
258 3 11774
258 3 14020
258 3 25395
258 3 25396
259 3 13169
259 3 14020
259 3 14271
259 3 27189
260 3 14020
260 3 14667
260 3 26816
261 3 13494
261 3 13496
261 3 14020
261 3 17230
262 3 14020
262 3 25309
262 3 25699
262 3 31681
263 3 14020
263 3 15161
263 3 26738
264 3 14020
264 3 25085
264 3 29269
265 3 11278
265 3 14020
265 3 26738
266 3 14020
266 3 15158
266 3 16556
267 3 14020
267 3 26856
267 3 29263
268 3 14020
268 3 26856
268 3 29263
269 3 11278
269 3 14020
269 3 26738
270 3 14020
270 3 17054
270 3 27039
271 3 14020
271 3 14670
271 3 29819
272 3 14020
272 3 14860
272 3 19923
272 3 29783
273 3 12711
273 3 14020
273 3 25755
273 3 26738
274 3 14020
274 3 25085
274 3 29269
275 3 14020
275 3 25755
275 3 26738
275 3 30719
276 3 14020
276 3 14665
276 3 14908
276 3 25245
277 3 14020
277 3 25640
277 3 25828
277 3 31229
278 3 14020
278 3 26738
278 3 29188
279 3 14020
279 3 19923
279 3 29783
280 3 14020
280 3 17537
280 3 26856
281 3 14020
281 3 26856
281 3 29263
281 3 29274
282 3 11774
282 3 14020
282 3 18441
282 3 18442
283 3 11774
283 3 14020
283 3 18162
283 3 19071
284 3 11774
284 3 14020
284 3 18162
284 3 19071
285 3 11774
285 3 14020
285 3 18161
285 3 18162
286 3 11774
286 3 14020
286 3 18161
286 3 18162
287 3 11774
287 3 14020
287 3 19062
287 3 19063
288 3 11774
288 3 14020
288 3 18442
288 3 26829
289 3 11774
289 3 14020
289 3 16764
289 3 18442
290 3 11774
290 3 14020
290 3 19062
290 3 19063
291 3 14020
291 3 26805
291 3 26807
291 3 27910
292 3 11773
292 3 14020
292 3 24348
293 3 11837
293 3 14020
293 3 14908
294 3 14020
294 3 24348
295 3 14020
295 3 19923
295 3 29168
296 3 14020
296 3 25755
296 3 26738
297 3 11500
297 3 14020
297 3 14667
298 3 11500
298 3 14020
298 3 14667
299 3 11500
299 3 14020
299 3 14667
300 3 11500
300 3 14020
300 3 14667
301 3 14020
301 3 25640
301 3 25828
301 3 31229
302 3 14020
302 3 17537
302 3 26856
303 3 14020
303 3 25755
303 3 26738
304 3 14020
304 3 14667
304 3 26816
305 3 14020
305 3 18043
305 3 25755
305 3 26738
306 3 14020
306 3 14667
306 3 26816
307 3 13632
307 3 14020
307 3 25755
307 3 26738
308 3 14020
308 3 25755
308 3 26738
309 3 14020
309 3 14863
309 3 26856
310 3 14020
310 3 25081
310 3 26856
311 3 14020
311 3 14667
311 3 26816
312 3 14020
312 3 15158
312 3 15976
313 3 14020
313 3 15158
313 3 15976
314 3 14020
314 3 14667
314 3 26816
315 3 14020
315 3 14666
315 3 26856
316 3 14020
316 3 15158
316 3 15976
317 3 13520
317 3 14020
317 3 25128
318 3 14020
318 3 18043
318 3 25755
318 3 26738
319 3 14020
319 3 14666
319 3 26856
320 3 14020
320 3 17537
320 3 26856
321 3 14020
321 3 14666
321 3 26856
322 3 14020
322 3 15158
322 3 15976
323 3 14020
323 3 15158
323 3 15976
324 3 14020
324 3 15158
324 3 15976
325 3 14020
325 3 25081
325 3 26856
326 3 14020
326 3 15158
326 3 15976
327 3 13169
327 3 14020
327 3 14861
328 3 14020
328 3 17537
328 3 26856
329 3 13169
329 3 14020
329 3 14861
330 3 14020
330 3 14667
330 3 26816
331 3 11278
331 3 14020
331 3 26738
332 3 14020
332 3 18043
332 3 25755
332 3 26738
333 3 11500
333 3 14020
333 3 14667
334 3 14020
334 3 14666
334 3 26856
335 3 13169
335 3 14020
335 3 14861
336 3 11500
336 3 14020
336 3 14667
337 3 14020
337 3 14666
337 3 26856
338 0 21049
338 3 14020
338 3 14863
338 3 26856
339 3 14020
339 3 14666
339 3 26856
340 3 13169
340 3 14020
340 3 14861
341 3 14020
341 3 15161
341 3 26738
342 3 14020
342 3 25081
342 3 26856
343 3 14020
343 3 22463
343 3 22464
344 3 14020
344 3 14666
344 3 26856
345 3 13164
345 3 14020
345 3 26856
345 3 29263
346 3 14020
346 3 14667
346 3 26816
347 3 14020
347 3 15161
347 3 26738
348 3 14020
348 3 17537
348 3 26856
349 3 14020
349 3 14667
349 3 26816
350 3 14020
350 3 14666
350 3 26856
351 3 14020
351 3 14666
351 3 26856
352 3 14020
352 3 18043
352 3 25755
352 3 26738
353 3 14020
353 3 25755
353 3 26738
354 3 13169
354 3 14020
354 3 14861
355 3 14020
355 3 18043
355 3 25755
355 3 26738
356 3 13169
356 3 14020
356 3 16543
357 3 14020
357 3 18043
357 3 25755
357 3 26738
358 3 14020
358 3 18043
358 3 25755
358 3 26738
359 3 14020
359 3 25756
359 3 27910
359 3 27918
360 3 14020
360 3 16340
360 3 27039
361 3 14020
361 3 14667
361 3 29273
362 3 14020
362 3 14667
362 3 29273
363 3 14020
363 3 24348
363 3 26740
364 3 14020
364 3 24348
364 3 26740
365 3 14020
365 3 24348
365 3 26740
366 3 14020
366 3 26805
366 3 26806
366 3 27910
367 3 14020
367 3 14421
367 3 18438
368 3 14020
368 3 15691
368 3 24348
369 3 14020
369 3 15691
369 3 24348
370 3 14020
370 3 15691
370 3 24348
371 3 14020
371 3 26805
371 3 26806
371 3 27910
372 3 14020
372 3 15691
372 3 24348
373 3 14020
373 3 15691
373 3 24348
374 3 13169
374 3 14020
374 3 15754
374 3 27189
375 3 14020
375 3 14480
375 3 18791
376 3 11815
376 3 14020
376 3 15158
377 3 11500
377 3 14020
377 3 14667
378 3 14020
378 3 17537
378 3 26856
379 3 14020
379 3 16152
379 3 25755
379 3 26738
380 3 11774
380 3 14020
380 3 25396
380 3 26761
381 3 14020
381 3 14908
381 3 30417
382 3 11774
382 3 14020
382 3 25395
382 3 25396
383 3 13169
383 3 14020
383 3 29161
384 3 14020
384 3 14666
384 3 26856
385 3 14020
385 3 26856
385 3 29263
386 3 11500
386 3 14020
386 3 14667
387 3 14020
387 3 27175
388 3 11774
388 3 14020
388 3 25395
388 3 25396
389 3 14020
389 3 24348
390 3 11774
390 3 14020
390 3 19062
390 3 28995
391 3 13493
391 3 13498
391 3 14020
391 3 16998
391 3 31681
392 3 11500
392 3 14020
392 3 14667
393 3 14020
393 3 26805
393 3 26807
393 3 27910
394 3 11774
394 3 14020
394 9 11777
394 9 11779
394 9 18060
394 9 18267
394 9 18440
395 3 14020
395 3 26856
395 3 29263
396 3 11500
396 3 14020
396 3 14667
397 3 11500
397 3 14020
397 3 14667
398 3 14020
398 3 15158
398 3 15976
399 3 11774
399 3 14020
399 3 19062
399 3 19063
400 3 14020
400 3 14667
400 3 26816
401 3 14020
401 3 14908
401 3 30417
402 3 14020
402 3 14908
402 3 30417
403 3 14020
403 3 14667
403 3 26816
404 3 11774
404 3 14020
404 3 19062
404 3 19063
405 3 11500
405 3 14020
405 3 14667
406 3 14020
406 3 17537
406 3 26856
407 3 11774
407 3 14020
407 3 25395
407 3 25396
408 3 14020
408 3 25081
408 3 26856
409 3 11774
409 3 13495
409 3 13507
409 3 14020
410 3 14020
410 3 15158
410 3 15976
411 3 14020
411 3 14666
411 3 26856
412 3 14020
412 3 14666
412 3 26856
413 3 13520
413 3 14020
413 3 25128
414 3 13169
414 3 14020
414 3 29161
415 3 14020
415 3 14666
415 3 26856
416 3 11774
416 3 14020
416 3 19062
416 3 28995
417 3 11774
417 3 14020
417 3 25396
417 3 26761
418 3 14020
418 3 14480
418 3 18791
419 3 14020
419 3 15158
419 3 15976
420 3 11500
420 3 14020
420 3 14667
421 3 11278
421 3 14020
421 3 26738
422 3 13164
422 3 14020
422 3 26856
422 3 29263
423 3 11500
423 3 14020
423 3 14667
424 3 14020
424 3 17537
424 3 26856
425 3 14020
425 3 14862
425 3 17230
426 3 14020
426 3 24348
427 3 14020
427 3 17537
427 3 26856
428 3 14020
428 3 15158
428 3 15976
429 3 14020
429 3 24241
429 3 25390
430 3 14020
430 3 25640
430 3 25828
430 3 31229
431 3 14020
431 3 14667
431 3 29273
432 3 14020
432 3 14908
432 3 30417
433 3 14020
433 3 15158
433 3 15976
434 3 14020
434 3 14667
434 3 18058
435 3 14020
435 3 16998
435 3 28598
435 3 29780
435 3 31681
436 3 14020
436 3 18282
436 3 27910
436 3 27912
437 3 14020
437 3 14666
437 3 26856
438 3 11774
438 3 14020
438 3 19062
439 3 11774
439 3 14020
439 3 29126
440 3 14020
440 3 15158
440 3 16556
441 3 11277
441 3 14020
441 3 26738
442 3 13493
442 3 13498
442 3 14020
442 3 16998
442 3 31681
443 3 11815
443 3 14020
443 3 15158
443 9 25405
443 9 26761
444 3 14020
444 3 17537
444 3 26856
445 3 11277
445 3 14020
445 3 26738
446 3 11774
446 3 14020
446 3 18442
446 3 26812
447 3 14020
447 3 15161
447 3 26738
448 3 11500
448 3 14020
448 3 14667
449 0 27743
449 3 11500
449 3 14020
449 3 14667
449 9 13169
449 13 16077
450 3 13169
450 3 14020
450 3 14861
451 3 14020
451 3 15158
451 3 15976
452 3 14020
452 3 25756
452 3 27910
452 3 27918
453 3 11277
453 3 14020
453 3 26738
454 3 11500
454 3 14020
454 3 14667
455 3 14020
455 3 15158
455 3 15976
456 3 14020
456 3 14665
456 3 14908
456 3 25245
457 3 14020
457 3 14665
457 3 14908
457 3 25245
458 3 14020
458 3 19923
458 3 19924
459 3 14020
459 3 19923
459 3 29264
460 3 14020
460 3 18282
460 3 27910
460 3 27912
461 3 14020
461 3 18282
461 3 27910
461 3 27912
462 3 11500
462 3 14020
462 3 14667
463 3 11500
463 3 14020
463 3 14667
464 3 11500
464 3 14020
464 3 14667
465 3 11500
465 3 14020
465 3 14667
466 3 11500
466 3 14020
466 3 14667
467 3 11500
467 3 14020
467 3 14667
468 3 14020
468 3 14480
468 3 18791
469 3 11774
469 3 14020
469 3 25395
469 3 25396
470 3 11500
470 3 14020
470 3 14667
471 3 11774
471 3 11829
471 3 14020
472 3 14020
472 3 19923
472 3 22462
473 3 14020
473 3 15158
473 3 15976
474 3 14020
474 3 17537
474 3 26856
475 3 11500
475 3 14020
475 3 14667
476 3 11500
476 3 14020
476 3 14667
477 3 11500
477 3 14020
477 3 14667
478 3 11500
478 3 14020
478 3 14667
479 3 11500
479 3 14020
479 3 14667
480 3 11500
480 3 14020
480 3 14667
481 3 11500
481 3 14020
481 3 14667
482 3 11500
482 3 14020
482 3 14667
483 3 11500
483 3 14020
483 3 14667
484 3 14020
484 3 26805
484 3 26807
484 3 27910
485 3 11500
485 3 14020
485 3 14667
486 3 14020
486 3 15158
486 3 15976
487 3 11500
487 3 14020
487 3 14667
488 3 11500
488 3 14020
488 3 14667
489 3 11774
489 3 14020
489 3 19062
489 3 19063
490 3 11500
490 3 14020
490 3 14667
491 3 14020
491 3 25377
491 3 26856
492 3 11500
492 3 14020
492 3 14667
493 3 11774
493 3 14020
493 3 18442
493 3 26812
494 3 11774
494 3 14020
494 3 18442
494 3 26812
495 3 11774
495 3 14020
495 3 25395
495 3 25396
496 3 13494
496 3 14020
496 3 17230
496 3 19117
497 3 14020
497 3 15158
497 3 15976
498 3 14020
498 3 26738
498 3 30034
499 3 14020
499 3 26805
499 3 26806
499 3 27910
500 3 14020
500 3 26805
500 3 26806
500 3 27910
501 3 14020
501 3 26805
501 3 26806
501 3 27910
502 3 11277
502 3 14020
502 3 26738
503 3 14020
503 3 15161
503 3 26738
504 3 11500
504 3 14020
504 3 14667
505 3 11500
505 3 14020
505 3 14667
506 3 11500
506 3 14020
506 3 14667
507 3 11500
507 3 14020
507 3 14667
508 3 14020
508 3 26805
508 3 26806
508 3 27910
509 3 14020
509 3 14908
509 3 30417
510 3 14020
510 3 26805
510 3 26807
510 3 27910
511 3 14020
511 3 14908
511 3 30417
512 3 13169
512 3 14020
512 3 14861
513 3 11500
513 3 14020
513 3 14667
514 3 14020
514 3 25081
514 3 26856
515 3 11500
515 3 14020
515 3 14667
516 3 14020
516 3 19923
516 3 19924
517 3 11278
517 3 14020
517 3 26738
518 3 11500
518 3 14020
518 3 14667
519 3 11773
519 3 14020
519 3 24348
520 3 11500
520 3 14020
520 3 14667
521 3 14020
521 3 15158
521 3 15976
522 3 13493
522 3 13498
522 3 14020
522 3 16998
522 3 31681
523 3 14020
523 3 26738
523 3 29126
524 3 14020
524 3 26805
524 3 26807
524 3 27910
525 0 13954
525 3 11774
525 3 14020
525 3 25395
525 3 25396
525 9 16558
525 9 16999
525 13 31726
525 14 11061
526 3 14020
526 3 26738
526 3 29126
527 3 14020
527 3 25755
527 3 26738
527 3 30719
528 3 14020
528 3 18043
528 3 25755
528 3 26738
529 3 14020
529 3 15158
529 3 15976
530 3 11774
530 3 14020
530 3 25396
530 3 26761
531 3 11774
531 3 14020
531 3 25395
531 3 25396
532 3 11500
532 3 14020
532 3 14667
533 3 14020
533 3 18282
533 3 27910
533 3 27912
534 3 14020
534 3 15158
534 3 15976
535 3 14020
535 3 26805
535 3 26807
535 3 27910
536 3 14020
536 3 26805
536 3 26807
536 3 27910
537 3 11774
537 3 14020
537 3 25395
537 3 25396
538 3 14020
538 3 18282
538 3 27910
538 3 27912
539 3 14020
539 3 26805
539 3 26807
539 3 27910
540 3 11500
540 3 14020
540 3 14667
541 3 14020
541 3 15158
541 3 15976
542 3 11500
542 3 14020
542 3 14667
543 3 11500
543 3 14020
543 3 14667
544 3 11500
544 3 14020
544 3 14667
545 2 15618
545 2 15840
545 2 25563
545 3 14020
545 3 18437
545 3 27910
545 9 18059
545 9 18440
545 9 18608
545 9 27914
546 3 11774
546 3 14020
546 3 25396
546 3 26761
547 3 11500
547 3 14020
547 3 14667
548 3 12711
548 3 14020
548 3 25755
548 3 26738
549 3 14020
549 3 26805
549 3 26807
549 3 27910
550 3 13493
550 3 13498
550 3 14020
550 3 16998
550 3 31681
551 3 14020
551 3 26805
551 3 26807
551 3 27910
552 3 13493
552 3 13498
552 3 14020
552 3 16998
552 3 31681
553 3 13493
553 3 13498
553 3 14020
553 3 16998
553 3 31681
554 3 14020
554 3 26805
554 3 26807
554 3 27910
555 3 13493
555 3 13498
555 3 14020
555 3 16998
555 3 31681
556 0 21837
556 3 14020
556 3 26805
556 3 26807
556 3 27910
556 13 19335
557 3 13497
557 3 14020
557 3 14667
558 3 14020
558 3 26805
558 3 26807
558 3 27910
559 3 11500
559 3 14020
559 3 14667
560 3 14020
560 3 14908
560 3 30417
561 3 11774
561 3 14020
561 3 25395
561 3 25396
562 3 14020
562 3 26805
562 3 26806
562 3 27910
563 3 14020
563 3 26805
563 3 26806
563 3 27910
564 3 14020
564 3 26805
564 3 26806
564 3 27910
565 0 28229
565 3 14020
565 3 26805
565 3 26806
565 3 27910
565 9 26809
565 9 26810
565 13 30089
565 14 11057
566 3 14020
566 3 26805
566 3 26806
566 3 27910
567 3 14020
567 3 26805
567 3 26806
567 3 27910
568 3 14020
568 3 15158
568 3 15976
569 3 11500
569 3 14020
569 3 14667
570 3 14020
570 3 25640
570 3 25828
570 3 31229
571 3 13493
571 3 13498
571 3 14020
571 3 16998
571 3 31681
572 3 14020
572 3 17537
572 3 26856
573 3 14020
573 3 26805
573 3 26807
573 3 27910
574 0 16140
574 3 14020
574 3 15158
574 3 15976
574 9 16995
574 13 26355
574 14 11057
575 3 14020
575 3 15158
575 3 15976
576 3 14020
576 3 17537
576 3 26856
577 3 11774
577 3 14020
577 3 25396
577 3 26761
578 3 14020
578 3 17537
578 3 26856
579 3 13169
579 3 14020
579 3 29161
580 3 13493
580 3 13498
580 3 14020
580 3 16998
580 3 31681
581 3 13493
581 3 13498
581 3 14020
581 3 16998
581 3 31681
582 3 13169
582 3 14020
582 3 29161
583 3 14020
583 3 18437
583 3 27910
584 3 14020
584 3 15158
584 3 15976
585 3 11500
585 3 14020
585 3 14667
586 3 11500
586 3 14020
586 3 14667
587 3 13493
587 3 13498
587 3 14020
587 3 16998
587 3 31681
588 3 11500
588 3 14020
588 3 14667
589 3 14020
589 3 14816
590 3 14020
590 3 15158
590 3 15976
591 3 11774
591 3 14020
591 3 25395
591 3 25396
592 3 11500
592 3 14020
592 3 14667
593 3 13277
593 3 13346
593 3 14020
593 3 29270
593 3 31681
594 3 14020
594 3 14667
594 3 26816
595 3 14020
595 3 14667
595 3 26816
596 3 11500
596 3 14020
596 3 14667
597 3 11500
597 3 14020
597 3 14667
598 3 13493
598 3 13498
598 3 14020
598 3 16998
598 3 31681
599 3 11774
599 3 14020
599 3 25395
599 3 25396
600 3 14020
600 3 25086
600 3 29269
601 3 13520
601 3 14020
601 3 25128
602 3 12711
602 3 14020
602 3 25755
602 3 26738
603 3 14020
603 3 27910
603 3 27912
603 3 29011
604 3 14020
604 3 15158
604 3 15976
605 3 14020
605 3 15158
605 3 15976
606 3 12711
606 3 14020
606 3 25755
606 3 26738
607 3 14020
607 3 27910
607 3 27912
607 3 29011
608 3 12646
608 3 14020
608 3 14665
608 3 14908
609 3 11500
609 3 14020
609 3 14667
610 3 14020
610 3 15158
610 3 15976
611 3 14020
611 3 15158
611 3 15976
612 3 14020
612 3 15158
612 3 15976
613 3 11500
613 3 14020
613 3 14667
614 3 13493
614 3 13498
614 3 14020
614 3 16998
614 3 31681
615 3 14020
615 3 26805
615 3 26807
615 3 27910
616 3 14020
616 3 24348
616 3 26740
617 3 11500
617 3 14020
617 3 14667
617 9 18440
617 9 18608
618 3 14020
618 3 15158
618 3 15976
619 3 14020
619 3 16344
619 3 26738
620 3 11500
620 3 14020
620 3 14667
621 3 11500
621 3 14020
621 3 14667
622 3 13169
622 3 14020
622 3 29161
623 3 13493
623 3 13498
623 3 14020
623 3 16998
623 3 31681
624 3 13493
624 3 13498
624 3 14020
624 3 16998
624 3 31681
625 3 14020
625 3 26856
625 3 29263
626 3 11774
626 3 11830
626 3 14020
626 3 18442
627 3 14020
627 3 15158
627 3 16556
628 3 14020
628 3 26805
628 3 26807
628 3 27910
629 3 14020
629 3 26805
629 3 26807
629 3 27910
630 3 14020
630 3 14666
630 3 26856
631 3 14020
631 3 18282
631 3 27910
631 3 27912
632 3 11500
632 3 14020
632 3 14667
633 3 14020
633 3 26738
633 3 29126
634 3 14020
634 3 14667
634 3 18058
635 3 13164
635 3 14020
635 3 26856
635 3 29263
636 3 13164
636 3 14020
636 3 26856
636 3 29263
637 3 11500
637 3 14020
637 3 14667
638 3 11500
638 3 14020
638 3 14667
639 3 14020
639 3 17537
639 3 26856
640 3 14020
640 3 17537
640 3 26856
641 3 14020
641 3 15158
641 3 15976
642 3 13169
642 3 14020
642 3 14861
643 3 13493
643 3 13498
643 3 14020
643 3 16998
643 3 31681
644 3 14020
644 3 24348
644 3 26740
645 3 14020
645 3 16998
645 3 28598
645 3 29780
645 3 31681
646 3 13520
646 3 14020
646 3 25128
647 3 13169
647 3 14020
647 3 16543
647 9 13169
647 9 13172
647 9 14913
647 9 16544
647 9 19923
647 9 27914
647 9 27918
648 3 13169
648 3 14020
648 3 24348
648 3 29161
649 3 13169
649 3 14020
649 3 29161
650 3 13520
650 3 14020
650 3 25128
651 3 14020
651 3 14908
651 3 30417
652 3 12711
652 3 14020
652 3 25755
652 3 26738
653 3 14020
653 3 14667
653 3 29273
654 3 12711
654 3 14020
654 3 25755
654 3 26738
655 3 11277
655 3 14020
655 3 26738
656 3 14020
656 3 27910
656 3 27912
656 3 29011
657 3 11774
657 3 11830
657 3 14020
657 3 18442
658 3 14020
658 3 18437
658 3 27910
659 3 14020
659 3 26805
659 3 26807
659 3 27910
660 3 11500
660 3 14020
660 3 14667
661 3 13169
661 3 14020
661 3 29161
662 3 12711
662 3 14020
662 3 25755
662 3 26738
663 3 11278
663 3 14020
663 3 26738
664 3 14020
664 3 15158
664 3 15976
665 3 12711
665 3 14020
665 3 25755
665 3 26738
666 3 14020
666 3 19923
666 3 22462
667 3 11774
667 3 11830
667 3 14020
667 3 18442
668 3 12358
668 3 14020
668 3 14667
669 3 11774
669 3 14020
669 3 18442
669 3 26812
670 3 11774
670 3 14020
670 3 18442
670 3 26812
671 3 14020
671 3 17537
671 3 26856
672 3 11774
672 3 14020
672 3 18442
672 3 26812
673 3 14020
673 3 14862
673 3 17230
674 3 14020
674 3 18282
674 3 27910
674 3 27912
675 3 14020
675 3 27910
675 3 27912
675 3 29011
676 3 14020
676 3 26805
676 3 26807
676 3 27910
677 3 11500
677 3 14020
677 3 14667
678 3 11500
678 3 14020
678 3 14667
679 3 14020
679 3 15158
679 3 15976
680 0 25968
680 3 14020
680 3 17537
680 3 26856
680 9 17537
680 9 26856
680 13 17803
681 3 14020
681 3 26805
681 3 26807
681 3 27910
682 3 11500
682 3 14020
682 3 14667
683 0 18607
683 3 11500
683 3 14020
683 3 14667
683 9 18763
683 9 26856
683 13 18607
683 14 11059
684 3 14020
684 3 14667
684 3 18058
685 3 11774
685 3 14020
685 3 25395
685 3 25396
686 3 14020
686 3 14667
686 3 29273
687 3 11500
687 3 14020
687 3 14667
688 3 13164
688 3 14020
688 3 26856
688 3 29263
689 3 13169
689 3 14020
689 3 29161
690 3 14020
690 3 16551
690 3 26805
690 3 27910
691 3 13520
691 3 14020
691 3 25128
692 3 13493
692 3 13498
692 3 14020
692 3 16998
692 3 31681
693 3 11500
693 3 14020
693 3 14667
694 3 13493
694 3 13498
694 3 14020
694 3 16998
694 3 31681
695 3 11500
695 3 14020
695 3 14667
696 3 11774
696 3 14020
696 3 25396
696 3 26761
697 3 11774
697 3 14020
697 3 25396
697 3 26761
698 3 11774
698 3 14020
698 3 25396
698 3 26761
699 3 11774
699 3 14020
699 3 25396
699 3 26761
700 3 14020
700 3 14908
700 3 30417
701 0 23613
701 3 11277
701 3 14020
701 3 26738
701 14 11058
702 3 14020
702 3 26805
702 3 26807
702 3 27910
703 3 11500
703 3 14020
703 3 14667
704 3 11774
704 3 14020
704 3 25395
704 3 25396
705 3 14020
705 3 26805
705 3 26807
705 3 27910
706 3 11500
706 3 14020
706 3 14667
707 3 13498
707 3 14020
707 3 16998
707 3 19107
707 3 31681
708 3 14020
708 3 24348
708 3 26740
709 3 14020
709 3 24348
709 3 26740
710 3 14020
710 3 26805
710 3 26807
710 3 27910
711 3 11774
711 3 14020
711 3 25396
711 3 26761
712 3 11774
712 3 14020
712 3 25395
712 3 25396
713 3 13164
713 3 14020
713 3 26856
713 3 29263
714 0 30179
714 3 11774
714 3 14020
714 3 25395
714 3 25396
714 9 19074
714 9 29820
714 13 15227
715 3 14020
715 3 17537
715 3 26856
716 3 14020
716 3 17537
716 3 26856
717 3 14020
717 3 17537
717 3 26856
718 3 14020
718 3 26805
718 3 26807
718 3 27910
719 3 14020
719 3 26805
719 3 26807
719 3 27910
720 3 11774
720 3 14020
720 3 25395
720 3 25396
721 3 14020
721 3 26805
721 3 26807
721 3 27910
722 3 14020
722 3 26805
722 3 26807
722 3 27910
723 3 13169
723 3 14020
723 3 29161
724 0 31011
724 3 13169
724 3 14020
724 3 14861
724 9 14865
724 13 17948
724 13 29998
724 14 11059
725 3 12711
725 3 14020
725 3 25755
725 3 26738
726 3 11500
726 3 14020
726 3 14667
727 3 11500
727 3 14020
727 3 14667
728 3 11500
728 3 14020
728 3 14667
729 3 11500
729 3 14020
729 3 14667
730 3 11500
730 3 14020
730 3 14667
731 3 13164
731 3 14020
731 3 26856
731 3 29263
732 3 13809
732 3 14020
732 3 19496
732 3 31681
733 3 13809
733 3 14020
733 3 19496
733 3 31681
734 3 13809
734 3 14020
734 3 19496
734 3 31681
735 3 13809
735 3 14020
735 3 19496
735 3 31681
736 3 13809
736 3 14020
736 3 19496
736 3 31681
737 3 13809
737 3 14020
737 3 19496
737 3 31681
738 3 13809
738 3 14020
738 3 19496
738 3 31681
739 3 13520
739 3 14020
739 3 30720
740 3 11500
740 3 14020
740 3 14667
741 3 14020
741 3 24348
741 3 30272
742 3 11837
742 3 14020
742 3 14908
743 3 11500
743 3 14020
743 3 14667
744 3 14020
744 3 14908
744 3 30417
745 3 13164
745 3 14020
745 3 26856
745 3 29263
746 3 14020
746 3 15161
746 3 26738
747 3 11774
747 3 14020
747 3 25395
747 3 25396
748 3 14020
748 3 14667
748 3 18058
749 3 11500
749 3 14020
749 3 14667
750 3 13809
750 3 14020
750 3 19496
750 3 31681
751 3 14020
751 3 17537
751 3 26856
752 3 14020
752 3 17537
752 3 26856
753 3 14020
753 3 17537
753 3 26856
754 3 13498
754 3 14020
754 3 16998
754 3 19107
754 3 31681
755 3 11277
755 3 14020
755 3 26738
756 3 13164
756 3 14020
756 3 26856
756 3 29263
757 3 14020
757 3 27910
757 3 27912
757 3 29011
758 3 13493
758 3 13498
758 3 14020
758 3 16998
758 3 31681
759 3 11500
759 3 14020
759 3 14667
760 3 14020
760 3 14667
760 3 18058
761 3 14020
761 3 25828
761 3 25831
762 3 14020
762 3 14670
762 3 29819
763 3 14020
763 3 14085
763 3 14670
763 3 17243
763 3 29001
764 3 14020
764 3 14670
764 3 29819
765 3 14020
765 3 14670
765 3 29819
766 3 13494
766 3 14020
766 3 17230
766 3 19117
767 3 14020
767 3 14670
767 3 29819
768 3 14020
768 3 14670
768 3 14834
768 3 17243
769 3 14020
769 3 14670
769 3 29819
770 3 14020
770 3 14670
770 3 29819
771 3 14020
771 3 14670
771 3 29819
772 3 14020
772 3 14670
773 3 14020
773 3 14670
773 3 29819
774 3 14020
774 3 14670
774 3 29819
775 3 14020
775 3 14670
775 3 29819
776 3 14020
776 3 14670
776 3 17243
776 3 25885
776 3 30206
777 3 14020
777 3 14670
777 3 14834
777 3 17243
778 3 14020
778 3 14670
778 3 14834
778 3 17243
779 3 14020
779 3 14670
779 3 29819
780 3 14020
780 3 14670
780 3 17243
780 3 30206
780 3 30595
781 3 13797
781 3 14020
781 3 25828
781 3 31229
782 3 14020
782 3 14670
782 3 17243
782 3 30206
782 3 30595
783 3 14020
783 3 14670
783 3 14834
783 3 17243
784 3 14020
784 3 14670
784 3 29819
785 3 14020
785 3 14670
785 3 17243
785 3 29682
786 3 14020
786 3 14670
786 3 29819
787 3 14020
787 3 14670
788 3 14020
788 3 14670
788 3 29819
789 3 14020
789 3 15691
789 3 24348
790 3 14020
790 3 15691
790 3 24348
791 3 14020
791 3 26629
791 3 26856
791 3 29263
792 3 11774
792 3 14020
792 3 17615
792 3 18442
793 3 11774
793 3 14020
793 3 17615
793 3 18442
794 3 11774
794 3 14020
794 3 19062
794 3 19782
795 3 11774
795 3 14020
795 3 19062
795 3 19782
796 3 11774
796 3 14020
796 3 25395
796 3 25396
797 3 11774
797 3 14020
797 3 25395
797 3 25396
798 3 11774
798 3 11830
798 3 14020
798 3 18442
799 3 11774
799 3 14020
799 3 18441
799 3 18442
800 3 11774
800 3 14020
800 3 18442
800 3 26829
801 3 11774
801 3 11830
801 3 14020
801 3 18442
802 3 11774
802 3 11830
802 3 14020
802 3 18442
803 3 11774
803 3 11830
803 3 14020
803 3 18442
804 3 11774
804 3 14020
804 3 18442
804 3 26829
805 3 11774
805 3 11830
805 3 14020
805 3 18442
806 3 11774
806 3 11830
806 3 14020
806 3 18442
807 3 11774
807 3 11830
807 3 14020
807 3 18442
808 3 11774
808 3 14020
808 3 18442
808 3 26829
809 3 11774
809 3 14020
809 3 18442
809 3 26829
810 3 11774
810 3 11830
810 3 14020
810 3 18442
811 3 14020
811 3 24241
811 3 25390
812 0 22239
812 3 14020
812 3 14867
812 3 16998
812 3 17945
812 3 31681
812 9 12601
812 9 16554
812 9 22240
812 9 29820
812 13 17225
812 13 26954
813 3 11772
813 3 11774
813 3 14020
813 3 18162
813 3 19071
814 3 13169
814 3 14020
814 3 27189
814 3 30118
815 0 20471
815 3 11774
815 3 13498
815 3 14020
815 3 16998
815 3 18442
815 3 19107
815 3 26829
815 3 31681
815 9 18440
815 9 26833
816 3 11500
816 3 14020
816 3 14667
817 3 11774
817 3 14020
817 3 25395
817 3 25396
818 3 14020
818 3 26805
818 3 26807
818 3 27910
819 3 14020
819 3 26805
819 3 26807
819 3 27910
820 3 13520
820 3 14020
820 3 25128
821 3 13346
821 3 14020
821 3 29270
821 3 31681
822 3 14020
822 3 14480
822 3 18791
823 3 13520
823 3 14020
823 3 25128
824 3 13520
824 3 14020
824 3 25128
825 3 13520
825 3 14020
825 3 25128
826 3 13520
826 3 14020
826 3 25128
827 3 14020
827 3 14280
827 3 15981
828 3 13520
828 3 14020
828 3 25128
829 3 13520
829 3 14020
829 3 25128
830 3 13520
830 3 14020
830 3 25128
831 3 13520
831 3 14020
831 3 25128
832 3 14020
832 3 26629
832 3 26856
832 3 29263
833 3 14020
833 3 26629
833 3 26856
833 3 29263
834 3 14020
834 3 26629
834 3 26856
834 3 29263
835 3 11837
835 3 14020
835 3 14908
836 3 14020
836 3 14667
836 3 26816
837 3 14020
837 3 17537
837 3 26856
838 3 14020
838 3 14667
838 3 26816
839 3 11774
839 3 14020
839 3 18442
839 3 26812
840 3 14020
840 3 14666
840 3 26856
841 3 14020
841 3 14908
841 3 30417
842 3 14020
842 3 25640
842 3 25828
842 3 31229
843 3 14020
843 3 14480
843 3 18791
844 3 14020
844 3 17537
844 3 26856
845 3 11277
845 3 14020
845 3 26738
846 3 14020
846 3 14863
846 3 26856
847 3 11774
847 3 14020
847 3 18442
847 3 26756
848 3 14020
848 3 25086
848 3 29269
849 3 14020
849 3 14421
849 3 26739
850 3 11774
850 3 11829
850 3 14020
851 3 11773
851 3 14020
851 3 24348
852 3 11773
852 3 14020
852 3 24348
853 3 11277
853 3 14020
853 3 26738
854 3 11774
854 3 14020
854 3 18442
854 3 26756
855 3 11772
855 3 11774
855 3 14020
855 3 18162
855 3 19071
856 3 11773
856 3 14020
856 3 24348
857 3 14020
857 3 14863
857 3 26856
858 0 16678
858 3 11774
858 3 11829
858 3 14020
858 9 13172
858 9 27914
858 13 26220
858 14 11056
858 14 11060
859 3 11774
859 3 14020
859 3 18442
859 3 26756
860 3 11774
860 3 11829
860 3 14020
861 3 11773
861 3 14020
861 3 24348
862 0 25599
862 3 11772
862 3 11774
862 3 14020
862 3 18162
862 3 19071
862 9 16261
862 9 19074
862 14 11059
863 3 11772
863 3 11774
863 3 14020
863 3 18162
863 3 19071
864 3 13493
864 3 13498
864 3 14020
864 3 16998
864 3 31681
865 3 14020
865 3 26805
865 3 26807
865 3 27910
866 3 11774
866 3 14020
866 3 25395
866 3 25396
867 3 14020
867 3 26805
867 3 26807
867 3 27910
868 3 11500
868 3 14020
868 3 14667
869 3 14020
869 3 24348
869 3 26740
870 3 14020
870 3 24348
870 3 26740
871 3 11774
871 3 14020
871 3 25395
871 3 25396
872 3 11774
872 3 14020
872 3 25395
872 3 25396
873 3 14020
873 3 26805
873 3 26807
873 3 27910
874 3 11774
874 3 14020
874 3 25395
874 3 25396
875 3 14020
875 3 17612
875 3 27039
876 3 14020
876 3 26856
876 3 29263
877 3 14020
877 3 15158
877 3 15976
878 3 13520
878 3 14020
878 3 25128
879 3 14020
879 3 17537
879 3 26856
880 3 14020
880 3 25755
880 3 26738
880 3 30719
881 3 14020
881 3 26805
881 3 26807
881 3 27910
882 3 11500
882 3 14020
882 3 14667
883 3 11500
883 3 14020
883 3 14667
884 3 11500
884 3 14020
884 3 14667
885 3 11500
885 3 14020
885 3 14667
886 3 11500
886 3 14020
886 3 14667
887 3 14020
887 3 14480
887 3 18791
888 3 11500
888 3 14020
888 3 14667
889 3 14020
889 3 17537
889 3 26856
890 3 14020
890 3 14480
890 3 18791
891 3 11774
891 3 14020
891 3 19062
891 3 19063
892 3 14020
892 3 17537
892 3 26856
893 3 14020
893 3 16340
893 3 27039
894 3 14020
894 3 16340
894 3 27039
895 3 14020
895 3 16340
895 3 27039
896 3 14020
896 3 16340
896 3 27039
897 0 25031
897 3 14020
897 3 26856
897 3 29263
897 9 14865
897 9 18764
897 9 25402
897 13 25031
897 14 11059
898 3 14020
898 3 16340
898 3 27039
899 3 14020
899 3 16340
899 3 27039
900 3 14020
900 3 26856
900 3 29263
901 3 14020
901 3 16340
901 3 27039
902 3 14020
902 3 26856
902 3 29263
903 3 13169
903 3 14020
903 3 14861
904 3 14020
904 3 25640
904 3 25828
904 3 31229
905 3 11500
905 3 14020
905 3 14667
906 3 14020
906 3 19923
906 3 29168
907 3 13520
907 3 14020
907 3 14669
908 3 14020
908 3 25755
908 3 26738
908 3 30719
909 3 14020
909 3 18938
909 3 25828
909 3 31229
910 3 14020
910 3 18938
910 3 25828
910 3 31229
911 3 14020
911 3 14670
911 3 14833
911 3 14834
911 3 17243
912 3 14020
912 3 25755
912 3 26738
912 3 30719
913 3 14020
913 3 25755
913 3 26738
913 3 30719
914 3 14020
914 3 25755
914 3 26738
914 3 30719
915 3 14020
915 3 14862
915 3 17230
916 3 14020
916 3 25755
916 3 26738
916 3 30719
917 3 14020
917 3 25755
917 3 26738
917 3 30719
918 3 14020
918 3 25755
918 3 26738
918 3 30719
919 3 14020
919 3 25755
919 3 26738
919 3 30719
920 3 14020
920 3 14862
920 3 17230
921 3 14020
921 3 25755
921 3 26738
921 3 30719
922 0 13192
922 3 14020
922 3 14862
922 3 17230
922 9 17232
922 9 26811
922 13 30562
922 14 11056
923 3 14020
923 3 14862
923 3 17230
924 3 14020
924 3 25755
924 3 26738
924 3 30719
925 3 14020
925 3 26738
925 3 29126
926 3 13169
926 3 14020
926 3 14861
927 3 14020
927 3 25755
927 3 26738
927 3 30719
928 3 14020
928 3 25755
928 3 26738
928 3 30719
929 3 14020
929 3 25755
929 3 26738
930 3 14020
930 3 25755
930 3 26738
930 3 30719
931 3 14020
931 3 25755
931 3 26738
931 3 30719
932 3 14020
932 3 25755
932 3 26738
933 3 14020
933 3 25755
933 3 26738
933 3 30719
934 3 11500
934 3 14020
934 3 14667
935 3 14020
935 3 25755
935 3 26738
935 3 30719
936 3 14020
936 3 14667
936 3 26816
937 3 12711
937 3 14020
937 3 25755
937 3 26738
938 3 14020
938 3 14862
938 3 17230
939 3 14020
939 3 25755
939 3 26738
939 3 30719
940 3 13170
940 3 14020
940 3 27910
941 3 11500
941 3 14020
941 3 14667
942 3 11500
942 3 14020
942 3 14667
943 3 14020
943 3 14862
943 3 17230
944 3 14020
944 3 14667
944 3 26816
945 3 13169
945 3 14020
945 3 14271
945 3 27189
946 3 11500
946 3 14020
946 3 14667
947 3 14020
947 3 14862
947 3 17230
948 3 14020
948 3 18282
948 3 27910
948 3 27912
949 3 11500
949 3 14020
949 3 14667
950 3 13169
950 3 14020
950 3 27189
950 3 30118
951 3 14020
951 3 14816
951 3 29307
952 0 19788
952 3 11500
952 3 14020
952 3 14667
952 9 13172
952 9 26821
952 13 17568
953 3 14020
953 3 25755
953 3 26738
954 3 13169
954 3 14020
954 3 27189
954 3 30118
955 3 14020
955 3 25755
955 3 26738
955 3 30719
956 3 14020
956 3 25755
956 3 26738
956 3 30719
957 3 14020
957 3 25755
957 3 26738
957 3 30719
958 0 16148
958 3 13494
958 3 13496
958 3 14020
958 3 17230
958 9 17233
958 9 26817
958 9 26820
958 9 26821
958 13 24755
958 14 11056
959 3 13493
959 3 13498
959 3 14020
959 3 16998
959 3 31681
960 3 14020
960 3 14667
960 3 26816
961 3 13494
961 3 13496
961 3 14020
961 3 17230
962 3 14020
962 3 26738
962 3 29188
963 3 11500
963 3 14020
963 3 14667
964 3 14020
964 3 26738
964 3 29188
965 3 14020
965 3 14480
965 3 18791
966 3 11500
966 3 14020
966 3 14667
967 3 14020
967 3 26805
967 3 26807
967 3 27910
968 3 14020
968 3 25755
968 3 26738
968 3 30719
969 3 14020
969 3 14667
969 3 26816
970 3 13169
970 3 14020
970 3 27189
970 3 30118
971 3 14020
971 3 25755
971 3 26738
971 3 30719
972 3 14020
972 3 14667
972 3 26816
973 3 14020
973 3 14862
973 3 17230
974 3 14020
974 3 25755
974 3 26738
975 3 13169
975 3 14020
975 3 14861
976 3 11500
976 3 14020
976 3 14667
977 3 14020
977 3 18282
977 3 27910
977 3 27912
978 3 14020
978 3 18282
978 3 27910
978 3 27912
979 3 14020
979 3 26738
979 3 29126
980 3 14020
980 3 14665
980 3 14908
980 3 25245
981 3 14020
981 3 14862
981 3 17230
982 3 11278
982 3 14020
982 3 26738
983 3 14020
983 3 25755
983 3 26738
983 3 30719
984 3 11500
984 3 14020
984 3 14667
985 3 14020
985 3 26738
985 3 29188
986 3 14020
986 3 18282
986 3 27910
986 3 27912
987 3 14020
987 3 26805
987 3 26807
987 3 27910
988 3 14020
988 3 17537
988 3 26856
989 3 11500
989 3 14020
989 3 14667
990 3 13493
990 3 13498
990 3 14020
990 3 16998
990 3 31681
991 3 14020
991 3 14862
991 3 17230
992 3 13170
992 3 14020
992 3 27910
993 3 11500
993 3 14020
993 3 14667
994 3 13170
994 3 14020
994 3 27910
995 3 12785
995 3 14020
995 3 19923
996 3 11500
996 3 14020
996 3 14667
997 3 14020
997 3 26805
997 3 26807
997 3 27910
998 3 14020
998 3 18282
998 3 27910
998 3 27912
999 3 13493
999 3 13498
999 3 14020
999 3 16998
999 3 31681
1000 3 14020
1000 3 17537
1000 3 26856
1001 3 13493
1001 3 13498
1001 3 14020
1001 3 16998
1001 3 31681
1002 3 11500
1002 3 14020
1002 3 14667
1003 3 14020
1003 3 17537
1003 3 26856
1004 3 14020
1004 3 26629
1004 3 26856
1004 3 29263
1005 3 11500
1005 3 14020
1005 3 14667
1006 3 14020
1006 3 14911
1006 3 27910
1007 3 14020
1007 3 14862
1007 3 17230
1008 3 14020
1008 3 27910
1008 3 27912
1009 3 14020
1009 3 19923
1009 3 19924
1010 3 14020
1010 3 25755
1010 3 26738
1011 3 14020
1011 3 25755
1011 3 26738
1011 3 30719
1012 3 13520
1012 3 14020
1012 3 25128
1013 3 13520
1013 3 14020
1013 3 25128
1014 3 11500
1014 3 14020
1014 3 14667
1015 3 14020
1015 3 19923
1015 3 19924
1016 3 14020
1016 3 25755
1016 3 26738
1016 3 30719
1017 3 14020
1017 3 26805
1017 3 26807
1017 3 27910
1018 3 11500
1018 3 14020
1018 3 14667
1019 3 11500
1019 3 14020
1019 3 14667
1020 3 14020
1020 3 25755
1020 3 26738
1020 3 30719
1021 3 14020
1021 3 25755
1021 3 26738
1021 3 30719
1022 3 14020
1022 3 17537
1022 3 26856
1023 3 14020
1023 3 18282
1023 3 27910
1023 3 27912
1024 3 14020
1024 3 14862
1024 3 17230
1025 3 11500
1025 3 14020
1025 3 14667
1026 3 14020
1026 3 25755
1026 3 26738
1027 3 11500
1027 3 14020
1027 3 14667
1028 3 14020
1028 3 15158
1028 3 15976
1029 3 11774
1029 3 11830
1029 3 14020
1029 3 18442
1030 3 11500
1030 3 14020
1030 3 14667
1031 3 14020
1031 3 26805
1031 3 26807
1031 3 27910
1032 3 14020
1032 3 26805
1032 3 26807
1032 3 27910
1033 3 14020
1033 3 25755
1033 3 26738
1033 3 30719
1034 3 14020
1034 3 18282
1034 3 27910
1034 3 27912
1035 3 14020
1035 3 25755
1035 3 26738
1035 3 30719
1036 3 13493
1036 3 13498
1036 3 14020
1036 3 16998
1036 3 31681
1037 3 11774
1037 3 14020
1037 3 18442
1037 3 26812
1037 4 18687
1038 3 14020
1038 3 14908
1038 3 30417
1039 3 14020
1039 3 14862
1039 3 17230
1040 3 14020
1040 3 18282
1040 3 27910
1040 3 27912
1041 3 11500
1041 3 14020
1041 3 14667
1042 3 14020
1042 3 15158
1042 3 15976
1043 3 11278
1043 3 14020
1043 3 26738
1044 3 11500
1044 3 14020
1044 3 14667
1045 3 14020
1045 3 26629
1045 3 26856
1045 3 29263
1046 3 14020
1046 3 16152
1046 3 25755
1046 3 26738
1047 3 14020
1047 3 15158
1047 3 16556
1048 3 14020
1048 3 25755
1048 3 26738
1048 3 30719
1049 3 11500
1049 3 14020
1049 3 14667
1050 3 14020
1050 3 26805
1050 3 26807
1050 3 27910
1051 3 14020
1051 3 26805
1051 3 26807
1051 3 27910
1051 9 26810
1052 3 13164
1052 3 14020
1052 3 26856
1052 3 29263
1053 3 13169
1053 3 14020
1053 3 27189
1053 3 30118
1054 3 12785
1054 3 14020
1054 3 19923
1055 3 14020
1055 3 25755
1055 3 26738
1055 3 30719
1056 3 14020
1056 3 19923
1056 3 19924
1057 3 14020
1057 3 14862
1057 3 17230
1058 3 14020
1058 3 14908
1058 3 30417
1059 3 11500
1059 3 14020
1059 3 14667
1060 3 11500
1060 3 14020
1060 3 14667
1061 3 14020
1061 3 14667
1061 3 29273
1062 3 14020
1062 3 14862
1062 3 17230
1063 3 11500
1063 3 14020
1063 3 14667
1064 3 14020
1064 3 26805
1064 3 26807
1064 3 27910
1065 3 14020
1065 3 26629
1065 3 26856
1065 3 29263
1066 3 14020
1066 3 26629
1066 3 26856
1066 3 29263
1067 3 14020
1067 3 15158
1067 3 15976
1068 3 14020
1068 3 26805
1068 3 26807
1068 3 27910
1069 3 11500
1069 3 14020
1069 3 14667
1070 3 11500
1070 3 14020
1070 3 14667
1071 3 14020
1071 3 14421
1071 3 14909
1072 3 14020
1072 3 25755
1072 3 26738
1073 3 14020
1073 3 18282
1073 3 27910
1073 3 27912
1074 3 14020
1074 3 17537
1074 3 26856
1075 3 13169
1075 3 14020
1075 3 14271
1075 3 27189
1076 3 14020
1076 3 19923
1076 3 19924
1077 3 14020
1077 3 26805
1077 3 26807
1077 3 27910
1078 3 11500
1078 3 14020
1078 3 14667
1079 3 14020
1079 3 14063
1079 3 14670
1080 3 14020
1080 3 26738
1080 3 29188
1081 3 14020
1081 3 25755
1081 3 26738
1081 3 30719
1082 3 14020
1082 3 14667
1082 3 26816
1083 3 11500
1083 3 14020
1083 3 14667
1084 3 14020
1084 3 15158
1084 3 15976
1085 3 14020
1085 3 15158
1085 3 15976
1086 3 11500
1086 3 14020
1086 3 14667
1087 3 14020
1087 3 25755
1087 3 26738
1087 3 30719
1088 3 14020
1088 3 26629
1088 3 26856
1088 3 29263
1089 3 11774
1089 3 14020
1089 3 25395
1089 3 25396
1090 3 14020
1090 3 15158
1090 3 15976
1091 3 11500
1091 3 14020
1091 3 14667
1092 3 14020
1092 3 18282
1092 3 27910
1092 3 27912
1093 3 13169
1093 3 14020
1093 3 14271
1093 3 27189
1094 3 14020
1094 3 26805
1094 3 26807
1094 3 27910
1095 3 11278
1095 3 14020
1095 3 26738
1096 3 14020
1096 3 26805
1096 3 26807
1096 3 27910
1097 3 11500
1097 3 14020
1097 3 14667
1098 3 14020
1098 3 25755
1098 3 26738
1098 3 30719
1099 3 11500
1099 3 14020
1099 3 14667
1100 3 14020
1100 3 26629
1100 3 26856
1100 3 29263
1101 3 11500
1101 3 14020
1101 3 14667
1102 3 11500
1102 3 14020
1102 3 14667
1103 3 14020
1103 3 15158
1103 3 15976
1104 3 14020
1104 3 26805
1104 3 26807
1104 3 27910
1105 3 11774
1105 3 14020
1105 3 25395
1105 3 25396
1106 3 14020
1106 3 14908
1106 3 30417
1107 3 11774
1107 3 14020
1107 3 25395
1107 3 25396
1108 3 11500
1108 3 14020
1108 3 14667
1109 3 11500
1109 3 14020
1109 3 14667
1110 3 14020
1110 3 14862
1110 3 17230
1111 3 14020
1111 3 14667
1111 3 29273
1112 3 14020
1112 3 25755
1112 3 26738
1112 3 30719
1113 3 14020
1113 3 26805
1113 3 26807
1113 3 27910
1114 3 13493
1114 3 13498
1114 3 14020
1114 3 16998
1114 3 31681
1115 3 14020
1115 3 26805
1115 3 26807
1115 3 27910
1116 3 13493
1116 3 13498
1116 3 14020
1116 3 16998
1116 3 31681
1117 3 14020
1117 3 26805
1117 3 26807
1117 3 27910
1118 3 14020
1118 3 26805
1118 3 26807
1118 3 27910
1119 3 11500
1119 3 14020
1119 3 14667
1120 3 14020
1120 3 15158
1120 3 15976
1121 3 11500
1121 3 14020
1121 3 14667
1122 3 11500
1122 3 14020
1122 3 14667
1123 3 14020
1123 3 25755
1123 3 26738
1124 3 14020
1124 3 18282
1124 3 27910
1124 3 27912
1125 3 11500
1125 3 14020
1125 3 14667
1126 3 14020
1126 3 14862
1126 3 17230
1127 3 14020
1127 3 15158
1127 3 15976
1128 3 14020
1128 3 26805
1128 3 26807
1128 3 27910
1129 3 14020
1129 3 25755
1129 3 26738
1129 3 30719
1130 3 14020
1130 3 18282
1130 3 27910
1130 3 27912
1131 3 11774
1131 3 14020
1131 3 25395
1131 3 25396
1132 3 14020
1132 3 15158
1132 3 15976
1133 3 14020
1133 3 15158
1133 3 15976
1134 3 14020
1134 3 26805
1134 3 26807
1134 3 27910
1135 3 11774
1135 3 14020
1135 3 25395
1135 3 25396
1136 3 11500
1136 3 14020
1136 3 14667
1137 3 14020
1137 3 26805
1137 3 26807
1137 3 27910
1138 3 11500
1138 3 14020
1138 3 14667
1139 3 11774
1139 3 13500
1139 3 14020
1139 3 18442
1140 3 14020
1140 3 14908
1140 3 30417
1141 3 11500
1141 3 14020
1141 3 14667
1142 3 14020
1142 3 15158
1142 3 15976
1143 3 14020
1143 3 14862
1143 3 17230
1144 3 11500
1144 3 14020
1144 3 14667
1145 3 14020
1145 3 18282
1145 3 27910
1145 3 27912
1146 3 11774
1146 3 14020
1146 3 25395
1146 3 25396
1147 0 12529
1147 3 14020
1147 3 26805
1147 3 26807
1147 3 27910
1147 9 11777
1147 14 11061
1148 3 14020
1148 3 14908
1148 3 25883
1149 3 14020
1149 3 26805
1149 3 26807
1149 3 27910
1150 3 14020
1150 3 25755
1150 3 26738
1150 3 30719
1151 0 27053
1151 3 14020
1151 3 17537
1151 3 26856
1151 9 26768
1151 9 29189
1151 13 20419
1152 3 14020
1152 3 26805
1152 3 26807
1152 3 27910
1153 3 14020
1153 3 26805
1153 3 26807
1153 3 27910
1154 3 11774
1154 3 13500
1154 3 14020
1154 3 18442
1155 3 11500
1155 3 14020
1155 3 14667
1156 3 11774
1156 3 14020
1156 3 25395
1156 3 25396
1157 3 11500
1157 3 14020
1157 3 14667
1158 3 14020
1158 3 26629
1158 3 26856
1158 3 29263
1159 3 13169
1159 3 14020
1159 3 31227
1160 3 11774
1160 3 14020
1160 3 25395
1160 3 25396
1161 3 14020
1161 3 14908
1161 3 30417
1162 3 11774
1162 3 14020
1162 3 25395
1162 3 25396
1163 3 11500
1163 3 14020
1163 3 14667
1164 3 14020
1164 3 14862
1164 3 17230
1165 3 14020
1165 3 25755
1165 3 26738
1165 3 30719
1166 3 14020
1166 3 14908
1166 3 25883
1167 3 12785
1167 3 14020
1167 3 19923
1168 3 13493
1168 3 13498
1168 3 14020
1168 3 16998
1168 3 31681
1169 3 14020
1169 3 19923
1169 3 19924
1170 3 14020
1170 3 15158
1170 3 15976
1171 3 13493
1171 3 13498
1171 3 14020
1171 3 16998
1171 3 31681
1172 3 11500
1172 3 14020
1172 3 14667
1173 3 11500
1173 3 14020
1173 3 14667
1174 3 14020
1174 3 16152
1174 3 25755
1174 3 26738
1175 3 11774
1175 3 14020
1175 3 25395
1175 3 25396
1176 3 11500
1176 3 14020
1176 3 14667
1177 3 14020
1177 3 14908
1177 3 30417
1178 3 14020
1178 3 19923
1178 3 19924
1179 3 11774
1179 3 13500
1179 3 14020
1179 3 18442
1180 3 14020
1180 3 26848
1180 3 26856
1181 3 11774
1181 3 14020
1181 3 25395
1181 3 25396
1182 0 29162
1182 3 13169
1182 3 14020
1182 3 14271
1182 3 27189
1182 9 13169
1182 13 19220
1183 0 29165
1183 3 14020
1183 3 14667
1183 3 26816
1184 3 14020
1184 3 18282
1184 3 27910
1184 3 27912
1185 3 14020
1185 3 26856
1185 3 29263
1186 3 14020
1186 3 14670
1186 3 17243
1186 3 30206
1186 3 30595
1187 3 11774
1187 3 14020
1187 3 25395
1187 3 25396
1188 3 11500
1188 3 14020
1188 3 14667
1189 3 14020
1189 3 14862
1189 3 17230
1190 3 11500
1190 3 14020
1190 3 14667
1191 3 11500
1191 3 14020
1191 3 14667
1192 3 11500
1192 3 14020
1192 3 14667
1193 3 14020
1193 3 15158
1193 3 15976
1194 3 11500
1194 3 14020
1194 3 14667
1195 3 11500
1195 3 14020
1195 3 14667
1196 3 11500
1196 3 14020
1196 3 14667
1197 3 11500
1197 3 14020
1197 3 14667
1198 3 14020
1198 3 25755
1198 3 26738
1198 3 30719
1199 3 11774
1199 3 13500
1199 3 14020
1199 3 18442
1200 3 11500
1200 3 14020
1200 3 14667
1201 3 14020
1201 3 14670
1201 3 17243
1201 3 31014
1202 3 11500
1202 3 14020
1202 3 14667
1203 3 12646
1203 3 14020
1203 3 14665
1203 3 14908
1204 0 25807
1204 3 11500
1204 3 11774
1204 3 11830
1204 3 14020
1204 3 14667
1204 3 18442
1204 9 29820
1204 13 25166
1205 3 11774
1205 3 14020
1205 3 25395
1205 3 25396
1206 3 14020
1206 3 25755
1206 3 26738
1206 3 30719
1207 3 11500
1207 3 14020
1207 3 14667
1208 3 14020
1208 3 15158
1208 3 15976
1209 3 14020
1209 3 26738
1209 3 29188
1210 3 11774
1210 3 14020
1210 3 25395
1210 3 25396
1211 3 14020
1211 3 14666
1211 3 26856
1212 3 11500
1212 3 14020
1212 3 14667
1213 3 14020
1213 3 26848
1213 3 26856
1214 3 14020
1214 3 26805
1214 3 26807
1214 3 27910
1214 9 25646
1215 3 14020
1215 3 26805
1215 3 26806
1215 3 27910
1216 3 14020
1216 3 25755
1216 3 26738
1216 3 30719
1217 3 14020
1217 3 25755
1217 3 26738
1217 3 30719
1218 3 14020
1218 3 25755
1218 3 26738
1218 3 30719
1219 3 14020
1219 3 14862
1219 3 17230
1220 3 14020
1220 3 14665
1220 3 14908
1220 3 25245
1221 3 11500
1221 3 14020
1221 3 14667
1222 3 14020
1222 3 15158
1222 3 15976
1223 3 11500
1223 3 14020
1223 3 14667
1224 3 13493
1224 3 13498
1224 3 14020
1224 3 16998
1224 3 31681
1225 3 14020
1225 3 15158
1225 3 15976
1226 3 14020
1226 3 18282
1226 3 27910
1226 3 27912
1227 3 11774
1227 3 14020
1227 3 25395
1227 3 25396
1228 3 14020
1228 3 14667
1228 3 18058
1228 9 18440
1228 9 18608
1229 3 14020
1229 3 17537
1229 3 26856
1230 3 13493
1230 3 13498
1230 3 14020
1230 3 16998
1230 3 31681
1231 3 13169
1231 3 14020
1231 3 27189
1231 3 30118
1232 3 14020
1232 3 25755
1232 3 26738
1232 3 30719
1233 3 14020
1233 3 14667
1233 3 29273
1234 3 11500
1234 3 14020
1234 3 14667
1234 9 17539
1235 3 11500
1235 3 14020
1235 3 14667
1236 3 11500
1236 3 14020
1236 3 14667
1237 3 14020
1237 3 14665
1237 3 14908
1237 3 25245
1238 3 14020
1238 3 15161
1238 3 26738
1239 3 14020
1239 3 14908
1239 3 30417
1240 3 11774
1240 3 14020
1240 3 25395
1240 3 25396
1241 3 11774
1241 3 14020
1241 3 25395
1241 3 25396
1242 3 14020
1242 3 15158
1242 3 15976
1243 3 11500
1243 3 14020
1243 3 14667
1244 3 11500
1244 3 14020
1244 3 14667
1245 3 14020
1245 3 26738
1245 3 29126
1246 3 14020
1246 3 14862
1246 3 17230
1247 3 13520
1247 3 14020
1247 3 14669
1247 9 14823
1248 3 14020
1248 3 26848
1248 3 26856
1249 3 14020
1249 3 24348
1250 3 11774
1250 3 14020
1250 3 25395
1250 3 25396
1251 3 11774
1251 3 14020
1251 3 19062
1251 3 19782
1252 3 14020
1252 3 24348
1252 3 26740
1253 3 11774
1253 3 14020
1253 3 18442
1253 3 26831
1254 3 14020
1254 3 15158
1254 3 15976
1255 3 14020
1255 3 26805
1255 3 26807
1255 3 27910
1256 3 14020
1256 3 26805
1256 3 26807
1256 3 27910
1257 3 14020
1257 3 26805
1257 3 26807
1257 3 27910
1258 3 13169
1258 3 14020
1258 3 27189
1258 3 30118
1259 0 11045
1259 3 11774
1259 3 14020
1259 3 25395
1259 3 25396
1259 9 25405
1259 9 26743
1259 13 24836
1259 14 11058
1260 3 14020
1260 3 15158
1260 3 15976
1261 3 14020
1261 3 25755
1261 3 26738
1261 3 30719
1262 3 11500
1262 3 14020
1262 3 14667
1263 3 14020
1263 3 15161
1263 3 26738
1263 9 11779
1264 3 11278
1264 3 14020
1264 3 26738
1265 3 11500
1265 3 14020
1265 3 14667
1266 3 11774
1266 3 14020
1266 3 25395
1266 3 25396
1267 3 14020
1267 3 14862
1267 3 17230
1268 0 26351
1268 3 13169
1268 3 14020
1268 3 14861
1268 9 29822
1268 13 26351
1269 3 14020
1269 3 26738
1270 3 14020
1270 3 24241
1270 3 25390
1271 3 14020
1271 3 24348
1272 3 14020
1272 3 26738
1273 3 13169
1273 3 14020
1273 3 27189
1273 3 30118
1274 3 11774
1274 3 14020
1274 3 19062
1274 3 19782
1275 3 13493
1275 3 13498
1275 3 14020
1275 3 16998
1275 3 31681
1276 3 11278
1276 3 14020
1276 3 26738
1277 3 14020
1277 3 14908
1277 3 30417
1278 3 14020
1278 3 25755
1278 3 26738
1278 3 30719
1279 3 11278
1279 3 14020
1279 3 26738
1280 3 11500
1280 3 14020
1280 3 14667
1281 3 14020
1281 3 15158
1281 3 15976
1282 3 11500
1282 3 14020
1282 3 14667
1283 3 14020
1283 3 22463
1283 3 22464
1284 3 14020
1284 3 15158
1284 3 17503
1285 3 11774
1285 3 14020
1285 3 25395
1285 3 25396
1286 3 14020
1286 3 25755
1286 3 26738
1286 3 30719
1287 3 14020
1287 3 14908
1287 3 30417
1288 3 14020
1288 3 14908
1288 3 30417
1289 3 14020
1289 3 25755
1289 3 26738
1289 3 30719
1290 3 14020
1290 3 25755
1290 3 26738
1290 3 30719
1291 3 14020
1291 3 25755
1291 3 26738
1291 3 30719
1292 3 14020
1292 3 14908
1292 3 30417
1293 3 11278
1293 3 14020
1293 3 26738
1294 3 14020
1294 3 14862
1294 3 17230
1295 3 11774
1295 3 14020
1295 3 25395
1295 3 25396
1296 3 14020
1296 3 14908
1296 3 30417
1297 3 14020
1297 3 15158
1297 3 15976
1298 3 11500
1298 3 14020
1298 3 14667
1299 3 14020
1299 3 25086
1299 3 29269
1300 0 18461
1300 0 29563
1300 3 14020
1300 3 25086
1300 3 29269
1300 9 18059
1300 9 18440
1300 9 19093
1300 13 18461
1301 3 14020
1301 3 24348
1301 3 26740
1302 3 13520
1302 3 14020
1302 3 14669
1303 3 14020
1303 3 14908
1303 3 30417
1304 3 11500
1304 3 14020
1304 3 14667
1305 3 14020
1305 3 15158
1305 3 15976
1306 3 13169
1306 3 14020
1306 3 27189
1306 3 30118
1307 3 14020
1307 3 14667
1307 3 29273
1308 3 14020
1308 3 14816
1308 3 28994
1309 3 11500
1309 3 14020
1309 3 14667
1310 3 12600
1310 3 14020
1310 3 19923
1311 3 12785
1311 3 14020
1311 3 19923
1312 3 12600
1312 3 14020
1312 3 19923
1313 3 12785
1313 3 14020
1313 3 19923
1314 3 14020
1314 3 26805
1314 3 26807
1314 3 27910
1315 3 14020
1315 3 15158
1315 3 15976
1316 3 14020
1316 3 14665
1316 3 14908
1316 3 25245
1317 3 14020
1317 3 14860
1317 3 19923
1317 3 29783
1318 3 14020
1318 3 14665
1318 3 14908
1318 3 25245
1319 3 14020
1319 3 16343
1319 3 16998
1319 3 26718
1319 3 31681
1320 3 14020
1320 3 22463
1320 3 22464
1321 3 14020
1321 3 14665
1321 3 14908
1321 3 25245
1322 3 14020
1322 3 14908
1322 3 30417
1323 3 14020
1323 3 25755
1323 3 26738
1323 3 30719
1324 3 12785
1324 3 14020
1324 3 19923
1325 3 11277
1325 3 14020
1325 3 26738
1326 3 11278
1326 3 14020
1326 3 26738
1327 3 11500
1327 3 14020
1327 3 14667
1328 3 14020
1328 3 18282
1328 3 27910
1328 3 27912
1329 3 14020
1329 3 25755
1329 3 26738
1329 3 30719
1330 3 11774
1330 3 14020
1330 3 18442
1330 3 26829
1331 3 13169
1331 3 14020
1331 3 14861
1332 3 11500
1332 3 14020
1332 3 14667
1333 3 13167
1333 3 14020
1333 3 14908
1334 3 14020
1334 3 26738
1334 3 30034
1335 3 11500
1335 3 14020
1335 3 14667
1336 3 14020
1336 3 25640
1336 3 25828
1336 3 31229
1337 3 14020
1337 3 24241
1337 3 25390
1338 3 12648
1338 3 12649
1338 3 14020
1338 3 14670
1339 3 14020
1339 3 14670
1339 3 14834
1339 3 17243
1340 3 13346
1340 3 14020
1340 3 29270
1340 3 31681
1341 3 11774
1341 3 14020
1341 3 19062
1341 3 19782
1342 3 11500
1342 3 14020
1342 3 14667
1343 3 14020
1343 3 26805
1343 3 26807
1343 3 27910
1344 3 14020
1344 3 25755
1344 3 26738
1344 3 30719
1345 3 14020
1345 3 14862
1345 3 17230
1346 3 11500
1346 3 14020
1346 3 14667
1347 3 11500
1347 3 14020
1347 3 14667
1348 3 11278
1348 3 14020
1348 3 26738
1349 3 14020
1349 3 14908
1349 3 30417
1350 3 14020
1350 3 26805
1350 3 26806
1350 3 27910
1351 3 11500
1351 3 14020
1351 3 14667
1352 3 11500
1352 3 14020
1352 3 14667
1353 3 11774
1353 3 14020
1353 3 18441
1353 3 18442
1354 3 14020
1354 3 14863
1354 3 26856
1355 3 14020
1355 3 18282
1355 3 27910
1355 3 27912
1356 3 11774
1356 3 14020
1356 3 25395
1356 3 25396
1357 2 13607
1357 2 27579
1357 2 29569
1357 2 30023
1357 3 14020
1357 3 14667
1357 3 18058
1357 9 18059
1357 9 18440
1358 3 14020
1358 3 18282
1358 3 27910
1358 3 27912
1359 3 14020
1359 3 14667
1359 3 18058
1360 3 14020
1360 3 14421
1360 3 14909
1361 3 14020
1361 3 25755
1361 3 26738
1361 3 30719
1362 3 14020
1362 3 26805
1362 3 26807
1362 3 27910
1363 3 11500
1363 3 14020
1363 3 14667
1364 3 14020
1364 3 24348
1364 3 26740
1365 2 26194
1365 3 14020
1365 3 14667
1365 3 18058
1365 9 18059
1365 9 18440
1365 9 29276
1365 9 29277
1366 3 14020
1366 3 17230
1366 3 30717
1367 3 11500
1367 3 14020
1367 3 14667
1368 3 14020
1368 3 25755
1368 3 26738
1368 3 30719
1369 3 11500
1369 3 14020
1369 3 14667
1370 3 14020
1370 3 24241
1370 3 25390
1371 3 11278
1371 3 14020
1371 3 26738
1372 3 14020
1372 3 26805
1372 3 26807
1372 3 27910
1373 3 11500
1373 3 14020
1373 3 14667
1374 3 11278
1374 3 14020
1374 3 26738
1375 3 14020
1375 3 14665
1375 3 14908
1375 3 25245
1376 3 14020
1376 3 25755
1376 3 26738
1377 3 11774
1377 3 14020
1377 3 25395
1377 3 25396
1378 3 14020
1378 3 14421
1378 3 14909
1379 3 14020
1379 3 25755
1379 3 26738
1379 3 30719
1380 3 13169
1380 3 14020
1380 3 14861
1381 3 14020
1381 3 25755
1381 3 26738
1382 3 14020
1382 3 14867
1382 3 16998
1382 3 31681
1383 3 11500
1383 3 14020
1383 3 14667
1384 3 14020
1384 3 25755
1384 3 26738
1384 3 30719
1385 3 11774
1385 3 14020
1385 3 18441
1385 3 18442
1386 3 11500
1386 3 14020
1386 3 14667
1387 3 14020
1387 3 15161
1387 3 26738
1388 3 13167
1388 3 14020
1388 3 14908
1389 3 14020
1389 3 16343
1389 3 16998
1389 3 26718
1389 3 31681
1390 3 14020
1390 3 14667
1390 3 18058
1391 3 14020
1391 3 14667
1391 3 18058
1392 3 11774
1392 3 14020
1392 3 18442
1392 3 26829
1393 3 11773
1393 3 14020
1393 3 24348
1394 3 14020
1394 3 19923
1394 3 19924
1395 3 12785
1395 3 14020
1395 3 19923
1396 3 14020
1396 3 19923
1396 3 19924
1397 3 14020
1397 3 19923
1397 3 19924
1398 3 11774
1398 3 14020
1398 3 19062
1398 3 19782
1399 3 11774
1399 3 14020
1399 3 18442
1399 3 26829
1400 3 11500
1400 3 14020
1400 3 14667
1401 3 13497
1401 3 14020
1401 3 14667
1402 3 14020
1402 3 14667
1402 3 29273
1403 3 14020
1403 3 14667
1403 3 18058
1404 3 14020
1404 3 14667
1404 3 18058
1405 3 11500
1405 3 14020
1405 3 14667
1406 3 11500
1406 3 14020
1406 3 14667
1407 3 13169
1407 3 14020
1407 3 15754
1407 3 27189
1408 3 13169
1408 3 14020
1408 3 16543
1409 3 14020
1409 3 14480
1409 3 18791
1410 3 14020
1410 3 18282
1410 3 27910
1410 3 27912
1411 3 14020
1411 3 14667
1411 3 26816
1412 3 11500
1412 3 14020
1412 3 14667
1413 3 14020
1413 3 25640
1413 3 25828
1413 3 31229
1414 3 14020
1414 3 25640
1414 3 25828
1414 3 31229
1415 3 14020
1415 3 19923
1415 3 19924
1416 3 11774
1416 3 14020
1416 3 25395
1416 3 25396
1417 3 12785
1417 3 14020
1417 3 19923
1418 3 14020
1418 3 19923
1418 3 19924
1419 3 11774
1419 3 14020
1419 3 25395
1419 3 25396
1420 3 14020
1420 3 25699
1420 3 31681
1421 3 11278
1421 3 14020
1421 3 26738
1422 3 14020
1422 3 24348
1422 3 26740
1423 3 14020
1423 3 14667
1423 3 29273
1424 0 14408
1424 3 11837
1424 3 14020
1424 3 14908
1424 13 23428
1425 3 14020
1425 3 14667
1425 3 18058
1426 3 14020
1426 3 25085
1426 3 29269
1427 3 14020
1427 3 22463
1427 3 22464
1428 3 11774
1428 3 14020
1428 3 18161
1428 3 18162
1429 3 14020
1429 3 19923
1429 3 19924
1430 3 14020
1430 3 19923
1430 3 19924
1431 3 14020
1431 3 14862
1431 3 17230
1432 3 14020
1432 3 15158
1432 3 18832
1433 3 14020
1433 3 26805
1433 3 26807
1433 3 27910
1434 3 11277
1434 3 14020
1434 3 26738
1435 3 11500
1435 3 14020
1435 3 14667
1436 3 11500
1436 3 14020
1436 3 14667
1437 3 14020
1437 3 26805
1437 3 26807
1437 3 27910
1438 3 11500
1438 3 14020
1438 3 14667
1439 3 13169
1439 3 14020
1439 3 27189
1439 3 30118
1440 3 13493
1440 3 13498
1440 3 14020
1440 3 16998
1440 3 31681
1441 3 11277
1441 3 14020
1441 3 26738
1442 3 14020
1442 3 19923
1442 3 19924
1443 3 12785
1443 3 14020
1443 3 19923
1444 3 14020
1444 3 25755
1444 3 26738
1445 3 14020
1445 3 25755
1445 3 26738
1446 3 14020
1446 3 25755
1446 3 26738
1446 3 30719
1447 3 11277
1447 3 14020
1447 3 26738
1448 3 11500
1448 3 14020
1448 3 14667
1449 3 14020
1449 3 26856
1449 3 29263
1450 3 11774
1450 3 14020
1450 3 18442
1450 3 26829
1451 3 14020
1451 3 15158
1451 3 15976
1452 3 14020
1452 3 25756
1452 3 27910
1452 3 27918
1453 3 13520
1453 3 14020
1453 3 25128
1454 3 14020
1454 3 14670
1454 3 29819
1455 3 14020
1455 3 14665
1455 3 14908
1455 3 25754
1456 3 14020
1456 3 14667
1456 3 18058
1457 3 14020
1457 3 15161
1457 3 26738
1458 3 11774
1458 3 14020
1458 3 25395
1458 3 25396
1459 3 14020
1459 3 14862
1459 3 17230
1460 3 13520
1460 3 14020
1460 3 25128
1461 3 12785
1461 3 14020
1461 3 19923
1462 3 14020
1462 3 19923
1462 3 19924
1463 3 11774
1463 3 14020
1463 3 18441
1463 3 18442
1464 3 14020
1464 3 14908
1464 3 30417
1465 3 14020
1465 3 14860
1465 3 19923
1465 3 29783
1466 3 14020
1466 3 25755
1466 3 26738
1466 3 30719
1467 3 12785
1467 3 14020
1467 3 19923
1468 3 11277
1468 3 14020
1468 3 26738
1469 3 11774
1469 3 14020
1469 3 25395
1469 3 25396
1470 3 11500
1470 3 14020
1470 3 14667
1471 3 14020
1471 3 15158
1471 3 15976
1472 3 14020
1472 3 25699
1472 3 31681
1473 3 11773
1473 3 14020
1473 3 24348
1474 3 14020
1474 3 25086
1474 3 29269
1475 3 14020
1475 3 14667
1475 3 18058
1475 9 17538
1475 9 18444
1475 9 27041
1475 9 27043
1476 3 14020
1476 3 25755
1476 3 26738
1476 3 30719
1477 3 14020
1477 3 14908
1477 3 30417
1478 3 11500
1478 3 14020
1478 3 14667
1479 3 14020
1479 3 14908
1479 3 30417
1480 3 14020
1480 3 14908
1480 3 30417
1481 3 11278
1481 3 14020
1481 3 26738
1482 3 11500
1482 3 14020
1482 3 14667
1483 0 29323
1483 3 11773
1483 3 14020
1483 3 24348
1483 9 25714
1483 13 21053
1483 14 11061
1484 3 13169
1484 3 14020
1484 3 27189
1484 3 30118
1485 3 11774
1485 3 14020
1485 3 25395
1485 3 25396
1486 3 14020
1486 3 25755
1486 3 26738
1486 3 30719
1487 3 14020
1487 3 26856
1487 3 29263
1488 3 13169
1488 3 14020
1488 3 15754
1488 3 27189
1489 3 11773
1489 3 14020
1489 3 24348
1490 3 11773
1490 3 14020
1490 3 24348
1491 3 14020
1491 3 25755
1491 3 26738
1491 3 30719
1492 3 14020
1492 3 25640
1492 3 25828
1492 3 31229
1493 3 11500
1493 3 14020
1493 3 14667
1494 3 11500
1494 3 14020
1494 3 14667
1495 3 11773
1495 3 14020
1495 3 24348
1496 3 13167
1496 3 14020
1496 3 14908
1497 3 11500
1497 3 14020
1497 3 14667
1498 3 14020
1498 3 22463
1498 3 22464
1499 3 11277
1499 3 14020
1499 3 26738
1500 3 13169
1500 3 14020
1500 3 27189
1500 3 30118
1501 3 13169
1501 3 14020
1501 3 14861
1502 3 14020
1502 3 14862
1502 3 17230
1503 3 11278
1503 3 14020
1503 3 26738
1504 3 14020
1504 3 14862
1504 3 17230
1505 3 11278
1505 3 14020
1505 3 26738
1506 3 14020
1506 3 14667
1507 3 14020
1507 3 14665
1507 3 14908
1507 3 25245
1508 3 13169
1508 3 14020
1508 3 16341
1508 3 27189
1509 3 14020
1509 3 19923
1509 3 19924
1510 3 13169
1510 3 14020
1510 3 14271
1510 3 27189
1511 0 21682
1511 3 14020
1511 3 26805
1511 3 26807
1511 3 27910
1511 9 12644
1511 13 21682
1511 14 11059
1512 3 14020
1512 3 25755
1512 3 26738
1512 3 30719
1513 3 11500
1513 3 14020
1513 3 14667
1514 3 14020
1514 3 22463
1514 3 22464
1515 3 11157
1515 3 14020
1515 3 19923
1516 3 11774
1516 3 14020
1516 3 25395
1516 3 25396
1517 3 13164
1517 3 14020
1517 3 26856
1517 3 29263
1518 3 14020
1518 3 17231
1518 3 27910
1518 9 11279
1518 9 26745
1519 3 14020
1519 3 14670
1519 3 14834
1519 3 17243
1520 0 11291
1520 3 11500
1520 3 14020
1520 3 14667
1520 9 13172
1520 9 18059
1520 13 13567
1520 14 11059
1521 0 11291
1521 3 11500
1521 3 14020
1521 3 14667
1521 9 18440
1521 9 18608
1521 9 26813
1521 13 19295
1521 14 11057
1522 3 11500
1522 3 14020
1522 3 14667
1523 3 14020
1523 3 24348
1523 3 26740
1524 3 14020
1524 3 25755
1524 3 26738
1524 3 30719
1525 3 14020
1525 3 25755
1525 3 26738
1525 3 30719
1526 3 14020
1526 3 25755
1526 3 26738
1526 3 30719
1527 3 14020
1527 3 15158
1527 3 18832
1527 9 14865
1527 9 18764
1527 9 25379
1528 3 11774
1528 3 14020
1528 3 29126
1529 3 14020
1529 3 25755
1529 3 26738
1529 3 30719
1530 3 14020
1530 3 25699
1530 3 31681
1531 3 14020
1531 3 25640
1531 3 25828
1531 3 31229
1532 3 14020
1532 3 14862
1532 3 17230
1533 3 11773
1533 3 14020
1533 3 24348
1534 3 14020
1534 3 14664
1534 3 19923
1534 3 29783
1535 3 14020
1535 3 19923
1535 3 19924
1536 3 14020
1536 3 14280
1536 3 23263
1537 3 14020
1537 3 17537
1537 3 26856
1538 3 14020
1538 3 26848
1538 3 26856
1539 3 14020
1539 3 25640
1539 3 25828
1539 3 31229
1540 3 11774
1540 3 11829
1540 3 14020
1541 3 14020
1541 3 15161
1541 3 26738
1542 3 14020
1542 3 17537
1542 3 26856
1543 3 13169
1543 3 14020
1543 3 15754
1543 3 27189
1544 3 14020
1544 3 15161
1544 3 26738
1545 3 14020
1545 3 14670
1545 3 17243
1545 3 25885
1545 3 30206
1546 3 14020
1546 3 14670
1546 3 17243
1546 3 23525
1546 3 30206
1547 3 14020
1547 3 14670
1547 3 17243
1547 3 25885
1547 3 30206
1548 3 14020
1548 3 14670
1548 3 17243
1548 3 30206
1548 3 30595
1549 3 14020
1549 3 14670
1549 3 17243
1549 3 29682
1550 3 14020
1550 3 25755
1550 3 26738
1550 3 30719
1551 3 12649
1551 3 14020
1551 3 14670
1551 3 31331
1552 3 13493
1552 3 13498
1552 3 14020
1552 3 16998
1552 3 31681
1553 3 14020
1553 3 14667
1553 3 29273
1554 3 14020
1554 3 14908
1554 3 30417
1555 3 14020
1555 3 14908
1555 3 30417
1556 3 14020
1556 3 14908
1556 3 30417
1557 3 14020
1557 3 26805
1557 3 26807
1557 3 27910
1558 3 14020
1558 3 14480
1558 3 18791
1559 3 11500
1559 3 14020
1559 3 14667
1560 3 11500
1560 3 14020
1560 3 14667
1561 3 14020
1561 3 16343
1561 3 16998
1561 3 26718
1561 3 31681
1562 3 13169
1562 3 14020
1562 3 14861
1563 3 14020
1563 3 14908
1563 3 30417
1564 3 11774
1564 3 14020
1564 3 18442
1564 3 26829
1565 3 14020
1565 3 25755
1565 3 26738
1565 3 30719
1566 3 14020
1566 3 26738
1566 3 29126
1567 3 14020
1567 3 16152
1567 3 25755
1567 3 26738
1568 3 14020
1568 3 14872
1568 3 19923
1569 3 13169
1569 3 14020
1569 3 14271
1569 3 27189
1570 3 14020
1570 3 14664
1570 3 19923
1570 3 29783
1571 3 14020
1571 3 14667
1571 3 18058
1572 3 11774
1572 3 14020
1572 3 25395
1572 3 25396
1573 3 14020
1573 3 14908
1573 3 30417
1574 3 14020
1574 3 15158
1574 3 15976
1575 3 14020
1575 3 15161
1575 3 26738
1576 3 14020
1576 3 25755
1576 3 26738
1577 3 14020
1577 3 25755
1577 3 26738
1578 3 14020
1578 3 14667
1578 3 26816
1579 3 14020
1579 3 14667
1579 3 26816
1580 3 14020
1580 3 25755
1580 3 26738
1580 3 30719
1581 3 14020
1581 3 15158
1581 3 15976
1582 3 14020
1582 3 18282
1582 3 27910
1582 3 27912
1583 0 22644
1583 3 14020
1583 3 14908
1583 3 30417
1583 9 14913
1584 3 12785
1584 3 14020
1584 3 19923
1585 3 14020
1585 3 15158
1585 3 15976
1586 3 13520
1586 3 14020
1586 3 14669
1587 3 14020
1587 3 26738
1588 3 11774
1588 3 14020
1588 3 25395
1588 3 25396
1589 3 11500
1589 3 14020
1589 3 14667
1590 3 14020
1590 3 26805
1590 3 26807
1590 3 27910
1591 3 14020
1591 3 19923
1591 3 19924
1592 3 13169
1592 3 14020
1592 3 15754
1592 3 27189
1593 3 14020
1593 3 26805
1593 3 26807
1593 3 27910
1594 3 14020
1594 3 26805
1594 3 26807
1594 3 27910
1595 3 14020
1595 3 26805
1595 3 26807
1595 3 27910
1596 0 19888
1596 3 14020
1596 3 25755
1596 3 26738
1596 3 30719
1596 9 16342
1596 9 18443
1596 13 29145
1596 14 11059
1597 3 14020
1597 3 26805
1597 3 26807
1597 3 27910
1598 3 14020
1598 3 25755
1598 3 26738
1599 3 14020
1599 3 14860
1599 3 19923
1599 3 29783
1600 3 14020
1600 3 14872
1600 3 19923
1601 3 14020
1601 3 15158
1601 3 16556
1602 3 14020
1602 3 25755
1602 3 26738
1602 3 30719
1603 3 11837
1603 3 14020
1603 3 14908
1604 3 14020
1604 3 14667
1604 3 26816
1605 3 11774
1605 3 14020
1605 3 25395
1605 3 25396
1606 3 14020
1606 3 17537
1606 3 26856
1607 3 14020
1607 3 14665
1607 3 14908
1607 3 25245
1608 3 12785
1608 3 14020
1608 3 19923
1609 3 14020
1609 3 15158
1609 3 16556
1610 3 11500
1610 3 14020
1610 3 14667
1611 3 14020
1611 3 14872
1611 3 19923
1612 3 13169
1612 3 14020
1612 3 14861
1613 3 14020
1613 3 26856
1613 3 29263
1614 3 11774
1614 3 14020
1614 3 25395
1614 3 25396
1615 3 14020
1615 3 26629
1615 3 26856
1615 3 29263
1616 3 14020
1616 3 19923
1616 3 29168
1617 3 11772
1617 3 11774
1617 3 14020
1617 3 18162
1617 3 19071
1618 3 14020
1618 3 25755
1618 3 26738
1618 3 30719
1619 3 14020
1619 3 22463
1619 3 22464
1620 3 11774
1620 3 14020
1620 3 18162
1620 3 19071
1621 3 13169
1621 3 14020
1621 3 27189
1621 3 30118
1622 3 14020
1622 3 26738
1622 3 29188
1623 3 11774
1623 3 14020
1623 3 18442
1623 3 26812
1624 3 11500
1624 3 14020
1624 3 14667
1625 3 11772
1625 3 11774
1625 3 14020
1625 3 18162
1625 3 19071
1626 3 14020
1626 3 26805
1626 3 26807
1626 3 27910
1627 3 13169
1627 3 14020
1627 3 27189
1627 3 30118
1628 3 13169
1628 3 14020
1628 3 27189
1628 3 30118
1629 3 14020
1629 3 14667
1629 3 26816
1630 3 11774
1630 3 13495
1630 3 13507
1630 3 14020
1631 3 14020
1631 3 14863
1631 3 26856
1632 3 14020
1632 3 27910
1632 3 27912
1633 3 14020
1633 3 25755
1633 3 26738
1633 3 30719
1634 3 11774
1634 3 14020
1634 3 18442
1634 3 26829
1635 3 14020
1635 3 25755
1635 3 26738
1635 3 30719
1636 3 11773
1636 3 14020
1636 3 24348
1637 3 11500
1637 3 14020
1637 3 14667
1638 3 11278
1638 3 14020
1638 3 26738
1639 3 14020
1639 3 26629
1639 3 26856
1639 3 29263
1640 3 14020
1640 3 26629
1640 3 26856
1640 3 29263
1641 3 11278
1641 3 14020
1641 3 26738
1642 3 13520
1642 3 14020
1642 3 25128
1643 3 13493
1643 3 13498
1643 3 14020
1643 3 16998
1643 3 31681
1644 3 11500
1644 3 14020
1644 3 14667
1645 3 13169
1645 3 14020
1645 3 29161
1646 3 14020
1646 3 15158
1646 3 15976
1647 3 11277
1647 3 14020
1647 3 26738
1648 3 14020
1648 3 14862
1648 3 17230
1649 3 14020
1649 3 14862
1649 3 17230
1650 3 14020
1650 3 14862
1650 3 17230
1651 3 12785
1651 3 14020
1651 3 19923
1652 3 11774
1652 3 14020
1653 3 14020
1653 3 26738
1653 3 29188
1654 3 11157
1654 3 14020
1654 3 19923
1655 3 14020
1655 3 26856
1655 3 29263
1656 3 14020
1656 3 16340
1656 3 27039
1657 3 14020
1657 3 15161
1657 3 26738
1658 3 11277
1658 3 14020
1658 3 26738
1659 3 11773
1659 3 14020
1659 3 24348
1660 3 11500
1660 3 14020
1660 3 14667
1661 3 14020
1661 3 26805
1661 3 26807
1661 3 27910
1662 3 14020
1662 3 26805
1662 3 26807
1662 3 27910
1663 3 13493
1663 3 13498
1663 3 14020
1663 3 16998
1663 3 31681
1664 3 14020
1664 3 25699
1664 3 31681
1665 3 11774
1665 3 14020
1665 3 19062
1665 3 19063
1666 3 13169
1666 3 14020
1666 3 14861
1667 3 14020
1667 3 14908
1667 3 30417
1668 3 13169
1668 3 14020
1668 3 14861
1669 3 14020
1669 3 15158
1669 3 16556
1670 3 13493
1670 3 13498
1670 3 14020
1670 3 16998
1670 3 31681
1671 3 13493
1671 3 13498
1671 3 14020
1671 3 16998
1671 3 31681
1672 3 13493
1672 3 13498
1672 3 14020
1672 3 16998
1672 3 31681
1673 3 13493
1673 3 13498
1673 3 14020
1673 3 16998
1673 3 31681
1674 3 13493
1674 3 13498
1674 3 14020
1674 3 16998
1674 3 31681
1675 3 13493
1675 3 13498
1675 3 14020
1675 3 16998
1675 3 31681
1676 3 13493
1676 3 13498
1676 3 14020
1676 3 16998
1676 3 31681
1677 3 13493
1677 3 13498
1677 3 14020
1677 3 16998
1677 3 31681
1678 3 13493
1678 3 13498
1678 3 14020
1678 3 16998
1678 3 31681
1679 3 11774
1679 3 11829
1679 3 14020
1680 0 11671
1680 3 11773
1680 3 14020
1680 3 24348
1681 3 14020
1681 3 14908
1681 3 30417
1682 3 11774
1682 3 14020
1682 3 18442
1682 3 26831
1683 3 14020
1683 3 22463
1683 3 22464
1684 3 11278
1684 3 14020
1684 3 26738
1685 3 13169
1685 3 14020
1685 3 14861
1686 3 11500
1686 3 14020
1686 3 14667
1687 3 11774
1687 3 13495
1687 3 13507
1687 3 14020
1688 3 11774
1688 3 14020
1688 3 19062
1688 3 19063
1689 3 11500
1689 3 14020
1689 3 14667
1690 3 11278
1690 3 14020
1690 3 26738
1691 3 11774
1691 3 14020
1692 0 28585
1692 3 11500
1692 3 14020
1692 3 14667
1692 14 11061
1693 3 14020
1693 3 14667
1693 3 29273
1694 3 11278
1694 3 14020
1694 3 26738
1695 3 11500
1695 3 14020
1695 3 14667
1696 3 11773
1696 3 14020
1696 3 24348
1697 3 11277
1697 3 14020
1697 3 26738
1697 9 11281
1697 9 26743
1697 9 26745
1697 9 26856
1697 9 29189
1698 3 11774
1698 3 14020
1698 3 18442
1698 3 26829
1698 9 16554
1698 9 19074
1698 9 25641
1699 3 13169
1699 3 14020
1699 3 24323
1699 3 27189
1700 3 11500
1700 3 14020
1700 3 14667
1701 3 13169
1701 3 14020
1701 3 14861
1702 3 11773
1702 3 14020
1702 3 24348
1703 3 11774
1703 3 13495
1703 3 13507
1703 3 14020
1704 3 11500
1704 3 14020
1704 3 14667
1705 3 11500
1705 3 14020
1705 3 14667
1706 3 14020
1706 3 16340
1706 3 27039
1707 3 14020
1707 3 19923
1707 3 19924
1708 3 11774
1708 3 14020
1708 3 19062
1708 3 19063
1709 3 14020
1709 3 25640
1709 3 25828
1709 3 31229
1710 3 14020
1710 3 27910
1710 3 27912
1710 3 29011
1711 3 14020
1711 3 14863
1711 3 26856
1712 3 11774
1712 3 11830
1712 3 14020
1712 3 18442
1713 3 14020
1713 3 25085
1713 3 29269
1714 3 11278
1714 3 14020
1714 3 26738
1715 3 11500
1715 3 14020
1715 3 14667
1716 3 11773
1716 3 14020
1716 3 24348
1717 3 13493
1717 3 13498
1717 3 14020
1717 3 16998
1717 3 31681
1718 0 30147
1718 3 13493
1718 3 13498
1718 3 14020
1718 3 16998
1718 3 31681
1718 9 25405
1718 9 26745
1718 13 27266
1719 3 14020
1719 3 14862
1719 3 17230
1720 3 14020
1720 3 14863
1720 3 26856
1721 3 14020
1721 3 14863
1721 3 26856
1721 9 16345
1721 9 23173
1721 9 30722
1722 3 14020
1722 3 27910
1722 3 27912
1722 3 29011
1723 3 11774
1723 3 11829
1723 3 14020
1724 3 14020
1724 3 14908
1724 3 30417
1725 3 11278
1725 3 14020
1725 3 26738
1726 3 11773
1726 3 14020
1726 3 24348
1727 3 13493
1727 3 13498
1727 3 14020
1727 3 16998
1727 3 31681
1728 3 14020
1728 3 26738
1728 3 29126
1729 3 14020
1729 3 14908
1729 3 30417
1730 3 14020
1730 3 15161
1730 3 26738
1731 3 12799
1731 3 14020
1731 3 14867
1731 3 16998
1731 3 31681
1732 3 14020
1732 3 19923
1732 3 19924
1733 3 14020
1733 3 19923
1733 3 19924
1734 3 14020
1734 3 19923
1734 3 19924
1735 3 14020
1735 3 19923
1735 3 19924
1736 3 14020
1736 3 27910
1736 3 27912
1736 3 29011
1737 3 14020
1737 3 27910
1737 3 27912
1737 3 29011
1738 3 13169
1738 3 14020
1738 3 27189
1738 3 30118
1739 3 11277
1739 3 14020
1739 3 26738
1740 3 13167
1740 3 14020
1740 3 14908
1741 3 11772
1741 3 11774
1741 3 14020
1741 3 18162
1741 3 19071
1742 3 11774
1742 3 13495
1742 3 13507
1742 3 14020
1743 3 11500
1743 3 14020
1743 3 14667
1744 3 14020
1744 3 14862
1744 3 17230
1745 3 14020
1745 3 26856
1745 3 29263
1746 3 11278
1746 3 14020
1746 3 26738
1747 3 11774
1747 3 14020
1748 3 13248
1748 3 13809
1748 3 14020
1748 3 14989
1748 3 31681
1749 3 14020
1749 3 14802
1749 3 29270
1749 3 31681
1750 3 14020
1750 3 25640
1750 3 25828
1750 3 31229
1751 3 14020
1751 3 18043
1751 3 25755
1751 3 26738
1752 3 14020
1752 3 18043
1752 3 25755
1752 3 26738
1753 3 14020
1753 3 24348
1753 3 26740
1754 3 13520
1754 3 14020
1754 3 25128
1755 3 14020
1755 3 14480
1755 3 18791
1756 3 11774
1756 3 14020
1756 3 25395
1756 3 25396
1757 3 11500
1757 3 14020
1757 3 14667
1758 3 11773
1758 3 14020
1758 3 24348
1759 3 11277
1759 3 14020
1759 3 26738
1760 3 11500
1760 3 14020
1760 3 14667
1761 3 11773
1761 3 14020
1761 3 24348
1762 3 11774
1762 3 14020
1762 3 25395
1762 3 25396
1763 3 14020
1763 3 26805
1763 3 26807
1763 3 27910
1764 3 11278
1764 3 14020
1764 3 26738
1765 3 14020
1765 3 25085
1765 3 29269
1766 3 14020
1766 3 14862
1766 3 17230
1767 3 14020
1767 3 14862
1767 3 17230
1768 3 14020
1768 3 17537
1768 3 26856
1769 3 13493
1769 3 13498
1769 3 14020
1769 3 16998
1769 3 31681
1770 3 11773
1770 3 14020
1770 3 24348
1771 3 11500
1771 3 14020
1771 3 14667
1772 3 11277
1772 3 14020
1772 3 26738
1773 3 14020
1773 3 16344
1773 3 26738
1773 9 16345
1773 9 19923
1773 9 26743
1773 9 29189
1774 3 13169
1774 3 14020
1774 3 14271
1774 3 27189
1775 3 13277
1775 3 13346
1775 3 14020
1775 3 29270
1775 3 31681
1776 3 12785
1776 3 14020
1776 3 19923
1777 3 14020
1777 3 14666
1777 3 26856
1778 3 11774
1778 3 14020
1778 3 18442
1778 3 26812
1779 3 11774
1779 3 14020
1779 3 18442
1779 3 26812
1780 3 11774
1780 3 14020
1780 3 18442
1780 3 26812
1781 3 14020
1781 3 26805
1781 3 26807
1781 3 27910
1782 3 14020
1782 3 14666
1782 3 26856
1783 3 13164
1783 3 14020
1783 3 26856
1783 3 29263
1784 3 14020
1784 3 14667
1784 3 29273
1785 3 11278
1785 3 14020
1785 3 26738
1786 3 11278
1786 3 14020
1786 3 26738
1787 3 13493
1787 3 13498
1787 3 14020
1787 3 16998
1787 3 31681
1788 3 14020
1788 3 26805
1788 3 26807
1788 3 27910
1789 3 13493
1789 3 13498
1789 3 14020
1789 3 16998
1789 3 31681
1790 3 11500
1790 3 14020
1790 3 14667
1791 3 14020
1791 3 17537
1791 3 26856
1792 3 14020
1792 3 17537
1792 3 26856
1793 3 11500
1793 3 14020
1793 3 14667
1793 9 12440
1793 9 18061
1793 9 18440
1793 9 26813
1794 3 13164
1794 3 14020
1794 3 26856
1794 3 29263
1795 3 14020
1795 3 15158
1795 3 15976
1796 3 14020
1796 3 25755
1796 3 26738
1796 3 30719
1797 3 13493
1797 3 13498
1797 3 14020
1797 3 16998
1797 3 31681
1798 3 14020
1798 3 14860
1798 3 19923
1798 3 29783
1799 3 14020
1799 3 24348
1800 3 14020
1800 3 26805
1800 3 26807
1800 3 27910
1801 3 14020
1801 3 26805
1801 3 26807
1801 3 27910
1802 3 14020
1802 3 19923
1802 3 19924
1803 3 14020
1803 3 19923
1803 3 19924
1804 3 11774
1804 3 14020
1804 3 25395
1804 3 25396
1805 3 14020
1805 3 26805
1805 3 26807
1805 3 27910
1806 3 14020
1806 3 26805
1806 3 26807
1806 3 27910
1807 3 13493
1807 3 13498
1807 3 14020
1807 3 16998
1807 3 31681
1808 3 14020
1808 3 14862
1808 3 17230
1809 3 14020
1809 3 26805
1809 3 26807
1809 3 27910
1810 3 14020
1810 3 26805
1810 3 26807
1810 3 27910
1811 3 14020
1811 3 26805
1811 3 26807
1811 3 27910
1812 3 14020
1812 3 26805
1812 3 26807
1812 3 27910
1813 3 13809
1813 3 14020
1813 3 14989
1813 3 31681
1814 3 14020
1814 3 14860
1814 3 19923
1814 3 29783
1814 9 18763
1815 3 14020
1815 3 14860
1815 3 19923
1815 3 29783
1816 3 11774
1816 3 14020
1816 3 25395
1816 3 25396
1817 3 11774
1817 3 14020
1817 3 25395
1817 3 25396
1818 3 11774
1818 3 14020
1818 3 25395
1818 3 25396
1819 3 11774
1819 3 14020
1819 3 25395
1819 3 25396
1820 3 13277
1820 3 13346
1820 3 14020
1820 3 29270
1820 3 31681
1821 3 14020
1821 3 16344
1821 3 26738
1822 3 11774
1822 3 14020
1822 3 25395
1822 3 25396
1823 3 14020
1823 3 19923
1823 3 22462
1824 3 11774
1824 3 14020
1824 3 25395
1824 3 25396
1825 3 11500
1825 3 14020
1825 3 14667
1826 3 11774
1826 3 14020
1826 3 19062
1826 3 19063
1827 3 11774
1827 3 14020
1827 3 25395
1827 3 25396
1828 3 14020
1828 3 25086
1828 3 29269
1829 3 14020
1829 3 26805
1829 3 26807
1829 3 27910
1830 3 11500
1830 3 14020
1830 3 14667
1831 3 11500
1831 3 14020
1831 3 14667
1832 3 11774
1832 3 14020
1832 3 25395
1832 3 25396
1833 3 11774
1833 3 14020
1833 3 25395
1833 3 25396
1834 3 14020
1834 3 18043
1834 3 25755
1834 3 26738
1835 3 14020
1835 3 14666
1835 3 26856
1836 3 14020
1836 3 15158
1836 3 15976
1837 3 13493
1837 3 13498
1837 3 14020
1837 3 16998
1837 3 31681
1838 3 11774
1838 3 14020
1838 3 25395
1838 3 25396
1839 3 14020
1839 3 26805
1839 3 26807
1839 3 27910
1840 3 11774
1840 3 14020
1840 3 25395
1840 3 25396
1841 3 11500
1841 3 14020
1841 3 14667
1842 3 11500
1842 3 14020
1842 3 14667
1843 3 11278
1843 3 14020
1843 3 26738
1844 3 11500
1844 3 14020
1844 3 14667
1845 3 14020
1845 3 14480
1845 3 18791
1846 3 13169
1846 3 14020
1846 3 14861
1847 3 14020
1847 3 25755
1847 3 26738
1847 3 30719
1848 3 13494
1848 3 13496
1848 3 14020
1848 3 17230
1849 3 13493
1849 3 13498
1849 3 14020
1849 3 16998
1849 3 31681
1850 3 11278
1850 3 14020
1850 3 26738
1851 3 14020
1851 3 26805
1851 3 26807
1851 3 27910
1852 3 11500
1852 3 14020
1852 3 14667
1853 3 14020
1853 3 26805
1853 3 26807
1853 3 27910
1854 3 11774
1854 3 14020
1854 3 29126
1855 3 11774
1855 3 14020
1855 3 25395
1855 3 25396
1856 3 14020
1856 3 14862
1856 3 17230
1857 3 11774
1857 3 14020
1857 3 29126
1858 3 11278
1858 3 14020
1858 3 26738
1859 3 11774
1859 3 14020
1859 3 25395
1859 3 25396
1860 3 11837
1860 3 14020
1860 3 14908
1861 3 14020
1861 3 15158
1861 3 15976
1862 3 11774
1862 3 14020
1862 3 25395
1862 3 25396
1863 3 14020
1863 3 17537
1863 3 26856
1864 3 14020
1864 3 14667
1864 3 18058
1865 3 11500
1865 3 14020
1865 3 14667
1866 3 14020
1866 3 14667
1866 3 18058
1867 3 11774
1867 3 14020
1867 3 19062
1867 3 19063
1868 3 14020
1868 3 14421
1868 3 26739
1869 3 11774
1869 3 14020
1869 9 11779
1869 9 18267
1870 3 11500
1870 3 14020
1870 3 14667
1871 3 11773
1871 3 14020
1871 3 24348
1872 3 14020
1872 3 15158
1872 3 18832
1873 3 11277
1873 3 14020
1873 3 26738
1874 3 14020
1874 3 15158
1874 3 15976
1875 3 11774
1875 3 14020
1875 3 25396
1876 3 11277
1876 3 11774
1876 3 14020
1876 3 25396
1876 3 26738
1877 3 14020
1877 3 15158
1877 3 15976
1878 3 13493
1878 3 13498
1878 3 14020
1878 3 16998
1878 3 31681
1879 3 11500
1879 3 14020
1879 3 14667
1880 3 11500
1880 3 14020
1880 3 14667
1881 3 11500
1881 3 14020
1881 3 14667
1882 3 11500
1882 3 14020
1882 3 14667
1883 3 14020
1883 3 25755
1883 3 26738
1883 3 30719
1884 3 11500
1884 3 14020
1884 3 14667
1885 3 13520
1885 3 14020
1885 3 25128
1886 3 13493
1886 3 13498
1886 3 14020
1886 3 16998
1886 3 31681
1887 3 13493
1887 3 13498
1887 3 14020
1887 3 16998
1887 3 31681
1888 3 11774
1888 3 14020
1888 3 18442
1888 3 26812
1889 3 14020
1889 3 18282
1889 3 27910
1889 3 27912
1890 3 14020
1890 3 16998
1890 3 28598
1890 3 29780
1890 3 31681
1891 3 14020
1891 3 17537
1891 3 26856
1892 3 14020
1892 3 26805
1892 3 26807
1892 3 27910
1893 3 13493
1893 3 13498
1893 3 14020
1893 3 16998
1893 3 31681
1894 3 13164
1894 3 14020
1894 3 26856
1894 3 29263
1895 3 13164
1895 3 14020
1895 3 26856
1895 3 29263
1896 3 13164
1896 3 14020
1896 3 26856
1896 3 29263
1897 3 14020
1897 3 14421
1897 3 26739
1898 3 14020
1898 3 25640
1898 3 25828
1898 3 31229
1899 3 11500
1899 3 14020
1899 3 14667
1900 3 11774
1900 3 14020
1900 3 25395
1900 3 25396
1901 3 11500
1901 3 14020
1901 3 14667
1902 3 14020
1902 3 26805
1902 3 26807
1902 3 27910
1903 3 14020
1903 3 15161
1903 3 26738
1904 3 14020
1904 3 14862
1904 3 17230
1905 3 11500
1905 3 14020
1905 3 14667
1906 3 14020
1906 3 14862
1906 3 17230
1907 3 11278
1907 3 14020
1907 3 26738
1908 3 14020
1908 3 25755
1908 3 26738
1908 3 30719
1909 3 11500
1909 3 14020
1909 3 14667
1910 3 11500
1910 3 14020
1910 3 14667
1911 3 11278
1911 3 14020
1911 3 26738
1912 0 30147
1912 3 11774
1912 3 14020
1912 3 25395
1912 3 25396
1912 9 25405
1912 9 26743
1912 9 27917
1912 13 27741
1912 13 30147
1912 14 11058
1913 3 11500
1913 3 14020
1913 3 14667
1914 3 11278
1914 3 14020
1914 3 26738
1915 3 11500
1915 3 14020
1915 3 14667
1916 3 14020
1916 3 26738
1916 3 29126
1917 3 14020
1917 3 26738
1917 3 29126
1918 3 11774
1918 3 14020
1918 3 25395
1918 3 25396
1919 0 16323
1919 3 11500
1919 3 14020
1919 3 14667
1919 9 27917
1919 13 13064
1919 14 11057
1920 3 11278
1920 3 14020
1920 3 26738
1921 3 11500
1921 3 14020
1921 3 14667
1922 3 11774
1922 3 14020
1922 3 25395
1922 3 25396
1923 3 14020
1923 3 14862
1923 3 17230
1924 3 14020
1924 3 22463
1924 3 22465
1925 3 14020
1925 3 19923
1925 3 29168
1926 3 11774
1926 3 14020
1926 3 25395
1926 3 25396
1927 3 14020
1927 3 19923
1927 3 31228
1928 3 14020
1928 3 26738
1928 3 29126
1929 3 11500
1929 3 14020
1929 3 14667
1930 3 11278
1930 3 14020
1930 3 26738
1931 3 11500
1931 3 14020
1931 3 14667
1932 3 11500
1932 3 14020
1932 3 14667
1933 3 11500
1933 3 14020
1933 3 14667
1934 3 14020
1934 3 14862
1934 3 17230
1935 3 14020
1935 3 26738
1935 3 29126
1936 3 11500
1936 3 14020
1936 3 14667
1937 3 11278
1937 3 14020
1937 3 26738
1938 3 11500
1938 3 14020
1938 3 14667
1939 3 14020
1939 3 26738
1939 3 29126
1940 3 11500
1940 3 14020
1940 3 14667
1941 3 11500
1941 3 14020
1941 3 14667
1942 3 14020
1942 3 14911
1942 3 27910
1943 3 14020
1943 3 26738
1943 3 29126
1944 3 11500
1944 3 14020
1944 3 14667
1945 3 14020
1945 3 14862
1945 3 17230
1946 3 11500
1946 3 14020
1946 3 14667
1947 3 11500
1947 3 14020
1947 3 14667
1948 3 14020
1948 3 14862
1948 3 17230
1949 3 13169
1949 3 14020
1949 3 14271
1949 3 27189
1950 3 14020
1950 3 25755
1950 3 26738
1950 3 30719
1951 3 13169
1951 3 14020
1951 3 14271
1951 3 27189
1952 3 14020
1952 3 16264
1952 3 27175
1953 3 14020
1953 3 25086
1953 3 29269
1954 3 11500
1954 3 14020
1954 3 14667
1955 3 11278
1955 3 14020
1955 3 26738
1956 3 11500
1956 3 14020
1956 3 14667
1957 3 14020
1957 3 25755
1957 3 26738
1957 3 30719
1958 3 11500
1958 3 14020
1958 3 14667
1959 3 11500
1959 3 14020
1959 3 14667
1960 3 11774
1960 3 14020
1960 3 25395
1960 3 25396
1961 3 11774
1961 3 14020
1961 3 18442
1961 3 26812
1962 3 14020
1962 3 14667
1962 3 18058
1963 3 13520
1963 3 14020
1963 3 30720
1964 3 11774
1964 3 14020
1964 3 18161
1964 3 18162
1965 3 11278
1965 3 14020
1965 3 26738
1966 3 11500
1966 3 14020
1966 3 14667
1967 3 11774
1967 3 14020
1967 3 18161
1967 3 18162
1968 3 14020
1968 3 24348
1968 3 26740
1969 3 13169
1969 3 14020
1969 3 14861
1970 3 14020
1970 3 14667
1970 3 18058
1971 3 11774
1971 3 14020
1971 3 25395
1971 3 25396
1972 3 14020
1972 3 24348
1972 3 26740
1973 3 13520
1973 3 14020
1973 3 30720
1974 3 11774
1974 3 14020
1974 3 18161
1974 3 18162
1975 3 14020
1975 3 25755
1975 3 26738
1975 3 30719
1976 3 14020
1976 3 24348
1976 3 26740
1977 3 11500
1977 3 14020
1977 3 14667
1978 3 14020
1978 3 14908
1978 3 14926
1979 3 14020
1979 3 24348
1979 3 26740
1980 3 14020
1980 3 14667
1980 3 18058
1981 3 14020
1981 3 14667
1981 3 18058
1982 3 14020
1982 3 14667
1982 3 18058
1983 3 11774
1983 3 14020
1983 3 18161
1983 3 18162
1984 3 11774
1984 3 14020
1984 3 19062
1984 3 19782
1985 3 11774
1985 3 14020
1985 3 25395
1985 3 25396
1986 3 11774
1986 3 14020
1986 3 18161
1986 3 18162
1987 3 14020
1987 3 14863
1987 3 26856
1988 3 11278
1988 3 14020
1988 3 26738
1989 3 14020
1989 3 14862
1989 3 17230
1990 3 14020
1990 3 14862
1990 3 17230
1991 3 11774
1991 3 14020
1991 3 18161
1991 3 18162
1992 3 11774
1992 3 14020
1992 3 18161
1992 3 18162
1993 3 14020
1993 3 25085
1993 3 29269
1994 0 24350
1994 3 14020
1994 3 24348
1994 3 26740
1994 9 18608
1994 9 26809
1994 13 17208
1994 13 24350
1994 14 11058
1995 3 14020
1995 3 24348
1995 3 26740
1996 3 14020
1996 3 14667
1996 3 18058
1997 0 12105
1997 3 13169
1997 3 14020
1997 3 14861
1997 13 24510
1997 14 11058
1998 3 11500
1998 3 14020
1998 3 14667
1999 3 11774
1999 3 14020
1999 3 18161
1999 3 18162
2000 3 11774
2000 3 14020
2000 3 19062
2000 3 19063
2001 3 14020
2001 3 14863
2001 3 26856
2002 3 14020
2002 3 26805
2002 3 26807
2002 3 27910
2003 3 11278
2003 3 14020
2003 3 26738
2004 3 14020
2004 3 14667
2004 3 18058
2005 3 14020
2005 3 14862
2005 3 17230
2006 3 13169
2006 3 14020
2006 3 14861
2007 3 11774
2007 3 14020
2007 3 19062
2007 3 19063
2008 3 13169
2008 3 14020
2008 3 14861
2009 3 14020
2009 3 26856
2009 3 29263
2010 3 14020
2010 3 26856
2010 3 29263
2011 3 14020
2011 3 24348
2011 3 26740
2012 3 11774
2012 3 14020
2012 3 19062
2012 3 19063
2013 3 13520
2013 3 14020
2013 3 30720
2014 3 11774
2014 3 14020
2014 3 18442
2014 3 26812
2015 3 14020
2015 3 24348
2015 3 30272
2016 3 13169
2016 3 14020
2016 3 14861
2017 3 11774
2017 3 14020
2018 3 11500
2018 3 14020
2018 3 14667
2019 3 14020
2019 3 17230
2019 3 30717
2020 3 13248
2020 3 13809
2020 3 14020
2020 3 14989
2020 3 31681
2021 3 11774
2021 3 14020
2022 3 11774
2022 3 14020
2022 3 19062
2022 3 19063
2023 3 11774
2023 3 14020
2023 3 18161
2023 3 18162
2024 3 11774
2024 3 14020
2024 3 19062
2024 3 19063
2025 3 14020
2025 3 14667
2025 3 29273
2026 3 12993
2026 3 14020
2026 3 15158
2027 3 14020
2027 3 16340
2027 3 27039
2028 3 11774
2028 3 14020
2028 3 19062
2028 3 19782
2029 3 14020
2029 3 15161
2029 3 26738
2030 3 11774
2030 3 14020
2030 3 18161
2030 3 18162
2031 3 14020
2031 3 26805
2031 3 26807
2031 3 27910
2032 3 14020
2032 3 24348
2032 3 26740
2033 3 14020
2033 3 14908
2033 3 30417
2034 3 14020
2034 3 15158
2034 3 16556
2035 0 22805
2035 3 13169
2035 3 14020
2035 3 14861
2035 9 26745
2035 13 22805
2036 3 11774
2036 3 14020
2036 3 19062
2036 3 19063
2037 3 11774
2037 3 14020
2037 3 19062
2037 3 19063
2038 3 11774
2038 3 14020
2038 3 25395
2038 3 25396
2039 3 14020
2039 3 14908
2039 3 30417
2040 3 11278
2040 3 14020
2040 3 26738
2041 3 11774
2041 3 14020
2041 3 18161
2041 3 18162
2042 0 31763
2042 3 13169
2042 3 14020
2042 3 14861
2042 9 26745
2042 13 26135
2042 13 30752
2042 13 30761
2042 13 31763
2042 14 11058
2043 3 14020
2043 3 24348
2043 3 30272
2044 3 11774
2044 3 14020
2044 3 19062
2044 3 19063
2045 3 14020
2045 3 16340
2045 3 27039
2046 3 14020
2046 3 26856
2046 3 29263
2047 3 11278
2047 3 14020
2047 3 26738
2048 3 14020
2048 3 25640
2048 3 25828
2048 3 31229
2049 3 14020
2049 3 14863
2049 3 26856
2050 3 14020
2050 3 26805
2050 3 26807
2050 3 27910
2051 3 14020
2051 3 16340
2051 3 27039
2052 3 11774
2052 3 14020
2052 3 18161
2052 3 18162
2053 3 14020
2053 3 17230
2053 3 30717
2054 3 11773
2054 3 14020
2054 3 24348
2055 3 14020
2055 3 19923
2055 3 29168
2056 3 14020
2056 3 19923
2056 3 19924
2057 3 11500
2057 3 14020
2057 3 14667
2058 3 11500
2058 3 14020
2058 3 14667
2059 3 11815
2059 3 14020
2059 3 15158
2060 3 14020
2060 3 14816
2060 3 29307
2061 3 14020
2061 3 26856
2061 3 29263
2062 3 13493
2062 3 13498
2062 3 14020
2062 3 16998
2062 3 31681
2063 3 14020
2063 3 26805
2063 3 26806
2063 3 27910
2064 3 11837
2064 3 14020
2064 3 14908
2065 3 14020
2065 3 24348
2065 3 30272
2066 3 14020
2066 3 26848
2066 3 26856
2067 0 29836
2067 3 14020
2067 3 15158
2067 3 16556
2067 9 18061
2067 9 26813
2067 13 30662
2067 14 11057
2068 3 11500
2068 3 14020
2068 3 14667
2069 3 14020
2069 3 24348
2069 3 26740
2070 3 14020
2070 3 14908
2070 3 30417
2071 3 13520
2071 3 14020
2071 3 30720
2072 3 11500
2072 3 14020
2072 3 14667
2073 3 11500
2073 3 14020
2073 3 14667
2074 3 13164
2074 3 14020
2074 3 26856
2074 3 29263
2075 3 11774
2075 3 14020
2075 3 18442
2075 3 26812
2076 3 11815
2076 3 14020
2076 3 15158
2077 3 11774
2077 3 11829
2077 3 14020
2078 3 11774
2078 3 14020
2078 3 19062
2078 3 19063
2079 3 14020
2079 3 26805
2079 3 26806
2079 3 27910
2080 3 14020
2080 3 15158
2080 3 16556
2081 3 14020
2081 3 15161
2081 3 26738
2082 3 11773
2082 3 14020
2082 3 24348
2083 3 14020
2083 3 14911
2083 3 27910
2084 3 11500
2084 3 14020
2084 3 14667
2085 3 11774
2085 3 14020
2085 3 18161
2085 3 18162
2086 0 19517
2086 3 11500
2086 3 14020
2086 3 14667
2086 9 17233
2086 9 26745
2086 13 28303
2086 14 11061
2087 3 13169
2087 3 14020
2087 3 14271
2087 3 27189
2088 3 13169
2088 3 14020
2088 3 14861
2089 3 14020
2089 3 24348
2089 3 30272
2090 3 14020
2090 3 25755
2090 3 26738
2090 3 30719
2091 3 14020
2091 3 14862
2091 3 17230
2092 3 11774
2092 3 14020
2092 3 18442
2092 3 26812
2093 3 14020
2093 3 25755
2093 3 26738
2093 3 30719
2094 3 14020
2094 3 25755
2094 3 26738
2094 3 30719
2095 3 11774
2095 3 14020
2095 3 18442
2095 3 26812
2096 3 11774
2096 3 14020
2096 3 18442
2096 3 26812
2097 3 14020
2097 3 25755
2097 3 26738
2097 3 30719
2098 3 11278
2098 3 14020
2098 3 26738
2099 3 11278
2099 3 14020
2099 3 26738
2100 3 14020
2100 3 26805
2100 3 26807
2100 3 27910
2101 3 14020
2101 3 19923
2101 3 29168
2102 3 14020
2102 3 14665
2102 3 14908
2103 3 14020
2103 3 25755
2103 3 26738
2103 3 30719
2104 3 12600
2104 3 14020
2104 3 19923
2105 3 12785
2105 3 14020
2105 3 19923
2106 3 14020
2106 3 19923
2106 3 29264
2107 3 12600
2107 3 14020
2107 3 19923
2108 3 13520
2108 3 14020
2108 3 30720
2109 3 12600
2109 3 14020
2109 3 19923
2109 9 17502
2109 9 19923
2110 3 12785
2110 3 14020
2110 3 19923
2111 3 12600
2111 3 14020
2111 3 19923
2112 3 13809
2112 3 14020
2112 3 14989
2112 3 31681
2113 3 13169
2113 3 14020
2113 3 26641
2114 3 13169
2114 3 14020
2114 3 26641
2115 3 11500
2115 3 14020
2115 3 14667
2116 3 14020
2116 3 26738
2116 3 29126
2117 3 14020
2117 3 14908
2117 3 30417
2118 3 11500
2118 3 14020
2118 3 14667
2119 3 14020
2119 3 19923
2119 3 19924
2120 3 14020
2120 3 14862
2120 3 17230
2121 3 13169
2121 3 14020
2121 3 14271
2121 3 27189
2122 3 13169
2122 3 14020
2122 3 14271
2122 3 27189
2123 3 11774
2123 3 14020
2123 3 18442
2123 3 26812
2124 3 11774
2124 3 14020
2124 3 25395
2124 3 25396
2125 3 11500
2125 3 14020
2125 3 14667
2126 3 11774
2126 3 14020
2126 3 18442
2126 3 26812
2127 3 11278
2127 3 14020
2127 3 26738
2128 3 14020
2128 3 26805
2128 3 26807
2128 3 27910
2129 3 13164
2129 3 14020
2129 3 26856
2129 3 29263
2130 3 13169
2130 3 14020
2130 3 30716
2131 3 11500
2131 3 14020
2131 3 14667
2132 3 13164
2132 3 14020
2132 3 26856
2132 3 29263
2133 3 13493
2133 3 13498
2133 3 14020
2133 3 16998
2133 3 26805
2133 3 26807
2133 3 27910
2133 3 31681
2134 3 14020
2134 3 26805
2134 3 26807
2134 3 27910
2135 3 14020
2135 3 26805
2135 3 26807
2135 3 27910
2136 3 13520
2136 3 14020
2136 3 30720
2137 3 14020
2137 3 24348
2137 3 26740
2138 3 14020
2138 3 26805
2138 3 26807
2138 3 27910
2139 3 11500
2139 3 14020
2139 3 14667
2140 3 11500
2140 3 14020
2140 3 14667
2141 3 14020
2141 3 14667
2141 3 26816
2142 3 14020
2142 3 14911
2142 3 27910
2143 0 19122
2143 3 14020
2143 3 26805
2143 3 26807
2143 3 27910
2143 9 11158
2143 9 18440
2143 9 18608
2143 9 25729
2143 9 26821
2143 14 11056
2144 3 14020
2144 3 14667
2144 3 26816
2145 3 14020
2145 3 18282
2145 3 27910
2145 3 27912
2146 3 11500
2146 3 14020
2146 3 14667
2147 3 14020
2147 3 26805
2147 3 26807
2147 3 27910
2148 3 14020
2148 3 14911
2148 3 27910
2149 0 23116
2149 3 11500
2149 3 14020
2149 3 14667
2149 9 26743
2150 3 11500
2150 3 14020
2150 3 14667
2151 0 30169
2151 3 13164
2151 3 14020
2151 3 26856
2151 3 29263
2151 9 26743
2151 13 27070
2151 14 11056
2152 3 13164
2152 3 14020
2152 3 26856
2152 3 29263
2153 3 11278
2153 3 14020
2153 3 26738
2154 3 11774
2154 3 14020
2154 3 19062
2154 3 19063
2155 3 14020
2155 3 24348
2155 3 26740
2156 3 14020
2156 3 26805
2156 3 26807
2156 3 27910
2157 3 11500
2157 3 14020
2157 3 14667
2158 3 11278
2158 3 14020
2158 3 26738
2159 3 14020
2159 3 24348
2159 3 26740
2160 3 14020
2160 3 26738
2161 3 14020
2161 3 16152
2161 3 25755
2161 3 26738
2162 3 14020
2162 3 26856
2162 3 29263
2162 3 29274
2163 3 14020
2163 3 26856
2163 3 29263
2163 3 29274
2164 3 14020
2164 3 15158
2164 3 15976
2165 3 11500
2165 3 14020
2165 3 14667
2166 3 11278
2166 3 14020
2166 3 26738
2167 3 11278
2167 3 14020
2167 3 26738
2168 3 11500
2168 3 14020
2168 3 14667
2169 3 11278
2169 3 14020
2169 3 26738
2170 3 13520
2170 3 14020
2170 3 30720
2171 3 14020
2171 3 24348
2171 3 26740
2172 3 11774
2172 3 14020
2172 3 25395
2172 3 25396
2173 3 14020
2173 3 26856
2173 3 29263
2173 3 29274
2174 3 11278
2174 3 14020
2174 3 26738
2175 3 14020
2175 3 15158
2175 3 15976
2176 3 11500
2176 3 14020
2176 3 14667
2177 3 11500
2177 3 14020
2177 3 14667
2178 3 14020
2178 3 26805
2178 3 26807
2178 3 27910
2179 3 11500
2179 3 14020
2179 3 14667
2180 3 14020
2180 3 26856
2180 3 29263
2181 3 14020
2181 3 16152
2181 3 25755
2181 3 26738
2182 3 11500
2182 3 14020
2182 3 14667
2183 3 11500
2183 3 14020
2183 3 14667
2184 3 14020
2184 3 14667
2184 3 26816
2185 3 14020
2185 3 26856
2185 3 29263
2185 3 29274
2186 3 14020
2186 3 24348
2186 3 26740
2187 3 11278
2187 3 14020
2187 3 26738
2188 3 14020
2188 3 14667
2188 3 18058
2189 3 14020
2189 3 25086
2189 3 29269
2190 3 14020
2190 3 14667
2190 3 18058
2191 3 14020
2191 3 26805
2191 3 26806
2191 3 27910
2192 3 14020
2192 3 25755
2192 3 26738
2193 3 11774
2193 3 14020
2193 3 25395
2193 3 25396
2194 3 13346
2194 3 14020
2194 3 29270
2194 3 31681
2195 0 19123
2195 3 14020
2195 3 26805
2195 3 26806
2195 3 27910
2195 9 18608
2195 13 22056
2195 13 29526
2195 14 11060
2196 3 11500
2196 3 14020
2196 3 14667
2197 3 14020
2197 3 14667
2197 3 18058
2198 3 14020
2198 3 24348
2198 3 26740
2198 9 18440
2198 9 26814
2199 3 14020
2199 3 24348
2199 3 26740
2200 3 14020
2200 3 14667
2200 3 18058
2201 3 14020
2201 3 14667
2201 3 18058
2202 3 11278
2202 3 14020
2202 3 26738
2203 3 11500
2203 3 14020
2203 3 14667
2204 3 14020
2204 3 16152
2204 3 25755
2204 3 26738
2205 3 14020
2205 3 25755
2205 3 26738
2206 3 14020
2206 3 26805
2206 3 26807
2206 3 27910
2207 3 14020
2207 3 14667
2207 3 18058
2208 3 14020
2208 3 25755
2208 3 26738
2208 3 30719
2209 3 11278
2209 3 14020
2209 3 26738
2210 3 11278
2210 3 14020
2210 3 26738
2211 3 12785
2211 3 14020
2211 3 19923
2212 3 14020
2212 3 15158
2212 3 15976
2213 3 14020
2213 3 14667
2213 3 18058
2214 3 14020
2214 3 26805
2214 3 26806
2214 3 27910
2215 3 14020
2215 3 26805
2215 3 26806
2215 3 27910
2216 3 14020
2216 3 26738
2216 3 30034
2217 3 14020
2217 3 26805
2217 3 26806
2217 3 27910
2218 3 14020
2218 3 24348
2218 3 30272
2219 3 11278
2219 3 14020
2219 3 26738
2220 3 11278
2220 3 14020
2220 3 26738
2221 3 14020
2221 3 15161
2221 3 26738
2222 3 14020
2222 3 26856
2222 3 29263
2223 3 14020
2223 3 14667
2223 3 18058
2224 3 11500
2224 3 14020
2224 3 14667
2225 3 14020
2225 3 25755
2225 3 26738
2225 3 30719
2226 3 14020
2226 3 24348
2226 3 26740
2227 3 14020
2227 3 18282
2227 3 27910
2227 3 27912
2228 3 14020
2228 3 26805
2228 3 26806
2228 3 27910
2229 3 11278
2229 3 14020
2229 3 26738
2230 3 11278
2230 3 14020
2230 3 26738
2231 3 14020
2231 3 14667
2231 3 18058
2232 3 14020
2232 3 14667
2232 3 18058
2233 3 11500
2233 3 14020
2233 3 14667
2234 3 14020
2234 3 24348
2234 3 26740
2235 3 14020
2235 3 26805
2235 3 26806
2235 3 27910
2236 3 13169
2236 3 14020
2236 3 24323
2236 3 27189
2237 3 13169
2237 3 14020
2237 3 26641
2238 3 13169
2238 3 14020
2238 3 21501
2239 3 14020
2239 3 26805
2239 3 26806
2239 3 27910
2240 3 14020
2240 3 26629
2240 3 26856
2240 3 29263
2241 3 14020
2241 3 15158
2241 3 15976
2242 3 14020
2242 3 26805
2242 3 26807
2242 3 27910
2243 3 14020
2243 3 26805
2243 3 26807
2243 3 27910
2244 3 14020
2244 3 25755
2244 3 26738
2244 3 30719
2245 3 11774
2245 3 14020
2245 3 29126
2246 3 14020
2246 3 18282
2246 3 27910
2246 3 27912
2247 3 14020
2247 3 26805
2247 3 26806
2247 3 27910
2248 3 11815
2248 3 14020
2248 3 15158
2249 3 14020
2249 3 24348
2249 3 26740
2250 3 11774
2250 3 14020
2250 3 25395
2250 3 25396
2251 0 30668
2251 3 11774
2251 3 14020
2251 3 29126
2251 9 11779
2251 13 15657
2251 13 18985
2251 14 11059
2252 3 13809
2252 3 14020
2252 3 14989
2252 3 23443
2252 3 31681
2253 3 11277
2253 3 14020
2253 3 26738
2254 3 14020
2254 3 24348
2254 3 26740
2255 3 14020
2255 3 14667
2255 3 18058
2256 3 14020
2256 3 16551
2256 3 26805
2256 3 27910
2257 3 11500
2257 3 14020
2257 3 14667
2258 3 14020
2258 3 26805
2258 3 26807
2258 3 27910
2259 3 14020
2259 3 26856
2259 3 29263
2260 3 14020
2260 3 24348
2260 3 30272
2261 3 14020
2261 3 18282
2261 3 27910
2261 3 27912
2262 0 16242
2262 3 14020
2262 3 14667
2262 3 18058
2262 9 26809
2262 14 11059
2263 3 14020
2263 3 26805
2263 3 26806
2263 3 27910
2264 3 11278
2264 3 14020
2264 3 26738
2265 3 14020
2265 3 25755
2265 3 26738
2265 3 30719
2266 3 14020
2266 3 25755
2266 3 26738
2266 3 30719
2267 3 14020
2267 3 14667
2267 3 26816
2268 3 11500
2268 3 14020
2268 3 14667
2269 3 14020
2269 3 18282
2269 3 27910
2269 3 27912
2270 3 14020
2270 3 26805
2270 3 26806
2270 3 27910
2270 9 18444
2270 9 24308
2270 9 24349
2271 3 11774
2271 3 14020
2271 3 18442
2271 3 26829
2272 3 13493
2272 3 13498
2272 3 14020
2272 3 16998
2272 3 31681
2273 3 11774
2273 3 11830
2273 3 14020
2273 3 18442
2274 3 11278
2274 3 14020
2274 3 26738
2275 3 11278
2275 3 14020
2275 3 26738
2276 0 22160
2276 3 14020
2276 3 26805
2276 3 26806
2276 3 27910
2276 13 13373
2277 3 11774
2277 3 14020
2277 3 29126
2278 3 11774
2278 3 11829
2278 3 14020
2279 3 14020
2279 3 26738
2279 3 31230
2280 3 11277
2280 3 14020
2280 3 26738
2281 3 14020
2281 3 26738
2281 3 30034
2282 3 11277
2282 3 14020
2282 3 26738
2283 3 14020
2283 3 14867
2283 3 16998
2283 3 18201
2283 3 31681
2284 3 14020
2284 3 25755
2284 3 26738
2285 3 14020
2285 3 25755
2285 3 26738
2285 3 30719
2286 3 14020
2286 3 18282
2286 3 27910
2286 3 27912
2287 3 14020
2287 3 18282
2287 3 27910
2287 3 27912
2288 3 14020
2288 3 18282
2288 3 27910
2288 3 27912
2289 3 14020
2289 3 24348
2289 3 26740
2290 3 14020
2290 3 14667
2290 3 26816
2291 3 11774
2291 3 11830
2291 3 14020
2291 3 18442
2292 3 14020
2292 3 26805
2292 3 26806
2292 3 27910
2293 3 14020
2293 3 26805
2293 3 26807
2293 3 27910
2294 3 14020
2294 3 26805
2294 3 26807
2294 3 27910
2295 3 14020
2295 3 26805
2295 3 26807
2295 3 27910
2296 3 14020
2296 3 26805
2296 3 26807
2296 3 27910
2297 3 14020
2297 3 26805
2297 3 26807
2297 3 27910
2298 3 11500
2298 3 14020
2298 3 14667
2299 3 14020
2299 3 26805
2299 3 26807
2299 3 27910
2300 3 14020
2300 3 26805
2300 3 26807
2300 3 27910
2301 3 14020
2301 3 26805
2301 3 26807
2301 3 27910
2302 3 14020
2302 3 18282
2302 3 27910
2302 3 27912
2303 3 14020
2303 3 26805
2303 3 26807
2303 3 27910
2304 3 14020
2304 3 26805
2304 3 26807
2304 3 27910
2305 3 14020
2305 3 26805
2305 3 26807
2305 3 27910
2306 3 14020
2306 3 26805
2306 3 26807
2306 3 27910
2307 3 14020
2307 3 26805
2307 3 26807
2307 3 27910
2308 3 14020
2308 3 26805
2308 3 26807
2308 3 27910
2309 3 14020
2309 3 26805
2309 3 26807
2309 3 27910
2310 3 14020
2310 3 26805
2310 3 26807
2310 3 27910
2311 3 11774
2311 3 14020
2311 3 25395
2311 3 25396
2312 3 11774
2312 3 14020
2312 3 29126
2313 3 11774
2313 3 14020
2313 3 18442
2313 3 26829
2314 3 14020
2314 3 18282
2314 3 27910
2314 3 27912
2315 3 14020
2315 3 14667
2315 3 18058
2316 3 11774
2316 3 11829
2316 3 14020
2317 3 11278
2317 3 14020
2317 3 26738
2318 3 13520
2318 3 14020
2318 3 30720
2319 3 14020
2319 3 25755
2319 3 26738
2319 3 30719
2320 3 13520
2320 3 14020
2320 3 25128
2321 3 14020
2321 3 26856
2321 3 29263
2322 3 14020
2322 3 25755
2322 3 26738
2322 3 30719
2323 3 11500
2323 3 14020
2323 3 14667
2324 3 11500
2324 3 14020
2324 3 14667
2324 9 12994
2324 9 13350
2324 9 30781
2325 3 11500
2325 3 14020
2325 3 14667
2326 3 11500
2326 3 13493
2326 3 13498
2326 3 14020
2326 3 14667
2326 3 16998
2326 3 31681
2327 3 11500
2327 3 14020
2327 3 14667
2328 3 11500
2328 3 14020
2328 3 14667
2329 0 16225
2329 3 11500
2329 3 14020
2329 3 14667
2329 9 11779
2329 9 29820
2329 14 11061
2330 3 11500
2330 3 14020
2330 3 14667
2331 3 11500
2331 3 14020
2331 3 14667
2331 9 13168
2331 9 13172
2331 9 14915
2331 9 17232
2331 9 29277
2332 3 11500
2332 3 14020
2332 3 14667
2333 3 13493
2333 3 13498
2333 3 14020
2333 3 16998
2333 3 31681
2334 3 14020
2334 3 25755
2334 3 26738
2334 3 30719
2335 3 14020
2335 3 26805
2335 3 26806
2335 3 27910
2336 3 11774
2336 3 14020
2336 3 29126
2337 3 11774
2337 3 11830
2337 3 14020
2337 3 18442
2338 3 11277
2338 3 14020
2338 3 26738
2339 3 11277
2339 3 14020
2339 3 26738
2339 9 11161
2339 9 11779
2339 9 26743
2339 9 26745
2339 9 27917
2340 3 14020
2340 3 15158
2340 3 16556
2341 3 14020
2341 3 26805
2341 3 26806
2341 3 27910
2342 3 14020
2342 3 25755
2342 3 26738
2342 3 30719
2343 3 11278
2343 3 14020
2343 3 26738
2344 0 30668
2344 3 11774
2344 3 14020
2344 3 29126
2344 13 18985
2344 14 11059
2345 3 14020
2345 3 25086
2345 3 29269
2346 3 14020
2346 3 15161
2346 3 26738
2347 3 11774
2347 3 11829
2347 3 14020
2348 3 14020
2348 3 26805
2348 3 26807
2348 3 27910
2349 3 13520
2349 3 14020
2349 3 25128
2350 3 14020
2350 3 18282
2350 3 27910
2350 3 27912
2351 3 11774
2351 3 14020
2351 3 25395
2351 3 25396
2352 3 11500
2352 3 14020
2352 3 14667
2353 3 11500
2353 3 14020
2353 3 14667
2354 3 13493
2354 3 13498
2354 3 14020
2354 3 16998
2354 3 31681
2355 3 14020
2355 3 26805
2355 3 26807
2355 3 27910
2356 3 14020
2356 3 26805
2356 3 26806
2356 3 27910
2357 3 11774
2357 3 14020
2357 3 25395
2357 3 25396
2358 3 14020
2358 3 27910
2358 3 28080
2359 3 14020
2359 3 14911
2359 3 27910
2360 3 14020
2360 3 26856
2360 3 29263
2360 3 29274
2361 3 14020
2361 3 26805
2361 3 26807
2361 3 27910
2361 9 11779
2361 9 26759
2361 9 26833
2362 3 11500
2362 3 14020
2362 3 14667
2363 3 14020
2363 3 17096
2363 3 19795
2363 3 31681
2364 3 14020
2364 3 26805
2364 3 26807
2364 3 27910
2365 3 14020
2365 3 26629
2365 3 26856
2365 3 29263
2366 3 14020
2366 3 24348
2366 3 26740
2367 3 12600
2367 3 14020
2367 3 19923
2368 3 13493
2368 3 13498
2368 3 14020
2368 3 16998
2368 3 31681
2369 3 11500
2369 3 14020
2369 3 14667
2370 3 14020
2370 3 17537
2370 3 26856
2371 3 13169
2371 3 14020
2371 3 14861
2372 3 14020
2372 3 15158
2372 3 18832
2373 3 11500
2373 3 14020
2373 3 14667
2374 0 23370
2374 3 11500
2374 3 14020
2374 3 14667
2374 9 16556
2374 9 30000
2374 13 14192
2374 13 23370
2374 14 11061
2375 3 11773
2375 3 14020
2375 3 24348
2376 3 11500
2376 3 14020
2376 3 14667
2377 3 11500
2377 3 14020
2377 3 14667
2378 3 14020
2378 3 24348
2378 3 26740
2379 3 11500
2379 3 14020
2379 3 14667
2380 3 14020
2380 3 25755
2380 3 26738
2381 3 14020
2381 3 16340
2381 3 27039
2382 3 14020
2382 3 15161
2382 3 26738
2383 3 14020
2383 3 26805
2383 3 26806
2383 3 27910
2384 3 14020
2384 3 24348
2384 3 26740
2385 3 14020
2385 3 17230
2385 3 30717
2386 3 14020
2386 3 17612
2386 3 27039
2387 3 11500
2387 3 14020
2387 3 14667
2388 3 11500
2388 3 14020
2388 3 14667
2389 3 11500
2389 3 14020
2389 3 14667
2390 3 11500
2390 3 14020
2390 3 14667
2391 3 11500
2391 3 14020
2391 3 14667
2392 3 11500
2392 3 14020
2392 3 14667
2393 3 11500
2393 3 14020
2393 3 14667
2394 3 11500
2394 3 14020
2394 3 14667
2395 3 11500
2395 3 14020
2395 3 14667
2396 3 14020
2396 3 18282
2396 3 27910
2396 3 27912
2397 3 11500
2397 3 14020
2397 3 14667
2398 3 13493
2398 3 13498
2398 3 14020
2398 3 16998
2398 3 31681
2399 3 14020
2399 3 26805
2399 3 26807
2399 3 27910
2400 3 11500
2400 3 14020
2400 3 14667
2401 3 11500
2401 3 14020
2401 3 14667
2402 3 11500
2402 3 14020
2402 3 14667
2403 3 11500
2403 3 14020
2403 3 14667
2404 3 11500
2404 3 14020
2404 3 14667
2405 3 11500
2405 3 14020
2405 3 14667
2406 3 11500
2406 3 14020
2406 3 14667
2407 3 13169
2407 3 14020
2407 3 14861
2408 3 11774
2408 3 11829
2408 3 14020
2409 3 11774
2409 3 14020
2409 3 19062
2409 3 19063
2409 9 11779
2409 9 17706
2409 9 19065
2409 9 26744
2409 9 26745
2409 9 26768
2410 3 14020
2410 3 19923
2410 3 29168
2411 3 14020
2411 3 19923
2411 3 29168
2412 3 14020
2412 3 25755
2412 3 26738
2412 3 30719
2413 3 14020
2413 3 14664
2413 3 19923
2413 3 29783
2414 3 14020
2414 3 25755
2414 3 26738
2414 3 30719
2415 3 14020
2415 3 25755
2415 3 26738
2415 3 30719
2416 3 14020
2416 3 14664
2416 3 19923
2416 3 29783
2417 3 14020
2417 3 25755
2417 3 26738
2417 3 30719
2418 3 14020
2418 3 25755
2418 3 26738
2418 3 30719
2419 3 14020
2419 3 25755
2419 3 26738
2419 3 30719
2420 3 13277
2420 3 13346
2420 3 14020
2420 3 29270
2420 3 31681
2421 3 13520
2421 3 14020
2421 3 25128
2422 3 14020
2422 3 14862
2422 3 17230
2423 3 14020
2423 3 14816
2423 3 29336
2424 3 14020
2424 3 25755
2424 3 26738
2425 3 14020
2425 3 14862
2425 3 17230
2426 3 11500
2426 3 14020
2426 3 14667
2427 3 14020
2427 3 14862
2427 3 17230
2428 3 14020
2428 3 14862
2428 3 17230
2429 3 12711
2429 3 14020
2429 3 25755
2429 3 26738
2430 3 11500
2430 3 14020
2430 3 14667
2431 3 14020
2431 3 26805
2431 3 26807
2431 3 27910
2432 3 14020
2432 3 14667
2432 3 26816
2433 3 14020
2433 3 14862
2433 3 17230
2434 3 11500
2434 3 14020
2434 3 14667
2435 3 11500
2435 3 14020
2435 3 14667
2436 3 13493
2436 3 13498
2436 3 14020
2436 3 16998
2436 3 31681
2437 3 11500
2437 3 14020
2437 3 14667
2438 3 13164
2438 3 14020
2438 3 26856
2438 3 29263
2439 3 11500
2439 3 14020
2439 3 14667
2440 3 11774
2440 3 14020
2440 3 18442
2440 3 26812
2441 3 11500
2441 3 14020
2441 3 14667
2442 3 11500
2442 3 14020
2442 3 14667
2443 3 11500
2443 3 14020
2443 3 14667
2444 3 11774
2444 3 14020
2444 3 18442
2444 3 26812
2445 3 14020
2445 3 26738
2445 3 29126
2446 3 14020
2446 3 25755
2446 3 26738
2446 9 13169
2446 9 14913
2446 9 17232
2447 3 14020
2447 3 14908
2447 3 25883
2448 3 13169
2448 3 14020
2448 3 14861
2449 3 11774
2449 3 14020
2449 3 14064
2449 3 19062
2450 3 11500
2450 3 14020
2450 3 14667
2451 3 13520
2451 3 14020
2451 3 30720
2452 3 14020
2452 3 14908
2452 3 25883
2453 3 11500
2453 3 14020
2453 3 14667
2454 3 14020
2454 3 14908
2454 3 25883
2455 3 11500
2455 3 14020
2455 3 14667
2456 3 11500
2456 3 14020
2456 3 14667
2457 3 11500
2457 3 14020
2457 3 14667
2458 3 11500
2458 3 14020
2458 3 14667
2459 3 11500
2459 3 14020
2459 3 14667
2460 3 11500
2460 3 14020
2460 3 14667
2461 3 11500
2461 3 14020
2461 3 14667
2462 3 11500
2462 3 14020
2462 3 14667
2463 3 14020
2463 3 14908
2463 3 25883
2464 3 14020
2464 3 14816
2464 3 28994
2465 3 14020
2465 3 14908
2465 3 30417
2466 3 11500
2466 3 14020
2466 3 14667
2467 3 11500
2467 3 14020
2467 3 14667
2468 3 14020
2468 3 14862
2468 3 17230
2469 3 13493
2469 3 13498
2469 3 14020
2469 3 16998
2469 3 31681
2470 3 11500
2470 3 14020
2470 3 14667
2471 3 14020
2471 3 25085
2471 3 29269
2472 3 13493
2472 3 13498
2472 3 14020
2472 3 16998
2472 3 31681
2473 3 11500
2473 3 14020
2473 3 14667
2474 3 14020
2474 3 22463
2474 3 22464
2475 3 11500
2475 3 14020
2475 3 14667
2476 3 11500
2476 3 14020
2476 3 14667
2477 3 11500
2477 3 14020
2477 3 14667
2478 3 14020
2478 3 25755
2478 3 26738
2479 3 11500
2479 3 14020
2479 3 14667
2480 3 11500
2480 3 14020
2480 3 14667
2481 3 11500
2481 3 14020
2481 3 14667
2482 3 11500
2482 3 14020
2482 3 14667
2483 3 13493
2483 3 13498
2483 3 14020
2483 3 16998
2483 3 31681
2484 3 14020
2484 3 19923
2484 3 29264
2485 3 13167
2485 3 14020
2485 3 14908
2486 3 11500
2486 3 14020
2486 3 14667
2487 3 11500
2487 3 14020
2487 3 14667
2488 3 11500
2488 3 14020
2488 3 14667
2489 3 11500
2489 3 14020
2489 3 14667
2490 3 13493
2490 3 13498
2490 3 14020
2490 3 16998
2490 3 31681
2491 3 11500
2491 3 13169
2491 3 14020
2491 3 14667
2491 3 14861
2492 3 14020
2492 3 17537
2492 3 26856
2493 3 11500
2493 3 14020
2493 3 14667
2494 3 14020
2494 3 17537
2494 3 26856
2495 3 13493
2495 3 13498
2495 3 14020
2495 3 16998
2495 3 31681
2496 3 11500
2496 3 14020
2496 3 14667
2497 3 14020
2497 3 26805
2497 3 26807
2497 3 27910
2498 3 11500
2498 3 14020
2498 3 14667
2499 3 11500
2499 3 14020
2499 3 14667
2500 3 11278
2500 3 14020
2500 3 26738
2501 3 14020
2501 3 26805
2501 3 26807
2501 3 27910
2502 3 14020
2502 3 19923
2502 3 26930
2502 3 30718
2503 3 11500
2503 3 14020
2503 3 14667
2504 3 13164
2504 3 14020
2504 3 26856
2504 3 29263
2505 3 11278
2505 3 14020
2505 3 26738
2506 3 11500
2506 3 14020
2506 3 14667
2507 3 14020
2507 3 14908
2507 3 31442
2508 3 11500
2508 3 14020
2508 3 14667
2509 3 14020
2509 3 19923
2509 3 26930
2509 3 30718
2509 9 17188
2509 14 11060
2510 3 13169
2510 3 14020
2510 3 16543
2511 3 13520
2511 3 14020
2511 3 30720
2512 3 13164
2512 3 14020
2512 3 26856
2512 3 29263
2513 3 13520
2513 3 14020
2513 3 30720
2514 3 14020
2514 3 18282
2514 3 27910
2514 3 27912
2515 3 11500
2515 3 14020
2515 3 14667
2516 3 11500
2516 3 14020
2516 3 14667
2517 2 19805
2517 2 27599
2517 2 31257
2517 3 12358
2517 3 14020
2517 3 14667
2517 9 18265
2517 9 18608
2517 9 25714
2517 9 30273
2518 3 13520
2518 3 14020
2518 3 25128
2519 3 11500
2519 3 14020
2519 3 14667
2520 3 13164
2520 3 14020
2520 3 26856
2520 3 29263
2521 3 11500
2521 3 14020
2521 3 14667
2522 3 14020
2522 3 14862
2522 3 17230
2523 3 11500
2523 3 14020
2523 3 14667
2524 3 11500
2524 3 14020
2524 3 14667
2525 3 14020
2525 3 25755
2525 3 26738
2526 3 11500
2526 3 14020
2526 3 14667
2527 3 14020
2527 3 19923
2527 3 29168
2528 3 13164
2528 3 14020
2528 3 26856
2528 3 29263
2529 3 11500
2529 3 14020
2529 3 14667
2530 3 14020
2530 3 19923
2530 3 29168
2531 3 14020
2531 3 14908
2531 3 25883
2532 3 11500
2532 3 14020
2532 3 14667
2533 3 11500
2533 3 14020
2533 3 14667
2534 3 11500
2534 3 14020
2534 3 14667
2535 3 13164
2535 3 14020
2535 3 26856
2535 3 29263
2536 3 11500
2536 3 14020
2536 3 14667
2537 3 11500
2537 3 14020
2537 3 14667
2538 3 14020
2538 3 15158
2538 3 15976
2539 3 13520
2539 3 14020
2539 3 30720
2540 3 11774
2540 3 11830
2540 3 14020
2540 3 18442
2541 3 14020
2541 3 15161
2541 3 26738
2542 3 14020
2542 3 14816
2542 3 29336
2543 3 14020
2543 3 14816
2543 3 29336
2544 3 14020
2544 3 14908
2544 3 30417
2545 3 11500
2545 3 14020
2545 3 14667
2546 3 13169
2546 3 14020
2546 3 27189
2546 3 30118
2547 3 11500
2547 3 14020
2547 3 14667
2548 3 13169
2548 3 14020
2548 3 27189
2548 3 30118
2549 3 11500
2549 3 14020
2549 3 14667
2550 3 13493
2550 3 13498
2550 3 14020
2550 3 16998
2550 3 31681
2551 3 11500
2551 3 14020
2551 3 14667
2551 9 26743
2551 9 27262
2551 9 27917
2552 3 14020
2552 3 14862
2552 3 17230
2553 3 14020
2553 3 18282
2553 3 27910
2553 3 27912
2554 0 23088
2554 3 13167
2554 3 14020
2554 3 14908
2554 9 14913
2554 13 25889
2554 14 11056
2555 3 13493
2555 3 13498
2555 3 14020
2555 3 16998
2555 3 31681
2556 0 17207
2556 3 11500
2556 3 14020
2556 3 14667
2556 9 12603
2556 9 13172
2556 13 17207
2556 13 21888
2556 13 27331
2556 14 11057
2557 3 11774
2557 3 14020
2557 3 25395
2557 3 25396
2558 3 13169
2558 3 14020
2558 3 14861
2559 3 13169
2559 3 14020
2559 3 27189
2559 3 30118
2560 3 11500
2560 3 14020
2560 3 14667
2561 3 11500
2561 3 14020
2561 3 14667
2562 3 11278
2562 3 14020
2562 3 26738
2562 9 26743
2562 9 27917
2562 9 29189
2562 9 31714
2563 3 14020
2563 3 18282
2563 3 27910
2563 3 27912
2564 3 14020
2564 3 14665
2564 3 14908
2565 3 11500
2565 3 14020
2565 3 14667
2566 3 13520
2566 3 14020
2566 3 30720
2567 3 11774
2567 3 11830
2567 3 14020
2567 3 18442
2568 0 15870
2568 3 11774
2568 3 11830
2568 3 14020
2568 3 18442
2568 9 26761
2568 9 26833
2568 13 27780
2569 3 13169
2569 3 14020
2569 3 14861
2570 3 14020
2570 3 17537
2570 3 26856
2571 3 11774
2571 3 14020
2571 3 25395
2571 3 25396
2572 3 11500
2572 3 14020
2572 3 14667
2573 3 11774
2573 3 14020
2573 3 25395
2573 3 25396
2574 3 11500
2574 3 14020
2574 3 14667
2575 3 14020
2575 3 18282
2575 3 27910
2575 3 27912
2576 3 11774
2576 3 14020
2576 3 25396
2576 3 26761
2577 3 11774
2577 3 11830
2577 3 14020
2577 3 18442
2578 3 11774
2578 3 14020
2578 3 25395
2578 3 25396
2579 3 13520
2579 3 14020
2579 3 30720
2580 3 14020
2580 3 19923
2580 3 29168
2581 3 11278
2581 3 14020
2581 3 26738
2582 3 11500
2582 3 14020
2582 3 14667
2583 3 14020
2583 3 17537
2583 3 26856
2584 3 11774
2584 3 14020
2584 3 25395
2584 3 25396
2585 3 11500
2585 3 14020
2585 3 14667
2585 9 26767
2586 2 14347
2586 2 30381
2586 2 31095
2586 3 11774
2586 3 14020
2586 3 25395
2586 3 25396
2586 9 14865
2586 9 17537
2586 9 25405
2587 3 11774
2587 3 14020
2587 3 25395
2587 3 25396
2588 3 13164
2588 3 14020
2588 3 26856
2588 3 29263
2589 3 14020
2589 3 25755
2589 3 26738
2590 3 11774
2590 3 14020
2590 3 25395
2590 3 25396
2591 3 11774
2591 3 14020
2591 3 19062
2591 3 19063
2592 3 14020
2592 3 18282
2592 3 27910
2592 3 27912
2593 3 11774
2593 3 11830
2593 3 14020
2593 3 18442
2594 3 11774
2594 3 11830
2594 3 14020
2594 3 18442
2595 3 11774
2595 3 11830
2595 3 14020
2595 3 18442
2596 3 11774
2596 3 11830
2596 3 14020
2596 3 18442
2597 3 11774
2597 3 14020
2597 3 25395
2597 3 25396
2598 3 11774
2598 3 14020
2598 3 25395
2598 3 25396
2599 3 12711
2599 3 14020
2599 3 25755
2599 3 26738
2600 3 14020
2600 3 25755
2600 3 26738
2601 0 25366
2601 3 11500
2601 3 14020
2601 3 14667
2601 9 27917
2601 13 16656
2601 13 25366
2602 3 12711
2602 3 14020
2602 3 25755
2602 3 26738
2603 3 14020
2603 3 25755
2603 3 26738
2604 3 13497
2604 3 14020
2604 3 14667
2605 3 14020
2605 3 26805
2605 3 26807
2605 3 27910
2606 3 14020
2606 3 26738
2606 3 29126
2607 3 14020
2607 3 14908
2607 3 25883
2608 3 11500
2608 3 14020
2608 3 14667
2609 3 11500
2609 3 14020
2609 3 14667
2610 3 11500
2610 3 14020
2610 3 14667
2611 3 12711
2611 3 14020
2611 3 25755
2611 3 26738
2612 3 11500
2612 3 14020
2612 3 14667
2613 3 11774
2613 3 14020
2613 3 18442
2613 3 26812
2614 3 13169
2614 3 14020
2614 3 14861
2615 3 14020
2615 3 15161
2615 3 26738
2616 3 11500
2616 3 14020
2616 3 14667
2617 3 14020
2617 3 15158
2617 3 15976
2618 3 11774
2618 3 14020
2618 3 25395
2618 3 25396
2619 0 18743
2619 3 14020
2619 3 17537
2619 3 26856
2619 9 14865
2619 9 15162
2619 9 30037
2619 14 11060
2619 14 11060
2620 3 13164
2620 3 14020
2620 3 26856
2620 3 29263
2621 3 11774
2621 3 14020
2621 3 25395
2621 3 25396
2622 3 14020
2622 3 26805
2622 3 26807
2622 3 27910
2623 3 13493
2623 3 13498
2623 3 14020
2623 3 16998
2623 3 31681
2624 0 17203
2624 3 11500
2624 3 14020
2624 3 14667
2624 9 18826
2624 13 16228
2625 3 11774
2625 3 14020
2625 3 25396
2625 3 26761
2626 3 14020
2626 3 18282
2626 3 27910
2626 3 27912
2627 3 11774
2627 3 11830
2627 3 14020
2627 3 18442
2628 3 13520
2628 3 14020
2628 3 30720
2629 3 11500
2629 3 14020
2629 3 14667
2630 3 14020
2630 3 14667
2630 3 18058
2631 3 11278
2631 3 14020
2631 3 26738
2632 3 11774
2632 3 14020
2632 3 25396
2632 3 26761
2633 3 13520
2633 3 14020
2633 3 30720
2634 3 13169
2634 3 14020
2634 3 14861
2635 3 11774
2635 3 14020
2635 3 25395
2635 3 25396
2636 3 14020
2636 3 18282
2636 3 27910
2636 3 27912
2637 3 14020
2637 3 24348
2637 3 30272
2638 3 11773
2638 3 14020
2638 3 24348
2639 3 14020
2639 3 15691
2639 3 24348
2640 3 11278
2640 3 14020
2640 3 26738
2641 3 14020
2641 3 17537
2641 3 26856
2642 3 11277
2642 3 14020
2642 3 26738
2643 3 11500
2643 3 14020
2643 3 14667
2644 3 14020
2644 3 15691
2644 3 24348
2645 3 13493
2645 3 13498
2645 3 14020
2645 3 16998
2645 3 31681
2646 3 11500
2646 3 14020
2646 3 14667
2647 3 14020
2647 3 26738
2648 3 14020
2648 3 15691
2648 3 24348
2649 3 14020
2649 3 14664
2649 3 19923
2649 3 29783
2650 3 13169
2650 3 14020
2650 3 14271
2650 3 27189
2651 3 11500
2651 3 14020
2651 3 14667
2652 3 11774
2652 3 14020
2652 3 19062
2652 3 19063
2653 3 11500
2653 3 14020
2653 3 14667
2654 3 11774
2654 3 14020
2654 3 25395
2654 3 25396
2655 3 11500
2655 3 14020
2655 3 14667
2656 2 11951
2656 2 26568
2656 2 31165
2656 2 31204
2656 3 14020
2656 3 14667
2656 3 18058
2656 9 18440
2656 9 18608
2657 3 14020
2657 3 15161
2657 3 26738
2658 3 14020
2658 3 17537
2658 3 26856
2659 3 11500
2659 3 14020
2659 3 14667
2660 3 14020
2660 3 26738
2660 3 31230
2661 3 11278
2661 3 14020
2661 3 26738
2662 3 14020
2662 3 18282
2662 3 27910
2662 3 27912
2663 3 14020
2663 3 26805
2663 3 26807
2663 3 27910
2664 3 14020
2664 3 22463
2664 3 22464
2665 3 11774
2665 3 11830
2665 3 14020
2665 3 18442
2666 3 11774
2666 3 14020
2666 3 25395
2666 3 25396
2667 0 20788
2667 3 11500
2667 3 14020
2667 3 14667
2667 9 27914
2667 9 28081
2667 13 20788
2668 0 15967
2668 3 11774
2668 3 14020
2668 3 25395
2668 3 25396
2668 9 27917
2668 14 11058
2669 3 11774
2669 3 14020
2669 3 19062
2669 3 19063
2670 3 13169
2670 3 14020
2670 3 14861
2671 3 11500
2671 3 14020
2671 3 14667
2672 3 11774
2672 3 14020
2672 3 19062
2672 3 19063
2673 3 14020
2673 3 14667
2673 3 18058
2674 3 12358
2674 3 14020
2674 3 14667
2675 3 11774
2675 3 14020
2675 3 25395
2675 3 25396
2676 3 11772
2676 3 11774
2676 3 14020
2676 3 18162
2676 3 19071
2677 3 14020
2677 3 14814
2677 3 14816
2678 3 11774
2678 3 14020
2678 3 25395
2678 3 25396
2679 3 12646
2679 3 14020
2679 3 14665
2679 3 14908
2680 3 14020
2680 3 26738
2680 3 31230
2681 3 13520
2681 3 14020
2681 3 30720
2682 3 14020
2682 3 18282
2682 3 27910
2682 3 27912
2683 3 13520
2683 3 14020
2683 3 25128
2684 3 11774
2684 3 14020
2684 3 25396
2684 3 26761
2685 3 14020
2685 3 14908
2685 3 30417
2686 3 11500
2686 3 14020
2686 3 14667
2687 3 13520
2687 3 14020
2687 3 30720
2688 3 14020
2688 3 19923
2688 3 19924
2689 3 13520
2689 3 14020
2689 3 30720
2690 3 11278
2690 3 14020
2690 3 26738
2691 3 14020
2691 3 25756
2691 3 27910
2691 3 27918
2692 3 13499
2692 3 14020
2692 3 24348
2693 3 11774
2693 3 11829
2693 3 14020
2694 3 12646
2694 3 14020
2694 3 14665
2694 3 14908
2695 3 11774
2695 3 14020
2695 3 19062
2695 3 19063
2696 3 14020
2696 3 15161
2696 3 26738
2697 3 14020
2697 3 17537
2697 3 26856
2698 3 11500
2698 3 14020
2698 3 14667
2699 3 11500
2699 3 14020
2699 3 14667
2700 3 11500
2700 3 14020
2700 3 14667
2701 3 11500
2701 3 14020
2701 3 14667
2702 3 11500
2702 3 14020
2702 3 14667
2703 2 17501
2703 3 14020
2703 3 14667
2703 3 18058
2703 9 18608
2703 9 26767
2703 9 29291
2704 3 14020
2704 3 15161
2704 3 26738
2705 3 14020
2705 3 15161
2705 3 26738
2705 9 14865
2705 9 25402
2705 9 29265
2706 3 13493
2706 3 13498
2706 3 14020
2706 3 16998
2706 3 31681
2707 3 11774
2707 3 14020
2707 3 19062
2707 3 19063
2708 3 11500
2708 3 14020
2708 3 14667
2709 3 11277
2709 3 14020
2709 3 26738
2710 3 13169
2710 3 14020
2710 3 14861
2711 3 14020
2711 3 15161
2711 3 26738
2712 3 11837
2712 3 14020
2712 3 14908
2713 3 11773
2713 3 14020
2713 3 24348
2714 3 11277
2714 3 14020
2714 3 26738
2715 3 14020
2715 3 26856
2715 3 29263
2716 3 11774
2716 3 14020
2716 3 25395
2716 3 25396
2717 3 14020
2717 3 14816
2717 3 29307
2718 3 12646
2718 3 14020
2718 3 14665
2718 3 14908
2719 3 11500
2719 3 14020
2719 3 14667
2720 3 12785
2720 3 14020
2720 3 19923
2721 3 11774
2721 3 14020
2721 3 18442
2721 3 26756
2722 3 11500
2722 3 14020
2722 3 14667
2723 3 14020
2723 3 14908
2723 3 30417
2724 3 11774
2724 3 14020
2724 3 19062
2724 3 19782
2725 3 11772
2725 3 11774
2725 3 14020
2725 3 18162
2725 3 19071
2726 3 11500
2726 3 14020
2726 3 14667
2727 3 11774
2727 3 14020
2727 3 25396
2728 3 11774
2728 3 11829
2728 3 14020
2729 3 14020
2729 3 25756
2729 3 27910
2729 3 27918
2730 3 11774
2730 3 14020
2730 3 18161
2730 3 18162
2731 3 14020
2731 3 15158
2731 3 18832
2732 3 11774
2732 3 14020
2732 3 25395
2732 3 25396
2733 3 11774
2733 3 14020
2733 3 25395
2733 3 25396
2734 3 11774
2734 3 14020
2734 3 19062
2734 3 19063
2735 3 11774
2735 3 14020
2735 3 18161
2735 3 18162
2736 3 11837
2736 3 14020
2736 3 14908
2737 3 14020
2737 3 14908
2737 3 30417
2738 3 14020
2738 3 26856
2738 3 29263
2739 3 14020
2739 3 25640
2739 3 25828
2739 3 31229
2740 3 11500
2740 3 14020
2740 3 14667
2741 3 11500
2741 3 14020
2741 3 14667
2742 3 14020
2742 3 19923
2742 3 29168
2743 3 11774
2743 3 14020
2743 3 18442
2743 3 26812
2744 3 11774
2744 3 14020
2744 3 18442
2744 3 26812
2745 3 11500
2745 3 14020
2745 3 14667
2746 3 11774
2746 3 14020
2746 3 25396
2746 3 26761
2747 3 11278
2747 3 14020
2747 3 26738
2748 3 11774
2748 3 14020
2748 3 18442
2748 3 26812
2749 3 11837
2749 3 14020
2749 3 14908
2750 3 11500
2750 3 14020
2750 3 14667
2751 3 11500
2751 3 14020
2751 3 14667
2752 3 11278
2752 3 14020
2752 3 26738
2753 3 11277
2753 3 14020
2753 3 26738
2754 3 13164
2754 3 14020
2754 3 26856
2754 3 29263
2755 3 14020
2755 3 14908
2755 3 30417
2756 3 14020
2756 3 25755
2756 3 26738
2756 3 30719
2757 3 11774
2757 3 14020
2757 3 18442
2757 3 26812
2758 3 11774
2758 3 11830
2758 3 14020
2758 3 18442
2759 3 13493
2759 3 13498
2759 3 14020
2759 3 16998
2759 3 31681
2760 3 11774
2760 3 14020
2760 3 19062
2760 3 19782
2761 3 14020
2761 3 25755
2761 3 26738
2761 3 30719
2762 3 13169
2762 3 14020
2762 3 14861
2763 3 14020
2763 3 15158
2763 3 15976
2764 3 14020
2764 3 18282
2764 3 27910
2764 3 27912
2765 3 13493
2765 3 13498
2765 3 14020
2765 3 16998
2765 3 31681
2766 3 13493
2766 3 13498
2766 3 14020
2766 3 16998
2766 3 31681
2767 3 14020
2767 3 15158
2767 3 18832
2768 3 14020
2768 3 26805
2768 3 26807
2768 3 27910
2769 3 14020
2769 3 19923
2769 3 29168
2770 3 11500
2770 3 14020
2770 3 14667
2771 3 14020
2771 3 14908
2771 3 30417
2772 3 11278
2772 3 14020
2772 3 26738
2773 3 13493
2773 3 13498
2773 3 14020
2773 3 16998
2773 3 31681
2774 3 11772
2774 3 11774
2774 3 14020
2774 3 18162
2774 3 19071
2775 3 11774
2775 3 14020
2775 3 19062
2775 3 19063
2776 3 14020
2776 3 26741
2776 3 27039
2777 3 11774
2777 3 14020
2777 3 18442
2777 3 26829
2778 3 14020
2778 3 26805
2778 3 26807
2778 3 27910
2779 3 11500
2779 3 14020
2779 3 14667
2780 3 11837
2780 3 14020
2780 3 14908
2780 9 19923
2781 3 11500
2781 3 14020
2781 3 14667
2782 3 14020
2782 3 25699
2782 3 31681
2783 3 14020
2783 3 14667
2783 3 29273
2784 3 13499
2784 3 14020
2784 3 24348
2785 3 13493
2785 3 13498
2785 3 14020
2785 3 16998
2785 3 31681
2786 3 14020
2786 3 25755
2786 3 26738
2786 3 30719
2787 3 14020
2787 3 25755
2787 3 26738
2787 3 30719
2788 3 14020
2788 3 25755
2788 3 26738
2788 3 30719
2789 3 14020
2789 3 26856
2789 3 29263
2789 3 29274
2790 3 11774
2790 3 14020
2790 3 18442
2790 3 26812
2791 3 14020
2791 3 15158
2791 3 30780
2792 3 11278
2792 3 14020
2792 3 26738
2793 3 14020
2793 3 15158
2793 3 18832
2794 3 14020
2794 3 14667
2794 3 29273
2795 3 11774
2795 3 11830
2795 3 14020
2795 3 18442
2796 3 13493
2796 3 13498
2796 3 14020
2796 3 16998
2796 3 31681
2797 3 14020
2797 3 26805
2797 3 26807
2797 3 27910
2798 3 14020
2798 3 19923
2798 3 29168
2799 3 11774
2799 3 14020
2799 3 19062
2799 3 19063
2800 3 14020
2800 3 26738
2800 3 31230
2801 3 14020
2801 3 15158
2801 3 30780
2802 3 14020
2802 3 26805
2802 3 26807
2802 3 27910
2803 3 11774
2803 3 14020
2803 3 19062
2803 3 19063
2804 3 11837
2804 3 14020
2804 3 14908
2805 3 11774
2805 3 14020
2805 3 25396
2805 3 26761
2806 3 11500
2806 3 14020
2806 3 14667
2807 2 11199
2807 2 22032
2807 3 11774
2807 3 11829
2807 3 14020
2807 9 11779
2807 9 18267
2807 9 18440
2807 9 26759
2808 3 13169
2808 3 14020
2808 3 14861
2809 3 14020
2809 3 22463
2809 3 22464
2810 3 14020
2810 3 14908
2810 3 30417
2811 3 14020
2811 3 14814
2811 3 14816
2812 3 14020
2812 3 14862
2812 3 17230
2813 3 11774
2813 3 14020
2813 3 19062
2813 3 19063
2813 9 24031
2813 9 29164
2814 3 11500
2814 3 14020
2814 3 14667
2815 3 14020
2815 3 15161
2815 3 26738
2816 3 14020
2816 3 25755
2816 3 26738
2816 3 30719
2817 3 11815
2817 3 14020
2817 3 15158
2818 3 11837
2818 3 14020
2818 3 14908
2819 3 14020
2819 3 24348
2819 3 30272
2820 3 11774
2820 3 14020
2820 3 16241
2820 3 19062
2821 0 16795
2821 3 14020
2821 3 14043
2821 3 25390
2821 9 25398
2821 13 25509
2821 14 11059
2822 3 14020
2822 3 14908
2822 3 25883
2823 3 14020
2823 3 17537
2823 3 26856
2824 3 11773
2824 3 14020
2824 3 24348
2825 3 11277
2825 3 14020
2825 3 26738
2826 3 11774
2826 3 14020
2826 3 19062
2826 3 19782
2827 3 11500
2827 3 14020
2827 3 14667
2828 3 11774
2828 3 14020
2828 3 19062
2828 3 19063
2829 3 14020
2829 3 26738
2829 3 29126
2830 3 11774
2830 3 14020
2830 3 19062
2830 3 19063
2831 3 11772
2831 3 11774
2831 3 14020
2831 3 18162
2831 3 19071
2832 3 14020
2832 3 15161
2832 3 26738
2833 3 14020
2833 3 14908
2833 3 30417
2834 3 11277
2834 3 14020
2834 3 26738
2835 3 14020
2835 3 19923
2835 3 29168
2836 3 11774
2836 3 13495
2836 3 14020
2837 3 11500
2837 3 14020
2837 3 14667
2838 3 13169
2838 3 14020
2838 3 14861
2839 3 14020
2839 3 26805
2839 3 26807
2839 3 27910
2840 3 13520
2840 3 14020
2840 3 30720
2841 3 13520
2841 3 14020
2841 3 30720
2842 3 11278
2842 3 14020
2842 3 26738
2843 3 14020
2843 3 14908
2843 3 30417
2844 3 14020
2844 3 19923
2844 3 19924
2845 3 13169
2845 3 14020
2845 3 14861
2846 3 11774
2846 3 11830
2846 3 14020
2846 3 18442
2847 3 11774
2847 3 11830
2847 3 14020
2847 3 18442
2848 3 14020
2848 3 19923
2848 3 29168
2849 3 11774
2849 3 11829
2849 3 14020
2850 3 11278
2850 3 14020
2850 3 26738
2851 3 14020
2851 3 14043
2851 3 25390
2852 3 14020
2852 3 14043
2852 3 25390
2853 3 14020
2853 3 25755
2853 3 26738
2853 3 30719
2854 3 11774
2854 3 14020
2854 3 18442
2854 3 26829
2855 3 14020
2855 3 22463
2855 3 22464
2856 3 11774
2856 3 14020
2856 3 25396
2856 3 26761
2857 3 11774
2857 3 14020
2857 3 16241
2857 3 19062
2858 3 11773
2858 3 14020
2858 3 24348
2859 3 11774
2859 3 14020
2859 3 19062
2859 3 19782
2860 3 14020
2860 3 25756
2860 3 27910
2860 3 27918
2861 3 13520
2861 3 14020
2861 3 25128
2862 3 14020
2862 3 19923
2862 3 29168
2863 3 14020
2863 3 25755
2863 3 26738
2863 3 30719
2864 3 12993
2864 3 14020
2864 3 15158
2865 3 11837
2865 3 14020
2865 3 14908
2866 3 14020
2866 3 19923
2866 3 29168
2867 3 11500
2867 3 14020
2867 3 14667
2868 3 11774
2868 3 11830
2868 3 14020
2868 3 18442
2868 9 18126
2868 9 28580
2869 3 13520
2869 3 14020
2869 3 30720
2870 3 14020
2870 3 14665
2870 3 14908
2870 3 25245
2871 3 14020
2871 3 14908
2871 3 30417
2872 3 14020
2872 3 14816
2872 3 14910
2873 3 11500
2873 3 14020
2873 3 14667
2874 3 14020
2874 3 26738
2874 3 29126
2875 3 14020
2875 3 26738
2875 3 29126
2876 3 14020
2876 3 26738
2876 3 29126
2877 3 11500
2877 3 14020
2877 3 14667
2878 3 14020
2878 3 26805
2878 3 26807
2878 3 27910
2879 3 11500
2879 3 14020
2879 3 14667
2880 3 14020
2880 3 14908
2880 3 30417
2881 3 13520
2881 3 14020
2881 3 25128
2882 3 13169
2882 3 14020
2882 3 14861
2883 3 14020
2883 3 14908
2883 3 30417
2884 3 11500
2884 3 14020
2884 3 14667
2885 3 14020
2885 3 25755
2885 3 26738
2886 3 14020
2886 3 15161
2886 3 26738
2887 3 11774
2887 3 14020
2887 3 19062
2887 3 19782
2888 3 11278
2888 3 14020
2888 3 26738
2889 3 11774
2889 3 14020
2889 3 25395
2889 3 25396
2890 3 14020
2890 3 14908
2890 3 30417
2891 3 11500
2891 3 14020
2891 3 14667
2892 3 14020
2892 3 25700
2892 3 26856
2892 3 29263
2893 3 14020
2893 3 29269
2893 3 30043
2894 0 19706
2894 3 14020
2894 3 29269
2894 3 30043
2894 13 19706
2895 3 14020
2895 3 25086
2895 3 29269
2896 3 13493
2896 3 13498
2896 3 14020
2896 3 16998
2896 3 31681
2897 3 14020
2897 3 15161
2897 3 26738
2898 3 12358
2898 3 14020
2898 3 14667
2899 3 14020
2899 3 14863
2899 3 26856
2900 3 14020
2900 3 16340
2900 3 27039
2901 3 11500
2901 3 14020
2901 3 14667
2902 3 13520
2902 3 14020
2902 3 25128
2903 3 13169
2903 3 14020
2903 3 14271
2903 3 27189
2904 3 13169
2904 3 14020
2904 3 14271
2904 3 27189
2905 3 13169
2905 3 14020
2905 3 14271
2905 3 27189
2906 3 13169
2906 3 14020
2906 3 14271
2906 3 27189
2907 3 14020
2907 3 26805
2907 3 26807
2907 3 27910
2908 3 14020
2908 3 25391
2908 3 26856
2909 3 13169
2909 3 14020
2909 3 14861
2909 9 14865
2909 9 25402
2910 3 14020
2910 3 25085
2910 3 29269
2911 3 14020
2911 3 15161
2911 3 26738
2912 3 14020
2912 3 17537
2912 3 26856
2913 3 13520
2913 3 14020
2913 3 25128
2914 3 14020
2914 3 14665
2914 3 14908
2914 3 25245
2915 3 14020
2915 3 14665
2915 3 14908
2915 3 25245
2916 3 11837
2916 3 14020
2916 3 14908
2917 0 31696
2917 3 14020
2917 3 14908
2917 3 30417
2917 9 14913
2917 13 30615
2917 14 11059
2918 3 14020
2918 3 15161
2918 3 26738
2919 3 14020
2919 3 14665
2919 3 14908
2919 3 25245
2920 3 14020
2920 3 25700
2920 3 26856
2920 3 29263
2921 3 13169
2921 3 14020
2921 3 14271
2921 3 27189
2922 3 14020
2922 3 15161
2922 3 26738
2923 3 14020
2923 3 26805
2923 3 26807
2923 3 27910
2924 3 11500
2924 3 14020
2924 3 14667
2925 3 13520
2925 3 14020
2925 3 25128
2926 3 11500
2926 3 14020
2926 3 14667
2927 3 14020
2927 3 14908
2927 3 30417
2928 3 14020
2928 3 14480
2928 3 18791
2929 3 14020
2929 3 25756
2929 3 27910
2929 3 27918
2930 3 13632
2930 3 14020
2930 3 25755
2930 3 26738
2931 3 13169
2931 3 14020
2931 3 14271
2931 3 27189
2932 3 11500
2932 3 14020
2932 3 14667
2933 3 14020
2933 3 25085
2933 3 29269
2934 3 14020
2934 3 25085
2934 3 29269
2935 3 11500
2935 3 14020
2935 3 14667
2936 3 14020
2936 3 14908
2936 3 30417
2937 3 13520
2937 3 14020
2937 3 25128
2938 3 11500
2938 3 14020
2938 3 14667
2939 3 14020
2939 3 25755
2939 3 26738
2939 3 30719
2940 3 14020
2940 3 25755
2940 3 26738
2941 3 11278
2941 3 14020
2941 3 26738
2942 3 14020
2942 3 14908
2942 3 30417
2943 3 14020
2943 3 18282
2943 3 27910
2943 3 27912
2944 3 14020
2944 3 14665
2944 3 14908
2944 3 25245
2945 3 14020
2945 3 14863
2945 3 26856
2946 3 14020
2946 3 14908
2946 3 30417
2947 3 14020
2947 3 25755
2947 3 26738
2947 3 30719
2948 3 13167
2948 3 14020
2948 3 14908
2949 3 14020
2949 3 15161
2949 3 26738
2950 3 11278
2950 3 14020
2950 3 26738
2951 3 11500
2951 3 14020
2951 3 14667
2952 3 13169
2952 3 14020
2952 3 14861
2953 3 14020
2953 3 14480
2953 3 18791
2954 3 11500
2954 3 14020
2954 3 14667
2955 3 14020
2955 3 16344
2955 3 26738
2956 3 14020
2956 3 15158
2956 3 15976
2957 3 14020
2957 3 25756
2957 3 27910
2957 3 27918
2958 3 13169
2958 3 14020
2958 3 15754
2958 3 27189
2959 3 13169
2959 3 14020
2959 3 14861
2960 3 14020
2960 3 14908
2960 3 30417
2961 3 14020
2961 3 18282
2961 3 27910
2961 3 27912
2962 3 14020
2962 3 18282
2962 3 27910
2962 3 27912
2963 3 14020
2963 3 14863
2963 3 26856
2964 3 11774
2964 3 14020
2964 3 18442
2964 3 26829
2965 3 13169
2965 3 14020
2965 3 14271
2965 3 27189
2966 3 14020
2966 3 18282
2966 3 27910
2966 3 27912
2967 3 14020
2967 3 14867
2967 3 15786
2967 3 16998
2967 3 31681
2968 3 13167
2968 3 14020
2968 3 14908
2969 3 11500
2969 3 14020
2969 3 14667
2970 3 14020
2970 3 26805
2970 3 26807
2970 3 27910
2971 3 11500
2971 3 14020
2971 3 14667
2972 3 11500
2972 3 14020
2972 3 14667
2973 3 14020
2973 3 26738
2973 3 30034
2974 3 14020
2974 3 25755
2974 3 26738
2975 3 14020
2975 3 26738
2975 3 29126
2976 3 13169
2976 3 14020
2976 3 14271
2976 3 27189
2977 3 14020
2977 3 26738
2977 3 29126
2978 3 14020
2978 3 26738
2978 3 29126
2979 3 11500
2979 3 14020
2979 3 14667
2980 3 14020
2980 3 26738
2980 3 29126
2981 3 11500
2981 3 14020
2981 3 14667
2982 3 14020
2982 3 14908
2982 3 31442
2983 3 13497
2983 3 14020
2983 3 14667
2984 3 11500
2984 3 14020
2984 3 14667
2985 3 14020
2985 3 17537
2985 3 26856
2986 3 14020
2986 3 14908
2986 3 30417
2987 3 11278
2987 3 14020
2987 3 26738
2988 3 11500
2988 3 14020
2988 3 14667
2989 3 13169
2989 3 14020
2989 3 14861
2990 3 14020
2990 3 25755
2990 3 26738
2991 3 14020
2991 3 14908
2991 3 30417
2992 3 12646
2992 3 14020
2992 3 14665
2992 3 14908
2993 3 14020
2993 3 26805
2993 3 26807
2993 3 27910
2994 3 13169
2994 3 14020
2994 3 14271
2994 3 27189
2995 3 14020
2995 3 14665
2995 3 14908
2995 3 25245
2996 0 24994
2996 3 14020
2996 3 26848
2996 3 26856
2996 9 11779
2996 9 19065
2996 9 19067
2996 13 15798
2996 14 11060
2997 3 12646
2997 3 14020
2997 3 14665
2997 3 14908
2997 9 18937
2998 3 14020
2998 3 14480
2998 3 18791
2999 3 11500
2999 3 14020
2999 3 14667
3000 3 13170
3000 3 14020
3000 3 27910
3001 3 14020
3001 3 26805
3001 3 26807
3001 3 27910
3002 3 14020
3002 3 26805
3002 3 26807
3002 3 27910
3003 3 11774
3003 3 14020
3003 3 25395
3003 3 25396
3004 3 13520
3004 3 14020
3004 3 30720
3005 3 13164
3005 3 14020
3005 3 26856
3005 3 29263
3005 9 27917
3006 3 14020
3006 3 26805
3006 3 26807
3006 3 27910
3007 3 14020
3007 3 26805
3007 3 26807
3007 3 27910
3008 3 14020
3008 3 26805
3008 3 26807
3008 3 27910
3009 3 14020
3009 3 26805
3009 3 26807
3009 3 27910
3010 3 12993
3010 3 14020
3010 3 15158
3011 3 11837
3011 3 14020
3011 3 14908
3012 3 13494
3012 3 13496
3012 3 14020
3012 3 17230
3013 3 14020
3013 3 25828
3013 3 25831
3014 3 14020
3014 3 25828
3014 3 25831
3015 3 14020
3015 3 25828
3015 3 25831
3016 3 14020
3016 3 25828
3016 3 25831
3017 3 14020
3017 3 25828
3017 3 25831
3018 3 14020
3018 3 25828
3018 3 25831
3019 3 13520
3019 3 14020
3019 3 25128
3020 3 13520
3020 3 14020
3020 3 25128
3021 3 14020
3021 3 14670
3021 3 17243
3021 3 30206
3022 3 13520
3022 3 14020
3022 3 25128
3023 3 13520
3023 3 14020
3023 3 25128
3024 3 14020
3024 3 25640
3024 3 25828
3024 3 31229
3025 3 14020
3025 3 16152
3025 3 25755
3025 3 26738
3026 3 11500
3026 3 14020
3026 3 14667
3027 3 14020
3027 3 14908
3027 3 30417
3028 3 13493
3028 3 13498
3028 3 14020
3028 3 16998
3028 3 31681
3029 3 14020
3029 3 25755
3029 3 26738
3030 3 13499
3030 3 14020
3030 3 24348
3031 3 11278
3031 3 14020
3031 3 26738
3032 3 14020
3032 3 14421
3032 3 26739
3033 3 14020
3033 3 26856
3033 3 29263
3033 3 29274
3034 3 14020
3034 3 26629
3034 3 26856
3034 3 29263
3035 3 11500
3035 3 14020
3035 3 14667
3036 3 14020
3036 3 26738
3036 3 29126
3037 3 14020
3037 3 24324
3037 3 26856
3037 3 29263
3038 3 11774
3038 3 14020
3038 3 18441
3038 3 18442
3039 3 11277
3039 3 14020
3039 3 26738
3040 3 14020
3040 3 26805
3040 3 26806
3040 3 27910
3041 3 13493
3041 3 13498
3041 3 14020
3041 3 16998
3041 3 31681
3042 3 12711
3042 3 14020
3042 3 25755
3042 3 26738
3043 3 14020
3043 3 25755
3043 3 26738
3043 3 30719
3044 3 11500
3044 3 14020
3044 3 14667
3045 3 14020
3045 3 24324
3045 3 26856
3045 3 29263
3046 3 11277
3046 3 14020
3046 3 26738
3047 3 11500
3047 3 14020
3047 3 14667
3048 3 14020
3048 3 14862
3048 3 17230
3048 9 13169
3048 9 17232
3048 9 18160
3048 9 19923
3048 9 19926
3048 9 27262
3048 9 28081
3048 9 29265
3049 3 14020
3049 3 17537
3049 3 26856
3050 3 14020
3050 3 14814
3050 3 14816
3051 0 17235
3051 3 11774
3051 3 11829
3051 3 14020
3051 9 11779
3051 9 18440
3051 13 17235
3051 13 25490
3051 14 11060
3052 3 14020
3052 3 26856
3052 3 29263
3053 3 14020
3053 3 26805
3053 3 26807
3053 3 27910
3054 3 14020
3054 3 26805
3054 3 26807
3054 3 27910
3055 3 11500
3055 3 14020
3055 3 14667
3056 3 14020
3056 3 26805
3056 3 26807
3056 3 27910
3057 3 12646
3057 3 14020
3057 3 14665
3057 3 14908
3058 3 14020
3058 3 17537
3058 3 26856
3059 3 14020
3059 3 14421
3059 3 26739
3060 3 11774
3060 3 14020
3060 3 18442
3060 3 26829
3061 3 12711
3061 3 14020
3061 3 25755
3061 3 26738
3062 3 11277
3062 3 14020
3062 3 26738
3063 3 11774
3063 3 14020
3063 3 19062
3063 3 19063
3064 3 14020
3064 3 26805
3064 3 26806
3064 3 27910
3065 3 14020
3065 3 14867
3065 3 16998
3065 3 29283
3065 3 31681
3066 3 14020
3066 3 14908
3066 3 30417
3067 3 11774
3067 3 14020
3067 3 25395
3067 3 25396
3068 3 14020
3068 3 26738
3068 3 31230
3069 3 11500
3069 3 14020
3069 3 14667
3070 3 11500
3070 3 14020
3070 3 14667
3071 3 11500
3071 3 14020
3071 3 14667
3072 3 14020
3072 3 25085
3072 3 29269
3073 3 11500
3073 3 14020
3073 3 14667
3074 3 14020
3074 3 26805
3074 3 26807
3074 3 27910
3075 3 11500
3075 3 14020
3075 3 14667
3076 3 13169
3076 3 14020
3076 3 31227
3077 3 11500
3077 3 14020
3077 3 14667
3078 3 14020
3078 3 26805
3078 3 26806
3078 3 27910
3079 3 14020
3079 3 26805
3079 3 26807
3079 3 27910
3080 3 14020
3080 3 26805
3080 3 26807
3080 3 27910
3081 3 13497
3081 3 14020
3081 3 14667
3082 3 13497
3082 3 14020
3082 3 14667
3083 3 13497
3083 3 14020
3083 3 14667
3084 3 13520
3084 3 14020
3084 3 25128
3085 3 14020
3085 3 26805
3085 3 26807
3085 3 27910
3086 3 11500
3086 3 14020
3086 3 14667
3087 3 14020
3087 3 14908
3087 3 30417
3088 3 11500
3088 3 14020
3088 3 14667
3089 3 13493
3089 3 13498
3089 3 14020
3089 3 16998
3089 3 31681
3090 3 13493
3090 3 13498
3090 3 14020
3090 3 16998
3090 3 31681
3091 3 11774
3091 3 14020
3091 3 19062
3091 3 19063
3092 3 11500
3092 3 14020
3092 3 14667
3093 3 11278
3093 3 14020
3093 3 26738
3094 3 11500
3094 3 14020
3094 3 14667
3095 3 14020
3095 3 16994
3095 3 26738
3096 3 13497
3096 3 14020
3096 3 14667
3097 3 11500
3097 3 14020
3097 3 14667
3098 3 14020
3098 3 25755
3098 3 26738
3098 3 30719
3099 3 11500
3099 3 14020
3099 3 14667
3100 3 14020
3100 3 14667
3100 3 18058
3101 3 14020
3101 3 26805
3101 3 26806
3101 3 27910
3102 3 14020
3102 3 16344
3102 3 26738
3103 3 14020
3103 3 14862
3103 3 17230
3104 3 14020
3104 3 26856
3104 3 29263
3105 3 14020
3105 3 14480
3105 3 18791
3106 3 14020
3106 3 14667
3106 3 18058
3107 3 14020
3107 3 26805
3107 3 26807
3107 3 27910
3108 3 11500
3108 3 14020
3108 3 14667
3109 3 13164
3109 3 14020
3109 3 26856
3109 3 29263
3110 3 11774
3110 3 11829
3110 3 14020
3111 3 14020
3111 3 14908
3111 3 30417
3112 3 14020
3112 3 15158
3112 3 15976
3113 3 11500
3113 3 14020
3113 3 14667
3114 3 13632
3114 3 14020
3114 3 25755
3114 3 26738
3115 3 11500
3115 3 14020
3115 3 14667
3116 3 14020
3116 3 26856
3116 3 29263
3117 3 14020
3117 3 14908
3117 3 30417
3118 3 12711
3118 3 14020
3118 3 25755
3118 3 26738
3119 3 14020
3119 3 14908
3119 3 30417
3120 3 11774
3120 3 14020
3120 3 19062
3120 3 19063
3121 3 11815
3121 3 14020
3121 3 15158
3122 3 11774
3122 3 14020
3122 3 19062
3122 3 19782
3123 3 13493
3123 3 13498
3123 3 14020
3123 3 16998
3123 3 31681
3124 3 14020
3124 3 25755
3124 3 26738
3124 3 30719
3125 3 13497
3125 3 14020
3125 3 14667
3126 3 11278
3126 3 14020
3126 3 26738
3127 3 13493
3127 3 13498
3127 3 14020
3127 3 16998
3127 3 31681
3128 3 11500
3128 3 14020
3128 3 14667
3129 3 14020
3129 3 26805
3129 3 26806
3129 3 27910
3130 3 14020
3130 3 14908
3130 3 30417
3131 3 11774
3131 3 14020
3131 3 25395
3131 3 25396
3132 3 14020
3132 3 16998
3132 3 28598
3132 3 29780
3132 3 31681
3133 3 14020
3133 3 14667
3133 3 26816
3134 3 11500
3134 3 14020
3134 3 14667
3135 3 14020
3135 3 25755
3135 3 26738
3136 3 14020
3136 3 14862
3136 3 17230
3137 3 11500
3137 3 14020
3137 3 14667
3138 3 11500
3138 3 14020
3138 3 14667
3139 3 14020
3139 3 26805
3139 3 26806
3139 3 27910
3140 3 14020
3140 3 15161
3140 3 26738
3141 3 14020
3141 3 26805
3141 3 26806
3141 3 27910
3142 3 14020
3142 3 15161
3142 3 26738
3143 3 14020
3143 3 19923
3143 3 27236
3143 3 29783
3144 3 14020
3144 3 18282
3144 3 27910
3144 3 27912
3145 3 11774
3145 3 14020
3145 3 19062
3145 3 19782
3146 3 11774
3146 3 14020
3146 3 19062
3146 3 19782
3147 3 11278
3147 3 14020
3147 3 26738
3148 3 13169
3148 3 14020
3148 3 14861
3148 9 14671
3148 9 14865
3148 9 19927
3148 9 25379
3148 9 26743
3148 9 26745
3149 3 11774
3149 3 14020
3149 3 25395
3149 3 25396
3150 3 14020
3150 3 25755
3150 3 26738
3150 3 30719
3151 3 14020
3151 3 15161
3151 3 26738
3152 3 11278
3152 3 14020
3152 3 26738
3153 2 27986
3153 3 12785
3153 3 14020
3153 3 19923
3153 9 11779
3153 9 13172
3153 9 17233
3153 9 18267
3153 9 26821
3153 9 28081
3154 3 13497
3154 3 14020
3154 3 14667
3155 3 14020
3155 3 26805
3155 3 26807
3155 3 27910
3156 3 14020
3156 3 26805
3156 3 26806
3156 3 27910
3157 3 11278
3157 3 14020
3157 3 26738
3158 3 11500
3158 3 14020
3158 3 14667
3159 3 11774
3159 3 14020
3159 3 16241
3159 3 19062
3160 3 14020
3160 3 16344
3160 3 26738
3161 3 11500
3161 3 14020
3161 3 14667
3162 3 14020
3162 3 25755
3162 3 26738
3162 3 30719
3163 3 14020
3163 3 24348
3163 3 26740
3164 3 11774
3164 3 14020
3164 3 18442
3164 3 26829
3165 3 14020
3165 3 16340
3165 3 27039
3166 3 14020
3166 3 25755
3166 3 26738
3166 3 30719
3167 3 14020
3167 3 25755
3167 3 26738
3167 3 30719
3168 3 14020
3168 3 25755
3168 3 26738
3168 3 30719
3169 3 11774
3169 3 11816
3169 3 14020
3169 3 19062
3170 3 14020
3170 3 14667
3170 3 18058
3171 3 11278
3171 3 14020
3171 3 26738
3172 3 14020
3172 3 19923
3172 3 29168
3173 3 13493
3173 3 13498
3173 3 14020
3173 3 16998
3173 3 31681
3174 3 11500
3174 3 14020
3174 3 14667
3175 3 13493
3175 3 13498
3175 3 14020
3175 3 16998
3175 3 31681
3176 3 11774
3176 3 14020
3176 3 25395
3176 3 25396
3177 3 13493
3177 3 13498
3177 3 14020
3177 3 16998
3177 3 31681
3178 3 14020
3178 3 26848
3178 3 26856
3179 0 30137
3179 3 14020
3179 3 26805
3179 3 26807
3179 3 27910
3179 9 12439
3179 9 29189
3179 13 11429
3179 13 16863
3180 3 14020
3180 3 25755
3180 3 26738
3180 3 30719
3181 3 14020
3181 3 26805
3181 3 26807
3181 3 27910
3182 3 13169
3182 3 14020
3182 3 14861
3183 3 14020
3183 3 15158
3183 3 15976
3184 3 13169
3184 3 14020
3184 3 14861
3185 3 11278
3185 3 14020
3185 3 26738
3186 3 14020
3186 3 26805
3186 3 26807
3186 3 27910
3186 9 26743
3187 3 14020
3187 3 16998
3187 3 17172
3187 3 28598
3187 3 31681
3188 3 11278
3188 3 14020
3188 3 26738
3189 3 14020
3189 3 16152
3189 3 25755
3189 3 26738
3190 3 13169
3190 3 14020
3190 3 16543
3191 3 11278
3191 3 14020
3191 3 26738
3192 3 14020
3192 3 26805
3192 3 26807
3192 3 27910
3192 9 26810
3193 3 14020
3193 3 14667
3193 3 18058
3194 3 13169
3194 3 14020
3194 3 14861
3195 3 11500
3195 3 14020
3195 3 14667
3196 3 14020
3196 3 19923
3196 3 29168
3197 3 13493
3197 3 13498
3197 3 14020
3197 3 16998
3197 3 31681
3198 3 11500
3198 3 14020
3198 3 14667
3199 3 11500
3199 3 14020
3199 3 14667
3200 3 14020
3200 3 26805
3200 3 26807
3200 3 27910
3201 3 11500
3201 3 14020
3201 3 14667
3202 3 11500
3202 3 14020
3202 3 14667
3203 3 13167
3203 3 14020
3203 3 14908
3204 3 11500
3204 3 13169
3204 3 14020
3204 3 14667
3204 3 29161
3205 3 11277
3205 3 14020
3205 3 26738
3206 3 14020
3206 3 19923
3206 3 29168
3207 3 13169
3207 3 14020
3207 3 14861
3208 3 11278
3208 3 14020
3208 3 26738
3209 3 13164
3209 3 14020
3209 3 26856
3209 3 29263
3210 3 14020
3210 3 26805
3210 3 26807
3210 3 27910
3211 3 14020
3211 3 25640
3211 3 25828
3211 3 31229
3212 3 14020
3212 3 16994
3212 3 26738
3212 3 29782
3213 3 14020
3213 3 26805
3213 3 26807
3213 3 27910
3214 3 14020
3214 3 14480
3214 3 18791
3215 3 14020
3215 3 15158
3215 3 17503
3216 3 11278
3216 3 14020
3216 3 26738
3217 3 11278
3217 3 14020
3217 3 26738
3218 3 14020
3218 3 14908
3218 3 30417
3219 3 14020
3219 3 14908
3219 3 30417
3220 3 14020
3220 3 14908
3220 3 30417
3221 3 14020
3221 3 14908
3221 3 30417
3222 3 14020
3222 3 16994
3222 3 17509
3222 3 26738
3223 3 11500
3223 3 14020
3223 3 14667
3224 3 13169
3224 3 14020
3224 3 14861
3225 3 11774
3225 3 14020
3225 3 25395
3225 3 25396
3226 3 14020
3226 3 25755
3226 3 26738
3226 3 30719
3227 3 11278
3227 3 14020
3227 3 26738
3228 3 14020
3228 3 25755
3228 3 26738
3229 3 14020
3229 3 26805
3229 3 26807
3229 3 27910
3230 3 11278
3230 3 14020
3230 3 26738
3231 3 11277
3231 3 14020
3231 3 26738
3232 3 13169
3232 3 14020
3232 3 14861
3233 3 11278
3233 3 14020
3233 3 26738
3234 3 14020
3234 3 19923
3234 3 29168
3235 3 11278
3235 3 14020
3235 3 26738
3236 3 11500
3236 3 14020
3236 3 14667
3237 3 14020
3237 3 25755
3237 3 26738
3238 3 13520
3238 3 14020
3238 3 25128
3239 3 14020
3239 3 14480
3239 3 18791
3240 3 14020
3240 3 14421
3240 3 26739
3241 3 14020
3241 3 15158
3241 3 15976
3242 3 14020
3242 3 25755
3242 3 26738
3243 3 14020
3243 3 25755
3243 3 26738
3244 3 14020
3244 3 14908
3244 3 30417
3245 3 14020
3245 3 16344
3245 3 26738
3246 3 14020
3246 3 25755
3246 3 26738
3247 3 14020
3247 3 25756
3247 3 27910
3247 3 27918
3248 3 13520
3248 3 14020
3248 3 25128
3249 3 13520
3249 3 14020
3249 3 25128
3250 3 14020
3250 3 25640
3250 3 25828
3250 3 31229
3251 3 11774
3251 3 14020
3251 3 25395
3251 3 25396
3252 3 11500
3252 3 14020
3252 3 14667
3253 3 11774
3253 3 14020
3253 3 18442
3253 3 26812
3254 3 13520
3254 3 14020
3254 3 25128
3255 3 14020
3255 3 25755
3255 3 26738
3255 3 30719
3256 3 14020
3256 3 25755
3256 3 26738
3256 3 30719
3257 3 13170
3257 3 14020
3257 3 27910
3258 3 14020
3258 3 25755
3258 3 26738
3259 3 11500
3259 3 14020
3259 3 14667
3260 3 14020
3260 3 14908
3260 3 30417
3261 3 11500
3261 3 14020
3261 3 14667
3262 3 14020
3262 3 25085
3262 3 29269
3263 3 11500
3263 3 14020
3263 3 14667
3264 3 11774
3264 3 14020
3264 3 25395
3264 3 25396
3265 3 11774
3265 3 14020
3265 3 25395
3265 3 25396
3266 3 14020
3266 3 25755
3266 3 26738
3267 3 14020
3267 3 25755
3267 3 26738
3268 3 14020
3268 3 14665
3268 3 14908
3269 3 14020
3269 3 24348
3269 3 26740
3270 3 11774
3270 3 14020
3270 3 25395
3270 3 25396
3271 3 14020
3271 3 25640
3271 3 25828
3271 3 31229
3272 3 11500
3272 3 14020
3272 3 14667
3273 3 11500
3273 3 14020
3273 3 14667
3274 3 14020
3274 3 25756
3274 3 27910
3274 3 27918
3275 3 14020
3275 3 14667
3275 3 18058
3276 3 14020
3276 3 26805
3276 3 26806
3276 3 27910
3277 3 14020
3277 3 16152
3277 3 25755
3277 3 26738
3278 3 14020
3278 3 25756
3278 3 27910
3278 3 27918
3279 3 11774
3279 3 14020
3279 3 25395
3279 3 25396
3280 3 13520
3280 3 14020
3280 3 25128
3281 3 14020
3281 3 14666
3281 3 26856
3282 3 14020
3282 3 14908
3282 3 25883
3283 3 11774
3283 3 14020
3283 3 18161
3283 3 18162
3284 3 14020
3284 3 26805
3284 3 26806
3284 3 27910
3285 3 11837
3285 3 14020
3285 3 14908
3286 3 13169
3286 3 14020
3286 3 14861
3287 3 14020
3287 3 25756
3287 3 27910
3287 3 27918
3288 3 14020
3288 3 26738
3288 3 29126
3289 3 14020
3289 3 14908
3289 3 25883
3290 3 14020
3290 3 14665
3290 3 14908
3290 3 25245
3291 3 14020
3291 3 25755
3291 3 26738
3291 3 30719
3292 3 14020
3292 3 14665
3292 3 14908
3292 3 25245
3293 3 13746
3293 3 13809
3293 3 14020
3293 3 31681
3294 3 14020
3294 3 15158
3294 3 15976
3295 3 14020
3295 3 15158
3295 3 18832
3296 3 11500
3296 3 14020
3296 3 14667
3297 3 14020
3297 3 25756
3297 3 27910
3297 3 27918
3298 3 14020
3298 3 25640
3298 3 25828
3298 3 31229
3299 3 14020
3299 3 19923
3299 3 29264
3300 3 12711
3300 3 14020
3300 3 25755
3300 3 26738
3301 3 14020
3301 3 16340
3301 3 27039
3302 3 14020
3302 3 15158
3302 3 18832
3303 0 29167
3303 3 14020
3303 3 14908
3303 3 30417
3303 13 24780
3303 13 25507
3304 3 14020
3304 3 14665
3304 3 14908
3304 3 25245
3305 3 11774
3305 3 14020
3305 3 18442
3305 3 26756
3306 3 14020
3306 3 14665
3306 3 14908
3306 3 25245
3307 3 14020
3307 3 25756
3307 3 27910
3307 3 27918
3308 3 14020
3308 3 16340
3308 3 27039
3309 3 14020
3309 3 14908
3309 3 30417
3310 3 14020
3310 3 15158
3310 3 15976
3311 3 14020
3311 3 14667
3311 3 26816
3312 3 14020
3312 3 14908
3312 3 30417
3313 3 14020
3313 3 14665
3313 3 14908
3313 3 25245
3314 3 14020
3314 3 14665
3314 3 14908
3314 3 25245
3315 3 14020
3315 3 14665
3315 3 14908
3315 3 25245
3316 3 13170
3316 3 14020
3316 3 27910
3317 3 13170
3317 3 14020
3317 3 27910
3318 3 11500
3318 3 14020
3318 3 14667
3319 3 11500
3319 3 14020
3319 3 14667
3320 3 14020
3320 3 15158
3320 3 15976
3321 3 11277
3321 3 14020
3321 3 26738
3322 3 14020
3322 3 16340
3322 3 27039
3323 3 14020
3323 3 14908
3323 3 30417
3324 3 11500
3324 3 14020
3324 3 14667
3325 3 14020
3325 3 14665
3325 3 14908
3325 3 25245
3326 3 11500
3326 3 14020
3326 3 14667
3327 0 17931
3327 3 14020
3327 3 25640
3327 3 25828
3327 3 31229
3327 9 14482
3327 9 25972
3327 14 11060
3328 3 11774
3328 3 14020
3328 3 18442
3328 3 26756
3329 3 14020
3329 3 25756
3329 3 27910
3329 3 27918
3330 3 14020
3330 3 14908
3330 3 30417
3331 3 14020
3331 3 14863
3331 3 26856
3331 9 11297
3331 9 14865
3331 9 17537
3331 9 18763
3331 9 19923
3331 9 22466
3331 9 27917
3331 9 29265
3332 3 14020
3332 3 14908
3332 3 30417
3333 3 11277
3333 3 14020
3333 3 26738
3334 3 11500
3334 3 14020
3334 3 14667
3335 3 11774
3335 3 14020
3335 3 19062
3335 3 19063
3336 3 14020
3336 3 25755
3336 3 26738
3337 3 13632
3337 3 14020
3337 3 25755
3337 3 26738
3338 3 14020
3338 3 25755
3338 3 26738
3338 3 30719
3339 3 11837
3339 3 14020
3339 3 14908
3340 3 13632
3340 3 14020
3340 3 25755
3340 3 26738
3341 3 11774
3341 3 14020
3341 3 18442
3341 3 26812
3342 3 13632
3342 3 14020
3342 3 25755
3342 3 26738
3343 3 13632
3343 3 14020
3343 3 25755
3343 3 26738
3344 3 14020
3344 3 25756
3344 3 27910
3344 3 29711
3345 3 14020
3345 3 26738
3345 9 12359
3345 9 18440
3345 9 27917
3346 3 14020
3346 3 26856
3346 3 29263
3347 3 14020
3347 3 25756
3347 3 27910
3347 3 27918
3348 3 14020
3348 3 14908
3348 3 30417
3349 3 14020
3349 3 19923
3349 3 19924
3350 3 12600
3350 3 14020
3350 3 19923
3351 3 14020
3351 3 19923
3351 3 19924
3352 3 14020
3352 3 25755
3352 3 26738
3353 3 14020
3353 3 14814
3353 3 14816
3354 3 11500
3354 3 14020
3354 3 14667
3355 3 11774
3355 3 14020
3355 3 18442
3355 3 26812
3356 3 13497
3356 3 14020
3356 3 14667
3357 3 14020
3357 3 25755
3357 3 26738
3358 3 13632
3358 3 14020
3358 3 25755
3358 3 26738
3359 3 11774
3359 3 14020
3359 3 25395
3359 3 25396
3360 3 14020
3360 3 14814
3360 3 14816
3361 3 14020
3361 3 16152
3361 3 25755
3361 3 26738
3362 3 14020
3362 3 16152
3362 3 25755
3362 3 26738
3363 3 13632
3363 3 14020
3363 3 25755
3363 3 26738
3364 3 13520
3364 3 14020
3364 3 25128
3365 3 14020
3365 3 14814
3365 3 14816
3366 3 14020
3366 3 14908
3366 3 30417
3367 3 11500
3367 3 14020
3367 3 14667
3368 3 13632
3368 3 14020
3368 3 25755
3368 3 26738
3369 3 13632
3369 3 14020
3369 3 25755
3369 3 26738
3370 3 13164
3370 3 14020
3370 3 26856
3370 3 29263
3371 3 14020
3371 3 25755
3371 3 26738
3372 0 30166
3372 3 11774
3372 3 14020
3372 3 18442
3372 3 26812
3372 9 17537
3372 13 19523
3373 3 14020
3373 3 26805
3373 3 26807
3373 3 27910
3374 3 14020
3374 3 26805
3374 3 26807
3374 3 27910
3375 3 14020
3375 3 26805
3375 3 26807
3375 3 27910
3376 3 11500
3376 3 14020
3376 3 14667
3377 3 11500
3377 3 14020
3377 3 14667
3378 3 11500
3378 3 14020
3378 3 14667
3379 3 13632
3379 3 14020
3379 3 25755
3379 3 26738
3380 3 13632
3380 3 14020
3380 3 25755
3380 3 26738
3381 3 13632
3381 3 14020
3381 3 25755
3381 3 26738
3382 3 11500
3382 3 14020
3382 3 14667
3383 3 11500
3383 3 14020
3383 3 14667
3384 3 11500
3384 3 14020
3384 3 14667
3385 3 11500
3385 3 14020
3385 3 14667
3386 3 11500
3386 3 14020
3386 3 14667
3387 3 11500
3387 3 14020
3387 3 14667
3388 3 11500
3388 3 14020
3388 3 14667
3389 3 14020
3389 3 14908
3389 3 30417
3390 3 14020
3390 3 25755
3390 3 26738
3390 3 30719
3391 3 14020
3391 3 25755
3391 3 26738
3392 3 14020
3392 3 18043
3392 3 25755
3392 3 26738
3393 3 14020
3393 3 18043
3393 3 25755
3393 3 26738
3394 3 12646
3394 3 14020
3394 3 14665
3394 3 14908
3395 0 16184
3395 3 11774
3395 3 14020
3395 3 18442
3395 3 26812
3395 9 14913
3395 13 13381
3395 13 27013
3396 3 14020
3396 3 17537
3396 3 26856
3397 3 14020
3397 3 26805
3397 3 26807
3397 3 27910
3398 3 14020
3398 3 26805
3398 3 26807
3398 3 27910
3399 3 14020
3399 3 14667
3399 3 26816
3400 3 14020
3400 3 17537
3400 3 26856
3401 3 13493
3401 3 13498
3401 3 14020
3401 3 16998
3401 3 31681
3402 3 11278
3402 3 14020
3402 3 26738
3403 3 14020
3403 3 26856
3403 3 29263
3403 3 29274
3404 3 14020
3404 3 25755
3404 3 26738
3404 3 30719
3405 3 11774
3405 3 14020
3405 3 18442
3405 3 26812
3406 3 14020
3406 3 17537
3406 3 26856
3407 3 14020
3407 3 26856
3407 3 29263
3407 3 29274
3408 3 14020
3408 3 14667
3408 3 26816
3409 3 11500
3409 3 14020
3409 3 14667
3410 3 14020
3410 3 16344
3410 3 26738
3411 3 11500
3411 3 14020
3411 3 14667
3412 3 11774
3412 3 14020
3412 3 25395
3412 3 25396
3413 3 14020
3413 3 16152
3413 3 25755
3413 3 26738
3414 3 14020
3414 3 26629
3414 3 26856
3414 3 29263
3415 3 14020
3415 3 25755
3415 3 26738
3416 3 13164
3416 3 14020
3416 3 26856
3416 3 29263
3417 3 11500
3417 3 14020
3417 3 14667
3418 3 14020
3418 3 16152
3418 3 25755
3418 3 26738
3419 3 14020
3419 3 25755
3419 3 26738
3419 3 30719
3420 3 14020
3420 3 25756
3420 3 27910
3420 3 27918
3421 3 14020
3421 3 26856
3421 3 29263
3422 3 14020
3422 3 14667
3422 3 26816
3423 3 14020
3423 3 26856
3423 3 29263
3423 3 29274
3424 3 14020
3424 3 26856
3424 3 29263
3424 3 29274
3425 3 13520
3425 3 14020
3425 3 30720
3426 3 14020
3426 3 26629
3426 3 26856
3426 3 29263
3427 3 14020
3427 3 17537
3427 3 26856
3428 3 14020
3428 3 15158
3428 3 15976
3429 3 14020
3429 3 25755
3429 3 26738
3430 3 14020
3430 3 26856
3430 3 29263
3430 3 29274
3431 3 14020
3431 3 15158
3431 3 16556
3432 3 14020
3432 3 17537
3432 3 26856
3433 3 13632
3433 3 14020
3433 3 25755
3433 3 26738
3434 3 13632
3434 3 14020
3434 3 25755
3434 3 26738
3435 3 13632
3435 3 14020
3435 3 25755
3435 3 26738
3436 3 13632
3436 3 14020
3436 3 25755
3436 3 26738
3437 3 13632
3437 3 14020
3437 3 25755
3437 3 26738
3438 3 13632
3438 3 14020
3438 3 25755
3438 3 26738
3439 3 13493
3439 3 13498
3439 3 14020
3439 3 16998
3439 3 31681
3440 3 12646
3440 3 14020
3440 3 14665
3440 3 14908
3441 3 14020
3441 3 14665
3441 3 14908
3441 3 25245
3442 3 14020
3442 3 26856
3442 3 29263
3442 3 29274
3443 3 14020
3443 3 26629
3443 3 26856
3443 3 29263
3444 3 12992
3444 3 13809
3444 3 14020
3444 3 14989
3444 3 31681
3445 3 13169
3445 3 14020
3445 3 15754
3445 3 27189
3446 3 13169
3446 3 14020
3446 3 26641
3447 3 14020
3447 3 26856
3447 3 29263
3447 3 29274
3448 3 14020
3448 3 15158
3448 3 15976
3449 3 13632
3449 3 14020
3449 3 25755
3449 3 26738
3450 3 14020
3450 3 25086
3450 3 29269
3451 3 14020
3451 3 26629
3451 3 26856
3451 3 29263
3452 3 14020
3452 3 26856
3452 3 29263
3453 3 14020
3453 3 26805
3453 3 26807
3453 3 27910
3454 3 14020
3454 3 26805
3454 3 26807
3454 3 27910
3455 3 14020
3455 3 26805
3455 3 26807
3455 3 27910
3456 3 14020
3456 3 26805
3456 3 26807
3456 3 27910
3457 3 14020
3457 3 26805
3457 3 26807
3457 3 27910
3458 3 14020
3458 3 26805
3458 3 26807
3458 3 27910
3459 3 14020
3459 3 26805
3459 3 26807
3459 3 27910
3460 3 14020
3460 3 14664
3460 3 19923
3460 3 29783
3461 3 14020
3461 3 25755
3461 3 26738
3462 3 14020
3462 3 26805
3462 3 26807
3462 3 27910
3463 3 14020
3463 3 14667
3463 3 29705
3464 3 13632
3464 3 14020
3464 3 25755
3464 3 26738
3465 3 14020
3465 3 15158
3465 3 15976
3466 3 14020
3466 3 26738
3466 3 29126
3467 3 14020
3467 3 14667
3467 3 26816
3468 3 14020
3468 3 15158
3468 3 15976
3469 3 14020
3469 3 29269
3469 3 30043
3470 3 14020
3470 3 14911
3470 3 27910
3471 3 14020
3471 3 17537
3471 3 26856
3472 3 13164
3472 3 14020
3472 3 26856
3472 3 29263
3473 3 14020
3473 3 15994
3473 3 19923
3474 3 13169
3474 3 14020
3474 3 26641
3475 3 14020
3475 3 14814
3475 3 14816
3476 3 14020
3476 3 25755
3476 3 26738
3477 3 14020
3477 3 26856
3477 3 29263
3477 3 29274
3478 3 11774
3478 3 14020
3478 3 25395
3478 3 25396
3479 3 14020
3479 3 15158
3479 3 15976
3480 3 14020
3480 3 25755
3480 3 26738
3481 3 11500
3481 3 14020
3481 3 14667
3482 3 14020
3482 3 19923
3482 3 29168
3483 3 13520
3483 3 14020
3483 3 30720
3484 3 14020
3484 3 14814
3484 3 14816
3485 3 14020
3485 3 25756
3485 3 27910
3485 3 29711
3486 3 13169
3486 3 14020
3486 3 26641
3487 3 11774
3487 3 13495
3487 3 13507
3487 3 14020
3487 9 14824
3487 9 25972
3487 9 26819
3487 9 27914
3487 9 27917
3488 3 14020
3488 3 25756
3488 3 27910
3488 3 27918
3489 3 14020
3489 3 14667
3489 3 26816
3490 3 13497
3490 3 14020
3490 3 14667
3491 3 11774
3491 3 14020
3491 3 16764
3491 3 18442
3492 3 11774
3492 3 14020
3492 3 19062
3492 3 19063
3493 3 11774
3493 3 14020
3493 3 19062
3493 3 19063
3494 3 11774
3494 3 14020
3494 3 19062
3494 3 19063
3495 3 11500
3495 3 14020
3495 3 14667
3496 3 14020
3496 3 14667
3496 3 26816
3497 3 14020
3497 3 17612
3497 3 27039
3498 0 17077
3498 3 14020
3498 3 15158
3498 3 18832
3498 13 11050
3498 14 11061
3499 3 14020
3499 3 17612
3499 3 27039
3500 3 14020
3500 3 26856
3500 3 29263
3501 3 14020
3501 3 15158
3501 3 16556
3502 3 13169
3502 3 14020
3502 3 26641
3503 3 13169
3503 3 14020
3503 3 14861
3504 3 14020
3504 3 26856
3504 3 29263
3505 3 14020
3505 3 26805
3505 3 26807
3505 3 27910
3506 3 14020
3506 3 17537
3506 3 26856
3507 3 14020
3507 3 17537
3507 3 26856
3508 3 14020
3508 3 17612
3508 3 27039
3509 3 14020
3509 3 17612
3509 3 27039
3510 3 14020
3510 3 26805
3510 3 26806
3510 3 27910
3511 3 14020
3511 3 17612
3511 3 27039
3512 3 14020
3512 3 17537
3512 3 26856
3513 3 14020
3513 3 17537
3513 3 26856
3514 3 14020
3514 3 17537
3514 3 26856
3514 9 17546
3514 9 17613
3514 9 18763
3515 3 14020
3515 3 17537
3515 3 26856
3516 3 14020
3516 3 17537
3516 3 26856
3517 3 14020
3517 3 17537
3517 3 26856
3518 3 14020
3518 3 17612
3518 3 27039
3519 3 14020
3519 3 17612
3519 3 27039
3520 3 14020
3520 3 14816
3520 3 29307
3521 3 14020
3521 3 17537
3521 3 26856
3522 3 14020
3522 3 17537
3522 3 26856
3523 3 14020
3523 3 17537
3523 3 26856
3524 3 14020
3524 3 17537
3524 3 26856
3525 3 11500
3525 3 14020
3525 3 14667
3526 3 14020
3526 3 26856
3526 3 29263
3527 3 14020
3527 3 17612
3527 3 27039
3528 3 14020
3528 3 17612
3528 3 27039
3529 3 14020
3529 3 16340
3529 3 27039
3530 3 14020
3530 3 16340
3530 3 27039
3531 3 14020
3531 3 17612
3531 3 27039
3532 3 14020
3532 3 17537
3532 3 26856
3533 3 14020
3533 3 25755
3533 3 26738
3534 3 13497
3534 3 14020
3534 3 14667
3535 3 12711
3535 3 14020
3535 3 25755
3535 3 26738
3536 3 13497
3536 3 14020
3536 3 14667
3537 3 13493
3537 3 13498
3537 3 14020
3537 3 16998
3537 3 31681
3538 3 11500
3538 3 14020
3538 3 14667
3539 3 12711
3539 3 14020
3539 3 25755
3539 3 26738
3540 3 12711
3540 3 14020
3540 3 25755
3540 3 26738
3541 3 14020
3541 3 18043
3541 3 25755
3541 3 26738
3542 3 13497
3542 3 14020
3542 3 14667
3543 3 13497
3543 3 14020
3543 3 14667
3544 3 13497
3544 3 14020
3544 3 14667
3545 3 13497
3545 3 14020
3545 3 14667
3546 3 13493
3546 3 13498
3546 3 14020
3546 3 16998
3546 3 31681
3547 3 14020
3547 3 14667
3547 3 26816
3548 3 11500
3548 3 14020
3548 3 14667
3549 3 13493
3549 3 13498
3549 3 14020
3549 3 16998
3549 3 31681
3550 3 11500
3550 3 14020
3550 3 14667
3551 3 13493
3551 3 13498
3551 3 14020
3551 3 16998
3551 3 31681
3552 3 11774
3552 3 13500
3552 3 14020
3552 3 18442
3553 3 11774
3553 3 13500
3553 3 14020
3553 3 18442
3554 3 11774
3554 3 13500
3554 3 14020
3554 3 18442
3555 3 11774
3555 3 14020
3555 3 18441
3555 3 18442
3556 3 11774
3556 3 14020
3556 3 18441
3556 3 18442
3557 3 14020
3557 3 24348
3557 3 30272
3558 3 11774
3558 3 14020
3558 3 19062
3558 3 19063
3559 3 11774
3559 3 11829
3559 3 14020
3560 3 11774
3560 3 11829
3560 3 14020
3561 3 11774
3561 3 11829
3561 3 14020
3562 3 14020
3562 3 15161
3562 3 26738
3563 3 13520
3563 3 14020
3563 3 25128
3564 3 14020
3564 3 14667
3564 3 18058
3565 3 14020
3565 3 26805
3565 3 26806
3565 3 27910
3566 3 14020
3566 3 15161
3566 3 26738
3567 3 14020
3567 3 14667
3567 3 29273
3568 3 14020
3568 3 26856
3568 3 29263
3569 3 14020
3569 3 17054
3569 3 27039
3570 3 11774
3570 3 14020
3570 3 18161
3570 3 18162
3571 3 14020
3571 3 17612
3571 3 27039
3572 3 14020
3572 3 24348
3572 3 26740
3573 3 11774
3573 3 14020
3573 3 18441
3573 3 18442
3574 3 14020
3574 3 26805
3574 3 26806
3574 3 27910
3575 3 14020
3575 3 17537
3575 3 26856
3576 3 14020
3576 3 17537
3576 3 26856
3577 3 14020
3577 3 14863
3577 3 26856
3578 3 14020
3578 3 14863
3578 3 26856
3579 3 14020
3579 3 14863
3579 3 26856
3580 3 14020
3580 3 24348
3580 3 26740
3581 3 13499
3581 3 14020
3581 3 24348
3582 3 13520
3582 3 14020
3582 3 25128
3583 3 11774
3583 3 14020
3583 3 18441
3583 3 18442
3584 3 11774
3584 3 14020
3584 3 18441
3584 3 18442
3585 3 14020
3585 3 24348
3585 3 30272
3586 3 11774
3586 3 11829
3586 3 14020
3587 3 14020
3587 3 14667
3587 3 29273
3588 3 14020
3588 3 17537
3588 3 26856
3589 3 14020
3589 3 17537
3589 3 26856
3590 3 11774
3590 3 11829
3590 3 14020
3591 3 14020
3591 3 17537
3591 3 26856
3592 3 13169
3592 3 14020
3592 3 29161
3593 2 13227
3593 3 14020
3593 3 26805
3593 3 26807
3593 3 27910
3593 9 18440
3593 9 19927
3593 9 26810
3593 9 29282
3594 3 14020
3594 3 17537
3594 3 26856
3595 3 14020
3595 3 14670
3595 3 29819
3596 3 14020
3596 3 14670
3596 3 17243
3596 3 30206
3596 3 30595
3597 3 14020
3597 3 14670
3598 3 14020
3598 3 14480
3598 3 18791
3599 3 14020
3599 3 25640
3599 3 25828
3599 3 31229
3600 3 14020
3600 3 14670
3601 3 14020
3601 3 25640
3601 3 25828
3601 3 31229
3602 3 14020
3602 3 29269
3603 3 13493
3603 3 13498
3603 3 14020
3603 3 16998
3603 3 31681
3604 3 14020
3604 3 14085
3604 3 14670
3604 3 17243
3604 3 29001
3605 3 13520
3605 3 14020
3605 3 25128
3606 3 14020
3606 3 14670
3606 3 29819
3607 3 14020
3607 3 14670
3607 3 14834
3607 3 17243
3608 3 12648
3608 3 12649
3608 3 14020
3608 3 14670
3609 3 14020
3609 3 14670
3609 3 17243
3609 3 28779
3610 3 14020
3610 3 14670
3610 3 17243
3610 3 30206
3610 3 30595
3611 3 14020
3611 3 25755
3611 3 26738
3611 3 30719
3612 3 12649
3612 3 14020
3612 3 14670
3612 3 26725
3613 3 13493
3613 3 13498
3613 3 14020
3613 3 16998
3613 3 31681
3614 3 14020
3614 3 25755
3614 3 26738
3614 3 30719
3615 3 14020
3615 3 14664
3615 3 19923
3615 3 29783
3616 3 14020
3616 3 25085
3616 3 29269
3617 3 14020
3617 3 19923
3617 3 26930
3617 3 30718
3618 3 11774
3618 3 14020
3618 3 18442
3618 3 26829
3619 3 13498
3619 3 14020
3619 3 16998
3619 3 19107
3619 3 31681
3620 3 12711
3620 3 14020
3620 3 25755
3620 3 26738
3621 3 14020
3621 3 25755
3621 3 26738
3622 3 13493
3622 3 13498
3622 3 14020
3622 3 16998
3622 3 31681
3623 3 14020
3623 3 24348
3624 3 14020
3624 3 24348
3624 3 30272
3625 3 14020
3625 3 14867
3625 3 16998
3625 3 17945
3625 3 31681
3626 3 14020
3626 3 26856
3626 3 29263
3627 3 11774
3627 3 14020
3628 3 11774
3628 3 14020
3628 3 16764
3628 3 18442
3629 3 13497
3629 3 14020
3629 3 14667
3630 3 14020
3630 3 26805
3630 3 26807
3630 3 27910
3631 3 13493
3631 3 13498
3631 3 14020
3631 3 16998
3631 3 31681
3632 3 11500
3632 3 14020
3632 3 14667
3633 3 11774
3633 3 11830
3633 3 14020
3633 3 18442
3634 3 11500
3634 3 14020
3634 3 14667
3635 3 13493
3635 3 13498
3635 3 14020
3635 3 16998
3635 3 31681
3636 3 14020
3636 3 14667
3636 3 18058
3637 3 11500
3637 3 14020
3637 3 14667
3638 3 13493
3638 3 13498
3638 3 14020
3638 3 16998
3638 3 31681
3639 3 14020
3639 3 14863
3639 3 26856
3640 3 14020
3640 3 19923
3640 3 29264
3641 3 13493
3641 3 13498
3641 3 14020
3641 3 16998
3641 3 31681
3642 3 14020
3642 3 16340
3642 3 27039
3643 3 11277
3643 3 14020
3643 3 26738
3644 3 11774
3644 3 14020
3644 3 25395
3644 3 25396
3645 3 14020
3645 3 14667
3645 3 18058
3646 3 13497
3646 3 14020
3646 3 14667
3647 3 14020
3647 3 26805
3647 3 26807
3647 3 27910
3648 3 14020
3648 3 26805
3648 3 26807
3648 3 27910
3649 3 11774
3649 3 14020
3649 3 19062
3649 3 19063
3650 3 11774
3650 3 14020
3650 3 19062
3650 3 19063
3651 3 11774
3651 3 14020
3651 3 16764
3651 3 18442
3652 3 11774
3652 3 14020
3652 3 16764
3652 3 18442
3653 3 14020
3653 3 26856
3653 3 29263
3654 3 14020
3654 3 17612
3654 3 27039
3655 3 14020
3655 3 14908
3655 3 30417
3656 3 11837
3656 3 14020
3656 3 14908
3657 3 14020
3657 3 25755
3657 3 26738
3657 3 30719
3658 3 14020
3658 3 25755
3658 3 26738
3658 3 30719
3659 3 14020
3659 3 14908
3659 3 30417
3660 3 13520
3660 3 14020
3660 3 30720
3661 3 12600
3661 3 14020
3661 3 19923
3662 3 14020
3662 3 14860
3662 3 19923
3662 3 29783
3663 3 14020
3663 3 25755
3663 3 26738
3663 3 30719
3664 3 12785
3664 3 14020
3664 3 19923
3665 3 12785
3665 3 14020
3665 3 19923
3666 3 12600
3666 3 14020
3666 3 19923
3667 3 14020
3667 3 14860
3667 3 19923
3667 3 29783
3668 3 14020
3668 3 25755
3668 3 26738
3668 3 30719
3669 3 13520
3669 3 13728
3669 3 14020
3670 3 12600
3670 3 14020
3670 3 19923
3671 3 12600
3671 3 14020
3671 3 19923
3672 3 14020
3672 3 25755
3672 3 26738
3672 3 30719
3673 3 14020
3673 3 26805
3673 3 26807
3673 3 27910
3674 3 14020
3674 3 26805
3674 3 26807
3674 3 27910
3675 3 14020
3675 3 26805
3675 3 26807
3675 3 27910
3676 3 14020
3676 3 26805
3676 3 26807
3676 3 27910
3677 3 14020
3677 3 26848
3677 3 26856
3678 3 14020
3678 3 14666
3678 3 26856
3679 3 14020
3679 3 25755
3679 3 26738
3679 3 30719
3680 0 21619
3680 3 14020
3680 3 26856
3680 3 29263
3680 9 13782
3680 13 21619
3681 2 20617
3681 2 28406
3681 3 14020
3681 3 15160
3681 3 27175
3681 9 11779
3681 9 24308
3681 9 26744
3681 9 26833
3682 3 14020
3682 3 16340
3682 3 27039
3683 3 11772
3683 3 11774
3683 3 14020
3683 3 18162
3683 3 19071
3684 3 11772
3684 3 11774
3684 3 14020
3684 3 18162
3684 3 19071
3685 3 13493
3685 3 13498
3685 3 14020
3685 3 16998
3685 3 31681
3686 3 11815
3686 3 14020
3686 3 15158
3687 3 11774
3687 3 14020
3687 3 19062
3687 3 28995
3688 3 13493
3688 3 13498
3688 3 14020
3688 3 16998
3688 3 31681
3689 3 14020
3689 3 26805
3689 3 26807
3689 3 27910
3690 3 14020
3690 3 26805
3690 3 26807
3690 3 27910
3691 3 14020
3691 3 26805
3691 3 26807
3691 3 27910
3692 3 13493
3692 3 13498
3692 3 14020
3692 3 16998
3692 3 31681
3693 3 14020
3693 3 26805
3693 3 26807
3693 3 27910
3694 3 11774
3694 3 14020
3694 3 19062
3694 3 19063
3695 3 14020
3695 3 26805
3695 3 26807
3695 3 27910
3696 3 11774
3696 3 14020
3696 3 25395
3696 3 25396
3697 3 14020
3697 3 26805
3697 3 26807
3697 3 27910
3698 3 14020
3698 3 26805
3698 3 26807
3698 3 27910
3699 3 14020
3699 3 26805
3699 3 26807
3699 3 27910
3700 3 14020
3700 3 14867
3700 3 16998
3700 3 17266
3700 3 31681
3701 3 14020
3701 3 14908
3701 3 30417
3702 3 14020
3702 3 14908
3702 3 30417
3703 3 14020
3703 3 24348
3703 3 30272
3704 3 11774
3704 3 14020
3704 3 18442
3704 3 26829
3705 3 11774
3705 3 14020
3705 3 18441
3705 3 18442
3706 3 11277
3706 3 14020
3706 3 26738
3707 3 11774
3707 3 14020
3707 3 16241
3707 3 19062
3708 3 11774
3708 3 14020
3708 3 19062
3708 3 19063
3709 3 11774
3709 3 14020
3709 3 19062
3709 3 19063
3710 3 11774
3710 3 14020
3710 3 19062
3710 3 19063
3711 3 11774
3711 3 14020
3711 3 19062
3711 3 27536
3712 3 11774
3712 3 14020
3713 0 12028
3713 3 14020
3713 3 15158
3713 3 15976
3713 9 15976
3713 13 17978
3714 3 14020
3714 3 19923
3714 3 19924
3715 3 11774
3715 3 14020
3715 3 18161
3715 3 18162
3716 3 11774
3716 3 14020
3716 3 25396
3716 3 26761
3717 3 14020
3717 3 14862
3717 3 17230
3718 3 13497
3718 3 14020
3718 3 14667
3719 3 11774
3719 3 14020
3719 3 18442
3719 3 26812
3720 3 11774
3720 3 14020
3720 3 18441
3720 3 18442
3721 3 14020
3721 3 24019
3721 3 25828
3721 3 31229
3722 3 14020
3722 3 14670
3722 3 14834
3722 3 17243
3723 3 14020
3723 3 25640
3723 3 25828
3723 3 31229
3724 3 12648
3724 3 12649
3724 3 14020
3724 3 14670
3725 3 14020
3725 3 14670
3725 3 14834
3725 3 17243
3726 3 12649
3726 3 14020
3726 3 14670
3726 3 31331
3727 3 14020
3727 3 14670
3727 3 14834
3727 3 17243
3728 3 14020
3728 3 14670
3729 3 14020
3729 3 14670
3729 3 29819
3730 3 14020
3730 3 25828
3730 3 25831
3731 3 14020
3731 3 14670
3731 3 29819
3732 3 14020
3732 3 14670
3732 3 14834
3732 3 17243
3733 3 14020
3733 3 25828
3733 3 25831
3734 3 14020
3734 3 14670
3734 3 17243
3734 3 30206
3734 3 30595
3735 3 14020
3735 3 15161
3735 3 26738
3736 3 14020
3736 3 25085
3736 3 29269
3737 3 14020
3737 3 25085
3737 3 29269
3738 3 14020
3738 3 25755
3738 3 26738
3738 3 30719
3739 3 14020
3739 3 25755
3739 3 26738
3739 3 30719
3740 3 14020
3740 3 25755
3740 3 26738
3740 3 30719
3741 3 12785
3741 3 14020
3741 3 19923
3742 3 12785
3742 3 14020
3742 3 19923
3743 3 12785
3743 3 14020
3743 3 19923
3744 3 14020
3744 3 25755
3744 3 26738
3744 3 30719
3745 3 14020
3745 3 14664
3745 3 19923
3745 3 29783
3746 3 13520
3746 3 14020
3746 3 30720
3747 3 14020
3747 3 15158
3747 3 15976
3748 3 13520
3748 3 14020
3748 3 30720
3749 3 13277
3749 3 13346
3749 3 14020
3749 3 29270
3749 3 31681
3750 3 14020
3750 3 25755
3750 3 26738
3750 3 30719
3751 3 12785
3751 3 14020
3751 3 19923
3752 3 12785
3752 3 14020
3752 3 19923
3753 3 14020
3753 3 19923
3753 3 19924
3754 3 14020
3754 3 19923
3754 3 19924
3755 3 12785
3755 3 14020
3755 3 19923
3756 3 13493
3756 3 13498
3756 3 14020
3756 3 16998
3756 3 31681
3757 3 12785
3757 3 14020
3757 3 19923
3758 3 12785
3758 3 14020
3758 3 19923
3759 3 14020
3759 3 14664
3759 3 19923
3759 3 29783
3760 3 13277
3760 3 13346
3760 3 14020
3760 3 29270
3760 3 31681
3761 3 14020
3761 3 25699
3761 3 31681
3762 3 14020
3762 3 14664
3762 3 19923
3762 3 29783
3763 3 12600
3763 3 14020
3763 3 19923
3764 3 14020
3764 3 25755
3764 3 26738
3764 3 30719
3765 3 14020
3765 3 25755
3765 3 26738
3765 3 30719
3766 3 14020
3766 3 25755
3766 3 26738
3766 3 30719
3767 3 12785
3767 3 14020
3767 3 19923
3768 3 13632
3768 3 14020
3768 3 25755
3768 3 26738
3769 3 14020
3769 3 25755
3769 3 26738
3770 3 12646
3770 3 14020
3770 3 14665
3770 3 14908
3771 3 13493
3771 3 13498
3771 3 14020
3771 3 16998
3771 3 31681
3772 3 11500
3772 3 14020
3772 3 14667
3773 3 14020
3773 3 15158
3773 3 15976
3774 3 13493
3774 3 13498
3774 3 14020
3774 3 16998
3774 3 31681
3775 3 14020
3775 3 15161
3775 3 26738
3776 3 14020
3776 3 17537
3776 3 26856
3777 3 14020
3777 3 14421
3777 3 26739
3778 3 14020
3778 3 15691
3778 3 24348
3779 3 11774
3779 3 14020
3779 3 16241
3779 3 19062
3780 3 13169
3780 3 14020
3780 3 14271
3780 3 27189
3781 3 13169
3781 3 14020
3781 3 14271
3781 3 27189
3782 3 13169
3782 3 14020
3782 3 14271
3782 3 27189
3783 3 14020
3783 3 14670
3783 3 14834
3783 3 17243
3784 3 14020
3784 3 25640
3784 3 25828
3784 3 31229
3785 3 11774
3785 3 14020
3785 3 19062
3785 3 19063
3786 3 11774
3786 3 14020
3786 3 18162
3786 3 19071
3787 3 12649
3787 3 12710
3787 3 14020
3787 3 14670
3787 3 24019
3787 3 25828
3787 3 31229
3788 3 14020
3788 3 14670
3788 3 29819
3789 3 14020
3789 3 14670
3789 3 29819
3790 3 11774
3790 3 14020
3790 3 18441
3790 3 18442
3791 3 14020
3791 3 15691
3791 3 24348
3792 3 11774
3792 3 14020
3792 3 18162
3792 3 19071
3793 3 11774
3793 3 14020
3793 3 18441
3793 3 18442
3794 3 11774
3794 3 14020
3794 3 18441
3794 3 18442
3795 3 14020
3795 3 16998
3795 3 28598
3795 3 29780
3795 3 31681
3796 3 14020
3796 3 15691
3796 3 24348
3797 3 11774
3797 3 14020
3797 3 18441
3797 3 18442
3798 3 14020
3798 3 15691
3798 3 24348
3799 3 14020
3799 3 26805
3799 3 26807
3799 3 27910
3800 3 14020
3800 3 26805
3800 3 26807
3800 3 27910
3801 3 11500
3801 3 14020
3801 3 14667
3802 3 14020
3802 3 26805
3802 3 26807
3802 3 27910
3803 3 13520
3803 3 14020
3803 3 25128
3804 3 14020
3804 3 15158
3804 3 16556
3805 3 11774
3805 3 14020
3805 3 18442
3805 3 26829
3806 3 13169
3806 3 14020
3806 3 14861
3807 3 13169
3807 3 14020
3807 3 14861
3808 3 13169
3808 3 14020
3808 3 14861
3809 3 13520
3809 3 14020
3809 3 25128
3810 3 11774
3810 3 11829
3810 3 14020
3811 3 14020
3811 3 25756
3811 3 27910
3811 3 27918
3812 3 11774
3812 3 13495
3812 3 13507
3812 3 14020
3813 3 14020
3813 3 26856
3813 3 29263
3814 3 14020
3814 3 26805
3814 3 26807
3814 3 27910
3815 3 11772
3815 3 11774
3815 3 14020
3815 3 18162
3815 3 19071
3816 3 11772
3816 3 11774
3816 3 14020
3816 3 18162
3816 3 19071
3817 3 11772
3817 3 11774
3817 3 14020
3817 3 18162
3817 3 19071
3818 3 11772
3818 3 11774
3818 3 14020
3818 3 18162
3818 3 19071
3819 3 11774
3819 3 11816
3819 3 14020
3819 3 19062
3820 3 14020
3820 3 17230
3820 3 30717
3821 3 11815
3821 3 14020
3821 3 15158
3822 3 14020
3822 3 26805
3822 3 26806
3822 3 27910
3823 3 14020
3823 3 24348
3823 3 30272
3824 3 14020
3824 3 24348
3824 3 26740
3825 3 14020
3825 3 24348
3825 3 26740
3826 3 11500
3826 3 14020
3826 3 14667
3827 3 13169
3827 3 14020
3827 3 14861
3828 3 14020
3828 3 14664
3828 3 19923
3828 3 29783
3829 3 12785
3829 3 14020
3829 3 19923
3830 3 12785
3830 3 14020
3830 3 19923
3831 3 12785
3831 3 14020
3831 3 19923
3832 3 12785
3832 3 14020
3832 3 19923
3833 3 14020
3833 3 14664
3833 3 19923
3833 3 29783
3834 3 12785
3834 3 14020
3834 3 19923
3835 3 12785
3835 3 14020
3835 3 19923
3836 3 12785
3836 3 14020
3836 3 19923
3837 3 14020
3837 3 14664
3837 3 19923
3837 3 29783
3838 3 12785
3838 3 14020
3838 3 19923
3839 3 12785
3839 3 14020
3839 3 19923
3840 3 12785
3840 3 14020
3840 3 19923
3841 3 12785
3841 3 14020
3841 3 19923
3842 3 12785
3842 3 14020
3842 3 19923
3843 3 12785
3843 3 14020
3843 3 19923
3844 0 29806
3844 3 12785
3844 3 14020
3844 3 19923
3844 9 14913
3844 13 30466
3844 14 11058
3845 3 14020
3845 3 19923
3845 3 29168
3845 9 11281
3845 9 26743
3846 3 12785
3846 3 14020
3846 3 19923
3847 3 14020
3847 3 14872
3847 3 19923
3848 3 14020
3848 3 26805
3848 3 26806
3848 3 27910
3849 3 14020
3849 3 26805
3849 3 26806
3849 3 27910
3850 3 14020
3850 3 16998
3850 3 25701
3850 3 28598
3850 3 31681
3851 3 14020
3851 3 16998
3851 3 25701
3851 3 28598
3851 3 31681
3852 3 14020
3852 3 26805
3852 3 26806
3852 3 27910
3853 3 14020
3853 3 26805
3853 3 26806
3853 3 27910
3854 3 14020
3854 3 26805
3854 3 26806
3854 3 27910
3855 3 14020
3855 3 16998
3855 3 25701
3855 3 28598
3855 3 31681
3856 3 14020
3856 3 26805
3856 3 26806
3856 3 27910
3857 3 11773
3857 3 14020
3857 3 24348
3858 3 14020
3858 3 16998
3858 3 25701
3858 3 28598
3858 3 31681
3859 3 14020
3859 3 16340
3859 3 27039
3860 3 14020
3860 3 26856
3860 3 29263
3861 3 11815
3861 3 14020
3861 3 15158
3862 3 14020
3862 3 16998
3862 3 28598
3862 3 29780
3862 3 31681
3863 3 12711
3863 3 14020
3863 3 25755
3863 3 26738
3864 3 11277
3864 3 14020
3864 3 26738
3865 3 11774
3865 3 11830
3865 3 14020
3865 3 18442
3866 3 14020
3866 3 15161
3866 3 26738
3867 3 12711
3867 3 14020
3867 3 25755
3867 3 26738
3868 3 14020
3868 3 14667
3868 3 26816
3869 3 11774
3869 3 14020
3869 3 18442
3869 3 26812
3870 3 14020
3870 3 26805
3870 3 26807
3870 3 27910
3871 3 11774
3871 3 14020
3871 3 25395
3871 3 25396
3872 3 14020
3872 3 14043
3872 3 25390
3873 3 11277
3873 3 14020
3873 3 26738
3874 3 11774
3874 3 11830
3874 3 14020
3874 3 18442
3875 3 11774
3875 3 11830
3875 3 14020
3875 3 18442
3876 3 13497
3876 3 14020
3876 3 14667
3877 3 11500
3877 3 14020
3877 3 14667
3878 3 11500
3878 3 14020
3878 3 14667
3879 3 11500
3879 3 14020
3879 3 14667
3880 3 14020
3880 3 25755
3880 3 26738
3880 3 30719
3881 3 11500
3881 3 14020
3881 3 14667
3882 3 11500
3882 3 14020
3882 3 14667
3883 3 11774
3883 3 14020
3883 3 19062
3883 3 28995
3884 3 13169
3884 3 14020
3884 3 16543
3885 3 11500
3885 3 14020
3885 3 14667
3886 3 14020
3886 3 26805
3886 3 26806
3886 3 27910
3887 3 13520
3887 3 14020
3887 3 30720
3888 3 14020
3888 3 14480
3888 3 18791
3889 3 13169
3889 3 14020
3889 3 14271
3889 3 27189
3890 3 14020
3890 3 26848
3890 3 26856
3891 3 13169
3891 3 14020
3891 3 14271
3891 3 27189
3892 3 14020
3892 3 14908
3892 3 30417
3893 3 14020
3893 3 18043
3893 3 25755
3893 3 26738
3894 3 14020
3894 3 26805
3894 3 26807
3894 3 27910
3895 3 14020
3895 3 26805
3895 3 26807
3895 3 27910
3896 3 11500
3896 3 14020
3896 3 14667
3897 3 13499
3897 3 14020
3897 3 24348
3898 3 14020
3898 3 26805
3898 3 26807
3898 3 27910
3899 3 11815
3899 3 14020
3899 3 15158
3900 3 11500
3900 3 14020
3900 3 14667
3901 3 11772
3901 3 11774
3901 3 14020
3901 3 18162
3901 3 19071
3902 3 14020
3902 3 14667
3902 3 18058
3903 3 14020
3903 3 16994
3903 3 26738
3903 3 29782
3904 3 14020
3904 3 26805
3904 3 26807
3904 3 27910
3905 3 11774
3905 3 14020
3905 3 19062
3905 3 19063
3906 3 11774
3906 3 14020
3906 3 25395
3906 3 25396
3907 3 13493
3907 3 13498
3907 3 14020
3907 3 16998
3907 3 31681
3908 3 14020
3908 3 26805
3908 3 26807
3908 3 27910
3909 3 14020
3909 3 26805
3909 3 26806
3909 3 27910
3910 3 11500
3910 3 14020
3910 3 14667
3911 3 11500
3911 3 14020
3911 3 14667
3912 3 13493
3912 3 13498
3912 3 14020
3912 3 16998
3912 3 31681
3913 3 14020
3913 3 24348
3913 3 26740
3914 3 14020
3914 3 24348
3914 3 26740
3915 3 14020
3915 3 26805
3915 3 26806
3915 3 27910
3916 3 11500
3916 3 14020
3916 3 14667
3917 3 14020
3917 3 26805
3917 3 26807
3917 3 27910
3918 3 11772
3918 3 11774
3918 3 14020
3918 3 18162
3918 3 19071
3919 3 14020
3919 3 25755
3919 3 26738
3919 3 30719
3920 3 11774
3920 3 14020
3920 3 18161
3920 3 18162
3921 3 11774
3921 3 14020
3921 3 18161
3921 3 18162
3922 3 14020
3922 3 14667
3922 3 18058
3923 3 12711
3923 3 14020
3923 3 25755
3923 3 26738
3924 3 11774
3924 3 14020
3924 3 18442
3924 3 26812
3925 3 11774
3925 3 14020
3925 3 18442
3925 3 26812
3926 3 11500
3926 3 14020
3926 3 14667
3927 3 13493
3927 3 13498
3927 3 14020
3927 3 16998
3927 3 31681
3928 3 14020
3928 3 26805
3928 3 26807
3928 3 27910
3929 3 11774
3929 3 14020
3929 3 18161
3929 3 18162
3930 3 14020
3930 3 26856
3930 3 29263
3931 3 13520
3931 3 13728
3931 3 14020
3932 3 13493
3932 3 13498
3932 3 14020
3932 3 16998
3932 3 31681
3933 3 14020
3933 3 17537
3933 3 26856
3934 3 14020
3934 3 14421
3934 3 26739
3935 3 14020
3935 3 14908
3935 3 30417
3936 3 14020
3936 3 19923
3936 3 19924
3937 0 15995
3937 0 29266
3937 3 13346
3937 3 14020
3937 3 29270
3937 3 31681
3937 9 25714
3937 9 27041
3937 13 28134
3937 14 11059
3938 3 14020
3938 3 26805
3938 3 26807
3938 3 27910
3939 3 11774
3939 3 14020
3939 3 18442
3939 3 26831
3940 3 14020
3940 3 16340
3940 3 27039
3941 3 14020
3941 3 15158
3941 3 16556
3942 3 14020
3942 3 15691
3942 3 24348
3943 3 14020
3943 3 26856
3943 3 29263
3944 0 23929
3944 3 14020
3944 3 14666
3944 3 26856
3944 9 13169
3944 9 17537
3944 9 19923
3944 9 29265
3944 13 23929
3944 14 11057
3945 3 14020
3945 3 26738
3945 3 31230
3946 3 14020
3946 3 26805
3946 3 26806
3946 3 27910
3947 3 14020
3947 3 24348
3947 3 30272
3948 3 14020
3948 3 18043
3948 3 25755
3948 3 26738
3949 3 14020
3949 3 14280
3949 3 15981
3950 0 30054
3950 3 11277
3950 3 14020
3950 3 26738
3950 9 14913
3950 9 17232
3951 3 11772
3951 3 11774
3951 3 14020
3951 3 18162
3951 3 19071
3952 3 14020
3952 3 26738
3952 3 31230
3953 3 11500
3953 3 14020
3953 3 14667
3954 3 14020
3954 3 18282
3954 3 27910
3954 3 27912
3955 3 14020
3955 3 18282
3955 3 27910
3955 3 27912
3956 3 11774
3956 3 11829
3956 3 14020
3957 3 11500
3957 3 14020
3957 3 14667
3958 3 14020
3958 3 22463
3958 3 22464
3959 3 14020
3959 3 18282
3959 3 27910
3959 3 27912
3960 3 11500
3960 3 14020
3960 3 14667
3961 3 11774
3961 3 14020
3961 3 29126
3962 3 14020
3962 3 26738
3963 3 14020
3963 3 26738
3964 3 11278
3964 3 14020
3964 3 26738
3965 3 14020
3965 3 26738
3965 3 29188
3966 3 14020
3966 3 18282
3966 3 27910
3966 3 27912
3967 3 11277
3967 3 14020
3967 3 26738
3968 3 11774
3968 3 14020
3968 3 19062
3968 3 19782
3969 3 11774
3969 3 14020
3969 3 25396
3969 3 26761
3970 3 11774
3970 3 11829
3970 3 14020
3971 3 14020
3971 3 26738
3971 3 29126
3972 3 14020
3972 3 22461
3972 3 22463
3973 3 11774
3973 3 14020
3973 3 18442
3973 3 26812
3974 3 12358
3974 3 14020
3974 3 14667
3975 3 14020
3975 3 25755
3975 3 26738
3976 3 14020
3976 3 25755
3976 3 26738
3977 3 11278
3977 3 14020
3977 3 26738
3978 3 11277
3978 3 14020
3978 3 26738
3979 3 14020
3979 3 25756
3979 3 27910
3979 3 27918
3980 3 14020
3980 3 15161
3980 3 26738
3981 3 14020
3981 3 14908
3981 3 30417
3982 3 14020
3982 3 19923
3982 3 26930
3982 3 30718
3983 3 12600
3983 3 14020
3983 3 19923
3984 3 14020
3984 3 14665
3984 3 14908
3984 3 25245
3985 3 14020
3985 3 26805
3985 3 26806
3985 3 27910
3985 9 14448
3985 9 14450
3985 9 14864
3985 9 26745
3986 3 14020
3986 3 26805
3986 3 26807
3986 3 27910
3987 3 14020
3987 3 26805
3987 3 26807
3987 3 27910
3988 3 14020
3988 3 25085
3988 3 29269
3989 3 14020
3989 3 14862
3989 3 17230
3990 3 11500
3990 3 14020
3990 3 14667
3991 3 14020
3991 3 17054
3991 3 27039
3992 3 14020
3992 3 26856
3992 3 29263
3993 3 14020
3993 3 17537
3993 3 26856
3994 3 14020
3994 3 26805
3994 3 26806
3994 3 27910
3995 3 13499
3995 3 14020
3995 3 24348
3996 3 11837
3996 3 14020
3996 3 14908
3997 3 14020
3997 3 14421
3997 3 26739
3998 3 13167
3998 3 14020
3998 3 14908
3999 3 14020
3999 3 18437
3999 3 27910
4000 3 11774
4000 3 14020
4000 3 25395
4000 3 25396
4001 3 14020
4001 3 25755
4001 3 26738
4001 3 30719
4002 3 14020
4002 3 26738
4002 3 31230
4003 3 14020
4003 3 14480
4003 3 18791
4004 3 11500
4004 3 14020
4004 3 14667
4005 3 13497
4005 3 14020
4005 3 14667
4006 3 14020
4006 3 16344
4006 3 26738
4007 3 14020
4007 3 26856
4007 3 29263
4008 0 12653
4008 3 14020
4008 3 14667
4008 3 18058
4008 9 26743
4008 13 21076
4009 3 14020
4009 3 26805
4009 3 26807
4009 3 27910
4010 3 11500
4010 3 14020
4010 3 14667
4011 3 14020
4011 3 26738
4012 3 14020
4012 3 26629
4012 3 26856
4012 3 29263
4013 3 11278
4013 3 14020
4013 3 26738
4014 3 11774
4014 3 14020
4014 3 25395
4014 3 25396
4015 3 11774
4015 3 14020
4015 3 19062
4015 3 19063
4016 3 11500
4016 3 14020
4016 3 14667
4016 9 15163
4016 9 17539
4016 9 18440
4016 9 25405
4016 9 26745
4017 3 13493
4017 3 13498
4017 3 14020
4017 3 16998
4017 3 31681
4018 3 11774
4018 3 14020
4018 3 18441
4018 3 18442
4019 3 11774
4019 3 14020
4019 3 25395
4019 3 25396
4020 3 11774
4020 3 14020
4020 3 25395
4020 3 25396
4021 3 13632
4021 3 14020
4021 3 25755
4021 3 26738
4022 3 14020
4022 3 26805
4022 3 26807
4022 3 27910
4023 3 14020
4023 3 14667
4023 3 26816
4024 3 11774
4024 3 14020
4024 3 29126
4025 3 14020
4025 3 15161
4025 3 26738
4026 3 14020
4026 3 17230
4026 3 30717
4027 3 14020
4027 3 25755
4027 3 26738
4027 3 30719
4028 3 14020
4028 3 25755
4028 3 26738
4028 3 30719
4029 3 14020
4029 3 25755
4029 3 26738
4029 3 30719
4030 3 14020
4030 3 25755
4030 3 26738
4030 3 30719
4031 3 14020
4031 3 14908
4031 3 30417
4032 3 14020
4032 3 26805
4032 3 26807
4032 3 27910
4033 3 13493
4033 3 13498
4033 3 14020
4033 3 16998
4033 3 31681
4034 3 11774
4034 3 14020
4034 3 18442
4034 3 26829
4035 3 12785
4035 3 14020
4035 3 19923
4036 3 11500
4036 3 14020
4036 3 14667
4037 3 12785
4037 3 14020
4037 3 19923
4038 3 11774
4038 3 14020
4038 3 25395
4038 3 25396
4039 3 11774
4039 3 14020
4039 3 25395
4039 3 25396
4040 3 11774
4040 3 14020
4040 3 25395
4040 3 25396
4041 3 11278
4041 3 14020
4041 3 26738
4042 3 14020
4042 3 15691
4042 3 24348
4043 3 13493
4043 3 13498
4043 3 14020
4043 3 16998
4043 3 31681
4044 3 11278
4044 3 14020
4044 3 26738
4045 3 11500
4045 3 14020
4045 3 14667
4046 3 11774
4046 3 11830
4046 3 14020
4046 3 18442
4047 3 11774
4047 3 11830
4047 3 14020
4047 3 18442
4048 3 14020
4048 3 14867
4048 3 16998
4048 3 29786
4048 3 31681
4049 3 14020
4049 3 26856
4049 3 29263
4050 3 14020
4050 3 14667
4050 3 18058
4051 3 14020
4051 3 26805
4051 3 26807
4051 3 27910
4052 3 11500
4052 3 14020
4052 3 14667
4053 3 14020
4053 3 18282
4053 3 27910
4053 3 27912
4054 3 11500
4054 3 14020
4054 3 14667
4054 9 27917
4055 3 14020
4055 3 26805
4055 3 26807
4055 3 27910
4056 3 14020
4056 3 16998
4056 3 25701
4056 3 28598
4056 3 31681
4057 3 13498
4057 3 14020
4057 3 16998
4057 3 19107
4057 3 31681
4058 3 14020
4058 3 26805
4058 3 26807
4058 3 27910
4059 3 11774
4059 3 14020
4059 3 18442
4059 3 26812
4060 3 14020
4060 3 26805
4060 3 26807
4060 3 27910
4061 3 14020
4061 3 16344
4061 3 26738
4062 3 14020
4062 3 27910
4063 3 14020
4063 3 26805
4063 3 26806
4063 3 27910
4064 3 14020
4064 3 26805
4064 3 26807
4064 3 27910
4065 3 13499
4065 3 14020
4065 3 24348
4066 3 14020
4066 3 26805
4066 3 26807
4066 3 27910
4067 3 14020
4067 3 26805
4067 3 26807
4067 3 27910
4068 3 11500
4068 3 14020
4068 3 14667
4069 3 13497
4069 3 14020
4069 3 14667
4070 3 13497
4070 3 14020
4070 3 14667
4071 3 13164
4071 3 14020
4071 3 26856
4071 3 29263
4072 3 14020
4072 3 24348
4072 3 26740
4073 3 14020
4073 3 26805
4073 3 26806
4073 3 27910
4074 3 11500
4074 3 14020
4074 3 14667
4075 3 14020
4075 3 15158
4075 3 18832
4076 0 14062
4076 3 14020
4076 3 15161
4076 3 26738
4076 9 26757
4076 13 12382
4077 3 14020
4077 3 15161
4077 3 26738
4078 3 13494
4078 3 13496
4078 3 14020
4078 3 17230
4079 3 11500
4079 3 14020
4079 3 14667
4080 3 13493
4080 3 13498
4080 3 14020
4080 3 16998
4080 3 31681
4081 3 11500
4081 3 14020
4081 3 14667
4082 3 13346
4082 3 14020
4082 3 29270
4082 3 31681
4083 3 11278
4083 3 14020
4083 3 26738
4084 0 22329
4084 3 11278
4084 3 14020
4084 3 26738
4085 3 11774
4085 3 14020
4085 3 25395
4085 3 25396
4086 3 11773
4086 3 14020
4086 3 24348
4087 3 14020
4087 3 19923
4087 3 19924
4088 3 13494
4088 3 13496
4088 3 14020
4088 3 17230
4089 3 11774
4089 3 14020
4089 3 25395
4089 3 25396
4090 3 14020
4090 3 26805
4090 3 26807
4090 3 27910
4091 3 14020
4091 3 26805
4091 3 26807
4091 3 27910
4092 3 14020
4092 3 14480
4092 3 18791
4093 3 14020
4093 3 25753
4093 3 27039
4094 3 14020
4094 3 15161
4094 3 26738
4095 3 14020
4095 3 15691
4095 3 24348
4096 3 13167
4096 3 14020
4096 3 14908
4097 3 13493
4097 3 13498
4097 3 14020
4097 3 16998
4097 3 31681
4098 3 14020
4098 3 26856
4098 3 29263
4099 3 14020
4099 3 26805
4099 3 26807
4099 3 27910
4100 3 13632
4100 3 14020
4100 3 25755
4100 3 26738
4101 3 13169
4101 3 14020
4101 3 14861
4102 0 24236
4102 3 13170
4102 3 14020
4102 3 27910
4102 9 11779
4103 3 11774
4103 3 14020
4103 3 25395
4103 3 25396
4104 3 13169
4104 3 14020
4104 3 24323
4104 3 27189
4105 3 14020
4105 3 25755
4105 3 26738
4105 3 30719
4106 3 11774
4106 3 14020
4106 3 25395
4106 3 25396
4107 3 14020
4107 3 24348
4107 3 26740
4108 3 11500
4108 3 14020
4108 3 14667
4109 3 11500
4109 3 14020
4109 3 14667
4110 3 14020
4110 3 16994
4110 3 26738
4110 3 29782
4111 3 14020
4111 3 16998
4111 3 28598
4111 3 29780
4111 3 31681
4112 3 14020
4112 3 14665
4112 3 14908
4112 3 25245
4113 3 14020
4113 3 26805
4113 3 26807
4113 3 27910
4114 3 14020
4114 3 26805
4114 3 26806
4114 3 27910
4115 3 14020
4115 3 25756
4115 3 27910
4115 3 27918
4116 3 14020
4116 3 26805
4116 3 26807
4116 3 27910
4117 3 14020
4117 3 14667
4117 3 26816
4118 3 11500
4118 3 14020
4118 3 14667
4119 3 14020
4119 3 24348
4119 3 26740
4120 3 14020
4120 3 15158
4120 3 18832
4121 3 14020
4121 3 26738
4122 3 11774
4122 3 11829
4122 3 14020
4123 3 11500
4123 3 14020
4123 3 14667
4123 9 18440
4123 9 18608
4124 3 11774
4124 3 14020
4124 3 19062
4125 3 13499
4125 3 14020
4125 3 24348
4126 3 14020
4126 3 26805
4126 3 26807
4126 3 27910
4127 0 21052
4127 3 11278
4127 3 14020
4127 3 26738
4127 9 29259
4128 3 11774
4128 3 14020
4128 3 25395
4128 3 25396
4129 3 14020
4129 3 14908
4129 3 30417
4130 3 11500
4130 3 14020
4130 3 14667
4131 3 14020
4131 3 26738
4131 3 29126
4132 3 11774
4132 3 11830
4132 3 14020
4132 3 18442
4133 3 14020
4133 3 15161
4133 3 26738
4134 3 11278
4134 3 14020
4134 3 26738
4135 3 14020
4135 3 18282
4135 3 27910
4135 3 27912
4136 3 14020
4136 3 25640
4136 3 25828
4136 3 31229
4137 3 12648
4137 3 12649
4137 3 14020
4137 3 14670
4138 3 14020
4138 3 15691
4138 3 24348
4139 3 11774
4139 3 14020
4139 3 19062
4140 3 11774
4140 3 14020
4140 3 25395
4140 3 25396
4141 3 14020
4141 3 15158
4141 3 15976
4142 3 14020
4142 3 14667
4142 3 26816
4143 3 14020
4143 3 25755
4143 3 26738
4144 3 14020
4144 3 26805
4144 3 26807
4144 3 27910
4145 3 11774
4145 3 11816
4145 3 14020
4145 3 19062
4146 3 11774
4146 3 11829
4146 3 14020
4147 3 14020
4147 3 15158
4147 3 15976
4148 3 14020
4148 3 26805
4148 3 26807
4148 3 27910
4149 3 14020
4149 3 25755
4149 3 26738
4150 3 14020
4150 3 19923
4150 3 27236
4150 3 29783
4151 3 13169
4151 3 14020
4151 3 31227
4152 3 11774
4152 3 14020
4152 3 18442
4152 3 26829
4153 3 11774
4153 3 14020
4153 3 18161
4153 3 18162
4154 3 11774
4154 3 14020
4154 3 18161
4154 3 18162
4155 3 14020
4155 3 14863
4155 3 26856
4156 3 14020
4156 3 26805
4156 3 26806
4156 3 27910
4157 3 11500
4157 3 14020
4157 3 14667
4158 3 11500
4158 3 14020
4158 3 14667
4159 3 13493
4159 3 13498
4159 3 14020
4159 3 16998
4159 3 31681
4160 3 11774
4160 3 14020
4160 3 25395
4160 3 25396
4161 0 22239
4161 3 14020
4161 3 26805
4161 3 26807
4161 3 27910
4161 9 11817
4161 9 16554
4161 9 17056
4161 9 26743
4161 9 29820
4161 13 14846
4161 13 22239
4162 3 14020
4162 3 26805
4162 3 26807
4162 3 27910
4163 3 11774
4163 3 14020
4163 3 18442
4163 3 26829
4164 3 13493
4164 3 13498
4164 3 14020
4164 3 16998
4164 3 31681
4165 3 14020
4165 3 26805
4165 3 26807
4165 3 27910
4166 3 14020
4166 3 14872
4166 3 19923
4167 3 11500
4167 3 14020
4167 3 14667
4168 3 13497
4168 3 14020
4168 3 14667
4169 3 14020
4169 3 26805
4169 3 26807
4169 3 27910
4170 3 13164
4170 3 14020
4170 3 26856
4170 3 29263
4171 3 13497
4171 3 14020
4171 3 14667
4172 3 11278
4172 3 14020
4172 3 26738
4173 3 11774
4173 3 14020
4173 3 18161
4173 3 18162
4174 3 14020
4174 3 25755
4174 3 26738
4174 3 30719
4175 3 11500
4175 3 14020
4175 3 14667
4176 3 11500
4176 3 14020
4176 3 14667
4177 3 11277
4177 3 14020
4177 3 26738
4177 9 11817
4177 9 12440
4177 9 17232
4177 9 19923
4177 9 25405
4177 9 26763
4177 9 26810
4177 9 29822
4178 3 11500
4178 3 14020
4178 3 14667
4179 3 14020
4179 3 26805
4179 3 26807
4179 3 27910
4180 3 14020
4180 3 26805
4180 3 26807
4180 3 27910
4181 3 13493
4181 3 13498
4181 3 14020
4181 3 16998
4181 3 31681
4182 3 11774
4182 3 14020
4182 3 25395
4182 3 25396
4183 0 30180
4183 3 14020
4183 3 26629
4183 3 26856
4183 3 29263
4183 9 13633
4183 9 15976
4183 9 26573
4183 9 27262
4183 13 22704
4183 14 11057
4184 3 11500
4184 3 14020
4184 3 14667
4185 3 11500
4185 3 14020
4185 3 14667
4186 3 14020
4186 3 14867
4186 3 16998
4186 3 29786
4186 3 31681
4187 3 11500
4187 3 14020
4187 3 14667
4188 3 11500
4188 3 14020
4188 3 14667
4189 3 14020
4189 3 19923
4189 3 29168
4190 3 11500
4190 3 14020
4190 3 14667
4191 3 13493
4191 3 13498
4191 3 14020
4191 3 16998
4191 3 31681
4192 3 14020
4192 3 25756
4192 3 27910
4192 3 29711
4193 3 12711
4193 3 14020
4193 3 25755
4193 3 26738
4194 3 14020
4194 3 14667
4194 3 29273
4195 3 13493
4195 3 13498
4195 3 14020
4195 3 16998
4195 3 31681
4196 3 11774
4196 3 14020
4196 3 18442
4196 3 26812
4197 3 14020
4197 3 14667
4197 3 26816
4198 3 11774
4198 3 11830
4198 3 14020
4198 3 18442
4199 3 14020
4199 3 24348
4199 3 30272
4200 3 14020
4200 3 24348
4200 3 30272
4201 3 14020
4201 3 24348
4201 3 30272
4202 3 11278
4202 3 14020
4202 3 26738
4203 3 11774
4203 3 14020
4203 3 18442
4203 3 26829
4204 3 14020
4204 3 24348
4204 3 30272
4205 3 14020
4205 3 25086
4205 3 29269
4206 3 11774
4206 3 14020
4206 3 25395
4206 3 25396
4207 3 14020
4207 3 26738
4207 3 29188
4208 3 14020
4208 3 25640
4208 3 25828
4208 3 31229
4209 0 19054
4209 3 11774
4209 3 14020
4209 3 25395
4209 3 25396
4209 9 11779
4209 9 12440
4209 9 26745
4209 13 13372
4210 3 14020
4210 3 14667
4210 3 18058
4211 3 14020
4211 3 25755
4211 3 26738
4211 3 30719
4212 3 13493
4212 3 13498
4212 3 14020
4212 3 16998
4212 3 31681
4213 3 13493
4213 3 13498
4213 3 14020
4213 3 16998
4213 3 31681
4214 3 13493
4214 3 13498
4214 3 14020
4214 3 16998
4214 3 31681
4215 3 14020
4215 3 26805
4215 3 26807
4215 3 27910
4216 3 14020
4216 3 26856
4216 3 29263
4217 3 14020
4217 3 18437
4217 3 27910
4218 3 11500
4218 3 14020
4218 3 14667
4219 3 11500
4219 3 14020
4219 3 14667
4220 3 11500
4220 3 14020
4220 3 14667
4221 3 11774
4221 3 14020
4221 3 25395
4221 3 25396
4222 3 14020
4222 3 14908
4222 3 25883
4223 0 31385
4223 3 14020
4223 3 14908
4223 3 25883
4223 9 14913
4223 13 13206
4223 14 11059
4224 3 14020
4224 3 26805
4224 3 26807
4224 3 27910
4225 3 14020
4225 3 26805
4225 3 26807
4225 3 27910
4226 3 14020
4226 3 26805
4226 3 26807
4226 3 27910
4227 3 14020
4227 3 26805
4227 3 26807
4227 3 27910
4228 0 13162
4228 3 14020
4228 3 26805
4228 3 26807
4228 3 27910
4228 9 25405
4228 13 24780
4228 14 11058
4229 3 11500
4229 3 14020
4229 3 14667
4230 3 14020
4230 3 26805
4230 3 26807
4230 3 27910
4231 3 14020
4231 3 26738
4232 3 14020
4232 3 14667
4232 3 18058
4233 3 14020
4233 3 24348
4234 3 14020
4234 3 25085
4234 3 29269
4235 3 14020
4235 3 14667
4235 3 18058
4236 3 14020
4236 3 15691
4236 3 24348
4237 3 14020
4237 3 15158
4237 3 15976
4238 3 14020
4238 3 26805
4238 3 26807
4238 3 27910
4239 3 14020
4239 3 17537
4239 3 26856
4240 3 11500
4240 3 14020
4240 3 14667
4241 3 14020
4241 3 26738
4242 3 13170
4242 3 14020
4242 3 27910
4243 3 14020
4243 3 14480
4243 3 18791
4244 3 14020
4244 3 18437
4244 3 27910
4245 3 14020
4245 3 26856
4245 3 29263
4246 3 13169
4246 3 14020
4246 3 14861
4247 3 13164
4247 3 14020
4247 3 26856
4247 3 29263
4248 3 11500
4248 3 14020
4248 3 14667
4249 3 14020
4249 3 15158
4249 3 15976
4250 3 14020
4250 3 25755
4250 3 26738
4251 3 14020
4251 3 26856
4251 3 29263
4252 3 14020
4252 3 18043
4252 3 25755
4252 3 26738
4253 3 14020
4253 3 18043
4253 3 25755
4253 3 26738
4254 3 13164
4254 3 14020
4254 3 26856
4254 3 29263
4255 3 11774
4255 3 14020
4255 3 18441
4255 3 18442
4256 3 14020
4256 3 14667
4256 3 18058
4257 3 14020
4257 3 25755
4257 3 26738
4257 3 30719
4258 3 11774
4258 3 14020
4258 3 25395
4258 3 25396
4259 3 14020
4259 3 26805
4259 3 26807
4259 3 27910
4260 3 11278
4260 3 14020
4260 3 26738
4261 3 13170
4261 3 14020
4261 3 27910
4262 3 13170
4262 3 14020
4262 3 27910
4263 3 11500
4263 3 14020
4263 3 14667
4264 3 14020
4264 3 18437
4264 3 27910
4265 3 11500
4265 3 14020
4265 3 14667
4266 3 14020
4266 3 15161
4266 3 26738
4266 9 14865
4266 9 17537
4266 9 26743
4266 9 27917
4266 9 29820
4267 3 11774
4267 3 14020
4267 3 18442
4267 3 26812
4268 3 13499
4268 3 14020
4268 3 24348
4269 0 17618
4269 3 14020
4269 3 14667
4269 3 18058
4269 9 11779
4269 13 17618
4269 14 11059
4270 3 14020
4270 3 26805
4270 3 26806
4270 3 27910
4271 3 13498
4271 3 14020
4271 3 16998
4271 3 28624
4271 3 31681
4272 3 11500
4272 3 14020
4272 3 14667
4273 3 11277
4273 3 14020
4273 3 26738
4274 3 14020
4274 3 26805
4274 3 26807
4274 3 27910
4275 3 13170
4275 3 14020
4275 3 27910
4276 3 14020
4276 3 15161
4276 3 26738
4277 3 14020
4277 3 14908
4277 3 30417
4278 3 13169
4278 3 14020
4278 3 14861
4279 3 14020
4279 3 19923
4279 3 19924
4279 9 11779
4279 9 17616
4279 9 18267
4280 3 14020
4280 3 18282
4280 3 27910
4280 3 27912
4281 3 11500
4281 3 14020
4281 3 14667
4282 3 14020
4282 3 26856
4282 3 29263
4283 3 11277
4283 3 14020
4283 3 26738
4284 3 14020
4284 3 14421
4284 3 26739
4285 0 13343
4285 0 25019
4285 3 14020
4285 3 15161
4285 3 26738
4285 9 14865
4285 9 26743
4285 13 13343
4285 13 15077
4285 14 11059
4286 3 11772
4286 3 11774
4286 3 14020
4286 3 18162
4286 3 19071
4287 3 14020
4287 3 25828
4287 3 25831
4288 3 14020
4288 3 14665
4288 3 14908
4288 3 25245
4289 3 14020
4289 3 14665
4289 3 14908
4289 3 25245
4290 3 12646
4290 3 14020
4290 3 14665
4290 3 14908
4291 3 13169
4291 3 14020
4291 3 27189
4291 3 30118
4292 3 13169
4292 3 14020
4292 3 16543
4293 3 13164
4293 3 14020
4293 3 26856
4293 3 29263
4294 3 14020
4294 3 26805
4294 3 26806
4294 3 27910
4295 3 14020
4295 3 27040
4295 3 27910
4296 3 11500
4296 3 14020
4296 3 14667
4297 3 11500
4297 3 14020
4297 3 14667
4298 3 14020
4298 3 18437
4298 3 27910
4299 0 17953
4299 3 14020
4299 3 26738
4299 3 29126
4299 9 19929
4299 9 29189
4299 13 17953
4299 14 11057
4300 3 11500
4300 3 14020
4300 3 14667
4301 3 14020
4301 3 26856
4301 3 29263
4301 3 29274
4302 3 14020
4302 3 26856
4302 3 29263
4303 3 13809
4303 3 14020
4303 3 14989
4303 3 31681
4304 3 11774
4304 3 14020
4304 3 19062
4304 3 19063
4305 3 11772
4305 3 11774
4305 3 14020
4305 3 18162
4305 3 19071
4306 3 14020
4306 3 14862
4306 3 17230
4307 3 14020
4307 3 25755
4307 3 26738
4307 3 30719
4308 3 13167
4308 3 14020
4308 3 14908
4309 3 14020
4309 3 26856
4309 3 29263
4310 3 11773
4310 3 14020
4310 3 24348
4311 3 14020
4311 3 25425
4311 3 29270
4311 3 31681
4312 3 14020
4312 3 14908
4312 3 30417
4313 3 14020
4313 3 24348
4313 3 26740
4314 3 14020
4314 3 24348
4314 3 30272
4315 3 14020
4315 3 14665
4315 3 14908
4315 3 25245
4316 3 14020
4316 3 19923
4316 3 19924
4317 3 14020
4317 3 25755
4317 3 26738
4317 3 30719
4318 3 11774
4318 3 14020
4318 3 18442
4318 3 26812
4319 3 14020
4319 3 26738
4319 3 29126
4320 3 14020
4320 3 14908
4320 3 30417
4321 3 14020
4321 3 15158
4321 3 16556
4322 3 13493
4322 3 13498
4322 3 14020
4322 3 16998
4322 3 31681
4323 3 14020
4323 3 26805
4323 3 26806
4323 3 27910
4324 0 17833
4324 3 14020
4324 3 26805
4324 3 26807
4324 3 27910
4324 9 27917
4324 13 17833
4324 13 26569
4324 14 11057
4325 3 14020
4325 3 26805
4325 3 26807
4325 3 27910
4326 3 14020
4326 3 14908
4326 3 30417
4327 3 11774
4327 3 14020
4327 3 18162
4327 3 19071
4328 3 13169
4328 3 14020
4328 3 14861
4329 3 14020
4329 3 26738
4329 3 31230
4330 3 14020
4330 3 24348
4330 3 26740
4331 3 14020
4331 3 25640
4331 3 25828
4331 3 31229
4332 3 14020
4332 3 16340
4332 3 27039
4333 3 14020
4333 3 17537
4333 3 26856
4334 3 14020
4334 3 25755
4334 3 26738
4334 3 30719
4335 3 11500
4335 3 14020
4335 3 14667
4336 3 11500
4336 3 14020
4336 3 14667
4337 3 13520
4337 3 14020
4337 3 30720
4338 3 14020
4338 3 14908
4338 3 30417
4339 3 11500
4339 3 14020
4339 3 14667
4340 3 14020
4340 3 14908
4340 3 30417
4341 3 11277
4341 3 14020
4341 3 26738
4342 3 12711
4342 3 14020
4342 3 25755
4342 3 26738
4343 3 11774
4343 3 14020
4343 3 29126
4344 3 11774
4344 3 14020
4344 3 18162
4344 3 19071
4345 3 14020
4345 3 15161
4345 3 26738
4346 3 13169
4346 3 14020
4346 3 27189
4346 3 30118
4347 3 11815
4347 3 14020
4347 3 15158
4348 3 11277
4348 3 14020
4348 3 26738
4349 3 14020
4349 3 16152
4349 3 25755
4349 3 26738
4350 3 14020
4350 3 25085
4350 3 29269
4351 3 11500
4351 3 14020
4351 3 14667
4352 3 13520
4352 3 14020
4352 3 25128
4353 3 11774
4353 3 11829
4353 3 14020
4354 3 11774
4354 3 14020
4354 3 19062
4354 3 19063
4355 3 11773
4355 3 14020
4355 3 24348
4356 3 11772
4356 3 11774
4356 3 14020
4356 3 18162
4356 3 19071
4357 3 11500
4357 3 14020
4357 3 14667
4358 3 14020
4358 3 26856
4358 3 29263
4359 3 14020
4359 3 26805
4359 3 26807
4359 3 27910
4360 0 19123
4360 3 11774
4360 3 14020
4360 3 25395
4360 3 25396
4360 9 18608
4360 14 11059
4361 3 11774
4361 3 14020
4361 3 25395
4361 3 25396
4362 3 11774
4362 3 14020
4362 3 25395
4362 3 25396
4363 3 11774
4363 3 14020
4363 3 25395
4363 3 25396
4364 3 13493
4364 3 13498
4364 3 14020
4364 3 16998
4364 3 31681
4365 3 14020
4365 3 17054
4365 3 27039
4366 3 14020
4366 3 24348
4366 3 26740
4367 3 11774
4367 3 14020
4367 3 18442
4367 3 26829
4368 3 14020
4368 3 25640
4368 3 25828
4368 3 31229
4369 3 11774
4369 3 14020
4369 3 16764
4369 3 18442
4370 3 11278
4370 3 14020
4370 3 26738
4371 3 14020
4371 3 25756
4371 3 27910
4371 3 27918
4372 3 11500
4372 3 14020
4372 3 14667
4373 3 14020
4373 3 16551
4373 3 26805
4373 3 27910
4374 3 11774
4374 3 14020
4374 3 25395
4374 3 25396
4375 3 12711
4375 3 14020
4375 3 25755
4375 3 26738
4376 3 11774
4376 3 11829
4376 3 14020
4377 3 13169
4377 3 14020
4377 3 14271
4377 3 27189
4378 3 11278
4378 3 14020
4378 3 26738
4379 3 14020
4379 3 25755
4379 3 26738
4380 3 14020
4380 3 14908
4380 3 30417
4381 3 14020
4381 3 15161
4381 3 26738
4382 3 12785
4382 3 14020
4382 3 19923
4383 3 12600
4383 3 14020
4383 3 19923
4384 3 11500
4384 3 14020
4384 3 14667
4385 3 11500
4385 3 14020
4385 3 14667
4386 3 11500
4386 3 14020
4386 3 14667
4387 3 14020
4387 3 25755
4387 3 26738
4387 3 30719
4388 3 14020
4388 3 26805
4388 3 26806
4388 3 27910
4389 3 13169
4389 3 14020
4389 3 14271
4389 3 27189
4390 3 14020
4390 3 27910
4391 3 11277
4391 3 14020
4391 3 26738
4392 3 14020
4392 3 26856
4392 3 29263
4393 3 11774
4393 3 14020
4393 3 19062
4393 3 19063
4394 3 13169
4394 3 14020
4394 3 14271
4394 3 27189
4395 3 11500
4395 3 14020
4395 3 14667
4396 3 14020
4396 3 16998
4396 3 25701
4396 3 28598
4396 3 31681
4397 3 11278
4397 3 14020
4397 3 26738
4398 3 14020
4398 3 25755
4398 3 26738
4398 3 30719
4399 3 11774
4399 3 14020
4399 3 25396
4399 3 26761
4400 3 14020
4400 3 25755
4400 3 26738
4400 3 30719
4401 3 13520
4401 3 14020
4401 3 25128
4402 3 11277
4402 3 14020
4402 3 26738
4403 3 14020
4403 3 25755
4403 3 26738
4403 3 30719
4404 3 11774
4404 3 13495
4404 3 13507
4404 3 14020
4405 3 11500
4405 3 14020
4405 3 14667
4406 3 11500
4406 3 14020
4406 3 14667
4407 3 13493
4407 3 13498
4407 3 14020
4407 3 16998
4407 3 31681
4408 3 11774
4408 3 11829
4408 3 14020
4409 3 12711
4409 3 14020
4409 3 25755
4409 3 26738
4410 3 11500
4410 3 14020
4410 3 14667
4411 3 14020
4411 3 26805
4411 3 26806
4411 3 27910
4412 3 14020
4412 3 15158
4412 3 16556
4413 3 14020
4413 3 15158
4413 3 18832
4414 3 14020
4414 3 14480
4414 3 18791
4415 3 11774
4415 3 13495
4415 3 13507
4415 3 14020
4416 3 11500
4416 3 14020
4416 3 14667
4417 3 13520
4417 3 14020
4417 3 25128
4418 3 13520
4418 3 14020
4418 3 25128
4419 3 14020
4419 3 17537
4419 3 26856
4420 3 11500
4420 3 14020
4420 3 14667
4421 3 11774
4421 3 14020
4421 3 19062
4421 3 19063
4422 3 12600
4422 3 14020
4422 3 19923
4423 3 14020
4423 3 18282
4423 3 27910
4423 3 27912
4424 3 14020
4424 3 25085
4424 3 29269
4425 3 11500
4425 3 14020
4425 3 14667
4426 3 11500
4426 3 14020
4426 3 14667
4427 3 14020
4427 3 14667
4427 3 26816
4428 3 12711
4428 3 14020
4428 3 25755
4428 3 26738
4429 3 14020
4429 3 15158
4429 3 16556
4430 3 11774
4430 3 14020
4430 3 19062
4430 3 19063
4431 3 14020
4431 3 16340
4431 3 27039
4432 3 11500
4432 3 14020
4432 3 14667
4433 3 11278
4433 3 14020
4433 3 26738
4434 3 14020
4434 3 16152
4434 3 25755
4434 3 26738
4435 3 14020
4435 3 25086
4435 3 29269
4436 3 14020
4436 3 14908
4436 3 30417
4437 3 14020
4437 3 14670
4437 3 29819
4438 3 14020
4438 3 14670
4438 3 29819
4439 3 14020
4439 3 26805
4439 3 26807
4439 3 27910
4440 3 14020
4440 3 26805
4440 3 26807
4440 3 27910
4441 3 13520
4441 3 14020
4441 3 30720
4442 3 14020
4442 3 26856
4442 3 29263
4443 3 14020
4443 3 14908
4443 3 25883
4444 3 11500
4444 3 14020
4444 3 14667
4445 3 14020
4445 3 26805
4445 3 26807
4445 3 27910
4446 3 14020
4446 3 26805
4446 3 26807
4446 3 27910
4447 3 11500
4447 3 14020
4447 3 14667
4448 3 14020
4448 3 14667
4448 3 26816
4449 3 12785
4449 3 14020
4449 3 19923
4450 3 14020
4450 3 25755
4450 3 26738
4450 3 30719
4451 3 14020
4451 3 25755
4451 3 26738
4451 3 30719
4452 3 14020
4452 3 14862
4452 3 17230
4453 3 14020
4453 3 25756
4453 3 27910
4453 3 29711
4454 3 14020
4454 3 26805
4454 3 26807
4454 3 27910
4455 3 14020
4455 3 26805
4455 3 26807
4455 3 27910
4456 3 14020
4456 3 26856
4456 3 29263
4457 3 14020
4457 3 25085
4457 3 29269
4458 3 14020
4458 3 14667
4458 3 18058
4459 0 11355
4459 3 14020
4459 3 27175
4459 9 27175
4459 13 18364
4459 14 11060
4460 3 11774
4460 3 11830
4460 3 14020
4460 3 18442
4461 3 14020
4461 3 17230
4461 3 30717
4462 3 14020
4462 3 26738
4462 3 29126
4463 3 14020
4463 3 25755
4463 3 26738
4464 3 14020
4464 3 25755
4464 3 26738
4465 3 14020
4465 3 25756
4465 3 27910
4465 3 29711
4466 3 11500
4466 3 14020
4466 3 14667
4467 3 13493
4467 3 13498
4467 3 14020
4467 3 16998
4467 3 31681
4468 3 11500
4468 3 14020
4468 3 14667
4469 3 14020
4469 3 15161
4469 3 26738
4470 3 14020
4470 3 25085
4470 3 29269
4471 3 14020
4471 3 26738
4472 3 14020
4472 3 25755
4472 3 26738
4472 3 30719
4473 3 11500
4473 3 14020
4473 3 14667
4474 3 14020
4474 3 16152
4474 3 25755
4474 3 26738
4475 3 11500
4475 3 14020
4475 3 14667
4476 3 14020
4476 3 26738
4476 3 29188
4477 0 29960
4477 3 14020
4477 3 26856
4477 3 29263
4477 9 14865
4477 13 21873
4477 13 29617
4477 14 11059
4478 3 14020
4478 3 26856
4478 3 29263
4479 3 14020
4479 3 18437
4479 3 27910
4480 3 13169
4480 3 14020
4480 3 14271
4480 3 27189
4481 3 14020
4481 3 14665
4481 3 14908
4482 3 14020
4482 3 25755
4482 3 26738
4482 3 30719
4483 3 14020
4483 3 26738
4484 3 14020
4484 3 14666
4484 3 25755
4484 3 26738
4484 3 26856
4484 9 27917
4484 9 29265
4485 3 14020
4485 3 14670
4485 3 29819
4486 3 14020
4486 3 17230
4486 3 30717
4487 3 13164
4487 3 14020
4487 3 26856
4487 3 29263
4488 0 12705
4488 3 14020
4488 3 26738
4488 9 11779
4488 13 12705
4488 13 24595
4489 3 13493
4489 3 13498
4489 3 14020
4489 3 16998
4489 3 31681
4490 3 11500
4490 3 14020
4490 3 14667
4491 3 14020
4491 3 15161
4491 3 26738
4492 3 12711
4492 3 14020
4492 3 25755
4492 3 26738
4493 3 13497
4493 3 14020
4493 3 14667
4494 3 13497
4494 3 14020
4494 3 14667
4495 3 14020
4495 3 25086
4495 3 29269
4496 3 11774
4496 3 14020
4496 3 18442
4496 3 26812
4497 3 14020
4497 3 26805
4497 3 26807
4497 3 27910
4498 3 11500
4498 3 14020
4498 3 14667
4499 3 14020
4499 3 15158
4499 3 15976
4500 3 14020
4500 3 14667
4500 3 18058
4500 9 18059
4500 9 18440
4500 9 19073
4500 9 26833
4501 3 11500
4501 3 14020
4501 3 14667
4502 3 11774
4502 3 14020
4502 3 18441
4502 3 18442
4503 3 11774
4503 3 14020
4503 3 29126
4504 3 14020
4504 3 14908
4504 3 30417
4505 3 14020
4505 3 15158
4505 3 15976
4506 3 14020
4506 3 15158
4506 3 18832
4507 3 14020
4507 3 16340
4507 3 27039
4508 3 14020
4508 3 26805
4508 3 26806
4508 3 27910
4509 3 14020
4509 3 17537
4509 3 26856
4510 3 14020
4510 3 14863
4510 3 26856
4511 3 14020
4511 3 19923
4511 3 19924
4512 3 11774
4512 3 14020
4513 3 14020
4513 3 24348
4513 3 26740
4514 3 14020
4514 3 26805
4514 3 26807
4514 3 27910
4515 3 14020
4515 3 17612
4515 3 27039
4516 3 14020
4516 3 26856
4516 3 29263
4517 0 13506
4517 3 11278
4517 3 14020
4517 3 26738
4517 9 15162
4517 9 30037
4517 13 24189
4517 13 26982
4517 14 11059
4518 3 14020
4518 3 14280
4518 3 15981
4519 3 12594
4519 3 14020
4519 3 14867
4519 3 16998
4519 3 31681
4520 3 14020
4520 3 25755
4520 3 26738
4520 3 30719
4521 3 14020
4521 3 25755
4521 3 26738
4521 3 30719
4522 3 14020
4522 3 16340
4522 3 27039
4523 3 11500
4523 3 14020
4523 3 14667
4524 3 14020
4524 3 26856
4524 3 29263
4525 3 14020
4525 3 26805
4525 3 26807
4525 3 27910
4526 3 11500
4526 3 14020
4526 3 14667
4527 3 14020
4527 3 26856
4527 3 29263
4528 3 11774
4528 3 14020
4528 3 18442
4528 3 26829
4529 3 14020
4529 3 14670
4529 3 29819
4530 3 11774
4530 3 14020
4530 3 25395
4530 3 25396
4531 3 14020
4531 3 26805
4531 3 26806
4531 3 27910
4532 3 14020
4532 3 14667
4532 3 26816
4533 3 14020
4533 3 25755
4533 3 26738
4533 3 30719
4534 3 14020
4534 3 14908
4534 3 30417
4535 3 14020
4535 3 25756
4535 3 27910
4535 3 27918
4536 3 14020
4536 3 25756
4536 3 27910
4536 3 27918
4537 3 11774
4537 3 14020
4537 3 19062
4537 3 19063
4538 3 11774
4538 3 11829
4538 3 14020
4539 3 11774
4539 3 14020
4539 3 25396
4540 3 14020
4540 3 25086
4540 3 29269
4541 3 14020
4541 3 14814
4541 3 14816
4542 3 14020
4542 3 14814
4542 3 14816
4543 3 14020
4543 3 14814
4543 3 14816
4544 3 14020
4544 3 19923
4544 3 29264
4545 3 12649
4545 3 12710
4545 3 14020
4545 3 14670
4546 3 14020
4546 3 14670
4546 3 17243
4546 3 30206
4547 3 14020
4547 3 26738
4547 3 30034
4548 3 14020
4548 3 26805
4548 3 26806
4548 3 27910
4549 3 11774
4549 3 14020
4549 3 25395
4549 3 25396
4550 0 30167
4550 3 11774
4550 3 14020
4550 3 25395
4550 3 25396
4550 13 13054
4550 13 31603
4550 14 11058
4551 3 13493
4551 3 13498
4551 3 14020
4551 3 16998
4551 3 31681
4552 3 14020
4552 3 19923
4552 3 29168
4553 3 11500
4553 3 14020
4553 3 14667
4554 3 11774
4554 3 14020
4554 3 16764
4554 3 18442
4555 3 14020
4555 3 16340
4555 3 27039
4556 3 14020
4556 3 17612
4556 3 27039
4557 3 14020
4557 3 18282
4557 3 27910
4557 3 27912
4558 3 13493
4558 3 13498
4558 3 14020
4558 3 16998
4558 3 31681
4559 3 14020
4559 3 26805
4559 3 26807
4559 3 27910
4560 3 14020
4560 3 14908
4560 3 30417
4561 3 14020
4561 3 26848
4561 3 26856
4562 3 14020
4562 3 14667
4562 3 26816
4563 3 11774
4563 3 14020
4563 3 29126
4564 3 14020
4564 3 26738
4564 3 30034
4565 3 11774
4565 3 14020
4565 3 18442
4565 3 26812
4566 3 11774
4566 3 14020
4566 3 18442
4566 3 26829
4567 3 11500
4567 3 14020
4567 3 14667
4568 3 13164
4568 3 14020
4568 3 26856
4568 3 29263
4569 3 14020
4569 3 14670
4569 3 14834
4569 3 17243
4570 3 14020
4570 3 25755
4570 3 26738
4571 3 14020
4571 3 26805
4571 3 26807
4571 3 27910
4572 3 11278
4572 3 14020
4572 3 26738
4573 3 11500
4573 3 14020
4573 3 14667
4574 3 13169
4574 3 14020
4574 3 14271
4574 3 27189
4575 3 14020
4575 3 25755
4575 3 26738
4576 3 11774
4576 3 14020
4576 3 19062
4576 3 19063
4577 3 14020
4577 3 16340
4577 3 27039
4578 3 14020
4578 3 15161
4578 3 26738
4579 3 13520
4579 3 14020
4579 3 30720
4580 3 14020
4580 3 18282
4580 3 27910
4580 3 27912
4581 3 11774
4581 3 11829
4581 3 14020
4582 3 14020
4582 3 14670
4582 3 28345
4583 3 14020
4583 3 26738
4583 3 31230
4584 3 11500
4584 3 14020
4584 3 14667
4585 3 13169
4585 3 14020
4585 3 31227
4586 3 14020
4586 3 25756
4586 3 27910
4586 3 27918
4587 3 11500
4587 3 14020
4587 3 14667
4588 3 11774
4588 3 11830
4588 3 14020
4588 3 18442
4589 3 14020
4589 3 14667
4590 3 14020
4590 3 15161
4590 3 26738
4591 3 14020
4591 3 15161
4591 3 26738
4592 3 14020
4592 3 15161
4592 3 26738
4593 3 14020
4593 3 26805
4593 3 26806
4593 3 27910
4594 3 14020
4594 3 14908
4594 3 30417
4595 3 13169
4595 3 14020
4595 3 27189
4595 3 30118
4596 3 13169
4596 3 14020
4596 3 27189
4596 3 30118
4597 3 13494
4597 3 13496
4597 3 14020
4597 3 17230
4598 3 14020
4598 3 14667
4598 3 26816
4599 3 14020
4599 3 14670
4599 3 29819
4600 3 14020
4600 3 25756
4600 3 27910
4600 3 27918
4601 3 14020
4601 3 14667
4601 3 29273
4602 3 14020
4602 3 15158
4602 3 15976
4603 3 14020
4603 3 16340
4603 3 27039
4604 3 13169
4604 3 14020
4604 3 14861
4605 3 14020
4605 3 25755
4605 3 26738
4605 3 30719
4606 3 11500
4606 3 14020
4606 3 14667
4607 3 11773
4607 3 14020
4607 3 24348
4608 3 14020
4608 3 27910
4609 3 14020
4609 3 26805
4609 3 26807
4609 3 27910
4610 3 14020
4610 3 14867
4610 3 16998
4610 3 19185
4610 3 31681
4611 3 14020
4611 3 15158
4611 3 15976
4612 3 14020
4612 3 14667
4612 3 18058
4613 3 14020
4613 3 16998
4613 3 25701
4613 3 28598
4613 3 31681
4614 3 14020
4614 3 14863
4614 3 26856
4615 3 14020
4615 3 25755
4615 3 26738
4615 3 30719
4616 3 11500
4616 3 14020
4616 3 14667
4617 3 14020
4617 3 14867
4617 3 16998
4617 3 17945
4617 3 31681
4618 3 11278
4618 3 14020
4618 3 26738
4619 3 13493
4619 3 13498
4619 3 14020
4619 3 16998
4619 3 31681
4620 3 12785
4620 3 14020
4620 3 19923
4621 3 11500
4621 3 14020
4621 3 14667
4622 3 11500
4622 3 14020
4622 3 14667
4623 3 14020
4623 3 14664
4623 3 19923
4623 3 29783
4624 3 14020
4624 3 14664
4624 3 19923
4624 3 29783
4625 3 14020
4625 3 14664
4625 3 19923
4625 3 29783
4626 3 11277
4626 3 14020
4626 3 26738
4627 3 11774
4627 3 14020
4627 3 18442
4627 3 26829
4627 9 11779
4627 9 13172
4627 9 17617
4627 9 19067
4627 9 26832
4628 3 11278
4628 3 14020
4628 3 26738
4629 0 13192
4629 3 14020
4629 3 25756
4629 3 27910
4629 3 27918
4629 9 17232
4630 3 11277
4630 3 14020
4630 3 26738
4631 3 14020
4631 3 14667
4631 3 29273
4632 3 11774
4632 3 14020
4632 3 19062
4632 3 19063
4633 3 11774
4633 3 13495
4633 3 13507
4633 3 14020
4634 3 14020
4634 3 15158
4634 3 15976
4635 3 14020
4635 3 14908
4635 3 30417
4636 3 11774
4636 3 14020
4636 3 18442
4636 3 26829
4637 3 13164
4637 3 14020
4637 3 26856
4637 3 29263
4638 3 14020
4638 3 14908
4638 3 30417
4639 3 14020
4639 3 15161
4639 3 26738
4640 3 14020
4640 3 14908
4640 3 30417
4641 3 11774
4641 3 14020
4641 3 16764
4641 3 18442
4642 3 14020
4642 3 25755
4642 3 26738
4643 3 12711
4643 3 14020
4643 3 25755
4643 3 26738
4644 3 14020
4644 3 25085
4644 3 29269
4645 3 14020
4645 3 14667
4645 3 26816
4646 3 14020
4646 3 15158
4646 3 18832
4647 3 14020
4647 3 14670
4647 3 17243
4647 3 29208
4647 3 29209
4648 3 12785
4648 3 14020
4648 3 19923
4649 3 14020
4649 3 22463
4649 3 22464
4650 3 14020
4650 3 14667
4650 3 29273
4651 3 11774
4651 3 14020
4651 3 18442
4651 3 26829
4652 3 14020
4652 3 26805
4652 3 26807
4652 3 27910
4653 3 11278
4653 3 14020
4653 3 26738
4654 3 11278
4654 3 14020
4654 3 26738
4655 3 14020
4655 3 15158
4655 3 15976
4656 3 11774
4656 3 14020
4656 3 18161
4656 3 18162
4657 3 14020
4657 3 26805
4657 3 26806
4657 3 27910
4658 3 14020
4658 3 25755
4658 3 26738
4658 3 30719
4659 3 14020
4659 3 14908
4659 3 25883
4660 3 14020
4660 3 24348
4660 3 26740
4661 3 11815
4661 3 14020
4661 3 15158
4662 3 11774
4662 3 14020
4662 3 18442
4662 3 26812
4663 3 11774
4663 3 14020
4663 3 25395
4663 3 25396
4664 3 12646
4664 3 14020
4664 3 14665
4664 3 14908
4665 3 14020
4665 3 26738
4665 3 29126
4666 3 14020
4666 3 25755
4666 3 26738
4666 3 30719
4667 3 11774
4667 3 14020
4667 3 18442
4667 3 26829
4668 3 11500
4668 3 14020
4668 3 14667
4669 3 14020
4669 3 15158
4669 3 15976
4670 3 13520
4670 3 13728
4670 3 14020
4671 3 14020
4671 3 26805
4671 3 26806
4671 3 27910
4672 3 14020
4672 3 24348
4672 3 30272
4673 3 11774
4673 3 13167
4673 3 14020
4673 3 14908
4673 3 18282
4673 3 19062
4673 3 19063
4673 3 27910
4673 3 27912
4674 3 13167
4674 3 14020
4674 3 14908
4675 3 14020
4675 3 25755
4675 3 26738
4675 3 30719
4676 3 14020
4676 3 14664
4676 3 19923
4676 3 29783
4677 3 14020
4677 3 15158
4677 3 15976
4678 3 11500
4678 3 14020
4678 3 14667
4679 3 11500
4679 3 14020
4679 3 14667
4680 3 14020
4680 3 26856
4680 3 29263
4681 3 14020
4681 3 17054
4681 3 27039
4682 3 14020
4682 3 14665
4682 3 14908
4682 3 25245
4683 3 14020
4683 3 16344
4683 3 26738
4684 3 11774
4684 3 11829
4684 3 14020
4685 3 14020
4685 3 27910
4685 3 27912
4686 3 13632
4686 3 14020
4686 3 25755
4686 3 26738
4687 3 13497
4687 3 14020
4687 3 14667
4688 3 14020
4688 3 14667
4688 3 18058
4689 3 11774
4689 3 11830
4689 3 14020
4689 3 18442
4690 3 14020
4690 3 15158
4690 3 15976
4691 3 14020
4691 3 26805
4691 3 26807
4691 3 27910
4692 3 11500
4692 3 14020
4692 3 14667
4693 3 11773
4693 3 14020
4693 3 24348
4694 3 14020
4694 3 16264
4694 3 27175
4695 3 14020
4695 3 14814
4695 3 14816
4695 9 11779
4695 9 27917
4696 3 11837
4696 3 14020
4696 3 14908
4697 3 11278
4697 3 14020
4697 3 26738
4698 3 14020
4698 3 14667
4698 3 26816
4699 3 14020
4699 3 25755
4699 3 26738
4700 3 13497
4700 3 14020
4700 3 14667
4701 3 14020
4701 3 26805
4701 3 26806
4701 3 27910
4702 3 14020
4702 3 26805
4702 3 26806
4702 3 27910
4703 0 24867
4703 3 11774
4703 3 14020
4703 3 18442
4703 3 26829
4703 9 19067
4703 14 11060
4704 3 11773
4704 3 14020
4704 3 24348
4705 3 13167
4705 3 14020
4705 3 14908
4706 3 13497
4706 3 14020
4706 3 14667
4707 3 13493
4707 3 13498
4707 3 14020
4707 3 16998
4707 3 31681
4708 3 13493
4708 3 13498
4708 3 14020
4708 3 16998
4708 3 31681
4709 3 11277
4709 3 14020
4709 3 26738
4710 3 14020
4710 3 14908
4710 3 14926
4711 3 13169
4711 3 14020
4711 3 15754
4711 3 27189
4712 3 14020
4712 3 17612
4712 3 27039
4713 3 11500
4713 3 14020
4713 3 14667
4714 3 11500
4714 3 14020
4714 3 14667
4715 3 14020
4715 3 18043
4715 3 25755
4715 3 26738
4716 3 11774
4716 3 11829
4716 3 14020
4717 3 14020
4717 3 25755
4717 3 26738
4717 3 30719
4718 2 12598
4718 2 13226
4718 2 15532
4718 3 14020
4718 3 15691
4718 3 24348
4718 9 11778
4718 9 12440
4718 9 12603
4718 9 19067
4718 9 19068
4719 3 14020
4719 3 25755
4719 3 26738
4719 3 30719
4720 3 13520
4720 3 14020
4720 3 30720
4721 3 14020
4721 3 26805
4721 3 26807
4721 3 27910
4722 3 11774
4722 3 14020
4722 3 18162
4722 3 19071
4723 3 14020
4723 3 14665
4723 3 14908
4723 3 25245
4724 3 14020
4724 3 14665
4724 3 14908
4724 3 25245
4725 3 13169
4725 3 14020
4725 3 14861
4726 3 11774
4726 3 11829
4726 3 14020
4727 3 14020
4727 3 14043
4727 3 25390
4728 3 11774
4728 3 14020
4728 3 25395
4728 3 25396
4729 3 14020
4729 3 16152
4729 3 25755
4729 3 26738
4730 3 14020
4730 3 14666
4730 3 26856
4731 3 13169
4731 3 14020
4731 3 14271
4731 3 27189
4732 3 13169
4732 3 14020
4732 3 14861
4733 3 14020
4733 3 14670
4733 3 29819
4734 3 14020
4734 3 14670
4734 3 29819
4735 3 14020
4735 3 22463
4735 3 22464
4736 3 11278
4736 3 14020
4736 3 26738
4737 3 14020
4737 3 25755
4737 3 26738
4737 3 30719
4738 3 14020
4738 3 14908
4738 3 30417
4739 3 14020
4739 3 26805
4739 3 26806
4739 3 27910
4740 3 14020
4740 3 16551
4740 3 26805
4740 3 27910
4741 3 13520
4741 3 14020
4741 3 30720
4742 0 13778
4742 3 14020
4742 3 26738
4742 3 30034
4742 9 26818
4742 13 13778
4743 3 14020
4743 3 25755
4743 3 26738
4743 3 30719
4744 3 11774
4744 3 11829
4744 3 14020
4745 3 11772
4745 3 11774
4745 3 14020
4745 3 18162
4745 3 19071
4746 3 13169
4746 3 14020
4746 3 14861
4747 3 14020
4747 3 14666
4747 3 26856
4748 3 14020
4748 3 25755
4748 3 26738
4749 3 14020
4749 3 25755
4749 3 26738
4749 3 30719
4750 3 14020
4750 3 14908
4750 3 30417
4751 3 14020
4751 3 14908
4751 3 30417
4752 3 11500
4752 3 14020
4752 3 14667
4753 3 14020
4753 3 25755
4753 3 26738
4753 3 30719
4754 3 14020
4754 3 15161
4754 3 26738
4755 3 14020
4755 3 15161
4755 3 26738
4756 3 14020
4756 3 14665
4756 3 14908
4756 3 25245
4757 3 11774
4757 3 14020
4757 3 25395
4757 3 25396
4758 3 14020
4758 3 26805
4758 3 26807
4758 3 27910
4759 3 11278
4759 3 14020
4759 3 26738
4760 3 14020
4760 3 14421
4760 3 26739
4761 3 14020
4761 3 16340
4761 3 27039
4762 3 14020
4762 3 22463
4762 3 22464
4763 3 14020
4763 3 14480
4763 3 18791
4764 3 14020
4764 3 15158
4764 3 15976
4765 3 14020
4765 3 15158
4765 3 15976
4766 3 11774
4766 3 14020
4766 3 18161
4766 3 18162
4767 3 14020
4767 3 14480
4767 3 18791
4768 3 11774
4768 3 14020
4768 3 29126
4769 3 14020
4769 3 26805
4769 3 26806
4769 3 27910
4770 3 11774
4770 3 11829
4770 3 14020
4771 3 14020
4771 3 16998
4771 3 17172
4771 3 28598
4771 3 31681
4772 3 11278
4772 3 14020
4772 3 26738
4773 3 13169
4773 3 14020
4773 3 14861
4774 3 14020
4774 3 26805
4774 3 26807
4774 3 27910
4775 3 14020
4775 3 14908
4775 3 30417
4776 3 14020
4776 3 14480
4776 3 18791
4777 3 14020
4777 3 26805
4777 3 26807
4777 3 27910
4778 3 11774
4778 3 14020
4778 3 18442
4778 3 26812
4779 3 11774
4779 3 14020
4779 3 18442
4779 3 26812
4780 3 13164
4780 3 14020
4780 3 26856
4780 3 29263
4781 3 14020
4781 3 24348
4781 3 26740
4782 3 14020
4782 3 14421
4782 3 26739
4783 3 11774
4783 3 11829
4783 3 14020
4784 3 11278
4784 3 14020
4784 3 26738
4785 3 14020
4785 3 25755
4785 3 26738
4785 3 30719
4786 3 11774
4786 3 11829
4786 3 14020
4787 3 11774
4787 3 11829
4787 3 14020
4788 3 14020
4788 3 26805
4788 3 26807
4788 3 27910
4789 3 14020
4789 3 16340
4789 3 27039
4790 3 11500
4790 3 14020
4790 3 14667
4791 3 14020
4791 3 14666
4791 3 26856
4792 0 14980
4792 3 14020
4792 3 26805
4792 3 26807
4792 3 27910
4792 9 26743
4792 9 27038
4792 13 14980
4792 14 11061
4793 3 11500
4793 3 14020
4793 3 14667
4794 3 11774
4794 3 14020
4794 3 25395
4794 3 25396
4795 3 14020
4795 3 19923
4795 3 19924
4796 3 11500
4796 3 14020
4796 3 14667
4797 3 14020
4797 3 26805
4797 3 26807
4797 3 27910
4798 3 11774
4798 3 14020
4798 3 18442
4798 3 26829
4799 3 14020
4799 3 26805
4799 3 26807
4799 3 27910
4800 3 13520
4800 3 14020
4800 3 30720
4801 3 14020
4801 3 17537
4801 3 26856
4802 0 27159
4802 3 14020
4802 3 25755
4802 3 26738
4802 3 30719
4802 4 27159
4802 9 18759
4802 9 31444
4802 14 11053
4803 3 13169
4803 3 14020
4803 3 14271
4803 3 27189
4804 3 11500
4804 3 14020
4804 3 14667
4805 3 11500
4805 3 14020
4805 3 14667
4806 3 14020
4806 3 16340
4806 3 27039
4807 3 14020
4807 3 15158
4807 3 15976
4808 3 11774
4808 3 14020
4808 3 18161
4808 3 18162
4809 3 14020
4809 3 16998
4809 3 28598
4809 3 29780
4809 3 31681
4810 3 11774
4810 3 14020
4810 3 25395
4810 3 25396
4811 3 14020
4811 3 26805
4811 3 26807
4811 3 27910
4812 3 13169
4812 3 14020
4812 3 14861
4813 3 11774
4813 3 11829
4813 3 14020
4814 3 11500
4814 3 14020
4814 3 14667
4815 3 11277
4815 3 14020
4815 3 26738
4816 3 14020
4816 3 14908
4816 3 30417
4817 3 14020
4817 3 26805
4817 3 26806
4817 3 27910
4818 3 14020
4818 3 16994
4818 3 26738
4819 3 14020
4819 3 25755
4819 3 26738
4819 3 30719
4820 3 14020
4820 3 17612
4820 3 27039
4821 3 11500
4821 3 14020
4821 3 14667
4822 3 11837
4822 3 14020
4822 3 14908
4823 3 11773
4823 3 14020
4823 3 24348
4824 3 14020
4824 3 26805
4824 3 26807
4824 3 27910
4825 3 11500
4825 3 14020
4825 3 14667
4826 3 14020
4826 3 26805
4826 3 26807
4826 3 27910
4827 3 11774
4827 3 14020
4827 3 25395
4827 3 25396
4828 3 14020
4828 3 23400
4828 3 25828
4828 3 31229
4829 3 14020
4829 3 25755
4829 3 26738
4829 3 30719
4830 3 14020
4830 3 16152
4830 3 25755
4830 3 26738
4831 3 11774
4831 3 14020
4831 3 25395
4831 3 25396
4832 3 14020
4832 3 14665
4832 3 14908
4832 3 25245
4833 3 14020
4833 3 15691
4833 3 24348
4834 3 14020
4834 3 26805
4834 3 26806
4834 3 27910
4835 3 14020
4835 3 26805
4835 3 26806
4835 3 27910
4836 0 13358
4836 3 14020
4836 3 26805
4836 3 26807
4836 3 27910
4836 9 14913
4836 14 11057
4837 2 14936
4837 2 15467
4837 3 14020
4837 3 24348
4837 3 26740
4837 9 12359
4837 9 18440
4838 3 14020
4838 3 16152
4838 3 25755
4838 3 26738
4839 3 14020
4839 3 26738
4839 3 29188
4840 3 11774
4840 3 14020
4840 3 18441
4840 3 18442
4841 3 14020
4841 3 14863
4841 3 26856
4842 3 11500
4842 3 14020
4842 3 14667
4843 3 14020
4843 3 26805
4843 3 26807
4843 3 27910
4844 3 14020
4844 3 14063
4844 3 14670
4845 3 14020
4845 3 15691
4845 3 24348
4846 3 14020
4846 3 26738
4846 3 29126
4847 3 11278
4847 3 14020
4847 3 26738
4848 3 12785
4848 3 14020
4848 3 19923
4849 3 11774
4849 3 14020
4849 3 29126
4850 3 14020
4850 3 26805
4850 3 26807
4850 3 27910
4851 3 14020
4851 3 25755
4851 3 26738
4851 3 30719
4852 3 14020
4852 3 19923
4852 3 19924
4853 3 14020
4853 3 25699
4853 3 31681
4854 0 15896
4854 3 14020
4854 3 25755
4854 3 26738
4854 9 26743
4854 9 27262
4854 13 24548
4854 14 11057
4855 3 14020
4855 3 15158
4855 3 30780
4856 3 11774
4856 3 13495
4856 3 13507
4856 3 14020
4857 3 13493
4857 3 13498
4857 3 14020
4857 3 16998
4857 3 31681
4858 3 14020
4858 3 25756
4858 3 27910
4858 3 27918
4859 3 14020
4859 3 14667
4859 3 26816
4860 3 11773
4860 3 14020
4860 3 24348
4861 3 14020
4861 3 26856
4861 3 29263
4862 3 14020
4862 3 26856
4862 3 29263
4863 3 14020
4863 3 17537
4863 3 26856
4864 3 12646
4864 3 14020
4864 3 14665
4864 3 14908
4865 3 14020
4865 3 14665
4865 3 14908
4865 3 25245
4866 3 11773
4866 3 14020
4866 3 24348
4867 3 11773
4867 3 14020
4867 3 24348
4868 3 11773
4868 3 14020
4868 3 24348
4869 3 14020
4869 3 19923
4869 3 29168
4870 3 14020
4870 3 15158
4870 3 15976
4871 3 11277
4871 3 14020
4871 3 26738
4872 3 11774
4872 3 11830
4872 3 14020
4872 3 18442
4873 3 11774
4873 3 11830
4873 3 14020
4873 3 18442
4874 3 14020
4874 3 16344
4874 3 26738
4875 3 11774
4875 3 11829
4875 3 14020
4876 3 14020
4876 3 14480
4876 3 18791
4877 3 14020
4877 3 14908
4877 3 30417
4878 3 14020
4878 3 26805
4878 3 26806
4878 3 27910
4879 3 14020
4879 3 24348
4879 3 26740
4880 3 11277
4880 3 14020
4880 3 26738
4881 3 14020
4881 3 16152
4881 3 25755
4881 3 26738
4882 3 13169
4882 3 14020
4882 3 14271
4882 3 27189
4883 3 11837
4883 3 14020
4883 3 14908
4884 3 14020
4884 3 26805
4884 3 26807
4884 3 27910
4885 3 14020
4885 3 16340
4885 3 27039
4886 3 14020
4886 3 25699
4886 3 31681
4887 3 14020
4887 3 14480
4887 3 18791
4888 3 14020
4888 3 17612
4888 3 27039
4889 3 13520
4889 3 14020
4889 3 30720
4890 3 11774
4890 3 11829
4890 3 14020
4891 3 11278
4891 3 14020
4891 3 26738
4892 3 11773
4892 3 14020
4892 3 24348
4893 3 11277
4893 3 14020
4893 3 26738
4894 3 14020
4894 3 25755
4894 3 26738
4895 3 11278
4895 3 14020
4895 3 26738
4896 3 14020
4896 3 16344
4896 3 26738
4897 3 11774
4897 3 14020
4897 3 19062
4897 3 19063
4898 3 14020
4898 3 14867
4898 3 16998
4898 3 19185
4898 3 31681
4898 5 19185
4899 3 12785
4899 3 14020
4899 3 19923
4900 3 11774
4900 3 14020
4900 3 18442
4900 3 26812
4901 3 11774
4901 3 14020
4901 3 18441
4901 3 18442
4902 3 14020
4902 3 26856
4902 3 29263
4903 3 11278
4903 3 14020
4903 3 26738
4904 3 14020
4904 3 17054
4904 3 27039
4905 3 14020
4905 3 14908
4905 3 30417
4906 3 14020
4906 3 18282
4906 3 27910
4906 3 27912
4907 3 14020
4907 3 16994
4907 3 26738
4907 3 29782
4908 3 14020
4908 3 24348
4908 3 30272
4909 3 11774
4909 3 14020
4909 3 25395
4909 3 25396
4910 3 11294
4910 3 14020
4910 3 25565
4910 3 31681
4911 3 14020
4911 3 22463
4911 3 22464
4912 3 14020
4912 3 14908
4912 3 30417
4913 3 14020
4913 3 19923
4913 3 19924
4914 3 14020
4914 3 25755
4914 3 26738
4914 3 30719
4915 3 11500
4915 3 14020
4915 3 14667
4916 3 14020
4916 3 15161
4916 3 26738
4917 3 14020
4917 3 25755
4917 3 26738
4918 3 11500
4918 3 14020
4918 3 14667
4919 3 14020
4919 3 14670
4919 3 17243
4919 3 25633
4919 3 29001
4920 3 14020
4920 3 15158
4920 3 30780
4921 3 14020
4921 3 16994
4921 3 26738
4921 3 29782
4922 3 14020
4922 3 14867
4922 3 16998
4922 3 17266
4922 3 31681
4923 3 14020
4923 3 16340
4923 3 27039
4924 3 14020
4924 3 26856
4924 3 29263
4925 3 11774
4925 3 11829
4925 3 14020
4926 3 11500
4926 3 14020
4926 3 14667
4927 3 14020
4927 3 25085
4927 3 29269
4928 3 14020
4928 3 14480
4928 3 18791
4929 3 11500
4929 3 14020
4929 3 14667
4930 0 28711
4930 3 14020
4930 3 15158
4930 3 15976
4930 9 17537
4930 9 18763
4930 13 26544
4930 14 11061
4931 3 14020
4931 3 25755
4931 3 26738
4932 3 14020
4932 3 14085
4932 3 14670
4932 3 17243
4932 3 29001
4933 3 11774
4933 3 14020
4933 3 25395
4933 3 25396
4934 3 14020
4934 3 26805
4934 3 26807
4934 3 27910
4935 3 11278
4935 3 14020
4935 3 26738
4936 3 14020
4936 3 25085
4936 3 29269
4937 3 11500
4937 3 14020
4937 3 14667
4938 3 11500
4938 3 14020
4938 3 14667
4939 3 14020
4939 3 25755
4939 3 26738
4940 3 14020
4940 3 26805
4940 3 26806
4940 3 27910
4941 3 14020
4941 3 27910
4941 3 27912
4942 3 14020
4942 3 26805
4942 3 26806
4942 3 27910
4943 3 13493
4943 3 13498
4943 3 14020
4943 3 16998
4943 3 31681
4944 3 14020
4944 3 26738
4944 3 29126
4945 3 11774
4945 3 14020
4945 3 18161
4945 3 18162
4946 3 11774
4946 3 14020
4946 3 25395
4946 3 25396
4947 3 14020
4947 3 16340
4947 3 27039
4948 3 13493
4948 3 13498
4948 3 14020
4948 3 16998
4948 3 31681
4949 3 14020
4949 3 15158
4949 3 15976
4950 3 14020
4950 3 17537
4950 3 26856
4951 0 30138
4951 3 14020
4951 3 25755
4951 3 26738
4951 14 11057
4952 3 14020
4952 3 15158
4952 3 15976
4953 3 14020
4953 3 15158
4953 3 15976
4954 3 13520
4954 3 14020
4954 3 30720
4955 3 11277
4955 3 14020
4955 3 26738
4956 3 14020
4956 3 15158
4956 3 16556
4957 3 11774
4957 3 13500
4957 3 14020
4957 3 18442
4958 3 11774
4958 3 14020
4958 3 19062
4958 3 19063
4959 3 11774
4959 3 13495
4959 3 13507
4959 3 14020
4960 3 14020
4960 3 25755
4960 3 26738
4960 3 30719
4961 3 13493
4961 3 13498
4961 3 14020
4961 3 16998
4961 3 31681
4962 3 14020
4962 3 15158
4962 3 18832
4963 3 11774
4963 3 14020
4963 3 18161
4963 3 18162
4964 3 11500
4964 3 14020
4964 3 14667
4965 3 14020
4965 3 25377
4965 3 26856
4966 3 13493
4966 3 13498
4966 3 14020
4966 3 16998
4966 3 31681
4967 3 14020
4967 3 26805
4967 3 26806
4967 3 27910
4968 3 11278
4968 3 14020
4968 3 26738
4969 3 14020
4969 3 16998
4969 3 28598
4969 3 29780
4969 3 31681
4970 3 13493
4970 3 13498
4970 3 14020
4970 3 16998
4970 3 31681
4971 3 11773
4971 3 14020
4971 3 24348
4972 3 14020
4972 3 14908
4972 3 30417
4973 3 14020
4973 3 25755
4973 3 26738
4973 3 30719
4974 3 14020
4974 3 14667
4974 3 26816
4975 3 13167
4975 3 14020
4975 3 14908
4976 3 11278
4976 3 14020
4976 3 26738
4977 3 14020
4977 3 14908
4977 3 30417
4978 3 11773
4978 3 14020
4978 3 24348
4979 3 14020
4979 3 14667
4979 3 26816
4980 3 14020
4980 3 14863
4980 3 26856
4981 3 14020
4981 3 24348
4982 3 14020
4982 3 15158
4982 3 15976
4983 3 14020
4983 3 16994
4983 3 26738
4984 3 14020
4984 3 26738
4984 3 30034
4985 3 13169
4985 3 14020
4985 3 14861
4986 3 14020
4986 3 16998
4986 3 28598
4986 3 29780
4986 3 31681
4987 3 14020
4987 3 25755
4987 3 26738
4988 3 11774
4988 3 14020
4988 3 18441
4988 3 18442
4989 3 14020
4989 3 14670
4989 3 16560
4989 3 17243
4989 3 27235
4990 3 12711
4990 3 14020
4990 3 25755
4990 3 26738
4991 3 14020
4991 3 26805
4991 3 26807
4991 3 27910
4992 3 13493
4992 3 13498
4992 3 14020
4992 3 16998
4992 3 31681
4993 3 14020
4993 3 25755
4993 3 26738
4993 3 30719
4994 3 14020
4994 3 25755
4994 3 26738
4994 3 30719
4995 3 13520
4995 3 14020
4995 3 25128
4996 3 14020
4996 3 14421
4996 3 26739
4997 3 12785
4997 3 14020
4997 3 19923
4998 3 14020
4998 3 27910
4998 3 27912
4999 3 11773
4999 3 14020
4999 3 24348
5000 3 14020
5000 3 26805
5000 3 26806
5000 3 27910
5001 3 14020
5001 3 19923
5001 3 29168
5002 3 14020
5002 3 26805
5002 3 26807
5002 3 27910
5003 3 11500
5003 3 14020
5003 3 14667
5004 3 14020
5004 3 15158
5004 3 15976
5005 3 11774
5005 3 14020
5005 3 19062
5005 3 19063
5006 3 14020
5006 3 14908
5006 3 30417
5007 3 13167
5007 3 14020
5007 3 14908
5008 3 14020
5008 3 14908
5008 3 30417
5009 3 11500
5009 3 14020
5009 3 14667
5010 3 12338
5010 3 14020
5010 3 25699
5010 3 31681
5011 3 11774
5011 3 14020
5011 3 18442
5011 3 26812
5012 3 11772
5012 3 11774
5012 3 14020
5012 3 18162
5012 3 19071
5013 3 11278
5013 3 14020
5013 3 26738
5014 3 14020
5014 3 16340
5014 3 27039
5015 3 14020
5015 3 17537
5015 3 26856
5016 3 11774
5016 3 14020
5016 3 25395
5016 3 25396
5017 3 14020
5017 3 15691
5017 3 24348
5018 0 16651
5018 3 11774
5018 3 14020
5018 3 19062
5018 3 19063
5018 9 16266
5018 9 16546
5018 13 18948
5018 14 11061
5019 3 14020
5019 3 15158
5019 3 18832
5020 3 14020
5020 3 15161
5020 3 26738
5021 3 13277
5021 3 13346
5021 3 14020
5021 3 29270
5021 3 31681
5022 3 13277
5022 3 13346
5022 3 14020
5022 3 29270
5022 3 31681
5023 3 14020
5023 3 14670
5023 3 17243
5023 3 29208
5024 3 11500
5024 3 14020
5024 3 14667
5025 3 11500
5025 3 14020
5025 3 14667
5026 3 11278
5026 3 14020
5026 3 26738
5027 3 14020
5027 3 26738
5027 3 30034
5028 3 14020
5028 3 26629
5028 3 26856
5028 3 29263
5029 3 13169
5029 3 14020
5029 3 27189
5029 3 30118
5030 3 11278
5030 3 14020
5030 3 26738
5031 3 11774
5031 3 14020
5031 3 16764
5031 3 18442
5032 3 14020
5032 3 24348
5032 3 26740
5033 3 14020
5033 3 24348
5033 3 26740
5034 3 13277
5034 3 13346
5034 3 14020
5034 3 29270
5034 3 31681
5035 3 14020
5035 3 14908
5035 3 30417
5036 3 14020
5036 3 26738
5036 3 30034
5037 3 14020
5037 3 26805
5037 3 26806
5037 3 27910
5038 3 11773
5038 3 14020
5038 3 24348
5039 3 14020
5039 3 14860
5039 3 19923
5039 3 29783
5040 3 14020
5040 3 26856
5040 3 29263
5041 3 14020
5041 3 15158
5041 3 18832
5042 3 11774
5042 3 14020
5042 3 19062
5042 3 19063
5043 3 14020
5043 3 25755
5043 3 26738
5043 3 30719
5044 3 11774
5044 3 14020
5044 3 25395
5044 3 25396
5045 3 14020
5045 3 25755
5045 3 26738
5046 3 14020
5046 3 19923
5046 3 19924
5047 3 12358
5047 3 14020
5047 3 14667
5048 3 14020
5048 3 16998
5048 3 25701
5048 3 28598
5048 3 31681
5049 3 14020
5049 3 15161
5049 3 26738
5050 3 14020
5050 3 14862
5050 3 17230
5051 3 11500
5051 3 14020
5051 3 14667
5052 3 11500
5052 3 14020
5052 3 14667
5053 3 13169
5053 3 14020
5053 3 14861
5054 3 13632
5054 3 14020
5054 3 25755
5054 3 26738
5055 3 11773
5055 3 14020
5055 3 24348
5056 3 11774
5056 3 14020
5056 3 25395
5056 3 25396
5057 3 14020
5057 3 25085
5057 3 29269
5058 3 11774
5058 3 14020
5058 3 18442
5058 3 26829
5059 3 11277
5059 3 14020
5059 3 26738
5060 3 14020
5060 3 26805
5060 3 26807
5060 3 27910
5061 3 11774
5061 3 14020
5061 3 18442
5061 3 26829
5062 3 11278
5062 3 14020
5062 3 26738
5063 3 14020
5063 3 14421
5063 3 26739
5064 3 11774
5064 3 14020
5065 3 11774
5065 3 14020
5065 3 19062
5065 3 19063
5066 3 13493
5066 3 13498
5066 3 14020
5066 3 16998
5066 3 31681
5067 3 11774
5067 3 14020
5067 3 18442
5067 3 26829
5068 3 11500
5068 3 14020
5068 3 14667
5069 3 11774
5069 3 14020
5069 3 18161
5069 3 18162
5070 3 12600
5070 3 14020
5070 3 19923
5071 3 12646
5071 3 14020
5071 3 14665
5071 3 14908
5072 3 11277
5072 3 14020
5072 3 26738
5073 3 14020
5073 3 19923
5073 3 29168
5074 3 14020
5074 3 24348
5074 3 26740
5075 3 14020
5075 3 14670
5075 3 29819
5076 3 14020
5076 3 16994
5076 3 26738
5077 3 13632
5077 3 14020
5077 3 25755
5077 3 26738
5078 3 14020
5078 3 14421
5078 3 26739
5079 3 14020
5079 3 25081
5079 3 26856
5080 3 11773
5080 3 14020
5080 3 24348
5081 3 14020
5081 3 14908
5081 3 30417
5082 3 11278
5082 3 14020
5082 3 26738
5083 3 14020
5083 3 16998
5083 3 17172
5083 3 28598
5083 3 31681
5084 3 13493
5084 3 13498
5084 3 14020
5084 3 16998
5084 3 31681
5085 3 11277
5085 3 14020
5085 3 26738
5086 3 11774
5086 3 14020
5086 3 19062
5086 3 19063
5087 3 14020
5087 3 25700
5087 3 26856
5087 3 29263
5088 3 14020
5088 3 25700
5088 3 26856
5088 3 29263
5089 3 14020
5089 3 15158
5089 3 16260
5090 3 11774
5090 3 11829
5090 3 14020
5091 3 14020
5091 3 16998
5091 3 25701
5091 3 28598
5091 3 31681
5092 3 14020
5092 3 26805
5092 3 26806
5092 3 27910
5093 3 13520
5093 3 14020
5093 3 25128
5094 3 14020
5094 3 26805
5094 3 26806
5094 3 27910
5095 3 14020
5095 3 17537
5095 3 26856
5096 3 14020
5096 3 19923
5096 3 29264
5097 3 14020
5097 3 14667
5097 3 29273
5098 3 11774
5098 3 14020
5098 3 29126
5099 3 11774
5099 3 13495
5099 3 13507
5099 3 14020
5100 3 11774
5100 3 11829
5100 3 14020
5101 3 14020
5101 3 15691
5101 3 24348
5102 3 11774
5102 3 11830
5102 3 14020
5102 3 18442
5103 3 14020
5103 3 15158
5103 3 16556
5104 3 14020
5104 3 25756
5104 3 27910
5104 3 27918
5105 3 11500
5105 3 14020
5105 3 14667
5106 3 14020
5106 3 26856
5106 3 29263
5107 3 14020
5107 3 26805
5107 3 26807
5107 3 27910
5108 3 11774
5108 3 14020
5108 3 25395
5108 3 25396
5109 3 14020
5109 3 17537
5109 3 26856
5110 3 14020
5110 3 14665
5110 3 14908
5110 3 25245
5111 3 14020
5111 3 25755
5111 3 26738
5111 3 30719
5112 3 11774
5112 3 11829
5112 3 14020
5113 3 13493
5113 3 13498
5113 3 14020
5113 3 16998
5113 3 31681
5114 3 14020
5114 3 26805
5114 3 26806
5114 3 27910
5115 3 11773
5115 3 14020
5115 3 24348
5116 0 14203
5116 3 11774
5116 3 13495
5116 3 13507
5116 3 14020
5116 3 26805
5116 3 26807
5116 3 27910
5116 9 11779
5116 14 11061
5117 3 13169
5117 3 14020
5117 3 14861
5118 3 14020
5118 3 15158
5118 3 15976
5119 3 14020
5119 3 14480
5119 3 18791
5120 3 13493
5120 3 13498
5120 3 14020
5120 3 16998
5120 3 31681
5121 3 11774
5121 3 14020
5121 3 25395
5121 3 25396
5122 3 14020
5122 3 15691
5122 3 24348
5123 3 13494
5123 3 13496
5123 3 14020
5123 3 17230
5124 3 11500
5124 3 14020
5124 3 14667
5125 3 11500
5125 3 14020
5125 3 14667
5126 3 13632
5126 3 14020
5126 3 25755
5126 3 26738
5127 3 13632
5127 3 14020
5127 3 25755
5127 3 26738
5128 3 13632
5128 3 14020
5128 3 25755
5128 3 26738
5129 3 13632
5129 3 14020
5129 3 25755
5129 3 26738
5130 3 12600
5130 3 14020
5130 3 19923
5131 3 14020
5131 3 27910
5131 3 28080
5132 3 11277
5132 3 14020
5132 3 26738
5133 3 14020
5133 3 26856
5133 3 29263
5134 3 13169
5134 3 14020
5134 3 14861
5135 3 14020
5135 3 26805
5135 3 26807
5135 3 27910
5136 3 14020
5136 3 19923
5136 3 29168
5137 3 14020
5137 3 26805
5137 3 26807
5137 3 27910
5138 3 14020
5138 3 14667
5138 3 26816
5139 3 11774
5139 3 14020
5139 3 25395
5139 3 25396
5140 3 14020
5140 3 18043
5140 3 25755
5140 3 26738
5141 3 14020
5141 3 14421
5141 3 14909
5142 3 11773
5142 3 14020
5142 3 24348
5143 3 14020
5143 3 16551
5143 3 26805
5143 3 27910
5144 3 14020
5144 3 14421
5144 3 26739
5145 3 14020
5145 3 25640
5145 3 25828
5145 3 31229
5146 3 11773
5146 3 14020
5146 3 24348
5147 3 13493
5147 3 13498
5147 3 14020
5147 3 16998
5147 3 31681
5148 3 14020
5148 3 22463
5148 3 22464
5149 3 11500
5149 3 14020
5149 3 14667
5150 3 14020
5150 3 15691
5150 3 24348
5151 3 14020
5151 3 25755
5151 3 26738
5151 3 30719
5152 3 14020
5152 3 19923
5152 3 25394
5153 3 14020
5153 3 25755
5153 3 26738
5154 3 11774
5154 3 14020
5154 3 18161
5154 3 18162
5155 3 11774
5155 3 14020
5155 3 18441
5155 3 18442
5156 3 11774
5156 3 14020
5156 3 18442
5156 3 26830
5157 3 14020
5157 3 14667
5157 3 26816
5158 3 14020
5158 3 15158
5158 3 16556
5159 3 11774
5159 3 11829
5159 3 14020
5160 3 11837
5160 3 14020
5160 3 14908
5161 3 14020
5161 3 15158
5161 3 16556
5162 3 14020
5162 3 26738
5162 3 29126
5163 3 14020
5163 3 25755
5163 3 26738
5164 3 11773
5164 3 14020
5164 3 24348
5165 3 11278
5165 3 14020
5165 3 26738
5166 3 14020
5166 3 14816
5166 3 28994
5167 3 11774
5167 3 14020
5167 3 16764
5167 3 18442
5168 3 11774
5168 3 14020
5168 3 19062
5168 3 19063
5169 3 11774
5169 3 11829
5169 3 14020
5170 3 11772
5170 3 11774
5170 3 14020
5170 3 18162
5170 3 19071
5171 3 14020
5171 3 16340
5171 3 27039
5172 3 14020
5172 3 16340
5172 3 27039
5173 3 14020
5173 3 24348
5174 3 11500
5174 3 14020
5174 3 14667
5175 3 11774
5175 3 14020
5175 3 18442
5175 3 26829
5176 3 14020
5176 3 14867
5176 3 16998
5176 3 31681
5177 3 13169
5177 3 14020
5177 3 14861
5178 3 14020
5178 3 25700
5178 3 26856
5178 3 29263
5179 3 14020
5179 3 17612
5179 3 27039
5180 3 11774
5180 3 14020
5180 3 18441
5180 3 18442
5181 3 14020
5181 3 15161
5181 3 26738
5182 3 14020
5182 3 16551
5182 3 26805
5182 3 27910
5183 3 14020
5183 3 17054
5183 3 27039
5184 3 14020
5184 3 25640
5184 3 25828
5184 3 31229
5185 3 11500
5185 3 14020
5185 3 14667
5186 3 11773
5186 3 14020
5186 3 24348
5187 3 14020
5187 3 16344
5187 3 26738
5188 3 11774
5188 3 11829
5188 3 14020
5189 3 11500
5189 3 14020
5189 3 14667
5190 3 13493
5190 3 13498
5190 3 14020
5190 3 16998
5190 3 31681
5191 3 11278
5191 3 14020
5191 3 26738
5192 3 11774
5192 3 11830
5192 3 14020
5192 3 18442
5193 3 11774
5193 3 11830
5193 3 14020
5193 3 18442
5194 3 11774
5194 3 14020
5194 3 18441
5194 3 18442
5195 3 14020
5195 3 26805
5195 3 26807
5195 3 27910
5196 3 14020
5196 3 15691
5196 3 24348
5197 3 14020
5197 3 24348
5197 3 26740
5198 3 11500
5198 3 14020
5198 3 14667
5199 3 14020
5199 3 26805
5199 3 26806
5199 3 27910
5200 3 13493
5200 3 13498
5200 3 14020
5200 3 16998
5200 3 31681
5201 3 14020
5201 3 15158
5201 3 15976
5202 3 14020
5202 3 16152
5202 3 25755
5202 3 26738
5203 3 11774
5203 3 14020
5203 3 16764
5203 3 18442
5204 3 14020
5204 3 16998
5204 3 28598
5204 3 29780
5204 3 31681
5205 3 11500
5205 3 14020
5205 3 14667
5206 3 14020
5206 3 17537
5206 3 26856
5207 3 14020
5207 3 17537
5207 3 26856
5208 3 14020
5208 3 14670
5209 3 14020
5209 3 26805
5209 3 26807
5209 3 27910
5210 3 11774
5210 3 11829
5210 3 14020
5210 9 15165
5210 9 16553
5210 9 16558
5210 9 18763
5210 9 25037
5210 9 26743
5210 9 27175
5211 3 11500
5211 3 14020
5211 3 14667
5212 3 11500
5212 3 14020
5212 3 14667
5213 3 14020
5213 3 14908
5213 3 30417
5214 3 11500
5214 3 14020
5214 3 14667
5215 3 11774
5215 3 14020
5215 3 25395
5215 3 25396
5216 3 14020
5216 3 15158
5216 3 19004
5217 3 14020
5217 3 26805
5217 3 26807
5217 3 27910
5218 3 13167
5218 3 14020
5218 3 14908
5219 3 11500
5219 3 14020
5219 3 14667
5220 3 11773
5220 3 14020
5220 3 24348
5221 3 11500
5221 3 14020
5221 3 14667
5222 3 14020
5222 3 15158
5222 3 15976
5223 3 14020
5223 3 15158
5223 3 15976
5224 3 14020
5224 3 26805
5224 3 26806
5224 3 27910
5225 3 14020
5225 3 17537
5225 3 26856
5226 3 11774
5226 3 14020
5226 3 18442
5226 3 26829
5227 3 13493
5227 3 13498
5227 3 14020
5227 3 16998
5227 3 31681
5228 3 11500
5228 3 14020
5228 3 14667
5229 3 14020
5229 3 14670
5229 3 17243
5229 3 31014
5230 3 11278
5230 3 14020
5230 3 26738
5231 3 14020
5231 3 14908
5231 3 30417
5232 2 11868
5232 2 16727
5232 3 11277
5232 3 14020
5232 3 17230
5232 3 26738
5232 3 30717
5232 9 17232
5232 9 17233
5233 3 14020
5233 3 14862
5233 3 17230
5234 3 14020
5234 3 15158
5234 3 30780
5235 3 11500
5235 3 14020
5235 3 14667
5236 3 11774
5236 3 11829
5236 3 14020
5237 3 14020
5237 3 24348
5237 3 26740
5238 3 14020
5238 3 14908
5238 3 30417
5239 3 11500
5239 3 14020
5239 3 14667
5240 3 11772
5240 3 11774
5240 3 14020
5240 3 18162
5240 3 19071
5241 3 14020
5241 3 25755
5241 3 26738
5241 3 30719
5242 3 14020
5242 3 26805
5242 3 26806
5242 3 27910
5243 3 14020
5243 3 25755
5243 3 26738
5243 3 30719
5244 3 14020
5244 3 14421
5244 3 26739
5245 3 14020
5245 3 25086
5245 3 29269
5246 3 14020
5246 3 17537
5246 3 26856
5247 3 11277
5247 3 14020
5247 3 26738
5248 3 14020
5248 3 25699
5248 3 31681
5249 3 14020
5249 3 14908
5249 3 30417
5250 3 14020
5250 3 25700
5250 3 26856
5250 3 29263
5251 3 11278
5251 3 14020
5251 3 26738
5252 3 11278
5252 3 14020
5252 3 26738
5253 3 14020
5253 3 25755
5253 3 26738
5253 3 30719
5254 3 14020
5254 3 16994
5254 3 26738
5255 3 11500
5255 3 14020
5255 3 14667
5256 3 11278
5256 3 14020
5256 3 26738
5257 3 13493
5257 3 13498
5257 3 14020
5257 3 16998
5257 3 31681
5258 3 14020
5258 3 18437
5258 3 27910
5259 3 14020
5259 3 15691
5259 3 24348
5260 3 11815
5260 3 14020
5260 3 15158
5261 3 14020
5261 3 14670
5261 3 29819
5262 3 14020
5262 3 14664
5262 3 19923
5262 3 29783
5263 3 14020
5263 3 16340
5263 3 27039
5264 3 11500
5264 3 14020
5264 3 14667
5265 3 11773
5265 3 14020
5265 3 24348
5266 3 14020
5266 3 14862
5266 3 17230
5267 3 14020
5267 3 14664
5267 3 19923
5267 3 29783
5268 3 14020
5268 3 25755
5268 3 26738
5268 3 30719
5269 3 14020
5269 3 15158
5269 3 18832
5270 3 11774
5270 3 11829
5270 3 14020
5271 3 14020
5271 3 14908
5271 3 30417
5272 3 14020
5272 3 25755
5272 3 26738
5273 3 14020
5273 3 25755
5273 3 26738
5273 3 30719
5274 3 14020
5274 3 14664
5274 3 19923
5274 3 29783
5275 3 14020
5275 3 25755
5275 3 26738
5275 3 30719
5276 3 14020
5276 3 26805
5276 3 26806
5276 3 27910
5277 3 11773
5277 3 14020
5277 3 24348
5278 3 11500
5278 3 14020
5278 3 14667
5279 3 14020
5279 3 18437
5279 3 27910
5280 3 14020
5280 3 15158
5280 3 16556
5281 3 11277
5281 3 14020
5281 3 26738
5282 3 11278
5282 3 14020
5282 3 26738
5283 3 14020
5283 3 26738
5283 3 31230
5284 3 11278
5284 3 14020
5284 3 26738
5285 3 13169
5285 3 14020
5285 3 14861
5286 3 13169
5286 3 14020
5286 3 27189
5286 3 30118
5286 9 14439
5287 3 14020
5287 3 26805
5287 3 26807
5287 3 27910
5288 3 13493
5288 3 13498
5288 3 14020
5288 3 16998
5288 3 31681
5289 3 13169
5289 3 14020
5289 3 14861
5290 3 13169
5290 3 14020
5290 3 14271
5290 3 27189
5291 3 14020
5291 3 14666
5291 3 26856
5292 3 11500
5292 3 14020
5292 3 14667
5293 3 11278
5293 3 14020
5293 3 26738
5294 3 14020
5294 3 26741
5294 3 27039
5295 3 14020
5295 3 26738
5295 3 31230
5296 3 13493
5296 3 13498
5296 3 14020
5296 3 16998
5296 3 31681
5297 3 11773
5297 3 14020
5297 3 24348
5298 3 14020
5298 3 26805
5298 3 26807
5298 3 27910
5299 3 14020
5299 3 25756
5299 3 27910
5299 3 27918
5300 3 14020
5300 3 26805
5300 3 26807
5300 3 27910
5301 3 14020
5301 3 26738
5301 3 31230
5302 3 13169
5302 3 14020
5302 3 27189
5302 3 30118
5303 3 14020
5303 3 14908
5303 3 30417
5304 3 14020
5304 3 18282
5304 3 27910
5304 3 27912
5305 3 14020
5305 3 15691
5305 3 24348
5306 3 11278
5306 3 14020
5306 3 26738
5307 3 14020
5307 3 26805
5307 3 26807
5307 3 27910
5308 3 13499
5308 3 14020
5308 3 24348
5309 3 14020
5309 3 16998
5309 3 25701
5309 3 28598
5309 3 31681
5310 3 14020
5310 3 26738
5310 3 31230
5311 3 11774
5311 3 14020
5311 3 18442
5311 3 26812
5312 3 11277
5312 3 14020
5312 3 26738
5313 3 14020
5313 3 15691
5313 3 24348
5314 3 14020
5314 3 14908
5314 3 30417
5315 3 14020
5315 3 14664
5315 3 19923
5315 3 29783
5316 3 11774
5316 3 14020
5316 3 19062
5316 3 19063
5317 3 13169
5317 3 14020
5317 3 31227
5318 3 14020
5318 3 26856
5318 3 29263
5319 3 14020
5319 3 14867
5319 3 16998
5319 3 17266
5319 3 31681
5320 3 14020
5320 3 22463
5320 3 22464
5321 3 13632
5321 3 14020
5321 3 25755
5321 3 26738
5322 3 14020
5322 3 26805
5322 3 26807
5322 3 27910
5323 3 11774
5323 3 14020
5323 3 18441
5323 3 18442
5324 3 14020
5324 3 25755
5324 3 26738
5324 3 30719
5325 3 14020
5325 3 15158
5325 3 15976
5326 3 14020
5326 3 26856
5326 3 29263
5327 3 11278
5327 3 14020
5327 3 26738
5328 3 13169
5328 3 14020
5328 3 14861
5329 3 11277
5329 3 14020
5329 3 26738
5330 3 11773
5330 3 14020
5330 3 24348
5331 3 14020
5331 3 15691
5331 3 24348
5332 3 14020
5332 3 22463
5332 3 22464
5333 3 14020
5333 3 14665
5333 3 14908
5333 3 25245
5334 3 14020
5334 3 14908
5334 3 30417
5335 3 14020
5335 3 15161
5335 3 26738
5336 3 14020
5336 3 16551
5336 3 26805
5336 3 27910
5337 3 13164
5337 3 14020
5337 3 26856
5337 3 29263
5338 3 12711
5338 3 14020
5338 3 25755
5338 3 26738
5339 3 14020
5339 3 16994
5339 3 17509
5339 3 26738
5340 3 14020
5340 3 14867
5340 3 16998
5340 3 17266
5340 3 31681
5341 3 13169
5341 3 14020
5341 3 30716
5342 3 14020
5342 3 14863
5342 3 26856
5343 3 14020
5343 3 18282
5343 3 27910
5343 3 27912
5344 3 14020
5344 3 14862
5344 3 17230
5345 3 14020
5345 3 15691
5345 3 24348
5346 3 14020
5346 3 14908
5346 3 30417
5347 3 14020
5347 3 24241
5347 3 25390
5348 3 11277
5348 3 14020
5348 3 26738
5349 3 11500
5349 3 14020
5349 3 14667
5350 3 14020
5350 3 15158
5350 3 15976
5351 3 13493
5351 3 13498
5351 3 14020
5351 3 16998
5351 3 31681
5352 3 14020
5352 3 16998
5352 3 25701
5352 3 28598
5352 3 31681
5353 3 14020
5353 3 25756
5353 3 27910
5353 3 29711
5354 3 12711
5354 3 14020
5354 3 25755
5354 3 26738
5355 3 11774
5355 3 14020
5355 3 18161
5355 3 18162
5356 3 11278
5356 3 14020
5356 3 26738
5357 3 11774
5357 3 11829
5357 3 14020
5358 3 13277
5358 3 13346
5358 3 14020
5358 3 29270
5358 3 31681
5359 3 13809
5359 3 14020
5359 3 19496
5359 3 31681
5360 3 14020
5360 3 25755
5360 3 26738
5360 3 30719
5361 3 13494
5361 3 13496
5361 3 14020
5361 3 17230
5362 3 14020
5362 3 24241
5362 3 25390
5363 3 14020
5363 3 16344
5363 3 26738
5364 3 13169
5364 3 14020
5364 3 14861
5365 3 11774
5365 3 11829
5365 3 14020
5366 3 14020
5366 3 15158
5366 3 15976
5367 3 14020
5367 3 14667
5367 3 26816
5368 3 12711
5368 3 14020
5368 3 25755
5368 3 26738
5369 3 13493
5369 3 13498
5369 3 14020
5369 3 16998
5369 3 31681
5370 3 14020
5370 3 26805
5370 3 26807
5370 3 27910
5371 3 11500
5371 3 14020
5371 3 14667
5372 3 11774
5372 3 14020
5372 3 18161
5372 3 18162
5373 3 14020
5373 3 26738
5373 3 29126
5374 3 11774
5374 3 14020
5374 3 18442
5374 3 26831
5375 3 14020
5375 3 17537
5375 3 26856
5376 3 11774
5376 3 14020
5376 3 19062
5376 3 19063
5377 3 11774
5377 3 14020
5377 3 29126
5378 3 11774
5378 3 13500
5378 3 14020
5378 3 18442
5379 3 13493
5379 3 13498
5379 3 14020
5379 3 16998
5379 3 31681
5380 3 11278
5380 3 14020
5380 3 26738
5381 3 11774
5381 3 14020
5381 3 25395
5381 3 25396
5382 3 13493
5382 3 13498
5382 3 14020
5382 3 16998
5382 3 31681
5383 3 11774
5383 3 14020
5383 3 18161
5383 3 18162
5384 3 11500
5384 3 14020
5384 3 14667
5385 3 13520
5385 3 14020
5385 3 25128
5386 3 14020
5386 3 14908
5386 3 30417
5387 3 14020
5387 3 15158
5387 3 15976
5388 3 14020
5388 3 15158
5388 3 15976
5389 3 14020
5389 3 14667
5389 3 29273
5390 3 14020
5390 3 24348
5390 3 26740
5391 3 14020
5391 3 14908
5391 3 30417
5392 3 14020
5392 3 17230
5392 3 30717
5393 3 14020
5393 3 15161
5393 3 26738
5394 3 13164
5394 3 14020
5394 3 26856
5394 3 29263
5395 3 13169
5395 3 14020
5395 3 14271
5395 3 27189
5396 3 13169
5396 3 13497
5396 3 14020
5396 3 14271
5396 3 14667
5396 3 27189
5397 3 11278
5397 3 14020
5397 3 26738
5398 3 14020
5398 3 14908
5398 3 30417
5399 3 13169
5399 3 14020
5399 3 14271
5399 3 27189
5400 3 13169
5400 3 14020
5400 3 31227
5401 0 23370
5401 3 14020
5401 3 15158
5401 3 16556
5401 9 16556
5401 9 18093
5401 9 29820
5401 13 29306
5401 14 11060
5402 3 14020
5402 3 15691
5402 3 24348
5403 3 14020
5403 3 25755
5403 3 26738
5404 3 11815
5404 3 14020
5404 3 15158
5405 3 14020
5405 3 14908
5405 3 30417
5406 3 14020
5406 3 16340
5406 3 27039
5407 3 13520
5407 3 14020
5407 3 25128
5408 3 14020
5408 3 26738
5408 3 29188
5409 3 11774
5409 3 14020
5409 3 18442
5409 3 26829
5410 3 11774
5410 3 14020
5410 3 19062
5410 3 19782
5411 3 14020
5411 3 15161
5411 3 26738
5412 3 13169
5412 3 14020
5412 3 14271
5412 3 27189
5413 3 11774
5413 3 14020
5413 3 18442
5413 3 26812
5414 3 14020
5414 3 14908
5414 3 30417
5415 3 14020
5415 3 24348
5416 3 11774
5416 3 14020
5416 3 18161
5416 3 18162
5417 3 12785
5417 3 14020
5417 3 19923
5418 3 13499
5418 3 14020
5418 3 24348
5419 3 14020
5419 3 19923
5420 3 14020
5420 3 17612
5420 3 27039
5421 3 11774
5421 3 14020
5421 3 14064
5421 3 19062
5422 0 30183
5422 3 11774
5422 3 14020
5422 3 18161
5422 3 18162
5422 9 17537
5422 9 26761
5422 13 15789
5422 14 11057
5423 3 14020
5423 3 14863
5423 3 26856
5424 3 13493
5424 3 13498
5424 3 14020
5424 3 16998
5424 3 31681
5425 3 11500
5425 3 14020
5425 3 14667
5426 3 11500
5426 3 14020
5426 3 14667
5427 3 11278
5427 3 14020
5427 3 26738
5428 3 11772
5428 3 11774
5428 3 14020
5428 3 18162
5428 3 19071
5429 3 13520
5429 3 14020
5429 3 25128
5430 3 11774
5430 3 14020
5430 3 25395
5430 3 25396
5431 3 13809
5431 3 14020
5431 3 19496
5431 3 31681
5432 3 14020
5432 3 25081
5432 3 26856
5433 3 14020
5433 3 26805
5433 3 26807
5433 3 27910
5434 3 14020
5434 3 26856
5434 3 29263
5435 3 11773
5435 3 14020
5435 3 24348
5436 3 11815
5436 3 14020
5436 3 15158
5437 3 14020
5437 3 26856
5437 3 29263
5438 3 14020
5438 3 25755
5438 3 26738
5439 3 11774
5439 3 11830
5439 3 14020
5439 3 18442
5440 3 11774
5440 3 13495
5440 3 13507
5440 3 14020
5441 3 14020
5441 3 24348
5441 3 26740
5442 3 11774
5442 3 11829
5442 3 14020
5443 3 14020
5443 3 19923
5443 3 27236
5443 3 29783
5444 3 13169
5444 3 14020
5444 3 16543
5445 3 14020
5445 3 15161
5445 3 26738
5446 3 14020
5446 3 26738
5447 0 12638
5447 3 14020
5447 3 19923
5447 3 29264
5447 9 26743
5447 13 30662
5447 14 11056
5448 3 11774
5448 3 11829
5448 3 14020
5449 3 14020
5449 3 14863
5449 3 26856
5450 3 14020
5450 3 26738
5450 3 31230
5451 3 11774
5451 3 11829
5451 3 14020
5452 3 13497
5452 3 14020
5452 3 14667
5453 3 13169
5453 3 14020
5453 3 16543
5454 3 11815
5454 3 14020
5454 3 15158
5455 3 13169
5455 3 14020
5455 3 27189
5455 3 30118
5456 3 14020
5456 3 26856
5456 3 29263
5457 3 11278
5457 3 14020
5457 3 26738
5458 3 11774
5458 3 14020
5458 3 16764
5458 3 18442
5459 3 11774
5459 3 14020
5459 3 18442
5459 3 26829
5460 3 11774
5460 3 11829
5460 3 14020
5461 3 12993
5461 3 14020
5461 3 15158
5462 3 13169
5462 3 14020
5462 3 16543
5463 3 14020
5463 3 26805
5463 3 26806
5463 3 27910
5464 3 11774
5464 3 14020
5464 3 19062
5464 3 19063
5465 3 11500
5465 3 14020
5465 3 14667
5466 3 14020
5466 3 24348
5466 3 26740
5467 3 14020
5467 3 26848
5467 3 26856
5468 3 13169
5468 3 14020
5468 3 16341
5468 3 27189
5469 3 14020
5469 3 27910
5469 3 27912
5470 3 11774
5470 3 14020
5470 3 18442
5470 3 26829
5471 3 14020
5471 3 19923
5471 3 31228
5472 3 14020
5472 3 18437
5472 3 27910
5473 3 14020
5473 3 15158
5473 3 15976
5474 3 13809
5474 3 14020
5474 3 19496
5474 3 31681
5475 3 14020
5475 3 26856
5475 3 29263
5476 3 14020
5476 3 14911
5476 3 27910
5477 3 11278
5477 3 14020
5477 3 26738
5478 3 11278
5478 3 14020
5478 3 26738
5479 3 14020
5479 3 15158
5479 3 16556
5480 3 14020
5480 3 14421
5480 3 26739
5481 3 13169
5481 3 14020
5481 3 14861
5482 3 14020
5482 3 17537
5482 3 26856
5483 3 14020
5483 3 15158
5483 3 15976
5484 3 14020
5484 3 26805
5484 3 26806
5484 3 27910
5485 3 13497
5485 3 14020
5485 3 14667
5486 3 14020
5486 3 17537
5486 3 26856
5487 3 14020
5487 3 26856
5487 3 29263
5488 3 11500
5488 3 14020
5488 3 14667
5489 3 14020
5489 3 25756
5489 3 27910
5489 3 27918
5490 3 11500
5490 3 14020
5490 3 14667
5490 3 18437
5490 3 27910
5491 3 11500
5491 3 14020
5491 3 14667
5492 3 11500
5492 3 14020
5492 3 14667
5493 3 11500
5493 3 14020
5493 3 14667
5494 3 11277
5494 3 14020
5494 3 26738
5495 3 11772
5495 3 11774
5495 3 14020
5495 3 18162
5495 3 19071
5496 3 11277
5496 3 14020
5496 3 26738
5497 3 11774
5497 3 14020
5497 3 18441
5497 3 18442
5498 3 14020
5498 3 14665
5498 3 14908
5498 3 25245
5499 3 14020
5499 3 26848
5499 3 26856
5500 3 14020
5500 3 24348
5500 3 30272
5501 3 11774
5501 3 14020
5501 3 18442
5501 3 26829
5502 3 11774
5502 3 14020
5502 3 16764
5502 3 18442
5503 3 14020
5503 3 26738
5503 3 30034
5504 3 11774
5504 3 14020
5504 3 29126
5505 3 14020
5505 3 15161
5505 3 26738
5506 3 14020
5506 3 14908
5506 3 30417
5507 3 14020
5507 3 15161
5507 3 26738
5508 3 14020
5508 3 26738
5508 3 31230
5509 3 11278
5509 3 14020
5509 3 26738
5510 3 11773
5510 3 14020
5510 3 24348
5511 3 11774
5511 3 11829
5511 3 14020
5512 3 14020
5512 3 26805
5512 3 26807
5512 3 27910
5513 3 11774
5513 3 14020
5513 3 16764
5513 3 18442
5514 3 14020
5514 3 26856
5514 3 29263
5515 3 11774
5515 3 14020
5515 3 19062
5515 3 19063
5516 3 14020
5516 3 14908
5516 3 30417
5517 3 14020
5517 3 14908
5517 3 30417
5518 3 13809
5518 3 14020
5518 3 19496
5518 3 31681
5519 3 13809
5519 3 14020
5519 3 19496
5519 3 31681
5520 3 11773
5520 3 14020
5520 3 24348
5521 3 14020
5521 3 26848
5521 3 26856
5522 3 11500
5522 3 14020
5522 3 14667
5523 3 14020
5523 3 25755
5523 3 26738
5523 3 30719
5524 3 14020
5524 3 15161
5524 3 26738
5525 3 11500
5525 3 14020
5525 3 14667
5526 3 14020
5526 3 25755
5526 3 26738
5526 3 30719
5527 3 11774
5527 3 14020
5527 3 25395
5527 3 25396
5528 3 11774
5528 3 14020
5528 3 19062
5528 3 19063
5529 2 11550
5529 2 12250
5529 2 20569
5529 2 21960
5529 3 11773
5529 3 14020
5529 3 24348
5529 9 11777
5529 9 18440
5529 9 26759
5530 3 11837
5530 3 14020
5530 3 14908
5531 3 13167
5531 3 14020
5531 3 14908
5532 3 11837
5532 3 14020
5532 3 14908
5533 3 13169
5533 3 14020
5533 3 14861
5534 3 14020
5534 3 14421
5534 3 26739
5535 3 14020
5535 3 14667
5535 3 29273
5536 3 11500
5536 3 14020
5536 3 14667
5537 3 14020
5537 3 14863
5537 3 26856
5538 3 11774
5538 3 14020
5538 3 25395
5538 3 25396
5539 3 11774
5539 3 14020
5539 3 18442
5539 3 26831
5540 3 11500
5540 3 14020
5540 3 14667
5541 3 11500
5541 3 14020
5541 3 14667
5542 3 14020
5542 3 24348
5542 3 26740
5543 3 14020
5543 3 15158
5543 3 15976
5544 0 24911
5544 3 11774
5544 3 14020
5544 3 18441
5544 3 18442
5544 9 19212
5544 13 31748
5544 14 11061
5545 3 14020
5545 3 25755
5545 3 26738
5546 3 11500
5546 3 14020
5546 3 14667
5547 3 11500
5547 3 14020
5547 3 14667
5548 3 11500
5548 3 14020
5548 3 14667
5549 3 13169
5549 3 14020
5549 3 14861
5550 3 14020
5550 3 26629
5550 3 26856
5550 3 29263
5551 3 14020
5551 3 17537
5551 3 26856
5552 3 14020
5552 3 26629
5552 3 26856
5552 3 29263
5553 3 11774
5553 3 14020
5553 3 29126
5554 3 14020
5554 3 14908
5554 3 30417
5555 3 14020
5555 3 16551
5555 3 26805
5555 3 27910
5556 3 14020
5556 3 14667
5556 3 18058
5557 3 13493
5557 3 13498
5557 3 14020
5557 3 16998
5557 3 31681
5558 3 11277
5558 3 14020
5558 3 26738
5559 3 11500
5559 3 14020
5559 3 14667
5560 3 14020
5560 3 26805
5560 3 26806
5560 3 27910
5561 3 11774
5561 3 14020
5561 3 18442
5561 3 26829
5562 3 14020
5562 3 14670
5562 3 17243
5562 3 23525
5562 3 30206
5563 3 14020
5563 3 14908
5563 3 30417
5564 3 14020
5564 3 25756
5564 3 27910
5564 3 27918
5565 3 11774
5565 3 14020
5565 3 19062
5565 3 28995
5566 0 25083
5566 3 11774
5566 3 14020
5566 3 25395
5566 3 25396
5566 9 29291
5566 13 16378
5566 13 31489
5567 3 11774
5567 3 14020
5567 3 25395
5567 3 25396
5568 3 14020
5568 3 24348
5568 3 26740
5569 3 13164
5569 3 14020
5569 3 26856
5569 3 29263
5570 3 14020
5570 3 14421
5570 3 26739
5571 3 14020
5571 3 16340
5571 3 27039
5572 1 16106
5572 3 14020
5572 3 26805
5572 3 26807
5572 3 27910
5573 3 11837
5573 3 14020
5573 3 14908
5574 3 11500
5574 3 14020
5574 3 14667
5575 3 11774
5575 3 11830
5575 3 14020
5575 3 18442
5576 3 14020
5576 3 25755
5576 3 26738
5576 3 30719
5577 3 11774
5577 3 11829
5577 3 14020
5578 3 13520
5578 3 14020
5578 3 25128
5579 3 14020
5579 3 26805
5579 3 26807
5579 3 27910
5580 3 14020
5580 3 24348
5580 3 26740
5581 3 11774
5581 3 14020
5581 3 19062
5581 3 19063
5582 3 11774
5582 3 11830
5582 3 14020
5582 3 18442
5583 3 14020
5583 3 15158
5583 3 15976
5584 3 13169
5584 3 14020
5584 3 14861
5585 3 14020
5585 3 17054
5585 3 27039
5586 3 14020
5586 3 16340
5586 3 27039
5587 3 11774
5587 3 14020
5587 3 25395
5587 3 25396
5588 3 11500
5588 3 14020
5588 3 14667
5589 3 14020
5589 3 14867
5589 3 16998
5589 3 17266
5589 3 31681
5590 3 14020
5590 3 15161
5590 3 26738
5591 3 14020
5591 3 16340
5591 3 27039
5592 3 14020
5592 3 19923
5592 3 29168
5593 3 13520
5593 3 14020
5593 3 25128
5594 3 11774
5594 3 11829
5594 3 14020
5595 3 14020
5595 3 25755
5595 3 26738
5595 3 30719
5596 3 14020
5596 3 26805
5596 3 26806
5596 3 27910
5597 3 13167
5597 3 14020
5597 3 14908
5598 3 14020
5598 3 14814
5598 3 14816
5599 3 14020
5599 3 16994
5599 3 26738
5600 3 13170
5600 3 14020
5600 3 27910
5601 3 14020
5601 3 14421
5601 3 26739
5602 3 14020
5602 3 26805
5602 3 26807
5602 3 27910
5603 3 14020
5603 3 25756
5603 3 27910
5603 3 27918
5604 3 11774
5604 3 11829
5604 3 14020
5605 3 13169
5605 3 14020
5605 3 14861
5606 3 14020
5606 3 26856
5606 3 29263
5607 3 14020
5607 3 26856
5607 3 29263
5608 3 14020
5608 3 28768
5608 3 29288
5609 3 14020
5609 3 15158
5609 3 31680
5610 3 14020
5610 3 16340
5610 3 27039
5611 3 14020
5611 3 14908
5611 3 30417
5612 3 14020
5612 3 24348
5612 3 26740
5613 3 14020
5613 3 14667
5613 3 29273
5614 3 14020
5614 3 14063
5614 3 14670
5615 3 11774
5615 3 11829
5615 3 14020
5616 3 14020
5616 3 26805
5616 3 26807
5616 3 27910
5617 3 13169
5617 3 14020
5617 3 14861
5618 3 13169
5618 3 14020
5618 3 14861
5619 3 14020
5619 3 14480
5619 3 18791
5619 3 25640
5619 3 25828
5619 3 31229
5620 3 14020
5620 3 14667
5620 3 18058
5621 3 14020
5621 3 14816
5621 3 28994
5622 3 14020
5622 3 15158
5622 3 16556
5623 3 14020
5623 3 14862
5623 3 17230
5624 3 14020
5624 3 25755
5624 3 26738
5624 3 30719
5625 3 11278
5625 3 14020
5625 3 26738
5626 3 14020
5626 3 26805
5626 3 26806
5626 3 27910
5627 3 14020
5627 3 15158
5627 3 16556
5628 3 11774
5628 3 11829
5628 3 14020
5629 3 11772
5629 3 11774
5629 3 14020
5629 3 18162
5629 3 19071
5630 3 14020
5630 3 25755
5630 3 26738
5631 3 14020
5631 3 16152
5631 3 25755
5631 3 26738
5632 3 14020
5632 3 25755
5632 3 26738
5632 3 30719
5633 3 11774
5633 3 14020
5633 3 19062
5633 3 19063
5634 3 14020
5634 3 26805
5634 3 26807
5634 3 27910
5635 3 14020
5635 3 25755
5635 3 26738
5635 3 30719
5636 3 13167
5636 3 14020
5636 3 14908
5637 3 14020
5637 3 24324
5637 3 26856
5637 3 29263
5638 3 14020
5638 3 14908
5638 3 30417
5639 3 14020
5639 3 14908
5639 3 30417
5640 3 14020
5640 3 25640
5640 3 25828
5640 3 31229
5641 3 11774
5641 3 14020
5641 3 29126
5642 3 11774
5642 3 14020
5642 3 18442
5642 3 26829
5643 3 11773
5643 3 14020
5643 3 24348
5644 3 11773
5644 3 14020
5644 3 24348
5645 3 14020
5645 3 19923
5645 3 29168
5646 3 13493
5646 3 13498
5646 3 14020
5646 3 16998
5646 3 31681
5647 3 12600
5647 3 14020
5647 3 19923
5648 3 11294
5648 3 14020
5648 3 29271
5648 3 31681
5649 3 11774
5649 3 14020
5649 3 16764
5649 3 18442
5650 3 11774
5650 3 14020
5650 3 25395
5650 3 25396
5651 3 14020
5651 3 16994
5651 3 26738
5651 3 29782
5652 3 14020
5652 3 24348
5652 3 26740
5653 3 14020
5653 3 26805
5653 3 26807
5653 3 27910
5654 3 14020
5654 3 25700
5654 3 26856
5654 3 29263
5655 3 13497
5655 3 14020
5655 3 14667
5656 3 14020
5656 3 14667
5656 3 26816
5657 3 11277
5657 3 14020
5657 3 26738
5658 3 14020
5658 3 25755
5658 3 26738
5659 3 11774
5659 3 14020
5659 3 19062
5659 3 19063
5660 3 11278
5660 3 14020
5660 3 26738
5661 3 14020
5661 3 14862
5661 3 17230
5661 3 26738
5661 3 29126
5662 3 14020
5662 3 15158
5662 3 16556
5663 3 11774
5663 3 14020
5663 3 18161
5663 3 18162
5664 3 11277
5664 3 14020
5664 3 26738
5665 3 11500
5665 3 14020
5665 3 14667
5666 3 14020
5666 3 26741
5666 3 27039
5667 3 11774
5667 3 14020
5667 3 25395
5667 3 25396
5668 3 11774
5668 3 14020
5668 3 18442
5668 3 26831
5669 3 14020
5669 3 14667
5669 3 26816
5670 3 14020
5670 3 25755
5670 3 26738
5671 3 14020
5671 3 14908
5671 3 30417
5672 3 14020
5672 3 14670
5672 3 16971
5672 3 17243
5673 3 14020
5673 3 15161
5673 3 26738
5674 3 14020
5674 3 25755
5674 3 26738
5674 3 30719
5675 3 11774
5675 3 14020
5675 3 19062
5675 3 19063
5676 3 14020
5676 3 26738
5676 3 31230
5677 3 11277
5677 3 14020
5677 3 26738
5678 3 14020
5678 3 24348
5678 3 26740
5679 3 11773
5679 3 14020
5679 3 24348
5680 3 11278
5680 3 14020
5680 3 26738
5681 3 14020
5681 3 26738
5681 3 29126
5682 3 14020
5682 3 17054
5682 3 27039
5683 3 11500
5683 3 14020
5683 3 14667
5684 3 11500
5684 3 14020
5684 3 14667
5685 3 11774
5685 3 14020
5685 3 18442
5685 3 26831
5686 3 14020
5686 3 14908
5686 3 30417
5687 3 13346
5687 3 14020
5687 3 29270
5687 3 31681
5688 3 11157
5688 3 14020
5688 3 19923
5689 3 13169
5689 3 14020
5689 3 14861
5690 3 13493
5690 3 13498
5690 3 14020
5690 3 16998
5690 3 31681
5691 3 11278
5691 3 14020
5691 3 26738
5692 3 11500
5692 3 14020
5692 3 14667
5693 3 13167
5693 3 14020
5693 3 14908
5694 3 14020
5694 3 14665
5694 3 14908
5694 3 25754
5695 3 11277
5695 3 14020
5695 3 26738
5696 3 14020
5696 3 14816
5696 3 29307
5697 3 14020
5697 3 26738
5697 3 30770
5698 3 11500
5698 3 14020
5698 3 14667
5699 3 14020
5699 3 26805
5699 3 26807
5699 3 27910
5700 3 12993
5700 3 14020
5700 3 15158
5701 3 14020
5701 3 26738
5701 3 31230
5702 3 14020
5702 3 16340
5702 3 27039
5703 3 14020
5703 3 16264
5703 3 27175
5704 3 14020
5704 3 26805
5704 3 26806
5704 3 27910
5705 3 14020
5705 3 24348
5705 3 26740
5705 3 30272
5706 0 11100
5706 3 14020
5706 3 14863
5706 3 26856
5706 9 14865
5706 13 30192
5706 14 11060
5707 3 14020
5707 3 25755
5707 3 26738
5707 3 30719
5708 3 14020
5708 3 14665
5708 3 14908
5708 3 25245
5709 3 14020
5709 3 25755
5709 3 26738
5710 3 14020
5710 3 27910
5710 3 27912
5711 3 11774
5711 3 14020
5711 3 18442
5711 3 26829
5712 3 14020
5712 3 14908
5712 3 30417
5713 3 14020
5713 3 17537
5713 3 26856
5714 3 14020
5714 3 26738
5714 3 30034
5715 3 13520
5715 3 14020
5715 3 30720
5716 3 11278
5716 3 14020
5716 3 26738
5717 3 13164
5717 3 14020
5717 3 26856
5717 3 29263
5718 3 14020
5718 3 26805
5718 3 26806
5718 3 27910
5719 3 13499
5719 3 14020
5719 3 24348
5720 3 11278
5720 3 14020
5720 3 26738
5721 3 14020
5721 3 15158
5721 3 16556
5722 3 14020
5722 3 19923
5722 3 19924
5723 3 14020
5723 3 15158
5723 3 15976
5724 3 14020
5724 3 15691
5724 3 24348
5725 3 11837
5725 3 14020
5725 3 14908
5726 3 11500
5726 3 14020
5726 3 14667
5727 3 11774
5727 3 14020
5727 3 29126
5728 3 14020
5728 3 25756
5728 3 27910
5729 3 14020
5729 3 26805
5729 3 26807
5729 3 27910
5730 3 14020
5730 3 22463
5730 3 22464
5731 3 14020
5731 3 14667
5731 3 29273
5732 3 14020
5732 3 25828
5732 3 31229
5733 3 14020
5733 3 26856
5733 3 29263
5733 3 29274
5734 3 13497
5734 3 14020
5734 3 14667
5735 3 11774
5735 3 14020
5735 3 18441
5735 3 18442
5736 3 14020
5736 3 15158
5736 3 15976
5737 3 11774
5737 3 14020
5737 3 18442
5737 3 26829
5738 3 13493
5738 3 13498
5738 3 14020
5738 3 16998
5738 3 31681
5739 3 11774
5739 3 11830
5739 3 14020
5739 3 18442
5740 3 11774
5740 3 11829
5740 3 14020
5741 3 14020
5741 3 26738
5741 3 29126
5742 3 13169
5742 3 14020
5742 3 26641
5743 3 14020
5743 3 14862
5743 3 17230
5744 3 11772
5744 3 11774
5744 3 14020
5744 3 18162
5744 3 19071
5745 3 11815
5745 3 14020
5745 3 15158
5746 3 11278
5746 3 14020
5746 3 26738
5747 3 11774
5747 3 14020
5748 3 14020
5748 3 26805
5748 3 26806
5748 3 27910
5749 3 14020
5749 3 26805
5749 3 26807
5749 3 27910
5750 3 14020
5750 3 15691
5750 3 24348
5751 3 14020
5751 3 24348
5751 3 26740
5752 3 11774
5752 3 14020
5752 3 18442
5752 3 26829
5753 3 12646
5753 3 14020
5753 3 14665
5753 3 14908
5754 3 11500
5754 3 14020
5754 3 14667
5755 3 11278
5755 3 14020
5755 3 26738
5756 3 11774
5756 3 14020
5756 3 18442
5756 3 26829
5757 3 11772
5757 3 11774
5757 3 14020
5757 3 18162
5757 3 19071
5758 3 14020
5758 3 27175
5759 3 14020
5759 3 19923
5759 3 31228
5760 3 11774
5760 3 14020
5760 3 16764
5760 3 18442
5761 3 13277
5761 3 13346
5761 3 14020
5761 3 29270
5761 3 31681
5762 3 13493
5762 3 13498
5762 3 14020
5762 3 16998
5762 3 31681
5763 3 14020
5763 3 25755
5763 3 26738
5763 3 30719
5764 3 13169
5764 3 14020
5764 3 14861
5765 3 11774
5765 3 11829
5765 3 14020
5766 3 11774
5766 3 14020
5766 3 16764
5766 3 18442
5767 3 14020
5767 3 25755
5767 3 26738
5767 3 30719
5768 3 11774
5768 3 11829
5768 3 14020
5769 3 11500
5769 3 14020
5769 3 14667
5770 3 11773
5770 3 14020
5770 3 24348
5771 3 11278
5771 3 14020
5771 3 26738
5772 3 14020
5772 3 26856
5772 3 29263
5773 3 14020
5773 3 24348
5773 3 26740
5774 3 11774
5774 3 14020
5774 3 19062
5774 3 19063
5775 3 11774
5775 3 14020
5775 3 25395
5775 3 25396
5776 3 14020
5776 3 14862
5776 3 17230
5777 3 14020
5777 3 16998
5777 3 25701
5777 3 28598
5777 3 31681
5778 3 11815
5778 3 14020
5778 3 15158
5779 3 11774
5779 3 14020
5779 3 19062
5779 3 19063
5779 3 26738
5780 3 11774
5780 3 14020
5780 3 16764
5780 3 18442
5781 3 14020
5781 3 14908
5781 3 30417
5782 3 14020
5782 3 24348
5782 3 26740
5783 3 11773
5783 3 14020
5783 3 24348
5784 3 13169
5784 3 14020
5784 3 14861
5785 3 14020
5785 3 14664
5785 3 19923
5785 3 29783
5786 3 11774
5786 3 14020
5786 3 25395
5786 3 25396
5787 3 14020
5787 3 17230
5787 3 30717
5788 3 11774
5788 3 14020
5788 3 18442
5788 3 26829
5789 3 11277
5789 3 14020
5789 3 26738
5790 3 13167
5790 3 14020
5790 3 14908
5791 3 13520
5791 3 14020
5791 3 30720
5792 3 11277
5792 3 14020
5792 3 26738
5793 3 11774
5793 3 11829
5793 3 14020
5793 9 11777
5793 9 11779
5793 9 14450
5793 9 25714
5793 9 26759
5794 3 14020
5794 3 26856
5794 3 29263
5795 3 13494
5795 3 13496
5795 3 14020
5795 3 17230
5796 3 14020
5796 3 14814
5796 3 14816
5797 3 14020
5797 3 19923
5797 3 29264
5798 3 11774
5798 3 14020
5798 3 16764
5798 3 18442
5799 3 11774
5799 3 14020
5799 3 19062
5799 3 19063
5800 3 13169
5800 3 14020
5800 3 14861
5801 3 14020
5801 3 17054
5801 3 27039
5802 3 11774
5802 3 11830
5802 3 14020
5802 3 18442
5803 3 11500
5803 3 14020
5803 3 14667
5804 3 14020
5804 3 14667
5804 3 29273
5805 3 14020
5805 3 14667
5805 3 26816
5806 3 14020
5806 3 26805
5806 3 26807
5806 3 27910
5807 3 14020
5807 3 26805
5807 3 26807
5807 3 27910
5808 3 14020
5808 3 14908
5808 3 30417
5809 3 11774
5809 3 14020
5809 3 18442
5809 3 26756
5810 3 14020
5810 3 24348
5810 3 26740
5811 3 11773
5811 3 14020
5811 3 24348
5812 3 11500
5812 3 14020
5812 3 14667
5813 3 11277
5813 3 14020
5813 3 26738
5814 3 11774
5814 3 14020
5814 3 17615
5814 3 18442
5815 3 11774
5815 3 13495
5815 3 13507
5815 3 14020
5816 3 14020
5816 3 17231
5816 3 27910
5817 3 14020
5817 3 25755
5817 3 26738
5818 3 14020
5818 3 26738
5819 3 11500
5819 3 14020
5819 3 14667
5820 3 11774
5820 3 14020
5820 3 18161
5820 3 18162
5821 3 14020
5821 3 14863
5821 3 26856
5822 3 11774
5822 3 14020
5822 3 18441
5822 3 18442
5823 3 11773
5823 3 14020
5823 3 24348
5824 3 14020
5824 3 26738
5825 3 11500
5825 3 14020
5825 3 14667
5826 3 11774
5826 3 14020
5826 3 18442
5826 3 26829
5827 3 14020
5827 3 16998
5827 3 17172
5827 3 28598
5827 3 31681
5828 3 11774
5828 3 14020
5828 3 18442
5828 3 26830
5829 3 13169
5829 3 14020
5829 3 14861
5830 3 11774
5830 3 14020
5830 3 25395
5830 3 25396
5831 3 14020
5831 3 19923
5831 3 19924
5832 3 13167
5832 3 14020
5832 3 14908
5833 3 13167
5833 3 14020
5833 3 14908
5834 3 14020
5834 3 24348
5835 3 11774
5835 3 14020
5835 3 18441
5835 3 18442
5836 3 11774
5836 3 14020
5837 3 11277
5837 3 14020
5837 3 26738
5838 0 16678
5838 3 14020
5838 3 15158
5838 3 16556
5838 13 16678
5838 14 11056
5839 3 14020
5839 3 15158
5839 3 30780
5840 3 14020
5840 3 22463
5840 3 22464
5841 3 14020
5841 3 14667
5842 3 14020
5842 3 26805
5842 3 26807
5842 3 27910
5843 3 11277
5843 3 14020
5843 3 26738
5844 3 11277
5844 3 14020
5844 3 26738
5845 3 14020
5845 3 14667
5845 3 26816
5846 3 14020
5846 3 14280
5846 3 15981
5847 3 14020
5847 3 26738
5847 3 31230
5848 3 11774
5848 3 14020
5848 3 19062
5848 3 19063
5849 3 11774
5849 3 14020
5849 3 25396
5850 3 11774
5850 3 11830
5850 3 14020
5850 3 18442
5851 3 14020
5851 3 26738
5851 3 29126
5852 3 11774
5852 3 13495
5852 3 13507
5852 3 14020
5853 3 11773
5853 3 14020
5853 3 24348
5854 3 11500
5854 3 14020
5854 3 14667
5855 3 11774
5855 3 13495
5855 3 13507
5855 3 14020
5856 3 11500
5856 3 14020
5856 3 14667
5857 3 14020
5857 3 17230
5857 3 30717
5858 3 14020
5858 3 15158
5858 3 16556
5859 3 13169
5859 3 14020
5859 3 14861
5860 3 14020
5860 3 25755
5860 3 26738
5861 3 14020
5861 3 26856
5861 3 29263
5862 3 13493
5862 3 13498
5862 3 14020
5862 3 16998
5862 3 31681
5863 3 14020
5863 3 26738
5863 3 30770
5864 3 11500
5864 3 14020
5864 3 14667
5865 3 11774
5865 3 14020
5865 3 25396
5865 3 26761
5866 3 11500
5866 3 14020
5866 3 14667
5867 3 11772
5867 3 11774
5867 3 14020
5867 3 18162
5867 3 19071
5868 3 14020
5868 3 19923
5869 3 13248
5869 3 13809
5869 3 14020
5869 3 14989
5869 3 31681
5870 3 11774
5870 3 14020
5870 3 25395
5870 3 25396
5871 3 14020
5871 3 26805
5871 3 26806
5871 3 27910
5872 3 14020
5872 3 14908
5872 3 30417
5873 3 11277
5873 3 14020
5873 3 26738
5874 3 11774
5874 3 14020
5874 3 29126
5875 3 14020
5875 3 26805
5875 3 26807
5875 3 27910
5876 3 11500
5876 3 14020
5876 3 14667
5877 3 13520
5877 3 14020
5877 3 30720
5878 3 14020
5878 3 14667
5878 3 26816
5879 3 14020
5879 3 14063
5879 3 14670
5880 3 13493
5880 3 13498
5880 3 14020
5880 3 16998
5880 3 31681
5881 3 14020
5881 3 26805
5881 3 26807
5881 3 27910
5882 3 14020
5882 3 14908
5882 3 30417
5883 3 11774
5883 3 14020
5883 3 29126
5884 3 14020
5884 3 14862
5884 3 17230
5885 3 14020
5885 3 26805
5885 3 26807
5885 3 27910
5886 3 14020
5886 3 25756
5886 3 27910
5886 3 27918
5887 3 13520
5887 3 14020
5887 3 17230
5887 3 25128
5887 3 30717
5888 3 14020
5888 3 16994
5888 3 26738
5888 3 29782
5889 3 11500
5889 3 14020
5889 3 14667
5890 3 14020
5890 3 19923
5890 3 29783
5891 3 14020
5891 3 14063
5891 3 14670
5892 3 14020
5892 3 26805
5892 3 26807
5892 3 27910
5893 3 11773
5893 3 14020
5893 3 24348
5894 3 14020
5894 3 24348
5894 3 26740
5895 3 14020
5895 3 26738
5895 3 31230
5896 3 11774
5896 3 14020
5896 3 19062
5896 3 19063
5897 3 11774
5897 3 14020
5897 3 18441
5897 3 18442
5898 3 11278
5898 3 14020
5898 3 26738
5899 3 14020
5899 3 15158
5899 3 30780
5900 3 14020
5900 3 14480
5900 3 18791
5901 3 11500
5901 3 14020
5901 3 14667
5902 3 13497
5902 3 14020
5902 3 14667
5903 3 14020
5903 3 25086
5903 3 29269
5904 3 14020
5904 3 24348
5904 3 30272
5905 3 14020
5905 3 26805
5905 3 26807
5905 3 27910
5906 3 14020
5906 3 15158
5906 3 16556
5907 3 14020
5907 3 14670
5907 3 17243
5907 3 31014
5908 3 14020
5908 3 15691
5908 3 24348
5909 3 14020
5909 3 26805
5909 3 26807
5909 3 27910
5910 3 11500
5910 3 14020
5910 3 14667
5911 3 14020
5911 3 26805
5911 3 26807
5911 3 27910
5912 2 27259
5912 3 14020
5912 3 15158
5912 3 16556
5913 3 14020
5913 3 14862
5913 3 17230
5914 3 14020
5914 3 15158
5914 3 16556
5915 3 11773
5915 3 14020
5915 3 24348
5916 3 11773
5916 3 14020
5916 3 24348
5917 3 11278
5917 3 14020
5917 3 26738
5918 3 11278
5918 3 14020
5918 3 26738
5919 3 14020
5919 3 26856
5919 3 29263
5920 0 22080
5920 0 27054
5920 3 14020
5920 3 15158
5920 3 16556
5920 9 11776
5920 9 16555
5920 9 25376
5920 9 26742
5920 9 26820
5920 13 27054
5920 14 11061
5921 3 14020
5921 3 14665
5921 3 14908
5921 3 25245
5922 3 14020
5922 3 14908
5922 3 30417
5923 3 14020
5923 3 14908
5923 3 30417
5924 0 25750
5924 3 11277
5924 3 14020
5924 3 26738
5925 3 11774
5925 3 14020
5925 3 25395
5925 3 25396
5926 3 14020
5926 3 14908
5926 3 30417
5927 3 11774
5927 3 14020
5927 3 29126
5928 3 14020
5928 3 14908
5928 3 30417
5929 3 13499
5929 3 14020
5929 3 24348
5930 3 11774
5930 3 14020
5930 3 25395
5930 3 25396
5931 3 14020
5931 3 16340
5931 3 27039
5932 3 14020
5932 3 26856
5932 3 29263
5933 3 14020
5933 3 25755
5933 3 26738
5934 3 14020
5934 3 24348
5934 3 26740
5935 3 14020
5935 3 25085
5935 3 29269
5936 3 14020
5936 3 18282
5936 3 27910
5936 3 27912
5937 3 14020
5937 3 15161
5937 3 26738
5938 3 11277
5938 3 14020
5938 3 26738
5939 3 14020
5939 3 14908
5939 3 30417
5940 3 11278
5940 3 14020
5940 3 26738
5941 3 14020
5941 3 26805
5941 3 26807
5941 3 27910
5942 3 14020
5942 3 15691
5942 3 24348
5943 3 11277
5943 3 14020
5943 3 26738
5944 3 11500
5944 3 14020
5944 3 14667
5945 3 14020
5945 3 14908
5945 3 30417
5946 3 14020
5946 3 14863
5946 3 26856
5947 3 14020
5947 3 17231
5947 3 27910
5948 3 14020
5948 3 25086
5948 3 29269
5949 3 11774
5949 3 14020
5949 3 19062
5949 3 19063
5950 3 14020
5950 3 14862
5950 3 17230
5951 3 14020
5951 3 25756
5951 3 27910
5951 3 27918
5952 3 11774
5952 3 14020
5952 3 18442
5952 3 26829
5953 3 13167
5953 3 14020
5953 3 14908
5954 3 13520
5954 3 14020
5954 3 30720
5955 3 14020
5955 3 15158
5955 3 30841
5956 3 14020
5956 3 17537
5956 3 26856
5957 3 14020
5957 3 14665
5957 3 14908
5957 3 25245
5958 3 14020
5958 3 17612
5958 3 27039
5959 3 14020
5959 3 26856
5959 3 29263
5960 3 14020
5960 3 22463
5960 3 22464
5961 3 14020
5961 3 14908
5961 3 30417
5962 3 14020
5962 3 26805
5962 3 26807
5962 3 27910
5963 3 11500
5963 3 14020
5963 3 14667
5964 3 11278
5964 3 14020
5964 3 26738
5965 3 11774
5965 3 14020
5966 3 14020
5966 3 14480
5966 3 18791
5967 3 14020
5967 3 14908
5967 3 30417
5968 3 11774
5968 3 14020
5968 3 19062
5968 3 19063
5969 2 21992
5969 2 27568
5969 2 30300
5969 2 30733
5969 3 11774
5969 3 14020
5969 3 18442
5969 3 26829
5969 9 26833
5969 9 27042
5969 9 27043
5970 3 11277
5970 3 14020
5970 3 26738
5971 3 13169
5971 3 14020
5971 3 27189
5971 3 30118
5972 3 14020
5972 3 19923
5972 3 19924
5973 3 11774
5973 3 14020
5973 3 25395
5973 3 25396
5974 3 14020
5974 3 14665
5974 3 14908
5974 3 25245
5975 3 12711
5975 3 14020
5975 3 16994
5975 3 25755
5975 3 26738
5975 3 29782
5976 3 13493
5976 3 13498
5976 3 14020
5976 3 16998
5976 3 31681
5977 3 14020
5977 3 14908
5977 3 30417
5978 3 14020
5978 3 14816
5978 3 29307
5979 3 14020
5979 3 26805
5979 3 26807
5979 3 27910
5980 3 14020
5980 3 14667
5980 3 26816
5981 3 11500
5981 3 14020
5981 3 14667
5982 3 11774
5982 3 11830
5982 3 14020
5982 3 18442
5983 3 14020
5983 3 14862
5983 3 17230
5984 0 15286
5984 3 11774
5984 3 14020
5984 3 18442
5984 3 26829
5984 9 18833
5984 9 30899
5984 13 15286
5985 3 14020
5985 3 25640
5985 3 25828
5985 3 31229
5986 3 13520
5986 3 14020
5986 3 14669
5987 3 14020
5987 3 24348
5987 3 26740
5988 3 14020
5988 3 25640
5988 3 25828
5988 3 31229
5989 3 13498
5989 3 14020
5989 3 16998
5989 3 19107
5989 3 31681
5990 3 14020
5990 3 26805
5990 3 26806
5990 3 27910
5990 9 18444
5990 9 24349
5991 3 11500
5991 3 14020
5991 3 14667
5992 3 14020
5992 3 26805
5992 3 26806
5992 3 27910
5993 3 11774
5993 3 14020
5993 3 18442
5994 3 13167
5994 3 14020
5994 3 14908
5995 3 14020
5995 3 17054
5995 3 27039
5996 3 14020
5996 3 26738
5996 3 31230
5997 3 14020
5997 3 26805
5997 3 26807
5997 3 27910
5998 3 11500
5998 3 14020
5998 3 14667
5999 3 14020
5999 3 15691
5999 3 24348
6000 3 14020
6000 3 25755
6000 3 26738
6001 3 14020
6001 3 25755
6001 3 26738
6002 3 14020
6002 3 26856
6002 3 29263
6003 3 14020
6003 3 24348
6003 3 26740
6004 3 14020
6004 3 17612
6004 3 27039
6005 3 14020
6005 3 18282
6005 3 27910
6005 3 27912
6006 3 14020
6006 3 14480
6006 3 18791
6007 3 14020
6007 3 14862
6007 3 17230
6008 3 11277
6008 3 14020
6008 3 26738
6009 3 11500
6009 3 14020
6009 3 14667
6010 3 13520
6010 3 13728
6010 3 14020
6011 3 14020
6011 3 22463
6011 3 22464
6012 3 14020
6012 3 26738
6013 3 11773
6013 3 14020
6013 3 24348
6014 3 11500
6014 3 14020
6014 3 14667
6015 3 11500
6015 3 14020
6015 3 14667
6016 0 23370
6016 3 14020
6016 3 15158
6016 3 16556
6016 9 15162
6016 9 16550
6016 13 23370
6016 13 24956
6016 14 11060
6017 3 14020
6017 3 15691
6017 3 24348
6018 3 14020
6018 3 16994
6018 3 26738
6019 3 13169
6019 3 14020
6019 3 14861
6020 3 14020
6020 3 17612
6020 3 27039
6021 3 11278
6021 3 14020
6021 3 26738
6022 3 14020
6022 3 18043
6022 3 25755
6022 3 26738
6023 3 14020
6023 3 14670
6024 3 14020
6024 3 26738
6024 3 29126
6025 3 14020
6025 3 14863
6025 3 26856
6026 3 14020
6026 3 17612
6026 3 27039
6027 3 14020
6027 3 25086
6027 3 29269
6028 3 11277
6028 3 14020
6028 3 26738
6029 3 11278
6029 3 14020
6029 3 26738
6030 3 14020
6030 3 24348
6030 3 26740
6031 3 14020
6031 3 18282
6031 3 27910
6031 3 27912
6032 3 11278
6032 3 14020
6032 3 26738
6033 3 14020
6033 3 26805
6033 3 26806
6033 3 27910
6034 3 11278
6034 3 14020
6034 3 26738
6035 3 11773
6035 3 14020
6035 3 24348
6036 3 14020
6036 3 16340
6036 3 27039
6037 3 13169
6037 3 14020
6037 3 14861
6038 3 14020
6038 3 25086
6038 3 29269
6039 3 11774
6039 3 14020
6039 3 18442
6039 3 26829
6040 3 14020
6040 3 25085
6040 3 29269
6041 3 11773
6041 3 14020
6041 3 24348
6042 3 14020
6042 3 26738
6042 3 31230
6043 3 14020
6043 3 26856
6043 3 29263
6044 3 14020
6044 3 16340
6044 3 27039
6045 3 14020
6045 3 26738
6045 3 31230
6046 3 14020
6046 3 15158
6046 3 16556
6047 3 11500
6047 3 14020
6047 3 14667
6048 3 14020
6048 3 26738
6048 3 31230
6049 3 11774
6049 3 13495
6049 3 13507
6049 3 14020
6049 3 14862
6049 3 17230
6050 3 13169
6050 3 14020
6050 3 15754
6050 3 27189
6051 3 14020
6051 3 14908
6051 3 30417
6052 3 11774
6052 3 14020
6052 3 19062
6052 3 19063
6053 3 14020
6053 3 26805
6053 3 26806
6053 3 27910
6054 3 14020
6054 3 26805
6054 3 26807
6054 3 27910
6055 3 11774
6055 3 14020
6055 3 19062
6055 3 19063
6056 3 14020
6056 3 26738
6056 3 30034
6057 3 14020
6057 3 24348
6057 3 26740
6058 3 14020
6058 3 14667
6058 3 26816
6059 3 14020
6059 3 14667
6059 3 26816
6060 3 14020
6060 3 14667
6060 3 26816
6061 3 11837
6061 3 14020
6061 3 14908
6062 3 14020
6062 3 26856
6062 3 29263
6063 3 14020
6063 3 14666
6063 3 26856
6064 3 14020
6064 3 26738
6065 3 11278
6065 3 14020
6065 3 26738
6066 3 14020
6066 3 25086
6066 3 29269
6067 3 13170
6067 3 14020
6067 3 27910
6068 3 14020
6068 3 14863
6068 3 26856
6069 3 13164
6069 3 14020
6069 3 26856
6069 3 29263
6070 3 14020
6070 3 14863
6070 3 26856
6071 3 11773
6071 3 14020
6071 3 24348
6072 3 14020
6072 3 15691
6072 3 24348
6073 3 14020
6073 3 16340
6073 3 27039
6074 3 11774
6074 3 14020
6074 3 19062
6074 3 19063
6075 3 14020
6075 3 24348
6076 3 11774
6076 3 14020
6076 3 19062
6076 3 19782
6077 3 11773
6077 3 14020
6077 3 24348
6078 3 14020
6078 3 26805
6078 3 26806
6078 3 27910
6079 3 14020
6079 3 17096
6079 3 19795
6079 3 31681
6080 3 11500
6080 3 14020
6080 3 14667
6081 0 28911
6081 3 14020
6081 3 25085
6081 3 29269
6081 9 26743
6081 13 14546
6081 14 11058
6082 3 14020
6082 3 25085
6082 3 29269
6083 3 14020
6083 3 25085
6083 3 29269
6084 3 14020
6084 3 26765
6084 3 27910
6085 3 14020
6085 3 26738
6085 3 31230
6086 3 13169
6086 3 14020
6086 3 16543
6087 3 14020
6087 3 17612
6087 3 27039
6088 3 11772
6088 3 11774
6088 3 14020
6088 3 18162
6088 3 19071
6089 0 15756
6089 3 11277
6089 3 14020
6089 3 26738
6089 13 20784
6089 14 11060
6090 3 13520
6090 3 14020
6090 3 25128
6091 3 14020
6091 3 14908
6091 3 30417
6092 3 11774
6092 3 14020
6092 3 25395
6092 3 25396
6093 3 13493
6093 3 13498
6093 3 14020
6093 3 16998
6093 3 31681
6094 3 11774
6094 3 14020
6094 3 19062
6094 3 19063
6095 3 14020
6095 3 15691
6095 3 24348
6096 3 14020
6096 3 26805
6096 3 26806
6096 3 27910
6097 3 11278
6097 3 14020
6097 3 26738
6098 3 14020
6098 3 25755
6098 3 26738
6098 3 30719
6099 3 14020
6099 3 26805
6099 3 26807
6099 3 27910
6100 3 11774
6100 3 14020
6100 3 25396
6100 3 30937
6101 3 11500
6101 3 14020
6101 3 14667
6102 3 11277
6102 3 14020
6102 3 26738
6103 3 11774
6103 3 14020
6103 3 18161
6103 3 18162
6104 3 14020
6104 3 26805
6104 3 26807
6104 3 27910
6105 3 11774
6105 3 14020
6105 3 18442
6105 3 26829
6106 3 14020
6106 3 14862
6106 3 17230
6107 3 11774
6107 3 11829
6107 3 14020
6108 3 11774
6108 3 14020
6108 3 18442
6108 3 26830
6109 3 11774
6109 3 14020
6109 3 18442
6109 3 26830
6109 3 26831
6110 3 14020
6110 3 25085
6110 3 29269
6111 3 14020
6111 3 25085
6111 3 29269
6112 3 13169
6112 3 14020
6112 3 14861
6113 3 14020
6113 3 14908
6113 3 30417
6114 3 13632
6114 3 14020
6114 3 25755
6114 3 26738
6115 3 11774
6115 3 11829
6115 3 14020
6116 3 14020
6116 3 24348
6116 3 30272
6117 3 14020
6117 3 14863
6117 3 26856
6118 3 11278
6118 3 14020
6118 3 26738
6119 3 11500
6119 3 14020
6119 3 14667
6120 3 13493
6120 3 13498
6120 3 14020
6120 3 16998
6120 3 31681
6121 3 14020
6121 3 15161
6121 3 26738
6122 3 11774
6122 3 11829
6122 3 14020
6123 3 14020
6123 3 19923
6123 3 31228
6124 3 11774
6124 3 11830
6124 3 14020
6124 3 18442
6125 3 11774
6125 3 14020
6125 3 16764
6125 3 18442
6126 3 11773
6126 3 14020
6126 3 24348
6127 3 13164
6127 3 14020
6127 3 26856
6127 3 29263
6128 3 14020
6128 3 14480
6128 3 18791
6128 3 25086
6128 3 29269
6129 3 14020
6129 3 15158
6129 3 15976
6130 3 11500
6130 3 14020
6130 3 14667
6131 3 11500
6131 3 14020
6131 3 14667
6132 3 14020
6132 3 26805
6132 3 26806
6132 3 27910
6133 3 11774
6133 3 14020
6133 3 18161
6133 3 18162
6134 3 11774
6134 3 14020
6134 3 18162
6134 3 19071
6135 3 11500
6135 3 14020
6135 3 14667
6136 3 14020
6136 3 14665
6136 3 14908
6136 3 25245
6137 3 14020
6137 3 25755
6137 3 26738
6138 3 14020
6138 3 14908
6138 3 14926
6139 3 11837
6139 3 14020
6139 3 14908
6140 3 11277
6140 3 14020
6140 3 26738
6141 3 12711
6141 3 14020
6141 3 25755
6141 3 26738
6142 3 11774
6142 3 14020
6142 3 25395
6142 3 25396
6143 3 11500
6143 3 14020
6143 3 14667
6144 3 11774
6144 3 14020
6144 3 29126
6145 3 14020
6145 3 14862
6145 3 17230
6146 3 14020
6146 3 14421
6146 3 26739
6147 3 11500
6147 3 14020
6147 3 14667
6148 3 11774
6148 3 14020
6148 3 19062
6148 3 19063
6149 3 14020
6149 3 14670
6149 3 29819
6150 3 13497
6150 3 14020
6150 3 14667
6151 3 14020
6151 3 24348
6151 3 26740
6152 3 14020
6152 3 26805
6152 3 26806
6152 3 27910
6153 3 14020
6153 3 15158
6153 3 15976
6154 3 14020
6154 3 18282
6154 3 24241
6154 3 25390
6154 3 27910
6154 3 27912
6155 3 11774
6155 3 14020
6155 9 26833
6156 3 11774
6156 3 14020
6156 3 29126
6157 3 11774
6157 3 14020
6157 3 18442
6157 3 26812
6158 0 30787
6158 3 11500
6158 3 14020
6158 3 14667
6158 9 14913
6158 13 17636
6158 14 11059
6159 3 11277
6159 3 14020
6159 3 26738
6160 3 14020
6160 3 18282
6160 3 26805
6160 3 26807
6160 3 27910
6160 3 27912
6161 3 14020
6161 3 26805
6161 3 26807
6161 3 27910
6162 3 11774
6162 3 14020
6162 3 25395
6162 3 25396
6163 3 14020
6163 3 25085
6163 3 29269
6164 3 11500
6164 3 14020
6164 3 14667
6165 3 14020
6165 3 14670
6165 3 17243
6165 3 29208
6165 3 29209
6166 3 11277
6166 3 14020
6166 3 26738
6167 3 11277
6167 3 14020
6167 3 26738
6168 3 14020
6168 3 14908
6168 3 30417
6169 3 11500
6169 3 14020
6169 3 14667
6169 9 11779
6169 9 17233
6169 9 26761
6169 9 26833
6169 9 27176
6170 3 11774
6170 3 14020
6170 3 18161
6170 3 18162
6171 3 13632
6171 3 14020
6171 3 25755
6171 3 26738
6172 3 11837
6172 3 14020
6172 3 14908
6173 3 14020
6173 3 15691
6173 3 24348
6174 3 14020
6174 3 17612
6174 3 27039
6175 3 11774
6175 3 14020
6175 3 17615
6175 3 18442
6176 3 14020
6176 3 25755
6176 3 26738
6177 3 14020
6177 3 14670
6177 3 17243
6177 3 30206
6178 3 11774
6178 3 14020
6178 3 18442
6178 3 26829
6179 3 14020
6179 3 15158
6179 3 15976
6180 3 14020
6180 3 14908
6180 3 25883
6181 3 14020
6181 3 14665
6181 3 14908
6181 3 25245
6182 3 11500
6182 3 14020
6182 3 14667
6183 3 14020
6183 3 17537
6183 3 26856
6184 3 14020
6184 3 26805
6184 3 26806
6184 3 27910
6185 3 13494
6185 3 13496
6185 3 14020
6185 3 17230
6186 3 14020
6186 3 14908
6186 3 30417
6187 3 11774
6187 3 11829
6187 3 14020
6188 3 12711
6188 3 14020
6188 3 25755
6188 3 26738
6189 3 14020
6189 3 26738
6189 3 29126
6190 3 11774
6190 3 14020
6190 3 16764
6190 3 18442
6191 3 11500
6191 3 14020
6191 3 14667
6192 3 11774
6192 3 14020
6192 3 25395
6192 3 25396
6193 3 14020
6193 3 18437
6193 3 27910
6194 3 11774
6194 3 14020
6194 3 25395
6194 3 25396
6195 3 14020
6195 3 26738
6195 3 29126
6196 3 14020
6196 3 16994
6196 3 17509
6196 3 26738
6197 3 14020
6197 3 15691
6197 3 24348
6198 3 11774
6198 3 14020
6198 3 16764
6198 3 18442
6199 3 11774
6199 3 13495
6199 3 13507
6199 3 14020
6200 0 23456
6200 3 11500
6200 3 11774
6200 3 13495
6200 3 13507
6200 3 14020
6200 3 14667
6200 13 24797
6200 14 11059
6201 3 12711
6201 3 14020
6201 3 25755
6201 3 26738
6202 3 11277
6202 3 14020
6202 3 26738
6203 3 11774
6203 3 14020
6203 3 16764
6203 3 18442
6204 3 14020
6204 3 14908
6204 3 30417
6205 3 11500
6205 3 13169
6205 3 14020
6205 3 14667
6205 3 14861
6206 3 11500
6206 3 14020
6206 3 14667
6207 3 13632
6207 3 14020
6207 3 25755
6207 3 26738
6208 3 11774
6208 3 14020
6208 3 18162
6208 3 19071
6209 3 14020
6209 3 26856
6209 3 29263
6210 3 11774
6210 3 14020
6210 3 19062
6210 3 19063
6211 0 23370
6211 3 11277
6211 3 11278
6211 3 14020
6211 3 26738
6211 9 14865
6211 9 15735
6211 9 17537
6211 9 26743
6211 13 23370
6211 13 29408
6211 14 11059
6212 3 11774
6212 3 11829
6212 3 14020
6213 3 11774
6213 3 11829
6213 3 14020
6214 0 23271
6214 3 11278
6214 3 14020
6214 3 26738
6214 9 11282
6214 9 14865
6214 13 23271
6214 13 25248
6214 14 11060
6215 3 14020
6215 3 14664
6215 3 19923
6215 3 29783
6216 3 11774
6216 3 14020
6216 3 19062
6216 3 19063
6217 3 12711
6217 3 14020
6217 3 25755
6217 3 26738
6218 3 11278
6218 3 14020
6218 3 26738
6219 3 13169
6219 3 14020
6219 3 14271
6219 3 27189
6220 3 14020
6220 3 14908
6220 3 30417
6221 3 12785
6221 3 14020
6221 3 19923
6222 3 11774
6222 3 14020
6222 3 25395
6222 3 25396
6223 3 11774
6223 3 14020
6223 3 29126
6224 3 11774
6224 3 14020
6224 3 19062
6224 3 19063
6225 3 11278
6225 3 14020
6225 3 26738
6226 3 14020
6226 3 18282
6226 3 27910
6226 3 27912
6227 3 13164
6227 3 14020
6227 3 26856
6227 3 29263
6228 2 19516
6228 3 11774
6228 3 11829
6228 3 14020
6228 9 11777
6228 9 11779
6228 9 18440
6228 9 25714
6228 9 26759
6229 3 14020
6229 3 25755
6229 3 26738
6230 3 14020
6230 3 26856
6230 3 29263
6231 3 13493
6231 3 13498
6231 3 14020
6231 3 16998
6231 3 31681
6232 3 11278
6232 3 14020
6232 3 26738
6233 3 14020
6233 3 14908
6233 3 30417
6234 3 14020
6234 3 25755
6234 3 26738
6235 3 14020
6235 3 14867
6235 3 15786
6235 3 16998
6235 3 31681
6236 3 13520
6236 3 14020
6236 3 30720
6237 3 14020
6237 3 25755
6237 3 26738
6238 3 11774
6238 3 14020
6238 3 16764
6238 3 18442
6239 3 11278
6239 3 14020
6239 3 26738
6240 3 11278
6240 3 14020
6240 3 26738
6241 3 14020
6241 3 22463
6241 3 22464
6242 3 14020
6242 3 26805
6242 3 26806
6242 3 27910
6243 0 30556
6243 3 14020
6243 3 27910
6243 13 14719
6243 13 29543
6243 14 11061
6244 3 14020
6244 3 26738
6244 3 31230
6245 3 13809
6245 3 14020
6245 3 14989
6245 3 23443
6245 3 31681
6246 3 14020
6246 3 27175
6247 3 11774
6247 3 14020
6247 3 19062
6247 3 19063
6248 0 17699
6248 3 14020
6248 3 14862
6248 3 17230
6248 13 17699
6248 14 11060
6249 3 14020
6249 3 27910
6250 3 11774
6250 3 14020
6250 3 25395
6250 3 25396
6251 3 14020
6251 3 25755
6251 3 26738
6251 3 30719
6252 3 14020
6252 3 24348
6252 3 26740
6253 3 14020
6253 3 26741
6253 3 27039
6254 3 14020
6254 3 19923
6254 3 22462
6255 3 11773
6255 3 14020
6255 3 24348
6256 3 14020
6256 3 14665
6256 3 14908
6256 3 25754
6257 3 14020
6257 3 16340
6257 3 27039
6258 3 11774
6258 3 14020
6258 3 19062
6258 3 19063
6259 3 14020
6259 3 14280
6259 3 15981
6260 3 14020
6260 3 14908
6260 3 30417
6261 3 14020
6261 3 26805
6261 3 26807
6261 3 27910
6262 3 13346
6262 3 14020
6262 3 29270
6262 3 31681
6263 3 14020
6263 3 14667
6263 3 29273
6264 3 13493
6264 3 13498
6264 3 14020
6264 3 16998
6264 3 31681
6265 3 14020
6265 3 14667
6265 3 26816
6266 3 14020
6266 3 14667
6266 3 26816
6267 3 14020
6267 3 17537
6267 3 26856
6268 3 11500
6268 3 14020
6268 3 14667
6269 3 11774
6269 3 14020
6269 3 16764
6269 3 18442
6270 0 31760
6270 3 11774
6270 3 14020
6270 3 18442
6270 3 26829
6270 9 11779
6270 9 16764
6270 9 26744
6270 13 25329
6270 14 11060
6271 3 11774
6271 3 14020
6271 3 25395
6271 3 25396
6272 3 11774
6272 3 14020
6272 3 18441
6272 3 18442
6273 3 11500
6273 3 14020
6273 3 14667
6274 3 14020
6274 3 26805
6274 3 26807
6274 3 27910
6275 3 11774
6275 3 14020
6275 3 18442
6275 3 26831
6276 3 13169
6276 3 14020
6276 3 14861
6277 3 14020
6277 3 15161
6277 3 26738
6278 3 11774
6278 3 14020
6278 3 16764
6278 3 18442
6279 3 12358
6279 3 14020
6279 3 14667
6280 3 14020
6280 3 19923
6280 3 29168
6281 3 11774
6281 3 11829
6281 3 14020
6282 3 11278
6282 3 14020
6282 3 26738
6283 3 14020
6283 3 14908
6283 3 30417
6284 0 26243
6284 3 14020
6284 3 14862
6284 3 17230
6284 9 17232
6284 9 29189
6284 14 11057
6285 3 14020
6285 3 14908
6285 3 30417
6286 3 13169
6286 3 14020
6286 3 14861
6287 3 14020
6287 3 14908
6287 3 30417
6288 3 14020
6288 3 14863
6288 3 26856
6289 3 13169
6289 3 14020
6289 3 14861
6290 3 11774
6290 3 14020
6290 3 16764
6290 3 18442
6291 3 14020
6291 3 22463
6291 3 25698
6291 9 27917
6292 0 19394
6292 3 14020
6292 3 14908
6292 3 30417
6292 9 17233
6292 9 19923
6292 9 29265
6292 13 13674
6292 14 11056
6293 3 13498
6293 3 14020
6293 3 16998
6293 3 19107
6293 3 31681
6294 3 11278
6294 3 14020
6294 3 26738
6295 3 13169
6295 3 14020
6295 3 14861
6296 3 11500
6296 3 14020
6296 3 14667
6297 3 11500
6297 3 14020
6297 3 14667
6298 3 14020
6298 3 24348
6298 3 26740
6299 3 14020
6299 3 26805
6299 3 26807
6299 3 27910
6300 3 14020
6300 3 15158
6300 3 15976
6301 3 11773
6301 3 14020
6301 3 24348
6302 3 14020
6302 3 14667
6302 3 26816
6303 3 14020
6303 3 14666
6303 3 26856
6304 3 14020
6304 3 16340
6304 3 27039
6305 3 14020
6305 3 25755
6305 3 26738
6305 3 30719
6306 3 12711
6306 3 14020
6306 3 25755
6306 3 26738
6307 3 14020
6307 3 14908
6307 3 30417
6308 3 14020
6308 3 14863
6308 3 26856
6309 3 11774
6309 3 14020
6309 3 19062
6309 3 19063
6310 3 14020
6310 3 18282
6310 3 27910
6310 3 27912
6311 3 14020
6311 3 19923
6311 3 29168
6312 3 14020
6312 3 14863
6312 3 26856
6313 3 14020
6313 3 26805
6313 3 26806
6313 3 27910
6314 3 14020
6314 3 14480
6314 3 18791
6315 3 14020
6315 3 14863
6315 3 26856
6316 3 14020
6316 3 14667
6316 3 29273
6317 3 11774
6317 3 14020
6317 3 19062
6317 3 19782
6318 3 11774
6318 3 14020
6318 3 18442
6318 3 26829
6319 3 11774
6319 3 14020
6319 3 16764
6319 3 18442
6320 0 28934
6320 3 14020
6320 3 14908
6320 3 30417
6320 9 14913
6320 13 27484
6320 13 27643
6321 3 14020
6321 3 26805
6321 3 26807
6321 3 27910
6322 3 12338
6322 3 14020
6322 3 25699
6322 3 31681
6323 3 14020
6323 3 25640
6323 3 25828
6323 3 31229
6324 3 11774
6324 3 14020
6324 3 18442
6324 3 26829
6325 3 13169
6325 3 14020
6325 3 14861
6326 3 11774
6326 3 14020
6326 3 18442
6326 3 26829
6327 3 11277
6327 3 14020
6327 3 26738
6328 3 14020
6328 3 14908
6328 3 30417
6329 3 14020
6329 3 26738
6329 3 31230
6330 3 13169
6330 3 14020
6330 3 14861
6331 3 14020
6331 3 19923
6331 3 19924
6332 3 14020
6332 3 25755
6332 3 26738
6332 3 30719
6333 3 11278
6333 3 14020
6333 3 26738
6334 3 11774
6334 3 14020
6334 3 25395
6334 3 25396
6335 3 13169
6335 3 14020
6335 3 14861
6336 3 12358
6336 3 14020
6336 3 14667
6337 3 11774
6337 3 14020
6337 3 19062
6337 3 19063
6338 3 14020
6338 3 16340
6338 3 27039
6339 3 13520
6339 3 14020
6339 3 30720
6340 3 14020
6340 3 25755
6340 3 26738
6341 3 11278
6341 3 14020
6341 3 26738
6342 3 14020
6342 3 14863
6342 3 26856
6343 3 11774
6343 3 14020
6343 3 25395
6343 3 25396
6344 3 11277
6344 3 14020
6344 3 26738
6345 3 14020
6345 3 14908
6345 3 30417
6346 3 14020
6346 3 14908
6346 3 30417
6347 3 14020
6347 3 14862
6347 3 17230
6348 3 11774
6348 3 14020
6348 3 25395
6348 3 25396
6349 3 14020
6349 3 26805
6349 3 26806
6349 3 27910
6350 3 14020
6350 3 25086
6350 3 29269
6351 3 11774
6351 3 14020
6351 3 18442
6351 3 26831
6352 3 14020
6352 3 25085
6352 3 29269
6353 0 13788
6353 3 14020
6353 3 26856
6353 3 29263
6353 3 29274
6354 3 14020
6354 3 26805
6354 3 26807
6354 3 27910
6355 3 11774
6355 3 14020
6355 3 19062
6355 3 19063
6356 3 11500
6356 3 14020
6356 3 14667
6357 3 14020
6357 3 26805
6357 3 26807
6357 3 27910
6358 3 11773
6358 3 14020
6358 3 24348
6359 3 11774
6359 3 14020
6359 3 18441
6359 3 18442
6360 3 14020
6360 3 14480
6360 3 18791
6361 3 14020
6361 3 14908
6361 3 30417
6362 3 11774
6362 3 13495
6362 3 13507
6362 3 14020
6363 3 11500
6363 3 14020
6363 3 14667
6364 2 15846
6364 2 24615
6364 2 29529
6364 2 30106
6364 3 11277
6364 3 14020
6364 3 26738
6364 9 11838
6364 9 13169
6364 9 17232
6364 9 27917
6364 9 30721
6365 3 14020
6365 3 14480
6365 3 18791
6366 3 11837
6366 3 14020
6366 3 14908
6367 3 11837
6367 3 14020
6367 3 14908
6368 3 13169
6368 3 14020
6368 3 14861
6369 3 14020
6369 3 26738
6369 3 31230
6370 3 11837
6370 3 14020
6370 3 14908
6371 3 11774
6371 3 14020
6371 3 18442
6371 3 26829
6372 3 11774
6372 3 11829
6372 3 14020
6373 3 11277
6373 3 14020
6373 3 26738
6374 3 11774
6374 3 11829
6374 3 14020
6375 3 14020
6375 3 14863
6375 3 26856
6376 3 14020
6376 3 25085
6376 3 29269
6377 3 11500
6377 3 14020
6377 3 14667
6378 3 13169
6378 3 14020
6378 3 16543
6379 3 14020
6379 3 26738
6379 3 29126
6379 3 31230
6380 3 11278
6380 3 14020
6380 3 26738
6381 3 11500
6381 3 14020
6381 3 14667
6382 3 14020
6382 3 26738
6382 3 31230
6383 3 14020
6383 3 26738
6383 3 31230
6384 3 13520
6384 3 14020
6384 3 25128
6385 3 14020
6385 3 14908
6385 3 30417
6386 3 11774
6386 3 14020
6386 3 25396
6386 3 26761
6387 3 11500
6387 3 14020
6387 3 14667
6388 3 13170
6388 3 14020
6388 3 27910
6389 3 11277
6389 3 14020
6389 3 26738
6390 3 14020
6390 3 16340
6390 3 27039
6391 3 13169
6391 3 14020
6391 3 14861
6392 3 14020
6392 3 26741
6392 3 27039
6393 3 11277
6393 3 14020
6393 3 26738
6394 3 11774
6394 3 11816
6394 3 14020
6394 3 19062
6395 0 21373
6395 3 14020
6395 3 26738
6395 3 31230
6395 9 18608
6395 13 30449
6396 3 11772
6396 3 11774
6396 3 14020
6396 3 18162
6396 3 19071
6397 3 11500
6397 3 14020
6397 3 14667
6398 3 14020
6398 3 19923
6398 3 31228
6399 3 14020
6399 3 26738
6399 3 31230
6400 3 11837
6400 3 14020
6400 3 14908
6401 3 14020
6401 3 25755
6401 3 26738
6402 3 14020
6402 3 14908
6402 3 30417
6403 3 11277
6403 3 14020
6403 3 26738
6403 9 16764
6404 3 14020
6404 3 24348
6404 3 26740
6405 3 11278
6405 3 14020
6405 3 26738
6406 3 14020
6406 3 24348
6407 3 11774
6407 3 14020
6407 3 19062
6407 3 19063
6408 3 11774
6408 3 14020
6408 3 18442
6408 3 26756
6409 3 11774
6409 3 11829
6409 3 14020
6410 3 11278
6410 3 14020
6410 3 26738
6411 3 13169
6411 3 14020
6411 3 14861
6412 3 13520
6412 3 13728
6412 3 14020
6413 3 14020
6413 3 26738
6413 3 31230
6414 3 11773
6414 3 14020
6414 3 24348
6415 3 11774
6415 3 14020
6415 3 19062
6415 3 19063
6416 3 13493
6416 3 13498
6416 3 14020
6416 3 16998
6416 3 31681
6417 3 14020
6417 3 16340
6417 3 27039
6418 3 14020
6418 3 14908
6418 3 30417
6419 3 11278
6419 3 14020
6419 3 26738
6420 3 11774
6420 3 14020
6420 3 19062
6420 3 19063
6421 3 14020
6421 3 15161
6421 3 26738
6422 3 14020
6422 3 15691
6422 3 24348
6423 3 14020
6423 3 14664
6423 3 19923
6423 3 29783
6424 3 14020
6424 3 26805
6424 3 26807
6424 3 27910
6425 3 14020
6425 3 14908
6425 3 30417
6426 3 11774
6426 3 14020
6426 3 18442
6426 3 26829
6427 3 11774
6427 3 14020
6427 3 19062
6427 3 19063
6428 3 14020
6428 3 25085
6428 3 29269
6429 3 11774
6429 3 14020
6429 3 19062
6429 3 19063
6430 3 11774
6430 3 14020
6430 3 19062
6430 3 19063
6431 3 14020
6431 3 14863
6431 3 26856
6432 3 14020
6432 3 15158
6432 3 16556
6433 3 11278
6433 3 14020
6433 3 26738
6434 3 14020
6434 3 26738
6434 3 30034
6435 3 14020
6435 3 16152
6435 3 25755
6435 3 26738
6436 3 14020
6436 3 14667
6436 3 29273
6437 3 14020
6437 3 15158
6437 3 16556
6438 3 11837
6438 3 14020
6438 3 14908
6439 3 12646
6439 3 14020
6439 3 14665
6439 3 14908
6440 3 14020
6440 3 15158
6440 3 15976
6440 3 26629
6440 3 26856
6440 3 29263
6441 3 14020
6441 3 25755
6441 3 26738
6441 3 30719
6442 0 29220
6442 3 13169
6442 3 14020
6442 3 29161
6442 9 13169
6442 13 22716
6442 13 26551
6442 13 31631
6443 3 14020
6443 3 25756
6443 3 27910
6443 3 27918
6444 3 14020
6444 3 25756
6444 3 27910
6444 3 27918
6445 3 11500
6445 3 14020
6445 3 14667
6446 3 14020
6446 3 26741
6446 3 27039
6447 3 11774
6447 3 14020
6447 3 19062
6447 3 19063
6448 3 13346
6448 3 14020
6448 3 29270
6448 3 31681
6449 3 14020
6449 3 25086
6449 3 29269
6450 0 13547
6450 3 14020
6450 3 25086
6450 3 29269
6450 9 15162
6450 9 16558
6450 9 21569
6450 10 22234
6450 13 19931
6450 14 11061
6451 3 14020
6451 3 14862
6451 3 17230
6452 3 11837
6452 3 14020
6452 3 14908
6453 3 14020
6453 3 14908
6453 3 30417
6454 3 11774
6454 3 14020
6454 3 16764
6454 3 18442
6455 3 13520
6455 3 14020
6455 3 30720
6456 3 11278
6456 3 14020
6456 3 26738
6457 3 11277
6457 3 14020
6457 3 26738
6458 3 11773
6458 3 14020
6458 3 24348
6459 3 13494
6459 3 13496
6459 3 14020
6459 3 17230
6460 3 11277
6460 3 14020
6460 3 26738
6461 3 14020
6461 3 14421
6461 3 26739
6462 3 14020
6462 3 14666
6462 3 26856
6463 3 11773
6463 3 14020
6463 3 24348
6464 3 14020
6464 3 14421
6464 3 26739
6465 3 14020
6465 3 26738
6466 3 11500
6466 3 14020
6466 3 14667
6467 3 13497
6467 3 14020
6467 3 14667
6468 3 14020
6468 3 26805
6468 3 26807
6468 3 27910
6469 3 13167
6469 3 14020
6469 3 14908
6470 3 14020
6470 3 14863
6470 3 26856
6471 3 11278
6471 3 14020
6471 3 26738
6472 3 14020
6472 3 14908
6472 3 30417
6473 3 11278
6473 3 14020
6473 3 26738
6474 3 14020
6474 3 14908
6474 3 30417
6475 3 14020
6475 3 25755
6475 3 26738
6476 3 14020
6476 3 18043
6476 3 25755
6476 3 26738
6477 3 14020
6477 3 24348
6477 3 26740
6478 3 14020
6478 3 14665
6478 3 14908
6478 3 25245
6479 3 14020
6479 3 14667
6479 3 26816
6480 3 14020
6480 3 17537
6480 3 26856
6481 3 14020
6481 3 14665
6481 3 14908
6481 3 25245
6482 3 13493
6482 3 13498
6482 3 14020
6482 3 16998
6482 3 31681
6483 3 11774
6483 3 14020
6483 3 18441
6483 3 18442
6484 3 11278
6484 3 14020
6484 3 26738
6485 3 14020
6485 3 24348
6485 3 26740
6486 3 11773
6486 3 14020
6486 3 24348
6487 3 14020
6487 3 14421
6487 3 26739
6488 3 11774
6488 3 14020
6488 3 25395
6488 3 25396
6489 3 14020
6489 3 17612
6489 3 27039
6490 3 14020
6490 3 14863
6490 3 26856
6491 3 14020
6491 3 26741
6491 3 27039
6492 3 11500
6492 3 14020
6492 3 14667
6493 3 11500
6493 3 14020
6493 3 14667
6494 3 14020
6494 3 14908
6494 3 30417
6495 3 14020
6495 3 14908
6495 3 30417
6496 3 13169
6496 3 14020
6496 3 29161
6497 3 14020
6497 3 25085
6497 3 29269
6498 3 11277
6498 3 14020
6498 3 26738
6499 3 14020
6499 3 26805
6499 3 26807
6499 3 27910
6500 3 11774
6500 3 14020
6500 3 19062
6500 3 19063
6501 3 11772
6501 3 11774
6501 3 14020
6501 3 18162
6501 3 19071
6502 3 11278
6502 3 14020
6502 3 26738
6503 3 13632
6503 3 14020
6503 3 25755
6503 3 26738
6504 3 14020
6504 3 25755
6504 3 26738
6504 3 30719
6505 3 14020
6505 3 14863
6505 3 26856
6506 3 14020
6506 3 14908
6506 3 25883
6507 3 11277
6507 3 14020
6507 3 26738
6508 3 14020
6508 3 14863
6508 3 26856
6509 3 13169
6509 3 14020
6509 3 16543
6510 3 13169
6510 3 14020
6510 3 31227
6511 3 11500
6511 3 14020
6511 3 14667
6512 3 14020
6512 3 14863
6512 3 26856
6513 3 11837
6513 3 14020
6513 3 14908
6514 3 14020
6514 3 26738
6514 3 29126
6515 3 11774
6515 3 14020
6515 3 25395
6515 3 25396
6516 3 13169
6516 3 14020
6516 3 14271
6516 3 27189
6517 3 14020
6517 3 25755
6517 3 26738
6517 3 30719
6518 3 11774
6518 3 14020
6518 3 18161
6518 3 18162
6519 3 14020
6519 3 14664
6519 3 19923
6519 3 29783
6520 3 13277
6520 3 13346
6520 3 14020
6520 3 29270
6520 3 31681
6521 3 14020
6521 3 24348
6521 3 26740
6522 3 14020
6522 3 14667
6522 3 29273
6523 3 14020
6523 3 14421
6523 3 26739
6524 3 11774
6524 3 14020
6524 3 19062
6524 3 19063
6525 3 11774
6525 3 14020
6525 3 16764
6525 3 18442
6526 3 11500
6526 3 14020
6526 3 14667
6527 3 11774
6527 3 14020
6527 3 16764
6527 3 18442
6528 3 11277
6528 3 14020
6528 3 26738
6529 3 11774
6529 3 11829
6529 3 14020
6530 3 11774
6530 3 11829
6530 3 14020
6531 3 11774
6531 3 14020
6531 3 16764
6531 3 18442
6532 3 11500
6532 3 14020
6532 3 14667
6533 3 14020
6533 3 18282
6533 3 27910
6533 3 27912
6534 3 14020
6534 3 26805
6534 3 26806
6534 3 27910
6535 3 11774
6535 3 11829
6535 3 14020
6536 3 14020
6536 3 26856
6537 3 11772
6537 3 11774
6537 3 14020
6537 3 18162
6537 3 19071
6538 3 11774
6538 3 14020
6538 3 25395
6538 3 25396
6539 3 13493
6539 3 13498
6539 3 14020
6539 3 16998
6539 3 31681
6540 3 11774
6540 3 14020
6540 3 16764
6540 3 18442
6541 3 14020
6541 3 14908
6541 3 30417
6542 3 11500
6542 3 14020
6542 3 14667
6543 3 14020
6543 3 26805
6543 3 26807
6543 3 27910
6544 3 11774
6544 3 11829
6544 3 14020
6545 3 11278
6545 3 14020
6545 3 25755
6545 3 26738
6545 3 30719
6546 3 14020
6546 3 16340
6546 3 27039
6547 0 12659
6547 3 14020
6547 3 26856
6547 3 29263
6547 13 13819
6548 3 13493
6548 3 13498
6548 3 14020
6548 3 16998
6548 3 31681
6549 3 14020
6549 3 14908
6549 3 30417
6550 3 11837
6550 3 14020
6550 3 14908
6551 3 11774
6551 3 14020
6551 3 18441
6551 3 18442
6552 3 11278
6552 3 14020
6552 3 26738
6553 3 11278
6553 3 14020
6553 3 26738
6554 3 14020
6554 3 26805
6554 3 26807
6554 3 27910
6555 3 11500
6555 3 14020
6555 3 14667
6556 3 11774
6556 3 14020
6556 3 19062
6556 3 19063
6557 3 14020
6557 3 14421
6557 3 26739
6558 3 14020
6558 3 26738
6558 3 31230
6559 3 11774
6559 3 11829
6559 3 14020
6560 3 14020
6560 3 14862
6560 3 17230
6561 3 11278
6561 3 14020
6561 3 26738
6562 3 13169
6562 3 14020
6562 3 26641
6563 3 14020
6563 3 19923
6563 3 29168
6564 3 14020
6564 3 17231
6564 3 27910
6565 3 14020
6565 3 14908
6565 3 30417
6566 3 11774
6566 3 14020
6566 3 19062
6566 3 19063
6567 3 11774
6567 3 14020
6567 3 25395
6567 3 25396
6568 3 14020
6568 3 15161
6568 3 26738
6569 3 11774
6569 3 11829
6569 3 14020
6570 3 14020
6570 3 14666
6570 3 26856
6571 3 11277
6571 3 13169
6571 3 14020
6571 3 14861
6571 3 26738
6572 3 11774
6572 3 14020
6572 3 14064
6572 3 19062
6573 3 11278
6573 3 14020
6573 3 26738
6574 3 11774
6574 3 14020
6574 3 19062
6574 3 19063
6575 3 11774
6575 3 14020
6575 3 25395
6575 3 25396
6576 3 14020
6576 3 19923
6576 3 29168
6577 3 13164
6577 3 14020
6577 3 26856
6577 3 29263
6578 3 11500
6578 3 14020
6578 3 14667
6579 3 13346
6579 3 14020
6579 3 29270
6579 3 31681
6580 3 11278
6580 3 14020
6580 3 26738
6581 3 11774
6581 3 14020
6581 3 18442
6581 3 26831
6582 3 13520
6582 3 14020
6582 3 30720
6583 3 14020
6583 3 14908
6583 3 30417
6584 3 14020
6584 3 15161
6584 3 26738
6585 3 11774
6585 3 11830
6585 3 14020
6585 3 18442
6586 3 12785
6586 3 14020
6586 3 19923
6587 3 11774
6587 3 14020
6587 3 19062
6587 3 19063
6588 3 11774
6588 3 14020
6588 3 16764
6588 3 18442
6589 3 14020
6589 3 24348
6590 3 14020
6590 3 26805
6590 3 26807
6590 3 27910
6591 3 11278
6591 3 14020
6591 3 26738
6592 3 14020
6592 3 16340
6592 3 27039
6593 3 11774
6593 3 14020
6593 3 29126
6594 3 11278
6594 3 14020
6594 3 26738
6595 3 14020
6595 3 14814
6595 3 14816
6596 3 11277
6596 3 14020
6596 3 26738
6597 3 11773
6597 3 14020
6597 3 24348
6598 3 14020
6598 3 26805
6598 3 26807
6598 3 27910
6599 3 12646
6599 3 14020
6599 3 14665
6599 3 14908
6600 3 14020
6600 3 26629
6600 3 26856
6600 3 29263
6601 3 11277
6601 3 14020
6601 3 26738
6602 3 14020
6602 3 26805
6602 3 26807
6602 3 27910
6603 3 13169
6603 3 14020
6603 3 27189
6603 3 30118
6604 3 11500
6604 3 14020
6604 3 14667
6605 3 14020
6605 3 14667
6605 3 29273
6606 3 14020
6606 3 26805
6606 3 26806
6606 3 27910
6607 3 11277
6607 3 14020
6607 3 26738
6608 3 14020
6608 3 26805
6608 3 26806
6608 3 27910
6609 3 13493
6609 3 13498
6609 3 14020
6609 3 16998
6609 3 31681
6610 3 11774
6610 3 11830
6610 3 14020
6610 3 18442
6611 3 14020
6611 3 16340
6611 3 27039
6612 3 11774
6612 3 13495
6612 3 13507
6612 3 14020
6613 3 13493
6613 3 13498
6613 3 14020
6613 3 16998
6613 3 31681
6614 3 13169
6614 3 14020
6614 3 14861
6615 3 11837
6615 3 14020
6615 3 14908
6616 3 11500
6616 3 14020
6616 3 14667
6616 3 18282
6616 3 27910
6616 3 27912
6617 3 14020
6617 3 14280
6617 3 23263
6618 3 14020
6618 3 14908
6618 3 30417
6619 3 14020
6619 3 17054
6619 3 27039
6620 3 11837
6620 3 14020
6620 3 14908
6621 3 14020
6621 3 26805
6621 3 26806
6621 3 27910
6622 3 14020
6622 3 26738
6623 3 14020
6623 3 25755
6623 3 26738
6623 3 30719
6624 3 14020
6624 3 14421
6624 3 26739
6625 3 14020
6625 3 26805
6625 3 26806
6625 3 27910
6626 3 14020
6626 3 16340
6626 3 27039
6627 3 14020
6627 3 14863
6627 3 26856
6628 3 14020
6628 3 19923
6628 3 31228
6629 3 11774
6629 3 14020
6629 3 19062
6629 3 19063
6630 3 11772
6630 3 11774
6630 3 14020
6630 3 18162
6630 3 19071
6631 3 11500
6631 3 14020
6631 3 14667
6632 3 11774
6632 3 14020
6632 3 16764
6632 3 18442
6633 3 13520
6633 3 13728
6633 3 14020
6634 3 14020
6634 3 16340
6634 3 27039
6635 3 11278
6635 3 14020
6635 3 26738
6636 3 11500
6636 3 14020
6636 3 14667
6637 3 13499
6637 3 14020
6637 3 24348
6638 3 13499
6638 3 14020
6638 3 24348
6639 3 14020
6639 3 14802
6639 3 29270
6639 3 31681
6640 3 11500
6640 3 14020
6640 3 14667
6641 3 14020
6641 3 14480
6641 3 18791
6642 3 14020
6642 3 26805
6642 3 26806
6642 3 27910
6643 3 14020
6643 3 14670
6643 3 29819
6644 3 14020
6644 3 14908
6644 3 30417
6645 3 14020
6645 3 14908
6645 3 30417
6646 3 14020
6646 3 26805
6646 3 26806
6646 3 27910
6647 3 11774
6647 3 14020
6647 3 18441
6647 3 18442
6648 3 14020
6648 3 14480
6648 3 18791
6649 3 11500
6649 3 14020
6649 3 14480
6649 3 14667
6649 3 18791
6650 3 14020
6650 3 14480
6650 3 18791
6651 3 14020
6651 3 14421
6651 3 26739
6652 3 14020
6652 3 15158
6652 3 29999
6653 3 14020
6653 3 14863
6653 3 26856
6654 3 11277
6654 3 14020
6654 3 26738
6655 3 11278
6655 3 14020
6655 3 26738
6656 3 14020
6656 3 16340
6656 3 27039
6657 3 14020
6657 3 14480
6657 3 18791
6658 3 11774
6658 3 14020
6658 3 16764
6658 3 18442
6659 3 14020
6659 3 24348
6659 3 30272
6660 3 11500
6660 3 14020
6660 3 14667
6661 3 11774
6661 3 14020
6661 3 18442
6661 3 26829
6662 3 14020
6662 3 14667
6662 3 26816
6663 3 13493
6663 3 13498
6663 3 14020
6663 3 16998
6663 3 31681
6664 3 14020
6664 3 26738
6665 3 14020
6665 3 14867
6665 3 16998
6665 3 25387
6665 3 31681
6666 3 14020
6666 3 14480
6666 3 18791
6667 3 11837
6667 3 14020
6667 3 14908
6668 3 11500
6668 3 14020
6668 3 14667
6669 3 14020
6669 3 14908
6669 3 30417
6670 3 11278
6670 3 14020
6670 3 26738
6671 3 14020
6671 3 14908
6671 3 30417
6672 3 14020
6672 3 14908
6672 3 30417
6673 3 14020
6673 3 14480
6673 3 18791
6674 3 14020
6674 3 25755
6674 3 26738
6674 3 30719
6675 3 14020
6675 3 26805
6675 3 26807
6675 3 27910
6676 3 11774
6676 3 14020
6676 3 19062
6676 3 19063
6677 3 11500
6677 3 14020
6677 3 14667
6678 3 14020
6678 3 17612
6678 3 27039
6679 3 11774
6679 3 11830
6679 3 14020
6679 3 18442
6680 3 14020
6680 3 26738
6680 3 30034
6681 3 13167
6681 3 14020
6681 3 14908
6682 3 14020
6682 3 18282
6682 3 27910
6682 3 27912
6683 3 11277
6683 3 14020
6683 3 26738
6684 3 14020
6684 3 26805
6684 3 26807
6684 3 27910
6685 3 11774
6685 3 11829
6685 3 14020
6686 3 14020
6686 3 25699
6686 3 31681
6687 3 11277
6687 3 14020
6687 3 26738
6688 3 13493
6688 3 13498
6688 3 14020
6688 3 16998
6688 3 31681
6689 3 11277
6689 3 14020
6689 3 26738
6690 3 13520
6690 3 14020
6690 3 25128
6691 3 11278
6691 3 14020
6691 3 26738
6692 3 11774
6692 3 11829
6692 3 14020
6693 3 13497
6693 3 14020
6693 3 14667
6694 3 11277
6694 3 14020
6694 3 26738
6695 3 14020
6695 3 26805
6695 3 26806
6695 3 27910
6696 3 14020
6696 3 14667
6696 3 29273
6697 3 14020
6697 3 17612
6697 3 27039
6698 3 11774
6698 3 11829
6698 3 14020
6699 3 11500
6699 3 14020
6699 3 14667
6700 3 13493
6700 3 13498
6700 3 14020
6700 3 16998
6700 3 31681
6701 3 14020
6701 3 25755
6701 3 26738
6701 3 30719
6702 3 13164
6702 3 14020
6702 3 26856
6702 3 29263
6703 3 14020
6703 3 14863
6703 3 26856
6704 3 14020
6704 3 19923
6704 3 19924
6705 3 13493
6705 3 13498
6705 3 14020
6705 3 16998
6705 3 31681
6706 3 11278
6706 3 14020
6706 3 26738
6707 3 14020
6707 3 26738
6707 3 31230
6708 3 13493
6708 3 13498
6708 3 14020
6708 3 16998
6708 3 31681
6709 3 13169
6709 3 14020
6709 3 25393
6709 3 27189
6710 3 14020
6710 3 18389
6710 3 18791
6710 9 26833
6710 9 30273
6711 3 11277
6711 3 14020
6711 3 26738
6712 3 14020
6712 3 14670
6712 3 17243
6712 3 30206
6712 3 30595
6713 3 14020
6713 3 26805
6713 3 26807
6713 3 27910
6714 3 14020
6714 3 27910
6715 3 13520
6715 3 14020
6715 3 30720
6716 3 11500
6716 3 14020
6716 3 14667
6717 3 14020
6717 3 15158
6717 3 15976
6718 3 14020
6718 3 14667
6718 3 26816
6719 3 14020
6719 3 18437
6719 3 27910
6720 3 14020
6720 3 15158
6720 3 30780
6721 3 14020
6721 3 26805
6721 3 26807
6721 3 27910
6722 3 11774
6722 3 14020
6722 3 19062
6722 3 19063
6723 3 14020
6723 3 14908
6723 3 30417
6724 3 14020
6724 3 19923
6724 3 19924
6725 3 12358
6725 3 14020
6725 3 14667
6726 3 14020
6726 3 14908
6726 3 30417
6727 3 13493
6727 3 13498
6727 3 14020
6727 3 16998
6727 3 31681
6728 3 11774
6728 3 14020
6728 3 19062
6728 3 19063
6729 3 14020
6729 3 16340
6729 3 27039
6730 3 14020
6730 3 19923
6730 3 29168
6731 3 13169
6731 3 14020
6731 3 27189
6731 3 30118
6732 3 14020
6732 3 14421
6732 3 26739
6733 3 11774
6733 3 14020
6733 3 18442
6733 3 26756
6734 3 13498
6734 3 14020
6734 3 16998
6734 3 19107
6734 3 31681
6735 3 11837
6735 3 14020
6735 3 14908
6736 3 11774
6736 3 14020
6736 3 16764
6736 3 18442
6737 3 14020
6737 3 14908
6737 3 30417
6738 3 14020
6738 3 26629
6738 3 26856
6738 3 29263
6739 3 14020
6739 3 24348
6739 3 26740
6740 3 13499
6740 3 14020
6740 3 24348
6741 3 14020
6741 3 15691
6741 3 24348
6742 3 11774
6742 3 11829
6742 3 14020
6743 3 11774
6743 3 14020
6743 3 19062
6743 3 19063
6744 3 11774
6744 3 14020
6744 3 19062
6744 3 19063
6745 3 14020
6745 3 16340
6745 3 27039
6746 3 11774
6746 3 14020
6746 3 19062
6746 3 19063
6747 3 14020
6747 3 26805
6747 3 26806
6747 3 27910
6748 3 14020
6748 3 15691
6748 3 24348
6749 3 14020
6749 3 14908
6749 3 30417
6750 3 14020
6750 3 17612
6750 3 27039
6751 3 11774
6751 3 11829
6751 3 14020
6752 3 13169
6752 3 14020
6752 3 14861
6753 3 14020
6753 3 14863
6753 3 26856
6754 3 14020
6754 3 22463
6754 3 22464
6755 3 11774
6755 3 14020
6755 3 25395
6755 3 25396
6756 3 11774
6756 3 14020
6756 3 18442
6756 3 26829
6757 3 14020
6757 3 24324
6757 3 26856
6757 3 29263
6758 3 14020
6758 3 26805
6758 3 26807
6758 3 27910
6759 3 14020
6759 3 26738
6759 3 30034
6760 3 14020
6760 3 25755
6760 3 26738
6761 3 14020
6761 3 26805
6761 3 26807
6761 3 27910
6762 3 14020
6762 3 15161
6762 3 26738
6763 3 11773
6763 3 14020
6763 3 24348
6764 3 14020
6764 3 26856
6764 3 29263
6765 3 11774
6765 3 14020
6765 3 29126
6766 3 14020
6766 3 14862
6766 3 17230
6767 3 14020
6767 3 15158
6767 3 16556
6768 3 13277
6768 3 13346
6768 3 14020
6768 3 29270
6768 3 31681
6769 3 11772
6769 3 11774
6769 3 14020
6769 3 18162
6769 3 19071
6770 3 14020
6770 3 19923
6770 3 29264
6771 3 11773
6771 3 14020
6771 3 24348
6772 3 14020
6772 3 17230
6772 3 20327
6773 3 11774
6773 3 11829
6773 3 14020
6774 3 14020
6774 3 15158
6774 3 16556
6775 3 11774
6775 3 13495
6775 3 13507
6775 3 14020
6776 3 11278
6776 3 14020
6776 3 26738
6777 3 11774
6777 3 14020
6777 3 14064
6777 3 19062
6778 3 14020
6778 3 14908
6778 3 30417
6779 3 11774
6779 3 14020
6779 3 16764
6779 3 18442
6780 3 14020
6780 3 26738
6780 3 31230
6781 0 28388
6781 3 11278
6781 3 14020
6781 3 26738
6781 9 26856
6781 9 29265
6781 13 18909
6781 14 11056
6782 3 14020
6782 3 25755
6782 3 26738
6782 3 30719
6783 3 14020
6783 3 25085
6783 3 29269
6784 3 14020
6784 3 14421
6784 3 14909
6785 3 14020
6785 3 26856
6785 3 29263
6786 3 11277
6786 3 14020
6786 3 26738
6787 3 14020
6787 3 15691
6787 3 24348
6788 3 14020
6788 3 25085
6788 3 29269
6789 3 11774
6789 3 14020
6789 3 18442
6789 3 26831
6790 3 13169
6790 3 14020
6790 3 16543
6791 3 14020
6791 3 26765
6791 3 27910
6792 3 14020
6792 3 25756
6792 3 27910
6792 3 27918
6793 3 13493
6793 3 13498
6793 3 14020
6793 3 16998
6793 3 31681
6794 3 14020
6794 3 24348
6795 3 11774
6795 3 14020
6795 3 18442
6795 3 26812
6796 3 13493
6796 3 13498
6796 3 14020
6796 3 16998
6796 3 31681
6797 3 12646
6797 3 14020
6797 3 14665
6797 3 14908
6798 3 11500
6798 3 14020
6798 3 14667
6799 3 14020
6799 3 26805
6799 3 26806
6799 3 27910
6800 3 14020
6800 3 14863
6800 3 26856
6801 3 11277
6801 3 14020
6801 3 26738
6802 0 14576
6802 3 14020
6802 3 15161
6802 3 26738
6802 9 27262
6802 9 27914
6802 13 22716
6802 13 26551
6803 3 14020
6803 3 19923
6803 3 31228
6804 3 11774
6804 3 14020
6804 3 18442
6804 3 26829
6805 3 11774
6805 3 11829
6805 3 14020
6806 3 14020
6806 3 14802
6806 3 29270
6806 3 31681
6807 3 11774
6807 3 14020
6807 3 18442
6807 3 26829
6808 3 11774
6808 3 11829
6808 3 14020
6809 3 14020
6809 3 14667
6809 3 29273
6810 3 14020
6810 3 26856
6810 3 29263
6811 3 14020
6811 3 26805
6811 3 26806
6811 3 27910
6812 3 14020
6812 3 25755
6812 3 26738
6813 3 14020
6813 3 14908
6813 3 30417
6814 3 11774
6814 3 14020
6814 3 18442
6814 3 26831
6815 3 14020
6815 3 14863
6815 3 26856
6816 3 11774
6816 3 11830
6816 3 14020
6816 3 18442
6817 3 11500
6817 3 14020
6817 3 14667
6818 3 14020
6818 3 26805
6818 3 26806
6818 3 27910
6819 3 14020
6819 3 17231
6819 3 27910
6820 3 14020
6820 3 17054
6820 3 27039
6821 3 14020
6821 3 25699
6821 3 31681
6821 9 11779
6821 9 26745
6822 3 13493
6822 3 13498
6822 3 14020
6822 3 16998
6822 3 31681
6823 3 11772
6823 3 11774
6823 3 14020
6823 3 18162
6823 3 19071
6824 3 11837
6824 3 14020
6824 3 14908
6825 3 11837
6825 3 14020
6825 3 14908
6826 0 19888
6826 3 14020
6826 3 26629
6826 3 26856
6826 3 29263
6826 9 16342
6826 13 30176
6826 14 11060
6827 3 11278
6827 3 14020
6827 3 26738
6828 3 14020
6828 3 14908
6828 3 30417
6829 3 14020
6829 3 26805
6829 3 26807
6829 3 27910
6830 3 14020
6830 3 25755
6830 3 26738
6830 3 30719
6831 3 14020
6831 3 17054
6831 3 27039
6832 3 14020
6832 3 25085
6832 3 29269
6833 3 14020
6833 3 15691
6833 3 24348
6834 3 13493
6834 3 13498
6834 3 14020
6834 3 16998
6834 3 31681
6835 3 11500
6835 3 14020
6835 3 14667
6836 3 11774
6836 3 14020
6836 3 29126
6837 3 11774
6837 3 14020
6837 3 19062
6837 3 19063
6838 3 13164
6838 3 14020
6838 3 26856
6838 3 29263
6839 3 11837
6839 3 14020
6839 3 14908
6840 3 11837
6840 3 14020
6840 3 14908
6841 3 14020
6841 3 14665
6841 3 14908
6841 3 25245
6842 3 14020
6842 3 14867
6842 3 16998
6842 3 19185
6842 3 31681
6843 3 14020
6843 3 14863
6843 3 26856
6844 3 13632
6844 3 14020
6844 3 25755
6844 3 26738
6845 3 14020
6845 3 24348
6845 3 30272
6846 3 14020
6846 3 19923
6846 3 29168
6847 3 11774
6847 3 14020
6847 3 18161
6847 3 18162
6848 3 14020
6848 3 25755
6848 3 26738
6848 3 30719
6849 3 14020
6849 3 14863
6849 3 26856
6850 3 14020
6850 3 14863
6850 3 26856
6851 3 11277
6851 3 14020
6851 3 26738
6852 3 14020
6852 3 14665
6852 3 14908
6852 3 25245
6853 3 11774
6853 3 14020
6853 3 19062
6853 3 19063
6854 3 11774
6854 3 11829
6854 3 14020
6855 3 14020
6855 3 15691
6855 3 24348
6856 3 14020
6856 3 25085
6856 3 29269
6857 3 11774
6857 3 11829
6857 3 14020
6858 3 11277
6858 3 14020
6858 3 26738
6859 3 14020
6859 3 16344
6859 3 26738
6860 3 14020
6860 3 26805
6860 3 26806
6860 3 27910
6861 3 14020
6861 3 15691
6861 3 24348
6862 3 11837
6862 3 14020
6862 3 14908
6863 3 13493
6863 3 13498
6863 3 14020
6863 3 16998
6863 3 31681
6864 3 14020
6864 3 26738
6864 3 30034
6865 3 14020
6865 3 16340
6865 3 27039
6866 3 14020
6866 3 17612
6866 3 27039
6867 3 11278
6867 3 14020
6867 3 26738
6868 3 14020
6868 3 15158
6868 3 15976
6869 3 14020
6869 3 14908
6869 3 30417
6870 3 14020
6870 3 19923
6870 3 29168
6871 3 11774
6871 3 14020
6871 3 16764
6871 3 18442
6872 3 11774
6872 3 14020
6872 3 16764
6872 3 18442
6873 3 14020
6873 3 24324
6873 3 26856
6873 3 29263
6874 3 11774
6874 3 11829
6874 3 14020
6875 3 14020
6875 3 14667
6875 3 26816
6876 3 12646
6876 3 14020
6876 3 14665
6876 3 14908
6877 3 14020
6877 3 18437
6877 3 27910
6878 3 14020
6878 3 15691
6878 3 24348
6879 3 14020
6879 3 14908
6879 3 30417
6880 3 14020
6880 3 14908
6880 3 30417
6881 3 11774
6881 3 11829
6881 3 14020
6882 3 14020
6882 3 15160
6882 3 27175
6883 3 11774
6883 3 14020
6883 3 18442
6883 3 26829
6884 3 11774
6884 3 14020
6884 3 19062
6884 3 19063
6885 3 14020
6885 3 25756
6885 3 27910
6885 3 27918
6886 3 11774
6886 3 14020
6886 3 19062
6886 3 19063
6887 0 31678
6887 3 14020
6887 3 24348
6887 3 26740
6887 9 30899
6887 13 31678
6887 14 11060
6888 3 13169
6888 3 14020
6888 3 14861
6889 3 14020
6889 3 26856
6889 3 29263
6890 3 14020
6890 3 17537
6890 3 26856
6891 3 14020
6891 3 14908
6891 3 30417
6892 3 14020
6892 3 26738
6892 3 30034
6893 3 11837
6893 3 14020
6893 3 14908
6894 3 14020
6894 3 14908
6894 3 30417
6895 3 11774
6895 3 11829
6895 3 14020
6896 3 11774
6896 3 14020
6896 3 19062
6896 3 19063
6897 3 14020
6897 3 19923
6897 3 29168
6898 3 11500
6898 3 14020
6898 3 14667
6899 3 13493
6899 3 13498
6899 3 14020
6899 3 16998
6899 3 31681
6900 3 14020
6900 3 14862
6900 3 17230
6901 3 13497
6901 3 14020
6901 3 14667
6902 3 13497
6902 3 14020
6902 3 14667
6903 3 14020
6903 3 14862
6903 3 17230
6904 3 14020
6904 3 25828
6904 3 25835
6904 3 31229
6905 3 11774
6905 3 14020
6905 3 18442
6905 3 26829
6906 3 14020
6906 3 26805
6906 3 26807
6906 3 27910
6907 3 11774
6907 3 14020
6907 3 19062
6907 3 19063
6908 3 13493
6908 3 13498
6908 3 14020
6908 3 16998
6908 3 31681
6909 3 11278
6909 3 14020
6909 3 26738
6910 3 14020
6910 3 17054
6910 3 27039
6911 3 14020
6911 3 14421
6911 3 26739
6912 3 11774
6912 3 14020
6912 3 16764
6912 3 18442
6913 3 14020
6913 3 14480
6913 3 18791
6914 3 14020
6914 3 15691
6914 3 24348
6915 3 13346
6915 3 14020
6915 3 29270
6915 3 31681
6916 3 13277
6916 3 13346
6916 3 14020
6916 3 29270
6916 3 31681
6917 3 14020
6917 3 16998
6917 3 17172
6917 3 28598
6917 3 31681
6918 3 14020
6918 3 14421
6918 3 26739
6919 3 14020
6919 3 14421
6919 3 14909
6920 3 11774
6920 3 14020
6920 3 19062
6920 3 19063
6921 3 14020
6921 3 14667
6921 3 26816
6922 3 14020
6922 3 16998
6922 3 28598
6922 3 29780
6922 3 31681
6923 3 11773
6923 3 14020
6923 3 24348
6924 3 14020
6924 3 25755
6924 3 26738
6924 3 30719
6925 3 11774
6925 3 11816
6925 3 14020
6925 3 19062
6926 3 14020
6926 3 26738
6927 3 14020
6927 3 26805
6927 3 26806
6927 3 27910
6928 3 14020
6928 3 26805
6928 3 26806
6928 3 27910
6929 3 11774
6929 3 14020
6929 3 16764
6929 3 18442
6930 3 14020
6930 3 25755
6930 3 26738
6931 3 14020
6931 3 24348
6931 3 26740
6932 3 14020
6932 3 14862
6932 3 17230
6933 3 13520
6933 3 14020
6933 3 30720
6934 0 20880
6934 3 13493
6934 3 13498
6934 3 14020
6934 3 16998
6934 3 31681
6934 9 17232
6934 13 20880
6934 13 26569
6934 13 31775
6934 14 11057
6934 14 11057
6935 3 14020
6935 3 15158
6935 3 15976
6936 3 11774
6936 3 11829
6936 3 14020
6937 3 14020
6937 3 15161
6937 3 26738
6938 3 13493
6938 3 13498
6938 3 14020
6938 3 16998
6938 3 31681
6939 3 11774
6939 3 14020
6939 3 19062
6939 3 19063
6940 3 14020
6940 3 14863
6940 3 26856
6941 3 12785
6941 3 14020
6941 3 19923
6942 3 14020
6942 3 14867
6942 3 15786
6942 3 16998
6942 3 31681
6943 3 11500
6943 3 14020
6943 3 14667
6944 3 11278
6944 3 14020
6944 3 26738
6945 3 14020
6945 3 14908
6945 3 30417
6946 3 14020
6946 3 14667
6946 3 26816
6947 3 14020
6947 3 17612
6947 3 27039
6948 0 27251
6948 3 13493
6948 3 13498
6948 3 14020
6948 3 16998
6948 3 31681
6948 9 25399
6948 13 27251
6948 14 11061
6949 3 11773
6949 3 14020
6949 3 24348
6950 3 13520
6950 3 14020
6950 3 25128
6951 3 14020
6951 3 14908
6951 3 25883
6952 3 13493
6952 3 13498
6952 3 14020
6952 3 16998
6952 3 31681
6953 3 11774
6953 3 14020
6953 3 16764
6953 3 18442
6954 3 11773
6954 3 14020
6954 3 24348
6955 3 14020
6955 3 16998
6955 3 28598
6955 3 29780
6955 3 31681
6956 3 14020
6956 3 17096
6956 3 28250
6956 3 31681
6957 3 11774
6957 3 14020
6957 3 29126
6958 3 14020
6958 3 14667
6958 3 26816
6959 3 14020
6959 3 18043
6959 3 25755
6959 3 26738
6960 3 11278
6960 3 14020
6960 3 26738
6961 3 11774
6961 3 11829
6961 3 14020
6962 3 14020
6962 3 26856
6962 3 29263
6963 3 14020
6963 3 14480
6963 3 18791
6964 3 11294
6964 3 14020
6964 3 29271
6964 3 31681
6965 0 18405
6965 3 11774
6965 3 14020
6965 3 19062
6965 3 19063
6965 9 14913
6966 3 14020
6966 3 14908
6966 3 30417
6967 3 11500
6967 3 14020
6967 3 14667
6968 3 13493
6968 3 13498
6968 3 14020
6968 3 16998
6968 3 31681
6969 3 14020
6969 3 14421
6969 3 26739
6970 3 11774
6970 3 14020
6970 3 19062
6970 3 19063
6971 3 14020
6971 3 14480
6971 3 18791
6972 3 14020
6972 3 14667
6972 3 26816
6973 3 14020
6973 3 14480
6973 3 18791
6974 3 14020
6974 3 25755
6974 3 26738
6974 3 30719
6975 3 11774
6975 3 11829
6975 3 14020
6976 3 13164
6976 3 14020
6976 3 26856
6976 3 29263
6977 3 14020
6977 3 14667
6977 3 26816
6978 3 14020
6978 3 25755
6978 3 26738
6979 3 14020
6979 3 25755
6979 3 26738
6980 3 14020
6980 3 18043
6980 3 25755
6980 3 26738
6981 3 14020
6981 3 15161
6981 3 26738
6982 3 13493
6982 3 13498
6982 3 14020
6982 3 16998
6982 3 31681
6983 0 16795
6983 3 13493
6983 3 13498
6983 3 14020
6983 3 16998
6983 3 31681
6983 9 25398
6983 13 25509
6983 14 11060
6984 3 11774
6984 3 11829
6984 3 14020
6985 3 14020
6985 3 14814
6985 3 14816
6986 0 11526
6986 3 13520
6986 3 14020
6986 3 14666
6986 3 26856
6986 3 30720
6986 9 14865
6986 13 17641
6986 14 11060
6987 3 11837
6987 3 14020
6987 3 14908
6988 3 11500
6988 3 14020
6988 3 14667
6989 3 13493
6989 3 13498
6989 3 14020
6989 3 16998
6989 3 31681
6990 3 11500
6990 3 14020
6990 3 14667
6991 3 11278
6991 3 14020
6991 3 26738
6992 3 14020
6992 3 25755
6992 3 26738
6992 3 30719
6993 3 11500
6993 3 14020
6993 3 14667
6994 3 14020
6994 3 25755
6994 3 26738
6994 3 30719
6995 3 14020
6995 3 17537
6995 3 26856
6996 0 29919
6996 3 11837
6996 3 14020
6996 3 14908
6996 9 14913
6996 13 13114
6996 14 11056
6997 3 14020
6997 3 15158
6997 3 16556
6998 3 14020
6998 3 26805
6998 3 26807
6998 3 27910
6999 3 13493
6999 3 13498
6999 3 14020
6999 3 16998
6999 3 31681
7000 3 14020
7000 3 14908
7000 3 30417
7001 3 11278
7001 3 14020
7001 3 26738
7002 3 14020
7002 3 14863
7002 3 26856
7003 0 23370
7003 3 11278
7003 3 14020
7003 3 26738
7003 9 15162
7003 9 15976
7003 9 25713
7003 14 11060
7004 3 11774
7004 3 14020
7004 3 25395
7004 3 25396
7005 3 11773
7005 3 14020
7005 3 24348
7006 3 14020
7006 3 25085
7006 3 29269
7007 3 14020
7007 3 26738
7007 3 31230
7008 3 14020
7008 3 17612
7008 3 27039
7009 3 14020
7009 3 17202
7009 3 22463
7010 3 11772
7010 3 11774
7010 3 14020
7010 3 14421
7010 3 18162
7010 3 18438
7010 3 19071
7011 3 14020
7011 3 26738
7011 3 29126
7012 3 14020
7012 3 26738
7012 3 30034
7013 3 14020
7013 3 26856
7013 3 29263
7014 3 13520
7014 3 14020
7014 3 25128
7015 3 14020
7015 3 25755
7015 3 26738
7015 3 30719
7016 3 14020
7016 3 25085
7016 3 29269
7017 3 11774
7017 3 14020
7017 3 25395
7017 3 25396
7018 3 13520
7018 3 14020
7018 3 25128
7019 3 14020
7019 3 16340
7019 3 27039
7020 3 14020
7020 3 14908
7020 3 30417
7021 3 11774
7021 3 11829
7021 3 14020
7022 3 14020
7022 3 26738
7022 3 31230
7023 3 14020
7023 3 16998
7023 3 25701
7023 3 28598
7023 3 31681
7024 3 14020
7024 3 14863
7024 3 26856
7025 3 14020
7025 3 26805
7025 3 26807
7025 3 27910
7026 3 14020
7026 3 19923
7026 3 29168
7027 3 14020
7027 3 24348
7027 3 30272
7028 3 14020
7028 3 14908
7028 3 30417
7029 3 14020
7029 3 25756
7029 3 27910
7029 3 27918
7030 3 14020
7030 3 14863
7030 3 26856
7031 3 11500
7031 3 14020
7031 3 14667
7032 3 14020
7032 3 25085
7032 3 29269
7033 3 12785
7033 3 14020
7033 3 19923
7034 3 14020
7034 3 14867
7034 3 16998
7034 3 19185
7034 3 31681
7035 3 11773
7035 3 14020
7035 3 24348
7036 3 14020
7036 3 14421
7036 3 26739
7037 3 14020
7037 3 14908
7037 3 30417
7038 3 14020
7038 3 26738
7038 3 30034
7039 3 14020
7039 3 24348
7039 3 26740
7040 3 14020
7040 3 15158
7040 3 15976
7041 3 14020
7041 3 25085
7041 3 29269
7042 3 14020
7042 3 26741
7042 3 27039
7043 3 13493
7043 3 13498
7043 3 14020
7043 3 16998
7043 3 31681
7044 3 11837
7044 3 14020
7044 3 14908
7045 3 11774
7045 3 11829
7045 3 14020
7046 3 14020
7046 3 14908
7046 3 30417
7047 3 11774
7047 3 14020
7047 3 18442
7047 3 26829
7048 3 14020
7048 3 14863
7048 3 26856
7049 3 14020
7049 3 26738
7049 3 31230
7050 3 14020
7050 3 18389
7050 3 18791
7051 3 13493
7051 3 13498
7051 3 14020
7051 3 16998
7051 3 31681
7052 3 14020
7052 3 14802
7052 3 29270
7052 3 31681
7053 3 14020
7053 3 26805
7053 3 26807
7053 3 27910
7054 3 11277
7054 3 14020
7054 3 26738
7055 3 13493
7055 3 13498
7055 3 14020
7055 3 16998
7055 3 31681
7056 3 14020
7056 3 14863
7056 3 26856
7057 3 14020
7057 3 26856
7057 3 29263
7058 3 14020
7058 3 15161
7058 3 26738
7059 3 14020
7059 3 26738
7059 3 30034
7060 3 14020
7060 3 17054
7060 3 27039
7061 3 11774
7061 3 14020
7061 3 19062
7061 3 19063
7062 3 14020
7062 3 16152
7062 3 25755
7062 3 26738
7063 3 14020
7063 3 14908
7063 3 30417
7064 3 11774
7064 3 11829
7064 3 14020
7065 3 11774
7065 3 14020
7065 3 25395
7065 3 25396
7066 3 14020
7066 3 25756
7066 3 27910
7066 3 27918
7067 3 14020
7067 3 17612
7067 3 27039
7068 3 13494
7068 3 14020
7068 3 17230
7068 3 19117
7069 3 14020
7069 3 17537
7069 3 26856
7070 3 11774
7070 3 14020
7070 3 19062
7070 3 19063
7071 3 13493
7071 3 13498
7071 3 14020
7071 3 16998
7071 3 31681
7072 3 11837
7072 3 14020
7072 3 14908
7073 3 14020
7073 3 17230
7073 3 20327
7074 3 14020
7074 3 14908
7074 3 30417
7075 3 14020
7075 3 14665
7075 3 14908
7075 3 25245
7076 3 11774
7076 3 14020
7076 3 19062
7076 3 19063
7077 3 14020
7077 3 26805
7077 3 26806
7077 3 27910
7078 3 11278
7078 3 14020
7078 3 26738
7079 3 14020
7079 3 26805
7079 3 26806
7079 3 27910
7080 3 14020
7080 3 26805
7080 3 26806
7080 3 27910
7081 3 14020
7081 3 14908
7081 3 30417
7082 3 13520
7082 3 14020
7082 3 25128
7083 3 11278
7083 3 14020
7083 3 26738
7084 3 14020
7084 3 26856
7084 3 29263
7085 3 14020
7085 3 25755
7085 3 26738
7086 3 11500
7086 3 14020
7086 3 14667
7087 3 14020
7087 3 14908
7087 3 30417
7088 3 14020
7088 3 25755
7088 3 26738
7088 3 30719
7089 3 13498
7089 3 14020
7089 3 16998
7089 3 19107
7089 3 31681
7090 3 13498
7090 3 14020
7090 3 15691
7090 3 16998
7090 3 19107
7090 3 24348
7090 3 31681
7091 3 13498
7091 3 14020
7091 3 16998
7091 3 19107
7091 3 31681
7091 9 17232
7092 3 11278
7092 3 14020
7092 3 26738
7093 3 14020
7093 3 14863
7093 3 26856
7094 3 11157
7094 3 14020
7094 3 19923
7095 3 12358
7095 3 14020
7095 3 14667
7096 3 14020
7096 3 14664
7096 3 19923
7096 3 29783
7097 3 14020
7097 3 25755
7097 3 26738
7097 3 30719
7098 3 12358
7098 3 14020
7098 3 14667
7099 3 11774
7099 3 11829
7099 3 14020
7100 3 11159
7100 3 13169
7100 3 14020
7101 3 11500
7101 3 14020
7101 3 14667
7102 3 14020
7102 3 14280
7102 3 23263
7103 3 11774
7103 3 14020
7103 3 19062
7103 3 19063
7104 3 13346
7104 3 14020
7104 3 29270
7104 3 31681
7105 3 11277
7105 3 14020
7105 3 26738
7106 3 14020
7106 3 14908
7106 3 30417
7107 3 14020
7107 3 27910
7108 3 13169
7108 3 14020
7108 3 14861
7109 3 14020
7109 3 17537
7109 3 26856
7110 3 13493
7110 3 13498
7110 3 14020
7110 3 16998
7110 3 31681
7111 3 11774
7111 3 14020
7111 3 19062
7111 3 19063
7112 3 13169
7112 3 14020
7112 3 29161
7113 3 11773
7113 3 14020
7113 3 24348
7114 3 11500
7114 3 14020
7114 3 14667
7115 3 14020
7115 3 26805
7115 3 26806
7115 3 27910
7116 3 13493
7116 3 13498
7116 3 14020
7116 3 16998
7116 3 31681
7117 3 14020
7117 3 14665
7117 3 14908
7117 3 25245
7118 3 13493
7118 3 13498
7118 3 14020
7118 3 16998
7118 3 31681
7119 3 14020
7119 3 26738
7119 3 29188
7120 3 14020
7120 3 26805
7120 3 26807
7120 3 27910
7121 3 11277
7121 3 14020
7121 3 26738
7122 3 11500
7122 3 14020
7122 3 14667
7123 3 11774
7123 3 14020
7123 3 25395
7123 3 25396
7124 3 14020
7124 3 14665
7124 3 14908
7124 3 25245
7125 0 21602
7125 3 13493
7125 3 13498
7125 3 14020
7125 3 16998
7125 3 31681
7125 14 11060
7126 3 14020
7126 3 14421
7126 3 29272
7127 3 11837
7127 3 14020
7127 3 14908
7128 3 14020
7128 3 17612
7128 3 27039
7129 3 14020
7129 3 16340
7129 3 27039
7130 3 14020
7130 3 14665
7130 3 14908
7130 3 25245
7131 3 14020
7131 3 17537
7131 3 26856
7132 3 14020
7132 3 14667
7132 3 29273
7133 3 13164
7133 3 14020
7133 3 26856
7133 3 29263
7134 3 14020
7134 3 26805
7134 3 26806
7134 3 27910
7135 3 13809
7135 3 14020
7135 3 14989
7135 3 28378
7135 3 31681
7136 3 13493
7136 3 13498
7136 3 14020
7136 3 16998
7136 3 31681
7137 3 14020
7137 3 25755
7137 3 26738
7137 3 30719
7138 3 14020
7138 3 17612
7138 3 27039
7139 0 29898
7139 3 11774
7139 3 14020
7139 3 18441
7139 3 18442
7139 9 12439
7139 9 12440
7139 9 17539
7139 9 25405
7139 9 25612
7139 13 30614
7140 3 14020
7140 3 27910
7140 3 27912
7141 3 11277
7141 3 14020
7141 3 26738
7142 3 14020
7142 3 15161
7142 3 26738
7143 0 18127
7143 3 11774
7143 3 11829
7143 3 14020
7143 9 11779
7143 13 18064
7143 14 11060
7144 3 14020
7144 3 26741
7144 3 27039
7145 3 13169
7145 3 14020
7145 3 14271
7145 3 27189
7146 3 11774
7146 3 14020
7146 3 19062
7146 3 19063
7147 0 30203
7147 3 14020
7147 3 14863
7147 3 26856
7147 13 29433
7147 13 30203
7147 14 11060
7148 0 12437
7148 3 14020
7148 3 18043
7148 3 25755
7148 3 26738
7148 9 14865
7148 14 11059
7149 3 14020
7149 3 16994
7149 3 17509
7149 3 26738
7150 3 11774
7150 3 14020
7150 3 17615
7150 3 18442
7151 3 14020
7151 3 14908
7151 3 30417
7152 3 11500
7152 3 14020
7152 3 14667
7153 3 11500
7153 3 14020
7153 3 14667
7154 3 14020
7154 3 14667
7154 3 18058
7155 3 14020
7155 3 14665
7155 3 14908
7155 3 25245
7156 3 11774
7156 3 14020
7156 3 18161
7156 3 18162
7157 3 14020
7157 3 26805
7157 3 26807
7157 3 27910
7158 3 11277
7158 3 14020
7158 3 26738
7159 3 14020
7159 3 14863
7159 3 26856
7160 3 11774
7160 3 14020
7160 3 25395
7160 3 25396
7161 3 11772
7161 3 11774
7161 3 14020
7161 3 18162
7161 3 19071
7162 3 14020
7162 3 25755
7162 3 26738
7163 3 12358
7163 3 14020
7163 3 14667
7164 3 11774
7164 3 14020
7164 3 19062
7164 3 19063
7165 3 13493
7165 3 13498
7165 3 14020
7165 3 16998
7165 3 31681
7166 3 13493
7166 3 13498
7166 3 14020
7166 3 16998
7166 3 31681
7167 3 14020
7167 3 26856
7167 3 29263
7168 3 14020
7168 3 26805
7168 3 26806
7168 3 27910
7169 3 11277
7169 3 14020
7169 3 26738
7170 3 11774
7170 3 14020
7170 3 25395
7170 3 25396
7171 3 11500
7171 3 14020
7171 3 14667
7172 0 23279
7172 3 14020
7172 3 15160
7172 3 27175
7172 9 26744
7172 9 29141
7172 14 11060
7173 3 13520
7173 3 14020
7173 3 30720
7174 3 11774
7174 3 14020
7174 3 29126
7175 3 11774
7175 3 14020
7175 3 19062
7175 3 19782
7176 3 11277
7176 3 14020
7176 3 26738
7177 3 14020
7177 3 19923
7177 3 19924
7177 3 26738
7177 3 31230
7178 3 14020
7178 3 26856
7178 3 29263
7179 3 14020
7179 3 15691
7179 3 24348
7180 3 11837
7180 3 14020
7180 3 14908
7181 1 30607
7181 1 30609
7181 1 30610
7181 1 30611
7181 3 13520
7181 3 14020
7181 3 25128
7182 3 13493
7182 3 13498
7182 3 14020
7182 3 16998
7182 3 31681
7183 3 14020
7183 3 25756
7183 3 27910
7183 3 27918
7184 0 25337
7184 3 11774
7184 3 11829
7184 3 14020
7184 9 14913
7184 14 11060
7185 3 11774
7185 3 11830
7185 3 14020
7185 3 18442
7186 3 12711
7186 3 14020
7186 3 25755
7186 3 26738
7187 3 11278
7187 3 14020
7187 3 26738
7188 3 14020
7188 3 14667
7188 3 26816
7189 3 12711
7189 3 14020
7189 3 25755
7189 3 26738
7190 3 11277
7190 3 14020
7190 3 26738
7191 0 29157
7191 3 13520
7191 3 13728
7191 3 14020
7191 9 16266
7191 9 27917
7191 14 11061
7192 3 14020
7192 3 27910
7192 3 27912
7193 3 14020
7193 3 26805
7193 3 26806
7193 3 27910
7194 3 14020
7194 3 15691
7194 3 24348
7195 3 11278
7195 3 14020
7195 3 26738
7196 3 14020
7196 3 14908
7196 3 30417
7197 3 11774
7197 3 14020
7197 3 18162
7197 3 19071
7198 3 14020
7198 3 25755
7198 3 26738
7199 3 11774
7199 3 14020
7199 3 19062
7199 3 19063
7200 3 11500
7200 3 14020
7200 3 14667
7201 3 11278
7201 3 14020
7201 3 26738
7202 3 14020
7202 3 14908
7202 3 30417
7203 3 14020
7203 3 24348
7203 3 26740
7204 3 14020
7204 3 14908
7204 3 30417
7205 3 14020
7205 3 16340
7205 3 27039
7206 3 11277
7206 3 14020
7206 3 26738
7207 3 13493
7207 3 13498
7207 3 14020
7207 3 16998
7207 3 31681
7208 3 13169
7208 3 14020
7208 3 14861
7209 3 11278
7209 3 14020
7209 3 26738
7210 3 13493
7210 3 13498
7210 3 14020
7210 3 16998
7210 3 31681
7211 3 14020
7211 3 25755
7211 3 26738
7211 3 30719
7212 3 11774
7212 3 11829
7212 3 14020
7213 3 14020
7213 3 14863
7213 3 26856
7214 3 14020
7214 3 14667
7214 3 29273
7215 3 13520
7215 3 14020
7215 3 30720
7216 0 21858
7216 3 11277
7216 3 14020
7216 3 26738
7216 9 26743
7216 13 18216
7217 3 11774
7217 3 13495
7217 3 13507
7217 3 14020
7218 0 30143
7218 3 12711
7218 3 14020
7218 3 25755
7218 3 26738
7218 9 26743
7218 13 13471
7218 14 11056
7219 3 14020
7219 3 19923
7219 3 31228
7220 3 11500
7220 3 14020
7220 3 14667
7221 3 14020
7221 3 26738
7221 3 29126
7222 3 14020
7222 3 26805
7222 3 26807
7222 3 27910
7223 3 11500
7223 3 14020
7223 3 14667
7224 3 11500
7224 3 14020
7224 3 14667
7225 3 11774
7225 3 14020
7225 3 18442
7225 3 26812
7226 3 11774
7226 3 14020
7226 3 18161
7226 3 18162
7227 3 11277
7227 3 14020
7227 3 14862
7227 3 17230
7227 3 26738
7228 3 13169
7228 3 14020
7228 3 16543
7229 3 14020
7229 3 15158
7229 3 18832
7230 3 14020
7230 3 26738
7231 3 11500
7231 3 14020
7231 3 14667
7232 3 14020
7232 3 14421
7232 3 26739
7233 3 11774
7233 3 14020
7233 3 19062
7233 3 19063
7234 3 11278
7234 3 14020
7234 3 26738
7235 3 14020
7235 3 14667
7235 3 26816
7236 3 11774
7236 3 14020
7236 3 18442
7236 3 26756
7237 3 13164
7237 3 14020
7237 3 26856
7237 3 29263
7238 3 13493
7238 3 13498
7238 3 14020
7238 3 16998
7238 3 31681
7239 3 11774
7239 3 11829
7239 3 14020
7240 3 11774
7240 3 14020
7240 3 18441
7240 3 18442
7241 3 14020
7241 3 18389
7241 3 18791
7242 3 11774
7242 3 14020
7242 3 18441
7242 3 18442
7243 3 13493
7243 3 13498
7243 3 14020
7243 3 16998
7243 3 31681
7244 3 11774
7244 3 11829
7244 3 14020
7245 3 14020
7245 3 26805
7245 3 26807
7245 3 27910
7246 3 11278
7246 3 14020
7246 3 26738
7247 3 14020
7247 3 25755
7247 3 26738
7247 3 30719
7248 3 14020
7248 3 14908
7248 3 30417
7249 3 14020
7249 3 14280
7249 3 15981
7250 3 14020
7250 3 25756
7250 3 27910
7250 3 27918
7251 3 11774
7251 3 14020
7251 3 19062
7251 3 19063
7252 3 14020
7252 3 15691
7252 3 24348
7253 3 13498
7253 3 14020
7253 3 16998
7253 3 19107
7253 3 31681
7254 3 14020
7254 3 14667
7254 3 26816
7255 3 14020
7255 3 26741
7255 3 27039
7256 3 14020
7256 3 16340
7256 3 27039
7257 3 14020
7257 3 14908
7257 3 30417
7258 3 12646
7258 3 14020
7258 3 14665
7258 3 14908
7259 3 11774
7259 3 11829
7259 3 14020
7260 3 11774
7260 3 11829
7260 3 14020
7261 3 11500
7261 3 14020
7261 3 14667
7262 3 11500
7262 3 14020
7262 3 14667
7263 3 11278
7263 3 14020
7263 3 26738
7264 3 14020
7264 3 24348
7264 3 30272
7265 3 14020
7265 3 15691
7265 3 24348
7266 3 14020
7266 3 26805
7266 3 26806
7266 3 27910
7267 3 11500
7267 3 14020
7267 3 14667
7268 3 11500
7268 3 14020
7268 3 14667
7269 3 14020
7269 3 16344
7269 3 26738
7270 3 11774
7270 3 11829
7270 3 14020
7271 3 14020
7271 3 18282
7271 3 27910
7271 3 27912
7272 3 14020
7272 3 15691
7272 3 24348
7273 3 14020
7273 3 14908
7273 3 30417
7274 3 14020
7274 3 15158
7274 3 18832
7275 3 14020
7275 3 26738
7275 3 30034
7276 3 14020
7276 3 14867
7276 3 16998
7276 3 17266
7276 3 31681
7277 3 14020
7277 3 14421
7277 3 14909
7278 3 11500
7278 3 14020
7278 3 14667
7279 3 11774
7279 3 14020
7279 3 19062
7279 3 19063
7280 3 11500
7280 3 14020
7280 3 14667
7281 3 14020
7281 3 14860
7281 3 19923
7281 3 29783
7282 3 14020
7282 3 26805
7282 3 26806
7282 3 27910
7283 3 14020
7283 3 14667
7283 3 26816
7284 3 14020
7284 3 15158
7284 3 15976
7285 3 11500
7285 3 14020
7285 3 14667
7286 3 14020
7286 3 27910
7286 3 28080
7287 3 14020
7287 3 26805
7287 3 26807
7287 3 27910
7288 3 14020
7288 3 17537
7288 3 26856
7289 3 11277
7289 3 14020
7289 3 26738
7290 3 14020
7290 3 25755
7290 3 26738
7290 3 30719
7291 3 14020
7291 3 26805
7291 3 26806
7291 3 27910
7292 3 14020
7292 3 15161
7292 3 26738
7293 3 13493
7293 3 13498
7293 3 14020
7293 3 16998
7293 3 31681
7294 3 14020
7294 3 24348
7294 3 26740
7295 3 14020
7295 3 19923
7296 3 11774
7296 3 14020
7296 3 18442
7296 3 26756
7297 3 11774
7297 3 14020
7297 3 17615
7297 3 18442
7298 3 11278
7298 3 14020
7298 3 26738
7299 3 14020
7299 3 19923
7299 3 29168
7300 3 14020
7300 3 14862
7300 3 17230
7301 3 13170
7301 3 14020
7301 3 27910
7302 3 14020
7302 3 15691
7302 3 24348
7303 0 24772
7303 3 11774
7303 3 14020
7303 3 25395
7303 3 25396
7303 9 16558
7303 9 26745
7303 13 18936
7303 14 11061
7304 3 13493
7304 3 13498
7304 3 14020
7304 3 16998
7304 3 31681
7305 3 14020
7305 3 14908
7305 3 27563
7306 3 14020
7306 3 26738
7306 3 29126
7307 3 11774
7307 3 11829
7307 3 14020
7308 3 14020
7308 3 14667
7308 3 26816
7309 0 20284
7309 3 11277
7309 3 14020
7309 3 26738
7309 9 26745
7309 14 11060
7309 14 11060
7309 14 11060
7310 3 14020
7310 3 14911
7310 3 27910
7311 3 11774
7311 3 14020
7311 3 19062
7311 3 19063
7312 3 11774
7312 3 14020
7312 3 19062
7312 3 19063
7313 0 25115
7313 3 11774
7313 3 14020
7313 3 18441
7313 3 18442
7313 9 18440
7313 9 26810
7313 13 25115
7313 14 11061
7314 3 14020
7314 3 25755
7314 3 26738
7314 3 30719
7315 3 13169
7315 3 14020
7315 3 26641
7316 3 14020
7316 3 14667
7316 3 29273
7317 3 14020
7317 3 26738
7318 3 11773
7318 3 14020
7318 3 24348
7319 3 14020
7319 3 26738
7319 3 30034
7320 3 14020
7320 3 14862
7320 3 17230
7321 3 13493
7321 3 13498
7321 3 14020
7321 3 16998
7321 3 31681
7322 0 30380
7322 3 13169
7322 3 14020
7322 3 14861
7322 9 15163
7322 13 13185
7322 13 13611
7322 14 11058
7323 3 11773
7323 3 14020
7323 3 24348
7324 3 14020
7324 3 26738
7324 3 30034
7325 3 14020
7325 3 14814
7325 3 14816
7326 3 11278
7326 3 14020
7326 3 26738
7327 3 11278
7327 3 14020
7327 3 26738
7328 3 14020
7328 3 14480
7328 3 18791
7329 3 12646
7329 3 14020
7329 3 14665
7329 3 14908
7330 3 14020
7330 3 26738
7331 3 14020
7331 3 14908
7331 3 30417
7332 3 14020
7332 3 14863
7332 3 26856
7333 3 14020
7333 3 14908
7333 3 30417
7334 3 11277
7334 3 14020
7334 3 26738
7335 3 11278
7335 3 14020
7335 3 26738
7336 3 14020
7336 3 14667
7336 3 26816
7337 3 14020
7337 3 14908
7337 3 30417
7338 3 13520
7338 3 14020
7338 3 30720
7339 3 14020
7339 3 14908
7339 3 30417
7340 3 14020
7340 3 26805
7340 3 26806
7340 3 27910
7341 3 14020
7341 3 26738
7341 3 31230
7342 3 11278
7342 3 14020
7342 3 26738
7343 3 11500
7343 3 14020
7343 3 14667
7344 3 11774
7344 3 14020
7344 3 19062
7344 3 19063
7345 3 11774
7345 3 14020
7345 3 19062
7345 3 19063
7346 3 14020
7346 3 14908
7346 3 30417
7347 3 14020
7347 3 22463
7347 3 22464
7348 3 12711
7348 3 14020
7348 3 25755
7348 3 26738
7349 3 11278
7349 3 14020
7349 3 26738
7350 3 11774
7350 3 14020
7350 3 19062
7350 3 19063
7351 3 11500
7351 3 14020
7351 3 14667
7351 3 25756
7351 3 27910
7351 3 27918
7352 0 22243
7352 3 14020
7352 3 14908
7352 3 30417
7352 9 26808
7352 14 11061
7353 3 14020
7353 3 22463
7353 3 22464
7354 3 14020
7354 3 14664
7354 3 14860
7354 3 19923
7354 3 29783
7355 3 14020
7355 3 14480
7355 3 18791
7356 3 14020
7356 3 24348
7356 3 30272
7357 3 14020
7357 3 25755
7357 3 26738
7357 3 30719
7358 3 14020
7358 3 14421
7358 3 26739
7359 3 14020
7359 3 19923
7359 3 29168
7360 3 14020
7360 3 16998
7360 3 28598
7360 3 29780
7360 3 31681
7361 3 11773
7361 3 14020
7361 3 24348
7362 3 11278
7362 3 14020
7362 3 26738
7363 3 14020
7363 3 14480
7363 3 18791
7364 3 14020
7364 3 14480
7364 3 18791
7365 3 11500
7365 3 14020
7365 3 14667
7366 3 14020
7366 3 14667
7366 3 26816
7367 3 14020
7367 3 14867
7367 3 16998
7367 3 19185
7367 3 31681
7368 3 14020
7368 3 14867
7368 3 16998
7368 3 19185
7368 3 31681
7369 3 14020
7369 3 14908
7369 3 30417
7370 3 11773
7370 3 14020
7370 3 24348
7371 3 11774
7371 3 14020
7371 3 18442
7371 3 26829
7372 3 11500
7372 3 14020
7372 3 14667
7373 3 13169
7373 3 14020
7373 3 14861
7374 3 11278
7374 3 14020
7374 3 26738
7375 3 11278
7375 3 14020
7375 3 26738
7376 3 11774
7376 3 11829
7376 3 14020
7377 3 13493
7377 3 13498
7377 3 14020
7377 3 16998
7377 3 31681
7378 3 14020
7378 3 14908
7378 3 30417
7379 3 11500
7379 3 14020
7379 3 14667
7380 3 14020
7380 3 18437
7380 3 27910
7381 3 14020
7381 3 26805
7381 3 26806
7381 3 27910
7382 3 14020
7382 3 18282
7382 3 27910
7382 3 27912
7383 3 14020
7383 3 26738
7383 3 31230
7384 3 11774
7384 3 14020
7384 3 25395
7384 3 25396
7385 3 14020
7385 3 14480
7385 3 18791
7385 3 25640
7385 3 25828
7385 3 31229
7386 3 14020
7386 3 14908
7386 3 30417
7387 0 29568
7387 3 14020
7387 3 14908
7387 3 30417
7387 9 14913
7387 13 20411
7387 13 30615
7387 14 11058
7388 3 13169
7388 3 14020
7388 3 14861
7389 3 13493
7389 3 13498
7389 3 14020
7389 3 14908
7389 3 16998
7389 3 25883
7389 3 31681
7390 3 14020
7390 3 17612
7390 3 27039
7391 3 13164
7391 3 14020
7391 3 26856
7391 3 29263
7392 3 14020
7392 3 25699
7392 3 31681
7393 3 14020
7393 3 17612
7393 3 27039
7394 3 11774
7394 3 11829
7394 3 14020
7395 3 11773
7395 3 14020
7395 3 24348
7396 3 11277
7396 3 14020
7396 3 26738
7397 3 13493
7397 3 13498
7397 3 14020
7397 3 16998
7397 3 31681
7398 3 11277
7398 3 14020
7398 3 26738
7399 3 11500
7399 3 14020
7399 3 14667
7400 3 14020
7400 3 25085
7400 3 29269
7401 3 11774
7401 3 14020
7401 3 18161
7401 3 18162
7401 3 24348
7401 3 26740
7402 3 14020
7402 3 14862
7402 3 17230
7403 3 11277
7403 3 14020
7403 3 26738
7404 3 14020
7404 3 25085
7404 3 29269
7405 3 14020
7405 3 14667
7406 3 14020
7406 3 14421
7406 3 26739
7407 3 11278
7407 3 14020
7407 3 26738
7408 3 13164
7408 3 14020
7408 3 26856
7408 3 29263
7409 3 11774
7409 3 14020
7409 3 18441
7409 3 18442
7410 3 14020
7410 3 17612
7410 3 27039
7411 1 30608
7411 3 13520
7411 3 14020
7411 3 25128
7412 3 14020
7412 3 25699
7412 3 31681
7413 3 14020
7413 3 14863
7413 3 26856
7414 3 14020
7414 3 14665
7414 3 14908
7414 3 25245
7415 3 14020
7415 3 14863
7415 3 26856
7416 3 14020
7416 3 26805
7416 3 26807
7416 3 27910
7417 3 13520
7417 3 14020
7417 3 25128
7418 3 11773
7418 3 14020
7418 3 24348
7419 3 14020
7419 3 14863
7419 3 26856
7420 3 14020
7420 3 26738
7420 3 31230
7421 3 14020
7421 3 17537
7421 3 26856
7422 3 13493
7422 3 13498
7422 3 14020
7422 3 16998
7422 3 31681
7423 3 13493
7423 3 13498
7423 3 14020
7423 3 16998
7423 3 31681
7424 3 11277
7424 3 14020
7424 3 26738
7425 3 11774
7425 3 14020
7425 3 25396
7425 3 26761
7426 3 14020
7426 3 18043
7426 3 25755
7426 3 26738
7427 3 14020
7427 3 14863
7427 3 26856
7428 3 14020
7428 3 25085
7428 3 29269
7429 3 14020
7429 3 16340
7429 3 27039
7430 3 14020
7430 3 16340
7430 3 27039
7431 3 14020
7431 3 14480
7431 3 18791
7432 3 14020
7432 3 24348
7432 3 26740
7433 0 25026
7433 3 11278
7433 3 14020
7433 3 26738
7433 9 30781
7433 13 20346
7433 13 23914
7433 14 11059
7434 3 11774
7434 3 14020
7434 3 19062
7434 3 19063
7435 3 14020
7435 3 18282
7435 3 27910
7435 3 27912
7436 3 14020
7436 3 14862
7436 3 17230
7437 3 14020
7437 3 25755
7437 3 26738
7437 3 30719
7438 3 11774
7438 3 14020
7438 3 25395
7438 3 25396
7439 3 14020
7439 3 17612
7439 3 27039
7440 3 14020
7440 3 14862
7440 3 17230
7441 3 14020
7441 3 24348
7441 3 26740
7442 3 13169
7442 3 14020
7442 3 27189
7442 3 30118
7443 3 14020
7443 3 17537
7443 3 26856
7444 0 29993
7444 3 11277
7444 3 14020
7444 3 26738
7444 9 29820
7444 14 11061
7445 3 14020
7445 3 25755
7445 3 26738
7445 3 30373
7446 3 13167
7446 3 14020
7446 3 14908
7447 3 12711
7447 3 14020
7447 3 25755
7447 3 26738
7448 3 14020
7448 3 25755
7448 3 26738
7448 3 30719
7449 3 11773
7449 3 14020
7449 3 24348
7450 3 13169
7450 3 14020
7450 3 14861
7451 3 14020
7451 3 25756
7451 3 27910
7451 3 27918
7452 3 14020
7452 3 18389
7452 3 18791
7453 3 14020
7453 3 26738
7453 3 29188
7454 3 13277
7454 3 13346
7454 3 14020
7454 3 29270
7454 3 31681
7455 3 11774
7455 3 14020
7455 3 16764
7455 3 18442
7456 3 13493
7456 3 13498
7456 3 14020
7456 3 16998
7456 3 31681
7457 3 14020
7457 3 14421
7457 3 29272
7458 3 14020
7458 3 14862
7458 3 17230
7459 3 13520
7459 3 14020
7459 3 30720
7460 3 11837
7460 3 14020
7460 3 14908
7461 3 14020
7461 3 19923
7461 3 29168
7462 3 14020
7462 3 14863
7462 3 26856
7463 3 14020
7463 3 26738
7464 3 11772
7464 3 11774
7464 3 14020
7464 3 18162
7464 3 19071
7465 3 14020
7465 3 26805
7465 3 26807
7465 3 27910
7466 3 11500
7466 3 14020
7466 3 14667
7467 3 14020
7467 3 14421
7467 3 14909
7468 0 19647
7468 3 11278
7468 3 14020
7468 3 14862
7468 3 17230
7468 3 26738
7469 3 11774
7469 3 14020
7469 3 25395
7469 3 25396
7470 3 11774
7470 3 14020
7470 3 19062
7470 3 19063
7471 3 14020
7471 3 25086
7471 3 29269
7472 3 11774
7472 3 14020
7472 3 25395
7472 3 25396
7473 3 13498
7473 3 14020
7473 3 16998
7473 3 28624
7473 3 31681
7474 3 14020
7474 3 16340
7474 3 27039
7475 3 14020
7475 3 24348
7475 3 26740
7476 3 14020
7476 3 26738
7476 3 29188
7477 3 11774
7477 3 14020
7477 3 25395
7477 3 25396
7478 3 14020
7478 3 15158
7478 3 15976
7479 3 14020
7479 3 26629
7479 3 26856
7479 3 29263
7480 3 13169
7480 3 14020
7480 3 31227
7481 3 14020
7481 3 14908
7481 3 30417
7482 3 14020
7482 3 14908
7482 3 30417
7483 3 14020
7483 3 14908
7483 3 30417
7484 3 14020
7484 3 14867
7484 3 15786
7484 3 16998
7484 3 31681
7485 3 13167
7485 3 14020
7485 3 14908
7486 3 11774
7486 3 14020
7486 3 19062
7486 3 19063
7487 3 14020
7487 3 14421
7487 3 26739
7488 3 14020
7488 3 26805
7488 3 26807
7488 3 27910
7489 3 14020
7489 3 25086
7489 3 29269
7490 3 11278
7490 3 14020
7490 3 26738
7491 3 14020
7491 3 26738
7491 3 30034
7492 3 14020
7492 3 14908
7492 3 30417
7493 3 14020
7493 3 14908
7493 3 30417
7494 3 11278
7494 3 14020
7494 3 26738
7495 3 11774
7495 3 14020
7495 3 18441
7495 3 18442
7496 3 14020
7496 3 14867
7496 3 16998
7496 3 25387
7496 3 31681
7497 3 14020
7497 3 25081
7497 3 26856
7498 3 14020
7498 3 14863
7498 3 26856
7499 3 13169
7499 3 14020
7499 3 30716
7500 3 11774
7500 3 14020
7500 3 19062
7500 3 19063
7501 3 11774
7501 3 14020
7501 3 19062
7501 3 19063
7502 3 14020
7502 3 15160
7502 3 27175
7503 3 14020
7503 3 25755
7503 3 26738
7503 3 30719
7504 3 14020
7504 3 14863
7504 3 26856
7505 3 14020
7505 3 26805
7505 3 26807
7505 3 27910
7506 3 11277
7506 3 14020
7506 3 26738
7507 3 14020
7507 3 14667
7507 3 26816
7508 3 13169
7508 3 14020
7508 3 14861
7509 3 14020
7509 3 14421
7509 3 26739
7510 3 14020
7510 3 14863
7510 3 26856
7511 3 11774
7511 3 14020
7511 3 18442
7511 3 26829
7512 3 11774
7512 3 14020
7512 3 19062
7512 3 19063
7513 3 14020
7513 3 14908
7513 3 30417
7514 3 14020
7514 3 15158
7514 3 16556
7515 3 14020
7515 3 14480
7515 3 18791
7516 3 11774
7516 3 14020
7516 3 16764
7516 3 18442
7517 3 14020
7517 3 26738
7517 3 29126
7518 3 14020
7518 3 26805
7518 3 26807
7518 3 27910
7519 3 11773
7519 3 14020
7519 3 24348
7520 3 13164
7520 3 14020
7520 3 26856
7520 3 29263
7521 3 11500
7521 3 14020
7521 3 14667
7522 3 11774
7522 3 14020
7522 3 18162
7522 3 19071
7523 3 11774
7523 3 14020
7523 3 19062
7523 3 19063
7524 3 14020
7524 3 16152
7524 3 25755
7524 3 26738
7525 3 14020
7525 3 16152
7525 3 25755
7525 3 26738
7526 3 14020
7526 3 14665
7526 3 14908
7526 3 25245
7527 3 14020
7527 3 14908
7527 3 30417
7528 3 14020
7528 3 14908
7528 3 30417
7529 3 14020
7529 3 15161
7529 3 26738
7530 3 11277
7530 3 14020
7530 3 26738
7531 3 14020
7531 3 16152
7531 3 25755
7531 3 26738
7532 3 14020
7532 3 26738
7532 3 31230
7533 3 13167
7533 3 14020
7533 3 14908
7534 3 11500
7534 3 14020
7534 3 14667
7535 3 14020
7535 3 26856
7535 3 29263
7536 3 14020
7536 3 26738
7536 3 31230
7537 3 14020
7537 3 15691
7537 3 24348
7538 3 13277
7538 3 13346
7538 3 14020
7538 3 29270
7538 3 31681
7539 3 11774
7539 3 11829
7539 3 14020
7540 3 13493
7540 3 13498
7540 3 14020
7540 3 16998
7540 3 31681
7541 3 14020
7541 3 25755
7541 3 26738
7542 3 14020
7542 3 16998
7542 3 25701
7542 3 28598
7542 3 31681
7543 3 14020
7543 3 14862
7543 3 17230
7543 3 30717
7544 3 14020
7544 3 14421
7544 3 26739
7545 3 14020
7545 3 26738
7545 3 31230
7546 3 14020
7546 3 14421
7546 3 14909
7547 3 14020
7547 3 24348
7547 3 26740
7548 3 11774
7548 3 14020
7548 3 19062
7548 3 19063
7549 3 11774
7549 3 14020
7549 3 19062
7549 3 19063
7550 3 14020
7550 3 14667
7551 3 14020
7551 3 19923
7551 3 19924
7552 3 11774
7552 3 14020
7552 3 19062
7552 3 19063
7553 3 14020
7553 3 15158
7553 3 16556
7554 3 14020
7554 3 26805
7554 3 26807
7554 3 27910
7555 3 14020
7555 3 14908
7555 3 30417
7556 3 14020
7556 3 14667
7556 3 29273
7557 3 13520
7557 3 14020
7557 3 26738
7557 3 30720
7557 3 31230
7558 3 14020
7558 3 22463
7558 3 22464
7559 3 14020
7559 3 25755
7559 3 26738
7560 3 11277
7560 3 14020
7560 3 26738
7561 3 11278
7561 3 14020
7561 3 26738
7562 3 14020
7562 3 19923
7562 3 31228
7563 0 17958
7563 3 11772
7563 3 11774
7563 3 14020
7563 3 18162
7563 3 19071
7563 9 16154
7563 13 25490
7563 14 11061
7564 3 14020
7564 3 14908
7564 3 30417
7564 4 11214
7564 8 11048
7564 9 13138
7564 9 14820
7564 9 14965
7564 9 25126
7564 9 28014
7564 9 28580
7564 13 27211
7564 14 11061
7565 3 13169
7565 3 14020
7565 3 14271
7565 3 27189
7566 0 25747
7566 3 11774
7566 3 14020
7566 3 19062
7566 3 19063
7566 9 16558
7566 13 15106
7566 14 11061
7567 3 14020
7567 3 26805
7567 3 26807
7567 3 27910
7568 3 11774
7568 3 14020
7568 3 14064
7568 3 19062
7569 3 14020
7569 3 26805
7569 3 26807
7569 3 27910
7570 3 12785
7570 3 14020
7570 3 19923
7571 3 11774
7571 3 13500
7571 3 14020
7571 3 18442
7572 3 11774
7572 3 14020
7572 3 25395
7572 3 25396
7573 3 14020
7573 3 25085
7573 3 29269
7574 3 14020
7574 3 25756
7574 3 27910
7574 3 27918
7575 3 13169
7575 3 14020
7575 3 30716
7576 3 11774
7576 3 14020
7576 3 18442
7576 3 26829
7577 3 14020
7577 3 14280
7577 3 15981
7578 3 14020
7578 3 26805
7578 3 26807
7578 3 27910
7579 3 11773
7579 3 14020
7579 3 24348
7580 3 14020
7580 3 26738
7580 3 30034
7581 3 14020
7581 3 15161
7581 3 26738
7582 3 14020
7582 3 15691
7582 3 24348
7583 3 11278
7583 3 14020
7583 3 26738
7584 3 14020
7584 3 25085
7584 3 29269
7585 3 11500
7585 3 14020
7585 3 14667
7586 3 14020
7586 3 25081
7586 3 26856
7587 3 11500
7587 3 14020
7587 3 14667
7588 3 11837
7588 3 14020
7588 3 14908
7589 3 14020
7589 3 19923
7589 3 19924
7590 3 14020
7590 3 24348
7590 3 26740
7591 3 11500
7591 3 14020
7591 3 14667
7592 3 14020
7592 3 24348
7592 3 26740
7593 3 14020
7593 3 26805
7593 3 26806
7593 3 27910
7594 3 14020
7594 3 14421
7594 3 26739
7595 3 14020
7595 3 14863
7595 3 26856
7596 3 13169
7596 3 14020
7596 3 16543
7597 3 13169
7597 3 14020
7597 3 14271
7597 3 27189
7598 3 14020
7598 3 24348
7598 3 26740
7599 3 14020
7599 3 14908
7599 3 30417
7600 3 11277
7600 3 14020
7600 3 26738
7601 3 11774
7601 3 11829
7601 3 14020
7602 3 11774
7602 3 14020
7602 3 18161
7602 3 18162
7603 3 14020
7603 3 25085
7603 3 29269
7604 3 11773
7604 3 14020
7604 3 24348
7605 3 13170
7605 3 14020
7605 3 27910
7606 3 14020
7606 3 14908
7606 3 30417
7607 3 14020
7607 3 26805
7607 3 26806
7607 3 27910
7608 3 14020
7608 3 14667
7608 3 26816
7609 3 11773
7609 3 14020
7609 3 24348
7610 3 14020
7610 3 14908
7610 3 30417
7611 3 11277
7611 3 14020
7611 3 26738
7612 3 11278
7612 3 14020
7612 3 26738
7613 3 14020
7613 3 14480
7613 3 18791
7614 3 13520
7614 3 14020
7614 3 25128
7615 3 14020
7615 3 19923
7615 3 29264
7616 3 14020
7616 3 26738
7617 3 11278
7617 3 14020
7617 3 26738
7618 3 14020
7618 3 17537
7618 3 26856
7619 3 14020
7619 3 14670
7619 3 17243
7619 3 30206
7619 3 30595
7620 3 11500
7620 3 14020
7620 3 14667
7621 3 11277
7621 3 14020
7621 3 26738
7622 3 11774
7622 3 11829
7622 3 14020
7623 3 14020
7623 3 14862
7623 3 17230
7624 3 14020
7624 3 14908
7624 3 30417
7625 3 11500
7625 3 14020
7625 3 14667
7626 3 14020
7626 3 14421
7626 3 26739
7627 3 14020
7627 3 26805
7627 3 26806
7627 3 27910
7628 3 11774
7628 3 14020
7628 3 16764
7628 3 18442
7629 3 14020
7629 3 16340
7629 3 27039
7630 3 13169
7630 3 14020
7630 3 16543
7631 3 14020
7631 3 26856
7631 3 29263
7631 3 29274
7632 3 11500
7632 3 14020
7632 3 14667
7633 3 14020
7633 3 25086
7633 3 29269
7634 3 14020
7634 3 15691
7634 3 24348
7635 3 11774
7635 3 14020
7635 3 17615
7635 3 18442
7636 0 12163
7636 3 11277
7636 3 14020
7636 3 26738
7636 9 26745
7637 3 11277
7637 3 14020
7637 3 26738
7638 3 11774
7638 3 11830
7638 3 14020
7638 3 18442
7639 3 11774
7639 3 14020
7639 3 19062
7639 3 19063
7640 3 14020
7640 3 25755
7640 3 26738
7641 3 11837
7641 3 14020
7641 3 14908
7642 3 14020
7642 3 14043
7642 3 25390
7643 3 14020
7643 3 14863
7643 3 26856
7644 3 14020
7644 3 18437
7644 3 27910
7645 3 11277
7645 3 14020
7645 3 26738
7646 3 14020
7646 3 15161
7646 3 26738
7647 3 14020
7647 3 15158
7647 3 15976
7648 3 11774
7648 3 14020
7648 3 18442
7648 3 26812
7649 3 13167
7649 3 14020
7649 3 14908
7650 3 11500
7650 3 14020
7650 3 14667
7651 3 11774
7651 3 13495
7651 3 14020
7652 3 14020
7652 3 14908
7652 3 30417
7653 3 13520
7653 3 14020
7653 3 30720
7654 3 13493
7654 3 13498
7654 3 14020
7654 3 16998
7654 3 31681
7655 3 14020
7655 3 26856
7655 3 29263
7655 3 29274
7656 3 11774
7656 3 14020
7656 3 18161
7656 3 18162
7657 3 14020
7657 3 19923
7657 3 31228
7658 3 11774
7658 3 14020
7658 3 19062
7658 3 19063
7659 3 11277
7659 3 14020
7659 3 26738
7660 3 14020
7660 3 24348
7660 3 26740
7661 3 14020
7661 3 14063
7661 3 14670
7662 3 14020
7662 3 14667
7662 3 18058
7663 3 11278
7663 3 14020
7663 3 26738
7664 3 11277
7664 3 14020
7664 3 26738
7665 3 14020
7665 3 24348
7665 3 26740
7666 3 14020
7666 3 16998
7666 3 17172
7666 3 28598
7666 3 31681
7667 3 13169
7667 3 14020
7667 3 27189
7667 3 30118
7668 3 14020
7668 3 14908
7668 3 30417
7669 3 14020
7669 3 14863
7669 3 26856
7670 3 14020
7670 3 25755
7670 3 26738
7670 3 30719
7671 3 14020
7671 3 16340
7671 3 27039
7672 3 12358
7672 3 14020
7672 3 14667
7673 3 13493
7673 3 13498
7673 3 14020
7673 3 16998
7673 3 31681
7674 3 14020
7674 3 26805
7674 3 26807
7674 3 27910
7675 3 14020
7675 3 14421
7675 3 26739
7676 3 14020
7676 3 14908
7676 3 30417
7677 3 11277
7677 3 14020
7677 3 26738
7678 3 11774
7678 3 14020
7678 3 18441
7678 3 18442
7679 3 11774
7679 3 11829
7679 3 14020
7680 3 11278
7680 3 14020
7680 3 26738
7681 3 11277
7681 3 13493
7681 3 13498
7681 3 14020
7681 3 16998
7681 3 26738
7681 3 31681
7682 3 14020
7682 3 14908
7682 3 30417
7683 3 14020
7683 3 14908
7683 3 30417
7684 3 14020
7684 3 26738
7685 3 14020
7685 3 14863
7685 3 26856
7686 3 14020
7686 3 14908
7686 3 30417
7687 3 11500
7687 3 14020
7687 3 14667
7688 3 14020
7688 3 26738
7689 3 14020
7689 3 14667
7689 3 18058
7690 3 14020
7690 3 14867
7690 3 16998
7690 3 25387
7690 3 31681
7691 3 11500
7691 3 14020
7691 3 14667
7692 3 14020
7692 3 15158
7692 3 16556
7693 3 14020
7693 3 14862
7693 3 17230
7694 3 14020
7694 3 14908
7694 3 30417
7695 3 14020
7695 3 27910
7696 3 14020
7696 3 14908
7696 3 30417
7697 3 14020
7697 3 14421
7697 3 18438
7698 3 14020
7698 3 14863
7698 3 26856
7699 3 14020
7699 3 15158
7699 3 15976
7700 3 11500
7700 3 14020
7700 3 14667
7701 3 11500
7701 3 14020
7701 3 14667
7702 3 11500
7702 3 14020
7702 3 14667
7703 3 14020
7703 3 26738
7703 3 31230
7704 3 11277
7704 3 14020
7704 3 26738
7705 3 14020
7705 3 14480
7705 3 18791
7705 3 25755
7705 3 26738
7705 3 30719
7706 0 17201
7706 3 11278
7706 3 14020
7706 3 26738
7706 9 26743
7706 13 13104
7706 14 11058
7707 3 14020
7707 3 26738
7707 3 31230
7708 3 14020
7708 3 19923
7708 3 19924
7709 3 14020
7709 3 14480
7709 3 18791
7709 3 25755
7709 3 26738
7709 3 30719
7710 3 11774
7710 3 14020
7710 3 18162
7710 3 19071
7711 3 14020
7711 3 24348
7711 3 26740
7712 3 14020
7712 3 14063
7712 3 14670
7713 3 13169
7713 3 14020
7713 3 14861
7714 3 14020
7714 3 14665
7714 3 14908
7714 3 25245
7714 3 25755
7714 3 26738
7715 3 11277
7715 3 14020
7715 3 26738
7716 3 14020
7716 3 26856
7716 3 29263
7717 3 14020
7717 3 26856
7717 3 29263
7718 3 14020
7718 3 26805
7718 3 26806
7718 3 27910
7719 3 11774
7719 3 11829
7719 3 14020
7720 3 11772
7720 3 11774
7720 3 14020
7720 3 18162
7720 3 19071
7721 3 14020
7721 3 15691
7721 3 24348
7722 3 14020
7722 3 16998
7722 3 17172
7722 3 28598
7722 3 31681
7723 3 14020
7723 3 14667
7723 3 29273
7724 3 14020
7724 3 19923
7724 3 29168
7725 3 14020
7725 3 15161
7725 3 26738
7726 3 14020
7726 3 14908
7726 3 30417
7727 3 11774
7727 3 14020
7727 3 16552
7727 3 19062
7728 3 11278
7728 3 14020
7728 3 26738
7729 3 14020
7729 3 17537
7729 3 26856
7730 3 13169
7730 3 14020
7730 3 16543
7731 3 13169
7731 3 14020
7731 3 14861
7732 3 14020
7732 3 14480
7732 3 18791
7733 3 14020
7733 3 14480
7733 3 18791
7734 3 14020
7734 3 25755
7734 3 26738
7734 3 30719
7735 3 14020
7735 3 14480
7735 3 18791
7736 3 14020
7736 3 18159
7736 3 30936
7737 3 11500
7737 3 14020
7737 3 14667
7738 3 14020
7738 3 26738
7739 3 11278
7739 3 14020
7739 3 26738
7740 3 14020
7740 3 26738
7740 3 31230
7741 3 11500
7741 3 14020
7741 3 14667
7742 3 11278
7742 3 14020
7742 3 26738
7743 3 14020
7743 3 26738
7744 3 14020
7744 3 14908
7744 3 30417
7745 3 14020
7745 3 26738
7745 3 31230
7746 3 14020
7746 3 26805
7746 3 26807
7746 3 27910
7747 3 11500
7747 3 14020
7747 3 14667
7748 3 14020
7748 3 14908
7748 3 25883
7749 3 11500
7749 3 14020
7749 3 14667
7750 3 14020
7750 3 14911
7750 3 27910
7751 3 14020
7751 3 14908
7751 3 30417
7752 3 11774
7752 3 14020
7752 3 16764
7752 3 18442
7753 3 11294
7753 3 14020
7753 3 29271
7753 3 31681
7754 3 14020
7754 3 15161
7754 3 26738
7755 3 14020
7755 3 25755
7755 3 26738
7755 3 30719
7756 3 11500
7756 3 14020
7756 3 14667
7757 3 11774
7757 3 14020
7757 3 18441
7757 3 18442
7758 3 11774
7758 3 14020
7758 3 19062
7758 3 19063
7759 3 14020
7759 3 25755
7759 3 26738
7759 3 30719
7760 3 14020
7760 3 14480
7760 3 18791
7761 3 14020
7761 3 14860
7761 3 19923
7761 3 29783
7762 3 14020
7762 3 14863
7762 3 26856
7763 3 14020
7763 3 14480
7763 3 18791
7764 3 11774
7764 3 14020
7764 3 19062
7764 3 19063
7765 3 14020
7765 3 14908
7765 3 30417
7766 3 14020
7766 3 25755
7766 3 26738
7767 3 14020
7767 3 24348
7767 3 26740
7768 3 14020
7768 3 16998
7768 3 28598
7768 3 29780
7768 3 31681
7769 3 14020
7769 3 16344
7769 3 26738
7770 3 14020
7770 3 26738
7770 3 29126
7771 3 14020
7771 3 19923
7772 3 14020
7772 3 26805
7772 3 26807
7772 3 27910
7773 3 14020
7773 3 29269
7774 3 14020
7774 3 16998
7774 3 18437
7774 3 25701
7774 3 27910
7774 3 28598
7774 3 31681
7775 3 13493
7775 3 13498
7775 3 14020
7775 3 16998
7775 3 26805
7775 3 26807
7775 3 27910
7775 3 31681
7776 3 14020
7776 3 26629
7776 3 26856
7776 3 29263
7777 3 11837
7777 3 14020
7777 3 14908
7778 3 11772
7778 3 11774
7778 3 14020
7778 3 18162
7778 3 19071
7779 3 14020
7779 3 18437
7779 3 27910
7780 3 11277
7780 3 14020
7780 3 26738
7781 3 14020
7781 3 14863
7781 3 26856
7782 3 13169
7782 3 14020
7782 3 14861
7783 3 14020
7783 3 14908
7783 3 14926
7784 3 11774
7784 3 14020
7784 3 25395
7784 3 25396
7785 3 13493
7785 3 13498
7785 3 14020
7785 3 16998
7785 3 31681
7786 3 14020
7786 3 22463
7786 3 22464
7787 3 14020
7787 3 26738
7787 3 31230
7788 3 14020
7788 3 19923
7788 3 29168
7789 3 14020
7789 3 16340
7789 3 27039
7790 3 14020
7790 3 14908
7790 3 30417
7791 3 14020
7791 3 15161
7791 3 26738
7792 3 14020
7792 3 26805
7792 3 26807
7792 3 27910
7793 3 14020
7793 3 25085
7793 3 29269
7794 3 14020
7794 3 26738
7794 3 30034
7795 3 14020
7795 3 26738
7795 3 31230
7796 3 14020
7796 3 14867
7796 3 16998
7796 3 17945
7796 3 31681
7797 3 14020
7797 3 26738
7798 3 13493
7798 3 13498
7798 3 14020
7798 3 16998
7798 3 31681
7799 3 14020
7799 3 24348
7799 3 26740
7800 3 11774
7800 3 14020
7801 3 11774
7801 3 14020
7801 3 18162
7801 3 19071
7802 3 14020
7802 3 18938
7802 3 25828
7802 3 31229
7803 3 14020
7803 3 14908
7803 3 30417
7804 3 11277
7804 3 14020
7804 3 26738
7805 3 14020
7805 3 26738
7805 3 31230
7806 3 14020
7806 3 17054
7806 3 27039
7807 3 14020
7807 3 26738
7807 3 30034
7808 3 14020
7808 3 14670
7808 3 17243
7808 3 23525
7808 3 30206
7809 3 14020
7809 3 26856
7809 3 29263
7810 3 13493
7810 3 13498
7810 3 14020
7810 3 16998
7810 3 31681
7811 3 14020
7811 3 16994
7811 3 26738
7812 3 14020
7812 3 26805
7812 3 26807
7812 3 27910
7813 3 14020
7813 3 26805
7813 3 26807
7813 3 27910
7814 3 14020
7814 3 14480
7814 3 18791
7815 3 14020
7815 3 26805
7815 3 26807
7815 3 27910
7816 3 14020
7816 3 26805
7816 3 26807
7816 3 27910
7817 3 14020
7817 3 24348
7817 3 30272
7818 3 14020
7818 3 14908
7818 3 30417
7819 3 11278
7819 3 14020
7819 3 26738
7820 3 14020
7820 3 14867
7820 3 16998
7820 3 17266
7820 3 31681
7821 3 14020
7821 3 26738
7821 3 31230
7822 3 14020
7822 3 14480
7822 3 18791
7823 3 11278
7823 3 14020
7823 3 26738
7824 3 14020
7824 3 14863
7824 3 26856
7825 3 14020
7825 3 24241
7825 3 25390
7826 3 14020
7826 3 24241
7826 3 25390
7827 0 26634
7827 3 14020
7827 3 25081
7827 3 26856
7827 3 29263
7827 9 26745
7827 13 26634
7827 13 30630
7827 14 11060
7827 14 11060
7828 3 14020
7828 3 14908
7828 3 30417
7829 3 14020
7829 3 14665
7829 3 14908
7830 3 14020
7830 3 27910
7830 3 28080
7830 9 13172
7830 9 18440
7830 9 18589
7830 9 28081
7831 0 16675
7831 3 11277
7831 3 14020
7831 3 26738
7831 9 26746
7831 13 17849
7831 14 11059
7832 3 13520
7832 3 14020
7832 3 25128
7833 3 13493
7833 3 13498
7833 3 14020
7833 3 16998
7833 3 31681
7834 3 14020
7834 3 16340
7834 3 27039
7835 3 14020
7835 3 26738
7835 3 31230
7836 3 13167
7836 3 14020
7836 3 14908
7837 2 11221
7837 2 27300
7837 2 29918
7837 3 11837
7837 3 14020
7837 3 14908
7837 9 13168
7838 3 14020
7838 3 14421
7838 3 14909
7839 3 11774
7839 3 14020
7839 3 19062
7839 3 19063
7840 3 14020
7840 3 14421
7840 3 26739
7841 3 13520
7841 3 14020
7841 3 30720
7842 3 14020
7842 3 14862
7842 3 17230
7843 3 14020
7843 3 14863
7843 3 26856
7844 3 14020
7844 3 14480
7844 3 18791
7845 3 13520
7845 3 14020
7845 3 25128
7846 3 14020
7846 3 19923
7846 3 29264
7847 0 25269
7847 3 11278
7847 3 14020
7847 3 26738
7847 9 26743
7847 13 20988
7847 14 11060
7848 3 14020
7848 3 26805
7848 3 26806
7848 3 27910
7849 3 14020
7849 3 27910
7850 3 14020
7850 3 15158
7850 3 16556
7851 3 14020
7851 3 15158
7851 3 16556
7852 3 14020
7852 3 26738
7852 3 30034
7853 3 13169
7853 3 14020
7854 3 14020
7854 3 14908
7854 3 14926
7855 3 11278
7855 3 14020
7855 3 26738
7856 3 14020
7856 3 14862
7856 3 17230
7857 3 13493
7857 3 13498
7857 3 14020
7857 3 16998
7857 3 31681
7858 3 12373
7858 3 14020
7858 3 25828
7859 3 14020
7859 3 26805
7859 3 26806
7859 3 27910
7860 3 14020
7860 3 26738
7861 3 11774
7861 3 14020
7861 3 25395
7861 3 25396
7862 3 12785
7862 3 14020
7862 3 19923
7863 3 14020
7863 3 24348
7863 3 26740
7864 3 11277
7864 3 14020
7864 3 26738
7865 3 11277
7865 3 14020
7865 3 26738
7866 0 26687
7866 3 11774
7866 3 14020
7866 3 18161
7866 3 18162
7866 9 26817
7866 9 26820
7866 13 25689
7866 14 11056
7867 3 13170
7867 3 14020
7867 3 27910
7868 3 11774
7868 3 11829
7868 3 14020
7869 3 13164
7869 3 14020
7869 3 26856
7869 3 29263
7870 3 14020
7870 3 14863
7870 3 26856
7871 3 11774
7871 3 14020
7871 3 18442
7871 3 26829
7872 3 11837
7872 3 14020
7872 3 14908
7873 3 14020
7873 3 14667
7873 3 29273
7874 3 11773
7874 3 14020
7874 3 24348
7875 3 14020
7875 3 14872
7875 3 19923
7876 3 13346
7876 3 14020
7876 3 29270
7876 3 31681
7877 3 14020
7877 3 16343
7877 3 16998
7877 3 26718
7877 3 31681
7878 3 14020
7878 3 24348
7879 3 13493
7879 3 13498
7879 3 14020
7879 3 16998
7879 3 31681
7880 3 14020
7880 3 25755
7880 3 26738
7880 3 30719
7881 3 14020
7881 3 26805
7881 3 26806
7881 3 27910
7882 3 11774
7882 3 14020
7882 3 19062
7882 3 19063
7883 3 13493
7883 3 13498
7883 3 14020
7883 3 16998
7883 3 31681
7884 3 14020
7884 3 25756
7884 3 27910
7884 3 27918
7885 3 11278
7885 3 14020
7885 3 26738
7886 3 11774
7886 3 14020
7886 3 18442
7886 3 26812
7887 3 13164
7887 3 14020
7887 3 26856
7887 3 29263
7888 3 11277
7888 3 14020
7888 3 26738
7889 3 14020
7889 3 15691
7889 3 24348
7890 3 14020
7890 3 14867
7890 3 16998
7890 3 19185
7890 3 31681
7891 3 14020
7891 3 14421
7891 3 14908
7891 3 26739
7891 3 30417
7892 3 14020
7892 3 14867
7892 3 16998
7892 3 19185
7892 3 31681
7892 9 15727
7892 9 16554
7892 9 17055
7892 9 19072
7892 9 30898
7893 3 11774
7893 3 14020
7893 3 19062
7893 3 19063
7894 3 11774
7894 3 14020
7894 3 19062
7894 3 19063
7895 3 14020
7895 3 26738
7895 3 29126
7896 3 14020
7896 3 26738
7896 3 29126
7897 3 13520
7897 3 14020
7897 3 25128
7898 3 14020
7898 3 26738
7899 3 14020
7899 3 26765
7899 3 27910
7900 3 14020
7900 3 16344
7900 3 26738
7901 3 14020
7901 3 14667
7901 3 29273
7902 3 11774
7902 3 14020
7902 3 15158
7902 3 18832
7902 3 19062
7902 3 19063
7903 3 14020
7903 3 14862
7903 3 17230
7904 3 13494
7904 3 14020
7904 3 17230
7905 3 11774
7905 3 14020
7906 3 11277
7906 3 14020
7906 3 26738
7907 3 13493
7907 3 13498
7907 3 14020
7907 3 16998
7907 3 31681
7908 3 11837
7908 3 14020
7908 3 14908
7909 3 14020
7909 3 14667
7909 3 29273
7910 3 11774
7910 3 14020
7910 3 19062
7910 3 19063
7911 3 14020
7911 3 14421
7911 3 26739
7912 3 14020
7912 3 14421
7912 3 26739
7913 3 11774
7913 3 14020
7913 3 25395
7913 3 25396
7914 3 11500
7914 3 14020
7914 3 14667
7915 3 14020
7915 3 14908
7915 3 30417
7916 3 14020
7916 3 14908
7916 3 19923
7916 3 29168
7916 3 30417
7917 3 14020
7917 3 14670
7917 3 14834
7917 3 17243
7918 3 11837
7918 3 14020
7918 3 14908
7919 3 13493
7919 3 13498
7919 3 14020
7919 3 16998
7919 3 31681
7920 3 13170
7920 3 14020
7920 3 27910
7921 3 14020
7921 3 19923
7921 3 31228
7922 3 14020
7922 3 15691
7922 3 24348
7923 3 11837
7923 3 14020
7923 3 14908
7924 3 13164
7924 3 14020
7924 3 26856
7924 3 29263
7925 3 14020
7925 3 19495
7925 3 27910
7926 3 14020
7926 3 16344
7926 3 26738
7927 3 13493
7927 3 13498
7927 3 14020
7927 3 16998
7927 3 31681
7928 3 14020
7928 3 16998
7928 3 28598
7928 3 29780
7928 3 31681
7929 3 14020
7929 3 24348
7929 3 26740
7930 3 11774
7930 3 14020
7930 3 18161
7930 3 18162
7931 3 14020
7931 3 17230
7931 3 30717
7932 3 13493
7932 3 13498
7932 3 14020
7932 3 16998
7932 3 31681
7933 3 13493
7933 3 13498
7933 3 14020
7933 3 16998
7933 3 31681
7934 3 14020
7934 3 24348
7935 3 14020
7935 3 14908
7935 3 30417
7936 3 14020
7936 3 14908
7936 3 30417
7937 3 14020
7937 3 14665
7937 3 14908
7937 3 25245
7938 3 11500
7938 3 14020
7938 3 14667
7939 3 14020
7939 3 14421
7939 3 26739
7940 3 11500
7940 3 14020
7940 3 14667
7941 3 14020
7941 3 25085
7941 3 29269
7942 3 14020
7942 3 15158
7942 3 15976
7943 3 11500
7943 3 14020
7943 3 14667
7944 3 14020
7944 3 26805
7944 3 26807
7944 3 27910
7945 3 14020
7945 3 17230
7945 3 30717
7946 0 16339
7946 0 26988
7946 3 14020
7946 3 19923
7946 3 29168
7946 9 26856
7946 9 29169
7946 13 24164
7947 3 14020
7947 3 15161
7947 3 26738
7948 3 14020
7948 3 15158
7948 3 15976
7949 3 14020
7949 3 14872
7949 3 19923
7950 3 14020
7950 3 15158
7950 3 15976
7950 3 26629
7950 3 26856
7950 3 29263
7951 3 14020
7951 3 19923
7951 3 29168
7952 3 14020
7952 3 14908
7952 3 30417
7953 3 14020
7953 3 17230
7953 3 30717
7954 3 13493
7954 3 13498
7954 3 14020
7954 3 16998
7954 3 31681
7955 3 14020
7955 3 15158
7955 3 15976
7956 3 13169
7956 3 14020
7956 3 27189
7956 3 30118
7957 3 14020
7957 3 14860
7957 3 19923
7957 3 26805
7957 3 26807
7957 3 27910
7957 3 29783
7958 3 11278
7958 3 14020
7958 3 16344
7958 3 25755
7958 3 26738
7959 3 11500
7959 3 14020
7959 3 14667
7960 3 14020
7960 3 16344
7960 3 25755
7960 3 26738
7960 3 30719
7961 3 13493
7961 3 13498
7961 3 14020
7961 3 16998
7961 3 31681
7962 3 14020
7962 3 14908
7962 3 30417
7963 3 11500
7963 3 14020
7963 3 14667
7964 3 14020
7964 3 16152
7964 3 25755
7964 3 26738
7965 3 11774
7965 3 14020
7965 3 19062
7965 3 19063
7966 3 13169
7966 3 14020
7966 3 27189
7966 3 30118
7967 3 14020
7967 3 26738
7967 3 31230
7968 3 13169
7968 3 14020
7968 3 27189
7968 3 30118
7969 3 13493
7969 3 13498
7969 3 14020
7969 3 16998
7969 3 31681
7970 3 13493
7970 3 13498
7970 3 14020
7970 3 16998
7970 3 31681
7971 3 14020
7971 3 14863
7971 3 26856
7972 3 11774
7972 3 14020
7972 3 25395
7972 3 25396
7973 3 12600
7973 3 14020
7973 3 19923
7974 3 11773
7974 3 14020
7974 3 24348
7975 3 14020
7975 3 19923
7975 3 29168
7976 3 13493
7976 3 13498
7976 3 14020
7976 3 16998
7976 3 31681
7977 3 11277
7977 3 14020
7977 3 26738
7978 3 11773
7978 3 14020
7978 3 24348
7979 3 14020
7979 3 14667
7979 3 18058
7980 3 14020
7980 3 14862
7980 3 17230
7981 3 13169
7981 3 14020
7981 3 14861
7982 3 14020
7982 3 14421
7982 3 29272
7983 3 13277
7983 3 13346
7983 3 14020
7983 3 29270
7983 3 31681
7984 3 12785
7984 3 14020
7984 3 19923
7985 3 11277
7985 3 14020
7985 3 26738
7986 3 14020
7986 3 14863
7986 3 26856
7987 3 14020
7987 3 14908
7987 3 30417
7988 3 14020
7988 3 14908
7988 3 30417
7989 3 14020
7989 3 15161
7989 3 26738
7990 3 11774
7990 3 14020
7990 3 16764
7990 3 18442
7991 3 14020
7991 3 26805
7991 3 26807
7991 3 27910
7992 0 26686
7992 3 13493
7992 3 13498
7992 3 14020
7992 3 16998
7992 3 31681
7992 9 15162
7992 9 15976
7992 9 16547
7992 13 22922
7992 14 11060
7993 3 14020
7993 3 24348
7993 3 26740
7994 3 11500
7994 3 14020
7994 3 14667
7995 3 11278
7995 3 14020
7995 3 26738
7996 3 14020
7996 3 26805
7996 3 26806
7996 3 27910
7997 3 14020
7997 3 14908
7997 3 30417
7998 3 11774
7998 3 11829
7998 3 14020
7999 3 14020
7999 3 17612
7999 3 27039
8000 3 11774
8000 3 14020
8000 3 19062
8000 3 19782
8001 0 19050
8001 3 14020
8001 3 25755
8001 3 26738
8001 3 27910
8001 3 30719
8001 9 14865
8001 9 18763
8001 13 14402
8001 14 11059
8002 2 27659
8002 2 31635
8002 3 14020
8002 3 14863
8002 3 26856
8002 9 14865
8003 3 14020
8003 3 26738
8004 3 14020
8004 3 14908
8004 3 25883
8005 3 13167
8005 3 14020
8005 3 14908
8006 3 14020
8006 3 19923
8006 3 29168
8007 3 14020
8007 3 14863
8007 3 26856
8008 3 14020
8008 3 14862
8008 3 17230
8009 3 14020
8009 3 14863
8009 3 26856
8010 3 11774
8010 3 11829
8010 3 14020
8011 3 11278
8011 3 14020
8011 3 26738
8012 3 14020
8012 3 15158
8012 3 15976
8013 3 11277
8013 3 14020
8013 3 26738
8014 3 14020
8014 3 26805
8014 3 26807
8014 3 27910
8015 3 14020
8015 3 14667
8015 3 29273
8016 3 14020
8016 3 14665
8016 3 14908
8016 3 25245
8017 0 16678
8017 3 13169
8017 3 14020
8017 3 16543
8017 9 26743
8017 9 27914
8017 14 11056
8018 3 11774
8018 3 14020
8018 3 19062
8018 3 19063
8018 9 16550
8018 9 16559
8018 9 29820
8018 9 31658
8019 3 11500
8019 3 14020
8019 3 14667
8020 3 12711
8020 3 14020
8020 3 25755
8020 3 26738
8021 3 14020
8021 3 17537
8021 3 26856
8022 3 11837
8022 3 14020
8022 3 14908
8023 3 14020
8023 3 14908
8023 3 30417
8024 3 14020
8024 3 16998
8024 3 28598
8024 3 29780
8024 3 31681
8025 3 13169
8025 3 14020
8025 3 25393
8025 3 27189
8026 3 14020
8026 3 14670
8026 3 17243
8026 3 30206
8026 3 30595
8027 3 14020
8027 3 14908
8027 3 30417
8028 3 14020
8028 3 19923
8028 3 29168
8029 3 14020
8029 3 24348
8029 3 26740
8030 3 12785
8030 3 14020
8030 3 19923
8031 3 11774
8031 3 14020
8031 3 16764
8031 3 18442
8032 3 14020
8032 3 14863
8032 3 26856
8033 3 14020
8033 3 14421
8033 3 26739
8034 3 14020
8034 3 14816
8035 3 14020
8035 3 14908
8035 3 30417
8036 3 13493
8036 3 13498
8036 3 14020
8036 3 16998
8036 3 31681
8037 3 13493
8037 3 13498
8037 3 14020
8037 3 16998
8037 3 31681
8038 0 22361
8038 3 14020
8038 3 14908
8038 3 30417
8038 9 14913
8038 9 29189
8038 13 22361
8038 13 26264
8038 14 11061
8039 3 14020
8039 3 14908
8039 3 30417
8040 3 11774
8040 3 14020
8040 3 18442
8040 3 26829
8041 3 11774
8041 3 14020
8041 3 19062
8041 3 19063
8042 2 13389
8042 2 20092
8042 3 14020
8042 3 14814
8042 3 14816
8042 9 11160
8042 9 11779
8042 9 14824
8042 9 17232
8042 9 18763
8043 3 11774
8043 3 14020
8043 3 19062
8043 3 19063
8044 0 13140
8044 3 13169
8044 3 14020
8044 3 16543
8044 9 18608
8044 13 27934
8045 3 13170
8045 3 14020
8045 3 27910
8046 3 13167
8046 3 14020
8046 3 14908
8047 0 25642
8047 3 11500
8047 3 14020
8047 3 14667
8047 10 11462
8047 10 16774
8047 10 17944
8047 14 11061
8048 3 11277
8048 3 14020
8048 3 26738
8049 3 11774
8049 3 14020
8049 3 17615
8049 3 18442
8050 3 14020
8050 3 14908
8050 3 30417
8051 3 11773
8051 3 14020
8051 3 24348
8052 3 14020
8052 3 15158
8052 3 16556
8053 3 14020
8053 3 19923
8053 3 22462
8054 3 11774
8054 3 14020
8054 3 16241
8054 3 19062
8055 3 14020
8055 3 17537
8055 3 26856
8056 3 14020
8056 3 14862
8056 3 17230
8057 3 14020
8057 3 26738
8058 3 14020
8058 3 26805
8058 3 26807
8058 3 27910
8059 3 11837
8059 3 14020
8059 3 14908
8060 3 13167
8060 3 14020
8060 3 14908
8061 3 11277
8061 3 14020
8061 3 26738
8062 3 14020
8062 3 26805
8062 3 26806
8062 3 27910
8063 3 11774
8063 3 14020
8063 3 19062
8063 3 19063
8064 0 16015
8064 3 14020
8064 3 26738
8064 9 14913
8064 14 11058
8065 3 13493
8065 3 13498
8065 3 14020
8065 3 16998
8065 3 31681
8066 3 13169
8066 3 14020
8066 3 27189
8066 3 30118
8067 3 14020
8067 3 15158
8067 3 16556
8068 3 14020
8068 3 24348
8068 3 26740
8069 3 14020
8069 3 26856
8069 3 29263
8070 3 11278
8070 3 14020
8070 3 26738
8071 3 11837
8071 3 14020
8071 3 14908
8072 0 17358
8072 3 11774
8072 3 14020
8072 3 19062
8072 3 19063
8072 3 26738
8072 9 11818
8072 9 14865
8072 14 11062
8073 3 14020
8073 3 14421
8073 3 26739
8074 3 11278
8074 3 14020
8074 3 26738
8075 3 14020
8075 3 26805
8075 3 26807
8075 3 27910
8076 3 14020
8076 3 24348
8077 3 14020
8077 3 14862
8077 3 17230
8078 3 11837
8078 3 14020
8078 3 14908
8079 3 11277
8079 3 14020
8079 3 26738
8080 3 11774
8080 3 14020
8080 3 18442
8080 3 26829
8081 3 11278
8081 3 14020
8081 3 26738
8082 3 14020
8082 3 25085
8082 3 29269
8083 3 14020
8083 3 16994
8083 3 26738
8084 3 13170
8084 3 14020
8084 3 27910
8085 3 13493
8085 3 13498
8085 3 14020
8085 3 16998
8085 3 31681
8086 3 11774
8086 3 14020
8086 3 19062
8086 3 19063
8087 3 14020
8087 3 26805
8087 3 26806
8087 3 27910
8088 3 11500
8088 3 14020
8088 3 14667
8089 3 14020
8089 3 14816
8089 3 29307
8090 3 14020
8090 3 14421
8090 3 26739
8091 3 14020
8091 3 14667
8091 3 26816
8092 3 12785
8092 3 14020
8092 3 19923
8093 3 13632
8093 3 14020
8093 3 25755
8093 3 26738
8094 3 13632
8094 3 14020
8094 3 25755
8094 3 26738
8095 3 13493
8095 3 13498
8095 3 14020
8095 3 16998
8095 3 31681
8096 3 14020
8096 3 19923
8096 3 29168
8097 3 14020
8097 3 26738
8097 3 30034
8098 3 14020
8098 3 15161
8098 3 26738
8099 3 14020
8099 3 16998
8099 3 17172
8099 3 28598
8099 3 31681
8100 3 11772
8100 3 11774
8100 3 14020
8100 3 18162
8100 3 19071
8101 3 13493
8101 3 13498
8101 3 14020
8101 3 16998
8101 3 31681
8102 3 11774
8102 3 11829
8102 3 14020
8103 3 11500
8103 3 14020
8103 3 14667
8104 3 14020
8104 3 26856
8104 3 29263
8105 3 14020
8105 3 25085
8105 3 29269
8106 3 11774
8106 3 14020
8107 3 14020
8107 3 14908
8107 3 30417
8108 3 14020
8108 3 14908
8108 3 30417
8109 3 14020
8109 3 14814
8109 3 14816
8110 0 14994
8110 3 11278
8110 3 14020
8110 3 26738
8110 9 15165
8110 9 18765
8110 9 22836
8111 3 14020
8111 3 26856
8111 3 29263
8112 3 11277
8112 3 14020
8112 3 26738
8113 3 14020
8113 3 24348
8113 3 26740
8114 3 11774
8114 3 14020
8114 3 16764
8114 3 18442
8115 3 14020
8115 3 26629
8115 3 26856
8115 3 29263
8116 3 13493
8116 3 13498
8116 3 14020
8116 3 16998
8116 3 31681
8117 3 11278
8117 3 14020
8117 3 26738
8118 3 13164
8118 3 14020
8118 3 26856
8118 3 29263
8119 3 14020
8119 3 25755
8119 3 26738
8120 3 11500
8120 3 14020
8120 3 14667
8121 3 14020
8121 3 14908
8121 3 30417
8122 3 14020
8122 3 25755
8122 3 26738
8123 3 13520
8123 3 14020
8123 3 30720
8124 3 14020
8124 3 26738
8124 3 29188
8125 3 14020
8125 3 14421
8125 3 26739
8126 3 14020
8126 3 24348
8126 3 26740
8127 3 11774
8127 3 14020
8127 3 25395
8127 3 25396
8128 3 14020
8128 3 14862
8128 3 17230
8129 3 13520
8129 3 14020
8129 3 30720
8130 3 13164
8130 3 14020
8130 3 26856
8130 3 29263
8131 3 12785
8131 3 14020
8131 3 19923
8132 3 13493
8132 3 13498
8132 3 14020
8132 3 16998
8132 3 31681
8133 3 11277
8133 3 14020
8133 3 26738
8134 3 14020
8134 3 25085
8134 3 29269
8135 3 14020
8135 3 16998
8135 3 17172
8135 3 28598
8135 3 31681
8136 3 14020
8136 3 15161
8136 3 26738
8137 3 13493
8137 3 13498
8137 3 14020
8137 3 16998
8137 3 31681
8138 3 11774
8138 3 13495
8138 3 13507
8138 3 14020
8139 3 14020
8139 3 26738
8140 3 14020
8140 3 14421
8140 3 26739
8141 3 14020
8141 3 14421
8141 3 26739
8142 3 13493
8142 3 13498
8142 3 14020
8142 3 16998
8142 3 31681
8143 3 14020
8143 3 14862
8143 3 17230
8144 3 14020
8144 3 14862
8144 3 17230
8145 3 11774
8145 3 14020
8145 3 15158
8145 3 18832
8145 3 19062
8145 3 19063
8146 3 14020
8146 3 26738
8146 3 31230
8147 3 14020
8147 3 18389
8147 3 18791
8148 3 11837
8148 3 14020
8148 3 14908
8149 3 11774
8149 3 11829
8149 3 14020
8150 3 14020
8150 3 25085
8150 3 29269
8151 3 14020
8151 3 14862
8151 3 17230
8152 3 13520
8152 3 14020
8152 3 25128
8153 3 11774
8153 3 14020
8153 3 19062
8153 3 19063
8154 3 11837
8154 3 14020
8154 3 14908
8155 3 14020
8155 3 26738
8155 3 29126
8156 3 14020
8156 3 14280
8156 3 15981
8157 3 14020
8157 3 14280
8157 3 15981
8158 3 11774
8158 3 14020
8158 3 19062
8158 3 19063
8159 3 13497
8159 3 14020
8159 3 14667
8160 2 14455
8160 2 27894
8160 3 11774
8160 3 14020
8160 3 19062
8160 3 19063
8160 9 14065
8160 9 17233
8160 9 19064
8161 3 14020
8161 3 16998
8161 3 28598
8161 3 29780
8161 3 31681
8162 3 14020
8162 3 14480
8162 3 18791
8163 3 14020
8163 3 19923
8163 3 29168
8164 3 14020
8164 3 14421
8164 3 26739
8164 9 25405
8164 9 26761
8164 9 26833
8165 3 11774
8165 3 14020
8165 3 18441
8165 3 18442
8166 3 14020
8166 3 26738
8166 3 30034
8167 3 11500
8167 3 14020
8167 3 14667
8168 3 11774
8168 3 14020
8168 3 18442
8168 3 26829
8169 3 14020
8169 3 14908
8169 3 26738
8169 3 29126
8169 3 30417
8170 3 14020
8170 3 27910
8171 0 14246
8171 3 13169
8171 3 14020
8171 3 14271
8171 3 27189
8171 9 15163
8171 13 21103
8171 14 11058
8172 3 11500
8172 3 14020
8172 3 14667
8173 3 14020
8173 3 14667
8173 3 26816
8174 3 11278
8174 3 14020
8174 3 26738
8175 3 14020
8175 3 26805
8175 3 26807
8175 3 27910
8176 3 14020
8176 3 25755
8176 3 26738
8177 3 11278
8177 3 14020
8177 3 26738
8178 3 14020
8178 3 26738
8179 3 14020
8179 3 14911
8179 3 27910
8180 3 11500
8180 3 14020
8180 3 14667
8181 3 14020
8181 3 18437
8181 3 27910
8182 3 14020
8182 3 17537
8182 3 26856
8183 3 11500
8183 3 14020
8183 3 14667
8184 3 11774
8184 3 11829
8184 3 14020
8185 0 13390
8185 3 11277
8185 3 14020
8185 3 26738
8185 9 19067
8185 14 11060
8186 3 14020
8186 3 14863
8186 3 26856
8187 3 12345
8187 3 14020
8187 3 24758
8187 3 31681
8188 3 11278
8188 3 14020
8188 3 26738
8189 3 14020
8189 3 26805
8189 3 26807
8189 3 27910
8190 3 14020
8190 3 16998
8190 3 28598
8190 3 29780
8190 3 31681
8191 3 14020
8191 3 15161
8191 3 26738
8192 3 14020
8192 3 26856
8192 3 29263
8193 3 13520
8193 3 14020
8193 3 30720
8194 3 14020
8194 3 24348
8194 3 26740
8195 3 14020
8195 3 24348
8195 3 26740
8196 3 11500
8196 3 14020
8196 3 14667
8197 3 11500
8197 3 14020
8197 3 14667
8198 3 14020
8198 3 14084
8198 3 25828
8198 3 31229
8199 3 14020
8199 3 14908
8199 3 30417
8200 3 14020
8200 3 14908
8200 3 30417
8201 3 11774
8201 3 14020
8201 3 19062
8201 3 19063
8202 3 14020
8202 3 14863
8202 3 26856
8203 3 11277
8203 3 14020
8203 3 26738
8204 3 13346
8204 3 14020
8204 3 29270
8204 3 31681
8205 3 11500
8205 3 14020
8205 3 14667
8206 3 11500
8206 3 14020
8206 3 14667
8206 3 18437
8206 3 27910
8207 3 11278
8207 3 14020
8207 3 26738
8208 3 14020
8208 3 15158
8208 3 15976
8209 3 14020
8209 3 16340
8209 3 27039
8210 3 11774
8210 3 11829
8210 3 14020
8211 3 11774
8211 3 14020
8211 3 19062
8211 3 19063
8212 3 11774
8212 3 14020
8212 3 19062
8212 3 19782
8213 3 14020
8213 3 26805
8213 3 26807
8213 3 27910
8214 3 14020
8214 3 26738
8214 3 29126
8215 3 14020
8215 3 14908
8215 3 30417
8216 3 11278
8216 3 14020
8216 3 26738
8217 3 14020
8217 3 26738
8217 3 31230
8218 3 14020
8218 3 24348
8218 3 26740
8219 3 11500
8219 3 14020
8219 3 14667
8220 3 14020
8220 3 26738
8220 3 31230
8221 3 14020
8221 3 14908
8221 3 30417
8222 3 14020
8222 3 14421
8222 3 26739
8223 3 14020
8223 3 14421
8223 3 26739
8224 3 14020
8224 3 14480
8224 3 18791
8225 3 14020
8225 3 24348
8225 3 30272
8226 3 13170
8226 3 14020
8226 3 27910
8227 3 11774
8227 3 11829
8227 3 14020
8228 3 11772
8228 3 11774
8228 3 14020
8228 3 18162
8228 3 19071
8228 9 16553
8229 3 11774
8229 3 11829
8229 3 14020
8230 3 14020
8230 3 26738
8230 3 29126
8231 3 14020
8231 3 15158
8231 3 16556
8232 3 14020
8232 3 14862
8232 3 17230
8233 3 14020
8233 3 26856
8233 3 29263
8234 3 13493
8234 3 13498
8234 3 14020
8234 3 16998
8234 3 31681
8235 3 14020
8235 3 14421
8235 3 29272
8236 3 13497
8236 3 14020
8236 3 14667
8237 3 14020
8237 3 16340
8237 3 27039
8238 3 14020
8238 3 14666
8238 3 26856
8239 3 14020
8239 3 25755
8239 3 26738
8239 3 30719
8240 3 14020
8240 3 26805
8240 3 26807
8240 3 27910
8241 3 14020
8241 3 14480
8241 3 18791
8242 0 17393
8242 3 14020
8242 3 26738
8242 4 12772
8242 9 26751
8243 3 11774
8243 3 11829
8243 3 14020
8244 3 14020
8244 3 19923
8244 3 29168
8245 3 11837
8245 3 14020
8245 3 14908
8246 3 14020
8246 3 26738
8246 3 29126
8247 3 14020
8247 3 14063
8247 3 14670
8248 3 14020
8248 3 19923
8248 3 29168
8249 3 14020
8249 3 15691
8249 3 24348
8250 3 14020
8250 3 14908
8250 3 30417
8251 3 11773
8251 3 14020
8251 3 24348
8252 3 11774
8252 3 14020
8252 3 19062
8252 3 19063
8253 3 11277
8253 3 14020
8253 3 26738
8254 3 14020
8254 3 14667
8254 3 29273
8255 3 13170
8255 3 14020
8255 3 27910
8256 3 11500
8256 3 14020
8256 3 14667
8257 3 11278
8257 3 14020
8257 3 26738
8258 3 14020
8258 3 25756
8258 3 27910
8258 3 27918
8259 3 13520
8259 3 14020
8259 3 25128
8260 3 14020
8260 3 16998
8260 3 28598
8260 3 29780
8260 3 31681
8261 3 14020
8261 3 16998
8261 3 28598
8261 3 29780
8261 3 31681
8262 3 14020
8262 3 26738
8262 3 30034
8263 3 13164
8263 3 14020
8263 3 26856
8263 3 29263
8264 3 14020
8264 3 14908
8264 3 30417
8265 3 14020
8265 3 14863
8265 3 26856
8266 3 14020
8266 3 26856
8266 3 29263
8267 3 14020
8267 3 26738
8268 3 14020
8268 3 26805
8268 3 26807
8268 3 27910
8269 3 13169
8269 3 14020
8269 3 24323
8269 3 27189
8270 3 11774
8270 3 14020
8270 3 19062
8270 3 19063
8271 3 14020
8271 3 14421
8271 3 18438
8272 3 13493
8272 3 13498
8272 3 14020
8272 3 16998
8272 3 31681
8273 3 14020
8273 3 15161
8273 3 26738
8274 3 14020
8274 3 26738
8274 3 29126
8275 3 11278
8275 3 14020
8275 3 26738
8276 3 14020
8276 3 14908
8276 3 30417
8277 3 14020
8277 3 19923
8277 3 29168
8278 3 13493
8278 3 13498
8278 3 14020
8278 3 16998
8278 3 31681
8279 3 14020
8279 3 15161
8279 3 26738
8280 3 14020
8280 3 19923
8280 3 29168
8281 3 14020
8281 3 14670
8281 3 29819
8282 3 14020
8282 3 15161
8282 3 26738
8283 3 13493
8283 3 13498
8283 3 14020
8283 3 16998
8283 3 31681
8284 3 13164
8284 3 14020
8284 3 26856
8284 3 29263
8285 3 11774
8285 3 13495
8285 3 13507
8285 3 14020
8286 3 11774
8286 3 11829
8286 3 14020
8287 3 14020
8287 3 26738
8287 3 30034
8288 3 14020
8288 3 26738
8288 3 30034
8289 3 14020
8289 3 14480
8289 3 18791
8290 3 14020
8290 3 14667
8290 3 26816
8291 3 14020
8291 3 14867
8291 3 16998
8291 3 17266
8291 3 31681
8292 3 11278
8292 3 14020
8292 3 26738
8293 3 11837
8293 3 14020
8293 3 14908
8294 3 11278
8294 3 14020
8294 3 26738
8295 3 13169
8295 3 14020
8295 3 14861
8296 3 14020
8296 3 14908
8296 3 30417
8297 3 14020
8297 3 25081
8297 3 26856
8298 3 14020
8298 3 25755
8298 3 26738
8299 3 14020
8299 3 18043
8299 3 25755
8299 3 26738
8300 3 14020
8300 3 25755
8300 3 26738
8301 3 14020
8301 3 25081
8301 3 26856
8302 3 14020
8302 3 18043
8302 3 25755
8302 3 26738
8303 3 14020
8303 3 14863
8303 3 26856
8304 3 11774
8304 3 14020
8304 3 18442
8304 3 26756
8305 3 14020
8305 3 27910
8305 3 27912
8306 3 13493
8306 3 13498
8306 3 14020
8306 3 16998
8306 3 31681
8307 3 13493
8307 3 13498
8307 3 14020
8307 3 16998
8307 3 31681
8308 3 14020
8308 3 26738
8309 3 11774
8309 3 14020
8309 3 16764
8309 3 18442
8310 3 14020
8310 3 14480
8310 3 18791
8311 3 11278
8311 3 14020
8311 3 26738
8312 3 14020
8312 3 14480
8312 3 18791
8313 3 13498
8313 3 14020
8313 3 16998
8313 3 19107
8313 3 31681
8314 3 11278
8314 3 14020
8314 3 26738
8315 3 11500
8315 3 14020
8315 3 14667
8315 9 14438
8315 9 15998
8315 9 24349
8315 9 26760
8315 9 26809
8316 3 14020
8316 3 14862
8316 3 17230
8317 3 14020
8317 3 25755
8317 3 26738
8318 3 14020
8318 3 18043
8318 3 25755
8318 3 26738
8319 3 14020
8319 3 14863
8319 3 26856
8320 3 14020
8320 3 26738
8320 3 31230
8321 3 14020
8321 3 14480
8321 3 18791
8322 3 14020
8322 3 14480
8322 3 18791
8323 3 14020
8323 3 14421
8323 3 26739
8324 3 14020
8324 3 14908
8324 3 30417
8325 3 14020
8325 3 14908
8325 3 30417
8326 3 14020
8326 3 14480
8326 3 18791
8327 3 11500
8327 3 14020
8327 3 14667
8328 3 14020
8328 3 24348
8329 3 13493
8329 3 13498
8329 3 14020
8329 3 16998
8329 3 31681
8330 3 11278
8330 3 14020
8330 3 26738
8331 3 11278
8331 3 14020
8331 3 26738
8332 3 11500
8332 3 14020
8332 3 14667
8333 3 13169
8333 3 14020
8333 3 14861
8334 3 14020
8334 3 17537
8334 3 26856
8335 3 14020
8335 3 26738
8336 3 14020
8336 3 27910
8337 3 14020
8337 3 16998
8337 3 28598
8337 3 29780
8337 3 31681
8338 3 14020
8338 3 26856
8339 3 11774
8339 3 14020
8339 3 16764
8339 3 18442
8340 3 14020
8340 3 26741
8340 3 27039
8341 3 13169
8341 3 14020
8341 3 16543
8342 3 14020
8342 3 14480
8342 3 18791
8343 3 11774
8343 3 11829
8343 3 14020
8344 3 14020
8344 3 25085
8344 3 29269
8345 0 21799
8345 3 11774
8345 3 13495
8345 3 13507
8345 3 14020
8345 13 21799
8345 14 11060
8346 3 14020
8346 3 18389
8346 3 18791
8347 3 14020
8347 3 26805
8347 3 26807
8347 3 27910
8348 3 14020
8348 3 25755
8348 3 26738
8349 3 14020
8349 3 14670
8349 3 28345
8350 3 11774
8350 3 14020
8350 3 25395
8350 3 25396
8351 3 14020
8351 3 24348
8351 3 26740
8352 3 14020
8352 3 25081
8352 3 26856
8353 3 11774
8353 3 11829
8353 3 14020
8354 3 11774
8354 3 14020
8354 3 25395
8354 3 25396
8355 3 14020
8355 3 14908
8355 3 30417
8356 3 14020
8356 3 14480
8356 3 18791
8357 3 14020
8357 3 15158
8357 3 15976
8358 3 14020
8358 3 19923
8358 3 29264
8359 3 14020
8359 3 14863
8359 3 26856
8360 3 14020
8360 3 14667
8360 3 29273
8361 3 11500
8361 3 14020
8361 3 14667
8362 3 14020
8362 3 15158
8362 3 16556
8363 3 14020
8363 3 25755
8363 3 26738
8363 3 30719
8364 3 14020
8364 3 14867
8364 3 16998
8364 3 19185
8364 3 31681
8365 3 14020
8365 3 26805
8365 3 26807
8365 3 27910
8366 3 14020
8366 3 14665
8366 3 14908
8367 3 14020
8367 3 14667
8367 3 29273
8368 3 14020
8368 3 14667
8368 3 26816
8369 3 14020
8369 3 14908
8369 3 30417
8370 3 13169
8370 3 14020
8370 3 16543
8371 3 14020
8371 3 14908
8371 3 30417
8372 3 12785
8372 3 14020
8372 3 19923
8373 3 13809
8373 3 14020
8373 3 19496
8373 3 31681
8374 3 14020
8374 3 14908
8374 3 30417
8375 3 14020
8375 3 26738
8375 3 31230
8376 3 11500
8376 3 14020
8376 3 14667
8377 3 11815
8377 3 14020
8377 3 15158
8378 3 14020
8378 3 19923
8379 3 14020
8379 3 27910
8380 3 13493
8380 3 13498
8380 3 14020
8380 3 16998
8380 3 31681
8381 3 14020
8381 3 15161
8381 3 26738
8382 3 14020
8382 3 25699
8382 3 31681
8383 3 14020
8383 3 22463
8383 3 22464
8384 3 14020
8384 3 25081
8384 3 26856
8385 3 11500
8385 3 14020
8385 3 14667
8386 3 14020
8386 3 16340
8386 3 27039
8387 3 11774
8387 3 14020
8387 3 19062
8387 3 19063
8388 3 14020
8388 3 26738
8389 3 14020
8389 3 14667
8389 3 26816
8390 3 14020
8390 3 17051
8390 3 29288
8391 3 14020
8391 3 14863
8391 3 26856
8392 3 11278
8392 3 14020
8392 3 26738
8393 3 11774
8393 3 14020
8393 3 18162
8393 3 19071
8394 3 14020
8394 3 15161
8394 3 26738
8395 3 14020
8395 3 14667
8395 3 26816
8396 3 14020
8396 3 18437
8396 3 27910
8397 3 14020
8397 3 26738
8397 3 31230
8398 3 13169
8398 3 14020
8398 3 14271
8398 3 27189
8399 3 11774
8399 3 14020
8399 3 19062
8399 3 19063
8400 3 14020
8400 3 25755
8400 3 26738
8400 3 30719
8401 3 13493
8401 3 13498
8401 3 14020
8401 3 16998
8401 3 31681
8402 3 13169
8402 3 14020
8402 3 16543
8403 3 11500
8403 3 14020
8403 3 14667
8404 3 14020
8404 3 14867
8404 3 16998
8404 3 17945
8404 3 31681
8405 3 11277
8405 3 14020
8405 3 26738
8406 3 14020
8406 3 14908
8406 3 30417
8407 3 14020
8407 3 24348
8407 3 30272
8408 3 14020
8408 3 26805
8408 3 26807
8408 3 27910
8409 3 14020
8409 3 17054
8409 3 27039
8410 3 14020
8410 3 26738
8411 3 11774
8411 3 14020
8411 3 19062
8411 3 19063
8412 3 14020
8412 3 14421
8412 3 26739
8413 3 14020
8413 3 15691
8413 3 24348
8414 3 14020
8414 3 15161
8414 3 26738
8415 3 14020
8415 3 19923
8415 3 29168
8416 3 11500
8416 3 14020
8416 3 14667
8417 3 14020
8417 3 26629
8417 3 26856
8417 3 29263
8418 3 13493
8418 3 13498
8418 3 14020
8418 3 16998
8418 3 31681
8419 3 14020
8419 3 25086
8419 3 29269
8420 3 14020
8420 3 14421
8420 3 26739
8421 3 11774
8421 3 14020
8421 3 17615
8421 3 18442
8422 3 11774
8422 3 14020
8422 3 19062
8422 3 19063
8423 3 13170
8423 3 14020
8423 3 27910
8424 3 14020
8424 3 14665
8424 3 14908
8424 3 25245
8425 3 14020
8425 3 19923
8425 3 31228
8426 3 13164
8426 3 14020
8426 3 26856
8426 3 29263
8427 3 13170
8427 3 14020
8427 3 27910
8428 3 14020
8428 3 14421
8428 3 29272
8429 3 14020
8429 3 14908
8429 3 30417
8430 3 11773
8430 3 14020
8430 3 24348
8431 3 11278
8431 3 14020
8431 3 26738
8432 3 11500
8432 3 14020
8432 3 14667
8433 3 11277
8433 3 14020
8433 3 26738
8434 3 11500
8434 3 14020
8434 3 14667
8435 3 11774
8435 3 14020
8435 3 19062
8435 3 19063
8436 3 13167
8436 3 14020
8436 3 14908
8437 3 11277
8437 3 14020
8437 3 26738
8438 3 11500
8438 3 14020
8438 3 14667
8439 3 14020
8439 3 14863
8439 3 26856
8440 3 11500
8440 3 14020
8440 3 14667
8441 3 13169
8441 3 14020
8441 3 16543
8442 3 14020
8442 3 14280
8442 3 15981
8443 3 13493
8443 3 13498
8443 3 14020
8443 3 16998
8443 3 31681
8444 3 14020
8444 3 14863
8444 3 26856
8445 3 14020
8445 3 19923
8446 3 14020
8446 3 25755
8446 3 26738
8447 3 11837
8447 3 14020
8447 3 14908
8448 3 14020
8448 3 19923
8448 3 31228
8449 3 11278
8449 3 14020
8449 3 26738
8450 3 11277
8450 3 14020
8450 3 26738
8451 3 11278
8451 3 14020
8451 3 26738
8452 3 14020
8452 3 15161
8452 3 26738
8453 3 14020
8453 3 14480
8453 3 18791
8454 3 14020
8454 3 24348
8454 3 26740
8455 3 14020
8455 3 14862
8455 3 17230
8456 3 11277
8456 3 14020
8456 3 26738
8457 3 11774
8457 3 14020
8457 3 18161
8457 3 18162
8458 0 30409
8458 3 14020
8458 3 26805
8458 3 26806
8458 3 27910
8458 9 14913
8458 13 19645
8458 13 30409
8458 14 11060
8459 3 14020
8459 3 14421
8459 3 14909
8460 3 14020
8460 3 16152
8460 3 25755
8460 3 26738
8461 3 14020
8461 3 17537
8461 3 26856
8462 3 14020
8462 3 14908
8462 3 30417
8463 3 14020
8463 3 14908
8463 3 30417
8464 3 11774
8464 3 14020
8464 3 18442
8464 3 26756
8464 3 26805
8464 3 26807
8464 3 27910
8465 3 14020
8465 3 14908
8465 3 30417
8466 3 11774
8466 3 14020
8466 3 19062
8466 3 19063
8467 0 19003
8467 0 22262
8467 3 14020
8467 3 14908
8467 3 30417
8467 9 25829
8467 9 25836
8467 9 26743
8467 9 29005
8467 14 11060
8468 3 14020
8468 3 17537
8468 3 26856
8469 3 14020
8469 3 25755
8469 3 26738
8470 3 14020
8470 3 14908
8470 3 30417
8471 3 11774
8471 3 14020
8471 3 19062
8471 3 19063
8472 3 14020
8472 3 26738
8472 3 29126
8473 3 11500
8473 3 14020
8473 3 14667
8474 3 11500
8474 3 14020
8474 3 14667
8475 3 11773
8475 3 14020
8475 3 24348
8476 3 13169
8476 3 14020
8476 3 16543
8477 0 30148
8477 3 11774
8477 3 14020
8477 3 19062
8477 3 19063
8477 9 16554
8477 13 30148
8477 14 11061
8478 3 14020
8478 3 14667
8478 3 26816
8479 3 11500
8479 3 14020
8479 3 14667
8480 0 15667
8480 3 13493
8480 3 13498
8480 3 14020
8480 3 16998
8480 3 31681
8480 9 27917
8480 14 11058
8481 3 13167
8481 3 14020
8481 3 14908
8482 3 14020
8482 3 14862
8482 3 17230
8483 3 14020
8483 3 14480
8483 3 18791
8484 3 11500
8484 3 14020
8484 3 14667
8485 3 11278
8485 3 14020
8485 3 26738
8486 3 14020
8486 3 25756
8486 3 27910
8486 3 27918
8487 3 14020
8487 3 26738
8488 3 11774
8488 3 14020
8488 3 19062
8488 3 19063
8489 3 14020
8489 3 26738
8489 3 31230
8490 3 13520
8490 3 14020
8490 3 25128
8491 3 11774
8491 3 14020
8491 3 17615
8491 3 18442
8492 0 30160
8492 3 14020
8492 3 19923
8492 3 31228
8492 4 11367
8492 4 27614
8492 9 26751
8492 13 27071
8492 14 11055
8493 3 14020
8493 3 14063
8493 3 14670
8494 3 14020
8494 3 14421
8494 3 26739
8495 3 14020
8495 3 25755
8495 3 26738
8495 3 30719
8496 3 13169
8496 3 14020
8496 3 16543
8497 3 14020
8497 3 14280
8497 3 23263
8498 3 14020
8498 3 19923
8499 3 11837
8499 3 14020
8499 3 14908
8499 3 26738
8500 3 11500
8500 3 14020
8500 3 14667
8501 3 14020
8501 3 14862
8501 3 17230
8502 1 22531
8502 1 30609
8502 3 13520
8502 3 14020
8502 3 25128
8503 3 14020
8503 3 19923
8503 3 31228
8504 3 14020
8504 3 14908
8504 3 26738
8504 3 29188
8504 3 30417
8505 3 14020
8505 3 14908
8505 3 30417
8506 3 13499
8506 3 14020
8506 3 24348
8507 3 13164
8507 3 14020
8507 3 26856
8507 3 29263
8508 0 14792
8508 3 11774
8508 3 11829
8508 3 14020
8508 13 16366
8509 3 14020
8509 3 14862
8509 3 17230
8510 3 14020
8510 3 14867
8510 3 16998
8510 3 19185
8510 3 31681
8511 3 14020
8511 3 19923
8511 3 29168
8512 3 11278
8512 3 14020
8512 3 26738
8513 3 13169
8513 3 14020
8513 3 16543
8514 3 14020
8514 3 25756
8514 3 27910
8514 3 29711
8515 3 11774
8515 3 14020
8515 3 19062
8515 3 19063
8516 3 11774
8516 3 14020
8516 3 19062
8516 3 19063
8517 3 14020
8517 3 25085
8517 3 29269
8518 3 11774
8518 3 14020
8518 3 19062
8518 3 19063
8519 3 14020
8519 3 14908
8519 3 30417
8520 3 14020
8520 3 14862
8520 3 17230
8521 3 14020
8521 3 24348
8522 3 14020
8522 3 14908
8523 3 13493
8523 3 13498
8523 3 14020
8523 3 16998
8523 3 31681
8524 3 12358
8524 3 14020
8524 3 14667
8524 9 13172
8524 9 18440
8525 3 14020
8525 3 14908
8525 3 30417
8526 3 14020
8526 3 19923
8526 3 29264
8527 3 14020
8527 3 26805
8527 3 26806
8527 3 27910
8528 3 14020
8528 3 26805
8528 3 26806
8528 3 27910
8529 3 14020
8529 3 14908
8529 3 30417
8530 3 11500
8530 3 14020
8530 3 14667
8531 0 28104
8531 3 14020
8531 3 26738
8531 3 29126
8531 4 14675
8531 9 25127
8531 9 26743
8531 9 30205
8532 3 13170
8532 3 14020
8532 3 27910
8533 3 14020
8533 3 14863
8533 3 26856
8534 3 13493
8534 3 13498
8534 3 14020
8534 3 16998
8534 3 31681
8535 3 11815
8535 3 14020
8535 3 15158
8536 3 14020
8536 3 15691
8536 3 24348
8537 3 14020
8537 3 26805
8537 3 26807
8537 3 27910
8538 3 11277
8538 3 14020
8538 3 26738
8539 3 13167
8539 3 14020
8539 3 14908
8540 3 11277
8540 3 14020
8540 3 26738
8541 3 11774
8541 3 14020
8541 3 18442
8541 3 26829
8542 3 11774
8542 3 14020
8542 3 19062
8542 3 19063
8543 3 11774
8543 3 14020
8543 3 19062
8543 3 19063
8544 3 14020
8544 3 25755
8544 3 26738
8545 3 14020
8545 3 14667
8545 3 26816
8546 3 14020
8546 3 15161
8546 3 26738
8547 3 13520
8547 3 14020
8547 3 30720
8548 3 14020
8548 3 14908
8548 3 30417
8549 3 14020
8549 3 14862
8549 3 17230
8550 3 14020
8550 3 14908
8550 3 30417
8551 3 14020
8551 3 26738
8552 3 14020
8552 3 17054
8552 3 27039
8553 3 14020
8553 3 14421
8553 3 26739
8554 3 11774
8554 3 14020
8554 3 19062
8554 3 19063
8555 3 14020
8555 3 25081
8555 3 26856
8556 3 13493
8556 3 13498
8556 3 14020
8556 3 16998
8556 3 31681
8557 3 14020
8557 3 14863
8557 3 26856
8558 3 11774
8558 3 14020
8558 3 25395
8558 3 25396
8559 3 14020
8559 3 25755
8559 3 26738
8560 3 14020
8560 3 14670
8560 3 29819
8561 3 13498
8561 3 14020
8561 3 16998
8561 3 19107
8561 3 31681
8562 0 21373
8562 3 11500
8562 3 14020
8562 3 14667
8562 9 18608
8562 13 14403
8562 14 11059
8563 3 11774
8563 3 14020
8563 3 19062
8563 3 19063
8564 3 14020
8564 3 26738
8565 3 14020
8565 3 26856
8565 3 29263
8566 3 11774
8566 3 14020
8566 3 18442
8566 3 26812
8567 3 11500
8567 3 14020
8567 3 14667
8568 3 11278
8568 3 14020
8568 3 26738
8569 3 11774
8569 3 14020
8569 3 16764
8569 3 18442
8570 3 11773
8570 3 14020
8570 3 24348
8571 3 14020
8571 3 26738
8571 3 30034
8572 3 14020
8572 3 14421
8572 3 26739
8573 3 11774
8573 3 14020
8573 3 19062
8573 3 19063
8574 3 14020
8574 3 14908
8574 3 30417
8574 9 14913
8575 3 14020
8575 3 26738
8576 3 14020
8576 3 25699
8576 3 31681
8577 3 14020
8577 3 15691
8577 3 24348
8578 3 14020
8578 3 26738
8579 3 14020
8579 3 26738
8579 3 31230
8580 3 14020
8580 3 14908
8580 3 30417
8581 3 14020
8581 3 25755
8581 3 26738
8581 3 30719
8582 3 14020
8582 3 24348
8583 3 14020
8583 3 26856
8583 3 29263
8584 0 17066
8584 3 14020
8584 3 19923
8584 3 31228
8584 9 27914
8584 14 11055
8585 3 11774
8585 3 14020
8585 3 19062
8585 3 19063
8586 3 11774
8586 3 11829
8586 3 14020
8587 3 14020
8587 3 14908
8587 3 30417
8588 0 27135
8588 3 14020
8588 3 14908
8588 3 30417
8588 9 14913
8588 13 27135
8588 13 30615
8588 14 11061
8589 3 14020
8589 3 14908
8589 3 30417
8590 3 14020
8590 3 25755
8590 3 26738
8591 3 13170
8591 3 14020
8591 3 27910
8592 3 11277
8592 3 14020
8592 3 26738
8593 3 14020
8593 3 14908
8593 3 24348
8593 3 26740
8593 3 30417
8594 3 14020
8594 3 14908
8594 3 30417
8595 3 14020
8595 3 18437
8595 3 27910
8596 3 14020
8596 3 14908
8596 3 30417
8597 3 14020
8597 3 26805
8597 3 26807
8597 3 27910
8598 3 11773
8598 3 14020
8598 3 24348
8599 3 14020
8599 3 22463
8599 3 22464
8600 3 11500
8600 3 14020
8600 3 14667
8601 3 11278
8601 3 14020
8601 3 26738
8602 3 14020
8602 3 14421
8602 3 18438
8603 3 14020
8603 3 25081
8603 3 26856
8604 3 14020
8604 3 25390
8605 3 13809
8605 3 14020
8605 3 14989
8605 3 31681
8606 3 14020
8606 3 19923
8606 3 29168
8607 3 14020
8607 3 26738
8607 3 31230
8608 3 14020
8608 3 26738
8608 3 31230
8609 3 14020
8609 3 24348
8609 3 26740
8610 3 14020
8610 3 14862
8610 3 17230
8611 3 11774
8611 3 11829
8611 3 14020
8612 3 11774
8612 3 14020
8612 3 18442
8612 3 26756
8613 3 14020
8613 3 16344
8613 3 26738
8614 3 14020
8614 3 14480
8614 3 18791
8615 3 14020
8615 3 14667
8615 3 18058
8616 3 14020
8616 3 18437
8616 3 27910
8617 3 14020
8617 3 14480
8617 3 18791
8618 3 14020
8618 3 17230
8618 3 30717
8619 3 13520
8619 3 14020
8619 3 25128
8620 3 11773
8620 3 14020
8620 3 24348
8621 3 14020
8621 3 24348
8621 3 26740
8622 3 14020
8622 3 14421
8622 3 26739
8623 3 14020
8623 3 19923
8623 3 22462
8624 3 14020
8624 3 26741
8624 3 27039
8625 3 11774
8625 3 14020
8625 3 19062
8625 3 19063
8626 3 14020
8626 3 14421
8626 3 29272
8627 3 14020
8627 3 15158
8627 3 15976
8628 3 14020
8628 3 14480
8628 3 18791
8629 3 14020
8629 3 31681
8630 3 13170
8630 3 14020
8630 3 27910
8631 3 14020
8631 3 14872
8631 3 19923
8632 3 14020
8632 3 25755
8632 3 26738
8633 3 11815
8633 3 14020
8633 3 15158
8634 3 14020
8634 3 14911
8634 3 27910
8635 3 11278
8635 3 14020
8635 3 26738
8636 3 11500
8636 3 14020
8636 3 14667
8637 3 14020
8637 3 26805
8637 3 26806
8637 3 27910
8638 0 30181
8638 3 14020
8638 3 16344
8638 3 26738
8638 9 14913
8638 13 20411
8638 14 11058
8639 3 14020
8639 3 14480
8639 3 18791
8640 3 11774
8640 3 11829
8640 3 14020
8641 3 14020
8641 3 15161
8641 3 26738
8642 3 14020
8642 3 26856
8642 3 29263
8643 3 14020
8643 3 26738
8643 3 31230
8644 3 14020
8644 3 26738
8645 3 11159
8645 3 13169
8645 3 14020
8646 3 14020
8646 3 26738
8647 3 14020
8647 3 25755
8647 3 26738
8648 3 14020
8648 3 24348
8648 3 26740
8649 3 14020
8649 3 25755
8649 3 26738
8650 3 11774
8650 3 14020
8650 3 19062
8650 3 19063
8651 3 14020
8651 3 26738
8652 3 14020
8652 3 14908
8653 3 14020
8653 3 22463
8653 3 22464
8654 2 15357
8654 2 20952
8654 2 21296
8654 3 14020
8654 3 24348
8654 3 26740
8654 9 11779
8654 9 18440
8655 3 11774
8655 3 14020
8655 3 19062
8655 3 19063
8656 3 14020
8656 3 26741
8656 3 27039
8657 3 14020
8657 3 14908
8657 3 30417
8658 3 14020
8658 3 26856
8658 3 29263
8659 3 13498
8659 3 14020
8659 3 16998
8659 3 19107
8659 3 31681
8660 3 14020
8660 3 29269
8660 3 30043
8661 3 11500
8661 3 14020
8661 3 14667
8662 3 11278
8662 3 14020
8662 3 26738
8663 3 14020
8663 3 26738
8663 3 31230
8664 0 11081
8664 3 14020
8664 3 26738
8665 3 14020
8665 3 16344
8665 3 26738
8666 3 14020
8666 3 15161
8666 3 26738
8667 3 14020
8667 3 14480
8667 3 18791
8668 3 11278
8668 3 14020
8668 3 26738
8669 3 14020
8669 3 24348
8669 3 26740
8670 3 14020
8670 3 14908
8670 3 30417
8671 3 14020
8671 3 14908
8671 3 30417
8672 3 13498
8672 3 14020
8672 3 16998
8672 3 19107
8672 3 31681
8673 3 14020
8673 3 29269
8674 3 14020
8674 3 26738
8675 3 14020
8675 3 26856
8675 3 29263
8676 3 14020
8676 3 25755
8676 3 26738
8677 3 14020
8677 3 25755
8677 3 26738
8678 3 14020
8678 3 25755
8678 3 26738
8679 0 11201
8679 3 14020
8679 3 26738
8679 9 15162
8679 9 29820
8679 13 16227
8679 14 11060
8680 3 14020
8680 3 15691
8680 3 24348
8681 3 11774
8681 3 14020
8681 3 19062
8681 3 19063
8682 3 14020
8682 3 14667
8682 3 26816
8683 3 14020
8683 3 27910
8684 3 13170
8684 3 14020
8684 3 27910
8685 3 14020
8685 3 24348
8685 3 26740
8686 3 13170
8686 3 14020
8686 3 27910
8687 3 14020
8687 3 26738
8688 3 14020
8688 3 25755
8688 3 26738
8689 3 14020
8689 3 25081
8689 3 26856
8690 3 14020
8690 3 24348
8690 3 26740
8691 3 11277
8691 3 14020
8691 3 26738
8692 3 14020
8692 3 14816
8692 3 29336
8693 3 11774
8693 3 14020
8693 3 19062
8693 3 19063
8694 3 14020
8694 3 15158
8694 3 16556
8695 3 14020
8695 3 26738
8696 3 14020
8696 3 14421
8696 3 26739
8697 3 14020
8697 3 14908
8697 3 30417
8698 3 11774
8698 3 14020
8698 3 19062
8698 3 19063
8699 3 14020
8699 3 16998
8699 3 31681
8700 3 14020
8700 3 14670
8701 3 11277
8701 3 14020
8701 3 26738
8702 3 14020
8702 3 18437
8702 3 27910
8703 3 14020
8703 3 26738
8704 3 14020
8704 3 26805
8704 3 26807
8704 3 27910
8705 3 11278
8705 3 14020
8705 3 26738
8706 3 14020
8706 3 14908
8706 3 30417
8707 0 23774
8707 3 14020
8707 3 14665
8707 3 14908
8707 3 25245
8707 9 13507
8707 14 11059
8708 3 14020
8708 3 26856
8708 3 29263
8709 3 14020
8709 3 14666
8709 3 26856
8710 3 14020
8710 3 26738
8711 3 14020
8711 3 24348
8711 3 26740
8712 3 14020
8712 3 17230
8712 3 30717
8713 3 11774
8713 3 14020
8713 3 18282
8713 3 19062
8713 3 19063
8713 3 27910
8713 3 27912
8714 3 14020
8714 3 26738
8715 3 11774
8715 3 14020
8715 3 19062
8715 3 19063
8716 3 14020
8716 3 25085
8716 3 29269
8717 3 14020
8717 3 26738
8717 3 31230
8718 3 14020
8718 3 18437
8718 3 27910
8719 3 14020
8719 3 14421
8720 3 14020
8720 3 24348
8720 3 26740
8721 3 11774
8721 3 14020
8721 3 18442
8721 3 26829
8722 3 14020
8722 3 26738
8723 3 14020
8723 3 31681
8724 3 14020
8724 3 24348
8724 3 26740
8725 3 14020
8725 3 26738
8726 3 14020
8726 3 26738
8726 3 29126
8727 0 22329
8727 3 14020
8727 3 15161
8727 3 26738
8727 9 15162
8727 9 15976
8728 3 14020
8728 3 19923
8728 3 29168
8729 3 14020
8729 3 26738
8730 3 14020
8730 3 26741
8730 3 27039
8731 3 14020
8731 3 26738
8731 3 31230
8732 3 13169
8732 3 14020
8732 3 30716
8733 3 14020
8733 3 26856
8733 3 29263
8734 3 14020
8734 3 17612
8734 3 27039
8735 3 11277
8735 3 14020
8735 3 26738
8736 3 14020
8736 3 26741
8736 3 27039
8737 3 11277
8737 3 14020
8737 3 26738
8738 3 14020
8738 3 26741
8738 3 27039
8739 3 14020
8739 3 19923
8739 3 29264
8740 3 14020
8740 3 26741
8740 3 27039
8741 3 14020
8741 3 26856
8741 3 29263
8742 3 11277
8742 3 14020
8742 3 26738
8743 3 11278
8743 3 14020
8743 3 26738
8744 3 14020
8744 3 17231
8744 3 25755
8744 3 26738
8744 3 27910
8745 3 14020
8745 3 25085
8745 3 29269
8746 3 14020
8746 3 14063
8746 3 14670
8747 3 14020
8747 3 26738
8748 3 14020
8748 3 14908
8748 3 30417
8749 3 14020
8749 3 26738
8750 3 11500
8750 3 14020
8750 3 14667
8750 3 26738
8751 3 14020
8751 3 14862
8751 3 17230
8752 3 14020
8752 3 14421
8752 3 26739
8753 3 14020
8753 3 24348
8753 3 26740
8754 3 14020
8754 3 14908
8754 3 30417
8755 3 14020
8755 3 26738
8755 3 31230
8756 3 14020
8756 3 14667
8756 3 29273
8757 3 14020
8757 3 14667
8757 3 29273
8758 3 14020
8758 3 18437
8758 3 27910
8759 3 14020
8759 3 14908
8759 3 30417
8760 3 14020
8760 3 17231
8760 3 27910
8761 3 14020
8761 3 24348
8761 3 26740
8762 3 14020
8762 3 14908
8762 3 30417
8763 3 14020
8763 3 14667
8763 3 29273
8764 3 14020
8764 3 14280
8764 3 15981
8765 3 14020
8765 3 18437
8765 3 27910
8766 3 14020
8766 3 14908
8766 3 30417
8767 3 14020
8767 3 26856
8767 3 29263
8768 3 14020
8768 3 24348
8768 3 26740
8769 3 14020
8769 3 26738
8770 3 14020
8770 3 14480
8770 3 18791
8771 3 14020
8771 3 24348
8772 3 14020
8772 3 24348
8772 3 26740
8773 3 11277
8773 3 14020
8773 3 26738
8774 3 14020
8774 3 14863
8774 3 26856
8775 3 14020
8775 3 26856
8775 3 29263
8776 3 14020
8776 3 26738
8777 3 14020
8777 3 26856
8777 3 29263
8778 3 14020
8778 3 14908
8779 3 14020
8779 3 14908
8779 3 30417
8780 3 14020
8780 3 19923
8781 3 14020
8781 3 24348
8781 3 26740
8782 3 14020
8782 3 27910
8783 3 14020
8783 3 14908
8783 3 30417
8784 3 14020
8784 3 14421
8784 3 26739
8785 3 14020
8785 3 17231
8785 3 27910
8786 3 14020
8786 3 26738
8787 3 14020
8787 3 26738
8788 3 14020
8788 3 26738
8789 3 14020
8789 3 26738
8790 3 14020
8790 3 26738
8790 3 31230
8791 3 11500
8791 3 14020
8791 3 14667
8792 3 14020
8792 3 14908
8792 3 30417
8793 3 14020
8793 3 14667
8793 3 29273
8794 3 14020
8794 3 26738
8795 3 11500
8795 3 13169
8795 3 14020
8795 3 14667
8795 3 14861
8796 3 14020
8796 3 26738
8797 3 14020
8797 3 14908
8797 3 30417
8798 3 14020
8798 3 14908
8798 3 30417
8799 0 23960
8799 3 11278
8799 3 13169
8799 3 14020
8799 3 14271
8799 3 15158
8799 3 15976
8799 3 26738
8799 3 27189
8799 13 30196
8799 14 11061
8800 3 14020
8800 3 26738
8801 3 14020
8801 3 18437
8801 3 27910
8802 3 14020
8802 3 17231
8802 3 27910
8803 3 14020
8803 3 26738
8804 3 14020
8804 3 14670
8804 3 29819
8805 3 14020
8805 3 24348
8806 3 14020
8806 3 14480
8806 3 18791
8807 3 14020
8807 3 14908
8807 3 30417
8808 3 14020
8808 3 24348
8808 3 26740
8809 3 14020
8809 3 18437
8809 3 27910
8810 3 14020
8810 3 14480
8810 3 18791
8811 3 14020
8811 3 26738
8812 3 14020
8812 3 14280
8812 3 15981
8813 3 14020
8813 3 26738
8814 3 14020
8814 3 26738
8814 3 31230
8815 3 14020
8815 3 26738
8816 3 14020
8816 3 26738
8816 3 31230
8817 3 14020
8817 3 26738
8818 3 14020
8818 3 26738
8819 0 13535
8819 3 14020
8819 3 26738
8819 3 29126
8819 9 29265
8820 3 14020
8820 3 14480
8820 3 18791
8821 3 14020
8821 3 24348
8821 3 26740
8822 0 30969
8822 3 14020
8822 3 15158
8822 3 16556
8822 9 15162
8822 13 26974
8822 14 11061
8823 3 14020
8823 3 26856
8823 3 29263
8824 3 14020
8824 3 26738
8825 3 11277
8825 3 14020
8825 3 26738
8826 3 14020
8826 3 26738
8827 3 14020
8827 3 26738
8828 3 14020
8828 3 25755
8828 3 26738
8829 3 14020
8829 3 14480
8829 3 18791
8830 3 14020
8830 3 24348
8830 3 26740
8831 3 14020
8831 3 24348
8831 3 26740
8832 3 14020
8832 3 26856
8832 3 29263
8833 3 14020
8833 3 26856
8833 3 29263
8834 3 14020
8834 3 14667
8835 3 14020
8835 3 24348
8835 3 26740
8836 3 14020
8836 3 26856
8836 3 29263
8837 3 14020
8837 3 26856
8837 3 29263
8838 3 14020
8838 3 14480
8838 3 18791
8839 3 14020
8839 3 26738
8840 3 14020
8840 3 15161
8840 3 26738
8841 3 14020
8841 3 18791
8842 3 14020
8842 3 15158
8842 3 29999
8843 3 14020
8843 3 26856
8843 3 29263
8844 3 12358
8844 3 14020
8844 3 14667
8845 3 14020
8845 3 26741
8845 3 27039
8846 3 14020
8846 3 24348
8846 3 26740
8847 3 11774
8847 3 14020
8847 3 19062
8847 3 19063
8848 3 14020
8848 3 14667
8848 3 29273
8849 3 14020
8849 3 14043
8849 3 25390
8850 3 14020
8850 3 26738
8851 3 14020
8851 3 24241
8851 3 25390
8852 3 14020
8852 3 26856
8852 3 29263
8853 3 14020
8853 3 26856
8853 3 29263
8854 3 14020
8854 3 26856
8854 3 29263
8855 3 14020
8855 3 15158
8855 3 16556
8856 3 11278
8856 3 14020
8856 3 26738
8857 3 14020
8857 3 26738
8858 3 14020
8858 3 26738
8858 3 31230
8859 3 11774
8859 3 14020
8859 3 18442
8859 3 26829
8860 3 13498
8860 3 14020
8860 3 16998
8860 3 19107
8860 3 31681
8861 3 14020
8861 3 18437
8861 3 27910
8862 3 14020
8862 3 26856
8862 3 29263
8863 3 11774
8863 3 14020
8863 3 19062
8863 3 19063
8864 3 14020
8864 3 26738
8865 3 14020
8865 3 19923
8866 3 11774
8866 3 14020
8866 3 19062
8866 3 19063
8867 3 14020
8867 3 19923
8868 3 14020
8868 3 17231
8868 3 27910
8868 9 13172
8868 9 17233
8868 9 26810
8869 3 14020
8869 3 26738
8870 3 14020
8870 3 14908
8870 3 30417
8871 3 14020
8871 3 26738
8872 3 14020
8872 3 14908
8872 3 30417
8873 3 14020
8873 3 27910
8873 3 29126
8874 3 14020
8874 3 26805
8874 3 26807
8874 3 27910
8875 3 14020
8875 3 14908
8875 3 30417
8876 3 14020
8876 3 17230
8876 3 30717
8877 3 14020
8877 3 18437
8877 3 27910
8878 3 14020
8878 3 26738
8879 3 14020
8879 3 26738
8880 3 11774
8880 3 13495
8880 3 13507
8880 3 14020
8880 3 25395
8880 3 25396
8881 3 11278
8881 3 14020
8881 3 26738
8882 3 14020
8882 3 24348
8882 3 26740
8883 3 14020
8883 3 26741
8883 3 27039
8884 3 11500
8884 3 14020
8884 3 14667
8885 3 11277
8885 3 14020
8885 3 26738
8886 3 11277
8886 3 14020
8886 3 26738
8886 9 17233
8886 9 19064
8886 9 19067
8887 3 14020
8887 3 26738
8888 3 14020
8888 3 26856
8888 3 29263
8889 3 11774
8889 3 14020
8889 3 19062
8889 3 19063
8890 3 14020
8890 3 19923
8890 3 29264
8891 3 14020
8891 3 26738
8892 3 13167
8892 3 14020
8892 3 14908
8893 3 11774
8893 3 14020
8893 3 25395
8893 3 25396
8894 3 14020
8894 3 26738
8894 3 31230
8895 3 11277
8895 3 14020
8895 3 26738
8896 3 14020
8896 3 18563
8896 3 25897
8896 3 31681
8897 3 14020
8897 3 26738
8898 3 14020
8898 3 26738
8899 3 13170
8899 3 14020
8899 3 27910
8900 3 14020
8900 3 26738
8901 3 14020
8901 3 19923
8902 3 11277
8902 3 14020
8902 3 26738
8903 3 11774
8903 3 14020
8903 3 19062
8903 3 19063
8904 3 11500
8904 3 14020
8904 3 14667
8905 3 14020
8905 3 26738
8905 3 29126
8906 3 14020
8906 3 19923
8906 3 31228
8907 3 14020
8907 3 25755
8907 3 26738
8908 3 14020
8908 3 26856
8908 3 29263
8909 3 14020
8909 3 26856
8909 3 29263
8910 3 14020
8910 3 25755
8910 3 26738
8911 3 11774
8911 3 14020
8911 3 19062
8911 3 19063
8912 3 11277
8912 3 14020
8912 3 26738
8913 3 11774
8913 3 14020
8913 3 25395
8913 3 25396
8914 3 11277
8914 3 14020
8914 3 26738
8915 3 14020
8915 3 14908
8915 3 30417
8916 3 14020
8916 3 14908
8916 3 30417
8917 3 14020
8917 3 24348
8917 3 26740
8918 3 14020
8918 3 14667
8918 3 18058
8919 3 14020
8919 3 14421
8919 3 26739
8920 0 28898
8920 3 14020
8920 3 14421
8920 3 26739
8920 9 26743
8920 14 11061
8921 3 11815
8921 3 14020
8921 3 15158
8922 3 11774
8922 3 14020
8922 3 25395
8922 3 25396
8923 3 11774
8923 3 14020
8923 3 19062
8923 3 19063
8924 3 13170
8924 3 14020
8924 3 27910
8925 3 13170
8925 3 14020
8925 3 27910
8926 3 11277
8926 3 14020
8926 3 26738
8927 3 14020
8927 3 14421
8927 3 26739
8928 3 14020
8928 3 26738
8929 3 11500
8929 3 14020
8929 3 14667
8930 3 14020
8930 3 25755
8930 3 26738
8931 0 20949
8931 3 13170
8931 3 14020
8931 3 27910
8931 9 15163
8931 13 15456
8931 14 11058
8932 3 14020
8932 3 26738
8933 3 14020
8933 3 25755
8933 3 26738
8934 3 14020
8934 3 26738
8935 3 14020
8935 3 19923
8935 3 29168
8936 3 14020
8936 3 14908
8936 3 30417
8937 3 14020
8937 3 14908
8937 3 30417
8938 3 14020
8938 3 14908
8938 3 30417
8939 3 14020
8939 3 24348
8939 3 26740
8940 3 14020
8940 3 26738
8941 3 14020
8941 3 26738
8941 3 31230
8942 3 14020
8942 3 26738
8943 0 15344
8943 3 11774
8943 3 14020
8943 3 19062
8943 3 19063
8943 9 26745
8943 13 18838
8943 14 11061
8944 3 14020
8944 3 19923
8944 3 31228
8945 0 13727
8945 3 14020
8945 3 14667
8945 3 29273
8946 3 11277
8946 3 14020
8946 3 26738
8947 3 13169
8947 3 14020
8948 3 13169
8948 3 14020
8948 3 14271
8948 3 27189
8949 3 14020
8949 3 18437
8949 3 27910
8950 0 30152
8950 3 14020
8950 3 19923
8950 9 11158
8950 9 12712
8950 9 26821
8950 13 26099
8950 14 11056
8951 0 29151
8951 3 14020
8951 3 17231
8951 3 27910
8951 9 19067
8951 13 29151
8952 3 14020
8952 3 19923
8952 3 31228
8953 3 14020
8953 3 26738
8954 3 14020
8954 3 15691
8954 3 24348
8955 3 14020
8955 3 25755
8955 3 26738
8956 3 11774
8956 3 14020
8956 3 19062
8956 3 19063
8957 3 11774
8957 3 14020
8957 3 18442
8957 3 26738
8957 3 26812
8958 3 14020
8958 3 26856
8958 3 29263
8959 3 14020
8959 3 14908
8959 3 30417
8960 3 14020
8960 3 14908
8960 3 30417
8961 3 11815
8961 3 14020
8961 3 15158
8962 3 14020
8962 3 24348
8962 3 26740
8963 3 11277
8963 3 14020
8963 3 26738
8964 3 14020
8964 3 14908
8964 3 30417
8965 3 13170
8965 3 14020
8965 3 27910
8966 3 14020
8966 3 19923
8967 3 14020
8967 3 19923
8968 3 11774
8968 3 14020
8968 3 19062
8968 3 19063
8969 3 11277
8969 3 14020
8969 3 26738
8970 3 14020
8970 3 26805
8970 3 26807
8970 3 27910
8971 3 14020
8971 3 26738
8972 3 14020
8972 3 14862
8972 3 17230
8973 3 14020
8973 3 26738
8974 3 14020
8974 3 14908
8974 3 30417
8975 3 14020
8975 3 26738
8976 3 14020
8976 3 26738
8977 3 11500
8977 3 14020
8977 3 14667
8977 3 26738
8978 3 14020
8978 3 14908
8978 3 30417
8979 3 14020
8979 3 24348
8979 3 26740
8980 3 14020
8980 3 26856
8980 3 29263
8981 3 14020
8981 3 15158
8981 3 16556
8981 9 16554
8981 9 18833
8981 9 19065
8981 9 26758
8981 9 30899
8982 3 14020
8982 3 14816
8983 3 14020
8983 3 24348
8983 3 26740
8984 3 14020
8984 3 14816
8984 3 29336
8985 3 14020
8985 3 26856
8985 3 29263
8986 3 14020
8986 3 26738
8986 3 31230
8987 3 14020
8987 3 18437
8987 3 27910
8988 3 14020
8988 3 14908
8988 3 30417
8989 3 14020
8989 3 19923
8990 3 14020
8990 3 26805
8990 3 26807
8990 3 27910
8991 3 14020
8991 3 14908
8991 3 30417
8992 3 14020
8992 3 24348
8992 3 26740
8993 3 14020
8993 3 26856
8993 3 29263
8994 3 14020
8994 3 15158
8994 3 16556
8995 3 14020
8995 3 29269
8995 3 30043
8996 3 13169
8996 3 14020
8996 3 14861
8997 3 14020
8997 3 15158
8997 3 16556
8998 3 14020
8998 3 14908
8998 3 30417
8999 3 14020
8999 3 14908
8999 3 30417
9000 3 14020
9000 3 26738
9000 3 31230
9001 3 11277
9001 3 14020
9001 3 26738
9002 3 14020
9002 3 14908
9003 3 14020
9003 3 14280
9003 3 15981
9004 0 25730
9004 3 14020
9004 3 14908
9004 3 30417
9004 13 13368
9004 13 25730
9004 14 11059
9005 3 11277
9005 3 14020
9005 3 26738
9006 3 14020
9006 3 25755
9006 3 26738
9007 3 14020
9007 3 26738
9008 3 14020
9008 3 26738
9009 3 14020
9009 3 24348
9009 3 26740
9010 3 13170
9010 3 14020
9010 3 27910
9011 0 30186
9011 3 14020
9011 3 26738
9011 9 13172
9011 9 19093
9011 9 27262
9011 13 11973
9011 14 11056
9011 14 11056
9012 3 14020
9012 3 26856
9012 3 29263
9013 3 14020
9013 3 14421
9013 3 26739
9014 3 14020
9014 3 26738
9015 3 14020
9015 3 26738
9015 3 31230
9016 3 14020
9016 3 26738
9016 3 31230
9017 3 14020
9017 3 15161
9017 3 26738
9018 3 14020
9018 3 26805
9018 3 26807
9018 3 27910
9019 3 14020
9019 3 17231
9019 3 27910
9020 3 14020
9020 3 26738
9021 3 14020
9021 3 14908
9021 3 30417
9022 3 14020
9022 3 14908
9022 3 19923
9022 3 19924
9022 3 30417
9023 3 14020
9023 3 14908
9023 3 30417
9024 3 14020
9024 3 16994
9024 3 17509
9024 3 26738
9025 3 11500
9025 3 14020
9025 3 14667
9025 3 26856
9025 3 29263
9026 3 14020
9026 3 14908
9026 3 30417
9027 3 14020
9027 3 24348
9027 3 26740
9028 3 11277
9028 3 14020
9028 3 26738
9029 3 14020
9029 3 24348
9029 3 26740
9030 3 14020
9030 3 26738
9031 0 14649
9031 3 13169
9031 3 14020
9031 3 16543
9031 3 26738
9031 9 18937
9032 3 14020
9032 3 24348
9032 3 26740
9033 3 11277
9033 3 14020
9033 3 26738
9034 3 14020
9034 3 24348
9034 3 26740
9035 3 14020
9035 3 25756
9035 3 27910
9035 3 27918
9036 3 14020
9036 3 26738
9037 3 13170
9037 3 14020
9037 3 27910
9038 3 14020
9038 3 26738
9038 3 29126
9039 3 14020
9039 3 14908
9039 3 30417
9040 3 14020
9040 3 26738
9040 3 31230
9041 3 14020
9041 3 26738
9042 3 14020
9042 3 25085
9042 3 29269
9043 3 13169
9043 3 14020
9043 3 14861
9044 3 14020
9044 3 26805
9044 3 26807
9044 3 27910
9045 3 14020
9045 3 26738
9045 3 31230
9046 3 14020
9046 3 19923
9047 3 14020
9047 3 24348
9047 3 26740
9048 3 14020
9048 3 24348
9048 3 26740
9049 3 14020
9049 3 24348
9049 3 26740
9050 3 14020
9050 3 26805
9050 3 26807
9050 3 27910
9051 3 13170
9051 3 14020
9051 3 27910
9052 3 14020
9052 3 26738
9053 3 14020
9053 3 19923
9054 3 14020
9054 3 26741
9054 3 27039
9055 3 14020
9055 3 26738
9056 3 14020
9056 3 26741
9056 3 27039
9057 3 11277
9057 3 14020
9057 3 26738
9058 3 14020
9058 3 19923
9059 3 14020
9059 3 19923
9059 3 31228
9060 3 14020
9060 3 14908
9060 3 30417
9061 3 14020
9061 3 14908
9061 3 30417
9062 3 14020
9062 3 17230
9062 3 30717
9063 3 13169
9063 3 14020
9063 3 14861
9064 3 14020
9064 3 26738
9065 3 14020
9065 3 26738
9066 3 11277
9066 3 14020
9066 3 26738
9067 0 13216
9067 3 13498
9067 3 14020
9067 3 16998
9067 3 19107
9067 3 31681
9067 9 14915
9067 9 18589
9067 13 13216
9067 13 15559
9067 13 26828
9068 3 14020
9068 3 26738
9069 3 14020
9069 3 27910
9070 3 14020
9070 3 14480
9070 3 18791
9071 3 14020
9071 3 26738
9072 3 14020
9072 3 24348
9072 3 26740
9073 3 14020
9073 3 24348
9073 3 26740
9074 3 14020
9074 3 26738
9075 3 14020
9075 3 14908
9075 3 30417
9076 3 11277
9076 3 14020
9076 3 26738
9077 3 14020
9077 3 14911
9077 3 27910
9078 3 11500
9078 3 14020
9078 3 14667
9079 3 14020
9079 3 26856
9079 3 29263
9080 3 14020
9080 3 14421
9080 3 26739
9081 3 14020
9081 3 26738
9082 3 14020
9082 3 24348
9083 3 14020
9083 3 26738
9083 3 31230
9084 3 14020
9084 3 15158
9084 3 30780
9085 3 14020
9085 3 14421
9085 3 26739
9086 3 14020
9086 3 19923
9087 3 11774
9087 3 14020
9087 3 19062
9087 3 19063
9088 3 14020
9088 3 26741
9088 3 27039
9089 3 14020
9089 3 26738
9090 3 14020
9090 3 24348
9090 3 26740
9091 0 13349
9091 3 14020
9091 3 19923
9091 3 26738
9091 3 29126
9091 9 27917
9091 9 29189
9091 13 15463
9092 3 14020
9092 3 26738
9092 3 29126
9093 3 14020
9093 3 26738
9093 3 31230
9094 3 14020
9094 3 14421
9094 3 26739
9095 3 14020
9095 3 26738
9096 3 14020
9096 3 15158
9096 3 18832
9097 3 14020
9097 3 14421
9097 3 26739
9098 3 14020
9098 3 14421
9098 3 26739
9099 3 14020
9099 3 14421
9099 3 26739
9100 3 14020
9100 3 14908
9100 3 30417
9101 3 11277
9101 3 14020
9101 3 26738
9102 3 14020
9102 3 14063
9102 3 14670
9103 0 17956
9103 3 14020
9103 3 26738
9103 3 31230
9103 4 17827
9103 9 26743
9103 9 31231
9104 3 14020
9104 3 26738
9105 3 14020
9105 3 14908
9105 3 30417
9106 3 11837
9106 3 14020
9106 3 14908
9107 3 14020
9107 3 26738
9108 3 11774
9108 3 14020
9108 3 19062
9108 3 19063
9109 3 14020
9109 3 14480
9109 3 18791
9110 3 14020
9110 3 26738
9111 3 14020
9111 3 14908
9111 3 30417
9112 3 14020
9112 3 14480
9112 3 18791
9113 3 14020
9113 3 26856
9113 3 29263
9114 3 14020
9114 3 26738
9114 3 31230
9115 3 14020
9115 3 26738
9115 3 31230
9116 3 14020
9116 3 19923
9117 3 14020
9117 3 26738
9118 0 28151
9118 3 14020
9118 3 26856
9118 3 29263
9118 9 26745
9118 13 14656
9118 14 11059
9119 3 14020
9119 3 14480
9119 3 18791
9120 3 14020
9120 3 14480
9120 3 18791
9121 3 14020
9121 3 26856
9121 3 29263
9122 3 14020
9122 3 26738
9123 3 14020
9123 3 15158
9123 3 16556
9124 3 14020
9124 3 31681
9125 3 14020
9125 3 16344
9125 3 26738
9126 0 24247
9126 3 14020
9126 3 24348
9126 9 30273
9126 14 11061
9127 0 14354
9127 3 11774
9127 3 14020
9127 3 26738
9127 3 29126
9127 3 31230
9127 9 14913
9127 9 17233
9127 9 27918
9127 9 29189
9127 13 16875
9127 14 11058
9128 3 14020
9128 3 24348
9128 3 26740
9129 3 14020
9129 3 14480
9129 3 18791
9130 3 14020
9130 3 24348
9130 3 26740
9131 3 14020
9131 3 26856
9131 3 29263
9132 3 14020
9132 3 26738
9133 3 14020
9133 3 26738
9134 3 14020
9134 3 26856
9134 3 29263
9135 3 14020
9135 3 14063
9135 3 14670
9136 3 14020
9136 3 14908
9136 3 30417
9137 3 14020
9137 3 14480
9137 3 18791
9138 3 14020
9138 3 24348
9138 3 26740
9138 9 14445
9138 9 16154
9138 9 24307
9138 9 29291
9138 9 30915
9139 3 14020
9139 3 18437
9139 3 27910
9140 3 14020
9140 3 26738
9141 3 14020
9141 3 26738
9142 3 14020
9142 3 24348
9142 3 26740
9143 3 14020
9143 3 26741
9143 3 27039
9144 3 14020
9144 3 18587
9144 3 25390
9145 3 13520
9145 3 14020
9145 3 25128
9146 3 14020
9146 3 26738
9147 3 14020
9147 3 26738
9148 3 14020
9148 3 24348
9148 3 26740
9149 3 14020
9149 3 26738
9150 3 11277
9150 3 14020
9150 3 26738
9151 3 14020
9151 3 26856
9151 3 29263
9152 3 14020
9152 3 15161
9152 3 26738
9153 3 14020
9153 3 26738
9154 3 13169
9154 3 14020
9154 3 31227
9155 3 14020
9155 3 26738
9156 3 14020
9156 3 18437
9156 3 27910
9157 3 14020
9157 3 26856
9157 3 29263
9158 3 14020
9158 3 26738
9158 3 31230
9159 3 14020
9159 3 26738
9160 3 14020
9160 3 26738
9161 3 14020
9161 3 26856
9161 3 29263
9162 3 14020
9162 3 14480
9162 3 18791
9163 3 14020
9163 3 24348
9163 3 26740
9164 3 14020
9164 3 14908
9164 3 30417
9165 3 14020
9165 3 26805
9165 3 26807
9165 3 27910
9166 3 14020
9166 3 26738
9167 3 14020
9167 3 26738
9168 3 14020
9168 3 15158
9168 3 16260
9169 3 14020
9169 3 14421
9169 3 26739
9170 3 14020
9170 3 18437
9170 3 27910
9171 3 14020
9171 3 26738
9172 0 21852
9172 3 14020
9172 3 14908
9172 3 30417
9172 9 14913
9172 13 17344
9172 14 11061
9173 3 14020
9173 3 26741
9173 3 27039
9174 3 14020
9174 3 26856
9174 3 29263
9175 3 13498
9175 3 14020
9175 3 16998
9175 3 19107
9175 3 31681
9176 3 14020
9176 3 24348
9176 3 26740
9177 3 11500
9177 3 14020
9177 3 14667
9178 3 11774
9178 3 14020
9178 3 19062
9178 3 19063
9179 3 14020
9179 3 26856
9179 3 29263
9180 3 14020
9180 3 25755
9180 3 26738
9181 3 13498
9181 3 14020
9181 3 16998
9181 3 19107
9181 3 31681
9182 3 14020
9182 3 14908
9182 3 30417
9183 3 14020
9183 3 24348
9183 3 26740
9184 3 14020
9184 3 19923
9184 3 31228
9185 3 14020
9185 3 24348
9185 3 26740
9186 3 11277
9186 3 14020
9186 3 26738
9187 3 14020
9187 3 24348
9187 3 26740
9188 0 16775
9188 3 11277
9188 3 14020
9188 3 26738
9188 13 24436
9188 14 11060
9189 3 11277
9189 3 14020
9189 3 26738
9190 3 11277
9190 3 14020
9190 3 26738
9190 9 11779
9190 9 17616
9190 9 19067
9191 3 14020
9191 3 26738
9191 3 31230
9192 3 14020
9192 3 14480
9192 3 18791
9193 3 14020
9193 3 24348
9193 3 26740
9194 3 14020
9194 3 19923
9195 3 14020
9195 3 26741
9195 3 27039
9196 3 14020
9196 3 19923
9196 3 29168
9197 3 14020
9197 3 19923
9198 3 14020
9198 3 19923
9198 3 31228
9199 3 14020
9199 3 29269
9200 3 14020
9200 3 26856
9200 3 29263
9201 3 14020
9201 3 25755
9201 3 26738
9202 3 14020
9202 3 26856
9202 3 29263
9203 3 14020
9203 3 26738
9204 3 14020
9204 3 24348
9204 3 26740
9205 3 14020
9205 3 24348
9205 3 26740
9206 3 14020
9206 3 24348
9207 3 14020
9207 3 14908
9207 3 30417
9208 3 14020
9208 3 25755
9208 3 26738
9209 3 14020
9209 3 26856
9209 3 29263
9210 3 13170
9210 3 14020
9210 3 26805
9210 3 26807
9210 3 27910
9211 3 14020
9211 3 14908
9211 3 30417
9212 3 11774
9212 3 14020
9212 3 19062
9212 3 19063
9213 3 14020
9213 3 29269
9213 3 30043
9214 3 11277
9214 3 14020
9214 3 26738
9215 3 13169
9215 3 14020
9215 3 16543
9216 3 13169
9216 3 14020
9216 3 14861
9217 3 14020
9217 3 24241
9217 3 25390
9218 3 14020
9218 3 26738
9218 3 29126
9219 3 11277
9219 3 14020
9219 3 26738
9220 3 14020
9220 3 26856
9220 3 29263
9221 3 14020
9221 3 24348
9222 3 14020
9222 3 19923
9222 3 29168
9223 3 14020
9223 3 26856
9223 3 29263
9224 3 14020
9224 3 26738
9225 3 14020
9225 3 26738
9226 3 14020
9226 3 26738
9227 3 14020
9227 3 14908
9227 3 30417
9228 3 11277
9228 3 14020
9228 3 26738
9229 3 14020
9229 3 19923
9230 3 14020
9230 3 26738
9230 3 31230
9231 3 14020
9231 3 14421
9232 3 14020
9232 3 14421
9232 3 26739
9233 3 14020
9233 3 14421
9233 3 26739
9234 3 14020
9234 3 16344
9234 3 26738
9235 0 30153
9235 3 14020
9235 3 19923
9235 3 31228
9235 9 26743
9235 9 29265
9235 13 20245
9235 13 24835
9236 3 11277
9236 3 14020
9236 3 26738
9237 3 11774
9237 3 14020
9237 3 19062
9237 3 19063
9238 3 11277
9238 3 14020
9238 3 26738
9239 3 14020
9239 3 26738
9240 3 14020
9240 3 14908
9240 3 30417
9241 3 14020
9241 3 26738
9242 3 14020
9242 3 14421
9242 3 26739
9243 3 14020
9243 3 26738
9244 3 13498
9244 3 14020
9244 3 16998
9244 3 19107
9244 3 31681
9245 3 14020
9245 3 26741
9245 3 27039
9246 3 14020
9246 3 26738
9247 3 14020
9247 3 24348
9247 3 26740
9248 3 14020
9248 3 15158
9248 3 18832
9249 3 14020
9249 3 14667
9250 3 14020
9250 3 24348
9250 3 26740
9251 3 14020
9251 3 14908
9252 3 11774
9252 3 14020
9252 3 19062
9252 3 19063
9253 3 14020
9253 3 26738
9254 3 14020
9254 3 15161
9254 3 26738
9255 3 14020
9255 3 25755
9255 3 26738
9256 3 13170
9256 3 14020
9256 3 27910
9257 3 14020
9257 3 26738
9258 3 11277
9258 3 14020
9258 3 26738
9259 3 14020
9259 3 24348
9259 3 26740
9260 3 14020
9260 3 26738
9260 3 29188
9261 3 14020
9261 3 17231
9261 3 27910
9262 3 14020
9262 3 25755
9262 3 26738
9262 3 30719
9263 3 14020
9263 3 24348
9263 3 26740
9264 3 13170
9264 3 14020
9264 3 27910
9265 3 14020
9265 3 14908
9265 3 30417
9266 3 14020
9266 3 24348
9267 3 14020
9267 3 25086
9267 3 29269
9268 3 11774
9268 3 14020
9268 3 18161
9268 3 18162
9269 3 14020
9269 3 24348
9269 3 26740
9270 3 14020
9270 3 14667
9270 3 29273
9271 3 14020
9271 3 14670
9272 3 14020
9272 3 24348
9273 3 14020
9273 3 26741
9273 3 27039
9274 3 14020
9274 3 26738
9275 0 31651
9275 3 14020
9275 3 24348
9275 3 26740
9275 9 19212
9275 14 11058
9276 3 11157
9276 3 14020
9276 3 19923
9277 3 11500
9277 3 14020
9277 3 14667
9277 3 26738
9277 3 31230
9278 3 14020
9278 3 18437
9278 3 27910
9279 3 14020
9279 3 25755
9279 3 26738
9280 3 14020
9280 3 24348
9280 3 26740
9281 3 14020
9281 3 19923
9282 3 14020
9282 3 26738
9283 3 14020
9283 3 26805
9283 3 26807
9283 3 27910
9284 3 13170
9284 3 14020
9284 3 27910
9285 0 29629
9285 3 11277
9285 3 14020
9285 3 26738
9285 4 27667
9285 9 11779
9285 9 26821
9285 13 13372
9285 14 11059
9286 3 14020
9286 3 14421
9286 3 26739
9287 3 14020
9287 3 26738
9288 3 14020
9288 3 24348
9289 3 14020
9289 3 26738
9290 3 14020
9290 3 14421
9290 3 18438
9291 3 11774
9291 3 14020
9291 3 19062
9291 3 19063
9292 3 14020
9292 3 24348
9292 3 26740
9293 3 14020
9293 3 14421
9293 3 14908
9293 3 29272
9293 3 30417
9294 3 14020
9294 3 26856
9294 3 29263
9295 3 11773
9295 3 14020
9295 3 24348
9296 3 13170
9296 3 14020
9296 3 27910
9297 3 13169
9297 3 14020
9297 3 14861
9297 3 26738
9298 3 14020
9298 3 26738
9299 0 26823
9299 0 26863
9299 3 14020
9299 3 26738
9299 3 26856
9299 3 29263
9299 3 31230
9299 9 14865
9299 13 26863
9299 14 11059
9300 3 14020
9300 3 14908
9300 3 30417
9301 3 14020
9301 3 14908
9301 3 30417
9302 3 11774
9302 3 14020
9302 3 19062
9302 3 19063
9303 3 14020
9303 3 26738
9304 3 14020
9304 3 14908
9304 3 30417
9305 3 14020
9305 3 14908
9306 3 14020
9306 3 15691
9306 3 24348
9307 3 14020
9307 3 26738
9308 3 14020
9308 3 26856
9308 3 29263
9309 3 14020
9309 3 17230
9309 3 30717
9310 3 13169
9310 3 14020
9311 3 14020
9311 3 26738
9312 3 11277
9312 3 14020
9312 3 26738
9313 0 26184
9313 3 11277
9313 3 14020
9313 3 26738
9313 9 17233
9313 13 26184
9314 3 14020
9314 3 19923
9315 3 11774
9315 3 14020
9315 3 19062
9315 3 19063
9316 3 14020
9316 3 26738
9317 3 14020
9317 3 26738
9317 9 11817
9317 9 26810
9317 9 26817
9318 3 14020
9318 3 15158
9318 3 16556
9319 3 14020
9319 3 26738
9319 3 29126
9320 3 11774
9320 3 14020
9320 3 19062
9320 3 19063
9321 3 14020
9321 3 26738
9322 3 14020
9322 3 26856
9322 3 29263
9323 3 14020
9323 3 17231
9323 3 27910
9324 3 14020
9324 3 24348
9324 3 26740
9325 3 14020
9325 3 14421
9325 3 26739
9326 3 11277
9326 3 14020
9326 3 26738
9327 0 25910
9327 3 14020
9327 3 14908
9327 3 30417
9327 9 14913
9327 13 25910
9327 14 11059
9328 3 14020
9328 3 26738
9329 3 14020
9329 3 26738
9330 3 14020
9330 3 14908
9330 3 30417
9331 3 14020
9331 3 26738
9332 3 13169
9332 3 14020
9333 3 14020
9333 3 26738
9334 0 12786
9334 3 14020
9334 3 14908
9334 3 26738
9334 3 30417
9334 9 15163
9334 9 26745
9334 13 12786
9334 13 18216
9334 14 11061
9335 3 14020
9335 3 14908
9335 3 30417
9336 3 14020
9336 3 26738
9337 3 13170
9337 3 14020
9337 3 27910
9338 3 14020
9338 3 26738
9339 0 29839
9339 3 14020
9339 3 26738
9339 9 17613
9339 9 18763
9339 13 29829
9339 14 11061
9340 3 13497
9340 3 14020
9340 3 14667
9340 3 26738
9341 3 11277
9341 3 14020
9341 3 26738
9342 0 13101
9342 3 14020
9342 3 14908
9342 3 30417
9342 13 13101
9342 13 24742
9343 0 13134
9343 3 11277
9343 3 12592
9343 3 14020
9343 3 26738
9343 3 31681
9343 9 11097
9343 9 12602
9343 9 31226
9343 13 13134
9343 13 23709
9343 14 11060
9344 3 13520
9344 3 14020
9344 3 25128
9345 3 14020
9345 3 26738
9346 2 15031
9346 2 15871
9346 2 31782
9346 3 13169
9346 3 14020
9346 9 13169
9346 9 13172
9346 9 27262
9347 0 29150
9347 3 11774
9347 3 14020
9347 3 19062
9347 3 19063
9347 9 14829
9347 9 16266
9347 9 16555
9347 9 25036
9347 13 29150
9347 14 11061
9348 3 11277
9348 3 14020
9348 3 26738
9349 3 14020
9349 3 25755
9349 3 26738
9350 3 13169
9350 3 14020
9351 3 14020
9351 3 24348
9351 3 26740
9352 3 14020
9352 3 14908
9353 3 14020
9353 3 14667
9354 3 11774
9354 3 14020
9354 3 19062
9354 3 19063
9355 3 14020
9355 3 26738
9356 3 14020
9356 3 24348
9356 3 26740
9357 3 14020
9357 3 14667
9358 3 14020
9358 3 24348
9358 3 26740
9359 3 14020
9359 3 26738
9359 3 29126
9360 3 14020
9360 3 26738
9360 3 29126
9361 3 14020
9361 3 14863
9361 3 26856
9361 3 29263
9362 3 14020
9362 3 26738
9363 3 14020
9363 3 15161
9363 3 26738
9364 3 14020
9364 3 26738
9365 3 14020
9365 3 24348
9365 3 26740
9366 3 14020
9366 3 26738
9366 3 31230
9367 3 14020
9367 3 26738
9368 3 14020
9368 3 24348
9368 3 26740
9369 3 14020
9369 3 14280
9369 3 15981
9370 3 14020
9370 3 15691
9370 3 24348
9371 3 14020
9371 3 14908
9371 3 30417
9372 3 14020
9372 3 26805
9372 3 26807
9372 3 27910
9373 3 14020
9373 3 25085
9373 3 29269
9374 3 14020
9374 3 19923
9375 3 14020
9375 3 14908
9375 3 30417
9376 3 11277
9376 3 14020
9376 3 26738
9377 3 14020
9377 3 24348
9377 3 26740
9378 3 14020
9378 3 25756
9378 3 27910
9378 3 29711
9379 3 11774
9379 3 14020
9379 3 19062
9379 3 19063
9380 3 14020
9380 3 25085
9380 3 29269
9381 3 14020
9381 3 24348
9381 3 26740
9382 3 11277
9382 3 14020
9382 3 26738
9383 3 14020
9383 3 26738
9384 3 14020
9384 3 14421
9384 3 26739
9385 3 14020
9385 3 25086
9385 3 29269
9386 0 30155
9386 3 14020
9386 3 26738
9386 9 26761
9386 13 29110
9387 3 14020
9387 3 24348
9387 3 26740
9388 3 14020
9388 3 14908
9388 3 30417
9389 3 14020
9389 3 26738
9390 3 14020
9390 3 26741
9390 3 27039
9391 3 14020
9391 3 26738
9392 3 14020
9392 3 14670
9392 3 14834
9392 3 17243
9393 3 14020
9393 3 19923
9394 3 11774
9394 3 14020
9394 3 18442
9394 3 26829
9395 3 14020
9395 3 26805
9395 3 26807
9395 3 27910
9396 3 14020
9396 3 26738
9397 3 14020
9397 3 14421
9397 3 14908
9397 3 26739
9397 3 30417
9398 3 14020
9398 3 26738
9399 3 11277
9399 3 14020
9399 3 26738
9400 3 14020
9400 3 26805
9400 3 26807
9400 3 27910
9401 3 14020
9401 3 25755
9401 3 26738
9402 3 14020
9402 3 26738
9403 3 14020
9403 3 14421
9403 3 26739
9404 3 14020
9404 3 31681
9405 3 11774
9405 3 14020
9405 3 18442
9405 3 26829
9406 3 11277
9406 3 14020
9406 3 26738
9407 3 14020
9407 3 26738
9408 3 14020
9408 3 26738
9409 3 11277
9409 3 14020
9409 3 26738
9410 3 14020
9410 3 26738
9410 3 31230
9411 3 14020
9411 3 17231
9411 3 27910
9412 3 13169
9412 3 14020
9412 3 16543
9413 3 14020
9413 3 26738
9414 3 14020
9414 3 24348
9415 3 11837
9415 3 14020
9415 3 14908
9416 3 14020
9416 3 26856
9416 3 29263
9417 3 14020
9417 3 14908
9417 3 30417
9418 0 31255
9418 3 11500
9418 3 14020
9418 3 14421
9418 3 14667
9418 3 26738
9418 3 26739
9418 3 31230
9418 9 19212
9418 13 30818
9418 14 11060
9418 14 11060
9419 3 11774
9419 3 14020
9419 3 19062
9419 3 19063
9420 3 14020
9420 3 26738
9421 3 14020
9421 3 14667
9421 3 29273
9422 3 14020
9422 3 26738
9423 3 14020
9423 3 26738
9424 3 14020
9424 3 26856
9424 3 29263
9425 3 14020
9425 3 25755
9425 3 26738
9426 3 14020
9426 3 26738
9427 3 13520
9427 3 14020
9427 3 14669
9428 3 14020
9428 3 14908
9428 3 30417
9429 3 14020
9429 3 26738
9430 3 13170
9430 3 14020
9430 3 27910
9431 3 11500
9431 3 14020
9431 3 14667
9431 3 26738
9432 3 14020
9432 3 14480
9432 3 18791
9433 3 14020
9433 3 26738
9433 3 31230
9434 3 14020
9434 3 26738
9435 3 14020
9435 3 14480
9435 3 18791
9436 3 14020
9436 3 14480
9436 3 18791
9437 3 14020
9437 3 24348
9438 3 14020
9438 3 14480
9438 3 18791
9439 3 14020
9439 3 14480
9439 3 18791
9440 3 14020
9440 3 14908
9440 3 30417
9441 3 14020
9441 3 26738
9441 3 31230
9442 3 14020
9442 3 14063
9442 3 14670
9443 3 14020
9443 3 19923
9443 3 30718
9444 3 14020
9444 3 26738
9445 3 14020
9445 3 14480
9445 3 18791
9445 3 25640
9445 3 25755
9445 3 25828
9445 3 26738
9445 3 30719
9445 3 31229
9446 3 11773
9446 3 14020
9446 3 24348
9447 3 14020
9447 3 15161
9447 3 26738
9448 3 14020
9448 3 26738
9449 3 14020
9449 3 26741
9449 3 27039
9450 3 14020
9450 3 26741
9450 3 27039
9451 3 14020
9451 3 24348
9451 3 26740
9452 3 14020
9452 3 25085
9452 3 29269
9453 3 14020
9453 3 26738
9453 3 31230
9454 3 11774
9454 3 14020
9454 3 19062
9454 3 19063
9455 3 14020
9455 3 14908
9455 3 30417
9456 3 14020
9456 3 14667
9457 3 14020
9457 3 26738
9457 3 31230
9458 3 14020
9458 3 27910
9459 3 14020
9459 3 27910
9459 3 27912
9460 3 14020
9460 3 14670
9460 3 29819
9461 0 11678
9461 3 14020
9461 3 14863
9461 3 26856
9461 9 14865
9461 14 11061
9462 3 14020
9462 3 14480
9462 3 18791
9463 3 13498
9463 3 14020
9463 3 16998
9463 3 19107
9463 3 31681
9464 3 14020
9464 3 26738
9465 3 14020
9465 3 14670
9466 3 14020
9466 3 26738
9467 3 14020
9467 3 19923
9467 3 29168
9468 3 14020
9468 3 14862
9468 3 17230
9469 3 14020
9469 3 26738
9470 3 14020
9470 3 14421
9470 3 26739
9471 3 14020
9471 3 15161
9471 3 26738
9472 3 14020
9472 3 26805
9472 3 26807
9472 3 27910
9473 3 14020
9473 3 24348
9473 3 26740
9474 3 14020
9474 3 26738
9475 3 13170
9475 3 14020
9475 3 27910
9476 3 14020
9476 3 24348
9476 3 26740
9477 3 14020
9477 3 14480
9477 3 18791
9478 3 14020
9478 3 26738
9479 3 14020
9479 3 26738
9480 3 14020
9480 3 14816
9481 3 14020
9481 3 14480
9481 3 18791
9482 3 14020
9482 3 26738
9482 3 31230
9483 3 13170
9483 3 14020
9483 3 27910
9484 3 14020
9484 3 26738
9485 3 14020
9485 3 14667
9485 3 26816
9486 3 14020
9486 3 26738
9487 3 14020
9487 3 14063
9487 3 14670
9488 3 14020
9488 3 14908
9488 3 30417
9489 3 14020
9489 3 14421
9489 3 27911
9490 3 13170
9490 3 14020
9490 3 27910
9491 3 14020
9491 3 14667
9492 3 14020
9492 3 14908
9492 3 30417
9493 3 14020
9493 3 15158
9493 3 16556
9493 9 16266
9493 9 16554
9494 3 14020
9494 3 14480
9494 3 18791
9495 3 14020
9495 3 14480
9495 3 18791
9496 0 12998
9496 3 14020
9496 3 26738
9496 9 27917
9496 13 18133
9496 14 11061
9497 3 14020
9497 3 26738
9497 3 31230
9498 3 14020
9498 3 26738
9498 3 31230
9499 3 14020
9499 3 26738
9500 3 14020
9500 3 26738
9500 3 31230
9501 3 14020
9501 3 14480
9501 3 18791
9502 3 14020
9502 3 26805
9502 3 26807
9502 3 27910
9503 0 14200
9503 3 11774
9503 3 14020
9503 3 19062
9503 3 19063
9503 3 25085
9503 3 29269
9504 3 14020
9504 3 14480
9504 3 18791
9505 3 11277
9505 3 14020
9505 3 26738
9506 3 11774
9506 3 14020
9506 3 19062
9506 3 19063
9507 0 30168
9507 3 14020
9507 3 26856
9507 3 29263
9507 9 16153
9508 3 11774
9508 3 14020
9508 3 19062
9508 3 19063
9509 3 14020
9509 3 26738
9509 3 31230
9510 3 14020
9510 3 26738
9510 3 31230
9511 3 14020
9511 3 26738
9511 3 31230
9512 3 11277
9512 3 14020
9512 3 26738
9513 3 14020
9513 3 26741
9513 3 27039
9514 3 14020
9514 3 26738
9515 3 14020
9515 3 26738
9516 3 14020
9516 3 26738
9517 3 14020
9517 3 16344
9517 3 26738
9518 3 14020
9518 3 14908
9519 3 14020
9519 3 26738
9520 3 14020
9520 3 15161
9520 3 26738
9521 3 14020
9521 3 24348
9521 3 26740
9522 3 14020
9522 3 14421
9522 3 26739
9523 3 14020
9523 3 26805
9523 3 26807
9523 3 27910
9524 3 14020
9524 3 26738
9525 3 11774
9525 3 14020
9525 3 19062
9525 3 19063
9526 3 14020
9526 3 26738
9526 3 31230
9527 3 14020
9527 3 26738
9528 3 13169
9528 3 14020
9528 3 16543
9529 3 14020
9529 3 26738
9530 3 11815
9530 3 14020
9530 3 15158
9531 3 14020
9531 3 26738
9532 3 14020
9532 3 14480
9532 3 18791
9533 3 14020
9533 3 25085
9533 3 29269
9534 3 11774
9534 3 14020
9534 3 18442
9534 3 26829
9535 3 14020
9535 3 26738
9536 3 14020
9536 3 26738
9536 3 29126
9537 3 14020
9537 3 26738
9537 3 31230
9538 3 14020
9538 3 14667
9538 3 26816
9539 3 13169
9539 3 14020
9540 3 14020
9540 3 26738
9541 3 14020
9541 3 24348
9541 3 26740
9542 3 14020
9542 3 14667
9542 3 26816
9543 3 14020
9543 3 26738
9543 3 31230
9544 3 11277
9544 3 14020
9544 3 26738
9545 3 14020
9545 3 26738
9546 3 14020
9546 3 19923
9547 3 14020
9547 3 26738
9548 3 14020
9548 3 19923
9549 3 14020
9549 3 26738
9550 3 14020
9550 3 24348
9550 3 26740
9551 3 14020
9551 3 26741
9551 3 27039
9552 3 14020
9552 3 17612
9552 3 27039
9553 3 14020
9553 3 14421
9553 3 26739
9554 3 14020
9554 3 14421
9554 3 26739
9555 3 14020
9555 3 24348
9556 3 14020
9556 3 26738
9557 3 13169
9557 3 14020
9557 3 24993
9558 3 13170
9558 3 14020
9558 3 27910
9559 3 14020
9559 3 29269
9560 3 13169
9560 3 14020
9561 3 14020
9561 3 18437
9561 3 27910
9562 3 14020
9562 3 26738
9563 0 15085
9563 3 14020
9563 3 14421
9563 3 26739
9563 13 29450
9564 3 11774
9564 3 14020
9564 3 19062
9564 3 19063
9565 3 14020
9565 3 14670
9565 3 29819
9566 3 14020
9566 3 15161
9566 3 26738
9567 0 24334
9567 3 14020
9567 3 14908
9567 3 30417
9567 9 14864
9567 13 13546
9567 14 11060
9568 3 14020
9568 3 25085
9568 3 29269
9569 3 13170
9569 3 14020
9569 3 27910
9570 3 14020
9570 3 26738
9571 3 14020
9571 3 24348
9572 3 13167
9572 3 14020
9572 3 14908
9573 3 14020
9573 3 24348
9574 3 14020
9574 3 26738
9574 3 31230
9575 3 14020
9575 3 14667
9575 3 26816
9576 3 14020
9576 3 26738
9576 3 31230
9577 0 15312
9577 3 14020
9577 3 14908
9577 3 30417
9577 9 14913
9577 13 17367
9577 14 11061
9578 3 14020
9578 3 26805
9578 3 26807
9578 3 27910
9579 2 13113
9579 2 24826
9579 2 27474
9579 3 14020
9579 3 26738
9579 9 13172
9579 9 18440
9579 9 26810
9580 3 14020
9580 3 26738
9581 3 14020
9581 3 24241
9581 3 25390
9582 3 14020
9582 3 26738
9583 3 14020
9583 3 14670
9584 3 11277
9584 3 14020
9584 3 26738
9585 3 14020
9585 3 14908
9585 3 30417
9586 3 14020
9586 3 26738
9587 3 14020
9587 3 16344
9587 3 26738
9588 3 14020
9588 3 14908
9589 3 14020
9589 3 19923
9590 3 11774
9590 3 14020
9590 3 24348
9590 3 25395
9590 3 25396
9591 3 14020
9591 3 26738
9592 3 14020
9592 3 26738
9593 3 14020
9593 3 26738
9594 3 11774
9594 3 14020
9594 3 19062
9594 3 19063
9595 3 14020
9595 3 14421
9596 3 14020
9596 3 26856
9596 3 29263
9597 3 14020
9597 3 26738
9598 0 30141
9598 3 14020
9598 3 14908
9598 3 30417
9598 9 26745
9598 9 29189
9598 13 15657
9599 3 11774
9599 3 14020
9599 3 18442
9599 3 26829
9600 3 11774
9600 3 14020
9600 3 14908
9600 3 19062
9600 3 19063
9600 3 27563
9601 3 14020
9601 3 19923
9602 3 14020
9602 3 26856
9602 3 29263
9603 0 30159
9603 3 14020
9603 3 14908
9603 9 14913
9603 13 12717
9603 13 19645
9603 14 11058
9604 3 14020
9604 3 14908
9604 3 30417
9605 3 11500
9605 3 14020
9605 3 14667
9605 3 14908
9606 3 14020
9606 3 26738
9607 3 13169
9607 3 14020
9607 3 22463
9607 3 22464
9607 3 27189
9607 3 30118
9608 3 11774
9608 3 14020
9608 3 19062
9608 3 19063
9609 3 14020
9609 3 16344
9609 3 26738
9610 3 14020
9610 3 14908
9611 3 14020
9611 3 16344
9611 3 26738
9612 3 14020
9612 3 26738
9613 3 14020
9613 3 14908
9613 3 30417
9614 3 14020
9614 3 26805
9614 3 26807
9614 3 27910
9615 3 11277
9615 3 14020
9615 3 26738
9616 3 14020
9616 3 26738
9617 0 17200
9617 3 14020
9617 3 24348
9617 3 26740
9617 9 11777
9617 13 21996
9618 3 14020
9618 3 14908
9619 3 13167
9619 3 14020
9619 3 14908
9620 3 14020
9620 3 26738
9621 3 11774
9621 3 11829
9621 3 14020
9621 3 26738
9622 3 14020
9622 3 29269
9622 3 30043
9623 3 14020
9623 3 18437
9623 3 27910
9624 3 13498
9624 3 14020
9624 3 16998
9624 3 19107
9624 3 31681
9625 3 14020
9625 3 19923
9626 3 14020
9626 3 19923
9627 3 14020
9627 3 14863
9627 3 26856
9628 3 14020
9628 3 14908
9628 3 30417
9629 3 14020
9629 3 24348
9630 3 13169
9630 3 14020
9630 3 24323
9630 3 27189
9631 2 11080
9631 2 16942
9631 2 19090
9631 3 14020
9631 3 26741
9631 3 27039
9631 9 11776
9631 9 18763
9632 3 14020
9632 3 14908
9633 3 14020
9633 3 14908
9634 3 14020
9634 3 19923
9635 3 14020
9635 3 26738
9636 3 14020
9636 3 14908
9636 3 30417
9637 3 14020
9637 3 14908
9637 3 30417
9638 3 14020
9638 3 14667
9638 3 18058
9638 3 18437
9638 3 27910
9639 3 14020
9639 3 26738
9640 3 14020
9640 3 26856
9640 3 29263
9641 0 15329
9641 3 14020
9641 3 24348
9641 14 11061
9642 3 14020
9642 3 26738
9643 3 14020
9643 3 14667
9644 3 14020
9644 3 26856
9644 3 29263
9645 3 14020
9645 3 14908
9645 3 30417
9646 3 13169
9646 3 14020
9646 3 16543
9647 0 25939
9647 3 11277
9647 3 14020
9647 3 26738
9647 9 11779
9647 9 26744
9647 13 21545
9647 13 29994
9647 14 11061
9648 3 14020
9648 3 19923
9648 3 31228
9649 3 14020
9649 3 26738
9650 3 14020
9650 3 18437
9650 3 27910
9651 3 14020
9651 3 24348
9652 0 17201
9652 3 14020
9652 3 19923
9652 3 29264
9652 9 26743
9652 13 13692
9652 13 24515
9652 14 11058
9653 3 13170
9653 3 14020
9653 3 25755
9653 3 26738
9653 3 26741
9653 3 27039
9653 3 27910
9653 3 30719
9654 3 14020
9654 3 24348
9654 3 26740
9655 3 13170
9655 3 14020
9655 3 27910
9656 3 14020
9656 3 14908
9656 3 30417
9657 3 14020
9657 3 26738
9658 3 11774
9658 3 14020
9658 3 18441
9658 3 18442
9658 3 19062
9658 3 19063
9659 3 14020
9659 3 26738
9660 3 14020
9660 3 24348
9661 3 14020
9661 3 26738
9662 3 14020
9662 3 26738
9663 0 27520
9663 3 14020
9663 3 14421
9663 3 26738
9663 3 26739
9663 3 31230
9663 14 11061
9664 3 14020
9664 3 26738
9664 3 31230
9665 3 14020
9665 3 26805
9665 3 26807
9665 3 27910
9666 3 14020
9666 3 26738
9667 3 14020
9667 3 22463
9667 3 22464
9668 3 11774
9668 3 14020
9668 3 19062
9668 3 19063
9669 3 14020
9669 3 14908
9670 3 14020
9670 3 14421
9670 3 26739
9671 3 14020
9671 3 26856
9671 3 29263
9672 3 11277
9672 3 14020
9672 3 26738
9673 3 11774
9673 3 14020
9673 3 19062
9673 3 19063
9674 3 11774
9674 3 14020
9674 3 19062
9674 3 19063
9675 3 14020
9675 3 14908
9676 3 14020
9676 3 26741
9676 3 27039
9677 3 14020
9677 3 14908
9677 3 30417
9678 3 14020
9678 3 14908
9678 3 30417
9679 3 14020
9679 3 14421
9679 3 26739
9680 3 14020
9680 3 26738
9681 3 14020
9681 3 26805
9681 3 26807
9681 3 27910
9682 3 11278
9682 3 11774
9682 3 14020
9682 3 14908
9682 3 16344
9682 3 16764
9682 3 18442
9682 3 26738
9682 3 30417
9683 3 13520
9683 3 14020
9683 3 25128
9684 3 14020
9684 3 14908
9685 0 25824
9685 3 14020
9685 3 24348
9685 3 26740
9686 3 14020
9686 3 26856
9686 3 29263
9687 2 14971
9687 2 19687
9687 3 14020
9687 3 24348
9687 9 16556
9688 3 11277
9688 3 14020
9688 3 26738
9689 3 13169
9689 3 14020
9690 3 13169
9690 3 14020
9691 0 13139
9691 3 14020
9691 3 14667
9691 3 29273
9691 9 18608
9691 13 31910
9692 3 14020
9692 3 15158
9692 3 16556
9693 3 14020
9693 3 26856
9693 3 29263
9694 3 14020
9694 3 26738
9695 3 14020
9695 3 26738
9696 3 14020
9696 3 19923
9696 3 29168
9697 3 13167
9697 3 14020
9697 3 14908
9698 3 14020
9698 3 18437
9698 3 27910
9699 3 14020
9699 3 26738
9699 3 31230
9700 3 14020
9700 3 24348
9700 3 26740
9701 3 14020
9701 3 26856
9701 3 29263
9702 3 14020
9702 3 19923
9703 3 14020
9703 3 19923
9704 3 14020
9704 3 19923
9704 9 19067
9705 3 14020
9705 3 26738
9705 3 29126
9706 3 14020
9706 3 24348
9707 3 13169
9707 3 14020
9707 3 14861
9708 3 11277
9708 3 14020
9708 3 26738
9709 3 11774
9709 3 14020
9710 3 14020
9710 3 26738
9711 3 14020
9711 3 16344
9711 3 26738
9712 3 14020
9712 3 19923
9712 3 31228
9713 3 14020
9713 3 14908
9713 3 30417
9714 3 13169
9714 3 14020
9715 3 13169
9715 3 14020
9715 3 31227
9716 3 14020
9716 3 14908
9716 3 30417
9717 3 14020
9717 3 26738
9718 3 13169
9718 3 14020
9718 3 15158
9718 3 15976
9719 3 14020
9719 3 26738
9720 3 14020
9720 3 26738
9721 3 14020
9721 3 17230
9721 3 30717
9722 3 14020
9722 3 26856
9722 3 29263
9723 3 14020
9723 3 26856
9723 3 29263
9724 3 13170
9724 3 14020
9724 3 27910
9725 3 14020
9725 3 24348
9726 3 14020
9726 3 17054
9726 3 26738
9726 3 27039
9727 3 14020
9727 3 26738
9728 3 14020
9728 3 19923
9728 3 31228
9729 3 13169
9729 3 14020
9730 3 14020
9730 3 26738
9731 3 14020
9731 3 14908
9732 0 14384
9732 0 28978
9732 3 14020
9732 3 16344
9732 3 19923
9732 3 26738
9732 3 31228
9732 9 15162
9732 13 14384
9733 0 20908
9733 3 14020
9733 3 26738
9733 13 20908
9733 14 11060
9734 3 14020
9734 3 26738
9735 3 13494
9735 3 14020
9735 3 17230
9735 3 19117
9736 3 14020
9736 3 26738
9737 3 14020
9737 3 26738
9738 3 14020
9738 3 26738
9739 3 14020
9739 3 14063
9739 3 14670
9740 3 13170
9740 3 14020
9740 3 27910
9741 3 14020
9741 3 26738
9742 3 14020
9742 3 24348
9742 3 26740
9743 3 14020
9743 3 14908
9743 3 30417
9744 3 14020
9744 3 26738
9745 3 14020
9745 3 26738
9745 3 30770
9746 3 14020
9746 3 18437
9746 3 27910
9747 3 14020
9747 3 14862
9747 3 17230
9747 3 19923
9747 3 30718
9748 3 13170
9748 3 14020
9748 3 27910
9749 3 14020
9749 3 19923
9749 3 29168
9750 3 11774
9750 3 14020
9750 3 19062
9750 3 19063
9751 3 14020
9751 3 14908
9752 3 14020
9752 3 14421
9752 3 26739
9753 3 14020
9753 3 19923
9754 3 14020
9754 3 15158
9754 3 16556
9755 3 11774
9755 3 14020
9756 3 14020
9756 3 26738
9756 3 30770
9757 0 18922
9757 3 14020
9757 3 19923
9758 3 11278
9758 3 14020
9758 3 26738
9759 3 14020
9759 3 18437
9759 3 27910
9760 3 14020
9760 3 26738
9761 3 14020
9761 3 14421
9761 3 26739
9762 3 14020
9762 3 26738
9763 3 14020
9763 3 26738
9764 3 11774
9764 3 14020
9764 3 14908
9764 3 19062
9764 3 19063
9764 3 25883
9765 3 14020
9765 3 15158
9765 3 16556
9766 3 14020
9766 3 26805
9766 3 26807
9766 3 27910
9767 3 14020
9767 3 19923
9767 3 31228
9768 3 14020
9768 3 14421
9769 3 14020
9769 3 24348
9770 3 14020
9770 3 26738
9771 3 14020
9771 3 26738
9772 3 13520
9772 3 14020
9772 3 25128
9773 3 14020
9773 3 26738
9773 3 30770
9774 3 14020
9774 3 16344
9774 3 26738
9775 3 14020
9775 3 26738
9776 3 14020
9776 3 26738
9777 3 14020
9777 3 14667
9778 3 11774
9778 3 14020
9778 3 19062
9778 3 19063
9779 3 14020
9779 3 19923
9779 3 31228
9780 3 11774
9780 3 14020
9780 3 19062
9780 3 19063
9781 3 14020
9781 3 26738
9782 3 13520
9782 3 14020
9782 3 25128
9783 3 14020
9783 3 26738
9784 3 14020
9784 3 14908
9784 3 30417
9785 3 14020
9785 3 26738
9786 3 14020
9786 3 26738
9787 3 14020
9787 3 15691
9787 3 24348
9788 3 14020
9788 3 26856
9788 3 29263
9789 3 14020
9789 3 24348
9790 3 11774
9790 3 14020
9790 3 19062
9790 3 19063
9791 3 13520
9791 3 14020
9791 3 25128
9792 3 14020
9792 3 24348
9793 3 14020
9793 3 26738
9793 3 29126
9794 3 14020
9794 3 26738
9794 3 29126
9795 3 14020
9795 3 26738
9796 3 14020
9796 3 14908
9797 3 14020
9797 3 26738
9798 3 13170
9798 3 14020
9798 3 27910
9799 3 14020
9799 3 26741
9799 3 27039
9800 3 14020
9800 3 19923
9801 3 14020
9801 3 15161
9801 3 26738
9802 3 14020
9802 3 26805
9802 3 26807
9802 3 27910
9803 3 14020
9803 3 14908
9803 3 30417
9804 3 14020
9804 3 14667
9805 3 14020
9805 3 17230
9805 3 25755
9805 3 26738
9805 3 29126
9805 3 30717
9806 3 11815
9806 3 14020
9806 3 15158
9807 3 14020
9807 3 14908
9807 3 30417
9808 3 14020
9808 3 22463
9808 3 22464
9809 3 14020
9809 3 22463
9809 3 22464
9810 3 14020
9810 3 26738
9811 3 14020
9811 3 19923
9812 3 11774
9812 3 14020
9812 3 15161
9812 3 18161
9812 3 18162
9812 3 26738
9813 0 30135
9813 3 11774
9813 3 14020
9813 3 19062
9813 3 19063
9813 9 26745
9813 14 11061
9814 3 13169
9814 3 14020
9815 3 14020
9815 3 24348
9815 3 26805
9815 3 26806
9815 3 27910
9816 3 12646
9816 3 13167
9816 3 14020
9816 3 14421
9816 3 14665
9816 3 14667
9816 3 14908
9816 3 14909
9816 3 25245
9816 3 25756
9816 3 27910
9816 3 27918
9816 3 29273
9816 3 30417
9817 3 14020
9817 3 25086
9817 3 29269
9818 0 30169
9818 3 14020
9818 3 26856
9818 3 29263
9818 9 27917
9818 13 27070
9818 14 11058
9819 3 14020
9819 3 26856
9819 3 29263
9820 0 22078
9820 3 14020
9820 3 19923
9820 9 26743
9820 14 11061
9821 3 14020
9821 3 26856
9821 3 29263
9822 3 14020
9822 3 26856
9822 3 29263
9823 3 14020
9823 3 14421
9823 3 26739
9823 9 11777
9823 9 14450
9823 9 18440
9824 0 30409
9824 3 14020
9824 3 26738
9824 9 14913
9824 13 30409
9824 14 11060
9825 3 14020
9825 3 24348
9826 3 14020
9826 3 26856
9826 3 29263
9827 3 14020
9827 3 26856
9827 3 29263
9828 3 14020
9828 3 14421
9828 3 26739
9829 3 14020
9829 3 14862
9829 3 17230
9830 3 14020
9830 3 26738
9830 3 31230
9831 3 14020
9831 3 19923
9832 3 14020
9832 3 26738
9833 3 14020
9833 3 26741
9833 3 27039
9834 3 14020
9834 3 26741
9834 3 27039
9835 3 14020
9835 3 26856
9835 3 29263
9836 3 14020
9836 3 17230
9836 3 30717
9837 0 20762
9837 0 26714
9837 3 14020
9837 3 14670
9837 3 17243
9837 3 26738
9837 3 30206
9837 3 31230
9837 9 26743
9837 13 24900
9838 3 14020
9838 3 26738
9839 3 14020
9839 3 26738
9840 3 14020
9840 3 26738
9841 3 11837
9841 3 14020
9841 3 14908
9841 9 13169
9841 9 14913
9841 9 17232
9841 9 19923
9841 9 29784
9842 3 14020
9842 3 14670
9842 3 29819
9843 3 14020
9843 3 14908
9844 3 14020
9844 3 26738
9845 3 14020
9845 3 26856
9845 3 29263
9846 3 14020
9846 3 14421
9846 3 26739
9847 3 14020
9847 3 19923
9848 3 14020
9848 3 26738
9849 3 14020
9849 3 14908
9850 3 14020
9850 3 26738
9851 3 14020
9851 3 26856
9851 3 29263
9852 3 14020
9852 3 14908
9853 3 14020
9853 3 26738
9854 3 11278
9854 3 14020
9854 3 14670
9854 3 26738
9855 3 14020
9855 3 24348
9856 3 14020
9856 3 14665
9856 3 14908
9857 3 11774
9857 3 14020
9857 3 14421
9857 3 14667
9857 3 19062
9857 3 19063
9857 3 24348
9857 3 25395
9857 3 25396
9857 3 25755
9857 3 26738
9857 3 26739
9857 3 26740
9857 3 26816
9857 3 31230
9858 3 14020
9858 3 26738
9859 3 14020
9859 3 24348
9860 3 14020
9860 3 14862
9860 3 17230
9861 3 14020
9861 3 26738
9861 3 31230
9862 3 14020
9862 3 18437
9862 3 27910
9863 3 11277
9863 3 14020
9863 3 26738
9864 3 14020
9864 3 14908
9865 3 14020
9865 3 14670
9866 3 11774
9866 3 14020
9866 3 19062
9866 3 19063
9867 3 11774
9867 3 14020
9867 9 11838
9867 9 17232
9867 9 19064
9868 3 13169
9868 3 14020
9869 3 14020
9869 3 15691
9869 3 24348
9870 3 14020
9870 3 24348
9871 3 14020
9871 3 24348
9871 3 26740
9872 3 14020
9872 3 19923
9873 3 14020
9873 3 26738
9874 3 14020
9874 3 26738
9875 3 14020
9875 3 26738
9876 3 14020
9876 3 26738
9876 3 29126
9877 3 14020
9877 3 19923
9878 3 14020
9878 3 14667
9879 3 14020
9879 3 26738
9880 3 14020
9880 3 26738
9881 3 14020
9881 3 14667
9882 3 14020
9882 3 26805
9882 3 26807
9882 3 27910
9883 3 13169
9883 3 14020
9884 3 14020
9884 3 14670
9884 3 17243
9884 3 29208
9885 3 14020
9885 3 26856
9885 3 29263
9886 3 14020
9886 3 14480
9886 3 18791
9887 3 14020
9887 3 26738
9888 3 14020
9888 3 14908
9888 3 30417
9889 3 11774
9889 3 14020
9890 3 14020
9890 3 26738
9891 3 11774
9891 3 14020
9891 3 14908
9891 3 19062
9891 3 19063
9892 3 14020
9892 3 18437
9892 3 27910
9893 3 11278
9893 3 14020
9893 3 26738
9894 0 19322
9894 3 14020
9894 3 15161
9894 3 26738
9894 9 30722
9895 3 14020
9895 3 26856
9895 3 29263
9896 3 14020
9896 3 26856
9896 3 29263
9897 3 14020
9897 3 26738
9898 3 14020
9898 3 26738
9899 3 14020
9899 3 26738
9900 3 14020
9900 3 26738
9901 3 14020
9901 3 26738
9902 3 14020
9902 3 19923
9903 3 14020
9903 3 15158
9903 3 16556
9904 3 14020
9904 3 26738
9904 3 31230
9905 3 14020
9905 3 14908
9906 3 14020
9906 3 14908
9907 3 14020
9907 3 26738
9908 3 14020
9908 3 26738
9909 3 14020
9909 3 26738
9910 3 14020
9910 3 26738
9911 3 14020
9911 3 14421
9911 3 26739
9912 3 14020
9912 3 14421
9912 3 26739
9913 0 17541
9913 0 28742
9913 0 29067
9913 3 11278
9913 3 13520
9913 3 13728
9913 3 14020
9913 3 14908
9913 3 26738
9913 9 30799
9913 13 29067
9913 14 11061
9914 3 14020
9914 3 14670
9915 3 14020
9915 3 25086
9915 3 29269
9916 3 14020
9916 3 14908
9916 3 30417
9917 3 14020
9917 3 16344
9917 3 26738
9918 3 14020
9918 3 26738
9918 3 29126
9919 3 14020
9919 3 14908
9920 0 19473
9920 3 14020
9920 3 27910
9920 9 19064
9920 9 29146
9920 13 18949
9920 14 11061
9921 3 11500
9921 3 14020
9921 3 14421
9921 3 14667
9921 3 26739
9922 3 14020
9922 3 26738
9923 3 14020
9923 3 26738
9924 3 14020
9924 3 14667
9924 3 14908
9924 3 18058
9925 3 14020
9925 3 26738
9926 3 11500
9926 3 14020
9926 3 14667
9926 3 24348
9926 3 30272
9927 3 14020
9927 3 14480
9927 3 18791
9928 3 14020
9928 3 14480
9928 3 18791
9929 3 14020
9929 3 26738
9930 3 14020
9930 3 26738
9930 3 31230
9931 3 14020
9931 3 26856
9931 3 29263
9932 3 14020
9932 3 26856
9932 3 29263
9933 3 14020
9933 3 26738
9934 3 14020
9934 3 19923
9935 0 20762
9935 3 14020
9935 3 26805
9935 3 26807
9935 3 27910
9935 3 27912
9935 9 14912
9935 9 14915
9935 9 17233
9935 9 29189
9935 13 24895
9935 14 11057
9936 3 14020
9936 3 14480
9936 3 18791
9937 3 11774
9937 3 14020
9937 3 19062
9937 3 19063
9938 3 11277
9938 3 14020
9938 3 26738
9939 3 14020
9939 3 26738
9940 3 14020
9940 3 15691
9940 3 24348
9941 3 14020
9941 3 26738
9942 3 14020
9942 3 26856
9942 3 29263
9943 3 14020
9943 3 26738
9944 3 14020
9944 3 26738
9944 3 30770
9945 3 14020
9945 3 26856
9945 3 29263
9946 3 14020
9946 3 26738
9947 0 26572
9947 3 14020
9947 3 14421
9947 3 14908
9947 3 26738
9947 3 26739
9947 3 26856
9947 3 29263
9947 3 29274
9947 3 30417
9947 9 14425
9947 9 14864
9947 14 11061
9948 3 14020
9948 3 26738
9949 3 14020
9949 3 24348
9950 3 13167
9950 3 14020
9950 3 14908
9951 3 14020
9951 3 26738
9952 3 11500
9952 3 14020
9952 3 14667
9952 3 18437
9952 3 27910
9953 3 14020
9953 3 26738
9953 3 31230
9954 3 14020
9954 3 26738
9955 3 14020
9955 3 18437
9955 3 27910
9956 3 14020
9956 3 24348
9956 3 26740
9957 3 14020
9957 3 26738
9958 3 14020
9958 3 15161
9958 3 26738
9959 3 14020
9959 3 14908
9960 3 14020
9960 3 26738
9961 3 14020
9961 3 26805
9961 3 26806
9961 3 26807
9961 3 27910
9962 3 14020
9962 3 14908
9963 3 14020
9963 3 14908
9964 3 14020
9964 3 26738
9964 3 31230
9965 3 14020
9965 3 24348
9966 3 14020
9966 3 14908
9967 3 14020
9967 3 14908
9968 3 14020
9968 3 19923
9969 3 14020
9969 3 24348
9970 3 14020
9970 3 14908
9970 3 30417
9971 3 14020
9971 3 26738
9972 3 14020
9972 3 26738
9973 3 11774
9973 3 14020
9974 3 11774
9974 3 14020
9974 3 19062
9974 3 19063
9975 3 14020
9975 3 26741
9975 3 27039
9976 3 14020
9976 3 14908
9977 3 14020
9977 3 18437
9977 3 27910
9978 3 14020
9978 3 17230
9979 3 14020
9979 3 14908
9980 3 14020
9980 3 14480
9980 3 18791
9981 3 11774
9981 3 14020
9981 3 25395
9981 3 25396
9981 3 26738
9982 3 14020
9982 3 26738
9982 3 31230
9983 3 14020
9983 3 24348
9984 3 14020
9984 3 24348
9985 3 14020
9985 3 26738
9986 3 11277
9986 3 14020
9986 3 26738
9987 3 14020
9987 3 15161
9987 3 26738
9988 3 14020
9988 3 26805
9988 3 26807
9988 3 27910
9989 3 14020
9989 3 14480
9989 3 18791
9990 3 14020
9990 3 14480
9990 3 18791
9991 3 14020
9991 3 26738
9991 3 31230
9992 3 14020
9992 3 24348
9992 3 26740
9993 3 14020
9993 3 19923
9993 3 19924
9994 3 14020
9994 3 27910
9995 3 11774
9995 3 14020
9995 3 19062
9995 3 19063
9996 3 14020
9996 3 26738
9997 3 14020
9997 3 14908
9998 3 14020
9998 3 26738
9998 3 31230
9999 3 14020
9999 3 26738
10000 3 14020
10000 3 26738
10001 3 14020
10001 3 18437
10001 3 27910
10002 3 14020
10002 3 26738
10003 3 14020
10003 3 26856
10003 3 29263
10004 0 15075
10004 3 14020
10004 3 26738
10004 3 31230
10004 9 14080
10004 9 16345
10005 3 11278
10005 3 14020
10005 3 18437
10005 3 26738
10005 3 26856
10005 3 27910
10005 3 29263
10006 3 11774
10006 3 14020
10007 3 14020
10007 3 26738
10008 3 14020
10008 3 26738
10009 0 29262
10009 0 30350
10009 3 14020
10009 3 19923
10009 9 15162
10009 9 16549
10009 13 20220
10009 13 30350
10009 14 11060
10010 3 14020
10010 3 14480
10010 3 18791
10011 3 14020
10011 3 14480
10011 3 18791
10012 3 14020
10012 3 14480
10012 3 18791
10013 3 14020
10013 3 26738
10013 3 31230
10014 3 14020
10014 3 26738
10015 3 13169
10015 3 14020
10016 3 14020
10016 3 26738
10017 3 14020
10017 3 24348
10017 3 26740
10018 3 14020
10018 3 14480
10018 3 18791
10019 3 14020
10019 3 14480
10019 3 18791
10020 3 14020
10020 3 14667
10020 3 29273
10021 3 14020
10021 3 14665
10021 3 14908
10022 3 14020
10022 3 26738
10022 3 31230
10023 3 14020
10023 3 18437
10023 3 27910
10024 3 14020
10024 3 26738
10025 3 14020
10025 3 26805
10025 3 26807
10025 3 27910
10026 3 13169
10026 3 14020
10026 3 31227
10027 3 14020
10027 3 14670
10027 3 29819
10028 3 14020
10028 3 14908
10029 3 14020
10029 3 26738
10030 3 14020
10030 3 26738
10030 3 31230
10031 3 13493
10031 3 13498
10031 3 14020
10031 3 16998
10031 3 26738
10031 3 31681
10032 3 14020
10032 3 26738
10033 3 14020
10033 3 26738
10034 3 13169
10034 3 14020
10034 3 16543
10035 3 14020
10035 3 19923
10036 3 11500
10036 3 14020
10036 3 14667
10036 3 26738
10037 3 14020
10037 3 26738
10037 3 31230
10038 3 14020
10038 3 25086
10038 3 29269
10039 3 14020
10039 3 19923
10040 3 14020
10040 3 26738
10041 3 11774
10041 3 14020
10041 3 19062
10041 3 19063
10042 3 14020
10042 3 26738
10043 3 14020
10043 3 26738
10044 3 14020
10044 3 24348
10045 3 14020
10045 3 24348
10046 3 14020
10046 3 26738
10046 3 31230
10047 3 14020
10047 3 26738
10048 3 14020
10048 3 26738
10049 3 14020
10049 3 26738
10050 3 14020
10050 3 14908
10051 3 11774
10051 3 14020
10051 3 19062
10051 3 19063
10052 3 14020
10052 3 26856
10052 3 29263
10053 3 14020
10053 3 14666
10053 3 26856
10054 3 14020
10054 3 18437
10054 3 27910
10055 3 14020
10055 3 14667
10056 3 14020
10056 3 15161
10056 3 26738
10057 3 14020
10057 3 26738
10058 3 14020
10058 3 24348
10059 3 14020
10059 3 14667
10060 3 14020
10060 3 26856
10060 3 29263
10061 3 14020
10061 3 26738
10062 3 11774
10062 3 14020
10063 3 14020
10063 3 25755
10063 3 26738
10064 3 14020
10064 3 26738
10065 3 14020
10065 3 26738
10066 3 14020
10066 3 26738
10067 3 14020
10067 3 26805
10067 3 26807
10067 3 27910
10068 3 11774
10068 3 14020
10068 3 19062
10068 3 19063
10069 3 14020
10069 3 14908
10069 3 30417
10070 3 14020
10070 3 26738
10071 3 14020
10071 3 26856
10071 3 29263
10072 3 14020
10072 3 24348
10072 3 26740
10073 3 14020
10073 3 19923
10074 3 14020
10074 3 26738
10075 3 14020
10075 3 15161
10075 3 26738
10076 3 14020
10076 3 26738
10077 3 14020
10077 3 26856
10077 3 29263
10078 3 14020
10078 3 26738
10078 3 31230
10079 3 14020
10079 3 14908
10080 3 12358
10080 3 13169
10080 3 14020
10080 3 14667
10080 3 16543
10080 3 18437
10080 3 24348
10080 3 26740
10080 3 27910
10081 3 14020
10081 3 26738
10082 3 14020
10082 3 15691
10082 3 24348
10083 3 14020
10083 3 14908
10084 3 14020
10084 3 26805
10084 3 26807
10084 3 27910
10085 3 14020
10085 3 27910
10085 3 27912
10086 3 14020
10086 3 14480
10086 3 18791
10087 3 14020
10087 3 26738
10088 3 14020
10088 3 26738
10088 3 31230
10089 3 14020
10089 3 26856
10089 3 29263
10090 3 14020
10090 3 26738
10091 3 14020
10091 3 24348
10092 3 14020
10092 3 26738
10093 3 14020
10093 3 26856
10093 3 29263
10094 3 14020
10094 3 26738
10095 0 12633
10095 3 11277
10095 3 14020
10095 3 26738
10095 9 14865
10095 9 18763
10095 13 19257
10095 14 11060
10096 3 14020
10096 3 26738
10097 3 14020
10097 3 14908
10098 3 14020
10098 3 26738
10099 3 14020
10099 3 26738
10100 3 14020
10100 3 26738
10101 3 13169
10101 3 14020
10102 3 14020
10102 3 14908
10103 3 13164
10103 3 14020
10103 3 26738
10103 3 26856
10103 3 29188
10103 3 29263
10104 3 14020
10104 3 26738
10105 3 14020
10105 3 18437
10105 3 27910
10106 3 14020
10106 3 26738
10107 3 14020
10107 3 26856
10107 3 29263
10108 3 14020
10108 3 14908
10109 3 14020
10109 3 14421
10109 3 26739
10110 3 14020
10110 3 26856
10110 3 29263
10111 3 14020
10111 3 14908
10111 3 30417
10112 3 14020
10112 3 26738
10113 3 14020
10113 3 26738
10114 0 28182
10114 3 14020
10114 3 14421
10114 3 26739
10114 9 13350
10114 9 18833
10114 14 11059
10115 0 26687
10115 3 14020
10115 3 26738
10115 9 26810
10115 9 26817
10115 13 13193
10115 13 15466
10115 13 19583
10115 14 11057
10115 14 11057
10116 3 14020
10116 3 26805
10116 3 26807
10116 3 27910
10117 3 14020
10117 3 14421
10117 3 14908
10117 3 26739
10117 3 30417
10118 3 14020
10118 3 25756
10118 3 27910
10118 3 27918
10119 3 11774
10119 3 14020
10119 3 19062
10119 3 19063
10120 3 13169
10120 3 14020
10120 3 15754
10120 3 27189
10121 3 14020
10121 3 26738
10121 3 29126
10122 3 11500
10122 3 14020
10122 3 14667
10122 3 24348
10122 3 26805
10122 3 26807
10122 3 27910
10123 3 14020
10123 3 26738
10124 3 14020
10124 3 26738
10125 3 14020
10125 3 26738
10126 3 14020
10126 3 26738
10127 3 14020
10127 3 14908
10127 3 30417
10128 3 14020
10128 3 26738
10129 3 14020
10129 3 26738
10130 3 14020
10130 3 19923
10131 3 14020
10131 3 19923
10131 3 30718
10132 0 27045
10132 3 14020
10132 3 14908
10132 9 29265
10132 13 27045
10132 14 11060
10133 3 14020
10133 3 26738
10134 3 14020
10134 3 14667
10135 3 14020
10135 3 26856
10135 3 29263
10136 3 14020
10136 3 26738
10137 3 14020
10137 3 26738
10138 3 14020
10138 3 14908
10139 3 14020
10139 3 14667
10140 3 14020
10140 3 27910
10141 3 14020
10141 3 26738
10142 3 14020
10142 3 19923
10143 3 14020
10143 3 26805
10143 3 26807
10143 3 27910
10144 3 14020
10144 3 17230
10144 3 30717
10145 3 14020
10145 3 18437
10145 3 27910
10146 3 14020
10146 3 14667
10146 3 29273
10147 3 14020
10147 3 26805
10147 3 26807
10147 3 27910
10148 3 11774
10148 3 14020
10148 3 15691
10148 3 18442
10148 3 24348
10148 3 26829
10149 3 14020
10149 3 14908
10150 3 14020
10150 3 14908
10151 3 14020
10151 3 26738
10152 3 14020
10152 3 26738
10152 3 31230
10153 3 14020
10153 3 26738
10154 3 14020
10154 3 14667
10155 3 14020
10155 3 14908
10156 3 14020
10156 3 26738
10157 3 14020
10157 3 14421
10157 3 26739
10158 3 14020
10158 3 14908
10159 3 14020
10159 3 14908
10160 3 14020
10160 3 14421
10160 3 26739
10161 3 14020
10161 3 26738
10162 3 14020
10162 3 19923
10162 3 29168
10163 3 14020
10163 3 18437
10163 3 27910
10164 3 13167
10164 3 14020
10164 3 14908
10165 3 14020
10165 3 26738
10165 3 31230
10166 3 14020
10166 3 17230
10166 9 11775
10166 9 11838
10166 9 13171
10166 9 14912
10166 9 28081
10167 3 14020
10167 3 14908
10168 3 14020
10168 3 26738
10169 3 14020
10169 3 14908
10170 3 14020
10170 3 31681
10171 0 30202
10171 3 11277
10171 3 14020
10171 3 26738
10171 13 15350
10171 14 11061
10172 3 14020
10172 3 18437
10172 3 27910
10173 3 13167
10173 3 14020
10173 3 14908
10174 3 14020
10174 3 26738
10175 3 14020
10175 3 26738
10176 3 14020
10176 3 18437
10176 3 27910
10177 3 14020
10177 3 14908
10178 3 14020
10178 3 26738
10179 3 14020
10179 3 14667
10179 3 29273
10180 3 14020
10180 3 14908
10180 9 14913
10180 9 14914
10181 3 14020
10181 3 14667
10181 3 26816
10182 0 21976
10182 3 14020
10182 3 14908
10182 3 30417
10182 9 11777
10182 13 19299
10182 14 11059
10183 3 14020
10183 3 14421
10183 3 26739
10184 3 11774
10184 3 14020
10184 3 19062
10184 3 19063
10185 3 14020
10185 3 19923
10185 3 29168
10186 3 14020
10186 3 26856
10186 3 29263
10187 3 14020
10187 3 26856
10187 3 29263
10188 3 11774
10188 3 14020
10188 3 19062
10188 3 19063
10189 3 14020
10189 3 14667
10189 3 18058
10190 3 14020
10190 3 18437
10190 3 27910
10191 3 11277
10191 3 14020
10191 3 26738
10192 3 14020
10192 3 26738
10193 3 14020
10193 3 18437
10193 3 26738
10193 3 27910
10194 3 14020
10194 3 26738
10195 3 14020
10195 3 18437
10195 3 27910
10196 3 14020
10196 3 26738
10197 3 14020
10197 3 19923
10197 3 19924
10197 3 24348
10198 3 14020
10198 3 14421
10198 3 26739
10199 3 14020
10199 3 14908
10200 3 11774
10200 3 14020
10201 3 14020
10201 3 14908
10202 3 14020
10202 3 26738
10203 3 14020
10203 3 14908
10203 3 30417
10204 3 14020
10204 3 26741
10204 3 27039
10205 3 14020
10205 3 26738
10206 3 14020
10206 3 19923
10207 3 14020
10207 3 14908
10208 3 14020
10208 3 14908
10209 3 14020
10209 3 14280
10209 3 15981
10210 3 14020
10210 3 26738
10211 3 14020
10211 3 15161
10211 3 26738
10212 3 13169
10212 3 14020
10213 3 14020
10213 3 26738
10213 3 31230
10214 3 14020
10214 3 19923
10214 9 19925
10214 9 27262
10214 9 29169
10214 9 29265
10215 0 28833
10215 3 14020
10215 3 22463
10215 3 22464
10215 9 27917
10215 13 28833
10215 13 29543
10215 14 11061
10216 3 14020
10216 3 26738
10217 3 14020
10217 3 26738
10217 3 30770
10218 3 14020
10218 3 26738
10219 3 14020
10219 3 24348
10220 3 14020
10220 3 26738
10221 3 13169
10221 3 14020
10222 3 14020
10222 3 14667
10222 3 18058
10222 3 26738
10222 3 31230
10223 3 14020
10223 3 18437
10223 3 27910
10224 3 14020
10224 3 26738
10225 3 14020
10225 3 19923
10226 3 11774
10226 3 14020
10226 3 19062
10226 3 19063
10227 3 11774
10227 3 14020
10227 3 14670
10227 3 18442
10227 3 26829
10228 3 14020
10228 3 26856
10228 3 29263
10229 3 14020
10229 3 26738
10229 3 29126
10230 3 14020
10230 3 24348
10231 3 14020
10231 3 26738
10231 3 31230
10232 3 14020
10232 3 24348
10233 3 14020
10233 3 24348
10234 3 14020
10234 3 26856
10234 3 29263
10235 3 14020
10235 3 26738
10236 3 14020
10236 3 24348
10237 3 14020
10237 3 26738
10238 3 14020
10238 3 14908
10238 3 26738
10239 3 14020
10239 3 26738
10239 3 31230
10240 3 13170
10240 3 14020
10240 3 27910
10241 3 14020
10241 3 25755
10241 3 26738
10242 3 14020
10242 3 26738
10242 3 29126
10243 3 14020
10243 3 14667
10244 3 14020
10244 3 26738
10244 3 29126
10245 3 14020
10245 3 26738
10246 3 14020
10246 3 14421
10246 3 26739
10247 3 14020
10247 3 24348
10247 3 26740
10247 9 15692
10248 3 14020
10248 3 26738
10249 3 14020
10249 3 19923
10249 3 19924
10250 3 14020
10250 3 26738
10251 3 14020
10251 3 14280
10251 3 15981
10252 3 14020
10252 3 26738
10253 3 14020
10253 3 26856
10253 3 29263
10254 3 14020
10254 3 26738
10255 3 14020
10255 3 26738
10256 3 14020
10256 3 27910
10257 3 11774
10257 3 13495
10257 3 13507
10257 3 14020
10258 3 14020
10258 3 19923
10259 3 13169
10259 3 14020
10259 3 14861
10260 3 13167
10260 3 14020
10260 3 14908
10261 3 14020
10261 3 26738
10262 3 14020
10262 3 26738
10263 3 14020
10263 3 19923
10264 3 14020
10264 3 26738
10265 3 13170
10265 3 14020
10265 3 27910
10266 3 14020
10266 3 17230
10267 3 14020
10267 3 19923
10267 3 31228
10268 0 17210
10268 3 14020
10268 3 14908
10268 3 15158
10268 3 18832
10268 9 15162
10268 9 18765
10268 13 12617
10268 13 29187
10268 14 11061
10269 3 14020
10269 3 26738
10269 3 30770
10270 0 12343
10270 3 11774
10270 3 14020
10270 3 14908
10270 3 18442
10270 3 24348
10270 3 26812
10270 3 30417
10270 14 11060
10271 3 14020
10271 3 24348
10272 3 14020
10272 3 24348
10273 3 14020
10273 3 14667
10273 3 19923
10273 3 22462
10273 3 26816
10274 3 12785
10274 3 14020
10274 3 14908
10274 3 15158
10274 3 15976
10274 3 19923
10274 3 25883
10274 3 26805
10274 3 26806
10274 3 27910
10275 3 14020
10275 3 14421
10276 3 14020
10276 3 26738
10277 0 27574
10277 3 14020
10277 3 14908
10277 3 30417
10277 9 26745
10278 3 14020
10278 3 26738
10279 3 14020
10279 3 14908
10279 3 30417
10280 3 14020
10280 3 14908
10281 3 14020
10281 3 24348
10282 3 14020
10282 3 24348
10283 3 14020
10283 3 26738
10284 3 13170
10284 3 14020
10284 3 27910
10285 3 14020
10285 3 26738
10286 3 14020
10286 3 26738
10287 0 21044
10287 3 13169
10287 3 14020
10287 3 14271
10287 3 17230
10287 3 27189
10287 3 30717
10287 9 17232
10288 3 14020
10288 3 26738
10289 3 13520
10289 3 14020
10289 3 25128
10290 3 13169
10290 3 14020
10291 3 14020
10291 3 15158
10291 3 16556
10292 3 14020
10292 3 26741
10292 3 27039
10293 3 11278
10293 3 14020
10293 3 26738
10294 3 14020
10294 3 26738
10295 3 14020
10295 3 26738
10296 3 14020
10296 3 26738
10297 3 14020
10297 3 14908
10298 3 13169
10298 3 14020
10299 3 14020
10299 3 26738
10300 3 13169
10300 3 14020
10300 3 14861
10301 3 14020
10301 3 26738
10302 0 19384
10302 3 14020
10302 3 26738
10302 9 11779
10302 9 17616
10302 13 19384
10302 14 11061
10303 3 14020
10303 3 26738
10304 3 14020
10304 3 19923
10305 3 11277
10305 3 14020
10305 3 26738
10306 3 14020
10306 3 14908
10306 3 30417
10307 3 13169
10307 3 14020
10307 3 16543
10307 3 26738
10308 3 14020
10308 3 26738
10309 3 14020
10309 3 26738
10310 3 14020
10310 3 26738
10311 3 14020
10311 3 26738
10312 3 14020
10312 3 26738
10313 3 14020
10313 3 26856
10313 3 29263
10314 3 14020
10314 3 26738
10315 3 14020
10315 3 24348
10316 3 14020
10316 3 19923
10317 3 14020
10317 3 24348
10318 3 14020
10318 3 26856
10318 3 29263
10319 0 11099
10319 3 13169
10319 3 14020
10319 3 14908
10319 3 16543
10319 3 26738
10319 3 30417
10319 9 11777
10319 9 11779
10319 13 13098
10319 13 24223
10319 14 11060
10320 3 14020
10320 3 26738
10321 3 14020
10321 3 26738
10322 3 14020
10322 3 19923
10323 3 14020
10323 3 25085
10323 3 29269
10324 3 14020
10324 3 19923
10325 3 13520
10325 3 14020
10325 3 25128
10326 3 14020
10326 3 26738
10327 3 14020
10327 3 19923
10328 3 14020
10328 3 19923
10329 3 14020
10329 3 26738
10330 3 14020
10330 3 26738
10331 3 13169
10331 3 14020
10332 0 22796
10332 3 14020
10332 3 26738
10332 9 16548
10332 9 25037
10332 13 21351
10332 14 11061
10332 14 11061
10333 3 14020
10333 3 26738
10334 3 14020
10334 3 26738
10335 3 14020
10335 3 14908
10335 3 30417
10336 3 14020
10336 3 26738
10336 3 29126
10337 3 14020
10337 3 14908
10338 3 14020
10338 3 26738
10339 3 14020
10339 3 26805
10339 3 26807
10339 3 27910
10340 3 14020
10340 3 24348
10340 3 26740
10341 3 13169
10341 3 14020
10341 3 14421
10341 3 14480
10341 3 18791
10341 3 26739
10342 3 14020
10342 3 14908
10342 3 30417
10343 3 14020
10343 3 25756
10343 3 26738
10343 3 27910
10343 3 27918
10344 3 14020
10344 3 19923
10345 3 14020
10345 3 26738
10346 0 30765
10346 3 14020
10346 3 14421
10346 3 26739
10346 9 26743
10346 9 26745
10346 9 26856
10346 14 11061
10347 3 14020
10347 3 24348
10347 3 26740
10348 3 13520
10348 3 14020
10348 3 25128
10349 3 14020
10349 3 26856
10349 3 29263
10350 3 13170
10350 3 14020
10350 3 27910
10351 3 14020
10351 3 26738
10352 3 14020
10352 3 14908
10353 3 14020
10353 3 14063
10353 3 14670
10354 3 14020
10354 3 26738
10355 3 14020
10355 3 26738
10356 3 14020
10356 3 14421
10356 3 26739
10357 3 14020
10357 3 26738
10358 3 14020
10358 3 26738
10359 3 14020
10359 3 26856
10359 3 29263
10360 0 22386
10360 3 14020
10360 3 26738
10360 9 27917
10360 13 15100
10360 14 11061
10361 3 14020
10361 3 14666
10361 3 26856
10362 3 14020
10362 3 26738
10363 3 14020
10363 3 26738
10364 3 14020
10364 3 14421
10364 3 26739
10365 3 14020
10365 3 26738
10366 3 14020
10366 3 14667
10367 3 14020
10367 3 26738
10368 3 14020
10368 3 26738
10369 3 14020
10369 3 26738
10370 0 14035
10370 3 14020
10370 3 26738
10370 9 15165
10370 9 28379
10370 13 28794
10370 14 11060
10371 3 14020
10371 3 26738
10372 3 14020
10372 3 26738
10373 0 20124
10373 3 14020
10373 3 26738
10373 3 31230
10373 9 14913
10373 13 18208
10373 13 20124
10374 3 14020
10374 3 19923
10375 3 13520
10375 3 14020
10375 3 25128
10376 3 14020
10376 3 14908
10376 3 30417
10377 3 14020
10377 3 26738
10378 3 14020
10378 3 26738
10379 3 14020
10379 3 26738
10380 3 14020
10380 3 26738
10381 3 14020
10381 3 14908
10382 3 14020
10382 3 14908
10383 3 14020
10383 3 14908
10383 3 30417
10384 3 14020
10384 3 26738
10385 3 11774
10385 3 14020
10386 3 14020
10386 3 26738
10387 3 14020
10387 3 26738
10388 3 14020
10388 3 26856
10388 3 29263
10389 3 14020
10389 3 25085
10389 3 29269
10390 3 14020
10390 3 19923
10391 3 14020
10391 3 14665
10391 3 14908
10392 3 14020
10392 3 26738
10393 3 14020
10393 3 15158
10393 3 16556
10394 3 14020
10394 3 26738
10395 3 14020
10395 3 26738
10396 3 14020
10396 3 26738
10397 3 14020
10397 3 24348
10397 3 26740
10398 3 14020
10398 3 26738
10399 3 14020
10399 3 26738
10400 3 14020
10400 3 26738
10401 3 14020
10401 3 25085
10401 3 29269
10402 3 14020
10402 3 26741
10402 3 27039
10403 3 14020
10403 3 26738
10404 3 14020
10404 3 26738
10405 3 14020
10405 3 14665
10405 3 14908
10405 3 25245
10405 3 26738
10406 3 14020
10406 3 24348
10406 3 26740
10407 3 14020
10407 3 14421
10407 3 27039
10408 3 14020
10408 3 26738
10409 3 13497
10409 3 14020
10409 3 14667
10409 3 27910
10409 3 27912
10410 3 14020
10410 3 26738
10411 3 14020
10411 3 19923
10412 3 14020
10412 3 14908
10412 3 30417
10413 3 13164
10413 3 14020
10413 3 26738
10413 3 26805
10413 3 26807
10413 3 26856
10413 3 27910
10413 3 29263
10414 3 14020
10414 3 26738
10415 3 14020
10415 3 26738
10416 3 13169
10416 3 14020
10416 3 14861
10417 3 14020
10417 3 14816
10418 3 14020
10418 3 26856
10418 3 29263
10419 0 19693
10419 3 13170
10419 3 14020
10419 3 27910
10419 9 14913
10420 3 14020
10420 3 26738
10421 3 14020
10421 3 14421
10421 3 26739
10422 3 14020
10422 3 26738
10423 3 14020
10423 3 26738
10423 3 31230
10424 3 14020
10424 3 19923
10425 0 17199
10425 3 14020
10425 3 19923
10425 9 15162
10425 9 17537
10425 9 26742
10425 13 15813
10425 13 24189
10425 14 11059
10426 3 14020
10426 3 26738
10427 0 22202
10427 3 14020
10427 3 26738
10427 9 18061
10427 9 18440
10428 3 14020
10428 3 26856
10428 3 29263
10429 3 13169
10429 3 13170
10429 3 14020
10429 3 14271
10429 3 27189
10429 3 27910
10430 3 14020
10430 3 27910
10431 3 14020
10431 3 26738
10432 3 14020
10432 3 26738
10433 3 14020
10433 3 26738
10434 3 14020
10434 3 26738
10435 3 14020
10435 3 18437
10435 3 27910
10436 3 14020
10436 3 26738
10437 3 11773
10437 3 14020
10437 3 24348
10438 3 13169
10438 3 14020
10439 3 14020
10439 3 26738
10440 3 14020
10440 3 26738
10441 3 14020
10441 3 26738
10442 0 14987
10442 3 14020
10442 3 26738
10442 14 11061
10443 3 13170
10443 3 14020
10443 3 27910
10444 3 14020
10444 3 26856
10444 3 29263
10445 3 14020
10445 3 14908
10446 3 13169
10446 3 14020
10446 3 16543
10447 3 14020
10447 3 26738
10448 3 14020
10448 3 26738
10449 3 14020
10449 3 19923
10450 3 14020
10450 3 19923
10451 3 14020
10451 3 14908
10452 3 14020
10452 3 26738
10453 3 14020
10453 3 26738
10454 3 14020
10454 3 25081
10454 3 26856
10455 3 14020
10455 3 14908
10455 3 30417
10456 3 14020
10456 3 14908
10457 3 13170
10457 3 14020
10457 3 27910
10458 3 14020
10458 3 14667
10459 3 11774
10459 3 14020
10459 9 11779
10459 9 18444
10459 9 26760
10459 9 26833
10460 3 14020
10460 3 14667
10461 3 14020
10461 3 26738
10462 3 14020
10462 3 26738
10463 0 27595
10463 3 14020
10463 3 14670
10463 13 24069
10463 14 11060
10464 3 14020
10464 3 14480
10464 3 18791
10465 3 13167
10465 3 14020
10465 3 14908
10466 3 14020
10466 3 26738
10467 3 13169
10467 3 14020
10467 3 14861
10468 3 14020
10468 3 26738
10469 3 11500
10469 3 14020
10469 3 14667
10469 3 26738
10470 3 14020
10470 3 26738
10471 3 14020
10471 3 26738
10472 3 14020
10472 3 19923
10473 3 14020
10473 3 26738
10474 3 14020
10474 3 26738
10475 3 14020
10475 3 26738
10476 0 29330
10476 3 14020
10476 3 26738
10476 9 11779
10476 9 25405
10476 13 20539
10476 13 29330
10477 3 14020
10477 3 26738
10478 3 14020
10478 3 26856
10478 3 29263
10479 3 14020
10479 3 26738
10480 3 14020
10480 3 14421
10480 3 26739
10481 3 14020
10481 3 14667
10482 3 14020
10482 3 14280
10482 3 15981
10483 3 14020
10483 3 14908
10483 3 30417
10484 3 14020
10484 3 26738
10485 3 14020
10485 3 14908
10485 3 30417
10486 0 17432
10486 3 14020
10486 3 26738
10486 3 31230
10486 9 19923
10486 9 26743
10487 3 14020
10487 3 26738
10488 3 14020
10488 3 14280
10488 3 15981
10489 3 14020
10489 3 14908
10489 3 30417
10490 3 14020
10490 3 26738
10491 3 14020
10491 3 26741
10491 3 27039
10492 3 14020
10492 3 26738
10493 3 14020
10493 3 26738
10494 3 14020
10494 3 19923
10495 3 11774
10495 3 14020
10495 3 25396
10496 3 14020
10496 3 19923
10496 3 31228
10497 3 14020
10497 3 26738
10498 3 14020
10498 3 26738
10499 3 11500
10499 3 14020
10499 3 14667
10500 3 14020
10500 3 19923
10501 3 14020
10501 3 14670
10502 3 14020
10502 3 24348
10502 3 26740
10503 3 14020
10503 3 14667
10504 3 14020
10504 3 24348
10505 3 14020
10505 3 26738
10506 3 14020
10506 3 26738
10507 3 14020
10507 3 18791
10508 3 14020
10508 3 14480
10508 3 18791
10509 0 21965
10509 3 14020
10509 3 14908
10509 9 11779
10509 14 11059
10510 3 14020
10510 3 14908
10511 3 14020
10511 3 19923
10512 3 14020
10512 3 26738
10512 3 31230
10513 0 16941
10513 3 14020
10513 3 26738
10513 9 11779
10513 9 18440
10513 14 11060
10514 3 14020
10514 3 26738
10515 3 14020
10515 3 26738
10516 3 14020
10516 3 14421
10516 3 26739
10517 3 14020
10517 3 26738
10518 3 14020
10518 3 26738
10518 3 30770
10519 3 14020
10519 3 26738
10520 3 11774
10520 3 14020
10521 3 14020
10521 3 26738
10522 3 14020
10522 3 26738
10523 3 14020
10523 3 15161
10523 3 26738
10524 3 14020
10524 3 26856
10524 3 29263
10525 3 14020
10525 3 26856
10525 3 29263
10526 3 14020
10526 3 14908
10526 3 30417
10527 3 14020
10527 3 14666
10527 3 26856
10528 3 14020
10528 3 26738
10529 3 14020
10529 3 26738
10530 0 22081
10530 0 27281
10530 0 30866
10530 0 31268
10530 0 31764
10530 3 14020
10530 3 26738
10530 9 18763
10530 14 11061
10531 3 14020
10531 3 26738
10531 3 31230
10532 3 14020
10532 3 26738
10533 3 14020
10533 3 26738
10534 3 13169
10534 3 14020
10535 3 14020
10535 3 26738
10536 3 14020
10536 3 26738
10537 3 14020
10537 3 26738
10538 3 11774
10538 3 11829
10538 3 14020
10538 3 26738
10539 3 14020
10539 3 26738
10539 3 31230
10540 3 14020
10540 3 26738
10540 3 29126
10541 3 14020
10541 3 24348
10542 3 14020
10542 3 18791
10543 3 14020
10543 3 18791
10544 3 14020
10544 3 26738
10545 3 14020
10545 3 14421
10545 3 26739
10546 3 14020
10546 3 26738
10546 3 31230
10547 3 11277
10547 3 14020
10547 3 26738
10548 3 14020
10548 3 14480
10548 3 18791
10549 3 14020
10549 3 26738
10550 3 14020
10550 3 26738
10551 3 14020
10551 3 24348
10552 3 14020
10552 3 26738
10552 3 31230
10553 3 14020
10553 3 26738
10554 3 14020
10554 3 26738
10555 3 14020
10555 3 26738
10556 3 14020
10556 3 26738
10557 3 14020
10557 3 26741
10557 3 27039
10558 3 14020
10558 3 14908
10559 3 14020
10559 3 26738
10559 3 31230
10560 3 14020
10560 3 26738
10560 3 31230
10561 3 14020
10561 3 26856
10561 3 29263
10562 3 14020
10562 3 18791
10563 3 14020
10563 3 19923
10564 0 26346
10564 3 14020
10564 3 14908
10564 3 26856
10564 3 29263
10564 3 30417
10564 4 27613
10564 9 14482
10564 9 26743
10565 3 14020
10565 3 26738
10566 3 14020
10566 3 26738
10567 3 14020
10567 3 19923
10567 3 29168
10568 3 14020
10568 3 15161
10568 3 26738
10569 2 12019
10569 2 19483
10569 2 20440
10569 3 14020
10569 3 26738
10569 9 18059
10569 9 18163
10569 9 18608
10569 9 24349
10570 3 14020
10570 3 26738
10571 3 14020
10571 3 26738
10572 3 14020
10572 3 17230
10573 3 14020
10573 3 26738
10574 3 14020
10574 3 26738
10575 3 14020
10575 3 26856
10575 3 29263
10576 3 14020
10576 3 26738
10577 3 13520
10577 3 14020
10577 3 25128
10578 3 14020
10578 3 14480
10578 3 18791
10579 3 14020
10579 3 26738
10580 3 14020
10580 3 26738
10581 3 14020
10581 3 26738
10582 3 14020
10582 3 14480
10582 3 18791
10583 3 14020
10583 3 14908
10583 3 30417
10584 3 14020
10584 3 26738
10585 3 14020
10585 3 16344
10585 3 26738
10586 3 14020
10586 3 14908
10586 3 30417
10587 3 14020
10587 3 14908
10587 3 30417
10588 3 14020
10588 3 14908
10588 3 30417
10589 3 14020
10589 3 26856
10589 3 29263
10590 3 14020
10590 3 24348
10591 3 14020
10591 3 26738
10592 3 11774
10592 3 14020
10593 3 14020
10593 3 19923
10594 3 14020
10594 3 26738
10594 3 31230
10595 3 14020
10595 3 26738
10596 3 14020
10596 3 14667
10597 3 11277
10597 3 14020
10597 3 26738
10598 3 14020
10598 3 26738
10599 3 14020
10599 3 25085
10599 3 29269
10600 3 14020
10600 3 26741
10600 3 27039
10601 3 14020
10601 3 14908
10602 3 11277
10602 3 14020
10602 3 26738
10603 3 14020
10603 3 26856
10603 3 29263
10604 3 14020
10604 3 26738
10605 3 14020
10605 3 26738
10606 3 14020
10606 3 26738
10607 3 14020
10607 3 26738
10608 3 14020
10608 3 26741
10608 3 27039
10609 3 14020
10609 3 26741
10609 3 27039
10610 3 14020
10610 3 25085
10610 3 29269
10611 0 24072
10611 3 11500
10611 3 14020
10611 3 14667
10611 3 26738
10611 9 14913
10611 13 12494
10611 13 24072
10611 14 11061
10612 3 14020
10612 3 26738
10612 3 31230
10613 3 14020
10613 3 26741
10613 3 27039
10614 3 14020
10614 3 25086
10614 3 29269
10615 3 14020
10615 3 26738
10616 3 14020
10616 3 26738
10617 3 14020
10617 3 26738
10618 3 14020
10618 3 26856
10618 3 29263
10619 3 14020
10619 3 26738
10620 3 14020
10620 3 15158
10620 3 16556
10621 3 14020
10621 3 24348
10622 3 14020
10622 3 26738
10623 3 14020
10623 3 17230
10624 3 14020
10624 3 26738
10625 0 30886
10625 3 14020
10625 3 14421
10625 3 26739
10625 9 26761
10625 13 29541
10625 14 11058
10626 3 14020
10626 3 26741
10626 3 27039
10627 3 14020
10627 3 24348
10628 3 14020
10628 3 26738
10629 3 14020
10629 3 14667
10630 3 14020
10630 3 26738
10631 3 14020
10631 3 26738
10632 3 13170
10632 3 14020
10632 3 27910
10633 2 14329
10633 3 13169
10633 3 14020
10633 9 11779
10633 9 19067
10633 9 29704
10634 3 14020
10634 3 19923
10634 3 29168
10635 3 13169
10635 3 14020
10636 3 14020
10636 3 14667
10637 3 14020
10637 3 26738
10638 3 14020
10638 3 14862
10638 3 17230
10639 3 14020
10639 3 26738
10640 3 11774
10640 3 14020
10641 3 11278
10641 3 14020
10641 3 26738
10641 3 31230
10642 3 14020
10642 3 19923
10643 3 14020
10643 3 26738
10644 3 14020
10644 3 14908
10645 0 16773
10645 3 14020
10645 3 26856
10645 3 29263
10645 9 30723
10645 13 26522
10646 3 14020
10646 3 26738
10647 3 14020
10647 3 19923
10648 3 14020
10648 3 26856
10648 3 29263
10649 3 14020
10649 3 14862
10649 3 17230
10650 3 14020
10650 3 26738
10651 3 14020
10651 3 26738
10652 3 14020
10652 3 19923
10653 3 14020
10653 3 24348
10654 3 11815
10654 3 14020
10654 3 15158
10655 3 14020
10655 3 26738
10656 3 14020
10656 3 14908
10657 3 14020
10657 3 25085
10657 3 29269
10658 3 14020
10658 3 26738
10659 2 17333
10659 2 19945
10659 2 22682
10659 2 29340
10659 3 14020
10659 3 19923
10659 3 19924
10659 3 26738
10659 9 19927
10659 9 26810
10660 3 13169
10660 3 14020
10661 3 14020
10661 3 24348
10662 3 14020
10662 3 26738
10663 3 14020
10663 3 26856
10663 3 29263
10664 3 14020
10664 3 19923
10665 3 14020
10665 3 14667
10666 3 13346
10666 3 14020
10666 3 29270
10666 3 31681
10667 3 14020
10667 3 19923
10668 3 14020
10668 3 14421
10669 3 14020
10669 3 24348
10670 3 14020
10670 3 26738
10670 3 31230
10671 3 11774
10671 3 14020
10671 3 19062
10671 3 19063
10672 3 11773
10672 3 14020
10672 3 24348
10673 3 14020
10673 3 15161
10673 3 26738
10674 3 14020
10674 3 26738
10675 3 11774
10675 3 14020
10676 3 14020
10676 3 14908
10677 0 25566
10677 3 14020
10677 3 24348
10677 9 29818
10677 13 30832
10677 14 11061
10678 3 14020
10678 3 26738
10679 3 14020
10679 3 19923
10680 3 14020
10680 3 14908
10681 3 14020
10681 3 14667
10681 3 26816
10682 3 14020
10682 3 14665
10682 3 14908
10683 3 14020
10683 3 26738
10684 3 14020
10684 3 26738
10685 3 14020
10685 3 14667
10686 3 11774
10686 3 14020
10687 3 14020
10687 3 19923
10688 0 30641
10688 3 14020
10688 3 26738
10688 3 29126
10688 9 31232
10689 3 13169
10689 3 14020
10690 3 13169
10690 3 14020
10691 3 14020
10691 3 26738
10692 0 13539
10692 3 14020
10692 3 14908
10692 9 11779
10692 9 14914
10692 9 26743
10692 13 13539
10692 14 11061
10693 3 14020
10693 3 26738
10694 3 14020
10694 3 26738
10695 3 14020
10695 3 26738
10696 3 14020
10696 3 14908
10697 3 14020
10697 3 25755
10697 3 26738
10698 3 14020
10698 3 14908
10699 3 13498
10699 3 14020
10699 3 16998
10699 3 19107
10699 3 31681
10700 3 13169
10700 3 14020
10701 3 14020
10701 3 26738
10702 3 14020
10702 3 19923
10703 3 14020
10703 3 15161
10703 3 26738
10704 3 14020
10704 3 26738
10705 3 14020
10705 3 26738
10706 3 14020
10706 3 26738
10707 3 14020
10707 3 19923
10708 3 14020
10708 3 26741
10708 3 27039
10709 3 14020
10709 3 26738
10710 3 14020
10710 3 26738
10711 3 14020
10711 3 14908
10712 3 14020
10712 3 26738
10713 3 14020
10713 3 26738
10713 3 31230
10714 3 14020
10714 3 26738
10715 3 14020
10715 3 14908
10716 3 14020
10716 3 24348
10716 3 26740
10717 0 26771
10717 3 14020
10717 3 15691
10717 3 24348
10717 3 26740
10717 9 18763
10717 14 11060
10718 3 14020
10718 3 14908
10719 3 14020
10719 3 14908
10720 3 14020
10720 3 14670
10720 3 29819
10721 3 14020
10721 3 14863
10721 3 26856
10722 3 14020
10722 3 14908
10723 3 14020
10723 3 26738
10724 3 14020
10724 3 26856
10724 3 29263
10725 3 13520
10725 3 14020
10725 3 19923
10725 3 30720
10726 3 14020
10726 3 18437
10726 3 27910
10727 3 14020
10727 3 26738
10727 3 31230
10728 3 14020
10728 3 19923
10728 3 31228
10729 3 14020
10729 3 14667
10729 3 26816
10730 3 13167
10730 3 14020
10730 3 14908
10731 3 14020
10731 3 25085
10731 3 29269
10732 3 14020
10732 3 19923
10733 3 14020
10733 3 26738
10734 3 14020
10734 3 14908
10735 3 13167
10735 3 14020
10735 3 14908
10736 3 14020
10736 3 26738
10737 3 14020
10737 3 26856
10737 3 29263
10738 3 14020
10738 3 26738
10739 3 14020
10739 3 26738
10740 3 14020
10740 3 24348
10741 3 14020
10741 3 14908
10742 3 11278
10742 3 14020
10742 3 26738
10743 3 14020
10743 3 25755
10743 3 26738
10744 3 14020
10744 3 14908
10745 3 14020
10745 3 26738
10746 3 14020
10746 3 14908
10747 3 14020
10747 3 14908
10748 3 14020
10748 3 26738
10749 3 14020
10749 3 26738
10750 3 14020
10750 3 26738
10751 3 14020
10751 3 14908
10752 3 14020
10752 3 14908
10753 3 14020
10753 3 19923
10754 3 14020
10754 3 26856
10754 3 29263
10755 3 14020
10755 3 26738
10756 3 11500
10756 3 13169
10756 3 14020
10756 3 14667
10756 3 19923
10757 3 14020
10757 3 26738
10758 3 14020
10758 3 26738
10759 3 14020
10759 3 14908
10760 3 11837
10760 3 14020
10760 3 14908
10761 3 14020
10761 3 26738
10761 3 31230
10762 3 14020
10762 3 26738
10763 3 14020
10763 3 14863
10763 3 26856
10763 3 29263
10764 3 14020
10764 3 14908
10765 3 14020
10765 3 26738
10766 3 14020
10766 3 14908
10767 3 14020
10767 3 26856
10767 3 29263
10768 3 14020
10768 3 24348
10769 3 14020
10769 3 19923
10769 3 30718
10770 3 14020
10770 3 24348
10771 3 13520
10771 3 14020
10771 3 25128
10772 3 14020
10772 3 14667
10773 3 14020
10773 3 14908
10774 3 14020
10774 3 14908
10775 3 14020
10775 3 26738
10776 3 14020
10776 3 26738
10777 3 14020
10777 3 14863
10777 3 26856
10778 3 14020
10778 3 14908
10779 3 14020
10779 3 26738
10780 3 14020
10780 3 14908
10780 3 30417
10781 0 12724
10781 3 14020
10781 3 26738
10781 9 15162
10781 13 12724
10782 3 14020
10782 3 26738
10783 3 14020
10783 3 26738
10783 3 31230
10784 3 14020
10784 3 26738
10785 3 14020
10785 3 26738
10786 3 14020
10786 3 14667
10787 3 11774
10787 3 11829
10787 3 14020
10787 3 26738
10788 3 14020
10788 3 26738
10789 3 14020
10789 3 14667
10790 3 14020
10790 3 19923
10791 3 14020
10791 3 19923
10792 3 13170
10792 3 14020
10792 3 26738
10792 3 27910
10792 3 29126
10793 3 11774
10793 3 11829
10793 3 13169
10793 3 14020
10793 3 16543
10794 3 14020
10794 3 26738
10795 3 14020
10795 3 26738
10796 3 14020
10796 3 26738
10797 3 14020
10797 3 24348
10798 3 14020
10798 3 19923
10799 3 14020
10799 3 24348
10800 3 14020
10800 3 14908
10801 3 14020
10801 3 26738
10802 3 14020
10802 3 14908
10803 3 14020
10803 3 26738
10804 3 14020
10804 3 24348
10805 3 14020
10805 3 26738
10806 3 13169
10806 3 14020
10806 3 14861
10807 3 14020
10807 3 19923
10808 3 14020
10808 3 26738
10809 3 11837
10809 3 14020
10809 3 14908
10809 3 19923
10809 3 26738
10809 3 31228
10810 3 11774
10810 3 11829
10810 3 14020
10810 3 14867
10810 3 16998
10810 3 17266
10810 3 24348
10810 3 26740
10810 3 31681
10811 3 14020
10811 3 14908
10812 0 28488
10812 3 11278
10812 3 14020
10812 3 15158
10812 3 15976
10812 3 26738
10812 3 31230
10812 9 26743
10812 13 23648
10813 3 14020
10813 3 24348
10813 9 18265
10813 9 30273
10814 3 14020
10814 3 26738
10815 3 14020
10815 3 24348
10816 3 11774
10816 3 14020
10817 3 11774
10817 3 14020
10818 3 14020
10818 3 24348
10819 3 14020
10819 3 26738
10819 3 31230
10820 3 13169
10820 3 14020
10821 3 14020
10821 3 26738
10822 0 28539
10822 3 13167
10822 3 14020
10822 3 14908
10822 3 26738
10822 14 11060
10823 3 14020
10823 3 26856
10823 3 29263
10824 3 14020
10824 3 26738
10825 3 14020
10825 3 24348
10826 3 14020
10826 3 26741
10826 3 27039
10827 3 14020
10827 3 26738
10828 3 14020
10828 3 14863
10828 3 26856
10829 3 11774
10829 3 14020
10829 3 19062
10829 3 19063
10829 3 26738
10830 3 14020
10830 3 19923
10831 3 14020
10831 3 26856
10831 3 29263
10832 3 14020
10832 3 14667
10833 3 14020
10833 3 26738
10834 3 11774
10834 3 12993
10834 3 14020
10834 3 15158
10834 3 19062
10834 3 19063
10834 3 19923
10834 3 19924
10835 3 14020
10835 3 26738
10836 3 14020
10836 3 26856
10836 3 29263
10837 3 11774
10837 3 14020
10838 0 18797
10838 3 13167
10838 3 14020
10838 3 14908
10838 9 14913
10838 13 30589
10838 14 11058
10839 3 14020
10839 3 24348
10840 3 14020
10840 3 14667
10840 3 18058
10840 3 26738
10841 3 13169
10841 3 14020
10842 3 14020
10842 3 14421
10842 3 26739
10843 3 14020
10843 3 26738
10844 0 19022
10844 3 14020
10844 3 22463
10844 3 22464
10844 9 25829
10844 9 26743
10844 13 14042
10844 14 11061
10845 3 11774
10845 3 14020
10846 3 14020
10846 3 14280
10846 3 14908
10846 3 15981
10847 0 28336
10847 3 14020
10847 3 14908
10847 9 15164
10847 14 11061
10848 3 11899
10848 3 14020
10848 3 24348
10848 3 26740
10848 3 29270
10848 3 31681
10849 3 14020
10849 3 26738
10850 3 14020
10850 3 26738
10851 0 29486
10851 3 14020
10851 3 19923
10851 13 29486
10851 14 11059
10852 3 14020
10852 3 26738
10853 3 14020
10853 3 18791
10854 3 14020
10854 3 18791
10855 3 13169
10855 3 14020
10856 3 14020
10856 3 26738
10857 3 11774
10857 3 14020
10858 3 14020
10858 3 18437
10858 3 27910
10859 3 14020
10859 3 19923
10859 3 31228
10860 3 14020
10860 3 14670
10860 3 14908
10861 3 14020
10861 3 26856
10861 3 29263
10862 3 14020
10862 3 26738
10863 3 14020
10863 3 26738
10864 3 13498
10864 3 14020
10864 3 14480
10864 3 16998
10864 3 18791
10864 3 19107
10864 3 26738
10864 3 31230
10864 3 31681
10865 3 14020
10865 3 14908
10866 3 14020
10866 3 26738
10867 3 13498
10867 3 14020
10867 3 16998
10867 3 19107
10867 3 26805
10867 3 26807
10867 3 27910
10867 3 31681
10868 3 13497
10868 3 14020
10868 3 14667
10868 3 25755
10868 3 26738
10869 3 14020
10869 3 14908
10870 3 14020
10870 3 26738
10871 3 14020
10871 3 26856
10871 3 29263
10872 3 14020
10872 3 14421
10872 3 26739
10873 3 11500
10873 3 14020
10873 3 14667
10874 0 16789
10874 3 14020
10874 3 26738
10874 9 16557
10874 9 24349
10874 9 26760
10874 9 30725
10874 13 16789
10874 14 11060
10874 14 11061
10875 3 14020
10875 3 26738
10876 3 14020
10876 3 26738
10877 3 14020
10877 3 14280
10877 3 15981
10878 3 14020
10878 3 26738
10879 3 14020
10879 3 26738
10880 3 14020
10880 3 14908
10881 0 19180
10881 3 13169
10881 3 14020
10881 3 19923
10881 9 26810
10881 14 11058
10882 0 13975
10882 3 13169
10882 3 14020
10882 9 17616
10882 9 26762
10882 13 15365
10882 14 11061
10883 3 14020
10883 3 26738
10883 3 31230
10884 3 14020
10884 3 14908
10885 0 19123
10885 3 14020
10885 3 26738
10885 9 18608
10885 13 23866
10885 14 11058
10885 14 11058
10885 14 11060
10886 3 13493
10886 3 13498
10886 3 14020
10886 3 16998
10886 3 26738
10886 3 31681
10887 3 14020
10887 3 26738
10888 3 14020
10888 3 25085
10888 3 29269
10889 3 14020
10889 3 14670
10890 3 14020
10890 3 25085
10890 3 25086
10890 3 29269
10891 3 14020
10891 3 14908
10892 3 14020
10892 3 17231
10892 3 27910
10893 3 14020
10893 3 26738
10894 3 14020
10894 3 14667
10895 0 26867
10895 3 14020
10895 3 14421
10895 3 26739
10895 9 11779
10895 9 17233
10895 9 26745
10895 9 29189
10895 13 28651
10895 14 11059
10896 3 14020
10896 3 29269
10897 3 14020
10897 3 24241
10897 3 25390
10898 3 14020
10898 3 26738
10899 3 14020
10899 3 26738
10900 3 11774
10900 3 14020
10901 3 14020
10901 3 14667
10902 3 14020
10902 3 26856
10902 3 29263
10903 3 14020
10903 3 26738
10903 3 31230
10904 3 14020
10904 3 26738
10905 3 14020
10905 3 26738
10906 3 14020
10906 3 17230
10907 3 13498
10907 3 14020
10907 3 15158
10907 3 15976
10907 3 16998
10907 3 19107
10907 3 22463
10907 3 22464
10907 3 26805
10907 3 26806
10907 3 27910
10907 3 31681
10908 3 14020
10908 3 26738
10909 3 14020
10909 3 15158
10909 3 16556
10910 0 12254
10910 3 14020
10910 3 14863
10910 3 26856
10910 9 14865
10910 9 29265
10910 13 23708
10910 14 11060
10911 3 14020
10911 3 26738
10911 3 31230
10912 3 14020
10912 3 14908
10913 3 14020
10913 3 14908
10914 3 14020
10914 3 26738
10915 3 14020
10915 3 26738
10916 3 14020
10916 3 26738
10917 3 14020
10917 3 26738
10918 3 14020
10918 3 26738
10918 3 31230
10919 3 14020
10919 3 26738
10920 3 14020
10920 3 26856
10920 3 29263
10921 3 14020
10921 3 24348
10922 3 14020
10922 3 26738
10923 3 14020
10923 3 26738
10924 3 14020
10924 3 26738
10924 3 29126
10925 3 14020
10925 3 25086
10925 3 29269
10926 3 14020
10926 3 26738
10927 3 14020
10927 3 14421
10927 3 26739
10928 3 14020
10928 3 24348
10928 3 26738
10928 3 31230
10929 3 14020
10929 3 26738
10930 3 14020
10930 3 26738
10931 3 14020
10931 3 19923
10932 3 14020
10932 3 14908
10933 3 14020
10933 3 24348
10934 3 14020
10934 3 26738
10935 3 14020
10935 3 26738
10936 3 14020
10936 3 26738
10937 3 14020
10937 3 26738
10938 3 13169
10938 3 14020
10939 3 14020
10939 3 26738
10940 3 14020
10940 3 14908
10941 3 14020
10941 3 26738
10942 3 14020
10942 3 14908
10942 3 26738
10942 3 30417
10943 3 14020
10943 3 26738
10944 3 14020
10944 3 26738
10945 3 13169
10945 3 14020
10946 3 13169
10946 3 14020
10947 3 14020
10947 3 14421
10947 3 26739
10948 3 14020
10948 3 14665
10948 3 14908
10949 3 14020
10949 3 14814
10949 3 14816
10950 3 14020
10950 3 25755
10950 3 26738
10951 3 14020
10951 3 14667
10951 3 18282
10951 3 27910
10951 3 27912
10952 3 14020
10952 3 19923
10953 0 12991
10953 3 14020
10953 3 15158
10953 3 16556
10953 3 26738
10953 9 11779
10953 9 26759
10953 13 12991
10953 13 17637
10953 14 11060
10954 3 14020
10954 3 26738
10955 3 14020
10955 3 19923
10955 3 29168
10956 3 14020
10956 3 26738
10957 3 14020
10957 3 14863
10957 3 26856
10958 0 23245
10958 3 14020
10958 3 26738
10958 13 27161
10958 14 11061
10959 3 14020
10959 3 24348
10960 3 14020
10960 3 26738
10961 3 14020
10961 3 26856
10961 3 29263
10962 3 14020
10962 3 24348
10963 3 14020
10963 3 26738
10964 3 14020
10964 3 24348
10965 3 14020
10965 3 26738
10966 3 11774
10966 3 14020
10966 3 25395
10966 3 25396
10966 3 26738
10967 3 14020
10967 3 14667
10968 3 14020
10968 3 19923
10969 3 14020
10969 3 26738
10970 3 14020
10970 3 26738
10970 3 31230
10971 3 14020
10971 3 19923
10972 3 14020
10972 3 26738
10973 3 14020
10973 3 26738
10974 3 13169
10974 3 14020
10974 3 14861
10975 3 14020
10975 3 26738
10976 3 14020
10976 3 14667
10977 3 14020
10977 3 14908
10978 3 14020
10978 3 26738
10979 3 14020
10979 3 24348
10980 3 14020
10980 3 24348
10981 3 14020
10981 3 26738
10982 3 11277
10982 3 14020
10982 3 14908
10982 3 26738
10983 3 14020
10983 3 26738
10984 3 14020
10984 3 24348
10985 0 15307
10985 3 14020
10985 3 14908
10985 3 17612
10985 3 27039
10985 9 26743
10985 13 20349
10985 14 11061
10986 3 14020
10986 3 25390
10986 3 27201
10987 3 14020
10987 3 14908
10988 3 14020
10988 3 14802
10988 3 29270
10988 3 31681
10989 0 22363
10989 3 14020
10989 3 24348
10989 9 19067
10989 9 25405
10989 13 25978
10989 14 11060
10990 3 14020
10990 3 26741
10990 3 27039
10991 3 14020
10991 3 26738
10991 3 31230
10992 3 14020
10992 3 14908
10993 3 14020
10993 3 14908
10993 3 30417
10993 9 26833
10994 3 14020
10994 3 14908
10995 3 14020
10995 3 26738
10996 3 14020
10996 3 26856
10996 3 29263
10997 3 14020
10997 3 24348
10997 3 26740
10998 3 14020
10998 3 26738
10999 3 14020
10999 3 14421
10999 3 26738
10999 3 26739
11000 3 13169
11000 3 14020
11001 3 14020
11001 3 26738
11002 3 14020
11002 3 17612
11002 3 24348
11002 3 26738
11002 3 26740
11002 3 27039
11002 3 31230
11003 3 14020
11003 3 14908
11004 3 14020
11004 3 24348
11005 3 14020
11005 3 26738
11006 0 23422
11006 3 14020
11006 3 19923
11006 4 23422
11006 9 19923
11006 13 13222
11007 3 14020
11007 3 26738
11008 3 14020
11008 3 26856
11008 3 29263
11009 3 14020
11009 3 26738
11010 3 14020
11010 3 14816
11010 3 14908
11010 3 29336
11011 3 14020
11011 3 26738
11012 3 14020
11012 3 19923
11013 3 14020
11013 3 26741
11013 3 27039
11014 3 14020
11014 3 26738
11015 3 14020
11015 3 26738
11016 0 30162
11016 3 14020
11016 3 26738
11016 9 11779
11016 9 16764
11017 0 17673
11017 3 14020
11017 3 26738
11017 9 25405
11017 9 29820
11017 13 17673
11017 14 11057
11018 3 11500
11018 3 14020
11018 3 14667
11018 3 26856
11018 3 29263
11019 3 14020
11019 3 26738
11020 3 11772
11020 3 11774
11020 3 14020
11020 3 18162
11020 3 19071
11020 3 26738
11021 3 14020
11021 3 14908
11022 3 14020
11022 3 14908
11023 3 14020
11023 3 25085
11023 3 29269
11024 0 12407
11024 3 14020
11024 3 18437
11024 3 27910
11024 9 30725
11024 14 11061
11025 3 14020
11025 3 26856
11025 3 29263
11026 3 14020
11026 3 14908
11027 3 11277
11027 3 14020
11027 3 14667
11027 3 26738
11028 3 14020
11028 3 19923
11029 3 14020
11029 3 26738
11030 3 14020
11030 3 26738
11031 3 14020
11031 3 26738
11031 3 31230
11032 3 14020
11032 3 14280
11032 3 15981
11033 3 14020
11033 3 14908
11034 3 14020
11034 3 26738
11035 3 14020
11035 3 26738
11036 3 14020
11036 3 26738
11037 3 14020
11037 3 26738
11038 3 13493
11038 3 13498
11038 3 14020
11038 3 16998
11038 3 26738
11038 3 26805
11038 3 26807
11038 3 27910
11038 3 31681
11039 0 26203
11039 3 14020
11039 3 14908
11039 9 29189
11039 13 18902
11039 14 11058
11040 3 14020
11040 3 26738
11041 3 14020
11041 3 26738
11042 3 14020
11042 3 26738
11043 3 14020
11043 3 26738
