0 22 574 1316 2013 2088 2222 3407 4307 4597 4723 4729 5271 5284 5285 5668 5720 5746 6179 6300 7187 7396 7526 7683
1 741 1249 1301 1675 2548 2559 2703 3886 4039 6708 9066 9590 9659 9746 9892 10404 10591
2 39 936 4420 5187 7162 8434 8844 9411 9793 10049 10379 10555 10904
3 140 142 144 147 881 885 886 1020 1027 1052 1055 1810 1902 2127 2129 2219 2242 2243 2294 2295 2296 2299 2301 2304 2307 2308 2309 2310 2348 2874 2876 2879 2975 2981 2999 3383 3462 3466 3630 3690 3928 4162 4254 4426 4826 4953 5151 6758 7783 8408
4 58 295 297 298 300 327 341 429 529 576 594 595 679 735 753 900 1028 1067 1074 1090 1127 1132 1142 1183 1185 1193 1208 1229 1248 1430 1527 1575 1581 1616 1668 1792 1820 1997 2013 2175 2365 2580 2617 2800 2922 2945 3045 3116 3183 3214 3294 3346 3448 3497 3498 3499 3860 3930 3945 4082 4115 5009 5318 5387 5551 5607 5791
5 2802 6747 6993 7158 7323 7996 8194 9028 10264 10281 10480 10775
6 6103 6698 8309 8554 8716 9073 9524
7 498 815 1342 3990 5027 5940 6960 7309
8 1974 2023 2052 3749 3921 4963 6830
9 240 1311 1545 3612 4485 6423 7875 9758
10 2403 2435 7161 7598 8120
11 0 937 1064 1386 2307 2308 2383 2523 2933 3156 3202 3849 3953 4312 4702 4817 4826 4835 4942 4967 5002 5060 5176 5276 5415 5484 5560 5678 5704 5978 6059 6313 6369 6765 6885 7125 7176 7294 7381 7665 8232 9139 9929
12 1186 3596 3602 5964 6218 6305 7612
13 5 2419 10512 10993
14 1086 2398 2601 3480 4135 4654 4692 5887 6943 10544
15 577 1027 3878 4169 4295 4376 4790 8638
16 334 1331 1387 2151 2160 2896 3466 4736 8345
17 2048 2772 3262 4174 6497 6523 9041 9470 9482 9679 9842 9927 10885
18 1152 1153 7882
19 296 8410 9574 9732 10560 10787
20 550 646 657 1134 1902 2286 2287 2288 2299 2300 2301 2302 2307 4225
21 176 260 403 437 756 2651 2712 2828 2844 3916 4609 4725 5841 7120 8133 8484 8903 8981 9557 9741 9893 10735
22 1079 7880 9526 9574 10548
23 1399 2778 5863 6448
24 1252 6442 7691 7702 8341 8367 8818 9296 9878 10235 10248 10340 10397 10460 10484 10530 10534 10554 10632 10870
25 1027 1221 2111 2398 2430 2445 2573 2696 2775 2884 2962 3535 3546 3667 3932 4365 5009 5779 6930 7857 8317 8395 8468
26 2342 5438 5525 5963 7670 7831 7962 8178 8400 9017 9178 9239 9423 9493 10291 10338 10360 10494 10568 10602 10863 10887
27 629 4497 7573 8827 9007
28 1277 1769 1906 1907 2525 3135 3336 3449 4598 5238 5438 5743 6114 6204 7081 7828 8093
29 1480 2736 4740 5725 7130 7526 9697 9856 11021
30 4597 5963 9648 9950
31 76 751 752 832 1065 1174 1795 2996 3735 4216 4760 5434 5437 5473 5551 6230 6435 6759 6826 8338 8348 8853 9220 9229 9800 9902 9993 10035 10106 10425 10881 11012
32 745 2814 4150 4535 4723 5489 5506 5543 5951 7074 7509 8374 9441 9682 10028 10483
33 4526 7081 8369 9293 9307
34 2636 3662 5448 6199 9199 10614
35 807 2557 3488 3551 4132
36 340 469 1971 3044 3085 4547 5665 6692 7530 7650 8375 8446 9109 9532 9543
37 82 184 993 1916 1928 1935 1939 1943 2445 2603 2829
38 791 1956 2750 3044 7521 9109
39 4260 9630 10229 10391 10466
40 920 926 2242 2243 2299 2301 2307 2309 2310 2878 3542 3545 3547 4370 4632 4811 4894 5798 6526 6629 6789 8408
41 263 1147 3183 3885 5285 5364 5524 5673 5919 6025 6971 7713 7806 8340 8832 9397 9424 9474 10046 10186 10187 10204 10563 10823 10861 10902
42 9 944 9597 9655
43 255 544 1171 1366 1840 1854 2143 2150 2168 2182 2323 2352 2528 2630 2652 2669 2716 2725 2785 2819 3078 3581 3711 3778 3897 3960 4085 4248 4268 4313 4407 4467 4656 5232 5490 5913 6072 6686 7282 7360 7863 8040 8249
44 1693 7090 7653 9125 9710 9712 10039 10131 10192 10267 10907
45 8829 9192 9358 9369
46 3 158 3477 7601 8355 8900 9129 9423 9440 10127 10364 10696 10927
47 3616 6788 6856 7016 7400 7573 8134 8309 8517 8827
48 1002 1315 2680 4216 5087 5088 6470
49 5781 6123 6945 7862 9109 9577 9864 9976 10652 10859
50 509 4505 4517 4886 5945 6048 6749 7020 7059 7491 7564 7581 7751 7791 7985 8038 8287 8288 8375 8579 8580 8666 8976 9022 9075 9107 9114 9155 9257 9327 9418 9510 9520 9543 9656 9705 9904 10022 10057 10079 10152 10279 10509 10744 10776 10778 10860 10970 10991
51 1114 1117 1118 1596 1955 2517 3003 3083 3289 3307 3862 4005 4460 4536 4635 5403 6620 6777 7033 7085 7218 7447 9888 10526
52 4471 4494 7684 7886 9146 9340 9917
53 3291 4105 6985 9517 10073
54 43 58 225 229 232 266 280 310 1668 2584 2671 2683 3302 4246 4285 4592 4680 4735 4983 5030 5053 5103 5339 5340 5380 5503 5509 5829 5843 5895 5898 5995 6048 6117 6288 6295 6371 6419 6449 6450 6480 6552 6591 6594 6627 6634 6678 6683
55 114 560 1038 1106 3211 4653 5743 9758
56 2094 2610 3179 3311 3334 3916
57 509 1885 3862 4921 6385 6955 7765 9023 9888 10526
58 456 457 600 2606 2861 3353 3981 6754 7029 7202
59 2169 2861 6010 8309 8493 8554 9117 9524
60 1700 1971 3218 4916 5141 5211 5543 5755 7555
61 2115 2527 2962 4796 5205 6388 7301 8395 9448
62 4044 6693 6777 8242 9355
63 454 1063 1520 2316 2834 2926 4066 7797 8195
64 1345 8270 8349 9438 10019 10178
65 3219 6114 6465 9238 9299 9865 10375
66 914 3338 9624 9794 10029 10430 10889 10907
67 85 4370 4607 5236 5916 6544 6881 7077 7168 7848 8648 8998 9032 9047 9163
68 5215 5681 5979 6515 6612 6875
69 6384 8038 8356 8483 9830 9953 10548
70 46 137 157 225 481 485 599 616 617 658 708 709 1121 1208 1369 1416 1560 1677 1700 1959 1968 2155 2157 2159 2207 2233 2393 2394 2437 2503 2509 2514 2521 2561 2630 2661 2777 2784 2811 2888 2988 3138 3139 3269 3572 3632 3705 3887 3897 4038 4039 4163 4360 4361 4469 4547 4689 4728 4781 4794 4873 4918 5194 5256 5557 5803 5984 6193 6250 6271 6383 6395 6679 7382 7482 7689 7702
71 497 797 3862 4202 4209 6237 7494 7592 7632 7680 8027 8070 8093 8094 8242
72 3247 3976 5004 6935 7900 8370 8647 8881 9425
73 1988 2992 4928 6973 7515 7670 8425 8453 10494 10864
74 6815 7024 7131 8069 8894 9895
75 1256 4330 5616 5909 7025
76 8497 9545 10914 11023
77 410 604 2194 5471 6563 7831 8901 9877 10263 10316 10322 10389 10430 10450 10476
78 153 407 500 685 1147 1871 1999 2746 3565 4508 4817 4878 5168 5644 6953 7118 10174 10233 10533 10923
79 399 577 697 1528 2695 2746 2753 6201 6371 6806
80 911 1589 1793 3593 6321 6699 7086 10393
81 229 1106 1208 1747 3859 4883 5117 5239
82 608 2423 3962 4349 5035 7066 7527 7574 8034 8936 8988 9388 9680 9936 9986 10279 10301 10383 10389 10526
83 604 881 942 1133 3048 3154 4509 6508 7314 8512 9016
84 1687 1742 5168 5852 5855 6775 7638 8488 8698 8923 9069 9806
85 674 2222 5366 6633 7713 9595 9835 9851 10135 10454
86 63 64 83 86 139 140 144 146 158 214 216 302 493 494 523 579 598 614 738 839 881 882 943 945 954 986 990 1004 1007 1027 1045 1046 1074 1086 1189 1440 1508 1534 1595 1613 1615 1778 1783 1787 1788 1789 1797 1808 1832 1848 1849 1873 1885 1893 1895 1910 1915 1926 1931 1939 1951 2093 2106 2116 2236 2268 2287 2294 2331 2353 2392 2394 2400 2430 2436 2438 2462 2465 2468 2490 2491 2500 2523 2535 2538 2547 2551 2599 2601 2604 2613 2617 2701 2754 2790 2879 2903 2924 2933 2972 2979 3006 3025 3085 3090 3154 3155 3217 3443 3453 3454 3533 3546 3631 3719 3772 3774 3867 3908 3944 4054 4074 4078 4088 4101 4167 4178 4205 4218 4281 4291 4426 4434 4443 4447 4451 4662 4668 4689 4713 4804 4814 4881 4974 5007 5120 5255 5338 5399 5400 5434 5476 5551 5795 5805 5933 6082 6110 6111 6120 6131 6265 6273 6402 6443 6444 6482 6492 6688 6716 6901 7125 7306 7416 7588 7655 7830 7887 8019 8239 8389 8403 8507 8555 8802 8930 9018 9035 9092 9131 9236 9264 9289 9486 9659 9835 10040 10053 10059 10099 10154 10181 10287 10893 10973
87 738 3512 3517 4086 4820 5375 6739 9258 10770
88 330 429 1487 1638 1760 1841 1900 4790 4950 4953 5829 7219 9065
89 63 90 615 688 721 770 782 1012 2114 3107 3600 3730 3834 5624 5837 7278 8274 9122 9284 9411 10066
90 213 263 815 1847 5960 8783 10001 10552 10913 10985
91 619 738 745 1291 1668 1745 2892 3407 4993 5238 5323 5767 6229 6328 7178 7427 7790 8169 8270 8599 8699 8836 9108 9178 9203 9237 9257 9407 9461 9682 9904 9986 10215 10245 10418
92 732 799 2434 2441 4185 4360 10173
93 822 2007 2637 2964 4122 4146 5166 5844 5982 6856
94 8074 8349 8531 8618 9253 10531
95 8920 9339 9679 10160 10513
96 1431 2754 6573 7317 7408 7411 7426 7847 8263 8705 9209 9432 10394 10548 10558
97 452 1038 1106 1277 2718 2781 2948 3242 4729 6307 6792 7305 7446 10800
98 939 1664 7338 9990 10037 10850
99 3448 5564 5886 6792 7305 9415 9440 9962 10245 10660
100 176 204 1804 2299 2500 2517 2521 3690 3693 4227 4263 8537
101 125 708 1147 1314 1350 1995 3565 3793 3942 4200 4201 5017 5037 6741 6798 6927 6928 7200 8305 9263 9505 9869 9940 10303
102 946 948 2268 2423 3025 3963 5022 6340 10304
103 708 709 741 808 810 1625 1708 1875 1876 1994 2015 2032 2054 2065 2207 3060 3704 3939 4086 4367 4641 4868 5155 5220 5260 5323 5502 6253
104 31 39 1314 6160 6875 7001 7484 8493 9487 9695
105 2712 3827 9012 9184 9704 9845 9861 10196 10211 10566 10618
106 1740 6934 7400
107 4370 4535 5141 5204 6476 6784 6891 7884 8139 9408
108 2855 8049 8274 8377 8485 8764 9411
109 146 249 522 1951 3542 6603 6875 7026 7575 7630 7717 7968
110 3088 3089 4585 5247 5532 6243 6511 7141 7480 9429 10300 10696 10786 10945
111 86 4683 4729 5933 6732 7066 8647 8665
112 218 1157 2398 2647 3164 4085 4627 7267 8691
113 5564 6692 6842 7364 9427 9542 10343 10371
114 2945 5586 5618 5821 5895 6002 6547 6680 6772 6810 6889 7056 7057
115 921 1529 2227 2286 2287 2288 2396 2399 3306 4851 5951 6663 8109 9112 9927 9998 10165 10421
116 5030 7725 7902 8008 8185 8257 8331 8375 8578 8651 8871
117 1751 1752 4661 8309 8557 9763 9883 9975 10512 10808 10903 10915 10963
118 215 388 525 561 1520 1521 1522 2708 3542 3547 3549 8562 8846 8945 9176 9250 9269 9377 9855 9870 9983 9992
119 625 1638 1861 2371 2900 2922 3506 3509 3528 3859 4115 4522 4561 5079 5225 5505 5715 8546
120 546 706 707 2459 2460 2517 2574 3416 4054 4059 4207 4284 4291 4661 5187 5325 6586 7819 8176 8988 9095 10688 10993
121 102 2621 2696 3803 4976 5026 5865 6077 7212 7680
122 5988 7733 8321 8860 10086 10548 10842 10947
123 1696 3139 4507 6035
124 1223 1262 7907 8859 9469 10673
125 152 794 795 1094 1128 1805 1833 1918 2814 3053 3887 4927 5159
126 4737 7074 7357 9713 9928 9990 10012 10489 10850
127 1362 1669 2286 3685 3821 5858 6394 6437 6786 7758
128 59 535 621 953 1122 1200 1202 1593 1837 1961 2118 2294 2296 2332 2457 2462 2504 3378 3545 4099 4915 6822 7118 7550 7672 7943 8196 8787 9569 9961 10145 10898
129 1044 7741 8519 10041 10305
130 3722 5021 5266 5578 6201 7096 7097 7238 7916 8298 8952 9667 9732 11031
131 1278 2180 5986 6643 6904 6941 6991 7007 7017 7083 7137 7314 7321 7411 7515 7603 7739 8259 8283 9045 9457 11031
132 2995 2997 5295 6478
133 219 461 1027 1093 1182 1311 1459 1884 2116 2268 2294 2296 2304 2355 2766 2813 2904 2905 3692 4938 5131 5536 5941 5947 5978 5998 6007 6050 6185 6221 6227 6261 6317 6321 6329 6354 6363 6379 6464 6506 6516 6528 6709 6761 6825 6862 6938 6941 6943 7271 7278 7286 7306 7336 7347 7377 7499 7570 7621 8078 8377 8432 8513 8644 8682 8818 8904 9329 9539 9718
134 1904 1957 1975 2312 4503 4849 5641 7174 8133 8531 10244
135 2916 4890 6874 7280 10362 10690
136 145 216 932 2096 2459 2460 2635 3544 3545 3546 3549 3550 4341 6201 7389
137 48 63 99 140 149 298 462 464 465 713 1044 1173 1878 1916 1928 1940 2104 2105 2110 2237 2419 2445 2490 2532 2701 3085 3158 3350 3446 3549 3662 3663 3753 3755 3761 3820 3828 3833 4342 4447 4450 4466 4596 4665 4777 4899 5009 5015 6019 6586 7250 7354 7583 7737 8239 8336 8385 8403 8769
138 3803 4995 5030 5270 5407 5714 6141
139 157 1258 5872 6193
140 238 280 380 519 844 1393 1447 1499 1647 1658 1659 1670 1679 1680 1691 1702 1739 2015 2069 2253 2280 2847 3038 3082 3083 3085 3110 3154 3155 3321 3335 3517 3546 3549 4080 4115 4283 4353 4476 4493 4684 4813 4880 5116 5236 5513 5615 5642 5798 5815 5823 5843 5849 6008 6013 6134 6364 6521 6585 6661 6689 6692 6769 6789 6808 6814 7045 7158 7168 7176 7418 7563 7601 7622 7651 7713 7774 7801 7804 7857 8153 8194 8228 8236 8264 8591 8595 8624 8734 8779 8822 8841 8845 8889 8895 8914 8946 8961 8968 8981 9047 9054 9076 9237 9327 9356 9358 9394 9398 9534 9594 9858 9891 9920 9937 9986 10006 10161 10264 10301 10432 10468 10512 10615 10727 10739
141 277 5449 5508 5625 8096
142 543 5525 8270 9064 9331
143 190 270 696 1489 1490 1656 2227 2286 2287 2288 2302 2398 3140 3299 4365 4885 4892 5168 5171 5236 5270 5815 6073 6417 6751 7002 7020 7131 7205 7410 7421 7774
144 265 269 842 849 4133 5222 5716 6021 6315 6342 6547 6580 6635 6764
145 94 95 96 98 99 100 101 565 589 659 758 951 1036 1077 1147 1314 1557 1805 2444 2532 2878 2971 3079 3080 3090 3107 3463 4011 4148 4448 4872 8034
146 731 1511 1631 3074 4155 4519 4661 4841 5041 5525 5622 5887 6344 6420 6432 6683 6734 6836 6848 6938 9758
147 9572 9852 10323 10558 10846 10880 10884 11003 11010
148 157 1630 1687 3143 4644 4695 5209 5852 5855 6077 6193 6240 6285 6371 6456
149 216 530 893 1027 1147 1148 1335 1479 2430 2727 2965 3195 7952
150 980 5886 6000 7783 8495
151 384 406 717 898 899 1074 1210 1393 1473 1616 1646 2253 2280 2381 2681 2800 3049 3401 3428 3523 3532 3735 3808 4023 4509 4820 4950 5225 7283
152 3404 3729 6872 8592 9647
153 77 1722 1969 4841 5216 5920 8052 8063
154 881 885 915 3962 5964 6049 6951 8042
155 425 1961 2447 2454 2607 2822 2895 2933 4443 4659 6983 7032
156 63 297 298 476 499 533 565 567 579 582 648 661 689 723 838 1346 1347 1521 1557 1778 2014 2060 2145 2436 2483 2517 2970 3053 3054 3081 3082 3083 3085 3096 3144 3154 3155 3370 3592 3629 3646 4010 4115 4171 4184 4185 4752 4900 4974 5009 5337 5656 6164 6363 6511 6714 6790 6946 7254 7283 7348 8236 8271 8366 8772 9090 9098 9411 9531 9575 9715
157 4328 7208 10164 10335 10760
158 26 708 709 872 1113 1257 1495 1842 2032 2644 3139 4040 4048 4073 4362 4978 5242 5539 5598 5655 5904 5990 6659 6816 6881 7118 7163 7197 7244 7270 7304 7356 7384 7401 7475 7539 7701 7719 7722 7753 8181 8183 8218 8315 9049 9221 9381 9573 9870
159 2992 4481 4738 7126 7329 7509 8463 8707
160 680 1311 1312 1471 1672 1986 2295 2471 2864 3750 3846 4128 5065
161 2166 2167 5384 5619 6191 7683 8283 9353
162 190 1702 3060 3321 3908 4367 4643 5116 6937 8160 10452 11016
163 3086 4144 4407 9949
164 466 1398 3279 6102 6259 6570 6950 7362
165 5875 7699 8872 9261 10587 10732 10860
166 128 368 369 3578 7272 10082
167 136 165 257 533 537 736 860 1044 1049 1311 1447 1544 1611 1691 2037 2107 2296 2301 2307 2309 2591 2616 2668 2826 2859 3056 3155 4144 4415 4503 4538 4859 4897 4970 5051 5116 5351 5474 5477 5518 5741 5815 5896 6007 6139 6154 6171 6274 6309 6371 6668 6689 6829 6965 7120 7289 7505 7512 7583 7699 7812 7861 7879 8000 8252 8484 9042 9922 10008 10323 10401 10892
168 1348 1638 3058 5282 8216 8906
169 41 5767 7750 9092 9915
170 3391 3536 4586 4729 4838 5767 10244 10326
171 4303 4424 4653 5847 9758
172 276 2222 3416 7178 9576 9740 10097
173 2083 2118 2142 2331 2332 2359 2461 2462 2601 2971 3056
174 998 1056 2688 2961 2962 3144 4220 4316 6704 8395
175 3063 3081 3083 3154 3155 3905 4083 4407 4589 5634 7230 7733
176 430 1311 1543 1558 1584 1880 1969 2565 3227 6025 6297 6325 6649 7515
177 35 3053 3724 6047
178 231 1398 1528 1688 1697 1770 1772 1984 2053 2245 2336 2782 2834 3210 3321 3469 3737 3961 3978 4370 4630 4768 4893 5234 5270 5553 5657
179 831 6352 8977 9442 9568 9739 10289 10463 10482 11032
180 9 34 36 102 237 383 384 391 460 476 515 532 642 738 742 754 815 834 976 984 999 1052 1063 1096 1101 1175 1232 1316 1376 1464 1521 1552 1892 1905 1961 2025 2122 2124 2149 2320 2321 2393 2394 2456 2514 2526 2528 2548 2736 2914 2926 2943 2951 2957 2990 3073 3114 3197 3281 3282 3354 3359 3371 3392 3394 3407 3409 3413 3414 3415 3417 3420 3442 3449 3467 3489 3490 3502 3633 3644 3889 3891 3955 4011 4021 4023 4254 4260 4272 4275 4358 4387 4509 4678 4865 4915 4926 4964 5047 5097 5105 5163 5272 5455 5486 5505 5569 5690 5808 5886 5957 6009 6067 6176 6182 6188 6201 6267 6340 6504 6738 6792 6838 7100 7186 7261 7382 7442 7620 8254 8284 8729 8800 8869 9132 9793 10773
181 582 2450 6442 6875 7372 8513 9941
182 300 3546 10261 10386 10467 10967
183 7933 8065 8278 8561 8629 8672 9067 9244
184 157 386 507 2157 6193 6622 10877
185 11 26 61 1036 1113 1179 1732 1735 1758 2125 2227 2294 3317 3694 4038 4227 5727 5815 5971 6013 6318 6340 6362 6967 7651 7726 7773 7857 7920 8402 8524 8543 8713 8895 8968 10001 10140 10174 10495
186 940 1007 1234 1280 2268 2287 2290 2608 2699 2974 3911 4108 4476 4492 4917 5368 7230 8298 8299 8389 8525 9035 9055 9378 9923 10124 10469 10470 10487 10892
187 140 216 306 387 391 392 397 398 429 435 454 460 462 463 464 465 466 469 485 525 561 839 926 1005 1027 1036 1044 1070 1125 1154 1156 1190 1194 1212 1236 1282 1309 1335 1363 1373 1431 1438 1552 1570 1597 1610 1660 1661 1662 1684 1700 1719 1743 1760 1953 2227 2261 2269 2288 2338 2377 2393 2412 2413 2414 2415 2417 2418 2419 2420 2450 2456 2457 2466 2467 2514 2560 2561 2573 2584 2585 2621 2630 2671 2696 2727 2741 2756 2761 2784 2786 2787 2815 2827 2853 2863 2891 2921 3035 3053 3054 3085 3090 3096 3097 3098 3101 3106 3138 3150 3228 3247 3289 3538 3546 3547 3549 3632 3811 3880 3885 3911 3969 4002 4027 4028 4097 4108 4175 4187 4188 4193 4257 4297 4334 4370 4371 4384 4407 4416 4420 4605 4668 4779 4793 4811 4894 4918 4990 5047 5104 5105 5174 5227 5264 5403 5425 5427 5446 5489 5546 5569 5651 5665 5681 5707 5767 5803 5841 5856 5865 5866 5881 5888 5901 5902 5963 5964 5982 5987 6031 6049 6154 6160 6201 6218 6229 6305 6387 6445 6471 6493 6504 6511 6533 6567 6572 6584 6612 6638 6668 6670 6675 6693 6694 6798 6816 6842 6877 6934 6982 6989 7022 7097 7278 7290 7321 7382 7436 7531 7532 7737 7739 7741 7747 8239 8396 8474 8688 8802 9035 9355 9411 9425 9484 9485 9771 10055 10326 10512 10524 10636 10727 10898 10899
188 61 1640 3083 3085 3155 3289 3433 3434 3435 3911 4108 4214 4492 6701 7451 8419 8503 8647 8932 9104 9225 9340 9378 9492 9771 10087 10470 10474 10475 10486 10487 10594 10691 10905 10942 10960
189 92 1907 2499 2935 3217
190 2312 3966 4568 4849 5161 5936 6328 6400 6583 6609 6918 7174 7180
191 957 2669 5090 5538 6527 6854 8307 8711 10795
192 1189 2612 2972 3195 4804 5603 6677 8869 9711 10704
193 1165 3615 4211 4729 4983 4993 5262 5817 7712 8318 8631 8819 9477
194 533 940 2116 2141 2445 3257 3316 6777 6999 7105 7373 7839 8377 8550 8818 9053 9621 9643 10101 10136 10419
195 4053 7578 9423 9945 10516 10946 10963
196 59 145 160 549 550 552 553 554 621 628 652 1902 1993 2161 3032 3336 3357 3416 3537 3538 4192 6176 7965 8693 9146
197 5814 7070 7168 7318 7602
198 7164 8713 9238 9708 10432
199 5225 10082 10288 10383 10558 10799
200 452 1321 2663 2991 3218 3336 4642 5686 6345 6876 7117 7714 7937 8369 8959 10588
201 31 2387 3990 4295 4414 5711 5866 6064 6241 6710 7050 7452 8275 8346
202 25 85 190 206 225 232 303 391 1133 1208 1387 1679 1682 2015 2043 2069 2089 2561 2585 2624 2784 3051 3110 3897 3951 4344 4513 4517 4813 4856 4908 5030 5164 5256 5520 5965 6301 6327 6341 6637 6638 6694 6956 7216 7403 7433 7602 7691 7719 7774 7778 7791 8192 8194 8375 8480 8590 8640 8821 8914 9101 9139 9250 9313 9338 9615 9956 10043 10281 10495 10672 10701 10873 10930
203 71 1668 4507 6745 7762
204 632 1900 3044 5978
205 721 733 1179 2293 2294 2295 2757 4637 5217
206 535 595 1439 2419 3415 4032 4222 5748 7322 7449 7691 8161 8464 10674
207 2317 6581 6950 7785 8217 8838 8941 9114
208 2734 5408 5711 6421 6719 8558 9021
209 380 509 600 1772 1825 1905 1961 2398 2761 2875 2926 2977 3085 3635 4023 4528 5651 6119 6534 8254
210 3985 4537 4958 7469
211 2 1392 2015 6387 6445 7064 7874 8430 8779 8784 8792 8983 8992 9187 9290 9418 9512 9525 9540 9641 9685 9695 9823 9892 10358 10368 10434 10640 10669 10695 10782 10797 10801 10837
212 1451 1768 4760 9653 9808
213 1724 3312 4534 6549 6624 7358 9085 10198 10752 10847
214 4401 5281 7212 7821 9115 9410 11040
215 388 525 542 596 638 677 2630 2656 4479 5460 5710 5864 7689
216 7387 7740 9432 9545 9989 9998
217 1910 1936 2643 2962
218 1277 3503 3938 4536 5286 7224 7960 8932
219 3142 3514 3528 4469 4947 5263 5328 6784
220 3019 3227 9514 9744 10052
221 50 142 156 190 215 216 535 571 603 757 944 995 996 1019 1105 1146 1147 1393 1412 1473 1516 1621 1628 1670 1673 1674 1906 2079 2092 2286 2293 2295 2356 2383 2393 2398 2435 2437 2470 2476 2477 2486 2517 2521 2561 2585 2624 2659 2784 2932 2962 3080 3455 3534 3896 4262 4280 4316 4318 4388 4616 4671 4777 5491 5738 6067 6160 6231 6716 7518 7587 7607 7691 7702 7771 7867 7996 8395 8669 8765 9044 9639 10098 10100 10460
222 1550 4886 4936 4956 5407 5450
223 1002 2723 5971 8306 8530 9011
224 1989 4174 5211 5438 7521 10373 10375 10530
225 5634 7249 7807 8349
226 159 236 894 898 984 1171 1223 1359 1390 1391 1403 1404 1714 1763 1962 1968 1994 1996 1998 2015 2068 2387 2391 2393 2873 2969 2995 2997 3100 3106 3142 3182 3208 3247 3263 3976 3992 3995 4038 4040 4320 4362 4397 4408 4564 4574 4709 4770 4831 4925 5284 5356 5366 5668 5746 5886 5967 6324 6882 7277 7491 7509 7580 7581 7689 7725 7854 8376 8571 8991 9089 9352 9371 9478 9537 9684 9807 10092 10337 10548 10591 10774 10776 10903 10991
227 738 2120 3081 3082 3083 3085 3096 3235 5902 6650 8236 8534 10126
228 35 59 72 84 140 211 271 330 349 384 460 573 579 621 690 763 768 769 775 777 779 785 786 879 946 948 983 1002 1030 1076 1079 1186 1201 1202 1289 1311 1317 1339 1545 1546 1547 1548 1551 1569 1599 1600 1621 1707 1744 1765 1810 1842 1878 1965 2055 2095 2096 2141 2252 2290 2419 2436 2470 2490 2649 2761 2877 2895 2943 2966 2984 3005 3085 3096 3100 3102 3137 3264 3336 3350 3351 3379 3408 3593 3596 3602 3606 3625 3627 3646 3662 3714 3721 3722 3763 3783 3789 3830 3833 3917 3919 3955 4068 4113 4171 4307 4417 4485 4529 4567 4585 4605 4625 4653 4678 4736 4848 4894 4914 4915 4919 4959 5029 5347 5358 5452 5469 5538 5589 5624 5662 5690 5741 5868 5886 5907 5954 6035 6182 6249 6310 6317 6511 6730 6842 6870 6875 6941 6973 6974 7215 7224 7238 7299 7314 7354 7359 7480 7570 7712 7943 8028 8247 8389 8415 8604 8944 8967 9046 9222 9319 9702 9719 9757 9758 9847 9872 9993 10009 10139 10165 10225 10450 10463 10567 10851 10881 10988 11028
229 5766 6527 6540 6620 7158 7178 7190 7204 7217 7226 7236 7249
230 4653 5052 5212 6637 6638 6923 8051 8768 9052 9758 9850
231 4894 4987 5736 6476 8638 9526 9677 10078 10088 10342 10361
232 15 363 476 1671 2043 2082 2086 2432 2575 2644 3823 6057 6313 6538 6931 7222 7303 7356 7913 8484 8536 8562 8771 9183 9687 9717 9792 9955 9992 10901 10966
233 3102 4463 7448 7903
234 1687 1742 2672 2785 3041 6449 6450 7116
235 829 933 6165 8502
236 391 469 1002 1255 1700 3229 4370 4943 4987 5212 5227 5563 5866 6796 7696 8212 8575 8990 9659 10852
237 212 3019 5244 5570 5601 6324 6487 6742 7036 7358 8125 8141 8164
238 149 240 653 1124 2294 2326 2355 2398 2415 2461 2462 2467 2589 2668 2675 4225 6261 6321 7515 7532 7875 8838 9462 9500
239 54 113 205 271 287 290 439 442 463 615 652 669 817 905 951 1027 1106 1139 1154 1179 1235 1407 1459 1603 1743 1939 2000 2290 2353 2430 2453 2487 2519 2520 2602 2757 2856 2990 3330 3717 3785 3927 4537 4543 4619 4989 5080 5121 5459 5883 5887 5939 5949 6052 6105 6139 6148 6210 6217 6309 6398 6427 6454 6478 6896 7066 7083 7344 7350 7486 7574 7576 7603 7639 7658 7726 7750 7969 8072 8389 8472
240 1388 3032 3722 4338 4676 5023
241 2834 4341 4890 5642 5695 6028 6154
242 34 61 156 403 405 470 475 476 477 478 479 485 504 505 520 540 547 557 563 583 585 587 588 660 664 687 693 703 749 966 1019 1031 1036 1052 1059 1086 1099 1101 1114 1119 1121 1122 1128 1130 1147 1155 1163 1188 1199 1412 1482 1520 1521 1626 1670 1756 1789 1790 1800 1801 1805 1806 2165 2286 2288 2302 2323 2350 2355 2364 2390 2391 2394 2395 2405 2435 2436 2437 2470 2476 2514 2515 2542 2543 2553 2557 2571 2575 2656 2988 3003 3053 3054 3061 3067 3081 3082 3083 3085 3096 3236 3284 3316 3317 3319 3334 3378 3549 3629 3801 3953 3995 4100 4108 4115 4171 4181 4190 4193 4254 4265 4300 4362 4406 4425 4492 4622 4678 4679 4713 4990 5078 5295 5353 5476 5490 5540 5541 5552 5684 5734 5775 5841 6183 6261 6265 6844 7382 7399 7587 7835 7863 7920 8236 8242 8255 8361 8564 8702 8765 8922 8957 8970 9090 9133 9274 9340 9355 9378 9476 9562 9952 10049 10124 10369 10905 10979
243 745 918 980 2933 3744 3745 4653 4889 5877 6401 9184 9758
244 40 229 1264 1293 1348 1527 1638 1690 1714 1764 1843 1903 2407 2801 2808 2922 2945 3331 3806 3808 4075 4732 4965 5117 5380 5423 5481 5584 5691 5706 5716 5829 6056 6403 6609 6774 6843 7169 7506 7669 7742 8485 8668 8689 10234
245 1013 3023 5363 6734 7426
246 53 115 941 2091 2132 3289 3391 6452 6766 7499 7603 7726 7908 7910 8148 8274 8427 8432 8610 8905 9218 9261 9429 9431 10499
247 3163 4330 4817 5236 7021 7260
248 6892 8310 8814 8843 8976 9024
249 402 432 509 608 700 3702 4143 8038 8199
250 659 1063 2470 2764 3101 4058 4210 4300 4656 4834 4940 5114 5372 5416 5484 5542 5596 5827 6053 6096 6231 6243 6313 6665 6860 6998 7115 7156 7305 7607 9044 9135
251 3218 7474 8945 9305 9334 9513
252 241 7623 7969 8036 8067 8168 8773 8866
253 156 929 1522 1790 1879 2545 3772 4117 4261 4448 7055 8712 8818 9569 9805
254 3141 3274 5426 5944
255 6734 8065 8278 8629 8770 8841 8860 8935 8941 9021 9022 9062 9103 9194 9196 9244 9427 9624 9836 10090 10170 10421
256 3806 9158 9470 9566 10107
257 3497 4556 6004 6073 6489 6745
258 574 575 612 3053 3097 3154 3155 3326 4938 6921 7230 8474 10126
259 138 2659 4097 4653 5505 6734 8638 8742 9699 9758 9794 9924 9998 10042 10224 10301 10486 10512 10547 10662 10719 10787 10903
260 3201 3204 3900 4498 4859 5214 5726 6972 7271 7556 7749 8230 8600 8682 8757 9538 10016 10096 10179 10248 10395 10646
261 917 1299 1300 2850 7941 8679
262 3287 8448 9104 9998 10301 10389
263 280 844 861 1393 1469 1473 1656 1869 3514 4923 5492 6538 7129 7205 7304 7356 7429 8654 8846 9142 10477
264 2796 3694 4312 4425 4738 5459
265 276 745 820 1453 1892 2244 3238 4243 4540 4740 5202 6128 7886 8424 9268
266 222 229 300 323 324 594 671 752 753 836 844 879 960 972 1103 1149 1284 1601 1756 1795 1837 1881 2046 2138 2510 2583 2619 2659 2683 2687 2945 3310 3424 3497 3499 3517 3521 3680 4692 5380 5447 5821 5946 6025 6288 6594 6704 7205 7971
267 827 1486 7325 8617 8982 9387 9561 9982 10417 10864
268 2726 4284 4759 5429 6976 7273
269 897 1640 2451 2513 2762 2763 3860 3891 7084 7359 7544 8854 9397
270 7250 8478 9373 10499 10588 10660 10733
271 391 2781 3027 4370 5531 8977 9310 9429 9982 10430 10638 10657 10696
272 142 1998 3517 3528 5650 7113 8376 8761 9150
273 2636 4349 8217 8922
274 829 831 1106 1133 1315 1453 2992 3327 4481 4574 4597 4729 4864 5625 5986 6384 7374 7550 7614 7740 9174 10787
275 1171 3538 5038 6407 6429 6585 6610 7774
276 5886 5981 7451 9064 10255 11023
277 2028 2245 2926 3187 7425 9406
278 391 600 654 834 1446 1978 2933 2947 3154 3155 3312 3338 3343 3357 3393 3919 3948 4214 4494 4737 5127 5128 5129 5450 5967 6000 6207 6503 7235 7688 7714 7854 8676
279 5887 6407 6429 6596 6933 7007
280 145 262 646 1166 1496 1842 1892 2425 2907 3208 3221 3429 4461 6471 6852 7682 8613 8916 10967
281 2911 5040 5301 5342 5859 5959 9000 10160
282 5285 5533 7439 7555 10586 10587
283 6324 6918 8563 9212 10360 10430
284 184 785 2845 5732 7015 7048
285 917 1216 2589 4753 9045 9109 10018 10037
286 5599 5695 5906 6333
287 225 232 5256 6460 6527 7150
288 145 160 216 533 550 552 553 557 579 944 969 978 1018 1400 1435 1440 1488 1902 2145 2185 2227 2395 2405 2626 2706 2877 2921 2939 2943 2954 2962 2971 3005 3081 3082 3083 3096 3127 3334 3407 3549 3646 3869 3876 4115 4129 4131 4171 4218 4318 4557 4993 5015 5262 5452 5734 6164 6265 6300 6378 6668 6718 7165 7684 7766 8019 8236 8395 8630 8795 8866 9484 9528 9646 9798 10048 10049 10120 10181 10235 10244 10290 10419 10460
289 1447 1528 1636 1647 1731 1739 1999 3561 4467 4790 4817 4866 4936 5116 5270 5435 5604 5943 6414 6433 6722 7434 7910 8655 8911 9400 10041
290 146 3995 9834 10806
291 560 651 744 979 1038 1058 1148 1166 1203 1292 1555 2033 2039 2064 2094 2531 2544 2554 2771 2883 3066 3237 3268 3314 4096 4877 5110 5213 5725 5787 5964 5978 6797 6840 6885 7000 7915 7952 8148 8593
292 1763 1904 2525 4129 5438 7020 7198 7831 10279
293 2557 2600 2734 3618 3711 3968 5935 5965 6103 6271 6409 6463 6630 6923 7774
294 2057 2058 2069 2393 2394 4513
295 470 476 740 1901 5426 5944 7592 9836 10086
296 1097 3159 5296 8814
297 476 479 2155 5192 6159 8990 9263 9365 9399 9433 9476 9489 9666 9706 9717 9740 9746 9870
298 154 2116 2268 2298 2359 2457 2827 3065 4821 6686 6943 7507 7749 8267 8382 8383 9483 10134
299 6518 8592 8812 9275 9512 9647 10197
300 5 119 565 717 1089 1106 1922 2057 2058 2399 2567 2568 2571 2585 2596 2721 2795 2854 3044 4163 4810 4872 4873 5129 5982 6124 6244 6341 6725
301 392 886 1127 1956 3618 4896 6471 6622
302 1363 1715 2070 3026 3234 3277 4894 8991 9807
303 844 1668 1706 3512 3577 3991 5236 5375 5702 6417 6446 6490 6491 6831 7056 7060 7410 7429 7806 8339 8340 8516 8533 8624 8943 9054 9056 9420 9450 10402 10557
304 979 5827 6471 6951 7020 7277 9327 9407
305 423 669 1077 1818 2111 3080 3201 3558 3599 3847 3927 4055 4108 4267 4273 5214 5865 5878 5891 6154 7230 7288 8947 9538 9806 10879
306 6 383 3810 4744 4770 5604 6122 6569 7837 8611 8784 9071 9290 9525 9555 9572 9823 9921 10191 10433 10696 10999
307 474 8400 9019 9118 9733 9786 9801 10971 11009
308 1208 2246 2293 8674 9466
309 669 670 1777 1782 2602 2683 2711 2770 3069 3546 3910 4214 5598 6379 7122 7583 8806 9121
310 19 1237 1487 1566 2895 3256 3750 3764 4096 4729 4853 4865 5709 6166 6229 7976 9927 10641
311 110 600 796 1292 1303 1356 2070 2205 2390 2392 2393 2755 2883 4877 5563 6033 6131 6138 6220 7450 7683 8383 9345 10719 10940
312 176 185 199 272 1317 1467 1509 2288 2293 2294 2295 2367 2398 2442 2444 2598 2796 3165 3552 3553 3661 3690 3694 3708 3719 3767 3983 3986 3987 4224 4279 4382 4617 4884 5214 5647 5726 6059 6704 7120
313 1447 1968 2159 2288 2302 4362 6533
314 81 157 168 545 839 1036 1375 1441 1447 1778 1840 2227 2287 2302 2320 2594 2604 2675 2834 2983 3082 3085 3090 3096 3364 4695 5174 6193 8236
315 2621 2815 5425 6777 7654 8159 8764 9103 9355 9526
316 2082 3578 8463 8759 8998 9598
317 833 2180 3227 3467 5063 6375 6435 10313 10584
318 2407 2746 3920 5154 10804
319 600 3023 9501 9791
320 5318 7002 8314 8533 8584 8675 8774 9595 9931 9932
321 4770 5236 5666 5714 6011 6141
322 3045 4916 4949 5172 5483 6330 7008 7618 7633
323 738 2668 2769 4883 5636 5947 6243 6564 8295 8743 8760 8965 9296 9429 9485 9575 9715 10121 10134 10140 10190 10240 10660 10690 10715
324 3981 4436 7117 7258
325 2057 2058 2100 2179 2196 2217 2270 2288 2338 2341 2390 2394 2399 6160 8014 8365 10084
326 26 834 1036 1214 1314 1557 1660 1796 2632 2684 3342 4454 5126 5127 6937 8240 8394 8483 8530 9303 9908 9909 10076
327 7633 9791 10517 10546
328 208 761 762 784 908 928 930 935 1602 1684 2265 2870 2937 3013 3014 3015 3016 3018 3021 3023 3168 3254 3280 3600 3633 3733 3744 3748 3750 4418 4652 4733 8259
329 6585 7111 7276 7571 8425 8585
330 505 827 1624 2157 2933 4350 4886 4896 5394
331 2818 6137 6303 10486
332 671 1613 2014 2056 2064 2635 2975 3587 3663 3811 3842 5214 5787 5799 6246 6478 6616 7499 7677 7973
333 515 4748 6533 7054 8120 9363
334 66 745 1125 1282 1379 1494 1686 2934 3618 3988 4485 4896
335 209 646 6210 9772
336 145 628 791 882 958 963 1040 1044 1096 1155 1184 1369 1520 1977 2157 2172 2207 2296 2297 2304 2351 2429 2436 2470 2490 2504 2523 3154 3246 3258 3271 3375 3435 3464 3912 4041 4208 4247 4263 4714 5438 5552 5806 6154 6363 7271 7517 7684 7770 7879 8703 9037 9139 9213 9218 9309 9464 9597 9771 10475 10612
337 299 945 1311 1433 1778 2859 3079 4205 4273 5479 5644 6264 6417 6736 7278 8274
338 2659 2953 6352 8094 9245
339 85 157 380 1447 1687 1725 1747 3335 4353 4581 4908 5513 5675 5740 6152 6160 6193 6199 6216 6355 6386 6581 6585 6658 6676 6886 6948 6983 7049 7053 7554 7563 7576 8132 8194 8312
340 4517 5030 5457 5477
341 1879 2831 2924 2979 4085 4179 4745 5867 8100 8834 9755 10457
342 137 905 1743 1778 2017 3488 3538 6679 7565 7717 7764 8168 8274
343 113 148 673 934 1014 1196 1197 1860 2461 2589 2722 3404 3535
344 509 845 1398 1505 1688 1740 2528 2760 3342 3961 3968 3974 4115 4122 4146 4341 4348 4421 4528 4750 5126 5161 5348 5641 5711 6259 6371 7774
345 7536 10332 10493 10574
346 4155 6112 7669 7742 9231 9470 9679
347 300 716 753 1103 1795 1815 2512 2572 2620 2912 2956 3034 3036 3533 3738 5547 7403 8269 8285 8526
348 2847 2868 3628 4641 4880 5058 5374 5798 5849 5850 6133
349 2926 3722 5023 6664 6678 7362 7576 8725 9030 9439 9616 10022
350 1624 1979 3212 7276
351 241 299 383 384 403 415 429 604 937 1311 1599 1600 1841 1842 1880 1882 1984 2108 2111 2148 2268 2286 2398 2430 2451 2456 2466 2511 2514 2519 2520 2525 3485 3490 3726 3843 3954 4987 5174 5266 5434 5438 5608 6943 7382 7921
352 912 5986 7661 8986 9127 9344 10027
353 1905 4653 8254 9187 9739 9758 9865 9914 10463
354 38 2067 2080 2661 2731 2850 3209 4161 4630 4661 4818 4897 4956 5085 5117 5161 5165 5310 5339 5340 5401 5404 5407 5421 5454 5461 5479 5527 5599 5622 5627 5778 5815 5873 5887 5906 5927 5976 6167 6394 6447 6767 6884 6908 7065 7078 7178 7402 7444 7530 7548 7715 7727 7811 7910 8064 8136 8211 8283 8694 8715 9150 9178
355 9535 9920 10006 10017 10351 10640 10686 10731
356 564 745 964 977 989 994 1001 1024 1110 1436 1478 1510 1632 1949 2312 2487 2882 3027 3073 3185 3416 3442 3592 3891 4157 4425 4849 4917 5078 5334 5638 5843 6164 6812 7684 8017 8630 8934 8947 8974 9133 9421 9498 9516 9643 9810 9862 10120 10146 10379 10395 10419 10571 10764 10946 10988 11019
357 388 7343 8615 9571 9984
358 1181 1834 2394 2506 6331 9373
359 157 509 1133 1208 1315 1387 1740 2659 3577 3578 4750 5625 5886 6193 6585 6718 7002 7122 7204 7292 7325 7509 7685 7725 7791 7989 8064 8192 8262 8381 9155 9174 9322 9471 9943 10042 10052 10301 10417 10510 10547
360 4234 4457 4465 6083 6622 8344 10877
361 133 507 592 3173 6152 6761 7488
362 2180 2241 3447 7717 8366
363 2419 3246 3247 3289 3390 3955 3976 5681 6472 6780 7338 7831 8492 8581 8990 9051 9109 9261 9279 9576 9648 9699 10085 10350 10430 10486
364 833 2020 3277 5398 5640 5886 7476 9340
365 933 986 1820 2013 2332 3917 3974 4450 4526 4625 6273 9040
366 271 332 674 944 1235 1961 2287 2302 3051 3083 3096 3607 3609 3917 4466 6040 6150 6712
367 4554 5451 5458 5625 5952 6270 6319 6585 6630 6661 6775 6827 6893 6906 6912 7005 7045 7325
368 736 1208 1263 1293 1315 1501 1987 2049 3515 3518 3568 3578 4888 4980 5474 6087 6431 6866
369 485 658 1285 1382 1412 1571 1844 1954 1998 2203 4336 5556 5751 8376 8404 8615 9130 10447
370 455 2074 2772 6822 7948 10075 10245
371 3336 4598 4707 5068 5950 9103 10389 10486 10546 10787
372 148 1212 1377 2000 2044 2109 2130 2420 3663 3668 3740 3832 4409 4482 4973 5162 7204 7759
373 1348 2360 5192 5598 7283
374 3811 8978 9455 9856 9963 9967 10085
375 297 298 299 300 306 333 334 336 337 344 392 2365 3401 5009 6306 6365 6462 6826 8289 9453 9494 9835 9964
376 25 157 470 476 485 525 547 549 617 668 684 693 757 869 873 881 1063 1160 1210 1282 1419 1447 1473 1521 1523 1663 1702 1704 1735 1772 1837 1840 1882 1912 1959 1962 1968 1970 1982 2011 2015 2069 2079 2157 2207 2227 2231 2246 2253 2276 2288 2293 2295 2302 2310 2387 2393 2394 2396 2483 2486 2490 2514 2516 2517 2537 2575 2585 2630 2636 2656 2721 3040 3163 3305 3560 3641 3673 3675 3761 3810 3995 4038 4039 4063 4126 4226 4227 4228 4263 4327 4330 4361 4362 4411 4483 4513 4688 4793 4797 4817 4866 4879 5002 5044 5078 5084 5105 5188 5197 5264 5371 5378 5390 5431 5435 5513 5604 5620 5644 5710 5729 5775 5941 5954 5987 6053 6096 6122 6154 6193 6301 6354 6372 6493 6544 6668 6675 6685 6713 6740 6747 6761 6798 6857 7053 7163 7168 7176 7260 7366 7381 7382 7394 7567 7590 7666 7752 7756 7801 7996 8528 10716 10717 11017
377 580 3198 3904 4164 5653 7567
378 388 485 749 1210 4538 5604 5862 6103 6158 8088 8194
379 1250 1809 3560 3689 4226 4228 6542 8633 9150 9368 10025 10384 10506 10577 10643 10658 10703
380 1893 3085 3364 3466 5337 6493 6528
381 979 1642 6839 7730 7965 8554 9513 9524 10430 10512 10657
382 61 201 502 1232 2470 3114 3547 6693
383 391 2070 7995
384 356 391 451 1957 2180 2185 2892 3168 3228 3323 3357 3407 3419 3420 3425 3440 3475 3811 4472 4474 4674 4785 4791 4992 5233 5569 5767 5866 5886 5950 6229 6287 6511 6519 6738 6784 6785 6836 6838 6844 7066 7133 7180 7219 7391 7525 7574 7728 7734 7818 7931 8299 8368 8424 8429 8530 8634 8638 8649 8729 8764 8826 8907 8975 9006 9118 9151 9355 9576 9630 9756 10127 10181 10481 10496 10546 10911 10919
385 89 150 393 893 2067 2637 2676 3079 3080 3551 3552 3553 3708 3710 3816 3817 3861 3969 4144 4446 5168 5319 7120
386 1 871 1680 2305 2309 2485 4683 4827 6835 6988 7118 7598 8600 9961
387 41 1905 2127 2446 6650 6830 7699 8254
388 18 39 48 582 591 661 738 942 1208 1211 1601 1685 1820 2116 2131 2437 2519 2520 3252 4653 5741 6514 6522 7214 7879 8047 8220 8478 9015 9758 9868 10294 10379 10429 10629
389 4115 5691 5829 7581 8417 9200 9366 9537 9817 10548
390 1064 1105 1131 1160 1419 1671 1807 2394 2435 2480 2489 2497 2517 2563 2575 2656 2932 2962 3144 4362 4933 5646 5775 5862 6131 6395 6637 8395 8669 8724
391 39 8188 9293 9670
392 5563 5846 9227 9386 9407 10383
393 179 477 479 480 1359 1390 1391 2157 2168 2182 3564 4232 4336 8361 9090 9365
394 189 1265 1805 1806 2053 2354 2389 4046 4825 5219 6166 6515 7466 7819 8530
395 740 3520 7378 7482 7606 8325 8406 8463 8673 8779 8872 10079 10383
396 36 1304 2063 2356 2383 3810 4817 6122
397 265 4614 5246 7510 8104 8583 8641 8675 8775 8894
398 72 745 4717 6623 7937 9176 9490
399 2926 3360 3365 4894 5077 5438 9480 10131 10742
400 34 3274 3811 5886
401 5239 5920 5963 7317 7801 8139 8473 9303 9545 9743 9812 9851 10017 10029 10057 10072 10090 10161
402 1011 1121 1155 2409 2547 2548 2743 2744 3086 3128 3158 3173 4390 4473 4943 5569 5578 6201 6210 6329 6342 7245
403 1238 1263 1503 2909 2989 4952 6067 6167 7685 8136 8262 9663 10547 11023
404 250 2583 2619 2658 4585 5317 5400 7480 8468
405 556 877 1948 1965 3402 3473 4370 6696 7269 7308 7730
406 8396 8611 9717 10054 10520
407 3997 4661 4770 5510 5604 5815 6103 6486 6954 7010 7539 7678 8430 8433 8982
408 1196 1197 4214 5998 6466 8235 9941
409 1158 1213 3068 3116 3468 5206 5222 6434 8468 8862 9223 9424 9596 9602 9671 9686 9701 9723 9845 10318 10524 10552 10866 10957
410 905 920 1880 2286
411 2286 4129 8423 9558 9643 10026 10345 10443 10967
412 4084 5020 5161 6018 6167 6333 6389 7811 8064 8216 8679 8727 9000 9510 10211
413 1892 2143 3208 10430
414 312 313 323 2108 8415 8498 9625 10647
415 381 1757 6004 6316 6489 7013 7054 7067 7801 8097 8243 8734 9275 10017
416 305 578 701 792 1022 1238 1614 1920 2131 2318 2437 2470 2486 2571 2661 2801 3068 3184 3404 3635 4047 4052 4237 4252 4549 5161 7426 8136 8294
417 1882 1901 3357 3948 4708 5438 6822 9082 10453
418 4460 5493 7068 8792 9608 10669
419 617 1255 1347 2726 5572 5803 8258 8835 8844 9153 9571
420 476 479 2160 2765 2766 6643 7591
421 2320 2547 2548 2559 2678 3445 5886
422 290 545 627 672 1434 1778 1780 2812 3210 3231 3707 3932 4120 4615 4897 4966 5168 5424 5741 5815 6055 6094 6105 6177 6190 6247 6366 6447 6556 6574 6727 6884 6942 6957 7146 7164 7217 7349 7350 7404 7412 7434 7486 7501 7548 7563 7576 7692 7839 7850 7857 8041 8147 8160 8471 8554 8897 9536 10674
423 212 823 1605 1635 1765 1890 2934 2955 3072 3616 3737 4644 5057 5116 5236 5534 5741 5847 5897 5935 6066 6259 6324 6428 6530 6624 6629 6651 6666 6733 6742 6788 6789 6832 6856 6913 7016 7232 7236 7249 7252 7400 7487 7511 7763 8073 8134 8745 9199 9446 9762
424 1106 1375 1593 4425 6696 6875 7750
425 190 3121 3821 5090 5168 5700 6676 6886 7232 8231 8692 9096 10017 10062 10233 10358 10368 10495 10538 10863
426 993 1044 2590 3061 3082 3083 3085 3090 3167 5121 5354 5852 5855 6572 8236
427 893 1432 1818 2864 2889 2893 3142 4444 6142 6607 7947 8127 9042 9090 9385 9476 9479 9536 9575 9715 9833 10890
428 2856 3716 4152 8924 9804 9946 10334
429 115 1075 1093 1182 2904 2905 4290 5343 5412 6219 7230 7597 8171 8795 9868 10124
430 665 1882 2562 2622 4900 5296 5300 5755 9542 9810 10432
431 140 142 1044 1076 1092 1118 1147 1173 1332 1386 1838 2166 2167 2219 3296 3811 5430 5738 6329 6846 7315 7879 8850 10134 10174 10214 10348 10350 10517 10725 10830 10856
432 270 280 627 892 898 899 1527 1631 1656 1706 1877 2049 2407 2691 2945 3038 3153 3165 3299 3301 3322 3497 3499 3578 3972 4023 4365 4519 4669 5171 5342 5702 5717 5898 6222 6325 6607 6652 7169
433 5236 5768 5853 6213 6248 6374 6407 6416 6420 6744 6746
434 26 1077 2932 3655 3689 9994
435 745 918 2726 2957 3361 3362 3769 3975 4370 5163 7732 8531
436 2379 7606 8587 8886 9428 9577 9603 10752 10985
437 947 965 969 1602 2600 2603 3311 3326 6921
438 157 1063 1447 1866 2811 4786 4813 5270 5312 5349 5604 5615 6008 6048 6103 6193 6364 6585 6689 7142 7201 7212 8538 8721
439 141 1036 1147 1314 2555 3080 5408 7262 8280 8575 8780 10035 10707
440 96 905 1179 1411 1604 1778 1780 1896 2116 2430 2444 2600 2603 2961 3053 3083 3666 4139 4196 4273 4662 4777 5901 6127 6556 6572 7470 7810 8290 8932 9994 10879 10892
441 4353 5270 5740 5923 5944 6671 6751 7352 7622 7704 7751 8079
442 196 562 1812 1839 6126 6948 9376 9637 9700
443 1088 1120 1133 1158 1544 5342 5509 5625 6552 6781 6894 7460 7513 7568 7610 7725 7726 7749 7751 7791 7846 7872 7915 7977 8264 8432 8447 8580 8868 9359 10418
444 0 528 531 1255 1892 2933 6690 7780 8035 9480
445 856 1250 1436 1968 2000 2021 2534 2561 2585 2636 2784 3299 3869 4032 4163 4873 5439 6301 6570 6679 7464 7567 8298 8480 8503 8761 8923 9049 9687 10317 10368 10434 10477 10591 10672 10740 10781 10829 11029
446 190 1838 2542 2761 3096 6194 7774 8880
447 499 504 505 506 565 660 743 2227 2286 2287 2396 2398 2399 3349 5540 5541 8692 8702 9952 10074 10471 10659 10750
448 525 634 858 1164 1825 1882 2073 2148 2275 2781 2926 3367 3411 3547 5105 6032 7126 7200 8990 10073
449 183 4739 9178 9312 10041
450 1113 1250 1433 2087 2398 2399 6684 7336 10136 10466 10832 10893
451 157 1036 1063 1071 1852 2390 3085 3221 3538 5231 6193
452 2858 4920 5729 5941 6053 6096 6301 6761
453 1036 1137 1147 1214 4458
454 1077 1147 1557 2176 2563 10371
455 908 1106 2307 2309 4352
456 3179 3186 7431 8863 9323 10430
457 862 4687 5672 8460 8678 9117 9156 9328 9535 9587 9762 9920 9980 10078 10241 10486
458 54 199 1880 1928 2293 2420 2572 2699 3085 5576 6076
459 308 1574 2266 2322 3043 4379 7478 8390 8468 8613 9749 10322
460 5293 6471 7948 8936 10869
461 300 3031 5108 5994 6008 8388 9574 10109 10512 10548
462 391 519 2445 4059 5963 8575 10235 10605 10714 11037
463 26 1147 3390 3560 3687 4563 5404 5876 6355
464 827 1027 1234 2106 2430 3143 5742 5767 6674 7278 7583
465 738 2668 3020 7018 9433
466 5500 6035 6116 6395
467 216 1582 1879 3478 7558 9246 10121 10305 10323 10576
468 1600 2606 3449 4729 7269 8020
469 216 1058 1064 1094 1333 1487 1601 1805 1806 1829 1912 1913 2592 2873 3462 3549 6622 6848 8504 10676 10680 10764 11017
470 190 2637 2639 4314 5310 5978 6463 6786 7774
471 1852 5538 7033 8466
472 26 273 469 521 1044 1147 1212 1214 1282 1433 1588 1686 1708 1781 1856 2038 2355 2515 2827 2856 2926 3231 3298 4295 4342 4370 4556 4943 5568 5941 5952 6261 6269 6285 6585 6761 7366 8365
473 2312 4849 6983 8999 9285 9344 9561 9699 10430 10696
474 3535 6595 6674 7089 7102 7137 7342 7592 7614 7661 8053 8151
475 34 215 216 1053 2129 2517 3546 3547 3549 4061 5738 5956 6662 6776 7654
476 2286 3734 4910 5404 8863
477 5843 7434 8585 8599 9530
478 1143 1684 6091 6996 8672 9327 10867
479 10192 10241 10268 10277 10357 10587 10608 10630 10651 10676 10680 10701 10711 10722 10736 10742 10743 10752 10761 10764 10766 10774 10778 10831 10846 10860 10866 10875
480 3904 8310 8483 9303 9311 9398 10897
481 4987 7006 8531 9115 9543
482 485 2051 3511 4690
483 6751 6858 7000 7328 7424
484 2254 3946 3947 4042 4048 4065 4125 4186 4310 4672 5092 5463 5811 6349 6710 7050 7241 7401 7452 7627 8147 8346 8454 8667
485 966 1935 1939 5951 7385 8320 8356 8623 10548
486 755 1487 2581 3086 3989 4785 5015 5574 6848 7257 7298 7610 8447
487 570 3054 4589 6902 7230 9097
488 980 1161 2659 3891 5505 7122 8309
489 1779 2075 2269 2450 3080 5296 5376 5459 6074 6105 6668 7150 7278
490 1487 1536 2230 2290 3065 3967 5531 5534 5570 5640 6049 6168 8389
491 1384 2890 3361 3362 5227 5506 5986 8826 8990 8991 9023 9219 9360 9371 9432 9452 9570 9580 9661 9807 9888 9989 10088 10279 10293
492 1208 1315 1948 2731 3086 3121 3157 4582 6037 8617
493 7068 7091 7577 7780 8325 8406 8742 10421
494 418 1963 2265 2413 5315 5608 6332 7400 7459 8253 9403 10004 10464
495 917 1218 2419 4618 7515
496 5792 6103 6294 6654 7201 7496 8737 8971 10512
497 1812 5505 7204 8210 9526 11031
498 38 1778 2050 3686 4836 4936 5234 5815 6264
499 7054 8338 8359 9783
500 41 1551 1599 2748 3249 3351 3558 3732 4342 5907 8239
501 3227 3945 9397 9470 9964
502 5 1660 4791 5363 5690 5876 9270 9535 9543 9545 9574 9772 9782
503 1299 1300 5209 6138
504 5053 7002 7147 8533 8557 8730 9056 9079 9273 9316 9322 9602 9799 9821
505 1118 1882 2387 2517 2735 4295 5239 6387 6445 7723 8866 10538
506 1845 1982 2311 7126 7196 7533 8321 9214 9670
507 2777 5146 5778 6530 6651 6953 9292 10081
508 781 785 823 1147 1636 1741 1761 1902 1994 2015 2032 2069 2089 2257 2312 2398 2436 2469 2483 2517 2645 2873 2879 2910 2954 2962 3010 3040 3064 3065 3139 3144 3163 3597 3721 3733 3912 4218 4287 4345 4503 4713 4714 4745 4828 4849 4908 5055 5628 5641 5684 5768 5823 5836 5904 6377 6734 6773 7035 7356 7673 7774 8194 8395 8600 9047 9193
509 29 40 112 229 269 441 512 610 627 755 1021 1087 1133 1208 1278 1315 1344 1360 1371 1384 1387 1472 1477 1481 1503 1530 1544 1618 1641 1681 1694 1697 1714 1729 1730 1740 1764 1772 1843 1846 1904 1906 1914 1923 1934 1957 1963 1973 1975 2003 2034 2037 2039 2040 2047 2050 2064 2067 2080 2081 2206 2225 2277 2334 2336 2344 2352 2463 2531 2564 2659 2696 2711 2731 2793 2801 2833 2834 2842 2850 2927 2936 2945 2960 3208 3216 3219 3220 3303 3313 3332 3656 3702 3711 3892 3935 3964 4120 4139 4172 4278 4308 4326 4344 4348 4417 4504 4635 4638 4639 4682 4705 4732 4768 4775 4836 4847 4877 4883 4890 4905 4912 4975 4985 5008 5098 5117 5160 5165 5218 5238 5280 5303 5332 5346 5380 5384 5391 5401 5404 5405 5423 5454 5481 5494 5509 5516 5531 5553 5563 5573 5583 5599 5607 5618 5625 5627 5636 5642 5657 5691 5693 5695 5776 5781 5832 5883 5923 5938 5950 5994 6097 6113 6186 6220 6283 6292 6320 6333 6366 6367 6402 6433 6457 6469 6472 6495 6723 6966 7020 7028 7048 7072 7087
510 2385 4218 4567 5046 5971 9764
511 2258 2339 3904 4374 4411 5653 6354
512 149 199 520 707 710 738 819 879 922 987 1025 1036 1097 1162 1164 1191 1234 1433 1852 2131 2294 2295 2351 2488 2515 2519 2520 2622 2778 3001 3002 3462 3715 3911 3938 4038 4040 4060 4226 4227 4228 4330 4362 4468 4757 5044 5424 5438 5699 6007 6158 6191 6271 6515 6708 7033 7304 7310 7348 7863 7913 9029 9400 9736 10040 10597 10619 10856 11015 11030
513 305 4161 4252 5202 5348 6105 6529 6796 7651 8194 9423 9661 9790 9897 9958 10205 10245
514 266 1346 1363 3297
515 589 2914 3926 4076 4618 5363 5538 5632 5838 5950 6161 8955 10241
516 1440 2087 2605 2809 3891 4447 6709 7112 8179 8403
517 565 1036 1077 1147 2477 2486 6160
518 123 188 368 369 370 372 475 485 588 748 1223 1252 1262 1357 2159 2200 2201 2239 2254 2400 2401 2784 3170 3520 3786 3798 4119 4138 4156 4167 4175 4269 4286 4294 4339 4366 4593 4878 4967 4969 4971 5092 5101 5186 5259 5500 5724 5913 6264 6404 6426 6483 6486 6531 6551 6597 6646 6647 6733 6741 6742 6747 6787 6860 6914 6931 7010 7134 7139 7156 7179 7232 7236 7240 7264 7302 7356 7360 7361 7401 7409 7542 7579 7627 7634 7665 7678 7767 7768 7928 7929 7974 8087 8099 8251 8261 8304 8332 8393 8413 8418 8430 8690 8805 8954
519 607 645 668 1393 1473 1964 1986 2030 2393 3121 3570
520 232 340 381 391 445 577 600 745 979 1045 1052 1072 1077 1205 1241 1700 1960 1971 2265 2324 2327 2345 2355 2377 2380 2553 2636 2682 2726 2752 2760 2826 2926 2963 3167 3171 3188 3277 3634 3637 3968 4254 4653 4742 5465 5525 6060 6261 6562 7699 8823 9255 9758
521 5004 5486 6085 9610 10476 10846 10869 10976
522 5 266 339 360 384 429 630 893 900 920 1002 1208 1264 1641 1694 1745 1746 2416 2527 2899 2922 3221 3235 3725 4397 4603 4684 4732 5169 5285 5364 5666 6195 6924 7020 7067 7138 7439 7831 8282 8580 8919 8980 9390 9407 9699 10052 10401
523 1218 4717 4865 6643 9422 10548
524 470 1063 1789 2154 4013 5214 5300 6972 8839
525 1388 3244 5686 5866 6245 6776 7737 8197
526 1913 2196 2391 2457 2924 2979 4158 6511 8267 9485 10481 10596
527 1968 1994 2015 2393 2394 2408 2514 3145 3512 3517 4616 5375 6387 6445 7382
528 1492 1498 1514 1531 1638 4136 4683 6969
529 1243 5044 5579 5971
530 2077 3227 5116 5534 5741 6144 6285 6342 6412 6525 6530 6585 6588 6683
531 1767 1878 1919 2185 6411 7713 9213
532 718 2083 2527 2877 5097 5681 5755 6104 7165 7473 7708 7737 7909 8445 9289 9862 10339 10484 10500 10570 10646
533 175 2473 3154 3155 7230 8034 10124
534 139 166 168 399 419 438 445 509 604 701 733 734 1002 1044 1097 1125 1156 1206 1212 1232 1236 1245 1282 1304 1345 1494 1504 1648 1686 1829 2265 2317 2884 3077 3088 3089 3090 3115 3136 3147 3154 3155 3235 3871 4050 4099 4386 4401 4459 4905 5307 5519 5623 5634 5661 5925 5997 6145 6162 7017 7073
535 59 602 606 621 920 923 926 1576 1577 1579 1603 1604 2014 2015 2096 2116 2117 2118 2142 2227 2268 2286 2287 2290 2302 2332 2391 2393 2394 2401 2408 2462 2962 3046 3083 3085 3090 3096 3433 3435 3436 4866 5100 5157 5435 5644 5711 8389 8395
536 26 141 2434 2441 2519 2520 2555 2622 2814 4597 6707 7879 9301 9716 9810 9941 9978 10126 10134 10294 10379 10505 10572 10623 10718
537 668 738 1208 1859 2169 2193 2690 2881 3147 3157 5307 5339 5340 5407 5965 9442 9535 9754 10321 10554 10568 10886 11023
538 677 1517 4071 4637
539 3919 7198 8963 8999 9002 9534 9543 9924 10065
540 2244 4387 4585 7314 7480 8349 8400
541 12 61 325 681 718 879 921 933 937 939 946 951 1218 2162 2287 2412 2425 2427 2428 2431 2471 2502 2602 2786 2870 2907 3084 3085 3090 3096 3155 3238 3250 3307 3353 3357 3435 3437 3438 3543 3614 3621 3885 3963 4027 4096 4471 4494 4532 4843 5166 5998 6119 6423 6785 6902 6926 7293 7468 8034 9378 9580
542 64 80 233 238 449 552 1096 1299 1300 1346 1347 2230 2726 3353 3407 4061 4243 4399 5068 5139 5548 6000 6128 7160 7262 8205 8619 8825 8826 10744 10994
543 9 86 114 216 238 330 352 379 384 391 464 552 613 652 718 745 881 886 953 1123 1175 1322 1381 1402 1440 1459 1487 1570 1573 1592 1595 1598 1603 1821 1856 2087 2180 2227 2286 2290 2293 2294 2295 2353 2434 2440 2441 2448 2472 2477 2486 2487 2590 2599 2604 2609 2613 2698 2929 2965 2974 3069 3081 3082 3083 3085 3090 3118 3300 3352 3379 3392 3393 3416 3486 3487 3490 3502 3535 3537 3599 3717 3780 3863 3975 4028 4080 4115 4143 4168 4260 4315 4389 4443 4461 4465 4664 4689 4846 4881 4914 4915 5010 5045 5105 5123 5131 5251 5361 5378 5597 5665 5670 5743 5803 5856 5886 5928 5950 5963 5971 6154 6201 6229 6482 6504 6565 6668 6673 6682 6693 6840 6842 6885 6932 6969 6976 7066 7074 7219 7230 7336 7515 7574 7618 7790 7886 8236 8389 8398 8463 8469 8483 8682 8773 9448 9619 10671 10741 10832
544 413 2319 4441 7363 7459 7515 8483 8721 9568
545 3054 3097 5930 7014 7477 8325 8406
546 2348 3904 5322 5653 5704 5806 5909 5941 6053 6096 6468 6543 6646 6761 6846 7157 7168 7255 7849 8087 8327 8435 9044 9050 9409 9766 9969 9981 10023 10025 10147 10825
547 3292 3679 4112 4586 5886 6504 6841
548 5 49 60 104 140 141 147 149 153 157 174 190 214 216 238 257 258 295 296 297 298 299 300 306 311 322 328 333 334 336 339 380 391 417 442 460 461 462 463 465 466 493 515 530 533 546 549 577 597 598 600 613 674 683 696 697 698 699 732 735 738 794 797 941 972 993 1004 1005 1025 1027 1028 1036 1041 1044 1049 1052 1063 1065 1070 1077 1097 1109 1120 1125 1127 1133 1154 1156 1158 1172 1173 1175 1189 1190 1196 1197 1208 1212 1221 1236 1242 1282 1309 1311 1315 1324 1332 1335 1377 1387 1398 1447 1493 1499 1544 1647 1658 1660 1700 1704 1705 1706 1772 1840 1863 1889 1905 1919 1933 1947 1956 2073 2095 2150 2193 2227 2280 2286 2287 2288 2290 2293 2294 2296 2300 2302 2323 2328 2396 2398 2399 2430 2441 2447 2450 2453 2456 2457 2458 2459 2460 2461 2462 2466 2467 2499 2504 2524 2527 2528 2535 2556 2573 2590 2613 2616 2618 2621 2631 2636 2659 2660 2667 2671 2680 2691 2696 2701 2722 2724 2729 2747 2760 2790 2813 2826 2827 2837 2860 2867 2875 2876 2887 2896 2901 2962 2975 2977 2980 2989 3037 3045 3053 3054 3063 3069 3073 3079 3082 3083 3085 3090 3094 3096 3097 3125 3144 3145 3146 3154 3155 3289 3361 3362 3416 3433 3435 3436 3438 3483 3489 3528 3538 3542 3543 3544 3545 3546 3548 3549 3550 3560 3626 3634 3650 3663 3878 3905 3911 3944 3945 3991 4080 4093 4108 4176 4209 4254 4258 4341 4379 4385 4386 4406 4420 4426 4447 4466 4778 4821 4957 5009 5064 5117 5131 5166 5168 5174 5239 5255 5264 5310 5353 5354 5371 5528 5536 5546 5551 5552 5590 5603 5618 5627 5642 5665 5786 5849 5876 5886 5889 5963 5965 5993 6045 6139 6160 6171 6193 6195 6199 6200 6276 6291 6317 6370 6371 6462 6533 6585 6612 6941 7017 7019 7067 7133 7180 7372 7425 7458 7469 7521 7571 7583 7585 7741 7747 7774 7861 7955 8208 8236 8238 8254 8389 8395 8403 8893 9261 10124
549 2819 4186 4845 4999 5044 5308 5782 5871 6406 6424 6608 7690 7866 7922 7934 9844 10113 10148 10270 10271 10272 10367 10397 10770
550 60 386 388 391 506 525 677 1036 1063 1123 1214 1346 1347 1363 1557 1763 1852 1870 1905 1919 1929 1956 1971 2323 2355 2393 2528 2636 2682 2745 2926 4407 4736 4886 5287 5525 5569 5812 5866 6261 6798 6822 8254 8524 9153
551 1558 1694 2544 4414 4922 5986 7217 7374 7740 8531 9526 9574 9732 9989 10783
552 1694 5577 7020 7151 7324 7378 8325 8351 8406 8779 8792 9156
553 43 2690 2801 2850 4084 5043 5161 5641 6344 6389
554 28 39 330 391 1125 2317 3404 4509 4717 5755 6822 8188 9219 9536 9570 9775 10035 10129 11012
555 3246 5886 7509 8688 9425
556 3914 4056 10360 10936
557 9524 9533 9559 10548
558 1090 7053 7642 8597 9044 9282 9409 9411 9578 9988
559 759 1823 4612 9241 9321 9607
560 258 451 689 948 1406 1598 1604 1771 1924 2556 2599 3489 3717 3799 4179 4259 4275 5267 5865 6459 7171 8173
561 281 384 1877 3776 4023
562 3209 6908 7850 8283 9863 9903 10264 10296 10360 10739 10863
563 5 980 4865 5386 5601 7780 8806 9492 9574 9576 9677 9713 9879 9883 9980 9990 9998 10019 10167 10430 10496 10559 10560 10586 10719 10787 10850
564 8953 9442 9489 9526 9682 9786 9894 10027 10037 10337 10353
565 2563 2575 4206 8337
566 3098 4358 5696 7062 8239
567 1311 1599 1602 3096 5116 5168 5996 6199 6365 6407 6412 6429 6728 7489 7553 7831 9084 10866
568 1665 2288 2398 10417
569 691 2941 2977 3117 5479 7063 9022
570 3333 7677 7701 9295 9398 9717 9899 10072 10669
571 28 383 1100 1637 2616 5335 5522 7160
572 226 310 344 398 406 419 458 486 512 834 889 1133 1457 1487 1541 1544 1567 1612 1616 1639 1640 1714 1764 1768 1874 2074 2216 2222 2365 2614 2800 2832 2838 2918 2920 2949 3045 3116 3148 3172 3264 3294 3346 3428 3451 3461 3735 3980 4133 4147 4321 4337 4370 4433 4478 4502 4602 4604 4812 4968 5053 5095 5106 5136 5201 5207 5251 5318 5328 5380 5393 5437 5471 5480 5499 5509 5524 5552 5607 5618 5654 5673 5682 5720 5764 5772 5800 5932 5946 6021 6093 6117 6205 6209 6277 6289 6435 6440 6547 6653 6753 6850 6935 6944 7067 7093 7178 7439 7545 7647 7698 7728 7776 7824 7939 7961 8182 8273 8431 8452 8485 8526 8533 8568 8576 8658 8689 8719 8816 8832 8837 8853 8894 8908 8980 9000 9025 9079 9121 9131 9134 9158 9161 9200 9223 9230 9294 9366 9416 9420 9461 9535 9595 9596 9602 9652 9671 9686 9701 9723 9819 9821 9822 9826 9827 9830 9845 9851 9885 9895 9897 9932 10003 10046 10060 10064 10076 10077 10093 10107 10135 10187 10245 10253 10318 10349 10356 10359 10388 10428 10444 10454 10478 10490 10492 10524 10527 10561 10575 10589 10618 10645 10724 10737 10763 10767 10823 10828 10831 10836 10861 10910 10957 10961 11008 11018
573 1077 1147 1440 1778 3054 3079 3085 3090 5410 5459 5485 5998 6007 6105 6139 6143 6199
574 2090 2093 2094 3723 4647 5907 8148
575 429 2107 2525 3537 4598 7224 10460
576 395 3640 5225 10625
577 1105 4593 6878 6922 8669 9087
578 856 2768 2831 2839 3710 7957
579 156 504 693 1032 1178 1405 1732 1735 2134 2139 2140 2149 2214 2496 2523 3373 3462 3912 4165 4262 4678 4679 6388 7863
580 4080 7400 9340 10103 10832
581 216 307 890 921 929 1892 2332 2930 2940 3061 3490 4990 5045 5272 5363 5564 6032 6065 6202 6718 6768 6780 6821 7524 7684 8333 8712 8815 9038 9114 9132 9180 9299 9710 9805 9917 10181 10192 10267 10394 10438 10486 10546 10580 10684 10787 10830 10893 10905
582 2643 2826 5491 8895 10386
583 1010 1700 2699 4960 5205 5755 6471 7436 7440 7620 8826 8990 10531
584 3976 7364 8159
585 2459 2460 6262 6768
586 336 560 956 2136 3608
587 4408 4709 4925 5668 6275 6975 7516 7628 7972 8139 8309 8825 9743 10875 10876
588 644 1195 1732 5197 7881 8347 9027 10331
589 1036 1147 1557 1636 1696 1735 1961 2043 2227 2269 2286 2287 2302 3079 4423 4906 5355 5409 5823 6031 6035 6039 6041 6154 6213 6396 6414 6454 6463 6661 8051
590 213 1700 2621 2696 2833 4800 5181 5468 6395 7271 8375 9528
591 1965 2309 4336 4628 5313 7269 7815 8570 8970 8992 9742 10032 10196
592 2227 3277 4414 5945 9661 10512
593 5852 5855 6775 9082 9387 9561 11026
594 88 160 397 1014 1036 1052 1083 1102 1108 1118 1125 1134 2929 3070 3071 3352 4254 4488 4777 4779 6189 6684 6822 7310 7963 8907 9880 9990 10530 10531 10814 10850
595 2015 4288 5520 6013 6837
596 3330 5563 5694 7891 8005 10510
597 1983 2000 3146 8286
598 9 140 216 300 551 579 727 729 1923 2227 2287 2459 2468 2482 3592 3811 3876 4080 4357 4915 5452 6822 7243
599 225 232 2254 5407 6010 7491
600 23 173 174 187 233 242 286 383 407 409 425 522 566 622 690 738 1036 1311 1314 1452 1528 1557 1600 1621 1731 1760 1775 1829 1842 1855 1884 1984 1999 2012 2023 2038 2053 2080 2105 2258 2267 2294 2296 2310 2668 2704 2746 2759 2775 2878 3042 3065 3137 3222 3456 3460 3462 3690 3740 3748 3821 3846 3883 3904 3941 3985 3989 4037 4144 4195 4221 4238 4322 4399 4413 4421 4440 4467 4519 4768 4893 4900 4966 4970 4973 4998 5002 5147 5167 5168 5234 5239 5270 5283 5296 5312 5404 5411 5440 5445 5479 5579 5614 5622 5653 5664 5677 5683 5695 5700 5703 5722 5778 5779 5815 5874 5875 5896 5905 5927 5978 5996 6007 6046 6102 6113 6139 6190 6199 6288 6344 6354 6355 6366 6371 6394 6415 6427 6430 6500 6520 6683 6722 6736 6837 6896 6920 6925 6965 7003 7032 7103 7118 7158 7178 7190 7296 7377 7404 7412 7428 7548 7553 7563 7566 7567 7651 7658 8013 8052 8160 8211 8433 8822
601 94 95 98 100 101 156 159 214 216 230 522 727 905 976 998 1009 1023 1047 1124 1154 1169 1179 1214 1310 1311 1317 1397 1410 1415 1417 1418 1435 1509 1604 1878 1879 2110 2111 2115 2227 2302 2398 2605 2688 2844 2961 2962 2981 3546 3547 3549 3661 3666 3839 4175 4279 4383 4405 4557 4954 4979 5051 5070 5130 5371 5644 5647 5758 5831 5889 5972 6331 6516 6716 6724 6941 6952 7465 7761 7991 8122 8395 8433 8867 9037 9053 9261 9411 9546 9832 10185 10249 10452 10824 10834
602 191 431 1096 1905 2018 2207 2659 2843 2847 3275 3449 4540 5505 6161 7260 7262 7774 8181 8254 8615 8640 8645 8945 9149 9515 10189 10256 10372 10376 10786 11005
603 835 882 885 920 1452 1906 1908 2296 2445 2463 2968 3090 3288 3608 3765 3989 4865 4975 5160 5530 5531 5546 5651 5978 6007
604 9136 9734 10280 10625 10846 10891 11003
605 4151 4585 7074 7374 7480 7681 7740 8312 8531 9103
606 2015 2034 2050 2080 3517 3990 4820 4836 5294 5958 8640 10925
607 5 39 42 60 72 93 140 141 157 229 265 269 300 311 316 325 329 331 334 335 336 337 391 454 460 498 502 517 521 533 542 543 568 574 577 578 584 596 600 602 604 606 618 638 655 664 665 731 881 882 886 916 921 1044 1052 1097 1109 1118 1120 1125 1133 1156 1158 1165 1189 1195 1200 1208 1212 1236 1241 1242 1266 1282 1295 1299 1300 1315 1320 1363 1371 1387 1420 1494 1538 1544 1558 1619 1641 1660 1684 1686 1705 1714 1725 1730 1757 1764 1840 1843 1846 1852 1882 1905 1910 1911 1919 1930 1931 1933 1942 1947 1956 1960 1978 2074 2099 2127 2129 2151 2152 2153 2160 2164 2166 2167 2175 2178 2219 2229 2392 2393 2423 2425 2459 2460 2473 2528 2535 2556 2572 2589 2616 2620 2621 2659 2661 2668 2671 2686 2690 2698 2699 2700 2701 2722 2726 2731 2734 2779 2801 2802 2834 2884 2891 2973 2989 3044 3053 3054 3061 3070 3071 3072 3073 3075 3081 3082 3083 3085 3096 3142 3154 3155 3171 3182 3185 3218 3251 3272 3273 3277 3318 3634 3713 3878 3911 3962 3963 3966 3977 4105 4175 4188 4193 4211 4254 4260 4278 4297 4370 4384 4385 4386 4428 4475 4542 4628 4653 4717 4790 4891 4976 5026 5027 5054 5125 5161 5252 5254 5266 5335 5343 5349 5397 5477 5509 5625 5691 5695 5817 5842 5856 5950 5963 6043 6131 6153 6167 6193 6307 6457 6460 6476 6502 6526 6536 6577 6584 6594 6660 6693 6827 6867 6899 6934 6944 7040 7246 7285 7314 7343 7580 7583 7591 7663 7713 7725 7774 7787 7869 7902 7955 8034 8038 8064 8074 8236 8238 8254 8262 8999 9758 10005
608 904 2376 2394 2874 2875 2876 2975 2977 2978 2980 3413
609 600 2741 4039 4040 4360 4587
610 3235 3917 4423 5856 6329 6433 6616 7583
611 4084 4564 6959 8065 8555
612 4211 5423 5449 5563 5599 5618 5794 6582 6848
613 157 1968 1994 2015 5965 6193 7774 10495
614 161 1763 1905 2099 2428 2486 2726 2998 3026 3136 3237 3264 3367 3368 3381 3382 3387 3388 3434 3435 4597 5151 6503 7074 7684 8254 9349 9491
615 216 299 377 509 523 533 823 1044 1173 1513 1860 2398 2804 2814 2879 2924 6061 6130 6735 7214 9006 9036 9261 9582 10140 10262 10577 10598
616 510 2528 6161 8309
617 1452 1558 2392 3085 4892 6131 6538 6662 7050 7241 7452 8147 8396 8667 8846
618 1557 3056 6363 8956
619 5256 6328 6796 9853
620 763 1216 3695 3788 3989 5608 5891 6590 7009 7135 7515
621 89 93 95 216 346 398 486 541 718 881 952 1004 1783 1894 2116 2117 2227 2294 2299 2435 2437 2444 2470 2557 2595 2743 3241 3436 3454 3549 3697 3698 4224 4496 4777 4778 4779 4945 5102 6978 8468 8565 9530
622 298 1027 1063 1487 1813 1907 1911 2095 2907 3217 3237 3538 4384 4653 5009 5097 6851 7137 7786 9758
623 9 947 973 1311 2285 2706 2813 3103 3217 3238 3390 3659 4211 4464 4572 4975 5233 5344 5348 5373 5397 5421 5494 5536 5545 5573 5597 5631 5632 5636 5680 5692 5874 5876 5884 5998 6061 6100 6202 6236 6311 6384 6393 6478 6582 6615 6717 6722 6778 6797 6836 6839 6888 7100 7124 7148 7190 7204 7208 7298 7312 7363 7374 7386 7434 7445 7459 7513 7524 7568 7591 7693 7707 7755 7773 7837 7860 7904 7915 8074 8095 8110 8155 8176 8246 8293 8450 8456 8518 8530 8531 8550 8723 8836 8852 8886 8905 8977 9004 9006 9045 9104 9106 9109 9110 9154 9184 9215 9237 9246 9252 9270 9287 9319 9355 9366 9383 9429 9457 9500 9508 9522 9558 9574 9584 9600 9620 9694 9790 9913 9924 9964 10068 10093 10141 10152 10166 10174 10178 10217 10229 10266 10298 10313 10386 10390 10394 10432 10466 10517 10546 10615 10628 10691 10696 10715 10735 10784 10787 10918 10982 10993
624 359 880 2096 2241 2417 2528 2621 2659 2696 2706 2726 2842 2926 2938 3085 3090 3155 3158 3258 3297 3535 4027 4371 4457 4629 4778 5104 5998 6083 6329 6504 6572 7278 7717 7914 8647 9254 10616 10960
625 1147 1221 1961 2095 2096 3750 4695 5184
626 5 451 531 1299 1300 1342 1868 2201 2284 2893 3068 4269 4572 7396 7451 8446 8730 8762 9237 9616 9997 10293 10433
627 7765 8995 8999 10509 10526 10614 10662
628 902 1656 3514 3515 7870
629 560 1834 3485 6715 10784 10815
630 379 3085 3096 3484 4737 5989 7230 7997 9109 9453
631 382 934 2393 6555 6606 7356 9142 9638 9687 9939 9977 10080 10622
632 120 658 1131 1250 1422 2184 2497 2521 3170 3580 3914 4040 4310 4360 4781 5667 6356
633 31 39 6019 7026 7737 8180 8197 8220
634 1968 1994 3627 3714 5577 7774 8475 8582 8801 8987 9073 9685 9731 9892 9997 9999 10079 10434 10493
635 85 1620 5025 5331 6095 6414 7928 8194
636 653 659 4017 7857
637 144 466 674 1010 1530 1694 1746 3300 3917 4247 4423
638 2998 6969 10199 10548
639 5752 8051 8640
640 4505 8629 9636 10696 10752
641 5 380 387 509 565 738 1044 1309 1660 1961 2014 2227 2834 3538 3803 5371 6386
642 3777 3934 4996 6215 10885
643 1260 2526 3521 3562 4501 5673 7104 7419 9535 9932 10110 10657 10721 10763 10871
644 72 226 300 338 724 857 1127 1315 1354 1538 2029 2259 2899 2911 3512 4245 5375 5625 6129 6431 6523 6584 7048 7586 7595 7626 7947 7950 8192 9161 9231 10106 10301 10454 10663 10693 10916
645 4503 4762 4911 5289 5895
646 641 1068 2664 4621 5667 8181 8361
647 246 300 383 455 610 823 886 956 1133 1268 1291 1900 2162 2569 3021 3043 3168 3975 4349 4567 5223 5578 5886 6236 6330 6511 6796 6822 6868 7262 8284 8298 8300 8661 8729 8823 10174
648 4435 5846 6000 9647 9672 10913
649 877 1264 1348 1501 5004 5327 5681 5716 5866 7069 8055 8717
650 1577 1578 1579 3029 3336 5157 5415 6868 8744 8910
651 88 90 139 669 670 848 945 1041 1107 1135 1178 1829 1851 1917 2060 2466 2483 2490 2517 2609 2929 3238 4062 4443 4779 4850 5348 5743 6901 7945 8478 8654 9029 9411 9485 10422 10596 11030
652 7653 8495 9035 10742
653 582 2398 4540 8088 8274 8395 8788 8803 10307 10951
654 788 3013 3015 3017 4733 6149 6904
655 589 1444 1771 1882 2581 2940 3109 3233 3939 5348 5595 6943 7223 7831 7948 8198 8242 8301 8575 8729 8896 9116 9535 9712 10075 10430 10696 10950
656 273 483 2391 2401 7571
657 3228 3609 3610 4932 6451
658 1699 2122 2678 3446 4104 4135 4557 4596 5029 5073 6219
659 642 725 5879 6562 6783 7712 7855 10316 10859
660 61 914 919 921 1286 1409 3090 3096 3267 3338 6648
661 1063 1999 3285 3904 5653 5699 6386 8170
662 35 157 216 403 1104 1807 1999 2965 3470 3550 3796 3907 4111 4177 4357 4778 5193 5545 5554 6088 6130 6160 6193 6356 6482 6537 6578 6662 6708 7053 7197 7222 7370 7578 7726 8040 8067 8566 8668 8785 8868 9218 9586 9613 9698 10827
663 505 536 539 1171 1670 9288 9357 10195 10983
664 39 44 1038 3020 5429 6145 7818 8449
665 1486 3221 4349 6000 6245 8313
666 359 533 583 985 995 1092 1397 1410 1712 1742 1779 1789 1879 1932 2116 2286 2293 2442 2453 2465 2472 2514 2528 2534 2636 2727 2837 2904 2905 3199 3253 3378 3436 3549 3834 3900 3913 4193 4731 4777 5024 5078 5522 5535 5684 5866 6015 6402 6590 6604 6708 6863 6972 6990 7301 7342 7382 7441 7546 7589 7607 7856 7867 8030 8171 8336 8385 8496 8523 8706 8755 8760 8799 9044 9050 9170 9355 9485 9898 9955 10476 10723 10829 10879 10962
667 4447 5059 5348 5837 6407 6429 8403
668 499 500 552 929 1076 1418 2135 2478 3141 3837 4678 7607 8103 8712 8769 9805 10235
669 229 242 1843 1969 1997 3739 3827 4306 5117 6405 6545 6628 7902 10018
670 379 1919 2595 3071 4387 5211 5743 6317 6339
671 133 139 204 685 705 721 995 1279 1312 1395 1396 1880 1939 2147 2227 2304 2430 3007 3397 3607 4054 4078 5351 5807 5831 6227 6579 8189 8804 8855 9392
672 3083 3085 3096 4493 4494 10125 10383 10412 10445 10455 10485 10509 10510 10526
673 418 2422 4763 5578 10548
674 2890 4003 6010 7733 8588 9432 9998
675 1177 2124 2904 2905 3278 3417 6776 10121 10240
676 2245 4003 4776 5943 6361 6425 7527 7740 8342 8371 8748 8762 9240
677 9638 10275 10417 10571
678 12 60 116 139 145 147 155 160 260 524 548 549 550 552 553 554 579 705 718 719 721 932 951 985 986 1023 1032 1050 1091 1092 1115 1116 1118 1184 1226 1328 1358 1410 1470 1577 1579 1604 1645 1829 1947 2293 2295 2304 2306 2426 2434 2441 2442 2458 2482 2502 2605 3056 3133 3198 3202 3257 3319 3372 3373 3375 3405 3496 3689 3690 3895 3928 3954 4774 5157 5211 5334 5726 5738 6054 6058 6273 6442 6492 6682 6972 6999 7207 7224 8058 8189 8484 8744 8970 9642 9881 9941 10073 10179 10395 10398 10497 10856 10978
679 2281 7619 8900 8977 9089 9136 9303 9328 9333 9407 9418 9535 9545 9549 9705 9904 9943 9958 10022 10065 10908
680 1671 2014 2350 2624 2656 2703 3623 4210 4612 4622 5197 6154 6160 10145 10230 10250
681 253 545 708 741 856 1160 1171 1181 1210 1250 1285 1350 1393 1473 1625 1670 1672 1673 1675 1677 1749 2034 2050 2063 2080 2150 2289 2356 2383 2514 2553 2819 3064 3703 3704 3825 4313 4817 4836 4860 4897 4933 5339 5340 5500 5809 6079 6223 6422 6637 6654 6811 6818 6957 7382 7636 8393 8464 8653 8971 10303 10477 10522 10674
682 296 322 2549 4394 6411
683 87 299 300 652 698 699 718 960 1004 1100 1311 1363 1381 1573 1763 1835 1956 1965 1989 2055 2180 2241 2294 2572 2609 2701 2937 3044 3071 3075 3144 3392 3407 3413 3418 3430 3442 3474 3539 3540 3811 4567 5327 5337 5630 7489 7515 8469
684 347 1086 4598 5639 8215 9335
685 5815 6650 9028 9307 9535 9897 10264 10432 10915
686 25 154 206 484 1373 2125 2295 2348 2423 2542 2647 2692 3079 3851 4042 4065 4125 4364 5322 10960
687 43 712 3245 5034
688 317 1453 2870 3081 3083 3096 3206 3231 3389 3613 3737 4443 4653 5368 9735 9758
689 5004 6049 7890 8180 8489 8665 8881 10298
690 7642 7740 9526 9574
691 262 627 5662 6412 6433
692 906 1828 2870 3644 4536 6102 6352
693 300 319 380 1704 2227 2350 2398 2767 3155 3521 4106 4423 4778 6045 7121 8333 8682 9575 9715 10049
694 1746 4886 5281 6090 8275
695 2387 5768 6134 6372 8194 9073 9142
696 252 1311 1658 3299 3669 3781 7973
697 157 2430 4619 6596 7158 8751
698 2894 9260 9493 10573 10812
699 198 1036 1473 2227 2286 2287 2398 7355 7879 8366 8458 8718 8781 9170 9579 10283 10473 10858 10928
700 172 1036 1077 1330 1912 1960 2227 2287 2288 2399 2450 2629 2696 7118 7774 11014 11017
701 225 266 498 509 830 1641 1725 1746 2407 2731 3062 3949 3958 4285 4341 4378 4517 4518 4547 4630 4649 4820 4891 4895 4911 5030 5161 5174 5191 5236 5252 5320 5335 5380 5407 5460 5481 5509 5510 5627 5641 5668 5730
702 584 7040 7326 9879
703 6387 6445 7283 8823 8824
704 1044 3337 7198 10727
705 391 450 512 521 531 600 625 1208 1371 1384 1427 1451 1530 1558 1575 1619 1641 1694 1714 1751 1752 1845 1846 2158 2205 2380 2690 2705 2706 2850 2922 2973 3147 3182 3208 3215 3227 3277 3498 4115 4414 4433 4572 4895 4912 5320 5478 5480 5505 5586 5617 5665 5829 5895 5918 5945 6011 6097 6225 6431 6471 6635 6649 6666 6680 6911 7012 7028 7181 7450 7581 7745 7947 8033 8064 8216 8275 8359 8391 8642 8719 8810 9000 9260 9390 9510 9861 9989 10110 10418 10552 10763
706 619 1114 3488 7882 9455
707 515 1346 1347 1905 7028 8254 8505 8836 9543 10412 10744
708 1208 2661 5320 5380 5478 5481 5706 7791 8359 9418 9520 9788 9861 9904 10052 10866
709 31 4370 4509 6796 6838 7162 8640 9117 9153 9360 9776 10196 10548 10843
710 5260 5411 6755 6937 7384 8394
711 428 497 1877 3286 3482 4061 4807 6179
712 2772 9196 9749 9820 10009 10344
713 1409 4317 7126 9471
714 4832 4853 7594 9267
715 581 1007 1311 1603 2519 2520 3660 4447 6113 8403 10005
716 257 614 1817 1818 2124 2898 3252 3537 4140 5837 5849 7861 8127
717 1961 2090 2097 3780 4026 5739 7241 7412 7428 7642
718 4014 8561 8672 9021 9481
719 695 1689 4036 4099 6654 7399 7564 8826 8971 9206 9645 9731 10644 10860 10880
720 880 1512 2419 2869
721 3102 4208 7916 8622 9336 10593
722 34 663 3063 3905 4378 6982 7426
723 161 914 4737 5886 7937 8614 8665 9927
724 31 646 2301 3249 4097 5815 5887 6340 6788
725 8812 8928 9369 9817 10090 10337 10488 10565 10766
726 61 1333 2014 2095 2441 2450 2879 4108 4682 4696 6086 6172 6693 7198 7507 8267
727 2778 3139 3999 4480 5616
728 1255 1763 5465 6387 6445 7028 7152 7555 7744 9293 9495 9499
729 925 1592 2782 2812 3234 4727 5948 7089
730 4922 8198 8410 9482 9510 9732 9768 9842 10027
731 7709 8356 8806 9435 9510 9526 9980 9998 10037 10078 10129 10251 10548 10630 10864 11032
732 3619 8065 8278 8770 9062 9067 9244 9487 10867
733 2940 3357 3358 3536 4248 4339 4361 5153
734 453 7676 8815 8965 9429 9748 10169 10386
735 232 1725 2663 2834 3215 3476 4123 5035 5161 5205 5252 5256 5391 5926 5953 6000 6146 6891 7024 7492 7636 7744 7976 8050 8371 8463 8497 8670 8797 8991 9299 9908 9909 10405
736 2 448 530 1513 4828 4966 7401 7888 8281
737 1203 1296 1583 1603 1961 3231 3314 5753 5971 7074 7442 7713 8355 8356 8483 9129 9509 9691 9953 10364 10548 10650 10927
738 1607 6622 7314 9016 9151 10170 10375 10486
739 3555 4823 6567 8369
740 1661 1662 4440 7883 8817
741 11 101 175 583 2214 3101 3913 4242 6761 9578
742 1173 1660 1892 3085 3090 3730 3745 9545
743 39 349 738 926 1034 1054 1438 1610 1822 1838 1928 2103 2270 2437 2469 2473 2532 2962 3453 3598 3746 3764 4218 4342 5304 5525 7489 8395 10131
744 1899 5564 5771 6032 6328 7011 7063 9713 10489
745 62 2080 2340 2864 4661 5527
746 3 363 1252 2063 2079 2198 2207 2232 2257 2356 2394 2879 3026 3572 4040 4425 4942 5199 5330 5372 5416 5560 5684 7799 8113 8258 8528 8600 8805 9695 9802 9844 9977 10080 10176 10504 10591 10962
747 239 1687 1760 2782 3077 3210 5339 5340 6170 6665 9986
748 5843 5963 7800 8325 8406 8769 9238 10129 10415
749 4541 5216 8401 8883 8912 8982 9096 9189 9312 10673
750 298 300 336 5009 8431 10327
751 9271 9837 10227 10353 10531 10545 10683 10844
752 1677 1725 1757 2387 3277 3810 5577 6107 6122 6936 7774 8734
753 280 1147 1557 3933 4522 4603 4820 4923 5109 5310 5586 5591 5897 6004 6026 6044 6733 6786 7008 7158 10264 10292
754 137 507 592 1673 2306 2585 3886 4794 5389 6725 9348 9862 10265 10780
755 1453 1590 1595 1978 7548 9005
756 934 979 1063 1476 1700 3044 3154 7832 8375 9149 10022 10092 10289 10787
757 562 881 1801 1842 2288 2303 2305 3928 6598
758 1638 7857 9914
759 340 600 638 766 1453 1563 1697 1905 2377 2812 3919 4503 4540 4750 6103 6734 7355 7412 7493 8254
760 140 8463 9109 9488 10430 10548 10560 10562 10583 10872
761 4386 6240 6650 6851 7021 7740 8424 9496 10787
762 646 691 1890 3862 4110 5204 6690 9726
763 763 1808 3085 4493
764 618 684 864 1275 1282 2457 2490 2634 4313 4403 4444 4916 5219 5227 5595 7456 8284 8504 9462 9637
765 1508 1783 2227 2286 2287 4291 9146 9201 10130
766 5162 7342 7743 9604 9619 10201 10229 10387 10623
767 25 121 123 132 206 363 372 616 708 741 1670 1671 1678 1698 1968 1994 2186 2198 2227 2286 2287 2289 2375 2396 2398 2435 2436 2476 2489 2497 2508 2517 2521 2534 2561 2585 2624 2637 2639 2692 2784 2819 3565 3574 3583 3584 3585 3624 3790 3856 3897 3937 4236 4313 4660 4701 4833 5037 5146 5276 5911 6030 6448 6637 6638 6771 6845 6915 6922 6927 6928 7287 7604 7702 7879 7889 8225 8249 8418 8454 8724 8805 8821 8874 9049 9204 9247 9250 9259 9272 9317 9370 9381 9635 9792 9815 9844 9859 9869 9940 9965 9983 10082 10147 10230 10272 10286 10312 10315 10317 10462 10471 10502 10522 10581 10637 10799 10901 10933
768 34 227 280 844 1968 1994 2015 2127 2153 2166 2167 2638 3325 3514 3515 4535 4536 6300 6679 7029 7138 7604
769 1766 3971 6102 8700 9557
770 124 1105 1131 1160 1658 4704 5667 7721 10219 10504
771 937 2227 2287 5079 6160 6201 8836 8866 9407
772 31 2150 3231 4129 4661 4710 5243 5641 5695 5741 5838 5884 5945 6102 6105 6140 6158 6248 6412 6457 6462
773 1745 3225 8425 8815 9270 9303
774 1558 1749 5898 6417 8845 8891 9000
775 673 1433 2091 3255 3397 3917 4375 5234 5337 6224 8214
776 141 2451 2511 6897 7119 7315 7921 9464 10131 10511 10521 10679
777 2729 4894 7121 9897 10251 10509 10529 10615
778 2618 2820 7469 9586
779 1474 3492 4304 6094 6288 6920
780 1600 7862 8472
781 5 140 237 391 464 515 545 1097 1107 1125 1156 1236 1315 1363 1774 2667 2814 2948 3044 3085 3218 3309 3379 4188 4606 4785 4896 5131 5563 5886 6201 6561 7321 7351 7591 7891 8567 9261 10417
782 336 1585 2382 2423 2583 5900
783 371 1228 2239 5279 7304
784 27 2379 2526 4097 4710 6567 10480
785 36 55 56 60 224 229 297 298 299 300 309 334 336 338 344 391 392 428 462 466 521 549 1063 1097 1114 1115 1116 1117 1118 1156 1190 1205 1208 1227 1264 1293 1315 1338 1348 1371 1387 1389 1451 1472 1501 1503 1514 1519 1544 1558 1561 1641 1746 1763 1805 1806 1812 1841 1843 1846 1877 1880 1881 1905 1961 1990 2005 2013 2019 2035 2048 2096 2150 2312 2324 2325 2326 2328 2369 2377 2388 2528 2541 2556 2686 2726 2746 2760 2767 2805 2832 2848 2945 3020 3065 3068 3121 3157 3182 3184 3208 3209 3227 3235 3407 3467 3721 3722 4023 4049 4187 4229 4297 4384 4397 4503 4505 4509 4545 4572 4610 4729 4763 4790 4849 4917 4955 5009 5034 5282 5283 5320 5380 5384 5410 5423 5449 5672 5936 5970 6023 6092 6112 6342 6462 6627 6660 6691 6717 6718 7017 7032 7048 7174 7207 7407 7454 7538 7586 7725 7823 8110 8254 8303 8668 8884 9157 9361 9366 9461 9494 9510 9574 9667 9671 9723 9897 9964 10245 10318 10454 10517 10524 10525 10563 10575 10866
786 4028 4561 9194 10727
787 421 1633 3252 4428 4894 6000 7040 7235 9439
788 8661 9480 9543 9901 10415
789 2339 3682 7067 8556 9754 10076 10292 10301 10478
790 49 597 1102 1136 1202 1912 1965 2086 2253 2393 2394 2525 2561 2713 3388 4295 7943 11017
791 1933 2377 2926 3609 5963 7521
792 828 7561 8248 8876 9207 9476 9493 9608 10291 10405 10944 10958 10982 11023 11026 11039
793 153 500 774 1310 1312 1415 1417 2000 2021 2105 2760 2775 2820 2887 3085 3096 3661 3834 3868 3883 3941 4145 4154 4383 4486 5410 5779 7189 7917 9961
794 8844 9583 9606 9854
795 281 1208 1387 2222 3421 4935 6065 8325 8406 9151 9537 10301
796 1057 1241 1780 1914 1916 2126 2441 2771 3124 3235 3550 3820 4116 5105 5883 5888 6102 6154 6687 6938 6955 6967 7315 7515 7882
797 3599 4331 8965 9210 9422 9748 9946 10237
798 5 190 449 1334 1757 1875 1876 2987 3711 5577 6694 7774 8097 8714
799 263 278 517 1383 1892 1978 2192 2393 3272 3295 5762 5803 7151 7651 9801
800 157 815 1342 1557 1763 3086 3106 3636 3990 6193 6387 6445 6725 6798 7701 9082 10001
801 9 603 938 946 1311 1787 1794 1813 1893 2128 2290 2420 2438 2451 2461 2462 2517 2608 2664 2720 2733 2754 2822 2856 2871 2935 3173 3181 3490 3715 3716 3774 3799 3800 3839 3842 4189 4205 4262 4293 4325 4443 4659 4797 4865 5002 5021 5060 5341 5600 5616 5761 5880 5941 5978 6099 6190 6217 6329 6363 6438 6543 6554 6713 6761 6825 6998 7366 7379 7488 7549 7554 7567 7642 7737 7877 8078 8112 8272 8389 8543 8818 9372 9569 10299
802 449 1494 3258 3950 4791 5843 6471 6511 6760 7040 7494 7515 7541 8097 8335 8388 8450 8762 9241 9323 9650 9733
803 37 787 1422 1602 1996 2621 2683 2693 2696 2711 2846 3666 3730 3832 4234 5070 5505 6040 6659 6679 7069 8286
804 830 10417 10565 10630 10651 10736
805 6212 6683 7259 7409 8169 8648 8653 9257 9651 10821 10875
806 99 571 3865 4020 5288 5575 5802 10959
807 0 255 1489 1490 1617 1708 2335 2356 3622 3851 3855 3978 4063 4517 4817 5000 5083 5090 5092 5094 5197 5199 5257 5276 5313 5501 5626 5700 5729 5908 5909 5913 5934 5941 6132 6313 6349 6394 6399 6407 6429
808 60 1834 2522 3044 4496 6471 8254 10530
809 147 984 1790 2143 3042 5286 5337 6356 6958 7492 8556
810 619 1444 1882 4992 5690 8333 9279
811 70 301 334 1319 1814 1925 2583 2621 2691 2729 2860 3832 4077 4082 4623 5264 5728 7327 8456
812 3090 3262 6328 6352 6376 6439 6453 6583 6778 6894 6943 7037 7331 7333 7482 7606 7891 8023 8039
813 413 1978 3298 4066 4428 4443 7029 7397 7740 7933 8065 8278 8313 8672 9293 9360 9442 9526 10010 10157 10787
814 4636 5409 6580 7375 10389
815 233 775 786 788 1529 1546 2013 3178 3336 3601 3606 3672 3726 3731 3789 4545 4569 4598 4838 4896 5010 5205 5555 5619 5645 5966 6262 6517 6643 7891
816 1988 2929 2941 2980 4707 6859 8665 9066 9483 9498 10323 10342 10430 10531 10783
817 1104 4541 4695 7684 10417
818 4392 7843 8370 8675 9124 9595 9596 9640 9703 9753 9820 9847 9851 9897 9931 9932 10135 10228 10344 10359 10454 10575
819 11 1113 1257 4714 7578 7831 8029 8240 8794 8831 9274 9946 10098 10430 10655 10894
820 15 26 49 2681 3063 3905 4118 5003 5296 5699 5985 6103 6166 7263 7279 7399 7835 8615
821 5746 6351 6436 7516 7628 8538 8836 8871 9073 9407 9514 9543
822 1166 1466 1657 2733 3383 3384 3411 3586 4025 4097 4118 4338 5264 5752 5849 6370 6415 6715 6976 6980 7130 7474 7527 8657 8713 8896 8902 8965 9026 9458 9605 9761 9763 9861 9971 10038 10076 10168 10191 10239 10261 10268 10276 10279 10280 10295 10301 10302 10336 10342 10352 10360 10371 10377 10378 10381 10382 10383 10391 10399 10412 10414 10434 10445 10455 10461 10466 10483 10485 10486 10495 10503 10509 10510 10512 10514 10515 10517 10524 10525 10526 10529 10530 10539 10546 10554 10568 10574 10584 10588 10599 10601 10608 10609 10611 10615 10638 10640 10641 10656 10660 10664 10675 10676 10680 10686 10691 10695 10696 10698 10709 10713 10715 10719 10722 10733 10734 10735 10739 10744 10751 10752 10754 10766 10775 10776 10778 10788 10792 10802 10809 10811 10812 10827 10831 10837 10845 10857 10860 10863 10866 10870 10887 10891 10912 10913 10914 10923
823 5238 6504 7096 8038 8504 8999 9713 9959 10509 10889
824 75 78 172 252 267 280 322 327 360 385 408 447 576 846 894 1120 1133 1208 1638 1656 1987 2009 2010 2046 2216 2259 2370 2381 2738 2911 2922 2973 3295 3301 3308 3501 3507 3515 3516 3517 3527 3530 3531 3566 3626 3859 3860 4365 4515 4761 5117 5207 5263 5586 5800 5861 5958 6042 6286 6417 7205 7332 7411 8208
825 2726 3414 3680 4906 5447 6493 7262 8424
826 1147 6122 8844 10074 10215 10945
827 3282 4880 7239 8076
828 271 5732 6141 6384 6880 6950 6974
829 7212 9032 9605 10903
830 1580 1978 4311 4730 4748 5666 8176 9499
831 1105 1223 2182 2203 3100 3307 3703 4313 5432 5973 6847
832 21 145 150 152 160 166 231 325 399 409 438 515 524 530 547 549 550 552 553 554 556 591 603 607 628 629 645 659 676 686 718 759 795 925 929 932 937 953 979 1063 1096 1115 1116 1117 1134 1152 1153 1200 1205 1224 1232 1269 1270 1275 1277 1282 1314 1322 1332 1337 1363 1386 1398 1434 1441 1464 1513 1550 1772 1809 1837 1838 1840 1841 1855 1858 1875 1876 1880 1881 1902 1910 1936 1946 1974 1983 1984 1988 1990 2002 2003 2005 2013 2092 2134 2136 2138 2170 2172 2174 2176 2194 2202 2230 2282 2320 2340 2351 2357 2423 2425 2452 2480 2525 2542 2543 2590 2622 2635 2642 2660 2666 2681 2691 2704 2722 2729 2746 2760 2782 2785 2799 2805 2812 2828 2850 2884 2885 2887 2896 3036 3068 3083 3085 3091 3097 3146 3154 3155 3157 3172 3173 3179 3187 3205 3225 3235 3270 3272 3352 3433 3436 3453 3538 3595 3597 3955 3962 3996 4017 4020 4144 4150 4161 4260 4399 4446 4497 4762 4779 4894 5151 5166 5185 5287 5403 5438 5490 5886 6194 6291 6334 6519 6528 7207 7456 7550 7620 7699 7730 8034 8712 8880 9805 10048 10244 10423
833 182 1931 2726 3155 4468 5989 6243 9748 11009
834 1255 5601 6487 7036 8125 9031 9107 9574 9883 10231 10240 10812
835 610 1640 3661 4544 5703
836 909 3601 3608 4605 8665
837 102 391 460 511 694 791 886 919 934 975 1289 1709 1762 1781 1842 1906 1975 2473 2590 2665 2698 2750 2832 2860 2926 2953 3044 3081 3085 3090 3097 3168 3271 3290 3344 3360 3392 3407 3488 3502 3537 3539 3540 3615 3811 3888 4028 4108 4334 4450 4717 4737 5951 6119
838 72 531 5035 5465 5640 8205 9163
839 7865 8117 10371 10482 10512 10519 10554 10558 10787
840 1104 4108 4144 4161 4446 10470
841 553 865 1902 4067 7068
842 2219 2227 2726 2946 5965 7591 8285 8647 8713 8876 8914 9029 9052 9064 9069 9189 9386 9411 9612 10055 10294 10954
843 3081 3082 3085 4493 4494 4509 6514 7230 8236 10125
844 9442 9493 10291 10463
845 156 204 659 1036 1181 1918 1981 1982 2227 2287 2295 2393 2398 2436 2514 2547 2553 2559 2563 2898 2979 3086 3128 3176 3376 3378 3538 3629 3695 3714 4064 4226 4228 4263 4281 4455 7382
846 505 745 936 1637 2141 2185 2391 3476 5465 7183 8021
847 2046 2189 3506 3519 3943 5171 5483 5859
848 250 3809 7633 8468 9099
849 8708 9383 9493 9536 9582 10450
850 3484 6000 7050 8346
851 41 1536 6734 7089 7090 7355 7732
852 2869 3617 5986 9344 10783
853 3218 3221 6328 6472 7248 8035 8529 8915 9304 9731 9743 9852 10138 10180 10279 10412
854 1090 1208 2705 4755 5227 7188 9083
855 38 229 236 1846 2686 3056 3711 4377 5161 5680 6102 6167 6177 6249 6348 6371 6389 6457 6484 6591 6650 6666 6670 6686 6697 6874 7031 7204 7326 7328 8110
856 1909 3070 3535 4707 4889 5202 8300 9153
857 449 467 3961 5457 6212 6294 7800 8149 8169 8734 8772 9177 9661 9663 9943
858 962 964 985 1006 9817
859 229 300 333 1558 1631 1969 1997 2006 2180 2371 2801 2850 2918 3045 3184 3452 4155 4172 4524 5147 5161 5234 5342 5481 5563 5642 5755 5898 6025 6042 6142 6225 6344 6894 6957 7263 7751 7850 8162 8529 8642 8736 8798 9075
860 74 7002 7407 7986 8265 8919
861 1621 1660 1728 1970 2172 2280 5188 5628 5756 5803 5828 5830 6077 6248 6864 7324 7580 7799 8257 8679 8829 9189 9192 10056 10072 10280 10433 10609 10678 10822 10944 11040
862 7235 7933 8065 8561 8672 10078 10086 10699
863 293 431 560 651 1510 1543 2130 2818 2937 2994 3780 4124 4139 4328 4394 4447 4843 6100 6390 6766 6784 8293 8403 8414 9010 10073 10466 10806 10826 10967 11000
864 2926 5520 6202 6689 7158 8998 9678
865 140 150 174 219 464 502 659 882 1036 1072 1097 1329 1528 1661 1662 1813 1849 1961 2147 2294 2299 2307 2308 2746 3173 3186 3213 3226 3558 3630 3689 3692 3695 4342 4385 4826 4893 4897 5807 6145 6660 6758 6912 6937 7321 7612
866 3154 3449 4653 5505 6929 7990 9758 9880 10296 10430 10934
867 714 1842 2318 3543 3546 6677 8787 9203 9575
868 4610 6517 6991 7417 8531 9457 10088
869 119 363 364 504 505 506 507 547 592 1972 1976 2506 2561 2630 2637 2639 2656 3170 3259 3897 4038 4040 4313 4360 5775
870 7494 8011 8027 8070 8094 9526
871 940 1951 2994 7101 7947 10354
872 49 965 1534 1944 2103 2116 2433 3351 5523 6153 6830 6836 6846 6875 8155 8905 9355 10134 10725
873 1674 2191 2561 2624 5308 5678 5782 6395 8407 9725 10014 10286 10340 10621 10815
874 1099 6466 6778 6996 7233 7512 8149 8293 8327
875 157 6193 6645 7185 7395 7668 8215 8807 9250 9429 9438 9682 9888 9992 9998 10434 10609 10811
876 214 423 565 566 579 582 936 1001 1086 1121 1346 1347 1700 1702 1882 2143 2528 2574 2879 2926 2975 3082 3085 3086 3099 3549 3885 4272 4595 4811 4915 5889 6812 6901 7152 7583 7879 8066 8236 8284 8325 8406 8779 10808
877 4977 5694 9928 10013
878 2143 4227 4423 5994 8173
879 1381 2244 2913 8469
880 6937 7851 8228 8394 8822 10041
881 299 331 335 1206 1213 1268 1354 1363 1476 1498 2008 2539 2687 3137 3248 4407 5829 5830 9526 10005 10327 10450
882 26 43 1501 1756 6369 6990 7170 7590 7849 8187 8194 8668
883 1165 1311 3679 3803 4097 6601 6781 6904 6950 6973 6986 7007 7034 7044 7102 7374 7417 7515 7577 7592
884 380 1057 1438 1610 2445 3847 5576 5996 6221 6471 6582 6734 6766 6819 6903 6941
885 1241 6167 7363 7459 7831 7885 8064 8110 8375 9987 10022 10918
886 2142 2145 9063 9410 9814 10061 10149
887 1012 1106 4096 5974 6828 7997 8614 10727
888 54 102 184 216 257 285 293 361 362 391 409 419 430 446 451 523 568 604 612 635 652 654 694 701 704 714 756 812 839 876 893 934 938 941 944 952 953 966 973 1057 1109 1173 1221 1232 1309 1345 1373 1424 1428 1504 1648 1649 1743 1778 1780 1859 1877 1893 1894 1895 1907 1917 2015 2039 2064 2094 2175 2241 2245 2250 2463 2465 2519 2520 2531 2554 2564 2594 2621 2623 2722 2723 2727 2747 2754 2757 2760 2771 2775 2783 3068 3136 3197 3237 3270 3279 3285 3315 3364 3449 3475 3538 3639 3713 3773 3885 3973 3984 4020 4047 4052 4059 4124 4271 4318 4446 4539 4609 4618 4668 4778 4779 4800 4894 4914 5011 5077 5160 5211 5251 5526 5569 5623 5661 5695 5708 5739 5779 5817 5838 5872 5889 6334 6402 6430 6567 6673 6840 7278 7457 7543 7861 7887 7945 8472 8785
889 141 173 186 300 571 583 690 703 721 747 820 920 1009 1034 1054 1178 1270 1591 1879 1931 2129 2301 2304 2306 2307 2436 2487 2488 2489 2490 2496 2499 2504 2517 2535 2562 2743 2767 2769 2924 2970 2981 3229 3351 3453 3487 3630 3690 3697 3754 3907 3928 3986 3987 4078 4087 4426 4844 4884 5066 5168 5651 5722 5905 6154 6342 6758
890 5651 8150 8517 9003 9380 9385 10794
891 444 901 2621 2899 5328
892 912 919 2998 4737 7355 8892 8912 9407 9927
893 159 322 412 415 474 893 976 1211 1628 7297 8208 10525 10575
894 47 855 1636 2073 2282 3081 3083 4344 5105 5414 5598 6135 6329 6383 6595 6632 6788 6856 6894 7206 7245 7606 7998 8640 8914
895 1859 7765 8038 8999 9002 9488 9682 10279 10371 10430 10486 10499 10509 10725 10914 10923 11003
896 185 186 199 643 947 1311 1984 2108 2651 2913 2937 2981 3085 3090 3103 3833 3839 4493 4597 5381 5816 5857 6875 7354 10449
897 9 216 500 520 562 563 583 585 587 675 723 1063 1135 1223 1250 1419 1474 1489 1490 1670 1994 2015 2165 2177 2190 2207 2218 2267 2286 2287 2395 2396 2398 2399 2435 2489 2514 2592 2630 2639 2656 2721 3039 3101 3144 3549 3673 3704 3897 3913 4039 4040 4108 4313 4513 6493 7382 8475 8813 8831 9037 9491 9659 10049 10230 10355 10598 10669 10824 10946 10956 10976
898 5598 6587 6937 7515 7910 8683 8844 9358 9391 9688 9754 10417 11014
899 495 612 713 2653 4009 4499 5348 6723 6938 7668 7888 8167 8250 8263 8456 8548 8555 8884 9023 9209 9574 9875 10182 10261
900 1421 5843 6167 6407 6429 6746 6920 7048
901 339 406 1174 2049 2800 3407 4996 5318 5919 7048 8314
902 738 3507 3821 5449 7421 8409 9975 9986 10909
903 876 1600 5291 7048 8163 10263 10563 10702 10931
904 3078 4109 6699 7269 7929 9288 9396
905 3246 5808 6503 6565 7446
906 1833 2293 3199 3470 5994 6101 6482 6604 6681 8870 9814
907 2860 4636 5154 6077 6458
908 979 7436 8122 10960
909 7666 9148 9510 9520 9678 9861 9904 9913 9986 10022 10056 10122 10991
910 1088 1120 2081 3530 3860 3952 4556 4681 5995 6117 6288 6605 7067 8734 9551 9975
911 945 1949 5845 6696 7606 8076 8872 8924 9633
912 91 166 380 404 577 1109 1366 1447 1543 1691 1739 1772 1984 1999 2000 2053 2859 2887 4892 5079 5232 5275 5316 5377 5876 6199 7857
913 6484 8064 8136
914 430 574 641 2869 3669 5954 5956 6215 6562 7880 7948 8326 8657 8856 8862 9059 10130 10361
915 170 5371 9657 9937 10061 10133 10141 10251 10264 10430 10471 10827 10915
916 145 1482 2131 2437 2470 2477 2503 4616 5567 7648 7662 8218 9593 10004 10435
917 929 4417 4509 5141 5206 8712 8999 10786
918 6856 7216 8233 8618
919 3852 4038 4362 6313 6822 7168 7193 7409
920 0 80 509 1624 3154 3872 4894 5887 6023 6089 6498 6650 7374 7406 7651 7740 8450 8693 9386
921 2781 2874 2876 2978 5574 8240
922 1258 6837 7031 7230 8203 8646 8905 9733 10124
923 260 946 948 1311 1319 1389 1410 1561 1582 1632 2241 2246 3418 3546 3549 3885 4959 5742 6266 6682 6959 7515
924 5181 7007 7443 10959
925 1553 2995 3292 5964 5986 6305 7028 8467 8547 8856 9518 10199
926 51 980 1318 4046 4289 4865 4987 5077 5427 6181 8487
927 1061 1095 1106 1203 3071 5638 5923 6342 7482 7891 7958 8375 8766 10383 10483 10526 11003
928 1147 1979 2209 2210 2487 3143 3402 4150 4410 4946 5438 7269 9360 9758 10636
929 298 299 333 380 391 419 472 530 579 591 594 595 640 717 732 735 753 836 837 960 1003 1028 1082 1090 1132 1133 1293 1606 1654 1838 1840 1841 1855 1880 1961 2175 2193 2222 2322 2560 2573 2583 2584 2619 2621 2657 2696 2731 2742 2746 2780 2805 2808 2845 2912 2915 2962 3085 3096 3452 3521 4301 4555 5009 5388 5551 5713 6897 7178 8055 8224 8279 8289 8334 8395 8468 8512 8607 8894
930 2602 2616 2686 4225 7578 9413
931 39 646 2478 2525 2528 3252 3336 5205 5543 7066 7574 8841 9427
932 140 2286 2287 2483 2609 8839 9319 10101 10326
933 1537 3529 3530 3531 3859
934 1113 1257 1809 1810 4226 6693 11038
935 3425 4953 6868 7479
936 7985 8098
937 0 340 823 1208 1638 2907 3083 3238 4843 4917 6165 8150 8673 9203 9385
938 2659 3325 6328 7483 7704 10696
939 2560 2659 4779 6379 6662 8769
940 26 347 947 1232 2456 3545 3546 5417 6398 6797 7295 7717
941 628 1209 1244 1719 2127 2166 2167 2562 3031 3172 3273 4839
942 9 944 948 1778 1892 2142 2268 2290 3134 3490 4598 5485 5816 6265 7102 7312 8389 8472 8478 8769 9682
943 1681 2013 2424 2870 3218 3221 3303 3325 4136 4320 4506 4664 4865 5781 5977 6181 6644 6669 6681 7151 8505 8793 8896 9109 9577 9670 9959
944 947 965 1501 1999 5857 6232 6288 7048 7706 8155 8246
945 60 5255 5441 5620 6383 7262
946 495 2716 6767 7022 7503
947 604 1036 2193 3154 4106 5307
948 589 1784 1990 2442 5488 6329 6780 7879 8000 8868 9215 9785
949 3113 4435 6562 6582 6596 6667 7127 7257 7351 7373 7499 7533 7641 7749 8214 8221 8429 8483 8550
950 1346 1347 2755 3256 3702 4464 4838 4853 5386 6978
951 19 260 548 622 648 665 1147 2227 2286 2287 2399 2667 3221 3334 3809 3863 4425 4596 4935 5221 5255 5639 5866 5963 6471 6548 6696 6968 7107 7528 7673 7682 8703 9528 9946 10248 10343 10714 10852 10951
952 568 575 828 4373 5315 5900 8241 8312 8824 9462 9503 9982 10578
953 452 2870 3304 3313 3323 3330 3542 6439
954 53 1036 1147 1661 1662 2726 3231 5963 7933 8065 8278 8561 8672 8770 9067 9175 9244 9624 10699 10867
955 10 476 1171 1674 2015 3495 3538 3737 4330 5484 6078 6313 6625 6666 6740 6747 6811 6818 6923 7156 7168 7291 7304 7383 7554 7607 7666 8261 8702 8962 9044 9148 9295
956 172 1485 3989 6240 6456 6562 7083 7533 7888 8133 8599
957 6747 8551 8844 9073 9760 10122 10216 10514
958 232 2077 3231 3970 4084 4172 4856 5072 5076 5113 5161 5256 5320 5477 5504 5628 5641 5657 5730
959 1034 2435 2501 3416 5438 7068
960 1976 3284 5990 9206 10272 10936
961 75 895 1208 1501 1668 1706 1720 1721 3299 3301 3512 3517 3806 4115 5289 5342 5375 5533 6286 6342 6431 7529
962 39 517 663 2781 2821 2926 3255 4044 4387 4665 4799 5574 6329 7190 8214 8530 8905 9291
963 4742 5036 6197 6529 9026 9136 9423 9520 9550 9577 9603 9657 9660 9661 9667 9672 9674 9705 9731 9734 9737 9738 9742 9755 9761 9765 9823 9848 9856 9867 9871 9888 9892 9904 9905 9921 9924 9938 9973 9986 9991 10000 10006 10017 10031 10041 10042 10050 10051 10052 10056 10057 10065 10069 10104 10132 10382 10509 10744
964 591 846 1315 2408 2911 2952 3076 3093 3188 3532 5270 5599 5702 5975 6043 6198 6205 6561 6633 6635 6691 6749 6800 6810 6831 6872 6929 7042 7067 7413 7430 7461 7510 7606 7614 7622 7624 7651 7680 7681 7682 7685 7704 7725 7742 7751 7762 7765 7789 7791 7800 7806 7967 7987 7989 7998 7999 8002 8007 8008 8009 8038 8043 8064 8079 8083 8098 8101 8110 8114 8191 8199 8210 8262 8282 8303 8319 8331 8340 8351 8359 8485 8533 8578 8585 8602 8642 8651 9308
965 181 1624 5886 8223
966 53 156 177 948 1092 1154 1187 1216 1630 1804 1912 2116 2227 2350 2578 2635 2943 2961 3144 4203 4275 4557 5716 5741 6049 6310 6382 7515 7879 7886 8643 9362 9763 10554 10816 10951 11017
967 720 7353 7490 8414 8473 8601 9510 9861 9887 10029 10211 10213 10821 10937
968 5 9 83 156 214 216 466 524 549 554 577 676 1007 1023 1234 1309 1440 1767 1841 1880 2227 2286 2287 2428 2455 2555 2558 2607 2904 2905 3761 3762 3911 3932 4057 4218 4243 4259 4466 4846 5162 5227 5275 5361 5767 5948 6128 6171 6377 6459 6803 6951 7575 7729 7782 7846 7862 7879 8187 8398 8468 8815 8866 8905 9051 9074 9078 9154 9261 9337 9411 9440 9485 9493 9545 9548 9643 9690 9740 9790 9810 9829 9868 9878 9893 9919 10049 10156 10181 10205 10217 10278 10334 10341 10348 10350 10365 10387 10391 10457 10467 10470 10481 10503 10550 10682 10692 10790 10862 10951 10965 11015 11042
969 5617 7178 8665 9501 9537 9851 10003 10424 10963 10990
970 6912 7752 7778 9101
971 1618 3023 3254 8941 9045 10004 10027 10088 10421 11031
972 32 39 5862 7879 8143 8146 8172 8196 8197 8240 8365 9939 9956 10348
973 1447 1758 1949 2227 2398 2514 2553 2636 3902 4088 6603 7118 7435 7578 9574 9612 10426 10750 10787
974 3081 3085 3096 6926 10123 10124 10125 10475
975 738 4157 9249 9740 9913 9923
976 1147 1314 1557 1662 3080 3454 3459 3462 3689 5369 7674 8990 10384
977 2312 4503 4849 5641 7174 8133 10548
978 1839 1962 2398 2613 5219 6177 7475 7816 8093 8433 9174
979 801 803 804 810 1407 4085 5193
980 1099 1122 1138 1188 1202 2149 2435 2476 2497 2561 2585 2624 2673 5492 7943
981 1919 1947 5671 6328 6514 6776 9659 9936 10783
982 4924 7246 9000 9245 10492 11009
983 2312 4512 4849 5481 5976 6144
984 768 1339 2090 2836 3074 3783 4675 5970 6562 7183 8239 10267
985 213 619 6241 9510 10528
986 140 1025 1044 1096 1097 1173 1190 6640 7737 7788 9771 11034
987 2324 8976 9257 9780 9851
988 831 3021 6090 6384 7832 9388
989 7053 7115 7304 7540 7554 8062 8365 8458 8528 8558 8702 9044 9687 9802 9815 9882 10716 10717 11004
990 2222 4620 6846 8009 8445 9800 10753
991 1882 7605 7650 7993
992 3306 3488 4535 5526 9378 10087
993 3416 9258 10430 10681 10923
994 1660 2802 3477 4447 5505 8253 8701 9246 9261
995 158 1147 1307 2252 3261 4700 7026 7388 7909 8103 8240 8389 9862 10132 10248 10350 10457
996 1064 2419 2681 6686 7654 7849 8747 8834 8967 9295 9389 9766 9847 9899 10025 10035 10091 10162 10316 10322 10590 10709 10870 10935
997 8023 8144 8167 8219 8264 8333 8519 8587 8737 8748 8884 8988 9002 9038 9074
998 975 1638 1907 1935 1990 2099 2180 2252 2429 2445 2551 2565 2600 2616 2635 2760 2887 2926 2989 3209 4097 4129 4597 5526 5741 5815 6668 7262 7603 8203 8389 10657
999 211 2659 7281 8400 10004
1000 3737 6503 6734 6996 7494 7663 8174 8194 8416 9064
1001 380 417 530 546 577 627 696 698 699 711 1447 2050 2245 2277 2336 2344 2659 2815 3062 3335 4002 4399 4836 6407 6429 7512 7774 8618
1002 60 64 140 921 1409 1445 1905 1919 1929 1931 1933 1942 1947 1956 2219 2891 2924 2979 3239 3327 3337 3340 4054 4179 4297 4443 4462 4463 4767 5988 6363 6511 6673 6842 6976 7182 7348 7766 8254 8299 8813 9132 9208 9268 9435 9436 9486 10049 10097 10181 10420 10684 11043
1003 8356 9481 9526 9559 10482 10638
1004 627 697 1992 2695 5464 5585 5896 6190 6668
1005 4370 4867 5504 5510 5898 6827 6857 7059 7142 7201
1006 1036 1147 1743 4448 8168
1007 83 219 522 756 986 995 998 1023 1027 1036 1264 1293 1310 1311 1312 1348 1501 1557 1661 1662 1743 1895 1935 1939 1943 2108 2227 2286 2287 2293 2294 2295 2302 2304 2389 2396 2398 2430 2441 2445 2459 2460 2519 2520 2555 2556 2600 2622 2686 2749 2878 2932 2961 2962 3397 3453 3483 3546 3690 3694 3756 3832 3895 4088 4260 4293 4316 4426 4661 4795 4825 5130 5778 6154 6160 6229 6273 6578 6616 7278 7489 7726 7771 7879 8395 8867 8921 9486 9490 10185 10243 10249 10978
1008 844 1241 1670 2393 2394 2521 4248 6460 7302 7521 7863 8169 8296 8475 8779 8983 9531 9605 9608 9641 9685 10002 10014 10069 10132 10150
1009 3 338 2740 3275 4587 5736 6533 6822 7586 8575 10366 10520
1010 702 1944 2819 3014 6602 6711 8644
1011 141 2285 2511 2633 2786 4027 4451 5021 5761 6200 7755 7921
1012 972 1042 1154 2166 2167 3297 3312 4371 4594
1013 2882 3632 8150 8517 10389
1014 1751 1752 1758 1845 1898 2649 3748 3876 4623 4892 5963 6013 6358 6640 6808 7101 7307 7521 7601 7632 8167 8219 8817 8906 9095 9186 9536 9946 9951 10085 10092 10141 10217 10244 10248 10255 10323 10350 10379 10389 10498 10503 10550
1015 224 1489 1490 1533 1869 5164 6417
1016 6698 7496 8180 8404
1017 525 1382 2254 2366 3914 4480 10710 10848
1018 391 1843 2659 2870 3277 4023 4407 5139 5324 7081 7730 8121 8139 9114 9207 9570 10072
1019 3294 3735 5524 6267 6291 6889 8439
1020 80 1031 1044 1464 1875 1876 2467 3189 3673 5057 5900
1021 987 997 5298 5888 7771 8674 9659
1022 99 115 153 216 614 621 705 994 1184 1882 2176 2305 2436 2466 2519 2520 2549 2695 3694 5987 6329 6378 6875 7107 8189
1023 469 1842 2528 2553 3360 4423 4598 5047 5335 5337 5634 5963 8823 9149
1024 123 2849 4641 4651 5031 5544 5735 5737 5780 5863 5897 6319 6483 6779 6906 7236 7296 7370 10674
1025 2275 4496 6696 7271 9680 10862 10976
1026 100 1708 1871 1968 2768 2839 3528 3870 4691 5433
1027 4409 5363 5866 10289
1028 926 3082 3489 4020 4163 4873 5153 5215 5536 7583 7591 8236 8377 9241
1029 1 1192 1637 3067 4190 5212 8257 8406 8554 8641 9008 11040
1030 2525 4082 5438 6144 7262 7569 7983 8163 8169 9535 9800 10035 10304 10996 11012
1031 522 579 1729 2608 2932 3205 6901 6919 6988 7977 8022 8531
1032 624 1881 4606 5214 5777 6067 6972
1033 7212 7891 8745 8995 9080 9135 9493 9565 9852 9997 10108 10109 10209 10291 10548 10719 10842
1034 394 469 1571 1675 1702 2255 2721 3704 4159 4489 7200
1035 2425 2522 4898 10501
1036 1544 1558 3227 5505 5937 6225 6365 8113 8218 8578 9861 10052
1037 5028 5772 6434 6759 7474 10957 11008
1038 31 2150 2352 2369 2556 2686 4207 5384 7521 7687 8167 9095 9357
1039 1421 4414 5961 7515 9644 10650 10653
1040 1150 2572 2701 8077 9442 9493 9536 9865 9867 10153 10226 10463
1041 625 1527 1978 2834 3513 3516 4509 5239 5285 5524 5571 6703 8452 8845 9109 9245 9833 10608
1042 8174 8224 8342 10135
1043 137 3583 4986 6124
1044 1953 3083 4635 5227 5578 6201 6993 9375 9659 10483 10588
1045 123 2521 4820 5115 5770 6041 6372 6597 7252 7302 7582 8051 8149 8351 8407 8734 8768 8864 9048 9148 9156 9163 9204 9275 9292 9437 9480 9834
1046 2781 2893 6330 7133 8581 9779 10423
1047 280 326 328 338 346 398 406 595 671 738 752 753 836 1074 1238 1310 1720 1721 2162 2175 2266 2510 2538 2541 2720 2762 2763 2918 3512 3528 3531 3735 4076 4106 4183 4189 4239 4266 4279 4477 4764 5095 5375 5434 5437 5551 6440 6868 6890 7586 8512 8865
1048 1036 1154 1758 1780 2466 3079 4588 6175 6683
1049 650 919 1363 1763 1905 1971 2178 2242 2243 2349 2661 2726 2745 2812 2987 3171 3212 3222 3620 4260 4763 4907 5264 6494 6749 6798 7017 7387 8205 8254 8312 8580 8999 9075 9089 10509 10512 10587 10860
1050 8 353 391 589 1600 1833 3449 3488 3881 3979 4465 4937 5681 5738 5838 5866 5881 5886 5951 5981 5991 6098 6329 10849 10960
1051 1209 1870 4839 6345 8960
1052 484 1807 3449 4798 9969 10419 10541 10631 10658
1053 1990 2781 3309 4915 6905 8306 8759 9421 10047
1054 1416 7484 7801 8258 9550
1055 2303 3538 4646 5047 5324 5401 6717 7186 9642 10497
1056 577 3342 3343 5127
1057 82 261 835 997 3553 3662 3663 3690 3764 3820 3847 3868 4720 5034 5298
1058 42 527 610 827 1908 5583 5951 7284 8862 9987
1059 233 1216 2851 2852 2998 4174 5562 5903 7613
1060 391 1771 1900 2131 2248 2368 2528 2781 3885 3955 4099 4260 4586 5212 5292 5438 5522 5578 5634 5665 5830 5866 5963 6119 6162 6201 6511 6798 6822 7200 8119 8205 9268
1061 113 1713 2552 3908 4771 5367 6217 8230
1062 4972 5593 7740 7802
1063 3702 8023 8332 10014
1064 233 271 398 574 934 1027 1035 1129 1150 1278 1282 1686 2654 2726 2850 2865 3090 3136 3233 3336 4375 5306 8001
1065 694 1002 1101 1173 2456 3253 5297 10430 10857 10886 10894 10988
1066 5574 6288 6683 7424 7619 8660 10338
1067 8792 9270 9570 9645 9829 10097 10235 10630
1068 883 888 5403 7014 8123 8180
1069 2162 2965 4151 5317 5623 5661
1070 383 469 1423 1763 2015 2323 2326 2376 2387 2393 2528 2781 3885 4915 5205 6147 6533 7153 7521 9149 9889
1071 6690 7152 9589 10640
1072 141 300 427 594 716 1084 1616 3401 4509 4952 5206 5366 7788 11028
1073 943 965 973 3599 7608 7895 7896 9042 9431 10244 10323
1074 5 39 72 141 216 391 392 979 1036 1052 1063 1064 1077 1094 1116 1133 1174 1219 1315 1476 1521 1572 1626 1637 1704 1728 1769 1821 1837 1838 1840 1882 1931 1933 1942 1947 2074 2222 2294 2355 2395 2404 2517 2548 2553 2563 2582 2636 2681 2719 2779 2832 2879 2893 2969 2981 3071 3085 3223 3229 3286 3402 3404 3482 3615 3968 4254 4425 4426 4943 4946 5022 5197 5206 5262 5292 5525 5538 5617 5650 5663 5805 5830 5963 6194 6261 6567 6584 6668 6822 7207 7384 7620 7684 8389 8530 8705 8787 9362 10481
1075 1554 5961 6549 6792 7196 9577
1076 1968 2015 6745 7194 7386 8035 8749
1077 127 162 920 1202 1205 1250 1416 1779 2435 2622 4493 5056 5140 6339 6538 7400 7943 9687 9867 10124 10125
1078 562 565 567 1488 1510 1533 1659 2227 2286 2287 2396 2398 2399 2938 2954 2965 5788 6875 7435 7879 8398 8948 9612 10389
1079 40 1208 1315 1846 1850 2862 4997 5380 5449 5592 5625 5720 5764 6205 6289 6405 6563 6584 6591 6633 6810 6815 7246 7902 8292 8485
1080 31 35 39 1274 5281 6999 8196 8220 8428
1081 2782 5405 5464 8900 9178
1082 6891 9038 9051 10682
1083 1208 1242 1315 1387 5625 6584 7947 7955 8192 8238 10301
1084 27 29 225 229 235 236 265 266 352 438 441 451 453 509 755 1371 1398 1481 1498 1562 1614 1638 1688 1714 1772 1843 1846 1990 2034 2053 2081 2266 2284 2312 2382 2731 2834 2850 2949 3216 3235 3637 3903 3961 4120 4250 4503 4505 4561 4592 4653 4655 4849 4905 5013 5062 5085 5332 5509 5599 5720 5792 5927 5943 6093 6103 6117 6121 6146 6177 6225 6288 6341 6342 6348 6412 6419 6460 6471 6594 6670 6683 7003 7174 9758
1085 197 565 1192 1249 1262 1266 1326 2165 2202 2205 3095 3312 5646 6192 8407
1086 1362 1757 2176 2377 2408 2525 2726 2926 3106 3137 3458 3637 4277 4505 4638 8836 9543 10587
1087 24 825 2925 11032
1088 479 532 540 760 948 986 1226 1250 2150 2227 2286 2288 2491 2678 3955 4335 5936 6154 6273 6749 7604 8580 8798 9075 9246
1089 109 2227 2268 2293 2646 3087 3238 3402 3917 4710 4759 6049 7713 8108 8995 10423
1090 5 299 300 1005 1044 1529 3179 4079 4174 4476 4898 5273 5755 5900 6461 6511 7740 7763 8932 8941 9039 9114 9699 9989 10430 10488 10842
1091 2573 2584 2671 2696 2711 4002 4863 6117 7069 10430 10579 10866 10871 10895 10971 11009 11025
1092 1534 1567 1820 2180 2443 4029 4935 4993 5063 5119 5202 5239 5317 5669 5986 6049 6254 6476 7509 8330 9352 9433 10517 10546
1093 44 527 646 650 831 908 1460 1642 2244 2416 3020 3023 3167 3605 4582 4610 4719 5043 6023
1094 189 8160 8723 9325 10947
1095 157 182 183 380 404 746 943 947 965 981 1019 1133 1188 1208 1252 1315 1371 1411 1447 1473 1481 1499 1533 1647 1665 1846 1857 1875 1876 1999 2064 2227 2245 2280 2350 2393 2394 2403 2456 2466 2489 2497 2731 2778 2989 3101 3141 3163 3712 3961 4343 4868 4897 4936 5098 5234 6061 6126 6193 6412 6698 6735
1096 1643 2207 2409 3123 5065 6193 6210 6407 6429
1097 85 9493 10031 10569
1098 2528 3967 4219 4423 4567 4805 5337 5674 6033 7153 9547
1099 1409 1713 2528 3053 3240 3536 3981 4115 4260 4723 5696 5886 6136 6328 6978 8486 9680 10049
1100 2264 2928 4432 6423 6846 7342 9299 9307 9662
1101 542 2154 2191 2248 2254 2366 3673 3914 4739 5719 6661 8718 8784 10678
1102 3289 3679 3746 4317 5939 7674 11037
1103 6256 7074 8525 9619 9893 10097 10159 10807 10859
1104 999 1877 2930 3404 3948 4586 4708 4917 4992 6201
1105 2946 5753 7527 10104
1106 1188 1243 7607 8251 8528
1107 5605 6005 6019 6875 8370 8482 9485 9643 9878 10540
1108 311 1133 1567 1609 3776 5201 5293 5482 5533 5660 6179 6209 8853 8854 10608
1109 195 197 301 326 328 339 348 419 503 529 531 556 604 641 690 704 1299 1300 1328 1389 1552 1748 1814 1843 1885 2209 2210 2283 2382 2551 2558 2570 2618 2628 2636 2653 2668 2882 2886 2912 3121 3151 3173 3186 3293 3677 3906 4004 4016 4076 4077 4127 4160 4182 4237 4245 4377 4502 4530 4540 4646 4669 4677 5095 5302 5317 5609 5785 6068 6177 6192 6291 6343 7469
1110 50 1692 3609 5215 5738 7135 7231 7518 7741 7746 8058
1111 562 564 565 2341
1112 12 951 4423 5743
1113 214 216 2932 3550 4205 4501 9704 9748 9868 10101 10221 10278 10328 10380 10460 10806 10824 10952 10968
1114 1904 1906 1914 1920 1945 2003 2040 2047 4013 4129 5184 7085 8284 8381 10043
1115 1909 2287 8629 10620
1116 7999 8885 9720 9897 9958 9975 9986 10060 10548
1117 2927 3298 3615 7092 7223 7485 7494 8027 8035 10374
1118 273 1036 3927 4683 5066 6120 7404
1119 2267 2659 7563 7599 8194 8465 8522 8798 9858 10117 10485 10588 10752
1120 250 842 1127 1539 1638 2772 2832 3059 3214 5829 7776 7995 8468
1121 2920 3340 10111 10245
1122 4987 5149 5978 6218 7739 7802
1123 330 1165 2726 4211 4653 4707 6330 6528 7733 9655 9758 10689
1124 3416 5206 5978 6769 8387 9891
1125 1999 3920 7563 7650 8329 9591
1126 2074 2879 5449 8826
1127 10 36 40 43 49 391 392 469 755 1002 1241 1498 1544 1614 1764 1772 1843 1905 2286 2287 2398 2615 2661 2726 2791 2792 2850 2864 2934 3154 3155 3157 3231 3538 3633 4115 4341 4344 4417 4505 4732 4790 4886 5161 5165 5168 5239 5282 5380 5384 5449 5479 5481 5494 5599 5641 5642 5691 5741 5800 5806 5815 5856 5870 5898 5936 6008 6016 6036 6040 6046 6056 6102 6103 6105 6167 6199 6214 6223 6240 6285 6288 6341 6342 6371 6375 6389 6393 6405 6412 6417 6419 6421 6428 6431 6433 6456 6480 6508 6562 6570 6585 6607 6666 6683 6753 7048 8254
1128 47 2267 2811 3951
1129 1626 9719 10661 10809 10941
1130 3 32 388 483 561 603 631 1205 1252 1422 1448 1520 1522 2368 2373 2395 2405 2406 3097 4240 4468 4490 6707 6780 7583 7664 8183 8197 8218 8226 8524 8763 8801 8899 9296 9475 9593 9825 10015 10169 10248 10329 10347 10369 10397 10780 10945 10962
1131 4801 4978 5598 6204 7828 8051
1132 265 432 1420 1512 1558 1641 1714 1868 2810 4891 5898 5994 6097 6341 6472 6573 6723
1133 1232 2891 3252 5535 7108
1134 284 1976 2290 2350 3097 4135 4711 4766 4939 5330 5849 5904 6313 6493 8389 8682 8948 9014
1135 425 1684 5267 8072 8650
1136 64 2267 5609 6581 7156 9149 9358 9909 10056 10915 11016
1137 979 1063 1905 8254
1138 843 1822 4234 5468 6040 6497
1139 36 99 384 453 1036 1961 2286 2396 2399 2781 3538 4399 5743 8729
1140 617 945 1436 7702 9759 10015 10248 10278 10345
1141 392 515 600 652 1198 1624 1660 2726 2870 2926 3021 3022 3277 3613 4546 4896 5634 5925 6570 6674 9735
1142 9 1480 3102 3228 3488 4208 6600 6738 10701
1143 726 1893 3096 4207 6120
1144 179 1138 1157 2645 3913 6968 7405 8562 8945 9579 9649 9685 9687 9724 9746 9759 9802 9815 9850 9939 10145 10172 10190 10193 10218 10233 10250 10256 10283 10329 10340 10347 10369 10397 10404 10406 10448 10493 10591 10631 10653 10655 10659 10669 10685 10723 10858 10941 10962 10966 10972 10976 10997 11002 11024 11027 11036
1145 8886 9136 9897 9958 10132 10306 10371 10377 10389 10526 10676
1146 330 332 619 979 3256 3336 3769 3811 4174 4463 4535 4707 4853 4917 5767 6000 6475 6503 6842 7162 7183 10950
1147 1247 3182 5837 5876 7289 7369 7560 7715 10517 10584
1148 2000 2017 2044 4039
1149 4750 7204 8174 8410 8881 9574 9848 10078 10246 10641
1150 322 679 753 886 1151 1268 1308 1567 2838 3105 5272 5755 6201 7630 8208 8606 8854 10820
1151 1990 2005 2019 2867 3503 3967 4955 5970 6102 6650 6766 7603
1152 1464 1472 2926 3892 3935 3960 4136 4640 4750 5132 5218 5384 5391 5414 5563 5833 5994 6407 6429 6469 6609 6615 6723 6894 7726 7765 8505 8884 8938 9567 9618 9678 9918 10021 10050 10132 10208 10427 10526
1153 3599 8628 9964 10692
1154 557 727 2145 2286 3197 4108 6952 7142 7879 9347 9490 9646 9689 9951
1155 278 380 388 420 469 561 646 878 905 1027 1036 1077 1147 1447 1625 1968 2082 2227 2244 2286 2287 2288 2316 2347 2375 2398 2764 2938 3085 3163 3469 3617 3803 3982 4538 4619 4716 4813 4921 5210 5238 5385 5741 5864 5976
1156 71 74 229 360 576 625 834 893 1074 1158 1193 1229 1248 1612 1836 1891 2008 2164 2371 2538 2560 2792 3068 3527 3530 3576 3992 4075 4094 4239 4266 4477 4478 4655 4924 5095 5350 5552 6068 6070 6368 6508 6536 6600 7427 7462 8069 8314 8775 8833 8853 9775 9783 10089 10454 11008
1157 1529 3031 8659 8860 9224 9478 9480 9760 9888 9916 9924 10012 10150 10170
1158 1316 3413 4729 5187 5333 5767 5974 6328 7074 7884 8665 9807
1159 3791 3823 4199 5037
1160 5336 5362 8230 8591 9836
1161 2195 6526 8982 9977
1162 549 676 2125 2618 2702 3077 3601 7469 7784
1163 581 1886 1887 3198 3328 4251 7114 7647 9170 9353
1164 360 5236 5826 6203 7110 10782
1165 1233 6474 7884 10159
1166 5691 6365 8719 8985 9595 10093
1167 1957 1973 2040 2446 6361 6425 8744
1168 391 392 501 1063 1154 1199 1447 1838 3110 3633 3877 4028 5227 5886 6444 8206 8654 8914
1169 627 848 1780 1871 2037 5339 5340 6769 7563 8067 9461 9687 9754 9858
1170 905 926 1280 1373 1743 3296 6347 6903
1171 1424 4345 5404 7136
1172 5815 8988 9295 9391 9656 9682 10117 10268 10277 10722
1173 1112 4453 5925 9457 10018
1174 3864 3989 5405 5697 6005 6601 7715 8111 8709
1175 1554 3314 4560 5753 5921 6180 8366 8369
1176 6074 7278 7741 7747 9411 10530 10591 10827
1177 330 912 1969 3614 6029 6418 7195 8792 9758
1178 2166 2167 6029 6461 6996 7339 8090 8916 8936 9699 9803 9852 10548 10559 10560
1179 2942 3309 4572 4987 7714 8355 8548 8916 8936 9023 9304 9682
1180 39 1313 1990 6464 6514 6732 8239
1181 1241 1251 1274 1341 1797 3212 4809 5113 5641 8320
1182 10251 10558 10560 10630 10711 10774 10865 10875
1183 661 4750 6283 7090 7732 8449 8701
1184 311 8811 9002 9075 9375 10741
1185 4534 9482 9842 9959
1186 1 10 69 119 125 216 363 373 434 545 583 616 634 668 684 708 748 871 938 1038 1096 1101 1119 1147 1160 1171 1181 1210 1250 1285 1345 1351 1393 1416 1439 1447 1469 1473 1499 1504 1523 1533 1623 1647 1649 1650 1670 1671 1672 1673 1677 1680 1702 1739 1758 1807 1871 1972 1976 1995 2032 2043 2057 2058 2065 2068 2069 2089 2100 2125 2157 2168 2184 2196 2199 2207 2218 2232 2248 2253 2269 2280 2315 2354 2373 2376 2387 2389 2391 2392 2393 2394 2398 2400 2401 2490 2514 2517 2523 2547 2559 2585 2637 2638 2639 2644 2648 2667 2682 2735 2764 2774 2784 3085 3139 3163 3246 3247 3284 3287 3543 3572 3580 3581 3585 3703 3791 3851 3869 3897 3902 3922 3959 4048 4073 4085 4095 4114 4167 4173 4200 4201 4204 4232 4244 4268 4310 4314 4344 4396 4423 4469 4512 4548 4596 4794 4798 4815 4825 4827 4900 5032 5056 5064 5074 5146 5164 5173 5186 5196 5242 5308 5335 5390 5422 5500 5566 5603 5612 5646 5701 5719 5731 5782 5810 5811 5825 5894 5904 5929 5942 5990 5999 6009 6013 6071 6131 6160 6184 6197 6244 6349 6356 6364 6395 6404 6422 6457 6496 6538 6584 6589 6597 6606 6616 6636 6694 6740 6756 6845 6931 6990 7098 7161 7176 7197 7264 7282 7302 7304 7323 7356 7382 7472 7565 7579 7593 7598 7621 7627 7660 7665 7678 7689 7691 7702 7718 7767 7774 7796 7799 7817 7863 7879 7914 7929 7930 8218 8225 8234 8240 8255 8367 8393 8396 8413 8472 8480 8524 8562 8577 8595 8620 8654 8690 8692 8724 8771 8805 8830 8831 8954 9011 9142 9204 9247 9259 9269 9272 9288 9324 9338 9484 9505 9590 9666 9687 9787 9844 9920 9926 9939 9955
1187 28 34 59 621 1546 1642 1906 2143 2385 2937 3023 3237 4423 4653 4865 5672 9758 10409 10790
1188 9871 9892 9999 10782
1189 996 1019 2503 5491 7212 7307 8648
1190 97 105 718 782 905 975 1440 1769 1778 1788 1961 2148 2434 2441 2445 2606 2611 2829 2885 3236 3326 3334 3490 3496 3550 3613 3723 6265 6921 6952 7180 7389 8673 9735
1191 17 5543 9109 9772
1192 1308 8344 8397 8517 9444
1193 386 391 515 600 601 1227 2320 2556 2616 2621 2661 2781 2881 3286 3473 3809 3990 4540 4541 4688 4964 5578 6092 6323 6630 7463 7783 7972 8473 8559 8933
1194 1036 1913 1919 2006 3535 4365 5511 5598 5606 7042 8691 9189 10302
1195 1316 3323 4948 6725 7152 7154 7200 8205 9291
1196 63 739 4451 4675 7559 9016
1197 1951 2668 3612 5732 5741 5947 7842 9484 10517
1198 140 539 563 565 1036 2131 2609 3376 9593 9955 10092 10319 10973
1199 877 1354 1585 1613 1861 2640 3062 3178 3208 3286 3414 3677 3678 4857 5673 7133 7167 7426 7655 8182 9200 10430 10561
1200 608 634 3106 4260 5556
1201 4927 5371 6464 6466 7534 7789 8105 8472 8599 9151 9431 9485 9619 9884 10386
1202 860 1638 2279 2714 8309 8554 9155 9453 9535
1203 31 5384 6158 7204 7521 8167 8884
1204 797 817 7204
1205 171 394 506 1171 1298 1670 1692 1862 1869 1870 1933 1968 2155 2376 2501 2630 2737 2919 3636 3984 4233 4263 4433 4436 4781 4837 5686 5808 5882 6494 6495 6784 6792 7155 7258 7343 7353 7406 7779 8538 9257 9543
1206 3537 6363 10241 10950
1207 113 883 1598 1603 2146 2877 5337 6034 6150 6682 6752 7372 7777 8017 8048 8311 8729 10181
1208 6112 7916 8140 8879 8958 9161 9231 9470 10110 10187 10313 10454 10617 10749 10823 10836 10895
1209 190 6447 9763 9891 10512
1210 240 242 738 752 1311 2107 2108 2430 3662 3663 3664 3668 3739 3740 3741 3761 3764 3836 4482 4973 6582 7759 7875 8239
1211 474 595 671 679 2583 2989 5895 6680 6889 7024 7093 7504 7536 8675 9294 9494 10093
1212 2850 7933 8065 8278 8561 8672 8770 9067 10867
1213 460 893 4952 5168 5404 6042 6105 6213 7095
1214 1416 1469 2092 4085 8088 10758
1215 77 1042 1132 1248 1646 3033 3301 3519 3933 4522
1216 116 883 1824 5302
1217 1864 2231 8861 10176 10347 10369 10448
1218 8995 9135 9479 9568
1219 216 2286 2436 3179 3954 6511 6838 6986 7175 8012 8640 9448 9942
1220 161 921 2526 2528 3083 3155 3768 4097 4811 5630 9268
1221 1166 1296 4358 5808 7676 8424
1222 3231 3964 4936 5380 5407
1223 1487 1650 2206 6123 7216 7612 10073
1224 1765 6027 6376 9199
1225 1293 1990 3081 8043 8657
1226 2227 2459 2460 2981 4426 5815 7651 9132 9270 9600 9790 10149 10264 10294 10334
1227 2910 4234 4644 6040 8517 9559 10610
1228 7553 7560 8501 10321
1229 1419 5747 6914 9142 10148
1230 1152 1153 2099 3480 3655
1231 937 1036 2092 2252 4280 8389 10262 10379 10701 10950
1232 878 1738 1878 1884 7633 10179
1233 777 1508 1551 1586 3535 7489
1234 41 1496 6983 8629 9238 9303
1235 30 39 421 517 521 602 618 652 662 663 664 725 3923 4044 4428 5082 5397 6073 7040
1236 1115 1117 1208 5440 6370 7217 7311 7424 8345 8354
1237 37 476 3438 3464 4339 4523 6686 8159 8416 8702 8765 8914 9357
1238 1176 2286 2404 2493 3086 3144 3349 3753 4068 5078 7534 8367 8445 9132 9270 9873 10471 10570 10606 10780 11037
1239 986 3090 3407 6273 10832
1240 1725 4284 6655 6882
1241 171 389 817 1135 2227 2228 2242 2243 2274 5189 7327 7738
1242 5228 5465 8750 9888
1243 2189 5777 6387 6445 6694 7023 7774
1244 1372 2135 2138 3487 6223 6654 6858 7227 7636 8542 8610 8742 8792 8796 8826 8876 8892 8971 9020 9102 9359 9585 9678 9794 9840 10296 10377 10529
1245 635 941 1935 2095 3422 4487
1246 64 119 156 469 479 499 500 562 564 565 583 587 996 1019 1138 1163 1188 1516 1670 1756 1758 1770 1954 1959 1966 1994 1998 2018 2060 2080 2125 2227 2261 2270 2286 2287 2288 2294 2302 2373 2398 2435 2476 2489 2514 2521 2682 2962 3024 3040 3072 3139 3510 3673 4004 4065 4125 4255 4411 4496 4587 5192 5228 5490 5491 5492 5748 5775 6151 6160 6201 6511 6740 6788 6898 7224 7382 7554 8376 8395 8750
1247 11 26 27 31 34 39 546 2821 2851 2852 3065 3811 5441 6160 6696 6776 7578 7737 7821 8200 8312 8629 8836
1248 7933 8065 8278 8561 8672 9062 9067 9175 9244 9404 9526 9836 10067 10520 10867
1249 6368 6568 8314 8719 8854
1250 469 5236 9761 10412 10510 10558
1251 2435 2521 3508 7977 9238 9303 9581 9700 9706 9784 10297 10432 10558 10727 10897
1252 276 468 1296 1900 1988 2393 2862 3042 3143 3407 3442 4023 5333 5498 5971 6471 6533 6550 6668 6792 6891 7029 7046 7183 7258 7311 7668 7713 7714 8149 8463 10104 10543 10546 10754
1253 102 1449 3959 4689 6616 7233 7304 8736 8946 9054
1254 5886 7851 7926 8267 8535 8921 9355 9485 9878 10175 10333 10596 10862 11011
1255 827 8812 8928 11032
1256 584 886 2070 3043 5843 10526
1257 36 60 140 147 216 298 391 462 464 515 521 545 562 568 604 664 694 940 967 1036 1063 1110 1116 1117 1118 1311 1346 1347 1435 1443 1600 1842 1852 1882 1902 1910 1919 1929 1933 1961 2129 2227 2269 2286 2287 2288 2293 2294 2295 2302 2350 2398 2430 2517 2519 2520 2547 2548 2549 2559 2781 2926 2929 2962 3079 3083 3085 3086 3088 3089 3090 3096 3125 3154 3155 3401 3419 3445 3453 3455 3539 3540 3546 3549 3885 3926 4011 4060 4097 4370 4426 4501 4573 4584 4653 4894 5009 5124 5438 5803 5856 5866 5886 5963 6154 6160 6201 6363 6411 6674 6875 6999 7053 7165 7207 7578 7620 7654 7699 7932 8180 8379 8395 9758 10128
1258 107 312 313 391 623 1282 1384 1398 2180 2265 2380 3042 3225 3237 3238 3248 3286 3404 3449 4407 4417 4747 4946 5335 5393 5505 5543 5578 6225 6434 6796 6798 7017 7187 7317 7521 7545 7947 7995 8191 8283 8383 8424 8534 8836 8843 10423
1259 6407 6429 7596 7879
1260 1700 1763 2230 4099 6533 6675 6822
1261 971 2220 4211 5986 6302 6441 7137 7520 7842 7872 7977 8104 8273 8605 9045 9118 9457 10093 11031
1262 383 1063 1233 1346 1347 1423 1637 1763 1961 2528 3354 4099 5047 5205 6822 8205 10874
1263 115 1007 1543 2122 3891 6222 7565 8783 8799 8947 10298 10419 10806
1264 1947 3003 4300 4460 5545 6539 8085
1265 228 958 967 2293 3453 3692 4448 4565 5806 7120
1266 53 3237 6360 7250 7437 7440 9299 10548 10612
1267 20 2319 8769 9387 9561 9818 10577 10591
1268 58 1363 1701 4735 5898 6460 6484 6508 6850 9390 9450 9549 9551
1269 181 420 469 487 561 823 843 1244 1704 2349 3618 4495 6481 6622 6690 7220 7714 7740 8068 8082 8827 9103 9480 9526
1270 301 2976 6073 6209 8299 8318 9701 10327 10836
1271 1063 1108 1941 1946 2517 2578 2635 3023 4501 5105 5268 5505 5525 6189 7200 9043
1272 482 1403 1926 2200 3359 4209 4456 7043
1273 621 2008 2016 2042 4368 6465 6875 7773
1274 107 1612 1748 2772 3196 4604 9198
1275 2286 2287 2288 2436 2517 3965 9132 9873
1276 1036 2668 3053 3054 4115 6363 6677 9037 10087 10116
1277 10 73 75 270 393 615 702 845 852 893 990 1027 1139 1154 1167 1221 1310 1314 1335 1479 1521 1522 1689 1743 1778 1910 2000 2064 2131 2307 2393 2435 2508 2659 2688 2696 2724 2770 3299 3547 3549 3649 3955 4332 4609 5546 5731 5798 5978 6318 6367 6478 6480 6491 6585 6593 6610 6634 6636 6656 6660 6740 6804 6819 6831 6965 7129 7158 8468 8724 9687
1278 58 267 270 2006 2815 4285 4365 4904 4924 5895 5918 6209 6657 6889 7002 7057 7427 7685 7986 8265 8431 8439 8533 8557 8909 9161 9162 9424 9494 9595 9671 9722 9723 9819 9821 9826 9827 9931 9932 9945 10003 10089 10093 10388 10428 10454 10492 10618 10663 10721 10767 10777 10831
1279 70 73 229 269 298 326 328 339 341 407 450 528 685 738 753 893 900 905 949 972 1004 1133 1158 1208 1213 1251 1279 1310 1312 1315 1325 1330 1341 1348 1387 1399 1405 1447 1483 1499 1501 1509 1615 1630 1687 1690 1720 1721 1742 1758 1768 1791 1792 1795 1836 1843 1880 1994 2046 2081 2092 2095 2116 2152 2227 2268 2276 2281 2286 2288 2302 2340 2407 2430 2444 2445 2450 2461 2462 2479 2488 2519 2520 2521 2528 2573 2619 2621 2659 2671 2683 2696 2711 2767 2823 2842 2845 2912 2962 3081 3082 3083 3085 3090 3091 3096 3112 3148 3194 3207 3209 3322 3331 3452 3479 3498 3546 3639 3667 3750 3827 3834 3944 4094 4155 4209 4216 4447 4506 4555 4666 4746 4784 4892 4904 4965 4986 5009 5161 5282 5342 5380 5459 5475 5481 5521 5604 5625 5697 5717 5720 5741 5794 5800 5813 5821 6013 6036 6105 6112 6288 6325 6403 6546 6662 6736 6804 7296 7444 7500 7871 7971 8236 8395 8403 8468 8765 8908
1280 20 1671 4068 6989 7879 10976
1281 2942 6987 6996 8320 8916 8941 9061 9093 10037 10421 10545 10656 10698
1282 589 1441 2367 2430 3558 4627 5058 5086 5778 5844 5887 5924 6198 6573 6774 6804 8086
1283 1912 4273 6578 11017
1284 1264 1293 1348 1501 1767 2429 3948 4917 5282 5438 7187 7766 7964 8907
1285 3183 4935 6718 7526
1286 2737 3366 3402 3466 9366 9535 9678 10846 10912
1287 579 947 1766 1848 2033 2039 2446 2564 2771 2985 3503 3535 4139 5160 5344 5573 5795 6006 6100 6508 6510 7971
1288 72 179 182 188 196 202 210 279 340 354 386 388 509 525 596 668 677 692 743 1063 1064 1094 1102 1117 1118 1152 1153 1172 1200 1244 1246 1255 1265 1266 1269 1272 1282 1327 1346 1347 1357 1363 1367 1383 1398 1403 1404 1425 1552 1589 1614 1638 1660 1692 1700 1704 1705 1728 1757 1811 1825 1830 1844 1852 1912 1918 1926 1956 1960 1971 2015 2127 2156 2172 2183 2193 2219 2223 2231 2262 2325 2328 2355 2364 2378 2459 2460 2526 2528 2535 2589 2636 2667 2686 2726 2781 2879 2884 2888 2987 2989 3031 3091 3126 3138 3152 3263 3272 3273 3525 3634 3955 4014 4072 4106 4121 4221 4336 4353 4509 4540 4589 4628 4886 4964 5113 5189 5270 5348 5504 5740 5748 6103 6223 6261 6460 6561 6822 6827 7086 7101 7267 8058 8149 8636 11017
1289 3265 5348 7017 7985 8283 9678 10815 10970
1290 1000 1640 2492 2527 3407 4585 4950 6480 6668 7480 9644
1291 2074 3185 4417 7831 8478 8531 10430 10548
1292 53 8074 8241 8242 8429 8607 8769 8795
1293 1117 6464 8657 9256 9493 9584 9786 9883 10298 10427 10945 11000
1294 96 881 948 1255 2132 2458 2612
1295 1126 2230 2364 2376 2742 3141 6897 9224
1296 589 2589 3911 4476 7357 10967
1297 318 2464 5621 6114 7000 7126 7308 7531 8011
1298 273 349 352 353 356 357 600 2236 2957 2990 3289 3329 3371 3403 3407 3447 3891 3976 4021 4183 4247 4371 5838 6229 6303
1299 1379 2077 3085 4402 4667 6788
1300 322 339 988 1004 1042 1045 1084 1090 1103 1133 1170 1387 1615 1891 3116 3944 4319 4602 5387 5551 5637 7498 8208 8417
1301 39 2417 2420 5632 7088 8239 9293
1302 483 1369 1753 1866 2262 5620 6585 6898 7051 8047 8061 8616 8768 8840 9345 9687 9977 10723 10917
1303 265 269 309 338 515 623 1320 1971 2174 2284 3031 3126 3147 3188 3191 3215 5062 5183 5227 5441 5524 5772 5945 6089 6539 6698 6880 7020 7200 7292 7319 7561 7586 7744 7751 7807 7821 7985 7989 8047 8166 8169 8180 8212 8217 8288 8325 8333 8351 8406 8538 8571 8580 8640 9089 9107 9114 9156 9164 9177 9262 9327 9418 9705 9760 9904 9998 10043 10065 10072 10152 10279 10571 10586 10587 10611
1304 6328 7351 8872 10586
1305 3299 3308 3322 6786 10613
1306 12 116 219 657 3894 4219 4910 5217 10978
1307 7634 9370 9869 9940
1308 477 1086 1121 3324 8922 10520 11035
1309 638 2166 2167 6496 7258 8814 9153
1310 1548 3789 6329 6379 6614 7180 7321 7773 8214 8241 8274 8281 8377 8438 8584 8755 9045 9431 10899 10951
1311 982 2092 2118 2144 2331 2332 2605 2608 2612 4370 5333
1312 2526 2926 7239 7314 9016 10486
1313 470 2207 2315 4541 4798 4860
1314 367 1063 1851 2287 4850 9844 9859 9870 9983 9984 10058 10312 10740 10921
1315 7879 9451 9457 9461 9463 9464 9476 9482 9485 9488 9505 9507 9514 9520 9526 9527 9529 9568 9570 9574 9575 9586 9598 9604 9615 9622 9624 9630 9648 9650 9671
1316 46 1968 2089 7933 8278 8561 9238 9250 9404 9956 10170 10562 10699 10867
1317 533 903 920 926 1063 1092 1510 2121 2268 2781 2992 3446 3954 4394 4596 4738 4882 5359 5546 6516 6790 7583
1318 1407 1569 3662 3754 7062 7761
1319 2345 2407 3524 5481 5514 8624
1320 1268 1472 1530 1538 4414 4886 6232 6617 8275
1321 1763 2712 3162 3750 4211 4250 4676 4854 5890 7341 7568 7655 7855 8555 9045 9179
1322 157 1702 5520 6193 6370 6387 6445 6521 6668 7679 8138 8640 10051
1323 298 1603 2730 3045 3490 3537 5009 6454 7111 7175
1324 2048 2562 3182 3208 5755 6461 6734 7492 7740 7763 8410 9181 9537 10030 10170 10548 10560
1325 1172 1890 3862 4110 4111 4894
1326 43 226 331 354 531 901 1371 1420 1427 1451 1472 1498 1503 1558 1619 1660 1694 1714 1846 1874 1987 2317 2634 2705 2731 2762 2772 2909 2945 2987 3031 3132 3182 3215 3216 4120 4278 4285 4578 4615 4634 4735 5013 5049 5285 5423 5505 5720 5772 5944 5946 5959 6021 6042 6043 6070 6097 6285 6368 6462 6471 6545 6615 6633 6671 6691 6706 6762 6764 6981 6984 6997 7001 7013 7017 7020 7024 7030 7048 7056 7059 7067 7082 7093 7109 7131 7142 7147 7151 7167 7177 7200 7201 7211 7213 7237 7246 7308 7314 7325 7327 7332 7374 7375 7408 7411 7462 7504 7545 7561 7661 7865 7939 7967 8110 8162 8262 8292 8296 8392 10005
1327 1337 1772 3231 6094 7217 8409 8414 8542 8563
1328 49 157 300 428 757 796 797 810 1147 1152 1153 1175 1311 1398 1621 1722 1912 2100 2230 2241 2317 2398 2651 2661 2800 2843 2884 2923 3020 3044 3128 3458 3462 3481 3637 3846 4111 4416 4595 4661 4669 4689 4690 4872 5117 5281 5578 5767 5888 5981 5997 6033 6103 6155 6160 6171 6193 6214 6246 6317 6387 6442 6445 6454 6471 6480 6496 6504 6512 6562 6570 6582 6585 6591 6593 6631 6662 6670 6679 6683 6766 6804 6819 6825 8066 11017
1329 3318 6265 7017 8283 8884
1330 89 141 185 199 295 297 300 333 336 337 339 433 474 546 572 577 591 595 611 639 680 752 753 812 836 915 952 988 1000 1003 1023 1028 1034 1040 1042 1065 1074 1088 1090 1103 1118 1120 1124 1127 1132 1133 1158 1167 1184 1193 1222 1227 1234 1240 1248 1264 1280 1348 1415 1430 1501 1509 1515 1544 1599 1638 1654 1717 1791 1792 1795 1815 1836 1837 1843 2111 2158 2533 2541 2572 2573 2579 2583 2584 2593 2595 2597 2614 2619 2621 2628 2657 2658 2659 2661 2680 2688 2696 2765 2798 2808 2959 3076 3081 3172 3182 3272 3320 3349 3400 3406 3479 3680 3754 3879 3910 3911 4002 4016 4076 4077 4087 4094 4128 4144 4161 4279 4382 4406 4426 4444 4446 4471 4669 4779 4930 5339 5340 5388 5482 5521 5551 5552 5583 5713 5906 6092 6363
1331 934 2525 3416 4846 7133 8575 9149 9349 10843
1332 1727 6923 7515 8051 8841 9163 9687 10815
1333 11 3717 3973 5177 6155 6299 7120
1334 164 1643 3708 4537 6229 6746 7350
1335 5 42 61 90 96 98 99 100 126 135 139 140 144 150 152 153 155 160 204 238 260 297 298 299 326 403 426 462 475 478 493 494 518 533 535 550 556 558 562 563 579 582 583 585 588 613 620 622 652 657 681 696 697 703 718 722 727 728 819 838 839 879 881 882 886 905 920 926 932 934 938 941 942 943 944 945 946 948 953 962 967 969 978 982 985 987 989 990 992 995 996 997 998 999 1005 1009 1015 1018 1023 1032 1033 1034 1047 1050 1056 1061 1068 1069 1073 1076 1089 1092 1095 1099 1105 1107 1109 1115 1117 1118 1119 1130 1149 1173 1208 1212 1219 1243 1310 1312 1346 1347 1363 1394 1395 1396 1415 1418 1437 1440 1442 1467 1489 1490 1509 1520 1522 1590 1591 1594 1595 1622 1653 1672 1673 1727 1778 1790 1793 1799 1809 1810 1816 1829 1832 1842 1849 1879 1892 1894 1896 1902 1905 1910 1913 1935 1939 1940 1943 1948 2083 2092 2095 2098 2099 2115 2117 2118 2119 2128 2131 2132 2134 2138 2143 2144 2146 2147 2178 2233 2268 2286 2290 2293 2297 2299 2302 2304 2307 2330 2332 2353 2359 2362 2383 2391 2394 2399 2400 2401 2430 2435 2437 2438 2443 2444 2445 2447 2453 2454 2458 2461 2466 2472 2476 2477 2478 2479 2488 2489 2490 2495 2497 2499 2503 2521 2523 2525 2534 2540 2547 2551 2556 2565 2593 2595 2597 2599 2602 2603 2604 2607 2609 2612 2630 2662 2668 2699 2701 2727 2740 2741 2744 2765 2790 2822 2839 2873 2877 2878 2891 2943 2954 2961 2962 2969 2970 2971 2974 2984 3000 3001 3002 3006 3007 3008 3009 3012 3047 3056 3074 3080 3085 3086 3090 3092 3094 3099 3106 3114 3133 3144 3173 3176 3179 3181 3237 3257 3259 3311 3318 3319 3334 3349 3355 3397 3405 3422 3434 3436 3453 3454 3551 3593 3629 3630 3676 3692 3751 3752 3753 3754 3758 3767 3799 3800 3801 3867 3868 3869 3877 3897 3912 3922 3924 3932 3938 3954 3974 3986 4046 4047 4051 4054 4055 4062 4067 4068 4069 4074 4080 4091 4100 4103 4126 4161 4165 4167 4178 4179 4180 4196 4212 4214 4215 4226 4227 4228 4230 4231 4259 4262 4264 4265 4279 4316 4359 4426 4446 4448 4455 4471 4473 4475 4559 4617 4621 4668 4678 4686 4700 4713 4758 4778 4795 4796 4804 4884 4934 4941 5009 5024 5046 5102 5135 5278 5298 5311 5351 5369 5491 5492 5512 5535 5540 5684 5734 5807 5827 5831 5880 5886 5892 5910 5950 6015 6055 6059 6127 6157 6340 6377 6479 6511 6724 6758 7092 7160 7171 7372 7458 7543 7554 7591 7612 7673 7774 7813 7859 7867 7958 8019 8075 8194 8206 8254 8389 8395 8396 8478 8682 9029 9044 10824
1336 140 530 696 1044 1063 1838 1840 1841 2573 2661 2752 3617 3982 5674 5984 6010 6153 6210 6370 6384 6689 6807 6819 6950 7017 7067 7531 7614 7637 7741 7747
1337 2068 5355 9259 9387 9666 9859 9965 10782
1338 157 2269 2302 3462 4726 5594 6193
1339 64 1566 2454 2555 2655 2874 3811 4470 5954 6311 7712 8311 8424 8647 8896 9051 10350 10531
1340 60 383 429 533 582 886 905 944 966 1002 1106 1116 1311 1568 1600 1905 2706 3045 3069 3083 3085 3090 3113 3271 3601 3630 4080 4149 4341 4597 4600 4894 5569 5994 6105 6363 6758 6957 7207 7399 7726 8254
1341 8679 9327 9545 9998 10578
1342 7089 7483 8876 8984 9023 9175 9442 9510 9598 9610 9622 9683 9699 9894 9979 10108 10132 10846
1343 39 138 517 606 652 766 979 3611 4838 6029 6776 6963 8607 8626
1344 8216 8728 8739 8966 9157 9294 9595 9626 9686 9800 9897 9932
1345 1447 1660 3610 3726 8036 8450 8721 9656
1346 1264 4819 5447 5716 5763 6209 6306 6342 7131 7167 7173 7411 7742 8358 8584 8689 8733 8958 9753 9851 10563 10753 10823
1347 59 414 621 689 723 1848 2116 2461 2519 2520 2613 2710 2935 3133 3326 5795 5878 5998 6875 6921 6952 8122
1348 53 54 3748 4653 4791 6562 6991 7357 7620 7739 8148 8531 9758
1349 9164 9493 9559 9565 9574
1350 3806 4115 6627 9361 9397 9964
1351 8156 8442 9224 9452 10488
1352 140 383 979 1208 1900 3955 4666 5578 6645 6822 6894 7200 7606 7707 8425 8872 9656 10079 10860
1353 262 738 1518 2679 3050 3671 4676 5065 5168 5239 5377 6309 6466 6478 6584 6687 6689 6765 6948 7658 7729
1354 797 1190 4905 5692 5945 8162 8748 8875 8937 8998 9039 10389 10927
1355 901 1104 2872 3407 5507 6664 8169 8825 9024 9114 9243 9257 9323 9394 9407 9513 9527 9879 9958
1356 1165 2222 4211 4677 5635 7020 7204 7209 7311 7417 8504 9457
1357 627 936 2665 3635 3638 3643 7715 7750 8067 9099 9739 9865 10316 10361 10377 10463 10486
1358 76 577 738 919 2216 4771 5533 5830 8853
1359 1447 1557 1747 2834 3053 3083 3085 3088 3089 3092 3094 3154 3155 3237 3633 4353 4473 5234 5440 5577 5642 5665 6371 6683 7121 7424 7468 7684 7723 7860 8332 8530 10128 10418
1360 916 921 956 1098 1289 1486 1882 3130 3218 4108 4320 4683 5438 5523 5605 6328 7357 7463 7787 8631 9151 9581 10531 10897 10986
1361 2150 2525 3068 6734 6788 7399 7400 7471 7573 7835 8312 8659 9181 9444 9479 9559 10288 10357 10423 10571 10610 10684 10877
1362 305 1208 1241 1299 1300 1498 3871 4120 4252 7229
1363 926 4459 8896 10370
1364 107 172 3216 4509 4748 4916 4917 4953 6229 8216
1365 3023 5886 6502 8309 9117
1366 1194 1892 4447 5998 8403 8934 9519 9856 9890 10380
1367 5867 7394 9755 10877
1368 3390 4928 8453 10417
1369 229 6573 6736 6874 6912 7045 7168 7246 7752 8061
1370 2 19 158 188 1043 1800 1801 1805 2074 2408 2501 2747 2802 3466 4083 4407 4865 5211 5238 5639 5728 6097 6229 6330 6875 7081 7105 7879 8275 8456 8608 8629 8890 9068 9110 9508 10548
1371 1225 2800 3531 3859 3992 5206 5886 7894 9537
1372 1413 1414 2739 2880 3211 5145 7526 7705 7732 8370
1373 1820 2815 7916 10323
1374 520 544 557 579 583 585 587 648 649 2435 2436 2483 2517 2574 2605 2624 2979 3257 3377 4054 4178 4179 4558 4622 4814 4842 5024
1375 6171 8972 9102 9111 9211 9330 9415 9428
1376 114 1267 5443 7451 9663 10431
1377 4632 7539 8351 9156
1378 506 547 1210 1363 2476 3141 4702 4835 4866 5435 10709 10954
1379 820 1512 1751 1752 7661 8986
1380 383 1769 3119 3261 3414 4425 4465 4586 4894 5741 8041 8160 8826 9369 9497 9841 10430 10682
1381 1517 3090 3881 6191
1382 3136 3304 6792 7154 8133 8807 9598 9927 10149 10157 10158 10485
1383 188 745 797 1282 1961 3376 5483 6387 6445 6668 6715 6725 7152 7154 7223 7492 7559 7683 7711 8205 8371 8534 8601 8826 9083 9484 9740
1384 8173 8197 10178 10447
1385 316 2527 2659 3936 4189 8096
1386 2870 3231 6821 10489
1387 1036 2287 4124 5233 7297 7625 7726 8158 8625 8638 9419
1388 2227 3535 8160 8242 8566 10499
1389 103 286 305 599 2237 2653 2756 3478 3644 4231 4252 4300 4549 4621 9630 9767
1390 153 221 294 440 462 812 848 855 938 1221 1489 1490 1604 1669 1687 1702 1778 1780 1871 1926 1991 2012 2059 2078 2095 2096 2271 2280 2313 2338 2375 2459 2460 2605 2803 2847 2859 3039 3041 3164 3493 3565 3574 3650 3694 3719 3920 4421 4508 4786 4846 4963 4971 5065 5410 5479 5546 7928 8041 8106 8802 9123 9528 9881 10305 10506 10814 10954
1391 493 494 2286 2287 2350 2420 2496 2613
1392 1269 2987 3093 3990 4653 7204 8900 9285 9513 9758
1393 1371 1503 1714 3747 5954 5970 6342 6344 6403 6480 6683 7020 7142 7159 7169 7263 7332 7617 7977 8265 8689 8733 8746 10418
1394 383 2145 5900 7011 7653
1395 826 1165 5245 5363 7828 8759
1396 3369 3410 5525 6622 6788
1397 0 6650 8346 8810
1398 2412 2420 2758 2786 2787 4750 6471 6668 7204
1399 216 2938 3145 3154 3155 4050 4957 5634 5739 5886 5993 6387 6445 7029 7095 7185 8896 9484 10325 10365 10481 10503 10636
1400 579 582 622 648 649 688 723 1023 1027 1311 1400 1448 1470 1645 1804 1848 1920 1948 2108 3204 3398 5190 5341 5430 5795 6101 6442 7221 8175 8295 8848 9337 9412 9798 10494 10827
1401 59 620 881 888 1842 3090 7165 7243 9098 9912 10354
1402 1862 1868 1971 2623 4019 4407 6515 6607 7004 7245
1403 753 1047 1074 1121 1270 1337 1346 1347 1370 1601 1969 2512 2535 2681 2686 2689 2866 3086 4509 5552 5963 6730 7712 8280 9171 9626 10263 10324 10931 11028
1404 659 1700 3173 3179 3958 4234 4649
1405 311 901 3234 3618 5432 5524 6497 6622 6698 10052
1406 475 480 484 485 588 617 634 1063 1412 1425 2363 4339 4540 5572 6887 7203 7746 8135 8636 8861 9263 10113 10190 10314 10639 10723 10755 10794 10886 10917 10928 10962
1407 26 606 881 1063 1123 1902 1905 2326 2435 2470 2476 2514 2547 2553 3085 3173 3175 3454 3458 4796 6844 7382 8254 8380
1408 4471 5131 6636 7148
1409 406 447 497 724 844 1133 1208 1575 1728 2659 2911 2956 3216 3515 3735 3859 4555 4953 5482 5483 6762 8007 8575 10053
1410 213 354 829 849 1387 1868 2971 2989 3091 4020 4423 4646 4762 4870 5665 9799
1411 6103 8185 8346 8642 8725 9073 9788 10043 10602 11023
1412 2780 5996 6510 8335 8692
1413 221 357 611 1311 1528 1890 2730 3749 3760 3832 3927 4028 4516 5353 5354 5404 7489
1414 7249 8150 8517 8745 9042 9385 9762 10320 10521 10610 10614
1415 308 2066 3052 4142 4639 4773 5063 5133 6129 7462 7479 10454 10645 10902
1416 216 729 906 990 1595 1775 1935 2098 2227 2283 2294 2302 2865 3262 3326 3698 4145 4452 4519 4666 4944
1417 3442 4917 5178 5900 9477 9499
1418 40 43 1558 1843 1846 1997 3958 4246 4921 4975 5161 5282 5380 5407 5599 5680 5728 5741 5870 5937 6016 6048 6240 6591 6639 6666 7034 7915 7985 8257 10866
1419 1317 1487 2420 2451 3837 4452 7921 8239
1420 797 1027 1187 1336 2771 3073 3707 4115 4865 5530 5978 6149 6322 6497 7310
1421 106 266 448 698 699 901 1044 1315 1421 1660 1969 2671 2696 2705 2711 2842 2897 2945 3182 3227 3497 3499 3517 3523 3532 3810 4115 4417 4423 4592 4820 4857 4949 5225 5285 5423 5627 5829 5919 5965 6068 6093 6122 6387 6433 6434 6445 6718 6867 7143 7246 7328 7425 7474 7545 7618 7831 7902 7947 8012 8253 8601 8668 8737 8853 9000 9537 10106 10161 10224 10301 10430 10552 10554 10603 10663 10864 10866 10902 11008 11009
1422 359 657 1029 1623 2456 5330 7371
1423 2630 2656 2673 2703 3623 3999 4360 4362 4766 5044 5074 5775 5810
1424 3919 5534 5570 6651 6918 7358 7487 7675
1425 46 47 132 137 364 793 798 799 801 1107 1171 1255 1363 1416 1463 1469 1670 2015 2291 2337 2489 2497 2508 2534 2577 2596 2627 2637 2639 2819 2846 3139 3163 3869 4114 4119 4152 4163 4198 4314 4808 4872 4873 5193 5194 5383 5439 5500 5811 5978 6116 6610 6659 7185 7264 7303 7604 7638 8859 8882 10804
1426 400 1154 1489 1600 1708 2763 3165 5005
1427 1187 1853 2618 2653 2743 4017 4686 5998 6575 7469 9389 10595
1428 1186 3280 5759 6455 8492 8563
1429 660 1250 1416 2537 4085 4114 4794 6160 6538 7702 7929 8846 9130 9247 9324 9725 9850 10997
1430 254 588 616 617 1968 4781 10990
1431 118 122 370 1758 1968 1994 2184 2186 2196 2198 2199 2218 2226 2227 2288 2289 2376 2387 2390 2391 2392 2393 2394 2400 2401 2435 3163 3565 3572 3573 3574 3580 3583 3584 3624 3791 3824 3825 4167 4286 4313 4327 4657 4833 5094 5612 5913 5915 6057 6131 6134 6290 6404 6422 6787 6861 6931 7522 8413 8536 8582 8680 8805 9142 9505
1432 0 843 925 1486 3042 4414 5555 5640 6788
1433 89 113 718 1593 1603 1778 2595 2605 2743 3090 3987 4778 4779 5123 5546 7469 8168
1434 32 382 1198 1453 2287 2682 3085 3234 5211 5963 6201 7740 9149
1435 1512 4051 4211 4414 5118 5384 5614 5657 5691 5741 5839 5873 5887 5936 6412 6437 6545 6687 6803 6837 6884 6911 6920 7032 7118 7174 7216 7217 7276 7328 7345 7374 7412 7514 7548 8542 8585 9192 9867
1436 6347 6364 6454 6689 7168 7176 7204 7910
1437 530 577 2528 7153 8836 9117 9407 9524 9911 10115 10441 10517
1438 213 225 269 509 1481 1531 1988 2020 2345 2661 2834 2967 3803 3977 4120 4517 4628 4636 4750 4776 4849 4856 4895 4976 4983 5026 5030 5148 5252 5457 5477 5691 5746 5846 5898 5952 6167 6341 6342 6754 7353 9537 10403
1439 591 1310 2587 2595 2597 2632 2684 2704 2746 3038 3521 3720 5102 5192 5194 5837 6124 6382 6937 7158 8040
1440 6822 7243 8716 9117 9524 10476
1441 349 944 1619 2319 4441 6328
1442 7965 8585 9137 9673 9790 9794 10114 10430
1443 6 5121 6525 7067 7110 8051 8282 8375 8538 8734 8768 8836 8840 8976 9338 9520 9540 9734 10668 10695 10776 10782 10801 10926
1444 3185 6798 7693 8284 8826 9244 9404 10571
1445 939 1112 1129 1150 1165 1261 3415 3975 4974 5860 6229 6503 6822 8677 9045 11031
1446 1558 7378 8309 8325 8406 8716 8779 9117 10389
1447 1557 3010 8149 9204 9205 9437 9859 10197
1448 378 406 486 834 1133 1315 2584 2659 2680 2815 3401 4239 5505 5658 8216 9169 9397 9470 9553 9781 10064 10160 10346 10579 10796 10805 10895 10916 10990
1449 1728 2003 8180 9567 9959 10440 10586 10783
1450 1216 8876 9265 9598 9633 9678 9682 9713 9867 9986 10011 10150 10167 10207 10279 10383 10430 10485 10526 10548
1451 4373 7253 9150 10086 10662
1452 307 427 469 1208 1315 1326 2393 3218 3505 5505 5548 5625 5856 6440 7847 7947 9114 9237 9327 9545 9936
1453 2525 5438 5743 7612 7980
1454 7178 9397 10301 10831
1455 2834 3492 4348 6103 6140 6960 7059 7209
1456 216 3737 5423 7427 8658 9433
1457 886 1044 1097 1147 1882 1884 2156 2227 2258 2294 2296 2355 2385 2532 2751 3053 3054 3083 3085 3096 3118 3128 3155 3462 3487 3543 3546 3549 4284 4606 4667 4990 5371 5579 5998 6261 7362 7515
1458 4435 5209 8629 10610
1459 55 1012 3023 9119 9141 9271 9433 10027 10553
1460 236 1227 1764 1843 1844 1846 1852 2621 3243 4916 6037 6073 6092 6296 6304 8853 8854
1461 153 466 661 723 1493 1882 2286 2287 2490 2724 2887 3146 3463 3592 3938 4212 4420 6195 6310 6331 6875 7316 7938 8939 9037 9528 9575 9715 9797 10025 10136 10154 10173 10250 10256 10265 10302 10333 10340 10345 10348 10355 10379 10380 10386
1462 2560 2621 2659 2671 2696 5533 10767 10996
1463 1798 1814 1815 2538 2815 3663 5797 8216 8980 9000 9461 10418
1464 6672 8589 8936 9784 10297 10884
1465 183 646 677 709 936 1036 1097 1371 1447 1451 1503 1558 1670 1672 1673 1675 1677 1759 1846 1868 1961 1968 1970 1994 1998 2053 2160 2189 2192 2200 2205 2690 2717 2731 2734 2746 2801 2834 3081 3082 3083 3085 3096 3125 3182 3238 4390 4597 5161 8236 8376
1466 156 386 487 565 607 660 1147 1228 1252 1257 1258 1838 1840 2188 2227 2286 2287 2323 2352 2363 2390 2393 2396 2398 2399 2514 2528 2553 2563 2575 2592 2636 3259 3269 4085 4232 4269 4896 5540 5556 6079 7382 7508 8463 9250 9528 9832 10389 10471 10512 10591 10886
1467 3258 10222 10644 10683
1468 8866 9449 9695 9720 9834 9938
1469 263 2407 3044 3049 7012 7529
1470 1731 5727 5969 5984 6144 6489 7393
1471 3391 3547 4993 8747
1472 5 60 300 953 1200 1778 2521 2923 3821 4075 4653 4666 4757 4907 5815 7712 7774 8283 9758
1473 841 1266 2428 6401 6514 7218 7492 9327 9771 10886
1474 1529 1755 2043 2963 4735 5317 5741 5937 5984
1475 5313 5646 5719 5745 6285 7071 7361 7665 10113 10270 10397
1476 605 3618 4644 4896 6040 6788 6856
1477 9238 9291 9341 9790
1478 5236 6201 7232 7847 8412 8430 8602 8749 8784 9020 9794
1479 3237 3243 6285 6666 8275 10993
1480 72 427 834 1264 1266 1303 1331 1363 1501 1552 1567 1660 1971 2266 2290 2352 2360 2392 2393 2490 2657 2789 3112 3135 3207 3366 3401 3430 3948 4320 4378 4605 4949 5264 5272 5610 5829 6131 6866 6995 7097 7308 7439 7774 8299 8334 8389 8635 8977 9754 10139
1481 5227 8770 9067 9080 9175 9990 10030 10086 10850
1482 182 238 1140 1790 2517 2667 2958 2995 3154 3155 3246 3314 4205 4308 4481 4741 4915 6387 6445 6467 7305 7509 7565 8107 8322 8634 9588 9675 9947 10199 10465 10698 10747
1483 386 1214 1250 1675 2302 2561 3897 7702 7863 9414 11029
1484 90 839 990 1325 1371 1451 1515 1654 2583 2731 3182 3188 4276 4491 4863 5432 6280 6684 10525
1485 2870 3211 4776 6813 6918 7446 8759 8916 9279 9857 9924 9959 10170 10343 10421 10456 10587
1486 1065 1420 6601 8780 10424 10995
1487 1210 1696 2735 2807 3139 4232 4327 5112 5188 6134 6569 7212 7270 7361 7930 8251 8983 9049 9250 9275 9280 9356 9387 9561 10020
1488 640 1430 1631 1701 5342 6229 9902 10823
1489 68 328 1900 1959 1966 1998 2068 3168 4450 4451 4705 4720 4740 4791 4869 4913 4959 4987 4993 5108 5123 5243 5249 5272 5273 5274 5288 5318 5326 5347 5360 5377 5379 5396 5427 5431 5499 5517 5531 5532 5565 5578 5651 5654 5685 5686 5690 5746 5759 5791 5954 5994 6027 6061 6135 6151 6215 6262 6383 6411 6562 6570 6643 6650 6674 6681 6735 6885 6983 6994 7015 7215 7326 7689 7709 7712 7726 7739 7740 8123 8143 8197 8220 8376 8492 8553 8622 8941 8952 9002 9109
1490 213 6672 7121 7406 7828 8587
1491 6090 6284 8342 8483 8531 8607 8671 9526 10594 10787
1492 11 13 49 7009 8106 9865 10570
1493 652 1137 1801 3309 4481 4534 4816 4934 5006 5639 6945 7037 7527 7891 7980 8075 8162 8424 8807 8826 9360 9645 9758 10279 10483 10526 10698 10734 10752 10766 10778
1494 295 1076 1110 2891 3668 3839 3847 4450 4482 5688 6244 7759 8378
1495 4319 5294 5507 5919 6664 7167 8203 8828 9030 9097 9160 9328 9461 9467 9514 9570 9616 9749 9887 10090 10129 10269 10293 10415 10565 10651 10736 10821 10937
1496 1478 5854 6347 6875 8496
1497 229 2683 2823 3993 4592 4855 5461 5481 5514 5633 5642 5837 6786 7131 7424 8064 8132 8897
1498 2064 4753 6453 7893
1499 1954 8169 10430 10622
1500 146 2261 2546 2548 2926 4205 8044 8713 8799 9740 9936 10350
1501 119 391 708 1210 1250 1533 1959 2253 2270 2561 2636 3995 4038 4099 4362
1502 552 1234 1660 1960 2227 2286 2287 2318 2433 2834 3028 3083 3536 3948 4108 4131 4410 4598 4715 4894 5734 6049 6471 6494 6776
1503 7361 8251 8261 8407 9034 9451 9651 9792 9892 9999 10219
1504 1365 2070 2231 4086 4566 5760
1505 60 139 140 145 152 160 391 392 399 438 462 464 466 510 550 552 556 681 865 873 881 882 885 887 979 1024 1036 1077 1091 1104 1152 1153 1208 1363 1485 1549 1572 1614 1638 1762 1763 1840 1882 1902 1905 1912 1919 1956 1960 1965 2028 2131 2143 2227 2256 2293 2295 2304 2306 2355 2377 2383 2471 2477 2506 2517 2521 2745 2850 2851 2852 2926 2942 2951 2970 3083 3085 3096 3137 3197 3210 3433 3435 3436 3538 3630 3863 3938 3955 4188 4224 4226 4227 4597 4721 4894 4975 4987 5105 5116 5151 5337 5438 5634 5704 5741 5815 5884 5909 5986 6201 6256 6261 6360 6554 6688 6758 6761 7040 7224 7321 8254 11017
1506 2668 2772 3136 4653 4747 5767 7029 7126 9758
1507 36 160 460 462 510 611 1052 1097 1264 1808 2245 3086 3155 4254 4385 5888 6156
1508 262 2003 4935 8671 10244 10546 10787
1509 574 4898 7173 7253 7363 7459 8364 9987
1510 4547 4953 5617 6573 7515 9363
1511 4331 8927 9286 10037 10183 10246 10479 10548
1512 1496 5808 9905 10021 10164 10456
1513 311 1002 1769 1837 2246 3546 4894 4959 5683 6958 7066 7378 7521 7574 8661 8826 10993
1514 1514 1728 2739 5321 6159 7431 7467 8097 8619 8910 9477 10181 10819 10911 10918
1515 2355 5665 6162 6261 10887
1516 1447 3908 4484 5167 5423 5475 5479 5682 5815 5823 5927 6035 6036 6154 6160 6190 6317 6357 6458 6595 6736 6761 6957 7005 7176 7194 7296 7302 7334 7370 7401 7519 7553 7560 7710 7871 7901 7928 8161 8194 8228 8464 10674
1517 952 1485 5870 6167 6478 6515 7246
1518 2834 4592 4628 4763 5030 6683 8871 9089 9291 9407 9608 9705 10022 10043 10057
1519 34 216 993 1005 1109 1493 1689 1882 1965 2926 3114 4688 5255 6387 6445 7585 7938 8035 8826 9149 9261 10140 10430 10583 10696 11022
1520 1077 1210 2235 2301 2307 2309 2341 2435 2521 2585 3101 3995 4362 4933
1521 588 1587 2159 9536 9762 10610 10771 10808 10877 10888
1522 430 534 1619 8110
1523 418 4423 4595 4975 6387 8066 8798 9537 10291
1524 1600 6600 8176 9202
1525 2 19 146 414 582 950 954 1111 1400 2269 2393 2879 3674 4650 4731 5247 5613 5684 6019 6398 6442 6509 7105 7141 7228 7260 7301 7556 7667 7909 8084 8226 8341 8513 8591 8608 8682 8686 8870 8925 8931 9031 9037 9296 9773 10020 10297 10376 10404 10438 10457 10604 11024
1526 334 2959 7054 7413 7415 8069 8444 9000 10418
1527 1138 1203 1290 1521 1826 1953 2848 2930 3348 3535 4118 4948 4964 4972 4992 5077 5398 5755 5769 5808 6210 6346 6472 6905 7258 7526 7527 8369 9255
1528 88 89 921 1453 1546 1820 2604 3090 3700 3787 4196 4599
1529 1487 4509 5371 5525 5564 7355 8531
1530 36 61 68 110 140 165 166 213 269 331 340 397 399 425 432 435 436 453 454 460 462 465 490 493 495 509 515 517 533 600 604 674 731 822 823 932 934 948 953 1096 1173 1206 1208 1235 1236 1241 1311 1371 1451 1453 1479 1503 1539 1544 1550 1556 1576 1596 1600 1618 1619 1624 1641 1660 1681 1687 1689 1694 1697 1725 1728 1743 1746 1754 1756 1757 1760 1772 1883 1889 1892 1901 2035 2070 2105 2244 2274 2307 2310 2312 2334 2408 2626 2741 2833 2834 2850 2854 2865 2917 2936 2942 2948 3042 3054 3063 3081 3085 3096 3097 3111 3117 3125 3130 3147 3154 3155 3190 3205 3210 3212 3218 3227 3231 3233 3256 3270 3279 3303 3364 3449 3618 3656 3672 3701 3761 3832 3872 3905 3966 3967 4021 4110 4122 4146 4150 4157 4338 4372 4399 4417 4428 4447 4579 4630 4754 4762 4849 4853 4890 5027 5267 5268 5274 5275 5343 8403 10005
1531 179 2154 2159 2311 2534 4114 4781 4794 6126 6863 6984 7812 9451 9635
1532 5 238 347 920 1052 1063 1255 1906 2083 2143 2227 2287 2312 2429 2488 2876 2913 2981 3090 3097 3407 3416 3449 4254 4436 4452 4575 4849 4960 5205 5427 5578 5767 5771 5971 7066 7574 8424 9335
1533 5506 5815 6091 6672 6996 7248 8374 8442 8627 8748 8792
1534 34 1623 3420 4050
1535 36 80 248 269 354 383 460 547 979 1038 1063 1172 1219 1311 1429 1486 1599 1802 1803 1805 1882 2015 2110 2150 2178 2227 2287 2298 2306 2354 2417 2514 2521 2527 2563 2682 2802 2933 3085 3097 3231 3239 3450 3483 3662 3663 3838 3841 4410 4423 4511 4545 4579 4653 4737 4811 4865 4987 5211 5438 6822 6828 7126 7280 7382 7774 7813 7879 8617 9109 9153 9758
1536 39 1132 5388 5681
1537 170 2861 6387 6445 8381 8463
1538 383 392 460 476 1036 1044 1452 2092 2096 2179 2227 2261 2286 2376 2390 2391 2393 2399 2646 2726 2781 2926 2946 2986 3044 3246 3274 3297 3976 4496 4573 4906 5489 5522 5753 5856 5971 6031 6296 6411 6493 6668 9857 10616
1539 5800 6112 6304 6375 6434 7840
1540 341 1541 1657 1843 2371 3031 3147 3216 3295 3498 5533 5772 6064 7415 7474 7498 8909
1541 1555 3237 4243 6128 8306 10389
1542 914 919 3338 4494 4894 10125 10126
1543 112 396 467 542 596 638 677 1063 1315 1333 1363 1387 1740 1905 2323 2685 2919 3111 3117 3130 3303 3332 4277 4638 4640 4682 4750 4756 4775 4886 5249 5506 5781 5944 6091 6615 6672 6879 6945 6969 6996 7000 7037 7204 7339 7378 7386 7406 7546 7592 7599 7668 7998 8038 8133 8254 8264 8325 8374 8406 8462 8467 8470 8538 8548 8762 8766 8807 8844 8936 8998 8999 9002 9008 9021 9022 9023 9064 9177 9342 9577 9682 9803 9852 9888 10150 10182 10207 10280 10306 10483 10485 10509 10558 10588 10680 10811 10860 10869 11003 11021 11022
1544 1062 1124 1543 2090 2519 2520 3267
1545 1371 2029 2834 2899 2909 2989 3111 3130 4031 5506 6993 8452 8998 10117 10538
1546 929 1489 1490 1894 1896 2430 2519 2520 2588 2701 2765 3085 3154 3155 4024 4214 4310 4798 5058 5459 5528 6013 6035 6127 6309 6406 6808 6912 7071 7297 7576 8160 8221 8685 8712 8722 8844 8876 8911 9189 9302 9454 9867 9974 10389 11042
1547 1216 2417 5341 6013 6088
1548 123 499 500 522 564 851 852 1036 1077 1146 1147 1330 1385 1473 1516 1994 2082 2155 2159 2227 2286 2302 2375 2398 2435 2489 2497 2521 2559 2824 2900 3139 3454 3512 3514 3694 4085 4119 4335 4431 4691 4694 4712 4860 4885 4971 4980 5042 5044 5080 5180 5192 5196 5375 5390 5500 5586 6035 6073 6272 6597 6679 7053
1549 36 49 59 103 140 168 169 174 216 265 391 475 549 588 595 685 694 736 874 905 926 941 942 946 947 953 1027 1034 1084 1090 1126 1132 1133 1134 1154 1189 1208 1227 1310 1311 1315 1387 1440 1441 1447 1487 1489 1490 1517 1528 1600 1623 1704 1717 1735 1745 1763 1778 1796 1805 1831 1832 1837 1904 1919 1933 1947 1968 2015 2105 2109 2280 2282 2287 2288 2294 2295 2301 2323 2385 2393 2397 2433 2445 2468 2473 2480 2488 2517 2535 2555 2572 2618 2630 2635 2668 2760 2802 2826 2841 2879 2932 3101 3179 3251 3268 3413 3466 3480 3639 3664 3665 3831 3926 3932 3990 4041 4115 4316 4406 4509 4567 4625 4653 4669 4689 4757 4778 4982 5047 5261 5264 5431 5474 5525 5569 5634 5651 5656 5797 5886 5963 6049 6092 6363 6689 7469 7770 7774 8239 9758
1550 380 3512 5090 5375 5978 6025 6199 6421 6683 6908 7150 8067 8340 10200 10887 10923 11009
1551 926 4260 5119 9432 9914 10004 10496 10531 10838
1552 349 914 919 3338 3363 3380 3381 3382 3383 3768 3919 5077 5963 6000 6256 6511 6702 7308 7509
1553 2320 3416 3809 4575 5204 7200 7314
1554 346 411 1090 3416 3735 4143 4400 5015 5206 5578 6718 7187 7946
1555 2659 3571 3654 6871 7799 8243 8396 9193 9238 9437 9552 9892
1556 1978 4143 4400 7314 7684 9112
1557 96 3255 7434 8608 8804 9246
1558 5476 7965 8054 10301
1559 111 188 834 1303 1906 2493 2525 2848 3087 3097 3135 3357 3473 4462 4509 4572 4654 5408 5755 5803 6868 7014 7283 7696 8181 8197 8220 8451 9070 9441 9477 9880 10150 10306 10527
1560 3520 8205 9064 10190 10347 10591 10833
1561 2631 2661 2731 2752 2801 2850 5161 6140 6167
1562 7463 8812 8918 9239 10338
1563 2533 2560 2573 2584 2621 2671 2680 2696 2711 3246 4391 4754 5205 5505 6340 6511 7069 7095 8283 8284 9418 10580
1564 4474 4715 6000 6114 6201 6462 6959 6976 7066 7075 7574
1565 41 1504 1648 1649 1650 5623 5661 5997 7543 7619 7945 8785 9218
1566 5741 8742 8827 10132 10877 10993
1567 888 1031 2286 2483 10025 10156 10273 10325 10643 10665 10898 10978
1568 5 993 1032 1050 1068 1091 1109 1221 1273 1408 1493 1689 1692 2545 2546 2547 2548 2582 4596 5141 5189 6013 6169 6555 7267 7343 7741 7747 7938 8732 9213 9421 9868
1569 53 398 622 974 1002 1010 1133 1400 1907 2150 2875 2876 2935 2975 3082 3096 3155 5605 6119 7879 7886 8167 8203 8219 8236 8643 8646 8787 8790 8795 9340 9456 9733 10048 10379
1570 265 1519 2417 3380 3381 3416 3725 3919 4028 4257 5759 8486 9601 9609
1571 1899 3193 3461 3601 3885 4994 5227 5505 6373 6382 6791 7672 8433 9118 9241 9499 9771 9829
1572 7087 10013 10451 10456
1573 157 1133 3237 5438 9307 9407 9897 10245 10934
1574 1033 1633 3239 7092 7162 9016
1575 119 129 168 478 565 569 571 583 595 707 708 754 870 872 996 1160 1250 1252 1419 1435 1482 1601 2105 2131 2186 2191 2234 2239 2254 2292 2304 2335 2437 2470 2477 2486 2503 2561 2630 2638 2768 2784 3284 3415 3462 3510 3904 3915 3946 3979 3994 3995 4362 4453 4798 4817 5192 5443 5490 5491 5492 5653 5775 6184 6349 6516 7863 8269 10705
1576 1528 2279 2659 3159 3707 4566 5423 5584 5599 5728
1577 62 244 880 1543 1608 3742 3743 3755 6219
1578 1623 1625 1968 3549 6748 7721
1579 887 1026 1052 2649 4254 5243 5547 6699 7011 8336 8385 8764 8837 9456 10354 10362
1580 39 2330 7022 7082
1581 179 236 386 525 646 650 1314 1371 1451 1481 1503 1531 1558 1641 1700 1714 2223 2262 4719 4891 4895 5457 5691 6103 6170 6690 6856 7799 7979 7985 8351 8404 8578 8579 8673 8702 8772
1582 54 463 939 941 1049 1141 1144 1164 1191 1235 1345 3096 3262 4457 6083 7515
1583 504 505 507 547 660 1369 1422 2137 2184 2199 2201 2218 2234 2260 2988 3947 8218 9269 9844 10534
1584 39 421 517 618 664 684 708 741 760 1359 1390 1391 1469 1475 1677 1959 1968 1994 1998 2015 2069 2089 2157 2168 2182 2203 2207 2224 2232 2233 2253 2280 2375 2376 2387 2390 2391 2393 2394 2630 4085 4232 4248 4428 4908 5397 5465 6040 6197 6597 7252 7302 7361 7409 7590 7774 8180 8194 8351 8376 8615 8763 9034 9049 9130 9204 9250 9381 9559 9599 9651 9695 9746 9892 9956 9999 10014 10074 10189 10306 10372 10404 10591 10678 10696 10804 10933 10983 10984
1585 646 1861 6671 6803 7636 8748 8837 9453 9701 9794
1586 3657 3888 6517 6837 6838 7614 9452 10546
1587 18 3210 6204 6329 6707 7707 7828 8077 8425 8574 9281
1588 60 590 604 764 772 1007 1823 1904 1906 1914 1920 1923 1931 1933 1934 1942 1947 1955 2003 2040 2471 2840 2934 2955 3262 3268 3289 3976 4013 4129 4371 4600 4629 4750 5008 5093 5950 6061 6322 6497 6735 6858 7085 7204 7831 7888 7903 7908 7923 8157 8293 8468 8509 8688 8701 9115 9141 9336 9359 9410 9503 9662 9848 10008 10167 10244 10614 10802 10819
1589 393 1879 2545 3081 3082 3085 4447 4567 8403 10387
1590 1760 1762 1827 3118 3274 4192 4193 4399 4453 4465 5354 5925 6572 6641 8932 10463
1591 22 237 517 554 618 1020 1648 2447 3464 4471 7458 9299 10409
1592 19 46 540 801 1271 1353 1658 1670 1968 2159 2624 4038 5557 9009 9575 9715
1593 983 4474 7729 9110 10130 10440
1594 209 823 825 979 1536 3237 4541 4695 7325 8585 10389 10417 10548 11032
1595 499 563 564 565 1634 1962 2476 2534 2540 2585 2821
1596 1638 1808 2555 2939 3765 7480 7831 10073
1597 26 216 221 1630 1687 1742 2286 2393 2434 2435 3041 3090 5116 5815 6363 6572 6775 6819 7061 7190 7204 7399 7645 7741 7747 8433 8480 10330
1598 7581 7847 8169 8375 9257 9543
1599 1124 2525 5738 5866 6029 6846 8090 8205
1600 1266 1295 4417 9480
1601 131 803 809 2248 2273 4310 4651 5470 5582 7185 7774 8194 8454 10640 10775 11016
1602 3364 5050 5884 7367 7890 8490 10666
1603 0 6963 8349 9271 9441 9526 9682 10019 10531 10553
1604 940 4919 7219 10344
1605 1001 2504 2961 3401 3427 4108 4457 6083 6111 7400 10389
1606 4520 5765 5978 6301 9071 9185 9769 10191 10407
1607 384 2659 3528 4820
1608 7068 7090 8313 8659 9181 10907
1609 823 2834 3949 4890 5234 5320 5507 5695 5720 6102
1610 3574 4860 9049 9421 9573 9815 10877 10936
1611 646 821 1217 1311 6010 6871 9109 9971 10432
1612 138 2782 3989 4921
1613 934 953 1096 1221 1342 2565 3811 4231 4342 4621 4805 5910 7513 7977 8214 8242 8274 8530 8758 8764 8769 9215 9299 9355
1614 5538 6798 7019 9163
1615 640 1567 1843 2180 3160 4141 5393 5471 6093 6770 6890 8833
1616 1472 2180 4857 8579 9897 10196 10238
1617 2229 4417 4428 8779 9407 9536
1618 107 1074 1317 3840 4950 5207 5741 6236 6600 6718 8012 8431 10359 10823 11008 11018 11025
1619 1030 1099 1105 1122 1131 1138 1160 1181 1210 1628 4933 5490
1620 1828 4407 9089 9407 9832 9971 9986 10514
1621 280 327 2848 3160 3517 5481 6073 8352
1622 391 843 966 2492 2986 3024 3406 10071 11007
1623 293 1476 2430 2519 2520 2718 2754 3189 3314 4935 6986 7716 7891 7981 8432 10104
1624 3981 7933 8065 8278 8561 8770 9067 9244 10867
1625 3925 6610 6937 7004 7116 7512 7970
1626 5429 7703 8349 8449 8941 10213
1627 1877 2726 3505 4728 5363 6891 7160 9518 9547
1628 384 903 944 986 2087 2456 2517 3292 4021 4570 4917 6273 6790 8632 9180
1629 142 190 999 1147 1172 1832 1909 1959 2176 2227 2253 2358 2391 2392 2400 2401 2517 2534 2559 2563 2661 2781 3462 4167 4399 4952 4957 5068 5520 5650 8823 9642
1630 119 2775 2778 3684 3792 3925 5779 7259
1631 5 64 153 165 166 174 380 383 515 533 582 597 669 738 794 886 934 975 979 1044 1063 1077 1147 1154 1221 1282 1447 1552 1595 1762 1778 1789 1894 1909 1912 1946 1971 2085 2227 2286 2293 2295 2311 2430 2450 2456 2459 2460 2461 2462 2466 2517 2519 2520 2555 2622 2672 2716 2732 2754 2830 2879 3071 3073 3137 3187 3538 3549 3638 3650 3659 3881 3955 3996 4054 4139 4178 4653 4664 4821 4894 4915 5848 5981 6105 6119 9758 11017
1632 44 766 824 1570 1717 1754 4350 4495 4676 5234 5589 5741 5927 5964 6177 6350 6609 6734 7707 7729 9487
1633 1567 1905 2522 3737 4461 5119 5272 5742 6136 6345 6690 7976 8254 8356 8483 8705 9244 9442 9526 9739 9865 9889 9953 10545 10699
1634 10 1427 1764 2834 4728 5481 5599 5691 5898 6294 6585 6683 6937 6960 7029 7059
1635 579 2680 4220 5004 5054 8906
1636 5208 8356 8483 9758 9953
1637 2312 2729 3231 4849 10696
1638 328 728 978 1034 1140 2227 2286 2287 2288 2517 4915 5337 7283 8407 8823 9480 9689 9695
1639 2789 4097 4966 4970 5116 5170 5236 5312
1640 1218 1728 2528 3208 5505 10149
1641 139 153 174 216 557 667 795 839 1036 1113 1168 1179 1779 1780 1818 1878 2133 2147 2398 2519 2520 2550 2595 2597 2748 2790 2856 2873 2887 3056 3096 3195 3321 3546 3549 3631 3715 3866 3973 4171 4203 4267 4777 4959 5192 5734 5807 6668 7118 7164 8127 8366 9405
1642 945 1569 2446 2781 3048 6510 8425 8455 8513 9876
1643 31 536 563 564 565 693 1111 1763 1807 1905 1956 2290 2323 2399 2498 2523 2547 2884 2979 3377 5078 5441 6822 7821 7825 8197 8254 8315 8389
1644 1487 3634 4277 7378 8174 8325 8406 8779 9207 10183
1645 2179 2290 2668 3546 5963 6567 6668 7713 10350 10386
1646 6019 6707 7026 10149 10325 10691
1647 4159 4489 5773 6875 7105 7879
1648 172 1990 2099 4517 4653 5030 5457 5945 6048 6341 6706 6754 6884 6909 7174 7204 7387 7791 9758
1649 110 1554 2946 3218 3221 4277 5249 7467
1650 332 2396 2524 4496 6195 8855 9077 9459 9785 10016 10636
1651 243 246 2593 3082 3744 6941
1652 424 523 2659 2887 3146 4215 5545 5981 7713 9126 9901 10317 10675 10899
1653 391 1421 4509 5505 7365 8826 9153 9650 10696
1654 34 829 4250 4854 5888 6699 7047 7827 8197 8354 8489
1655 956 1291 1292 2948 4935 5753 5921 6229 6503 6784 6840 6841 7028 7075 7509 7526 7527 7714 7732 8065 8369 8424 8617 8770 10764
1656 3599 8453 8623 8952
1657 3179 7775 7890 8489
1658 844 1656 2227 3085 3299 3515 3859 4007 4556
1659 1992 2000 2017 2746 2805 5948 6103 7156
1660 931 1048 1323 4211 5635 5986 6441 6991
1661 1528 2843 7328 7603 7623 7998 8141 8149 8199 8210 9563 10198 10389
1662 5752 6139 6309 6500 6746 6896
1663 384 1667 3119 3996 4534 5686 6138 6550 7257
1664 27 332 5843 6383
1665 216 881 884 886 1002 1258 1306 1408 2650 3109 4066 4228 5029 6005 6321 6465 6700 6875 7250 8513 10354 10577
1666 453 1688 3961 4341 4897 5636 5641 5927
1667 61 730 2115 2293 2302 2965 3012 4054 4178 4686 4842 4934 5046 5880 6612 8075
1668 197 2053 2785 4026 4202 4893 5664 6192 6362 8662 9880 10261 10305 10531 10554
1669 1772 2015 2192 2205 2661 2731 3090 4080 4341 7230 9340 10691
1670 399 438 627 1528 1854 1857 3074 3961 4024 5116 5873 5927
1671 1904 3457 4227 4710 7674 8193 10772
1672 2554 4594 5926 6478 6666 7087 7327 8250 9060
1673 1133 1315 1487 1558 3227
1674 469 525 1968 1994 2435 2476 2489 2497 4038 4330 6993 8979 10852
1675 15 6382 7049 7107 7654 8172 8180 8197 8268 8365
1676 349 406 1575 3735 5505 5524 7478 9000
1677 286 1862 4153 6539
1678 2013 8325 8406 8425 8563 8571 8592 8601 8638
1679 435 3154 3291 3538 3955 3975 4289 4526 4729 4838 6978 7555 8460
1680 64 2403 3312 4534 6754 8191
1681 9358 10014 10363 10368 10640 10815
1682 3244 3975 4534 5386 5860 7446 7528 8035 9828 10364 10846 10884
1683 3340 3342 3343 5126 5127 5128 5129 6207 6660 6851 10461
1684 54 442 1027 1179 1241 2064 2770 3864 4315 4348 4689 4743 5213 5767 6007 6148 6210 6224 6478 6528 6679 6804 7344 7543 7566
1685 1317 2105 3483 3667 3832 4954
1686 190 299 300 460 1905 2621 2659 2926 3090 3096 4115 4913 4917 5239 5794 6049 6154 6379 6431 7149 7280 7583 7774 7831 8254 9507 9782 9810 10361 10430 10648 10868 10939
1687 5951 6780 9770 10389 10854
1688 274 5227 7821 9678 10238
1689 157 1365 1419 1968 1994 2190 2234 2387 2644 3139 3557 3636 5017 6193
1690 715 1042 1045 1132 1151 1170 2541 2711 3034 4002 4319 4754 6214 7131 7646 7698
1691 3 535 582 661 915 920 922 923 942 946 1007 1234 1560 1571 1783 1790 1879 1921 1931 1933 1939 1941 1942 2084 2176 2257 2430 2433 2468 2500 2553 2559 2588 2629 2682 2741 2754 2764 2972 3073 3190 3217 3314 3546 3567 3645 3885 4218 4399 4601 4650 5131 5525 5613 5743 5755 5993 6147 6321 6391 6442 6511 6645 6842 6951 7026 7066 7108 7124 7261 7301 7373 7490 7556 7574 7684 7898 7981 8205 8459 8463 8474 8600 8757 9149 9159 9261 9296 9484 9519 9862 10073 10117 10140 10350 10376 10380 10438 10456 10460 10570 10893 10904
1692 2229 5505 8692 10338 10611 10821
1693 870 871 1371 1403 1404 1447 1456 1758 1968 2015 2032 2207 2232 2776 3106 4008 4469 4827 5418 5691 5856 6387 6445 6533 6670 6740 7774 9687
1694 2896 6105 6396 8637
1695 5787 6926 9721 9990 10037 10850
1696 107 387 461 587 733 734 1113 1257 1314 1500 1520 1521 1522 1557 1747 2252 2395 2404 2405 2435 2476 2521 2827 3053 3054 3056 3550 4115 4357 4496 4513 5052 5124 5237 5246 5359 5518 5519 6952 7372 8389 8496 9577 9597 9682 10049 10355 10386 10591 10750
1697 10187 10724 10920 10961
1698 158 1719 3439 9297
1699 1491 2227 2419 6668 7096 7200 8990 9016 9767 10486
1700 469 1403 1404 1571 3645 4688 5556 6725 7650 10696 10945
1701 907 2392 4518 4695 5916 6131 6773 6905 7325 8648 9394 9534 9776 10417 10829 10840
1702 5 157 1656 2864 3064 3786 4295 4407 4522 4787 4957 5237 5627 5865
1703 116 132 260 403 426 571 706 812 866 1094 1160 1252 1593 1968 2292 2366 2743 3030 3080 3164 3454 3869 4039 4042 4048 4196 4244 4514 5257 5351 6637 7666 8458 9368 9698 9706 10271 10781
1704 321 534 1796 1890 7616 8688
1705 1668 2834 3512 3806 4115 4556 5328 5375 5794 6073 6308 6802 7030 7843
1706 157 1482 1739 2375 3126 4086 7643 8396 8684
1707 1445 2608 5108 6261 8729
1708 909 910 919 1600 3601 3606 3608 3612 3619 3730 6643 8312
1709 23 6329 7210 8664 8758 8795 8899 8965 8987 9047 9090 9140 9215 9350 9358 9395 9422 9430 9515 10221 10262 10285 10300 10309 10310 10311 10331 10375 10379
1710 239 842 3745 6930 8317 8741 8837 8894 8919 9397
1711 774 4421 4487 5417 6454 7345 7501
1712 1154 3821 5168 5424 5774 5815 6288 6556 6689
1713 2881 4587 5127 5578 7074 9013
1714 66 274 278 821 823 824 825 826 828 1550 2933 3450 4329 4518 5283 5450 5925 6010 6066 6259 6376 6497 6690 7249 7584 8082 8150 8397 8812 9141 9385 9503 9762 10877
1715 700 7838 9021 9697 10865
1716 10 157 475 588 757 1210 1250 1285 1359 1605 1663 1670 1672 1673 1675 1677 1954 1959 1998 2004 2157 2159 2182 2280 2375 2394 2398 2435 2476 2497 2514 2553 2735 3106 3163 4038 4123 4483 4933 5080 5197 5492 5646 5775 5811 5812 6031 6193 6264 6271 6313 6327 6395 6409 6532 6606 7382 7689 8376
1717 738 929 1315 7823 8712 9805
1718 0 209 273 468 608 841 1147 1339 2441 2447 2454 2485 2706 3415 3610 3770 3789 3998 5935 6059 6171 6951 7016 7458 7526 8212 8629 8892 9007
1719 229 1694 2661 2801 2861 4106 4202 5227 5281 5663 6515 6717 6955 7209 7367 7581 7890 8146 8169 8449 8717 8727 8824 8836 8891 9024 9152 9174 9257 9262
1720 16 17 72 73 75 78 297 298 299 319 320 322 329 339 424 444 491 503 594 595 630 639 640 716 732 733 735 737 753 894 900 1003 1004 1034 1045 1046 1074 1142 1151 1178 1193 1225 1229 1263 1268 1312 1421 1537 1538 1542 1606 1615 1656 1666 1668 1758 1791 1792 1795 1814 1815 1836 1846 2008 2010 2027 2045 2046 2061 2127 2153 2222 2229 2386 2533 2560 2573 2579 2583 2619 2658 2671 2680 2687 2696 2715 2738 2798 2961 2963 2973 3144 3251 3299 3424 3479 3498 3521 3529 3575 3578 3579 3640 3642 3677 3859 3930 3940 3944 4002 4115 4133 4155 4239 4365 4381 4484 4510 4527 4577 4578 4592 4646 4681 4773 4841 4980 5009 5171 5206 5277 5289 5328 5387 5467 5508 5518 5519 5549 5551 5606 5618 5702 5772 5800 5815 5919 5931 6062 6085 6112 6118 6286 6577 6889 7048 7131 7178 7462 7502 7504 8208 8273 8348 8357 8358 8384 8641 8738 10003 10106 10454 10721 10943
1721 2394 6387 6445 8325 8406 8748 8779 9709 9871 10569
1722 974 4150 4540 5917 8205 9659 10049 10123 10124
1723 1723 3586 5058 5459 6105 6175 6269 6372 6544 6629 6694 6769 6804 6923
1724 44 1754 5043 6177 6539
1725 783 2603 2804 8876
1726 1065 1088 1120 1133 1158 1208 1242 1315 1387 1544 1745 2051 2345 3531 3532 3977 4295 4976 5026 5477 5625 6073 6981 7439 7947 7955 8238 10721 10943
1727 2006 3975 6022 8053 10000 10071 10135 10670 11006
1728 1501 1531 2525 2832 4610 5771 6511
1729 190 449 1994 2015 2267 2646 2782 3786 4408 4556 4908 5236 6103 6387 6445 6496 6648 7029 7212 7395 7801 8139 8149 8544 8570 8648 8734 9275 9356 9358 9540 9685 9761 9891 9892 9956 10190 10837 11040
1730 88 90 475 476 477 478 499 545 565 588 603 1171 1210 1308 1670 1672 1959 1968 1994 2015 2089 2157 2393 2497 2521 2561 2585 2630 2656 3040 3101 3163 4038 4039 4040 4114 4513 5676 5775 6534 6606 7053 9142 10340
1731 3931 4311 4546 4610 5043 5741
1732 174 193 848 855 1326 1528 1660 1760 1868 1892 1900 1993 2166 2167 2193 2267 2349 2478 2686 2704 2752 2805 3085 3110 3184 3209 3222 4144 4295 4374 4399 4407 4907 4924 5055 5062 5132 5236 5238 5284 5336 5362 5411 5429 5481 5507 5525 5538 5548 5563 5599 5627 5663 5665 5906 5912 5993 6159 6327 6354 6371 6382 6387 6445 6573 6585 6670 6685 6786 6807 6813 6906 6908 7017 7019 7038 7054 7121 7149 7223 7378 7384 7555 7637 7679 7714 7723 7774 7791 8043 8064 8097 8186 8191 8231 8253 8262 8283 8287 8325 8351 8360 8381 8383 8387 8406 8426 8443 8544 8551 8559 8601 8618 8627 8629 8640 8679 8727 8734 8749 8779 8807 8814 8825 8828 8836 8844 8892 8914 8918 8991 9000 9002 9017 9024 9030 9033 9065 9148 9156 9160 9164 9219 9239 9243 9273 9320 9358 9366 9423 9444 9447 9513 9520 9542 9543 9549 9612 9661 9682 9688 9695 9734 9744 9754 9760 9763 9801 9889 9985 9991 10051 10129 10211 10245 10279 10291 10337 10338 10360 10389 10414 10421 10432 10483 10486 10495 10509 10512 10515 10565 10568 10574 10586 10587 10600 10608 10630 10651 10657 10711 10741 10761 10811 10821 10837 10860 10863 10866 10874 10880 10887 10900 10914 10915 10930 10934 10953 10970 10991 11023 11031
1733 6803 7846 8065 8662 8820 8824 8941 9191 9481
1734 214 1762 1981 1982 6725 7154 8601 8645 8975
1735 587 1062 3811 3965 8218 8365 10098 10325 10331 10386 10398 10530 10604 10839
1736 868 1352 1482 1715 2441 2547 2548 3198 4714 6858 7033 8610 8737 8965 9748 10261 10321 10416 11020
1737 4126 4227 6299 10243
1738 2494 5475 6633 7494 7834 8292 8431
1739 4424 4936 6354 6734 7032
1740 429 999 1905 2446 3029 3416 4575 4894 5163 5741 6176 6329 8254 9268 10423
1741 7431 9241 9270 9407 9461
1742 1233 2227 2246 2528 3080 4540 5994 8990
1743 933 1241 2821 2987 3449 6000 7123 8629 10949
1744 3498 4115 4862 4913 6312 9693
1745 2145 3261 4185 8302
1746 266 1103 1133 1387 1487 1575 1646 1792 1836 1891 2241 2484 2492 2832 3735 4023 4142 4916 4950 4953 5206 5285 5625 5755 6129 6889 7478 7614 7713 8192 9595 9964
1747 1036 4103 5731 6937 7204
1748 2695 2915 3293 3644 4664 5575 6564
1749 925 3082 3167 4331 5016 6464 7160 8236 9097 9293 9352 9403 9504 9670 10097 10123 10127 10479
1750 5896 8779 8828 8836 8843 9243 9328 9616 9661 9733 9744
1751 646 650 1773 6690 8876
1752 449 979 1347 1363 1763 1892 2312 2393 2526 2528 2781 3171 4849 5741 5866 5886 6565 6669 7174 7249
1753 20 449 475 588 5700 6395
1754 1670 2435 2476 2489 2521 2534 9590 9940
1755 1658 1999 2041 5297 7914 8164
1756 36 140 196 298 299 330 344 462 464 582 718 738 882 932 953 974 1005 1034 1044 1052 1097 1117 1208 1245 1264 1348 1431 1441 1600 1772 1804 1821 1910 1931 2433 2475 2487 2517 2519 2520 2522 2536 2549 2559 2575 2706 2719 2751 2761 2814 2876 2879 2901 2950 2977 2981 3083 3085 3252 3316 3420 3538 3542 3544 3545 3546 3549 3550 3954 3955 3962 4061 4254 4272 4385 4426 4466 4509 4540 4596 4653 5009 5837 5876 5910 5971 5998 6201 6875 7158 9758 10438
1757 5720 8878 9653 9686 10107
1758 138 4467 7933 8561 8926 9062 9244 9404 9786 9811 9836 10168 10370 10588 10648 10754 10971
1759 29 462 1305 1609
1760 974 1376 1705 1800 1948 3489 4072 4217 4299 5189 6511 6692 6844 7406 8146 10960
1761 1036 1528 1780 1944 2746 3041 4399 4779 5236 5991 6126 6171 6675 6822 6957 8549 8713 8914 9178 9237 9312 9341 9354 9373 9391 9398 9419 9420 9658 9674 9778
1762 1692 3435 3910 4108 4115 7053 7222 8416 8478 8769 9064 9241 9373 9719 9771 9880 9944 9961 10049 10084 10092 10104 10134 10142 10264
1763 1311 3765 4610 4898 5043 5624 5672
1764 80 3256 4853 7509 7709 8174 8424 9192
1765 6160 7053 7578 7737 7932 8365 10091
1766 468 831 912 1750 3042 3298 4284 4717 4763 5244 5534 5570 6324 6666 6913 6918 7763 8089 8141 8342 8356 8705 9509 10109 10594
1767 300 636 2920 8579 9201 10076
1768 725 1165 1230 2417 7335
1769 1363 6387 6445 8120 8692 8844 10092
1770 260 522 582 622 661 718 730 2227 2445 2611 2879 3316 3537 4377 4447 7515 8403
1771 479 925 929 953 959 1905 2477 8219 8254 8539 8712 8876 8951 9584 9805 9978 10430 10591
1772 1114 1910 1992 2351 2632 2732 3920 7070 10041
1773 2408 3321 3978 7168 8086 8618 8902 9270 9312 9449
1774 2268 3071 3075 3096 4894 5525 6171 6662
1775 9 834 1487 1908 1950 2090 2094 2097 2930 2940 2984 3028 3045 3358 3392 3393 3467 3485 3612 4013 4192 4373 4387 4424 4699 4715 4838 4927 4974 4992 5045 5133 5250 5353 5354 5368 5386 5630 5631 5654 5817 6435 6600 6842 6978 7075 7524 7805 8299 8302 8318 8676 8677 9141 9179 9484 9517 10063 10241 10743
1776 606 759 8159 9543 10430 10951
1777 1 123 364 634 1959 2198 2218 2383 3584 4033 7452 8161 8346 8667 8680 9272 9370 9381 9666 9695 9717 9769 9815 10148 10532 10694
1778 2765 2766 3082 5758 8236 8618 9150 9398
1779 192 1343 3210 3321 4304 4716 5159
1780 878 1044 1173 1282 1309 1960 2180 2867 3085 3927 4542 5752 7312 7325 7774 8742 8973 9291 9307 9731 9784 10266 10279 10297 10377 10512 10752 10912 10913 10945 10972 11022
1781 4887 7331 9109 9194 9417 9893
1782 323 324 4250 4634 6453 6471 6836 6992 7204 7352 7426 7493 7693 7818 8512 8741 8748 8884 10418 10642 10918
1783 1335 1447 1493 1533 2387 2393 2401 3075
1784 66 4644 6141 8134
1785 1700 3079 3484 5902 9996 10067 10785
1786 591 1312 1441 2526 3146 3384 3489 4192 5419 6641 6844 7774 10245
1787 6975 7516 7985 8360 8544 8749 8814 9030 9160 9243 9616 9922
1788 23 1133 1419 1663 2399 3757 3814 4279 4852 5594 6299
1789 2244 3020 4615 5043 6177 6342 6582 6983 7263
1790 1623 1759 2785 10200
1791 21 34 391 4006 6130 7308 7737 10123 10124
1792 747 2050 3074 3700 3821 4757 4836 5158 5622 5700 5778 6046 6282 7563 8325 8401 8406 10600
1793 398 604 4755 6042 8163 8308 8461 8739 9157 9294 9397 9902 10003 10359 10575
1794 349 909 979 1000 1052 1084 1103 1236 1286 1567 1891 1905 1929 2580 3025 3447 4254 4370 4916 5131 5246 5438 5486 5505 5755 6176 6503 7095 7200 7262 7541 7688 8254 8352 8823 9340 9408 9889 10124
1795 615 2638 5528 5553 5741 5747 5749 5814
1796 2926 3073 8035 8412 9912
1797 312 313 410 419 450 509 600 724 1371 1432 1451 1481 1505 1750 1773 1796 1847 1868 1897 1901 1907 2013 2319 2445 2792 2933 3031 3171 3209 3274 4326 4441 4520 4658 4728 4750 4809 5161 5578
1798 89 320 322 347 406 455 486 574 582 594 715 716 752 753 984 1004 1045 1185 1567 1628 1646 1686 1790 1879 1882 2150 2185 2222 2362 2380 2510 2560 2968 2985 3401 3442 3446 3735 4260 4379 4595 4778 4779 5013 5151 5206 5222 5325 5656 5945 6045 6085 6464 6684 6718 6757 6946 7029 7069 7219 7254 7261 7419 8066 8208 8298 8318 8836 8837 8884 9117 9453 9471 10547 10814
1799 61 582 626 891 1910 2466 2490 2547 2965 3551 3552 3760 3772 3938 4131 4224 4588 4872 5848 5994 6478 6566 7132 7176
1800 112 229 432 441 610 627 924 1087 1165 1360 1503 1556 1618 1681 1714 1729 1740 1772 1843 1934 2003 2039 2040 2064 2225 2334 2369 2463 2465 2531 2564 2573 2584 2621 2731 2801 2815 2833 2945 2960 3011 3332 3892 3941 4172 4326 4341 4380 4397 4504 4592 4594 4638 4639 4682 4705 4732 4743 4750 4775 4877 4883 4905 4912 4975 5008 5110 5147 5160 5218 5346 5391 5405 5494 5516 5563 5641 5657 5833 5923 5938 6094 6097 6148 6186 6283 6320 6333 6366 6367 6393 6402 6453 6457 6472 6473 6478 6495 6615 6618 6723 6896 6908 6965 6966 7000 7020 7028 7038 7072 7087 7204
1801 324 2556 4046 6991 7436 7915 8111 9179 10321
1802 53 391 418 1096 1346 1347 1360 1883 3449 4174 6784 8657 9256 10069
1803 191 1116 1700 4439 5746 6275 7207 7396 7516 8360 8446 8720 9032 9064
1804 522 545 602 635 664 915 920 1401 2176 2519 2520 2665 2754 2903 2906 3407 3470 4979 6163 7750 8472 9092 10499
1805 8401 9187 10442 10673
1806 354 914 2265 3218 3221 5564 8174 8607 8841 9109 10787
1807 140 141 173 174 332 386 389 461 476 478 525 536 559 585 637 881 882 886 1089 1099 1101 1111 1131 1351 1419 1522 1625 1800 1801 1805 1807 1811 1812 1832 1834 1839 1882 1909 2133 2143 2147 2169 2191 2270 2292 2293 2294 2295 2303 2323 2325 2326 2327 2387 2436 2624 2646 2779 2879 2981 3071 3149 3809 3886 3994 4229 4411 4475 4713 4714 5093 5324 5807 5910 6054 6194 6534 6542 6637 7554 7878 8880 9027 9029 9387 9421 9561
1808 1638 2945 6916 7374 7983 8008 8364 8638 8646 8675
1809 39 64 382 391 515 886 1728 1774 1796 1847 1906 2185 2287 2926 2935 3025 3392 3393 3442 3449 3476 3536 3919 4051 4174 4260 4317 4463 4894 5239 5335 5525 5690 5755 5843 5945 5963 6229 6348 6511 6668 6702 6822 7066 7160 7162 7235 7476 7521 7574 8450 8530 8603 8678 8907 9149 9587 10231 10241 10423 10616 10743 10785
1810 80 1363 1533 1720 1721 1756 1880 2230 2800 3097 3241 4026 4620 4746 5266 5898 5954 6803 7800 8405
1811 59 96 136 150 167 204 260 621 722 873 881 987 1017 1031 1036 1077 1590 1593 1595 1800 1801 1806 1848 2294 2296 2299 2431 2436 3085 3173 3326 3453 3462 3547 3647 3648 3690 3938 3986 3987 4055 4058 4087 4224 4227 4356 4454 4455 4514 4792 4884 4934 5135 5298 5351 5795 5892 5941 6266 6554 6921 8075 8408 8874 9317
1812 8519 8652 8697 9327
1813 168 1113 1115 2283 2517 2976 3173 3344 3489 3538 4453 6875
1814 999 1580 3109 3410 3658 4535 5538 5548 5759 5767 5796 6475 7160 8312 8492 8629 8952 9235 10104
1815 1033 1230 1398 3950 4987 6892 7831 9299
1816 913 921 1291 1883 4414 4675 4886 7338 7574 8275 9927 10018 10231
1817 153 667 2024 2287
1818 738 8901 8944 9196 9374 9601 9652 10450 10660 10707 10732
1819 39 522 3593 6570 9680
1820 3516 6489 9245 9991 10204
1821 1558 2008 6365 8878 9537 9885 10318 10693
1822 347 378 2530 3404 4029 4953 5111 5293 5473 5483 5772 6471 7283 7545 8426 8823
1823 216 3565 5236 5270 5510 5577 5604 5768 5793 6103 6527 6529 6531 6544 6569 6692 6805 6881 6923 7039 8051
1824 22 1289 1820 1858 4992 7479 7492
1825 1929 1944 2145 2622 3231 4619 5005 5348
1826 1416 1673 2131 2774 7940 8982 9139 9142 9159 9163 9815
1827 140 391 1063 1807 2391 2400 2401 4167 4964 7074 7416 7790 8023 8463 10097 10420
1828 216 352 380 669 670 953 1005 1096 1144 1168 1179 1863 1910 2033 2486 2659 3285 3535 3546 4653 4668 5546 5876 9758
1829 26 1520 1871 1912 1961 2523 3040 3076 4114 5047 5197 5448 6411 6542 7162 7185 7270 8611 9939 10852
1830 180 3360 7832 10251
1831 218 259 998 1396 1732 1798 1882 2055 2708 2720 2884 2981 3037 3128 3213 3350 3944 5198 5876 6101 6119 6286 6462 7055 7118 7119 7140 7321 7412 7739 7869 7905 8124 8866 9421 9464 9569 10134 10362 10386 10690 10938
1832 2621 2659 5505 5843 7800 8149 10430 10863 11009
1833 1361 1642 4898 7826 7890 8607
1834 2422 2427 5989 8525
1835 549 2605 2706 4263 4264 4265 7996 8003 8014 8177 8256 8361 8702 9166 9168
1836 769 771 910 9180
1837 912 2553 7020 8505 9924 9979
1838 3509 4806 6865 7410 8711 8724 9205 9641
1839 5111 5262 6541 8023 8074
1840 152 1291 3919 5564
1841 634 668 1475 1954 1959 1966 1998 3100 4244 4631 6151 7689 8376 8475 8636 9295
1842 41 9002 9150 9577 9682 10129 10583 10587 10680 10696 10860 10880 10932 10934
1843 1052 3989 4254 6802 6935
1844 361 362 834 3336 3358 3392 3393 3416 3535 3893 4830 5690 6324 6978 7014 7066 7075 7574 9782
1845 7837 8428 9572 9697 9950 10760
1846 7703 7818 8941 10244 10430
1847 6271 6428 6606 9204
1848 10001 10223 10283 10347 10438 10531 10945 10962
1849 2853 3032 3082 4115 8236
1850 549 556 1988 3618 5339 5340 9003
1851 4636 5116 5244 6742 7239 7487 7511 7651 7704 8165 8210 8217 8325 8339 8406 8422 8515 8554 8585 8625 8673 8679 8681 8693 8698 8745
1852 839 1036 1077 1154 2453 4846
1853 1308 1763 5634 5967 7096 9914 10456
1854 96 734 1208 1311 1317 1447 1533 1696 1702 1770 1869 1994 1998 2018 2060 2110 2253 2269 2398 2400 3090 3110 3483 3832 3836 3880 4114 4167 4344 4382 4670 4987 5297 5643 6040 6597 6676 6694 6769 6886 7416 7541 7569 7583 7761 7774 7848 7857 7914 8376 8641 9123 10471 10824 10968
1855 34 1345 3314 4505 4682 4828 5341 6609 7178 7583 9178
1856 1573 2750 4729 4886 5967 7482 8270 10752 10982 11033
1857 8183 8315 8377 8567 8593 8922 9090 9312 9421 9618 10386 10406 10659 10759 10977
1858 323 324 1814 2066 4249 5207 5328 5723 7030 8032
1859 641 983 1363 1614 1763 2726 2800 2930 5227 5337 6162 6218 6365 6387 6445 6515 6732 7014 7509 7763 7948 8216 8275 8717 8785 8999 9109 9153 9253 9537 10552
1860 120 125 855 856 1636 1696 1741 1976 2521 2637 2639 3937 4199 4236 4327 5164 5701 5942 6116 6372
1861 38 2000 2017 2021 2080 2256 2858 3941 4855 5147 5156 5170 5565 6046 6362 8491
1862 34 391 1363 1660 1754 2885 3020 3132 3361 4462 4894 5043 5371 6177 7029 8844 9239 10430 10783
1863 1291 1446 3449 5363 5523 5886 6136 6220 6475 7066 7096 7183 7426 7574 7890 9184 9587
1864 3506 3575 4419 5784 7806
1865 1321 2325 2923 5292 7528 7886 10886
1866 1133 1536 2706 3181 3246 3263 3433 3435 3713 5321 5838 5846 5998 6329
1867 213 5220 5448 5699 5862 6395 7004
1868 2513 2530 8055 10071
1869 85 476 2768 2774 2778 2859 3698 3870 5090 5968 6144 6160 6367
1870 3735 5028 5843 6176 6600 6924 7541 8311 9068 9535 10097
1871 509 4505 4572 5680 6410 8824 9879
1872 534 924 1384 1473 1680 3260 4317 4909 5520 5690 5930 6186 6348 6717 6978 7173 7477 7653 8136 9457 9816 10833 10883
1873 600 646 2937 3563 4546 7082 7614
1874 1892 5672 6165 8990 9732 10501 10783 10787
1875 3619 6596 7912 8554 9024 9533
1876 1687 3212 4907 5435 5644 5685 6374 7184
1877 6718 6842 7808 8665 9336 10010
1878 5236 5660 5916 8611 9043
1879 24 1122 1124 1919 2296 2297 2308 4826
1880 701 8978 9021 9327 9481 9508 9527 9545 9656 9662 9719 9888 9913 9967 9986 10022 10068 10215 10430 10512 10515 10860
1881 207 860 892 3140 4892 5466 5591 5615 5642
1882 421 1847 4044 4417 4428 4520
1883 391 535 608 999 1063 1363 2726 3770 4370 6471 7223 8205 9493 10291 10548
1884 825 3949 8325 8406
1885 59 995 1015 1396 1418 2060 3454 4115 4316 4470 7914 8839 10123
1886 211 1237 2940 3130 4453 4535 6894 7074 7338 7740 7912 9438 9632 10037 10456 10588
1887 1412 6281 7452 8147 8949 9090 9746 10105 10329
1888 150 2817 3779 8657 10614
1889 241 594 671 1004 1311 1591 2659 2985 8352
1890 1266 1820 2562 3765 4720 5251 8337 9267 9607 9678 10371
1891 3380 3381 3382 3383 8639 10144
1892 2961 3073 7271 10460 10704 10889
1893 942 986 1076 2119 2393 2420 2605 2696 3781 3782 3867 3955 4894 6273 6731 8307 9313
1894 646 1079 2957 3323 3389 4597 7293 8277 8629
1895 5803 6639 7730 8277 9808 10430
1896 7894 8387 8488 8554 9447 9986 10771 10877
1897 979 1255 2638 3100 3955 5522 6105 6645 9638 10275 10622
1898 1624 3154 3155 4123 4865 4916
1899 5302 6752 9868 10698
1900 464 1005 1049 1221 1504 1649 1910 2130 2449 2519 2520 3397 4139 6825
1901 1 2150 2253 2280 2302 2338 2682 2764 4239 5943 7394 8146 9312 10006 10404
1902 108 4308 6287 7485 9636
1903 1538 5634 6168 8330 8410 8417 8587 8638
1904 6464 7277 8459 9293 9670 9752
1905 1955 8081 9410 9486 10904
1906 300 958 2740 3536 4705 5531
1907 1637 2316 2781 3031 3208 3286 4127 6471 6670 7400 9732 9775
1908 2555 6005 6329 6378 6846 7100 7133 7625 8058 8084 8993 8996 9346 9429 9430 9623 9690 9707 9714 9748 9814 9868 9933 9944 9951 10026 10085 10156 10278 10298 10341 10375 10446 10484 10551 10570 10635 10689 10729 10730 10756 10793 10806 10820 10855 10882 10974 11000 11007
1909 8531 9038 9962 10088 10451 10486 10489 10564 10588
1910 929 952 3396 8712 9805
1911 19 22 161 948 1216 1217 1582 2083 3380 3383 3386 3388 3411 5394 5562 5817 5824 6465 7613 7948 10423
1912 124 125 1181 2260 2831 3121 4305 4693
1913 834 983 1062 1129 1246 1277 1283 1834 1901 2047 2749 3476 3655 4474 4715 4838 5006 5187 5425 5741 5817 5903 6202 7092 7726 7997 8463 8657 8665 9256 9435 9604 10126 10335 10391 10727 10742 10752 10764 10948
1914 3783 4585 7917 9460
1915 934 979 2390 2391 2394 2476 2549 4573 4688 10591
1916 2242 2243 2308 4826 5741 5905 6457
1917 663 1905 2452 3655 4011 4041 5105 6809 7770 8254
1918 2268 2290 3287 3535 3885 4858 8389 9878 10343 10548
1919 1571 1702 1801 1805 2069 2089 2781 5634 6684 7713 7835 7879 8284 8692 8917 9446 9484 9527 9666 9685 9695 9717 9870 9871 9892 9956 10014 10017 10044 10338 10347 10358 10404
1920 600 646 821 822 826 831 1453 1642 2421 2925 3023 6010 6384 6788 6851 6856 7131 7234
1921 391 459 1528 1567 3425 6232 7925 10430
1922 242 3749 3757 6768 9461 10737
1923 1069 1423 2979 3085 3114 3538 4871
1924 9 82 83 142 153 374 462 530 591 620 646 674 698 699 718 720 919 932 959 960 983 1027 1147 1183 1455 1460 1491 1576 1750 1848 1857 1878 1948 1989 2094 2096 2097 2106 2148 2227 2244 2286 2288 2293 2294 2295 2314 2318 2319 2377 2398 2417 2419 2420 2421 2425 2433 2459 2460 2461 2462 2486 2557 2605 2665 2701 2787 2885 2896 2907 2974 2984 2998 3007 3072 3081 3085 3096 3125 3150 3237 3239 3249 3267 3280 3288 3298 3363 3433 3453 3456 3535 3549 3560 3618 3620 3630 3633 3803 3880 3960 3963 4011 4057 4091 4280 4334 4390 4441 4494 4542 4653 4695 4753 4890 5105 5363 5385 5427 5619 5767 5795 5832 5845 5847 6154 6160 6163 6181 6329 6386 6393 6460 6552 6686 6698 6758 6837 6950 7006 7180 7325 8034 8239 9758
1925 154 418 700 831 2033 3021 4585 4653 4742 5619 7480 7583 9758
1926 8009 10088 10313 10328 10645
1927 8 18 562 864 1034 1375 2496 2609 3073 3306 3438 3887 4410 4471 4536 4658 5321 5453 5531 6155 6163 6248 6307 6329 6363 6379 6595 7053 8060 8172 8513 8844 9483 9655
1928 4321 5202 6085 8461
1929 466 1036 2583 2619 6567 6817 7344 7563 7873 8499 8754 9188 9373 10904
1930 140 499 564 565 586 693 1882 2537 5078 9165 9759 10631 10653 10901
1931 1749 2573 9691 10298 10650
1932 117 246 247 917 1159 1608 2104 2105 2110 2112 2319 2367 2869 3166 3168 3657 3662 3663 3668 3669 3739 3740 3741 3746 3755 3760 3761 3762 3830 3833 3839 3931 4166 4368 4387 4441 4450 4482 4623 4625 4666 4670 4899 4973 4993 5576 5890 5954 6586 6859 7354 7759 7876 7984 8372 9745 9767 10807
1933 39 159 950 976 1092 1362 1661 1662 2434 3005 4316 6509 8834 9430
1934 830 7074 9442 9828 10169 10364 10375 10389 10463 10531 10927
1935 2259 3346 3482 5325 5919 7415 8452 9775
1936 332 600 1002 1624 2244 3314 4504 4653 5526 9758
1937 1767 3449 7709 9008
1938 2661 2690 4916 6440
1939 393 404 417 941 1221 1691 1779 1915 1943 2398 2775 2790 3494 3688 3865 4892 5779 5802 6100 6175 7345 7635 8052 8384 8683 8857
1940 455 1116 1117 3173 8631
1941 3067 3283 4457 5069 6083
1942 147 383 1044 1154 1557 1775 2547 2926 2929 3218 3274 3330 3420 4082 4447 4730 5168 5268 5742 5796 5939 6161 6221 6562 6565 6572 6585 6668 6896 6941 6965 7000 7066 7258 7281 7345 7574 7583 7741 7747 7857 8242 8403 8429 8436 8585
1943 7636 8531 8641 9794
1944 5463 6313 6769 6814 6881 7051 7065 7184 7311 7563 7607 7637 7651 7665 7704 7719 8051 8062 8528 8585 8586 8822 8914 9044 9126 9214 9386 9406 9647 9813 9882 10133 10205 10264 10495 10615 10627
1945 3020 3831 5843 9323 9574 9733 9837 9854 10421 10430
1946 50 174 499 720 1832 1841 1880 2217 2293 2295 2355 3321 3928 4015 5806 6261
1947 241 1310 1465 1651 2104 2786 3098 3663 3667 3738 3766 3834 3835 3839 3840 7761 8239 9053
1948 1638 5684 7730 8405 9888 10133
1949 905 926 1889 2290 2668 2905 4260 4900 5396 5605 5742 6143 6668 7713 8389 9037 10333 10820
1950 2148 3336 3392 3537 3917 4598 4715 4900
1951 7781 8879 9231 9339 11008
1952 1501 2158 2369 2388 2608 2616 2686 8845 8884 8898 9245 9671 9723 9822 10060 10077
1953 3958 5407 5599 6333 6341 6342 7058 7142 7201 7275 7317 7411 7491
1954 1036 2376 10530 10659
1955 140 495 929 932 1025 1241 1264 2560 2671 2711 3131 3297 3464 3634 3975 4002 4202 4629 4857 5181 5505 7422 7792 8282 8653 8662 8674 8712 8836 9121 9208 9367 9805 10032 10118 10261 10524 10525
1956 470 749 1763 1840 1999 2294 2514 2709 2746 2753 2785 4402 7382 7515
1957 1501 7603 9923 10787
1958 4653 7933 8065 8278 8300 8561 8672 9244 9404 9624 9758 10867
1959 40 213 225 229 265 266 269 900 1133 1208 1315 1371 1387 1420 1451 1472 1503 1544 1558 1714 1843 1846 2407 2661 2731 2745 2801 2850 2908 2922 2945 3182 3964 4134 4735 4891 5030 5040 5161 5256 5301 5320 5380 5401 5457 5481 5505 5599 5840 5898 5960 6056 6146 6167 6241 6333 6341 6389 6584 6683 6754 7424 7581 7725 7745 7791 7823 8375 8653 8810 9000 9549 9788 9904 10866
1960 7790 8199 9257 9285 9775
1961 161 469 917 955 1560 1673 2390 2391 2392 2393 2394 2931 3615 4399 4407 4707 4723 4729 4730 4747 4748 4811 4889 4917 4993 5108 5140 5465 5930 6131 6136 6387 6445 6760 7200 7338 7477
1962 677 1305 7385 7619 10132 10985
1963 5989 6796 7682 8264 9633 9669 9713 10455 10564
1964 42 102 209 210 214 217 222 232 405 460 475 476 477 480 481 484 509 540 588 597 600 604 609 617 623 668 678 731 797 852 946 973 1036 1063 1096 1155 1176 1241 1251 1264 1274 1299 1300 1332 1341 1356 1363 1371 1386 1398 1451 1501 1503 1505 1511 1641 1740 1840 1841 1842 1852 1857 1880 1890 1953 2105 2127 2143 2158 2166 2167 2187 2192 2205 2209 2210 2275 2362 2377 2471 2514 2557 2571 2573 2584 2621 2636 2659 2667 2671 2696 2706 2734 2851 2852 2888 2926 2987 3074 3081 3082 3083 3084 3085 3086 3096 3097 3125 3138 3147 3184 3188 3197 3272 3275 3407 3415 3439 3483 3502 3620 3622 3634 3878 3911 3989 3990 4002 4009 4011 4051 4079 4115 4191 4209 4335 4336 4370 4407 4445 4449 4541 4546 4564 4615 4618 4636 4653 4695 4750 4780 4856 4922 4959 4984 5020 5043 5132 5227 5303 5459 5504 5614 5627 5629 5672 5741 5857 5866 5945 6076 6103 6177 6194 6363 6412 6443 6798 7382 8236 8880 9758
1965 667 734 798 996 1019 2123 3008 3489 3922 4198 4558 5472 5485 5491 7587
1966 815 816 868 1342 2374 2404 2405 2406 3990 4045 4490 4553 4793 6297 10417
1967 39 1109 1375 1771 1882 2528 2655 2749 3155 3179 3402 4299 4410 4494 5205 6268 10194
1968 2666 4278 4924 5478 5992 6533 7200 8585 8844 9237 9895 10609
1969 2714 2732 3095 9812 10816
1970 664 4756 5465 7040 7463 8988 10111 10164 10306 10489 10696 10967 10985
1971 718 737 1780 2728 3549 4779 8382
1972 4470 5187 6083 7984
1973 75 229 299 300 336 360 1065 1088 1208 1311 1509 1843 2659 2683 2842 3512 3566 4007 4591 4916 5375 6045 6390 6831 7806 9173
1974 52 732 1598 1667 1729 1978 2559 3466 3967 4915 5251 6609 6796 7506 8059 8306 8627 9153 9480 9577 9598 9605 9991 10078 10111 10167 10203 10526 10554 10582 10587 10644 10927
1975 28 31 757 2369 2631 2867 3960 3967 6158 6460 6558 6654 6698 6711 6749 7020 7059 7142 7309 7564 7852 8167 8309 8381 9075 9117 9524 10038 10057
1976 2801 3862 4134 7530 8890
1977 1297 1827 1828 4202 7392 8007 8391 11025
1978 316 391 2519 2520 2525 4653 5438 9758
1979 659 3918 4305 5428 6923
1980 3474 3538 4287 4595 6601 8066
1981 2706 3035 3053 3054 3144 4108 4692 5536 6130 6952 7389
1982 486 840 4012 5223 5919 6536 6600 6868 9851 9930 10000 10301 10527 10584
1983 429 1619 2772 3472 4772 4987 6189 6716 7559 8451
1984 1568 4830 6201 6941 8026
1985 356 2193 2217 3414 5548 10840
1986 276 2737 3309 6181 7074 8424 10423
1987 744 2496 4085 9052 9202
1988 43 80 190 197 391 600 746 797 845 1025 1125 1156 1190 1371 1451 1558 1641 1868 1912 1918 1926 1960 2245 2251 2277 2312 2336 2344 2393 2594 2597 2675 2731 2801 2834 2850 3081 3082 3083 3085 3096 3277 3492 3633 3711 3712 3967 4046 4047 4134 4341 4348 4374 4503 4554 4581 4768 4849 4887 5030 5098 5236 5280 5401 5424 5458 5504 5513 5627 5641 5695 5965 6010 6013 6167 6175 6189 6192 6344 6389 6457 6567 6573 6654 6711 6798 6801 6872 6957 6984 7003 7029 7150 7174 7229 7239 7289 7311 7560 7564 7614 7623 7636 7637 7645 7659 7847 7969 7977 8043 8048 8064 8133 8144 8210 8217 8236 8375 8422 8437 8491 8549 8563 8714 8742 8782 9075 9150 9178 9239 9320 9400 9406 9794 10279 10392 10833 11017
1989 798 905 972 1041 1139 1199 1312 2021 2432 2444 2768 2778 3144 3652
1990 4610 6734 7368 7890 8364 8607 10004 10783
1991 36 140 764 765 770 771 1282 3764 4734 5116
1992 3051 5424 7985 8768 9163 9400 9407
1993 352 3109 3414 5830 5925 5973 6533 6668 7133 7200 9159
1994 80 1031 1094 1137 1255 1626 2993 3360 4303 4331 4740 5562 5900 7515 7613 7944 9119 9435 9438 9980 10011
1995 117 241 952 1927 1935 2112 3846 4466 4504 6251 9086 10059 10511 10603
1996 1549 1550 3469 4329 5385 5477
1997 834 1067 1090 1311 1387 1421 1602 1613 1846 2035 2659 2808 4155 4717 4985 5558 7515
1998 1002 1384 1600 2712 2865 3210 3829 4725 5286 5741 5986 6243 6411 7670 7853 8790 8866 8884 8965 9016 9246 9264 9277 9281 9337 9422 9429 9655 9748 9797 9798 10221 10224 10728
1999 528 3028 3357 3358 3368 3379 3383 3385 3402 3419 4521 4570 4687 4715 4948 5403 5886 6229 7062 7066 7574 7688 8035 8844
2000 1848 2916 4926 5795 7499 8022 8311 8436 8657 9256 9604 9619 9630 10298 10387 10638 10660
2001 470 2526 6324 8125
2002 33 2099 2802 4098 5182 5438 5884
2003 11 990 1005 1036 1044 1121 1179 2301 2308 3107 4028 4108 4777 4778 4826 8950 9620
2004 4470 6111 7305 7460 7726 9100 9366 9429 9991 10221 10305 10430 10577 10624
2005 732 736 738 1154 1735 5474 5983
2006 9013 9065 9242 10480 10958
2007 1311 2704 10371 10914
2008 190 2015 2868 2964 4689 5943 5965 6358 6387 6445 6585 6679 6694 6816 7774
2009 3090 3803 4050 5034 8159 8414 8900
2010 4582 10088 10545 10578
2011 91 2050 3934 4836
2012 933 1423 3290 8622 8692 9112 9664
2013 2696 3735 3776 4397 5423 6796
2014 211 653 956 957 1093 1361 1466 1877 2466 2618 2668 2701 2765 2766 3090 3154 3155 3234 3375 3787 4214 4675 5110 5759 6643 7155 7186 7469 8277 8281 8511 8804 8935 9040 10231
2015 1419 1978 2489 2497 2508 2521 2534 3364 3851 3897 4038 8882 9445 10848 11034
2016 168 257 431 637 657 1450 1630 1797 2437 2577 2744 2846 2954 3253 3341 3378 3489 3869 3874 4173 4678 4689 4872 5376 5389 5419 5439 6482 7861 9029
2017 2007 2517 4099 8982
2018 6815 6964 9098 9384 9397 9595 9931
2019 2834 4716 5916 6003 6103 6203 6212 6483 6540 6597 6929 7236 7242 7259 8031 8243 8430 8571 8648 8835 8898 8976 8992 9089 9204 9512 9555 9685 9705 9760 9871 9892 9938 9948 9991 10197 10233 10358 10363 10368 10385 10399 10512 10668 10726 10801
2020 907 3286 4030 5127 9989 10906
2021 209 542 740 1447 1680 1695 1702 1739 1805 1834 2278 2469 2503 2517 3097 3151 3448 4424 4512 5520 6317 6511 7176 8332 8396 10008 10047
2022 141 594 595 680 716 717 1264 1311 2981 3048 3320 3833 4426 8668 9053 9213 9443
2023 288 580 1669 1986 2030 2578 2775 2873 2954 3159 3553 3692 3695 3696 3697 3710 4112 4144 4446 4844 5311 5565 5647 5779 6094 6331 6829 7061 7190 7563 8067 8556 8791 8857 9289 9485 10210 10326
2024 39 834 5004 5285 5772 7529 8767
2025 1558 3416 4463 4597 4642 4948 5127 5128 5292 5595 5743 5755 5886 7029 7153
2026 23 1077 2290 3155 7932 8389 9881 10348
2027 82 156 622 718 1939 2116 2123 3799 3983 6884 7923 8246 8532 8818 8869 9188 9569 10632
2028 173 174 499 566 2235 2341 2361 4259 4411 5748 5837 5998 6534 7053 7222 7554 8014
2029 229 236 1299 1300 1451 1993 2987 3277 4735 5013 5320 5898 5950 6806 7263 7725 10160
2030 6936 7685 7988 8051
2031 51 406 849 1174 1225 2922 2945 4782 5144 5201 5285 5480 5534 6214 6380 6431 7002 7685 8216 8222 8391 8420 8658 8775 8816
2032 269 904 1339 2073 2209 2210 2485 2957 3022 3264 3415 3728 4465 4886 5755 6496 7696 7726 7740 7977 8665 10308 10309 10310 10311
2033 180 209 2758 7207
2034 51 60 86 107 109 140 161 172 216 275 298 299 300 307 336 352 355 384 391 528 568 602 604 745 828 845 886 908 912 913 914 916 918 919 921 928 935 937 939 953 956 957 958 968 979 999 1010 1016 1028 1065 1081 1096 1097 1106 1123 1125 1133 1150 1156 1158 1198 1208 1216 1232 1241 1278 1282 1289 1290 1291 1302 1315 1361 1363 1379 1389 1398 1445 1446 1466 1491 1525 1526 1529 1558 1570 1576 1580 1600 1602 1624 1642 1686 1695 1751 1752 1796 1820 1834 1840 1845 1877 1905 1906 1907 1965 1973 1975 2013 2071 2106 2227 2238 2319 2342 2412 2413 2415 2417 2419 2422 2522 2661 2701 2706 2722 2734 2752 2761 2786 2788 2816 2930 2931 2939 2947 2974 2998 3023 3024 3035 3043 3044 3081 3082 3083 3085 3092 3098 3124 3136 3150 3155 3162 3166 3167 3182 3191 3228 3254 3271 3277 3280 3291 3304 3342 3353 3357 3358 3361 3362 3363 3368 3371 3379 3383 3390 3391 3392 3393 3404 3419 3423 3439 3440 3444 3449 3476 3489 3505 3535 3536 3538 3541 3542 3545 3549 3657 3669 3672 3679 3744 3745 3750 3760 3764 3765 3766 3769 3847 3880 3893 3919 3931 3948 4011 4028 4061 4080 4097 4108 4143 4288 4334 4379 4384 4386 4387 4398 4400 4434 4441 4450 4451 4463 4464 4472 4509 4520 4535 4570 4572 4597 4598 4652 4676 4690 4699 4724 4728 4737 4741 4749 4785 4854 4889 4894 4914 4931 4987 4992 5009 5015 5077 5111 5126 5127 5205 5211 5324 5335 5366 5386 5394 5398 5438 5545 5578 5630 5631 5651 5690 5697 5707 5715 5742 5767 5817 5824 5860 5869 5877 5886 5963 5964 6000 6010 6048 6114 6171 6201 6268 6332 6339 6387 6401 6407 6411 6429 6443 6445 6504 6511 6570 6573 6582 6584 6585 6600 6601 6612 6623 6627 6633 6658 6666 6677 6702 6711 6715 6717 6735 6760 6765 6768 6775 6808 6819 6821 6827 6830 6836 6842 6848 6933 6957 6978 6979 6980 6986 6994 7044 7075 7088 7096 7102 7137 7172 7186 7191 7204 7234 7235 7247 7281 7293 7309 7314 7315 7321 7325 7326 7328 7363 7408 7411 7448 7459 7494 7506 7515 7524 7532 7562 7583 7614 7636 7640 7657 7684 7707 7726 7740 7741 7747 7750 7776 7787 7844 7872 7903 8004 8038 8070 8081 8162 8204 8216 8236 8239 8254 8264 8279 8325 8342 8356 8375 8400 8406 8424 8425 8427 8429 8433 8436 8438 8447 8448 8456 8462 8483 8486 8497 8502 8520 8525 8530 8531 8538 8590 8607 8628 8643 8647 8660 8664 8679 8705 8764 8779 8806 8824 8838 8934 8952 9016 9081 9109 9112 9203 9407 9418 9432 9435 9436 9453 9457 9463 9481 9488 9500 9526 9927 9953 9998 10018 10037 11033
2035 1326 1843 4976 5026 5599 5674 5898 6167 6666 7142 7263 8061 8216 8217 8381
2036 3205 4944 5507 6664 8659 9178 9248 9616 10022 10293 10565
2037 968 1048 1112 1165 1261 1329 1344 3304 3614 4211 4887 4930 5243 5273 5635 5922 5986 6063 6090 6097 6649 6963 7298 7374
2038 4520 4705 5273 6453
2039 534 612 704 714 1016 1048 1165 2127 2150 2153 2166 2167 2212 2219 2241 3960 4207 4499 4655 6155 7457 7610 7826 8022 8373 8447 9151 9572 10430 10523 10760
2040 54 905 908 920 926 934 1013 1027 1043 2446 2461 2462 2601 2925 3015 3017 3150 3600 6668 6693 7583 8474 8502 9656 10144 10892
2041 469 1404 1852 5465 8645
2042 20 88 90 272 298 299 300 493 494 732 736 1310 1317 1417 1778 2104 2109 2227 2595 2597 2613 2652 2669 2695 2707 2709 2743 2753 2785 2790 2962 3085 3546 3869 3969 4446 4565 5009 5474 6941 7116 8395
2043 410 428 562 565 1195 2341 2355 3141 3277 3673 3675 4038 5407 6261
2044 384 604 1978 3277 3390 3885 5886 6010 6303
2045 229 380 498 748 1387 1390 1391 1843 1846 2282 4984 5161 5481
2046 2179 2376 2390 2393 2735 2894 4483 6488
2047 1813 2451 2511 2633 6329 7921
2048 157 212 470 476 477 485 617 823 1160 1423 1676 1954 1998 2393 2514 2636 2872 2946 3031 3220 4312 4518 5047 5324 5978 6193 6260 6645 6651 6784 7358 7382 7487 8376 8724 9476
2049 2446 7443 8205 9127
2050 587 1842 2999 3070 3071 3073 4423 4842 7283 9410 10476 10969
2051 1755 5630 5790 6503 7160 7235 7583 9436
2052 1663 2007 3949 4449 4518 6993 7369 7751 7793
2053 60 1265 1346 1347 1550 4736 6906 7067
2054 37 1658 1674 1968 2043 2637 3585 5676 7264 7774 8225 8506 9049 9984 9995 10534
2055 666 3448 3930 9254
2056 3 17 19 31 32 359 383 492 579 648 661 881 1002 1306 1407 1423 1559 1603 1738 1978 2209 2210 2257 2392 2781 2879 3044 3073 3174 3197 3470 3472 3592 4139 4157 4290 4425 4595 4650 4713 4714 4858 4957 5029 5190 5384 5684 5725 5743 5804 6101 6105 6131 6212 6297 6316 6324 6381 6465 6493 6575 6593 6603 6696 6698 6754 6776 6987 7049 7107 7185 7214 7220 7305 7329 7388 7442 7521 7575 7576 7677 7700 7816 7909 7968 8025 8066 8125 8167 8180 8252 8550 8591 8706 8793 8848 8866 8869 8919 9008 9031 9039 9073 9111 9270 9275 9296 9326 9337 9388 9483 9506 9527 11014
2057 85 4029 6054 7074 7168 8801 8987 9280 9475 9579 9649 10172 10284
2058 462 668 1882 3003 5292 8815 8969 10566
2059 694 3261 5950 6439 7414
2060 40 226 322 1208 1371 2164 2742 2801 3137 3807 4522 4791 5014 6304 6413 6897 7093 7256 7284 7557 7776 8186 8208 8209 8787 9838
2061 7084 8920 9041 9339 9846 10796
2062 7054 7167 7308 8127 10072
2063 8941 9219 9427 9442 9739 10389 10421 10463 10630 10808
2064 346 2742 4216 5133 5207 5326 6435 6600 6897 7760 9494 9596 9756
2065 1905 2217 2393 8254
2066 5201 5736 5917 8349 9699
2067 5020 5827 5888 6018 6708 7058 7170 7349 7491 7666 8629 8727 8864 9363 10091 10175 10247
2068 476 478 482 2678 3085 5219 6493 7455 7466 8162 8578 10218 10600 10640
2069 9135 9493 9672 9986 10038 10056 10180 10291
2070 165 5187 6165 7614 9970
2071 646 5950 6984 7521 7778 8003 10095 10779
2072 140 2178 2227 2293 2294 2295 3053 3128 7362
2073 1475 3527 3531 4256 4419 4500 6581 6638 6748 7439 7569 10195 10394 10762
2074 1525 2319 4092 4249 4251 4441 5317 6842 10430 10696
2075 1277 1828 1953 1993 2636 3337 5534 7358
2076 1229 10696 10831 10861
2077 915 922 923 926 963 975 1007 1027 1041 1141 1191 1234 1280 1349 1438 1570 1610 1644 1961 2072 3090 3154 3155 3311 4127 4496 5405 5963 6007 6201 6347 7224 7374 7517 7707 8290 8425 8474 8803 8887 9574 9771 9923 10295 10348 10583 10615 10728 10892 10911
2078 2030 2521 3109 3197 5803 7283
2079 803 1330 2800 3554 3669 3710 6198 6520 7454
2080 208 775 778 3262 3602 4734 7006
2081 1436 2227 3096 3837 4496 7230 7879 10571
2082 1410 1949 4267 4731 10879
2083 4136 4809 4984 5081 5504 5983 6010 6706
2084 49 153 290 579 1742 2000 3011 4163 4653 4873 5041 6062 6074 6199 6420 6500 6572 6626 6722 7350 8847 9758
2085 4735 4976 5026 5252 5898 6103 6107 6431 6489 6698
2086 469 1274 1282 1852 1906 3157 4426 4800 5767 6555
2087 1343 2245 3074 3961 4009 4768 6167 6711 7289 7560
2088 6420 6575 6607 6755 6769 6937 7116 7217 7754 8061 8316 8387 8443 8556 8819 9326 9812
2089 247 460 533 934 1036 1280 1743 1842 2626 2662 4295 4357 4399 4423 4630 5234 5343 6005 6103 6316 6344 6370 6389 6412 6677 7145 7533 8054 8282 8434 8479 8847 8868 8914 9564 9866 10140
2090 48 141 147 148 380 382 500 560 688 690 694 738 1052 1096 1154 1156 1179 1236 1293 1311 1332 1405 1419 1494 1638 1720 1721 1758 1797 1824 1833 1837 1840 1875 1876 1880 1968 2003 2069 2074 2217 2227 2250 2323 2393 2396 2398 2430 2514 2519 2520 2553 2585 2597 2618 2630 2635 2636 2659 2682 2693 2747 2778 3078 3139 3187 3281 3469 3663 3675 4254 4293 4506 4619 5034 5097 5165 5401 5642 5700 5703 5748 5763 5815 5837 5866 5899 5976 5987 6160 6163 6229 6282 6344 6369 6520 6720 7382 7469 7515 8286
2091 2882 9155 9471 9543 10042 10043 10276
2092 1882 2747 2942 8986 9033 9740 10177 10939
2093 1387 2760 3097 5625 7178 7367 7681 7800 8095 8216 8289 8455 8478 8583 9297 9333 9373 9483 9732
2094 5 25 61 140 150 168 231 271 435 604 627 690 785 812 905 920 923 926 1027 1133 1141 1147 1164 1314 1326 1373 1504 1516 1649 1650 1687 1714 1885 1964 1967 1983 1991 1992 1994 1999 2000 2002 2030 2034 2080 2245 2314 2441 2456 2461 2462 2466 2625 2632 2654 2666 2676 2684 2704 2716 2725 2746 2774 2781 2805 2812 2850 3041 3090 3154 3155 3210 3265 3403 3600 3720 3727 3730 3732 3784 3787 3815 3819 3871 3966 4020 4103 4144 4374 4407 4438 4471 4628 4734 4768 4847 4963 5019 5161 5307 5382 5411 5485 5553 5623 5627 5661 5663 5902 5907 6088 6152 6284 6419 6428 6464 6572 6795 6802 6904 6937 6948 7048 7069 7158 7204 7281 7384 7530 7543 7560 7563 7659 7858 7917 8274 8307 8329 8354 8466 8558 8560 8855
2095 1763 1968 2166 2167 2392 3217 4933 6131
2096 10 157 690 1758 3977 4469 4918 5598 5747 5978 6193 6387 6445 6620 6750 6769 7263
2097 2505 4350 4457 6083
2098 1636 2392 2864 6131 6432 8051
2099 853 1956 2207 3989 4307 6993 8729 9427
2100 119 364 365 708 1385 2198 2630 2639 2656 3139 3163 3583 3791 4095 4114 4199 6404 6931 9204 10522 10933
2101 18 685 2116 2286 5444 6705 9490 10577
2102 1311 4195 6986 7191 7642 9545
2103 1096 7933 8174 8648 8841 8941 10353 10421 10699
2104 31 39 1990 3288 3475 4083 5218 5816 6168 6181 7121
2105 1106 6054 9873 10222 10393
2106 5611 5903 7652 9355
2107 7353 8856 10548 10877 10888
2108 7831 8169 8749 9219 10389 10512 10815
2109 46 544 603 1693 1758 1869 2196 2394 2807 4656 5044 5484 5886 6078 6463 6544 7259 7304 7711 8315 9213 9250 9571 9617 10740 10768 10799
2110 1499 2253 2280 2934 6193 6376 8150 9762 10008
2111 1380 2922 2945 2949 3514 4732 5109 5423 5618 7048 7427
2112 7006 7732 7808 9574
2113 2947 4250 4253 8019 9014 9264 9547 10748
2114 2913 2925 3022 4137 4352 9503
2115 439 519 1345 4343 4374 4417 4429 4920 5911 5978 6216
2116 1473 2015 2637 3163 4086 4114 4286 4684 4971 5169 5500 7323 7495 8194 9048 9859 10281 10462 10799
2117 2879 3984 8959 9251 9636 9645 9713 10456 10465 10513 10546 10601 11039
2118 1086 2136 2459 2460 7168
2119 623 1498 3096 4538 8540
2120 388 405 475 477 485 499 588 638 748 749 1063 1105 1160 1208 1315 1677 1954 1959 1994 2157 2435 2470 2489 2497 2630 3064 3085 3995 4039 4040 4360 5044 5775 6584 6606 6708 7711 8351 8396 8831 8877 8914 9142
2121 3611 8873 9198 9696
2122 5 256 1105 1160 1210 1250 1419 1968 2032 2218 2289 2375 2383 2561 3129 3276 3284 3798 3822 3852 4038 4294 4360 4362 5308 5463 5542 5678 5745 5750 5775 5782 5827 6184 6197 6271 6298 6313 6404 6406 6424 6463 6608 8685
2123 231 2217 2294 2296 2299 2307 3690 5168 5815 6595 6920
2124 455 9374 10830 10881
2125 1612 8314 9056 9079 9161 10313 10910
2126 890 3919 8097 8398
2127 4331 5988 7831 9070
2128 0 475 477 478 480 483 485 540 588 617 687 749 1157 1369 1412 1520 1521 1998 2188 2486 4339 5559 5568 8376
2129 1903 6365 9679 10724 10763 10828 10895 10902
2130 3892 4433 5660 5898 6384 6734 7089 9181 10291
2131 7914 9077 10379
2132 1064 1801 1901 4131 4260 4803 5247 8441 8899 8904 8965 9350 9422 9794 9862 9918 10308 10430 10438
2133 229 290 724 1528 1688 1714 1749 1846 2050 2205 2336 2801 2836 2857 3643 3806 3961 4024 4084 4486 4836 4897 5161 5280 5407 5479 5599 5741 5927 6103 6342 6654 6706 6751 6874 7276 7369 7387 7491 7564 7568 7600 7622 7659 7725 7726 7791 7807 8340 8530 8578 8797 8849
2134 101 943 981 3317 3800 7920 10185 10262 10956
2135 159 958 959 961 2822 3289 5468 9604
2136 33 7053 9960 10371 10886 10901
2137 2320 2870 3809 5956 7097 9781
2138 599 847 1146 1393 1473 1495 1521 1564 2746 2775 3941 5080 5363 5422 5779 6094 6133 6301 6550 7470
2139 135 3253 5773 6152 6266 7527 8250 8341 9263
2140 160 549 552 553 1902 3676 4028 4737 4927 5595 8356 9198 9241 9309 9620 10398 10531
2141 117 1900 9291 9329 9478 9619 10296 10548
2142 1533 1638 1758 1954 1968 2278 2392 2393 2394 2417 2514 2563 2592 2636 2637 2708 2786 2986 3040 3139 3163 3560 3679 4130 4313 4362 4480 6131 6327 6504 6606 7382
2143 1375 7027 7356 7443 7475 7677 8197 8720 8877 9608 9687 9880 10058 10105 10899
2144 754 2227 2599 3177 3186 4080 7775 9133 10393 10469 10786
2145 59 93 94 96 99 104 105 134 140 157 380 435 563 579 604 618 621 629 689 720 725 744 756 881 905 915 923 926 938 941 1007 1027 1036 1064 1070 1077 1109 1147 1154 1172 1196 1197 1214 1234 1235 1326 1335 1397 1400 1415 1438 1448 1487 1497 1504 1509 1532 1559 1603 1610 1644 1688 1743 1778 1779 1780 1805 1968 1992 1994 1999 2015 2069 2080 2089 2141 2142 2156 2261 2293 2294 2296 2304 2305 2321 2399 2430 2441 2444 2497 2521 2597 2622 2669 2695 2709 2915 2977 3127 3192 3195 3226 3342 3364 3395 3436 3453 3691 3697 3753 3862 3961 4011 4126 4161 4226 4259 4293 4488 4497 4511 4539 4659 4668 5070 5126 5127 5130 5359 5369 5370 5546 5623 5661 6059 6101 6193 6500 6511 7225 7278 7296 7329 7515 7552 7583 7674 7981 8194 8274 8468 9139
2146 338 849 6042 7586 7626 7736 8314 8533 9397 9595
2147 3103 7493 7523 7743 8320 8432 8764 8873 9021 9070 9319 9419 9453 9498 9630 9677 9810 9829 10578 10612
2148 1600 2227 2286 2287 2396 2398 2399 3056 6603 7053 7435 8365
2149 7292 7989 8391 8658 8816 9897 9931 10064
2150 3949 4401 7181 8517 8745 10320
2151 2304 5852 5855 5905 7651 7849
2152 5 179 386 525 542 596 634 638 668 677 740 796 1233 1296 1390 1391 1572 3027 3314 4351 6798 8424 9327 9345
2153 2797 3762 3907 4412 4457 6083
2154 6341 9403 9760 9838 10479 10512 10835
2155 2659 3277 4159 4489 6690 7409 8808 9090 9093 9247 9700 9983 10094 10421 10447 10804
2156 299 338 553 988 1028 1090 1575 1714 1891 2222 2922 3052 3295 3471 4133 4544 4894 5285 5387 6868 7479 7529 7586 7626 9553 10460
2157 646 821 2244 3076 3095 3582 3618 4582 4818
2158 413 646 821 825 829 830 4995 7832 7897 8673 9098 9624 10610
2159 5676 8660 9345 10371 10894
2160 32 39 2395 5264 7737 10348
2161 3289 6734 7445 8860 9608 10772
2162 623 2781 8325 8406
2163 8522 9958 10117 10129 10295 10531 10588 10630
2164 2812 7412 9135 9565
2165 8832 8919 9424 9885 9931 10003 10046 10093 10161 10777
2166 9553 9781 10046 10070
2167 265 296 429 832 1666 4830 7474 8854
2168 4865 7130 7378 8325 8779 10364 10512
2169 310 1872 4025 4680
2170 583 839 1059 1077 1522 2301 2307 2308 2459 2460 2486 2542 2630 2878 3259 3963 4826 5540 5541 6624
2171 1208 1387 1843 2345 5049 8216 8749 9245 9549
2172 180 4426 9354 9734 10515
2173 303 336 337 857 1836 2535 2909 3678 4079 5720 6536 8628
2174 391 4866 5435 5627 5741 6013 6414 7178 7704 8257 8282 8679 9543
2175 930 968 1087 1525 1526 2099 2150 2606 7417 8520 11033
2176 2605 3629 3771 7432 9349
2177 824 6103 6384 7614 7703 8864 9442
2178 475 588 1544 4820 5625 5809 6041 6271 6606 7385 8194 8464 9072 9142 10674
2179 3226 5632 5985 7619 8705 9559
2180 2953 3535 5262 7937 8887 9435
2181 3314 6091 6439 7329 8374 10483 11026
2182 31 39 468 470 478 480 481 483 484 513 517 584 618 664 665 725 1011 1020 1055 1098 1165 1409 1476 1486 1596 1763 3071 3180 3226 4044 4303 4398 4403 5985 6623 7083 7328 7380 7463 8188
2183 1725 2345 4528 4684 5079 5191 5270 5284 5460 5937
2184 203 896 2464 2583 2619 2621 3577 4556 7744 8018 10871
2185 215 806 2461 3681 4405 5633
2186 274 873 1557 2222 2704 2746 3871 3873 4393 4412 4797 5042 5436 5941 6761 7065 7488 7563 9581 9858 10350 10986
2187 1018 2131 2227 3453 3996 7713 10118
2188 2574 5681 6677 7154 7583 8103 10919
2189 514 655 724 886 901 1028 1042 1108 1200 1319 1389 1487 1561 1574 1791 1792 1836 1841 1861 1880 1900 2504 2512 2525 2535 2686 2726 2912 2918 3215 3295 3416 3680 3735 3955 4509 5117 5447 5482 5525 5797 6032 6653 7172 7461 7581 7963 8853 8854 8913 9701
2190 1426 3221 3450 4174 4424 5994 6384 6643 6798 7584 7805 8150 8157 8257 8626 8742 8806 9141 9482 9495 9559 9791 9842 10209 10564 10610 10720 10757 10872
2191 140 279 307 349 378 391 392 406 427 428 429 531 912 974 999 1010 1026 1176 1255 1291 1363 1398 1458 1531 1558 1560 1612 1638 1660 1684 1728 1763 1771 1805 1806 1811 1812 1830 1831 1839 1882 1883 1905 1956 1978 2074 2525 2528 2646 2726 2779 3027 3031 3088 3089 3108 3137 3216 3366 3367 3402 3409 3410 3411 3412 3416 3449 3735 4099 4123 4174 4229 4351 4370 4400 4414 4432 4509 4567 4583 4604 4605 4728 4736 4737 4805 4811 4894 4916 4950 4953 4960 5006 5016 5054 5062 5077 5093 5187 5201 5206 5207 5264 5293 5332 5335 5363 5394 5408 5427 5438 5486 5522 5525 5533 5543 5549 5562 5578 5617 5627 5660 5743 5755 5817 5824 5829 5900 5917 5993 5994 6032 6162 6176 6232 6254 6330 6340 6365 6387 6411 6440 6445 6461 6471 6584 6600 6645 6699 6717 6718 6725 6759 6796 6812 6838 6840 6935 6993 7028 7066 7074 7092 7108 7122 7133 7153 7154 7160 7187 7200 7223 7269 7277 7284 7338 7353 7357 7364 7425 7483 7485 7490 7492 7509 7515 7529 7541 7559 7561 7574 7613 7620 7699 7713 7744 7776 7854 8027 8038 8047 8097 8118 8205 8212 8248 8254 8275 8277 8279 8297 8298 8299 8300 8306 8310 8322 8383 8416 8504 8575 8628 8645 8674 8676 8720 8729 8778 8800 8810 8836 8888 8896 8960 8990 9029 9040 9082 9083 9132 9153 9180 9207 9220 9262 9279 9360 9367 9410 9438 9491 9492 9547 9608 9659 9775 9873 9908 9909 9927 9980 10000 10012 10047 10092 10118 10127 10234 10238 10244 10338 10375 10389 10405 10420 10458 10474 10498 10587 10644 10741 10761 10785 10819 10843 10852 10860 10868 10908 10939 10954 11010
2192 907 1035 5948 7204 7831 10629 10950 11031
2193 1767 5526 6245 6842
2194 591 1299 1300 1846 2166 3277 4463 4865 10423
2195 239 398 714 2372 2560 2583 2619 2658 3404 3773 4478 8665 10075 10523
2196 145 3547 5729 5989 6766 8438 8440 9523 10177 10784 11007
2197 3782 4197 4427 7148 9006 9346 9673 9757 9784 9818 9919 10034 10171 10212 10300 10341 10467 10585 10652 10660 10679 10713 10742 10743 10754 10806 10950
2198 134 173 174 511 615 683 702 710 784 786 905 920 922 926 941 1027 1044 1075 1311 1461 1586 1743 1824 1833 2034 2050 2080 2227 2272 2299 2333 2444 2449 2554 2564 2593 2594 2595 2597 2609 2665 2675 2734 2747 3079 3081 3082 3083 3085 3096 3698 3787 4051 4196 4665 4836 5166 5268 5546 7225 7278 7515 8214 8236
2199 1595 1967 1983 1999 9389
2200 492 1001 1034 1406 1521 1704 1763 1807 1919 2286 2326 2435 2476 2489 2504 2521 2811 3030 3259 3410 4123 4263 4426 4688 4941 5047 5525 7863
2201 20 35 1044 4738 6160 6585 6668 7053 7204
2202 40 382 724 1208 1225 1315 1371 1387 1609 1762 1764 1828 1850 1969 1990 1997 2164 2175 2570 2619 2621 2808 2868 2896 2912 3308 3482 3531 3930 4094 4746 5118 5171 5282 5380 5475 5537 5625 6325 6403 6405
2203 64 3096 7567 8597 9523 9578
2204 931 1371 4699 6842 9712 10512
2205 39 140 391 392 435 465 908 929 932 937 953 1115 1116 1117 1152 1153 1452 2227 2417 2420 2761 2786 2787 2788 2863 2867 2929 2990 3167 3262 3300 3420 3538 3880 3911 3979 4027 4028 4029 4150 4334 4406 4428 4471 4535 4737 5111 5287 5651 5978 6001 6201 6329 6363 6379 7207 8239 8712 9805
2206 63 6386 6431 8129 8363 9619
2207 2013 3606 4452 4575 5421 6350 10141
2208 708 2131 6794 9090 9295 9654 10002 10272 10340
2209 113 127 139 178 190 216 260 403 499 546 551 557 563 565 567 634 657 667 819 1063 1123 1440 1447 1597 1605 1623 1674 1713 1842 1879 1882 1959 1961 1981 1982 2083 2131 2157 2227 2233 2246 2261 2288 2341 2350 2398 2435 2436 2437 2540 2557 2571 2575 2624 2717 2784 2983 2988 3008 3009 3035 3056 3083 3133 3379 3772 3820 3826 3968 3986 4020 4039 4085 4115 4135 4232 4270 4356 4395 4411 4412 4465 4483 4512 4550 4551 4617 4643 4872 4918 4999 5193 5197 5295 5311 5419 5452 5485 5512 5751 5929 6130 6154 6537 6700 6844 6875 6949 6990 7053 7164 7220 7291 7293 7582 7648 7702 7721 7774 7863 7913 7914 8332 8361 8433 8831 8839 9037 9324 9698 9804 9957 10049 10406 10534 10606 10824 10840 10886 10893 10894 10976
2210 270 844 896 2009 2010 2386 3511 3514 3515 3566 3933 4365 4555 5171 5179 6368 6626 6634 6656 6729 6865 6910 7129 7429 7430 7669 7742 7809 7834 8009 9088
2211 1763 1865 3225 4509 4916 5963 9817
2212 103 898 1154 1804 2450 2453 2456 2466 2550 2557 2571 2595 2597 2618 2665 3038 3110 3165 3353 3631 3866 5267 5378 5439 6105 6679 7469
2213 297 299 300 336 514 1293 1348 2281 3512 3515 3519 3568 4954 5375 5481 5800 6087 6412 7217 7463 8345 8643 9277 9661 9897
2214 2000 2012 2017 2489 2497 7798 10923
2215 1656 3068 3157 3266 6612 6670 9817
2216 141 2981 4091 4169 4331 4426 5520 6648 6650 7133 8640 9504 10047
2217 418 7515 8355 8783 9129 9828 10364 10548 10860 10927
2218 19 54 1147 1256 1669 2391 3246 3364 3941 5235
2219 3803 5169 5226 6010 6103
2220 146 1231 2269 3413 3782 4729 5105 5432 6465 7026 7565 8682 10110
2221 1037 2024 2126 2765 2766 3925 4262 4872 5818 5998 9400 9402
2222 751 753 5898 8331 8642 8663 8779 9079 9420 9904 9931 10022 10052 10093 10648
2223 6929 9290 9695 10277 10340 10433 10502 10602
2224 55 140 153 344 466 546 652 688 795 929 979 1064 1091 1152 1153 1201 1276 1293 1319 1363 1459 1700 1719 1829 2005 2019 2033 2053 2230 2264 2290 2427 2457 2525 2695 2707 2780 2891 2916 3085 3146 3187 3237 3260 3630 3906 4061 4428 4630 4653 4890 5182 5211 5438 5526 5716 5727 5741 5776 5866 5954 5970 6400 6430 6451 6758 6969 7044 7126 8389 8712 9758 9805
2225 6040 7006 8082
2226 841 1266 1291 7437 8629
2227 565 1807 3238 8390
2228 196 1403 1404 2205 3100 3132 4811
2229 530 1723 2063 2282 2887 3046 3085 3333 4584 4813 5798 6201 6396 7774
2230 999 2143 2522 2677 2726 3353 3358 3520 3536 4370 4598 4747 4916 6049 6503 6715 7046 7074 7160 7766 8034 8933 9518 9547 10389 10987
2231 2 46 85 137 193 363 386 420 434 449 469 476 487 634 668 748 852 893 1250 1369 1412 1416 1469 1544 1659 1661 1662 1680 2057 2058 2168 2179 2233 2235 2394 2514 2553 2636 2764 2779 2807 3165 4085 4086 4295 4310 4344 4395 4971 5295 5505 5775 6982 7382 7472 7940 8846 8979 9090 9142 9165 9193 9250 9338 9476 9527 9654 9666 9687 9724 9858 9874 9939 9956 10176 10230 10288 10340 10404 10477 10591 10672 10804 10886 10933 11016
2232 1005 1044 1109 1660 3801 6819 8605 10842
2233 872 3999 4330 7868 10726
2234 1831 5166 6734 7355 8692 8702 8793 9008 10072
2235 20 155 2219 2299 2309 2310 2655 3096 4778 6363 7813 8408 10892
2236 4344 6133 9174 9338 10031 10301 10943
2237 2621 8775 9128 10014 10056 10512 10815
2238 2638 3849 3909 4354 5827 5915 6075 6078 6313 6747
2239 840 1238 1313 1465 1491 2109 2111 3667 3830 3845 5869 6916 6941 7131 7174 7180 7201 7204 7278 7407 7570 7657 7749 7917 7973 8023 8039 8053 8131 8366 8431 8512 8700 8728 8741 8920 8941 8950 8966 8989 9091 9103 9181 9246 9287 9427 9713 9745 9747 9811 10142 10629 10662 10952
2240 1826 4597 5016 7185
2241 1110 2782 3085 8193 8531
2242 27 275 775 820 1363 1919 2609 2788 2926 3043 3083 3085 3096 3317 3352 3449 3637 3765 3968 4108 4273 4575 4921 5051 5262 5665 6251 7734 7844 7879 7920 8932 10369 10691 10827 10899
2243 1521 1710 1736 1938 2031 2778 3593 3999 4354 4671 4810 5515 5616 5941 7373 7567 7691 8398 9280 9461 9698 9882 9898 9977 10080 10230 10473 10477 10493 10570
2244 589 2933 3955 4028 4509
2245 3497 3499 6126 6694
2246 552 661 835 873 1442 2095 2268 2304 3592 4055 4900 5462 5530 5616 5941 5980 7567 7782 7803 9523 9690 10023 10249 10643 10745 10951 10978
2247 209 582 999 2321 3765 3962 4541 5742 7670 7730 8905 8999 10501
2248 1728 6032 8531 9829 10546
2249 9440 10164 10783 11021
2250 234 1102 3621 4951 5866 8179 8575 8743
2251 2643 9330 9440 9484 9527 9751 9878 10149 10190 10254 10279 10302 10329 10334 10342 10386 10430 10431 10486 10512 10520 10554 10586 10588 10649 10698
2252 8965 8997 9307 9422 9482 9574 10166 10168 10178 10852 10914
2253 600 820 821 823 3171 3226 4403 6822 7326
2254 121 800 1636 5323
2255 1283 1427 4517 9333 9760
2256 1363 2661 5227 7053 7554 8351 9065 9888 10383
2257 7862 8198 9678 10430 10787
2258 266 280 378 384 814 1254 2042 2088 3147 3515 3889 4115 4291 4782 4913 4952 4953 5533 5549 5755 5797 6935 7843 7942 8314 8452 8663 8775 8935 9200 9220 9299 9543 9885 10106 10186 10344 10583 10747 10861
2259 3036 7541 8604 10298 10350 10732
2260 605 677 1214 1393 2662 2667 2671 4023 8729 10538
2261 4813 8010 8914 11040
2262 264 1639 3447 3890 5499 6470 6889 7084
2263 276 3306 3472 4214 6181
2264 125 194 363 844 1393 1636 1659 2639 4867 5194
2265 917 1550 2934 3450 4329 6690 9155 9471 9510 9912 9998
2266 1498 1667 1724 2227 4370 4961 5149 9480
2267 4423 5047 6049 6645 6879 7029 9435 10485 10548
2268 85 847 859 1473 1528 1636 1679 1758 2015 2253 2288 2375 2401 2476 3110 3591 3594 4086 4722 4971 6126 6483 7035 7110 7522 7607 9167 9446 9502 9521 9629 9651 9695 9960 10197 10317
2269 279 4747 5068 5205 7153 7964 8826 9043 9260
2270 1467 3038 3165 3299 3497 3499 3517 4901 5310 5375 6417 7615 8092 8340 9054 9420 9666
2271 5 25 139 156 176 199 214 234 499 515 535 564 565 636 657 996 1002 1019 1096 1154 1205 1221 1310 1311 1312 1467 1516 1660 1833 1841 1979 2050 2080 2083 2105 2108 2142 2227 2245 2270 2277 2286 2290 2293 2294 2296 2302 2304 2332 2341 2373 2396 2431 2457 2462 2476 2517 2601 2630 2761 2784 2827 2972 3073 3170 3324 3459 3638 3643 3673 3675 3689 3690 3720 3832 3995 4038 4040 4085 4362 4644 4836 5085 5378 5381 5479 5490 5491 5646 5733 5767 5775 6054 6135 6637 6638 6724 7224 7489 7553 7554 7587 7631 7957 8389 9236 9421 9485 10400
2272 6534 7049 7204 7351 7554 8014 8061 8433 8588 8963 9327 10554
2273 32 738 1819 2003 2241 2590 3082 3347 3760 4838 5121 5292 5755 5879 6076 6201 6575 6718 6792 6844 7218 7620 7984 8088 8236 8275 10118
2274 1798 1814 2355 4936 6019 6261 10035 10214 10245 10348 10517
2275 525 852 2731 4016 4330 4660 4671 5227 6297 6675 6794 6798 6939 7108 7158 7163 7200 7264 7284 7304 7542 7607 9044 9049 9381 9882 10502 10933
2276 64 231 1984 3538 6100 6172 9613
2277 140 1435 2295 2398 2435 2489 7944 8849 9282
2278 1282 5610 6343 8210 8325 8406 8570 8624 8627 8734 9156 9991
2279 75 85 118 120 121 122 123 194 256 810 856 859 1447 1489 1490 1540 1636 2046 2356 2375 2381 2768 2775 2811 2858 3151 3165 3299 3301 3497 3499 3531 3574 3791 3795 3797 3798 3859 3991 4034 4236 4286 4355 4508 4657 4701 4806 4988 5000 5017 5031 5033 5150 5259 5305 5313 5402 5735 5750 5779 5789 5809 5897 5934 6359 6409 6416 6463 6483 6642 6763 6787 6833 6883 6927 7252 7265 7495 7522
2280 60 1147 1233 1700 1838 1961 2287 2323 2781 3087 3221 4423 5978 6328 6496 6692 7451 7667 7874 8277 8463 8575 9442 9493 9609 9739 10072 10291 10625
2281 4047 10002 10397 10576 10669 10946 11002 11020 11026 11027
2282 1575 6751 6783 7521
2283 1611 1808 2097 4312
2284 8 15 140 240 762 1036 1097 1113 1147 1214 1433 1840 2007 2727 5296 5699 5806 5844 6046 6149 6352 6595 7118 7515 7578 7875
2285 39 3658 7984 10987
2286 2666 2805 2851 2852 5411 6937 8394
2287 525 638 677 886 1454 3733 3803 5312
2288 146 2609 2649 5274 7173 7373 7648 8242 8333 8398 8630 8699 9106 10134 10379 10555 10696 10951
2289 1272 2767 3083 4428 5329 5916 6585 8648 9008 9178
2290 2498 2675 3000 3212 3911 3916 5030 7059
2291 1965 5358 7876 8950 9745
2292 1838 1840 1855 2671 3050 6798 8127
2293 1428 1853 2891 4963 7049 9218 10909
2294 1208 1315 1843 2176 2661 2815 5505 6592 7084 8829 8920 9339 10547
2295 59 69 206 215 254 481 482 484 499 586 603 621 754 818 847 854 1069 1097 1147 1181 1212 1314 1678 1680 1807 1837 1853 1972 1976 2014 2015 2069 2089 2138 2270 2399 2459 2460 2470 2502 2509 2511 2514 2563 2575 2591 2592 2595 2633 2639 2675 2692 2784 2819 3246 3376 3623 3709 3792 3866 3888 3897 3916 4020 4114 4176 4190 4313 4314 4339 4811 4852 5068 5105 5369 5649 5769 6327 6637 6689 6740 7382 7883 7921 8786 8823 8826 8855 8954 9014 9082 9414 10538 10874 11029
2296 176 300 1052 1141 1464 2444 2915 3656 4050 4254 5532 5621 6593 6757 7879 8400 8670 8803 8868 8941 9184 9201 9202 9359 9427 9497 9721 9866 10049 10087 10511 10725 10892
2297 92 855 1636 2847 2868 3085 3096 3517 3520 4355 4920 5226 5470 5823 5847 5850 6041 6187 6359 6463 7318 7563
2298 3068 3473 5736 5755
2299 21 276 556 1233 1288 1289 2158 2788 2930 3243 3256 3357 3366 3368 3369 3371 3379 3380 3387 3388 3389 3410 3412 3486 3863 4011 4096 4463 4464 4472 4853 4961
2300 161 1769 3462 4432 5408 5842 7674 9696 9976 10178
2301 1748 3407 3975 7907
2302 260 926 958 1311 2025 2116 2699 3133 3549 3757 3760 3840 4257 4838 5034 5954 6200 6210 6265 6520 6572 6933 6952 7100 8131 8425 9299
2303 133 1338 1528 1591 1600 1645 2790 3012 4194 6104 10978
2304 274 6807 7576 10255
2305 917 3389 4387 5111 6504 6671 9110
2306 66 827 3250 3616 3618 5935 6081 6110 8344 8397 9369
2307 1528 1740 2834 3210 3231 3335 3711 3997 4285 4517 4630 4856 4905 5005 5374 5693 5883 5945 5948
2308 5366 6557 7856 8140 8485 8512 8578 8920 9339 9384 9835 9931 10064 10093 10548 10578
2309 1156 1571 5620 5948 8185 8898 9647 9760 9887 10190 10482 10991
2310 53 330 3096 3125 3864 5151 5608 7903 8188 8425 8800
2311 173 2147 2301 5807 10377 10486
2312 493 1753 3039 4204 4689 7356
2313 55 264 278 380 425 441 690 731 739 755 821 1012 1208 1241 1433 1492 1664 1692 1764 1990 2174 2183 2185 2189 2202 2265 2317 2319 2562 2636 2659 2712 2714 2736 2780 2801 2926 3106 3147 3197 3214 3230 3273 3605 3948 3989 4099 4441 4585 4652 4653 4876 4894 4987 5407 5465 5660 5690 5755 5829 5986 6352 6528 6670 7014 7480 7661 8277 8414 8421 8531 8629 9758 10037 10474 10713
2314 5488 7033 9649 10350 10419 10498 10536 10621 10659 10750 10870 10939 10962 10967 10975 11002 11027
2315 3008 10624 10673 10870
2316 7212 7232 7722 7753 8749 9295 11040
2317 441 755 8687 9452
2318 53 1740 6049 7487 7713 8047 8073 9246 10244 10548 10560 11032
2319 6983 8921 9380 10314 10731 10771
2320 2433 2468 5632 6526 7663 8216 8241 8638
2321 0 26 31 513 843 2063 2356 2383 2806 3288 3512 5375 5534 5594 5601 5793 6023 6324 6487 6569 6776 6913 6961 7000 7036 7037 7266 7602 10054 10848
2322 4428 6305 6963 6974 7034 7374 7420 7740 8191 8679 8770 9127 9433 9480 10027
2323 5752 6585 7828 8264
2324 168 231 1315 1387 1687 3096 3812 4415 4970 5227 5307 5852 5855 6585 8437
2325 881 883 885 1114 1118 1134 2661 2938 2954 3061 3118 4121 4169 4193 5287 5354 5446 5646 5775 5866 5881 6143 6201 6356 6572 6777 6875 6952 7101 7243 7348 7389 7699
2326 1152 1153 2944 3088 3089 9312 10386
2327 161 560 4059 4730 4865 4894 5039 7452 8460 9112 9439
2328 788 838 839 1036 1447 1778 2286 2726 3082 3085 3728 4137 4777 4799 6822 7857 8049 8236 8713 8722 9903 10151 10410 10923
2329 745 4915 5202 6718 7926 8487
2330 84 843 881 886 1821 3352 3357 3361 3362 3402 3449 3629 4463 4990 6201 6791 6844 7153 7473
2331 2240 3116 5550 8739 8944
2332 44 913 4675 7338
2333 39 340 999 2013 3206 3425 4417 7443
2334 429 1174 2835 2862 4509 4953 5133 6870 10584 10790
2335 120 122 128 283 790 799 1271 1419 1634 1671 2004 2227 2638 3164 3574 3584 3851 4609 4833 5017 5276 5402 5500 5811 6152 6272 6606 6647 7287 7634 9381 10462
2336 2542 4728 8139 8933
2337 525 7251 7651 8051 8169 8477 8569
2338 46 363 469 1979 2218 2489 2561 2585 2630 3581 3778 3823 4268 6252 6589 7601 9844 10369 10404 11013
2339 236 1387 2429 2621 3037 3799 6572 8102
2340 478 483 504 1131 1160 1181 1210 1250 1285 1314 1351 1521 1734 1972 2189 3067 4038 4827 4875 6134 6252 6255 6264 7051 7772 7998 8441 8794 9008 9076 9365 9717 9720 9730 10044 10058 10062 10903 10906 10926 11024
2341 9563 9622 9683 10625
2342 7014 9267 9439 10543
2343 2637 2638 4872 7399
2344 668 720 1262 1971 2374
2345 917 1413 1414 4536 6478 8550
2346 1133 1544 4273 6065 10361
2347 1878 5337 6567 7931 8823
2348 1507 2358 5943 7423 8015 9719
2349 1558 2349 2973 5054 8216 9000 9535 10552 10584
2350 242 3162 3669 3738 3740 3741 4451 4717 4973 5360 5989 6236 6803 6933 7215 7880
2351 4653 5347 5651 7831 9758 10430 10547
2352 4829 4858 9880 10235 10819
2353 7378 7577 7751 8406 8571 8779
2354 280 310 844 1241 1843 1846 2279 2847 2868 2897 3091 4517 4680 5030 5320 6011 6527 6585 6908 7745 7774 8679 8814 9239
2355 477 478 568 617 1134 1223 1800 1801 1806 1807 1811 1929 2015 2323 2325 2394 2454 2486 3073 3247 3268 3271 3287 3340 3342 3343 3400 3801 4281 4918 5126 5127 5128 5129 5489 5817 6207 6977 7235 7283 7343 7795 7835 8366 9331 9425 10417
2356 9457 9989 10088 10496 10542 10552
2357 1393 1704 1972 1979 2523 3786 5297 6692 6984 7464 7898 8396 9047 9313 9387 9512 9540 9556 9561 10044 10105 10223 10230 10404 10669 10801 10815 10837 10886
2358 143 216 990 1054 1311 1653 1910 1912 2635 3549 3550 3799 4049 4872 5047 5120 6482 6494 6662 6679 7120 7305 7551 7717 8268 8940 8993 10121 10128 10139 11017
2359 159 189 674 976 1407 1459 1548 1916 2145 2971 4218 4447 5438 5743 7041 8056 8403 8496 10460
2360 702 1927 1939 1943 2605 3197 3948 5600 9692 9978 10151 10297 10648
2361 156 477 565 569 571 573 617 707 1416 1506 1713 1865 2523 2537 2561 2577 2585 2596 2846 3306 3886 3953 4109 4163 4264 4794 4873 4941 5557 5754 5810 6264 6444 6679 6901 7051 7250 7380 7673 7702 7756 8116 8234 8332 8567 8702 8718 8720 8755 8801 8846 8987 9402 9475 9498 9759 9850 9957 10163 10250 10286 10369 10631 10941
2362 5 1044 3029 8844 9533 9543 10275
2363 914 1512 2869 6455 8613
2364 262 2726 3044 4318 4777 6369 7857 8608 8884 8899 8903 9472 9659 10348
2365 66 264 274 298 306 320 322 326 335 339 344 345 351 353 398 408 410 427 473 486 491 568 594 604 605 717 724 824 833 876 879 1004 1083 1096 1104 1133 1208 1268 1278 1326 1371 1426 1451 1471 1539 1541 1550 1574 1615 1618 1640 1785 1815 1846 1877 1907 1930 1975 2006 2008 2013 2206 2221 2240 2241 2352 2510 2538 2541 2580 2780 2801 2832 2842 2850 2861 2893 2934 2955 3049 3104 3116 3155 3178 3194 3197 3207 3216 3262 3450 3482 3522 3958 4002 4023 4120 4133 4147 4245 4337 4471 4530 4669 4732 4735 4755 4818 4819 4863 4874 4974 5009 5106 5161 5289 5291 5337 5380 5401 5423 5467 5509 5583 5617 5682 5785 5821 5847 5866 5936 5978 6025 6027 6068 6214 6259 6277 6288 6306 6342 6431 6462 6473 6508 6562 6568 6570 6660 6691 6762 6916 7048 7131 7274 7515 7646 7651 7657 7983 8007 8064 8081 8110 8202 8208 8263 8292 8439 8526 8658 8708 8767 8862 9199 9209 9416 9536
2366 657 667 2426 2599 2796 3347 3355 3415 3487 3974 3979 4157 4689 5787 5902 5982 6012 6058 6246 7288 8566 8940 9347
2367 1027 3092 7180 8034
2368 216 246 466 1027 1311 1487 2285 3085 4493 4494 4623 5277 6463 6902 7230 7350 7688 7755 10049 10123 10124 10125 10126 10576
2369 18 36 139 881 883 888 942 945 946 947 953 1028 1132 1208 1264 1315 1387 1433 1557 1600 1882 1909 2227 2286 2293 2294 2479 2488 2504 4060 4653 4666 4842 4857 5387 5936 6603 7443 7677 7792 7879 7883 8047 8303 8370 8387 8489 8513 8646 8881 9053 9153 9261 9443 9733 9758 9923 10101 10140 10156 10185 10278 10301 10345 10379 10429 10629 10769
2370 4 1814 1815 6022 6633 7729 7742
2371 309 444 2216 4841 5499 5919 7776 8452
2372 234 782 843 912 914 919 933 956 1216 1529 1558 1633 2320 2816 3024 3214 3338 3535 3601 4449 4876 5595
2373 9 156 465 1314 1319 1322 1501 1562 1808 1916 1943 2114 2220 2470 3048 3629 4017 4708 4721 4759 4931 5358 6012 6633 6992 7684 7831 7983 8106 8110 8532 8668 9132 9367 9486 9535 9620 9661 10546 10566
2374 271 761 768 769 774 2925 3021 3597 3606 3609 3734 3784 4137 4424 4545 4733 4828 4844 5075 5208 5261 6010 6149 6643 6783 6904 6933 7007 7858 8009 8026 8211 8560 8619 8804 9145 9154 9392 9583 9854 10725 10897
2375 14 189 191 232 1002 1016 1230 1588 1843 1906 1937 1957 1971 2099 2592 2636 2659 2782 3068 3086 3132 3185 5005 5384 5803 6162 6371 6471 6528 6798 6848 7298 7406 7433 7636 7792 8275 8595 8601 8610 8618 8629 8645 8743 8782 9008 9253 9376 9469 9542 9608 9647 9863 9920 9986 10293 10347 10371 10546 10565 10584 10611 10914 10991 11020 11026
2376 509 939 1165 1261 1618 1694 1725 4211 4414 4763 4776 4816 5281 5460 5922 5945 5986 6561 6585 6991 7204 7374 7680 7693 8322 9045 9100 9605 10582
2377 1583 2968 5752 6809 7836 8035 8046 8349 8759
2378 995 3365 3738 7771 8044 8965 10280 10623
2379 939 1052 4254 5986 8699 9630 9964 9989
2380 173 174 1821 2133 3090 4158 6387 7391
2381 73 106 130 252 638 844 875 895 1311 1656 1668 2009 2010 2027 3042 3301 3497 3499 3514 3529 3586 3626 3642 3682 3859 3933 3972 4332 4556 4591 4603 4661 4735 4892 4925 5171 5356 5406 5660 5691 5702 5931 6044 6112 6239 6257 6264 6338 6417 6491 6626 6627 6656 6697 7178
2382 363 1385 1981 1982 1994 2207 2234 2561 2585 2637 2656 5676 5751
2383 2756 3811 8785 10733
2384 279 377 597 1269 1359 1403 1404 1805 1830 1852 1875 1876 1912 1974 2168 2207 2224 2233 2682 3003 3132 3146 3269 3967 11017
2385 1989 2150 2369 3436 5080 6711 7349 7412 7560 8679 8849 8884 8918 10662
2386 172 321 486 529 574 971 2371 2956 3124 3184 3238 3447 3980 4250 4499 4572 5233 6539 6612 6628 6782 7014 7288 7314 8294 9179 10088
2387 2029 4638 5081 5116 5238 5346 5792 5815 5823 5923 6328 6513 6871 7081 7151
2388 507 592 2079 4388 5560 6463 7266 8528 9892
2389 150 1748 2174 2774 6387 6445 8855 9242
2390 549 881 882 2227 2984 4915 5047 5093 5866 6049 6503 10476
2391 905 920 923 934 975 1194 1644 1743 1974 2085 3081 3082 3083 3085 3088 3089 3096 4295 4494 4705 4752 6902 7278 8236
2392 2801 6991 7219 8253 8259 8282 8294 8671 9045 9307 9733 9991
2393 965 1590 1778 2277 2286 2430 2820 3007 3080 3397 4768 5233 6217 7289 7659 7758 7850 7896 8175 8253 8471 9135
2394 26 43 45 3365 7209 7229 7422 9192
2395 349 1208 1987 3066 3407 5335 5660 7504 7510 8207 8301 8439 8468
2396 59 330 621 3203 3784 4113 4135
2397 3196 3819 5457 5504 5873 6824 7423 8550 8727 8737 8967 8976 9020 9452 9478 9904 9971 10166 10169 10183 10201 10208 10220 10224 10227 10238 10247 10254 10266 10316 10336 10352 10353 10371 10383 10392 10400 10444 10445 10509 10529 10586
2398 2151 4287 5998 8815 9223 9681 9880
2399 5906 8561 9543 9675 9936
2400 300 400 3677 4276 6780
2401 60 1900 2084 3177 3179 4023 4509 4953 5205 6471 7092 7160 7775 8823 8933
2402 6 64 383 499 500 506 564 745 984 1401 1612 1637 1700 1743 1749 1756 1760 1800 1807 1811 1834 2646 2800 2843 2856 2930 3058 3230 3275 3354 3453 3454 3473 3517 3871 3988 4400 4432 4604 4710 4820 4964 5292 5339 5340 5408 5476 5517 5756 5828 5843 5873 6034 6103 6159 6165 6327 6665 6698 6884 6996 7248 7269 7365 7446 7496 7620 7640 7649 7652 7674 7692 8243 8369 8457 8505 8542 8569 8864 8983 8992 9014 9086 9232 9351 9360 9363 9486 9608 9621 9685 9761 9779 9810 9901 9907 9909 10017 10047 10190 10215 10216 10224 10242 10296 10305 10420 10423 10569 10583 10590 10603 10709 10727 10784 10837 10843 10930 10935 11009 11032 11037 11038 11042
2403 1384 2222 2863 3194 3658 3745 3765 5624 6365 7911 8420 9016 9059 9184 9553 9964
2404 4210 5719 9687 9802 9870 10175 11029
2405 3090 3118 4121 5998 6572
2406 504 506 1171 2521 3811 4099 5465 5520 6327 8515
2407 267 268 280 299 300 411 736 875 892 895 1036 1473 1636 2227 2286 2288 2399 2621 2849 3096 3497 3499 3509 3512 3515 3517 3518 3568 3571 3577 3578 3579 3653 3654 4007 4322 4344 4684 4820 5109 5225 5294 5375 5474 6087 6485 9806
2408 600 653 674 1044 1756 1852 1968 2086 2393 2401 2469 2537 2639 2727 3101 3128 3163 3538 3673 3886 3904 3994 4038 4263 4685 4794 4933 5074 5653 6533 6988 7170 7282 7304 7702 7774 8690 9381 10270 10631
2409 615 797 1252 1793 1917 1938 3631 4038 4051 4360 4683 4872 5192 5574 5741 5982 6602 8127
2410 1036 2431 2434 3257 3316 3317 6067 7920 8037 8869
2411 391 1900 2180 2209 2210 2690 2731 2801 3154 3602 4399 4505 4919 5335 5634 5886 6201 7384 8844 9510 10211 10552 10699
2412 332 4349 4728 5478 5548 6664 7774 8828 9160 9189 9257 9328 9514 9535 9616 9744 9891 10042 10129 10276 10565 10821
2413 1236 1326 1898 2683 4633 4995 5584 5849 7048 9998
2414 217 263 286 380 386 388 407 420 530 542 561 577 591 596 677 692 724 845 894 897 1221 1441 1458 1558 1562 1571 1587 1753 1838 1840 1858 1866 2209 2210 2248 2343 2764 3093 3225 3230 3251 4976 5020 5026 5062 5538 5691 5803 5944 6130 6159 6383 6484 6793 6888 6993 7017 7054 7422 7561 8381
2415 1996 8315 9939 10347 10966
2416 914 6963 8619 9127 10548 10560
2417 368 369 4032 5984 6356 7260 8615 9940 10319 10818
2418 1270 1379 1528 1647 1668 2509 3590 4024 7145 7562 8082
2419 638 900 2166 2167 2189 3517 3531 3532 4820 5263 5456 5586 6405 6697 6729 6859 8515
2420 1024 2150 2245 2352 2834 4353 5740 6191 7143 7679 7774 8219 8884 8900 8918 9073 9117 9239 9353 9423 9533 9657 10442 10887
2421 64 139 542 638 886 1829 2278 2316 2324 2674 3801 4473 5126 7688 10123 10126 10469
2422 120 219 286 292 294 583 803 1393 1473 1600 1634 1659 1665 1680 1842 1871 2000 2065 2245 2246 2253 2280 2637 2732 2898 3210 3572 3704 4024 4048 4685 4768 4815 4823 4897 5194 5367 5873 5978 6126 6143 6166 6173 6363 6458 6606 6659 6686 6711 6771 6957 7168 7264 7328 7356 7560
2423 2150 2352 2726 5876 5963 8219 8671 10432 10481 10517 10633 10698 10732 10746 10754
2424 549 6240 6575 7321 7740 7987 8257
2425 862 2267 2318 4799 4920 5818 6728 7251 7530 8228 8477
2426 1002 1063 1763 2400 2490 2847 3441 3528 4167 4295 5225 7730
2427 307 352 3536 7074 7937 8320 8356 8483 10496
2428 4224 4227 10393 10496
2429 1713 8548 8587 8660 8976 9026 9192 9334 10587
2430 25 36 59 168 372 533 621 732 1036 1063 1092 1133 1139 1171 1199 1315 1387 1544 1550 1670 1704 1837 1968 1994 2015 2100 2227 2287 2288 2391 2392 2393 2396 2401 2435 2497 2514 2555 2563 2585 2636 2652 2668 2695 2707 2732 2873 2954 2962 2964 2969 3139 3589 3822 3995 4039 4085 4360 4363 4480 4513 4628 4636 4703 4967 5083 5254 5542 5827 5850 6131 6363 6406 6463 6585 6597 6608 7206 7304 7356 7382 7934 8142 8194 8332 8395 8685 8721 8779 8842 8882 8923 8953 8979 9142 9148 9247 9250 9266 9351 9358 9394 9476 9534 9617 9660 9687 9899 9958 9992 10038 10091 10216 10247 10270 10367 10397 10535 10591 10677
2431 587 1554 1757 1833 1966 1968 2521 2621 2696 4016 4688 10430 10930 10934
2432 1288 1316 2726 3312 3407 4131 4664 6229 6345 6718 6841 7028 7074 7446 7467 7696 7765 8121 8463 8697 9075 9408 9682 9727 10111 10117 10277 10279 10350 10485 10509 10510 10698
2433 829 5534 6324 6918 7277
2434 525 687 749 1105 1516 1560 2673 3601 4123 5634 5992 6033 6496
2435 854 1188 3308 3778 3858 5911
2436 507 587 592 1385 1658 2199 2218 5154 8102 9356 9666 9844 9939 9956 10252 10272 10332 10434 10672 10804
2437 3629 7278 7373 7583 8402 8732 8757 9401 10331 10419 10780
2438 1611 3241 3615 4387 5314 7074 7211 7332
2439 1191 2435 2521 3361 7118 8061
2440 3054 3154 3155 4115 6363 9340 10049 10488
2441 1590 1880 1908 2268 2526 2821 2962 3454 4090 8395
2442 11 348 1053 1113 1122 1202 1257 3912 5557 5979 7118 7578 7943 8240 8489 8608 8801 8881 8987 10325 10855
2443 5 559 632 1227 1806 2174 2430 2478 2523 2546 2608 2682 2736 2873 3088 3089 3223 3834 3842 4011 4041 4444 4462 5304 6092 7770 10212
2444 1117 1118 4169 6822
2445 206 373 709 1330 2034 3899 5030 5196 5999 10462
2446 380 577 1221 3789 4284 5229
2447 2761 2930 2940 3403 4675 5133 5400 6137
2448 642 2448 3549 4129 4394 6578 6987 7214 7388 9582
2449 1223 1241 2176 2391 2661 4728 5548 7235 8298 8350 9355 10545
2450 361 362 934 1600 1771 1802 1803 1820 2148 2581 3185 3352 3441 3829 4099 4993 5569 5994 6268 6471 6645 6809 8005 8424
2451 1277 1728 5755 7729 8350 8581 9543 10019 10244 10486 10546 10713 10844 10906 11031
2452 5680 7038 7577 8381 9470 9760 9912 10407 10512 10805 10914
2453 60 694 945 1355 2528 3109 3113 3128 3634 3955 4725 5047 5205 6411
2454 356 3413 4653 6471 8016 9758
2455 857 2433 2832 3065 6820 9449 10732
2456 10 19 449 499 508 562 564 565 1069 1077 1105 1146 1160 1523 1624 1658 1739 1961 2072 2092 2096 2100 2227 2287 2288 2306 2514 2553 2652 2669 2707 3080 3101 3951 4892 5131 5228 5421 5422 5629 5727 5965 6134 6316 6327 6534 6740 6923 6936 7053 7102 7131 7158 7307 7382 7394 7554 7590 8541 8734 8750
2457 429 1198 1282 1530 1600 1905 2209 2210 2726 3044 4397 5986 6064 7092 7417 7733 7916 8254 8500 8511
2458 85 290 1490 1691 1739 1983 1999 4423 5064 5663 6610 6925
2459 76 300 406 717 834 889 1225 1254 1567 1601 1609 1646 2241 2346 2510 2583 2619 2772 2815 2996 3294 3451 3479 3522 3735 4321 4602 4913 4953 5207 5246 5337 5473 5505 5736 6179 6209 6435 6476 7188 7479 7541 7942 8300 8823 8854 10075
2460 108 758 2185 4115 4597 4708 5205 6760 6951 7391 7860 10248
2461 96 364 365 475 485 565 588 810 1160 1210 1419 1736 1763 1842 1871 1968 2015 2143 2286 2287 2375 2383 2387 2391 2393 2394 2489 2514 2521 2575 2644 2847 2868 3079 3795 3796 3822 3854 4038 4042 4086 4360 4362 4423 4636 4641 4722 4866 4872 5197 5224 5339 5340 5435 5679 5812 5850 5856 5982 6160 6193 6406 6597 6630 6923 7071 7361 7382 7554 7644 8051 8099 8161 8251 8413 8464 10674
2462 157 564 604 1160 1210 1403 1404 1412 1482 2131 2159 2189 2327 2366 2376 2392 2437 2470 2486 2514 2988 3121 3630 4038 4224 4225 4227 4228 4269 4362 4616 4758 4933 5667 6131 6313 6321 6534 6740 6758 7161 7382 10340 10620
2463 256 790 1994 2015 3778 3929 4508 5150 5809 6017 6855 7370 7928
2464 410 1742 1859 2085 2241 3253 3364 3625 3924 4273 4408 4417 4467 4778 7311 7321 7364 7568 9110
2465 2738 9474 9612 10149
2466 7 924 1278 3019 3764 4666 7137 7363 7459
2467 4724 4926 6237 6732 7509 10430
2468 905 1154 1474 4423 4737 5059 5528 5595 5896 6139 6309 6407 6429 6587 7070 7311 7515 7893
2469 1363 2528 3221 4214 4370 4597 4598 5004 5755 7028 8530 9349 10526
2470 8160 8715 9197 9692 9910 10174 10430 10638 10709
2471 8779 9762 9794 9838 10167 10479 10496 10512 10594 10835
2472 4066 6231 6384 7496 7636 7662 8195 8789 9493 10889
2473 1763 2317 3472 3948 4174 5438 5525 5963 6049 6329 6379 6822 7133 8047 8220 9153
2474 7581 8734 9155 9794 10526
2475 10 89 98 100 137 140 146 153 157 214 216 280 287 299 380 383 412 415 423 461 522 533 565 579 595 598 647 649 657 667 696 710 732 736 738 837 838 839 905 926 948 1027 1036 1044 1077 1109 1154 1171 1210 1231 1311 1312 1393 1397 1417 1447 1473 1488 1509 1520 1521 1522 1623 1680 1695 1758 1778 1779 1780 1917 1944 1959 1968 1983 1994 2000 2015 2021 2022 2095 2096 2105 2108 2131 2253 2286 2287 2290 2302 2375 2376 2387 2391 2393 2394 2397 2398 2400 2401 2430 2435 2441 2445 2450 2453 2456 2461 2462 2469 2476 2477 2489 2514 2517 2521 2547 2553 2557 2559 2571 2573 2585 2613 2636 2659 2671 2696 2727 2799 2856 2965 2990 3044 3045 3071 3073 3086 3096 3137 3144 3278 3307 3528 3546 3549 3551 3628 3832 3841 3869 3875 3924 3925 3950 3955 3968 3973 4085 4163 4167 4265 4313 4395 4498 4513 4539 4609 4641 4653 4711 4778 4863 4872 4873 4892 4906 4908 4918 5011 5047 5102 5167 5239 5349 5365 5439 5474 5520 5649 5656 5667 5749 5837 5876 5897 5982 6013 6154 6193 6202 6246 6255 6318 6363 6527 6533 6538 6668 6736 6739 6740 6808 6936 7158 7176 7254 7264 7278 7296 7303 7310 7382 7489 7507 7534 7552 7566 7588 7590 7639 7741 7747 7774 7857 7882 7969 7977 8043 8112 8229 8234 8252 8332 8389 8499 9758 10674
2476 333 768 878 1011 1013 1035 5385 5986 6200 6838 7014 8193 8553 8952 9235 9574 9732 10245
2477 157 216 359 459 657 1166 1208 1279 1312 1386 1582 1652 1827 1879 1880 2245 2445 2537 2683 2695 2696 3190 3528 3875 3883 4301 4338 5061 5382 5486 6193
2478 550 6582 6693 9287
2479 528 4707 4838 8492 10063 10241 10743 10950
2480 5281 7831 7885 9433 10027 10430 10486 10496 10546 11031
2481 113 582 1787 3009 6572
2482 77 220 227 2216 2658 2908 3507 4892 5179 7256
2483 211 331 335 354 1814 3611 4552 7597 8511 8626 9109 9271 9482 9732 9842 10004 10005 10353
2484 7339 9577 9803 9852 10558 10676 10696 10869
2485 3090 8755 8964 9498 9662
2486 92 374 589 1117 1169 1311 1313 1410 1822 1832 2015 2256 2294 2308 2430 2448 2505 2514 2547 2618 3154 3155 3418 3460 3631 3761 3781 3787 4203 4421 4625 4826 4844 5518 5868 6160 7167 7382 7469 7569
2487 1035 1528 2910 4457 5407 5741 6083 7977
2488 2716 2817 2836 3144 3779 4153 5069 5216 6590
2489 933 1633 3102 3614 5696 5838 5964 7337
2490 3085 3464 3536 5523 8220 8461 9329
2491 7491 7791 9245 9549 9663 10043 10057 10608
2492 3038 4556 4787 5164 5915 7039 7071 8194 8227 8258 8407 8475 8551 8569 8602 8615 8637 8684 8711 8734 9193 9204 9290 9555 9734 9858 9871 9948 10368 10535 10602 11040
2493 418 565 700 815 816 2048 2225 2319 3632 4052 4327 4441 4589 4743 5751 6134 6725 6798 6992 7085 7154 7267 7273 7363 7395 7459 7650 8022 8051 8475 10002 10244 10810 10848
2494 35 472 1006 1249 1252 1271 1301 1422 3007 3204 3314 3356 4091 4476 4683 5022 5135 5878 5928 7073 7575 7997 8175 9466 9544 9785 10237 10893 10942 10974 10981 11019 11035
2495 615 1027 1044 1279 1311 2000 2445 2456 2602 2611 2618 2935 3472 4139 4791 5131 5561 5965 6572 6885 6896 6934 6941 6959 6989 7066 7067 7111 7124 7180 7204 7574
2496 234 1383 2241 2408 2684 2704 2746 3076 3197 3981 5617 6905
2497 88 216 380 855 1036 1077 1147 1447 1473 1521 1533 1999 2293 2294 2295 2304 2355 2356 2383 2847 2868 2962 3079 3101 3574 4817 5168 5276 5313 5783 5881 5911 6054 6199 6261 6585 6769 6922 6925 7022 7291 7464 7563 7607 7857 8099 8161 8395
2498 2 10 42 120 121 157 168 169 179 190 203 230 292 294 363 364 380 417 448 475 476 477 478 482 484 485 499 500 513 519 530 562 565 577 588 616 696 697 698 699 708 733 735 741 749 801 802 803 804 805 806 807 808 809 810 866 1077 1133 1139 1147 1154 1171 1179 1199 1208 1332 1386 1387 1393 1405 1419 1447 1469 1473 1483 1489 1490 1499 1513 1520 1521 1522 1533 1557 1636 1647 1658 1659 1672 1677 1680 1691 1695 1696 1702 1712 1739 1758 1770 1869 1871 1954 1959 1966 1968 1994 1998 2015 2057 2058 2069 2082 2089 2092 2184 2186 2191 2196 2198 2199 2207 2215 2217 2218 2226 2227 2232 2234 2239 2249 2253 2263 2270 2273 2280 2282 2286 2287 2288 2289 2291 2292 2302 2315 2335 2337 2338 2341 2375 2376 2390 2391 2392 2393 2394 2396 2398 2399 2400 2401 2435 2476 2489 2497 2508 2514 2521 2553 2555 2561 2575 2577 2585 2592 2636 2637 2639 2645 2656 2668 2682 2764 2778 2819 2824 2825 2879 3040 3051 3064 3080 3081 3082 3083 3085 3110 3139 3140 3163 3276 3453 3454 3462 3495 3572 3580 3623 3624 3703 3810 3823 3824 3825 3852 3902 3909 3913 3915 3937 3956 3994 3995 4038 4040 4066 4073 4085 4086 4095 4114 4119 4132 4163 4167 4204 4294 4313 4327 4330 4335 4339 4360 4362 4363 4366 4399 4631 4651 4660 4713 4714 4770 4786 4813 4815 4823 4872 4873 4892 4971 5032 5044 5056 5064 5146 5186 5242 5355 5439 5463 5470 5500 5519 5566 5567 5572 5580 5582 5612 5634 5646 5684 5711 5731 5765 5775 5809 5815 5834 5990 6013 6057 6122 6126 6131 6134 6151 6193 6197 6231 6255 6271 6290 6313 6404 6424 6448 6463 6538 6597 6606 6692 6719 6739 6794 6808 6833 6915 6931 6949 7027 7158 7176 7264 7294 7302 7304 7307 7316 7356 7382 7432 7582 7590 7598 7609 7651 7673 7689 7710 7719 7721 7774 7863 7929 8194 8234 8236 8332 8376 8393 8396 8464 8480 8684 8690 8763 8846 8914 9049 9072 9126 9142 9204 9259 9269 9381 9476 9505 9571 9687 9717 9855 9859 9920 9965 9992 10257 10427 10502 10591 10674 10804
2499 867 1115 1118 1337 1809 1916 2293 2294 2459 2460 2556 3054 3155 3697 5200 5562 6363 7125 7613 8710 10339 10497 10729
2500 326 339 486 1067 1238 1263 1293 1398 1457 1527 1558 1575 1641 1714 1997 2322 2661 2808 2912 2985 3052 3148 3184 3216 3401 3421 3452 3482 3633 3735 3827 4115 4155 4237 4245 4732 4746 4965 5117 5366 5475 5481 6045 6106 6112 6342 6508 6815 7057 7177 7411 7742 7776 7967 8736 9200 9461 9653
2501 278 565 1133 1315 1387 5625 7950
2502 541 8461 8607 9352 10548
2503 1883 3416 3505 5438 6511
2504 51 1413 1414 1507 3304 5498 7705 9293 9352 10013 10199 10364 10601
2505 2997 7457 9433 10027
2506 921 1097 1129 3239 3338 3625 4006 4737 6387 6445 7705 7740
2507 156 2123 2605 2608 3799 4054 5002 6276 6543
2508 6643 7548 7603 7661 7740 8995 10353 10430
2509 3658 7367 7786 10787
2510 846 879 1127 2180 2210 3216 4574 5272 6600 7020 7555 7985 8300 8823 9339
2511 305 311 349 356 357 451 738 1208 1544 1614 1717 2074 2731 2801 2850 3157 3182 3277 4049 4252 4634 4655 4669 4747 4854 5161 5272 5423 5461 5627 5689
2512 419 1126 1279 1600 1604 2628 2766 3339 3911 3932 4822 4934 5024 6222 6999 7200 7253 7362 8075 8204 8448 8890 8907 8930
2513 144 633 3748 4356 6522
2514 1707 2835 4331 4887 5347 6311 6650 6986 8952 9374 9847 10035 10472 10667
2515 233 1557 2256 2782 2812 3988 5743 9762
2516 180 1342 8051 8441 8580 8608 9156
2517 36 265 338 739 1315 1371 1666 1969 1997 2640 2918 2945 3208 3224 3234 4456 4578 4732 4782 4812 4862 5053 5117 5449 6815 6889 7586 7589 8439
2518 8657 9256 9967 10333 10422
2519 2772 5939 8459 9897 10032 10108 10138 10199 10238 10245 10456 10584
2520 374 456 457 5600 8337 9125 9486 9656 9860 10059 10101 10136 10393 10419
2521 3357 4142 4602 5133 5658 7391 7479 8301
2522 1725 3367 3369 3380 3381 3382 3383 3384 3385 3386 3387 3388 3409 3410 3411 3412 5408 5438 7054 7559 8692 9075 9239 9524 9577 9633 9886 9924 10132 10496
2523 1892 3336 3410 4926 7483 9598 10430
2524 1740 4378 4628 4640 5252 5498 5815 6431 6544 7259 7606 8522 8596 8648 8734 8998 9075 9407 9432 9540 9645 9853 10277 10279 10297 10860
2525 917 1619 2429 2493 3029 4387 6136 7612 7633 8581 8972 9809 10196
2526 92 448 546 812 1221 1742 1838 1964 1986 1991 1992 2014 2030 2096 2283 2775 4020 4454 5779 5896 6274 6829 7053 7914 8146
2527 932 1290 3175 3256 4021 4853 8380 10241
2528 120 128 255 363 364 365 368 369 901 1516 1968 1994 2637 2638 2639 2644 2819 3139 3508 3512 3517 3532 3573 3574 3575 3584 3791 3793 3794 3795 3992 3995 4038 4040 4310 4313 4360 4362 4363 4698 5375 5775 5999 6272 6449 6450
2529 33 102 192 920 922 926 934 1033 1075 1106 1186 1373 1455 1644 1948 2101 2459 2460 2482 2726 3137 3285 3596 4115 4260 5010 7583 7684 7918 8086 8530 9256 9270 9312 9413 10036 10049 10087 10123 10124 10287 10302 10335 10569
2530 143 1808 4195 4975
2531 81 440 673 701 942 943 944 1411 1867 1949 1951 2796 3103 3467 3631 3900 3969 4101 4301 4894 4986 5410 5528 5545 5561 5589 5741 5806 5883 6217 6229 6288 6582 6934 7969 9910
2532 5 60 157 738 905 1041 1044 1190 1440 1944 2227 2430 2743 2761 3096 3539 3540 4385 4669 5264 5603 5632 5691 5856 6160 6171 6193 6493 6572 6595 6612 6679 6685 6689 7067 7186
2533 0 51 1002 1338 2150 2726 6471 7818 10787
2534 1184 1226 1255 2050 4836 6176 8096 9780
2535 35 61 90 249 294 299 466 475 588 606 615 669 670 744 881 882 884 888 938 948 986 1091 1147 1212 1401 1440 1467 1743 1778 1932 1944 1956 1968 2014 2116 2179 2268 2290 2426 2434 2435 2441 2442 2456 2473 2482 2557 2559 2609 2611 2716 2725 2790 2794 2824 3061 3125 3165 3201 3202 3203 3253 3326 3399 3405 3445 3666 3859 3900 3924 3930 4011 4069 4108 4117 4193 4211 4219 4267 4272 4273 4480 4487 4492 4496 4894 4974 5151 5214 5354 5368 5446 5991 6058 6060 6119 6273 6921 7230 7268 7399 7835 8046 8389 8591 8932 9270 9355 9378 9485 9538 9771 9890 9941 10096 10126 10524 10648 11011
2536 19 68 140 1082 1120 1231 1431 1988 2557 2564 2685 3128 4410 4975 5597 5621 6322 6603 6988 7133 7726
2537 418 1755 3185 3252 6783 9045 9336
2538 13 145 150 550 553 1147 1205 1227 1310 1311 1312 1314 1859 1902 1985 2142 2227 2286 2287 2301 2398 2457 2461 2462 2467 2601 3080 5806 6092 6684 7674 8382 8472 8785 9092 9218 9493 9771 10393 10395 10471 10499 10505 10735
2539 1190 2285 2415 5545 7532 7755 7914 10049
2540 1834 5438 5796 8350 9425
2541 892 4527 5225 7245 9358 9680
2542 2 443 936 2189 3050 3102 3603 3695 3698 4088 4453 5511 6274 6590 7175 7330 7333 7360 7373 7656 7660 8129 8904 8914 8968 9028 9150 9236 9237 9246 9261 9270 9284 9347 9354 9394 9406 9464 9597 9620 9630 9643 9674 9776 9792 9839 9893 9920 9937 9938 9992 10140 10278 10298 10334 10342 10350 10378 10386 10411 10431 10455 10495 10503 10517 10520 10530 10554 10591 10615 10660 10686 10709 10739 10809 10827 10845 10870 10886 10941 10951 10960 10967 11022 11042
2543 2227 2286 2287 7879 9180 10471
2544 64 274 295 315 327 378 424 474 502 515 591 666 836 1047 1076 1084 1103 1264 1398 1430 1492 1638 1792 1795 1836 1969 2038 2084 2108 2346 2365 2429 2511 2560 2633 2661 2798 2912 2989 3044 3052 3215 3241 3310 3320 3346 3396 3426 3443 3479 3482 3732 3735 3834 3845 3968 4012 4239 4426 4545 4602 4757 4807 5404 5525 5550 5879 6103 6179 6570 7186 7254 7921 8085 8357 8414 8468 8534 8944 8997 9131 9762 10890
2545 1464 4340 7000 7346
2546 171 648 6160 7998
2547 7454 7538 10304 10666
2548 1171 1250 1299 1419 1968 2383 2630 3995 4038 4039 4040 4360 4362 5044 6271 6740
2549 5 14 36 49 65 157 182 213 265 304 312 313 391 433 450 512 517 545 604 618 636 685 698 699 724 886 907 917 921 939 944 960 966 1002 1063 1096 1097 1133 1150 1165 1208 1246 1247 1264 1294 1335 1352 1363 1368 1371 1431 1451 1472 1503 1692 1694 1714 1715 1719 1763 1796 1812 1839 1843 1846 1847 1852 1857 1882 1905 1907 1909 1911 1920 1921 1930 1937 1955 1969 1990 1997 2003 2077 2099 2150 2179 2193 2225 2265 2334 2352 2362 2369 2377 2388 2393 2408 2459 2460 2526 2562 2574 2581 2636 2659 2686 2729 2745 2751 2832 2867 3075 3085 3124 3130 3152 3185 3208 3217 3233 3321 4030 4108 4136 4174 4211 4353 4370 4386 4433 4503 4520 4521 4528 4575 4630 4649 4653 4655 4735 4790 4929 5165 5252 5266 5270 5280 5282 5320 5380 5384 5397 5401 5442 5563 5635 5680 5740 5792 5870 5965 5986 6069 6158 6193 6260 6370 6471 6575 6577 6848 7137 7651 7741 7747 7774 7844 8011 8081 8160 8216 8254 8257 8262 8392 8531 8638 8679 9758
2550 758 1599 2729 3719 4115 4945 6234
2551 1555 1900 3096 3408 5047 5930 6798 7477 7619 8309 8554 8716 8836 9117 9457 9524 10386 10546
2552 61 336 1106 1173 1221 1689 2589 3419 3560 4653 5876 5887 6119 6317 7007 7044 7568 8472 8734 8817 9115 9758 10140
2553 3393 4526 4586 4723 7224 10950
2554 351 1237 6572 8424 8767 9003 9038 9110 9151 9224 9355
2555 582 737 994 1478 1789 1882 3550 8434 8848 9621 10040 10379 10432 10709 10929 11007
2556 139 1154 2453 2461 2655 2822 3252 3397 3398 4226
2557 7104 7919 8777 8935 9634 10645 10707
2558 228 231 299 417 448 515 519 3097 4871 4970 5099 5815 6199
2559 118 852 1636 2253 4607 4657 4860 5090 5094 5236 5257 5352 5448 5497 5768 5783 5823 5826 5969 6039 6197 6208 6409 6613 7265
2560 600 2192 2522 5392 6743 7636 8043 8716 9117 9178 9423 10512 10519 10657
2561 652 934 1291 1961 2143 2286 2287 2290 2525 2528 2781 2976 2983 3006 3025 3154 3155 3361 3362 3393 3416 3885 4535 4917 5187 6476 6692 8389 8910 9149
2562 2332 3655 4731 8747 10136 10458 10969 10976
2563 1013 1642 2518 2925 2937 3023 3254 3390 3615 5262 9712
2564 910 1641 5988 7823 8400 10088 10482 10486
2565 1133 1154 1208 4007 4365 4904 6004 6073 6155 6239 6288 6417 6585 6683 6786 6804 7226 7236 8153
2566 587 1419 8745 9247 9536
2567 548 552 553 1892 4414 5281 8531 8717
2568 482 2045 3299 3301 3322 3532 4516 4789 4885 9631 10369
2569 48 9355 9432 9453
2570 2915 7521 9964 10430 10542
2571 176 8507 8717 9019 9027 9065 9083 9086 9166 9167 9168 9260 9357 9362 9546 9621 9642 9716 9960 10007 10025 10067 10084 10087 10145 10154 10177 10196 10487 10494 10497 10554 10605 10606 10654 10785 10886 10922 10969
2572 1999 3364 7845 9411 9510 10333
2573 2317 4136 4211 4653 4894 6285 6393 6474 6821 6983 6984 7000 7020 7028 7052 7067 7176 7184 7190 7216 7217 7237 7263 7324 7327 7332 7363 7374 7387 7459 7682 7751 7987 8008 8074 8110 8133 8136 8162 8210 8296 8381 9758
2574 35 257 5087 5088 6679 7618 7861 8268 8398 8434 8513 8634 8647 8676 8677
2575 1158 1364 2706 3088 3151 5478 6431 7158 7178 8309 10418
2576 1905 4567 5087 5088 8254 9153 9908
2577 405 480 4339 7380 9476
2578 1036 1691 1869 2267 3667 4327 5090 5376 6364 7168 7648 8158 8625 8768 8946 9237 9356 9420 9656 9673 9833 9863 9866 9880 9920 9974 9991 10003 10041 10043 10057 10065 10148 10226 10279 10430 10434 10529
2579 1616 2583 2800 3407 4216 7545 8452 8775
2580 225 4517 4628 5026 5477 6827 7685 7751
2581 1742 2729 3169 4152 4467 5527 5728 5830 5855 6018 6765 6908 7143 7639 8143 9657 9661 10264 10372
2582 65 3097 3115 3158 3879 3910 3911 4079 4080 4108 4929 6381 6677 7230 7250 8377 8692 9225 9480 10124
2583 10 19 1059 1424 1447 1879 2100 2228 2286 2437 2470 2486 2490 2517 3047 3099 3101 4068 4158 4496 4610 4678 4692 4796 4837 5422 5557 5672 5837 5854 6023 6160 6428 7367 7368 7406 7672 7890 8364 8607 8674 9408 9483 9490 9591 9593 9687 9732 9900 9977 10004 10067 10080 10084 10250 10283 10619 10631
2584 353 1631 4115 4841 5328 5437 7238 7299 8675 9209 10186 10472 10707 11025
2585 391 738 2851 2852 3277 5665 6156 7831 8105 8316 8941 8999 9020 9114 9327 9526 9713 10037 10509 10542 10546
2586 4735 7619 8038 8999 9510 9650 9879
2587 107 1575 5996 6822 8975 9310 10874
2588 4911 8351 8679 8918 9001 10338
2589 583 1929 2157 2585 2630 3662 4021 4660 4815 6941 7163 7217 8045
2590 330 5047 5505 7153 8387 9765
2591 1087 1112 1150 4211 6177 7137 8259
2592 2408 10489 10519 10891 10912
2593 42 1630 1756 2007 2783 2954 3083
2594 1133 1208 1315 1355 1387 1506 1544 2014 2072 2165 4176 7581 9643 10156 10350 10827
2595 970 991 1023 1116 1117 1164 1948 2302 2476 2521 2851 2852 3047 3081 3085 3189 3938 4108 4600 5007 5410 5979 5987 6329 6363 6598 6612 6636 6675 7207 7492 7518 7773 9146 9201 9593 9843 9873
2596 3215 3338 5531 5830 5964 6305 6974 7338 7384 8284 9109 9452 9927 10548 10864
2597 345 2227 2399 2458 2605 2726 3989 4207 4612 5395 6707 8076 9878 10036 10471 10893 10951
2598 41 777 1454 8560
2599 9525 9761 9977 10080 10112
2600 41 7187 8483 8824 9099 9838 9911
2601 5634 9150 9291 9547
2602 25 1474 1875 1876 2086 2131 2282 2486 3101 3897 4616 4871 5513 5568 7175 7200 7212 7220 7239 7259 7260 7356 7590 7622 7691 7702 7741 7747 7801 8068 9214 9815 10006 10286 11026
2603 798 800 807 808 810 1139 1636 2435 2637 3060 3581 3793 3850 3857 3942 4034 4138 4198 4508 4613 4999 5000 5017 5037 5067 5091 5101 5150 5203 5236 5257 5313 5345 5352 5402 5497 5500 5752 5756 5789 5809 5828 5835 5843 5850 5897 5913 5969 6030 6095 6103 6178 6359 6642 6647 6741 6787
2604 1158 1242 1387 3577 3578 3579 4556 4980 6020 6584 7955 8238 9248 10301 10943
2605 384 503 571 1255 1969 2519 2520 3428 3468 3490 3538 3917 4023 4950 5212 5264 6431 6786 7324 7619 7723 7756 7909 8038 8426 8666 8991 8999 9136 9327 9422 9543 9570 9691 9707 9714 9754 9814 9951 10085 10129 10245 10300 10306 10347
2606 7034 8194 8309 8349 10531 10553
2607 10 49 106 218 222 228 229 266 300 347 356 380 384 406 448 514 521 525 577 732 736 737 812 834 1133 1208 1213 1248 1293 1310 1311 1312 1324 1368 1374 1417 1467 1501 1509 1542 1600 1601 1615 1631 1666 1687 1756 1764 1827 1837 1843 1846 1974 1983 1987 1992 1999 2076 2105 2172 2241 2340 2387 2391 2393 2394 2400 2573 2615 2619 2621 2652 2653 2659 2661 2669 2671 2672 2683 2695 2696 2702 2704 2714 2731 2743 2746 2753 2785 2801 2815 2845 2848 2850 2865 2945 2959 3042 3085 3112 3154 3155 3216 3224 3279 3403 3404 3452 3498 3664 3665 3806 3832 3840 3873 4115 4145 4155 4167 4245 4374 4382 4397 4417 4467 4646 4670 4732 4746 4784 4952 4965 4985 4986 5001 5041 5117 5130 5161 5256 5280 5282 5335 5380 5411 5445 5474 5481 5607 5674 5677 5763 5815 5821 5895 5899 5906 5919 6036 6038 6068 6142 6221 6222 6295 6306 6335 6403 6724
2608 432 509 755 1641 1688 1714 1740 2810 2833 3219 3231 3892 4026 4735 4750 4886 4891 4895 5164 5252 5457 5504 5563 5627 5657 5792 5898 6102 6103 6294 6341 6412 6419 6553
2609 140 391 1638 1905 1956 6328 8826 10430 10512
2610 9632 9733 9897 10117 10352 10383 10485 10510
2611 1426 4457 4470 5589 6082 6083 6111 6788
2612 8260 9126 9525 9815 9882 9969 9977 10080 10622 11004
2613 4596 6468 9405 10856
2614 60 111 375 391 432 509 531 796 797 921 932 979 1086 1096 1097 1125 1152 1153 1156 1204 1212 1274 1371 1398 1420 1458 1472 1503 1576 1714 1740 2166 2167 2209 2210 2427 2429 2526 2661 2698 2834 2923 2987 3147 3184 3188 3191 3433 3434 3435 3436 3437 3449 3535 3536 3603 3621 3633 3634 3773 3872 3877 3948 3965 4023 4209 4517 4598 5077 5113 5321 6498 6734 6985 7020 7066 7574 7751 8206 8659 9029 10960
2615 598 690 945 1820 1872 2119 2148 2283 2287 2653 3448 5246 5648 6938 7284 8043 9858 9986 10174
2616 110 401 1176 1398 1754 1755 1990 2005 2019 2573 2584 2659 2680 2696 2711 2821 2823 2851 2852 2865 3062 3117 3130 3211 3538 3643 3683 3701 3736 3786 3806 3808 4002 4115 4344 4575 4615 4664 4754 4955 5043 5063 5068 5071 5085 5161 5231 5629 5712 5872 5966 5970 6067 6103 6167 6177 6289 6307 6387 6445 6528 6583 6630 6778 6797 6900 6983 7018 7161 7333 7395 7602 7703 7842 7891 7936 7971 8108 8312 9073 9075 9178 9236 9335 9382 9410 9415 9849 9959 10360 10400 10524 10525 10602 10698 10863
2617 3074 5479 8167 10709
2618 7122 9041 9470 9554 9846 10070 10114 10805 10895
2619 763 934 3602 4676 6038 8503 9745 10666
2620 380 417 1885 2618 4391 6612 6684 7469
2621 60 222 1346 1347 1852 2893 5885 6906 8551
2622 2303 2667 2742 6897
2623 1241 2050 2661 2731 4836 5147
2624 207 898 1687 1725 1839 3548 4538 5711 5883 5965 6923 7061 7146 7635 8491 8714 8734 9057 9891
2625 822 4381 4924 9400
2626 349 3036 8216 8498 9045 9625
2627 322 2236 2617 2628 2742 3401 5861 6335 6462 6897 7729 8208 10430
2628 33 34 162 260 2600 2653 2655 2702 2782 2932 3085 3347 3646 4171 5327 5452 5884 6059 6329 6465 6603 6875 7305 7642 8513 8608 8776
2629 4457 4470 6081 6082 6110 6111 9003 10620
2630 95 473 908 1916 1943 2445 2551 2600 2913 2932 3083 3287 3289 3326 3329 3549 4418 4597 6049 6921 7426 7900 8154 9202 9580 10049 10401
2631 437 538 1194 1886 2395 3989 5781 5998 7055 7107 9468 9913 10583
2632 94 95 98 272 330 353 356 384 403 459 579 718 797 834 879 947 954 973 1395 1440 1487 2141 2173 2185 2611 2758 2962 3045 3144 3350 3396 3401 3404 3490 3547 3670 3764 3767 3771 3948 3968 5624 5857 5971 8395
2633 916 974 1098 2863 4398 6218 6324 7787 8960 10612
2634 979 1135 2252 3085 3889 4080 4108 4915 6519 6790 8389
2635 14 913 2870 4785 6475 9408
2636 373 809 1363 3321 4114 5999 6133 6301
2637 797 1097 2726 3124 5315 5741 6339 6384 6407 6429 6670 6789 6821 6996 7332
2638 940 1945 2087 3365 6671 7352 7831 8038 8199 8425 8643 8792 8999 9016 9287 9300 9609 9628 10725 10951
2639 60 582 999 2173 2479 3538 5003 7578 7737 8513 10103
2640 5943 8421 8618 9159 9189 9647 9904 10051 10168 10294 10709 10739 10887 10914 10991
2641 216 3387 3388 3547 3549 4499 4930 5337 8438
2642 8660 8824 9323 9452 9535 9577
2643 2084 3102 3840 3864 5662 7831 9182 9281
2644 4031 4628 5252 6827 7528
2645 2143 4526 4597 5965 6340 6616 10047
2646 26 448 615 872 893 1036 1077 1131 1147 1210 1968 2015 2063 3083 3096 3995 3999 4330 4360 4362 5424 5780 6039 6133 6190 6250 6271 6319 6417 6527 6585 6619 6661 6708 6736 6912 7226 7296 7304 7703 7710 7752 7864 7913 8064 8150 8457 8506 8541 8745 9283 10389
2647 581 970 1283 2588 10419 10756
2648 1412 2131 2286 2287 2288 2398 2435 2470 2476 2497 2988 6356 9269 9844
2649 2193 2357 2805 3871 6769
2650 140 215 391 398 429 2661 2690 2761 3081 3085 3096 3118 3228 3247 4175 4193 4357 4949 5104 5446 5489 5564 5681 5841 5901 6201
2651 766 1092 1165 2854 3864 6757 7100 7187 7605 8593 8699 9082 9215 9597 9868 10130 10806
2652 61 64 202 499 563 564 1147 1674 2521 2708 2962 3453 4080 4117 5370 6160 6255 6718 6957 7222 7399 7729 7900 8093 8395 10101
2653 1737 2621 2696 3322 5510 5625 5898 6255 6788 7598 7602 7791 7947 8169 8192 8381 8731 8990
2654 829 8692 8849 9300 9369 9655
2655 368 1208 1674 1968 1994 4513 7360
2656 1567 5508 9091 9461
2657 797 1773 4653 6959 7308 7353 7426 7715 8294 8565 9758 10052
2658 8485 9364 9467 10263
2659 2322 2621 2680 3304 3443 5505 5743 6584 7717 8301 10053
2660 49 184 704 1750 1911 1916 1927 1930 1937 1939 2084 2491 2551 2565 2736 2928 3048 4097 4099 4221 4462 4759 4788 4883 4903 4944 5118 5160 5373 5384 5642 5778 5806 5887 6024 6100 6102 6400 6888 7023 7460 8373 8443 8558 8922 9109 9227 9246 9392 9694 10464 10605
2661 60 1808 3210 3843 5504 6106 6223 6248 6582 6781 6803 7846
2662 3093 5081 5843 6573 6671 6802 7406
2663 1796 3226 4403 4520 7337 9407
2664 1772 2192 2205 4014 4417 4890
2665 3182 3208 4397 5918 6365 8653 9000
2666 423 758 934 974 975 1066 1221 1569 1783 2227 2286 2726 3088 3089 3367 3380 3381 3382 3383 3384 3385 3386 3387 3388 3411 3453 3487 4296 4447 4496 5129 5334 5845 5930 6137 6229 7153 7230 7283 7477 7879 8403 8729 9411 9923 10049
2667 5935 7581 7897 8169 8642 8660 8909 9017 9322 9423 9520
2668 3602 6040 6783 8953 10482
2669 4664 5753 6245 6852 8369 9146 9857 10357
2670 307 498 849 1133 1725 1763 1877 3212 5480 6328 7028 8798 9224 9293
2671 92 231 1669 1745 2717 2834 4556 5166 8137 8401 8734
2672 447 3295 4025 8485 8675 8734 9549
2673 889 1174 1567 1724 3183 3476 5201 5250 5272 5486 7352 7446 7479 9888 10763
2674 829 830 1460 3563 3803 6950
2675 3237 3599 4598 5010 5283 5373
2676 89 177 704 714 794 797 1036 1077 1602 1992 1999 2002 2287 2556 2582 2587 2623 2661 2684 2696 2746 2887 3079 3178 3265 3266 3447 3533 3635 3638 3739 3808 4209 4374 4446 4639 4778 5282 5367 5561 5651 6229 6234 6908 7065
2677 172 184 845 991 1024 1044 1062 1109 1189 1221 1311 1335 1697 1699 1916 2005 2194 2854 2856 3024 3036 3085 3321 3967 4104 4260 4377 5105 5379 5530 5609 5876 5954 6224 6229 6268 6276 6350 6384 6427 6510 6517 6562 6667 6670 6716 6836 6888 6935 6967 7190 7227 7253 7278 7388 7412 7460 7499 7533 7585 7603 7641 7651 7693 7726 7729 7741 7743 7747 7750 7763 7888 7895 7927 7977 8000 8004 8048 8071 8076 8081 8095 8104 8129 8130 8148 8155 8160 8171 8203 8214 8241 8269 8274 8289 8295 8320 8429 8436 8447 8455 8599 8639 8904
2678 871 1119 1298 2068 2226 4827 5056 5559 5646 5719 5864 6719 7779 8218 8572 8609 8724 9365 9476 10397 10621
2679 38 43 45 724 1284 1527 1654 1717 1852 2793 4134 4762 5161 5165 5599 5706
2680 148 568 1829 3472 4023 4523 4728 4968 5438 8174 8392
2681 341 486 832 1180 1609 4392 4773 4913 5133 5326 5393 5715 6153 6718 6770 7490 7631 8012 8545 8854 9131 9484 9942 10836 10957 11008 11009 11013
2682 7029 9151 9603 9675 9713 9924 10028 10201 10208 10430
2683 1299 1300 3658 5943
2684 417 577 1027 2556 4606 4668 5371 5546 5876 7389 8895
2685 2429 3291 3357 3536 3615 4061 4642 4707 4948 5241 6201 7066 7391 7574
2686 5743 7162 7937 10423
2687 2141 4157 5523 5824
2688 476 479 1036 1147 1700 1807 2392 6131 6134
2689 81 157 657 672 798 1179 1214 1623 1778 2727 2743 2748 2770 3079 3951 4144 4198 4344 4446 5367 5725 5978 6193 6620 7563 7965 8693
2690 6734 7089 7090 7976 8659 8860
2691 1284 2560 2671 2899 3777 3806 4115 4646 6179
2692 9867 9905 10277 10455 10485 10526 10778 10811 11022
2693 1252 8196 8792 9177 10072 10530
2694 732 920 923 926 1005 1044 1109 2431 2441 2463 3198 5694 5939
2695 100 168 241 299 380 627 886 953 1311 1317 1417 1447 1495 1528 1533 1600 1602 1753 1758 2050 2080 2105 2214 2227 2228 2276 2356 2383 2553 2575 3110 3128 3141 3460 3483 3491 3663 3670 3740 3821 3832 3835 3838 3839 3841 3941 3978 3983 4034 4037 4511 4648 4670 4778 4836 4973 5039 5090 5091 5097 5267 7362 7489 7515
2696 1034 1478 2867 2943 2965 4346 4918 5395 5452 6160 6496 6578 6790 7774 7966 8496 8513 8646 9797 10085 10156
2697 1510 2121 3297 3659 3780 3891 4151 4882 6813 8792 9105 9172 9678 9856
2698 5385 5632 5665 5964 6239 6553 7237
2699 6785 7451 9677 9849 9857
2700 422 781 786 938 1186 1345 1502 1524 1532 1551 1584 1895 2113 2438 2606 2903 3016 3596 3722 3727 3732 5208 5214 5623 5661 7543 8269 8804 9059 9544 9583 9785 9923 9941 10016 10104
2701 53 314 579 581 943 965 976 981 1478 1600 1879 1916 1939 2083 2299 2359 2612 2766 3090 3496 4185 4205 4368 4379 4453 5972 6047 6059 7306 7507 7551 7879 7953 8092 8246 8726 8950 9319 9793 9804 9878 9941 10096 10185 10330 10379 10395 10497 10665 10789 11019
2702 618 1969 2150 2352 2369 5438 6300 6870 7559 9153
2703 1763 4730 5105 5690 6241
2704 330 1258 1273 1290 1408 1722 2342 3281 3781 3782 4472 5111 6236 6354 6504 6582 6609 7068 7089 7090 7091 7097 7506 7533 7707 7831 7977 8425 10890
2705 1321 4756 7714 7912 10199
2706 859 3462 3492 3547 6567 7996 8531 8940 9009 9186 10951
2707 278 1550 9369 9767 10224
2708 1311 2340 4619 4750 4784 5741 5815 5843 6013 6073 6412 6437 6656
2709 190 192 396 542 4898 5944
2710 85 123 616 806 860 898 1473 1489 1490 1968 2015 2082 2227 2375 2521 2637 2646 2847 2849 2964 3376 3588 4086 4286 4327 4513 4607 4636 4689 4866 4901 4971 5090 5435 5655 6031 6035 6134 6301 6359 6585 7774
2711 76 2763 3775 3933 4093 5140 8935
2712 1905 5755 6361 6425 8254
2713 464 4992 6504 7097
2714 325 1198 1215 3618 10191
2715 1783 1878 3094 4131 7214 7373 7447 7731 10085 10422 10566
2716 214 475 477 479 482 485 540 566 588 600 609 617 678 1063 4339 5786
2717 1828 5077 5413 10226
2718 2492 3401 4509 4524 5317 5486 8952 9360 10486 10859
2719 565 2067 2306 3109 8922
2720 881 4016 4653 5805 8389 8823 9342 9758 10207 10323 10577 10697
2721 1208 1489 1490 2018 2377 3212 3588 3591 3594 7168
2722 2295 2304 2744 3107 5264 8076 10942
2723 1990 2926 4449 6427
2724 300 333 1311 1433 2732 2821 2851 2852 3095 3154 3700 3861 3899 3907 4407 4562 4645 4792
2725 226 640 1567 2365 2763 3471 5163 6241 6435 8097 8546 10603
2726 6085 7359 10830 10836
2727 4919 8824 9442 9493 9732 9739 10291 10463 10548
2728 1923 2003 4370 8596 8779 9480 10586
2729 1002 1375 1484 5015 6594
2730 3418 7831 8886 9150 9291 9379 9986 10043
2731 914 933 1217 1218 3250 3338 3601 4136 5595 6666 7357 7364 7515 8119 8356 8483 10011 10012 10019
2732 347 391 595 901 1222 1987 2584 2619 2845 2949 3511 3521 3735 4319 4982 5054 5206 5285 6209 7109 7478 9223 9602 10110 10160 10561 10721
2733 142 147 1914 1929 2325 2326 2354 2389 2500 2954 3081 3342 3375 3405 4214 4493 4678 4714 5126 5684 5964 6160 6357 6677 6974 7879 8868 9132 10126 10194 10280 10362 10939
2734 582 1600 2268 5697 7515
2735 416 792 2340 2618 2780 3964 4043 4467 5061 5564 6973
2736 2143 2526 2556 2686 3086 10389 10430
2737 943 3090 3938 4124 4883 7230 10379
2738 41 299 1027 1052 1143 1220 1600 1613 1713 1835 1944 2117 2448 2536 2564 2790 3315 3535 3932 4254 4993 5314 5400 5485 5888 5938 6007 6055 6181 6251 6320 6412 6513 6520 6723 6749 6766 6778 6841 7481 7606 7652 7748 7750 7795 7829 7836 7838 8059 8060 8250 8539 8647 8678 8800 8887 8892 8959 8960 9060 9211 9256 9265 9330 9440 9585 9628 9645 9796 9906 9923 10467 10746 10977
2739 41 3989 6924 10013
2740 0 7521 7802 9656 9860 10010 10150 10224 10291 10421 10455 10778 10889
2741 5511 6749 7564 8038 8215 8734 9997 10132
2742 1074 1798 2211 2681 7478 8110 9767 10450 10707 10798 11006
2743 2368 3727 4509 6329 6616 7746
2744 1147 1200 1453 2073 2332 6668 6951 7200 8451
2745 509 980 3277 6245 8619
2746 611 701 943 965 1413 1517 1796 2746 4253 4317 4524 4653 5438 8350 8502 9055 9758 10266 10267 10548 10566 10629 10883 10911
2747 608 1480 1496 2755 3027 3069 3312 3325 3702 4031 4972 5271 5578 5961 6181 6985 7526 7683 7937
2748 8459 9962 10199 10451 10456
2749 464 2074 2765 2766 2814 4212 4471 6363 6379 6677 6899 7132 7176 7305 8071 8154 8530 8769 9329
2750 1977 2439 2953 3198 3484 6780 8913 9673 10787
2751 7388 7667 8747 9630 9777 9810 10026 10344 10376 10411 10416 10419 10438 10443 10457 10484 10551 10576 10598
2752 140 7788 8373 9298 9500 9557
2753 65 475 477 482 488 583 598 749 1131 1160 1181 1412 1675 1676 1678 2057 2058 2131 2179 2293 2294 2295 2304 2376 2391 2392 2393 2394 2398 2436 2476 2490 2503 2514 2517 2521 2527 2546 2559 2561 2781 3910 3999 4000 4339 4778 4929 5173 5227 5295 5559 5806 5862 5886 5997 6131 6160 6244 6250 6329 6395 6589 6740 7161 7231 7304 7382 7399 7598 7702 7835 7863 8218 8332 8476 8480 8763 8831 8868 8939 9090 10369 10471 10591 10962 10964
2754 120 125 368 369 373 1171 1393 1463 1634 1670 1671 1672 1673 1674 1676 1677 1678 1698 1727 1999 2082 2375 2476 2489 2497 2639 2676 2725 2774 2778 3792 3854 4086 4593 4631 4698 4766 4971 5032 5146 5154 5224 5765 5770 5835 5862 5999 6017 6152 6187 6263 6399 6485 6551 6763 6883 6915 7139 7495 7721 8304 9048 9789 10044 10959
2755 569 571 3110 4483 5097 9891 10486
2756 3240 4729 4832 5271 7509 8355 8463 10456
2757 28 2352 2362 2377 3068 4815 5384 6421 7521 8167 8884
2758 1283 1320 2030 2618 5020 6717 7469 8083 9418
2759 585 937 1154 2222 2644 2658 3897 4038 5587 7899 7913
2760 953 6000 6503 8712 9805
2761 157 209 449 860 1315 1544 2015 2089 2179 2267 2659 2842 2902 3560 3561 4154 4918 6193 7122 7947 8127 9956 10430
2762 3031 3225 4986 5650 5739 7133
2763 936 5057 8240 8460 8665
2764 176 2131 3192 3630 4274 4439
2765 1379 4572 6664 7406 7985 8216 9030 9238
2766 1036 1760 1900 2150 2227 2269 2287 2288 2398 4790 5683 5963 6031 6160 6578 6616 6670 6874 7174 7262 7521 7726 8061 8167 8205 8219 8723
2767 7196 8313 8659 8824 9181 9293 9526 9670 9828 10170 10375 10421 10548 10553
2768 266 2677 4414 8628 9740 10524
2769 1208 2010 2407 2641 3576 6865 7776 7809 9819
2770 619 7451 8860 9146 9857 10343 10375 10587
2771 565 943 947 965 973 981 2464 3116 4575 4707 4953 5233 5293 5543 7953 8417 9255 9268 9349 9580 10484
2772 35 1075 1597 2657 2706 2965 3053 3054 3144 4115 4272 6585
2773 20 285 407 1096 1187 1511 1992 2744 2756 2836 3058 3149 3873 3969 4226 4227 4283 4360 4402 4423 4546 4609 4615 4630 4661 4681 4768 4778 4970 4991 5012 5044 5116 5156 5234 5282 5329 5347 5390 5407 5411 5440 5538 5609 5623 5661 5699 5700 5716 5719 5749 5777 5810 5813 5837 5883 5905 6105 6108 6109 6163 6177 6206 6244 6248 6288 6299 6321 6370 6395 6412 6478 6602 6663 6740 6755 6937 6938 7018 7023 7116 7136 7311 7384 7563 7677 7726 7857 7970 8329 8394 8443 8776 9278
2774 34 214 215 230 579 3538 3542 3543 3545 3546 3548 3549 3885 4175 4176 4627 5058 5376 5459 5889 5902 6258 6329 6466 6804
2775 35 45 449 648 1807 1879 3223 4425 4713 4714 5684 5698 6019 6395 7053 7105 7260 7261 7270 7291 7695 8945 8987 9466 9592 10256
2776 190 231 438 1133 1147 1208 1236 1315 1363 1387 1630 1687 1852 1961 2156 2166 2167 2219 3072 3085 3096 3154 3155 3903 4099 4415 4811 4813 5099 5815 6585 6838 7047 7143 7158 7591 7774 8192 8285 8351 8482 8605 8914 9069
2777 745 2178 4535 5925 6165 7335 8486 10877
2778 1999 4114 8815 8851 8970 9073 9152 9217 9237 10661
2779 2174 2735 3231 3737 4370 4917 4987 5236 5510 5525 6838 6998 8205 8328 9148 9185 9228 9578 10007 10054 10233 10358
2780 1875 1876 2412 5951 7230 7279 7336 8786 10942 10960
2781 395 1656 2010 3168 3642 3859 6229 6750 7129 7144
2782 375 613 692 1838 2606 4113 9268 9329
2783 25 132 171 175 480 481 485 544 587 609 617 656 799 801 803 1205 1210 1522 1871 1976 2125 2368 3704 3897 4040 4099 4335 5194 5288 5541 6637 7604 7701 8831 9986 10163
2784 9238 9557 9678 9933 9974 9978 9995 9997 10182 10217 10280 10958
2785 3067 6142 7004 7041 8309
2786 255 833 2658 2659 2781 3954 4982 7122
2787 37 123 364 1634 1968 3557 3786 4086 4556 5094 5257 5352 5428 5500 5731 5750 5934 6041 6071 6409 6422 6613 6659
2788 2923 6723 7513 8783 9427 10083 10301
2789 34 153 380 432 530 577 698 699 794 905 926 953 1027 1208 2597 2599 2602 2724 2760 2826 2887 3081 3082 3083 3085 3125 3146 3239 4139 4399 4800 4894 5900 6201 6317 6567 7741 7747 7774 8000 8235 8236 8433 8916 8988 9419
2790 768 5907 8214 8531
2791 6671 6824 7352 7406 7408 7614 7682 7845 7897 8199 8342 8412 8748 8783 8792 9647 9828 10065
2792 1413 1414 2013 4463 4572 4586 7066 7338 7574 7831 8424 8486 9021 9436 9536 10012 10787
2793 2 7409 8407 9073 9150 9275 9295 9386 9446 9505 9641 9651 9695
2794 53 1363 1845 3237 3669 5324 5608 5732 6384 6643 7014 7378 7515 7740 7847 7890 7933 7985 8129 8152 8156 8162 8198 8203 8210 8257 8259 8312 8325 8356 8364 8406 8425 8519 8531 8579 8580 8607 8626 8638 8660 8671 8681 8682 8683 8715 8716 8734 8741 8779 8812 8822 8824 8841 9257 9661 10251 10289 10415 10482 10488 10496 10512 10542 10547 10548
2795 3015 3017 3612 4529
2796 29 173 174 224 229 236 380 407 417 448 577 591 636 685 724 746 1208 1326 1432 1472 1503 1517 1600 1728 1760 1843 1846 1868 2080 2127 2133 2147 2153 2166 2167 2219 2220 2274 2299 2307 2309 2343 2625 2632 2653 2666 2680 2684 2702 2742 2746 2767 2801 2805 2821 2851 2852 2866 3036 3121 3206 3209 3222 3279 3819 3861 3971 4002 4170 4370 4374 4506 4552 4628 4754 4757 4784 4790 4811 5329 5336 5362 5379 5411 5479 5599 5778 5807 5905 6046 6232 6282 6293 6334 6897 6916 7706 7919 8394 8408 8966 10162 10566 10866
2797 1318 8436 8974 9335 9344
2798 22 886 1291 2930 2940 3252 3336 3357 3472 4174 4567 4838 4889 5438 5543 5886 7014 8619 8800 9112 9268
2799 1359 1390 1391 1981 1982 2363 2375 4244 4269 8045 8615 8753 9649 10755
2800 2423 6869 6975 7052 7099 7516 8928 9695 10389
2801 1026 1091 5363 5505 8607 10019 10783
2802 620 886 944 945 2490 3096 6265 6310 8408 8682 9037 10409
2803 354 429 1861 2066 5178 6234 6738 6930 8216 8317
2804 354 3028 4898 5119 6029 9574
2805 3820 5346 5453 7695
2806 326 1067 1180 1229 2151 2152 2319 2913 3340 3342 4237 4250 4432 4441 4655 4764 4854 5126 5127 5129 5634 5791 6726 7020 7162 7173 7298 7341 7453 7657 7751 7827 7915 8085 8257 8324 8391 8489 8520 8580 8601 8605 8660 8806 8894 9151 9203 9262 9543 9622 9683 9688 9699 10788
2807 410 824 1133 1208 1315 1387 1845 2048 2823 2842 3327 3993 4115 4326 4414 4572 5283 5335 6584 8820
2808 3044 3067 3425 5236 6607
2809 10 215 216 477 493 504 535 539 547 569 706 886 954 970 1029 1423 1807 2269 2394 2400 2401 2490 2514 2559 2954 2990 3546 3549 3641 3891 4167 4173 4264 4964 5371 5422 5493 5568 5684 5698 5719 6147 6150 6329 6356 6378 6381 6387 6445 6482 6493 6538 7382 8234 9706 10329 10369 10750
2810 843 2038 2245 2782 4495 5896 5927 6983 8820
2811 1349 2769 4350 4846 6000 7374 7493 8973 9132 9703 9856 9865 10102 10206 10430 10690 10830 10865
2812 1743 3678 3887 4234 4469 4547 5477 5625 6745 10547
2813 2007 3558 5634 7592 8982
2814 32 1096 1383 8197 8383 8868 9510 9879 10076 10552 10903 10944
2815 412 429 1313 4748 4791 4953 5088 6229 9202
2816 233 821 824 1337 2955 3148 3249 3827 4896 5715 6384
2817 526 963 2529 7517 7731 8500 9582 10350
2818 85 255 5154 9929 10232 10502 10504 10532 10581 10627
2819 7703 8851 9217 9442 9529
2820 60 1256 2125 2354 4430 4576 5479 6687 7022
2821 59 260 621 905 932 937 953 1313 1577 1579 1633 2331 2359 2412 2413 2414 2416 2417 2461 2853 2947 3032 3098 3133 3167 3168 3214 3546 3723 3766 3787 3880 4028 4113 4257 4334 4450 4451 4734 4753 5075 5157 5485 5707 7328 7329 8239 8290 8486 10165
2822 695 2659 4416 4688 5862 6135 8720 10369
2823 1964 1986 2030 7720
2824 5030 7038 7791
2825 7297 7773 8713 9108 9189
2826 910 912 9768 10267 11014
2827 566 2864 3871 3906 5663 7784
2828 1875 1876 2383 5560
2829 265 406 738 1631 2583 3517 3519 3952 4509 4791 4807 5079 5201 5293 5524 5800 6873 7419 8775
2830 2801 5553 5927 6167 6344 6348 6389
2831 574 8110 8424 8824 8870 9038
2832 109 237 969 1398 1857 2095 2143 2290 2473 3083 3549 4046 4047 4750 5131 6668 7204 7903 8389 8550
2833 531 2573 2584 6153 6332 10943
2834 410 432 441 724 755 924 927 928 930 931 935 939 955 971 1016 1021 1035 1048 1087 1112 1129 1150 1165 1198 1261 1278 1323 1329 1360 1413 1414 1507 1524 1525 1526 1530 1618 3068 3182 3208 3216 3227 3315 3327 4030 4211 4326 4397 4504 4505 4655 4677 4854 4877 5832 5918 6365 6991 7137 7450 7827 7915 7960 8216 8588 8779 8797 8824 9004 9045 9151 9224 9335 9345 9457 9510 9532 9537 9851 9879 10028 10169 10552 10719
2835 3416 8016 9098 10127
2836 608 980 1114 1147 4004 7937 8815 9469 10270 10775
2837 26 32 1314 1947 2148 3175 3176 3177 3179 3186 3306 5577 5963 7158 7261 7775 8351 8380 8762 8927 9156
2838 6734 7068 7091 7892 8313 8659 8860 9463 10030
2839 2450 2984 3083 3088 3089 3096 4029 4358 4417 4574 4916 5925 7029 7074 7314 8016 8284 8729 9016 9082 9310 9367 9621 10476 10587 10860 10874 10919 11037
2840 3063 3905 5538 9559
2841 19 89 168 325 349 820 1044 1144 1164 1208 1363 1961 2050 2227 2423 2943 3085 3469 3536 3887 4653 4836 4894 5546 5866 5886 6714 9758
2842 72 378 3681 5207 9851 10823
2843 2684 3365 8077 8125
2844 3180 3226 4350 4398 4403 4509 4889 5632 5985 7014 7088 7326 7663 7709 7808 7814 7844 7885 8392 10222 10496
2845 116 951 2875 3425
2846 8919 9120 10513 10645
2847 2150 2377 2388 3221 3967 5384 5666 6158 6328 6558 7521 8743 9082 9577 10719
2848 1310 2105 2110 2208 8092 8575
2849 216 217 2275 3542 3543 3546 4726 7122 7642 9620
2850 5610 6288 7128 8452 9174 9722
2851 229 822 843 1387 2251 2336 2659 2801 2834 2850 4517 5030 5161 5423 5627 5629 5680 5695 6167
2852 608 1172 1207 1265 3411 4735 4802 5696 6503 7263 7355 8824 9513 10170
2853 273 4234 4457 4470 5925 6081 6082 6083 6110 6111
2854 1046 6378 6662 7033 7716 8370 10061
2855 4136 5563 7000 7546 8462
2856 10 36 157 213 278 348 604 646 1147 1452 1546 1740 1757 1805 1812 1994 2850 2959 3220 3221 3892 4031 4315 4572 4649 4664 4886 4908 5286 5563 5767 5865 5981 6066 6166 6193 6241 6260 6478 6541 6552 6553 6562 6591 6618 6644 6666 6669 6670 6677 6691 6693 6788 6934 6973 7515
2857 6732 7410 8034 9143 10486 10546
2858 3096 6229 8235 9411
2859 404 439 2100 4343 7659
2860 1796 4372 4521 10394 10785 11043
2861 475 476 478 482 483 485 588
2862 21 145 160 550 552 553 1147 1902 2206 5699 7890 10004
2863 518 589 594 680 716 717 1882 4216 8244 9165 9703 9831 10142 10328
2864 88 298 299 1054 1487 1599 3068 3081 3330 5009 5749 5954 8500 8857 9485 10466
2865 7258 8638 8936 8959 9060 9699
2866 165 5250 8461 9222 10009 10214 10881 11018
2867 280 892 2051 3517 3578 3579 3933 4820 6585 6627 6786 6831 6947 7047 7048 7256
2868 552 999 1232 1892 2668 3872 4992 5655 6040 6734 7406
2869 5116 5815 5843 6407 6429
2870 320 429 1792 2996 3148 3521 4478 6129 8853
2871 3380 3402 3505 5755 5767 7561 7965 9673
2872 26 83 219 1373 1924 2294 2301 2981 3397 4910 5341 5600 6101 6185 6369 6442 6972 7190 7465 7749 7877 8402 8484 8751 8866 8996 9078 9102 9301 9372 9472 9881 9988 10007 10025 10334 10646 10671 10874 10978
2873 311 349 4285 4432 4492 4687 4715 5525 6032 7148 7479 8298 8749 9040 9179
2874 157 530 571 1660 1852 1994 2015 3263 4586 5108 6193 6374 7223 7239
2875 688 845 879 1195 1309 1637 1751 1752 1845 1898 1965 2174 2761 2882 3089 3371 4653 4846 5190 5264 5856 6229 6496 6798 7014 7200 7283 8297 9261 9758 10294 10361 10486 10727
2876 1397 1415 3671 4511 6704 6941
2877 881 1547 2955 3022 3450 5261 7133 7471 9444 10877
2878 223 3576 4014 4220 4527 6257 10214
2879 980 1316 4570 4832 6245 10927
2880 482 504 505 506 507 547 678 6740 6990 7170 7395 8562 10340
2881 829 2227 2286 2287 7384 7778 8809 9150 9178 9323 9569
2882 855 1968 2638 2774 6463 8051 9892
2883 233 3262 6497 10001
2884 11 1845 2712 4226 6014 6015 7055 7166 7416 7695 8180 9718 10901
2885 39 5556 6692 7033 9882
2886 469 5898 6387 6445 8309 8538 8645 8652 8697 8824 9177 9533 9727 10111 10277 10774
2887 88 90 2586 2675 3144 4777 4778 4779 4780 5168 5806 7857 8401 8746 9197
2888 427 2776 4417 6102 6431 8387 9458 10115 10371 10389 10439 10519 10600 10640
2889 72 1363 1383 1638 2933 4762 4811 4886 4976 5026 5284 5356 6196 6239 6240 7021 7730
2890 841 1203 3770 4319 4331 5517 6718 7096 10759
2891 42 128 228 438 471 845 854 858 1192 1241 1259 1332 1357 1540 1695 1866 1926 1960 2199 2201 2231 2339 2384 2661 2713 3110 3159 3269 3556 3634 3720 3805 3950 4016 4348 5349 5559 5711 5830 5973 6057 6454 6789 6805 6905 9290 9295 9685 9695 9780 9859 9892 9948 10371 10515 10804
2892 1064 1521 1674 1700 3073 4228 7816 8037 8913 9387 9561
2893 6982 7165 7835 9654 9929 10230 10706 10839 11024 11027 11036
2894 140 216 643 944 1440 2131 2178 2293 2295 2962 3547 3549 4280 4686 4796 7416 8395
2895 608 3325 6876 8016 9851
2896 1312 3350 8700 10449
2897 44 145 160 524 550 552 554 1189 1902 2954 3020 3457 3546 3547 3863 6360 6999 7591 7726 7860 8449 9795 10087 10481 10907
2898 38 43 2050 2245 2659 2671 2683 2696 2711 4836 5147 5461 5479 5995 6167 6344 6394 6421 6957 7553 9084 9150 9423
2899 265 330 337 356 429 692 745 834 914 934 956 1055 1063 1106 1198 1206 1216 1217 1218 1266 1384 1498 1763 1988 2227 2528 2668 2726 2870 3025 3221 3413 3429 3538 3948 4143 4307 4535 4575 4728 4729 4730 4747 4889 4916 4953 5108 5111 5163 5202 5272 5317 5363 5548 5830 5860 6064 6181 6317 6330 6718 6760 7160 7183 7451 8284 8300 8729 8823 9270
2900 285 426 1817 1964 2394 2437 3778 4048 5309 6396
2901 39 517 2659 4428 5846 7699 10430
2902 5973 6871 7882 8982
2903 917 1950 2090 2093 4474
2904 629 1933 1947 2924 3223 4466 4497 10376
2905 38 43 225 229 231 232 266 509 1133 1208 1315 1343 1371 1387 1451 1481 1503 1630 1641 1668 1687 1688 1694 1714 1772 1843 1846 1927 1935 1939 1943 2034 2050 2080 2245 2277 2336 2445 2600 2606 2615 2661 2690 2731 2752 2791 2792 2793 2801 2825 2834 2850 2864 3074 3140 3157 3210 3231 3941 3961 3964 4009 4051 4115 4341 4445 4517 4661 4768 4890 4897 4944 5030 5058 5076 5116 5117 5147 5161 5168 5227 5234 5280 5320 5380 5401 5449 5461 5479 5599 5627 5687 5695 5730 5741 5815 5837 5843 5887 5898 5906 5927 5945 5948 6016 6056 6089 6102 6105 6167 6199 6264 6333 6341 6342 6344 6371 6405 6407 6412 6419 6420 6421 6429 6457 6585 6609 6670 6683 6711 6804 6874 6908 6925 6938 6957 7061 7158 7774 9147
2906 5 38 49 67 74 78 87 88 89 99 103 104 106 141 147 151 155 159 173 174 189 196 216 217 222 225 229 232 239 250 258 265 266 270 295 297 298 299 300 315 316 320 323 324 326 327 329 331 333 335 337 355 408 412 415 424 437 444 450 473 474 480 481 491 499 500 524 541 542 549 553 562 563 564 565 572 574 577 578 582 584 594 595 598 599 610 611 612 613 617 618 622 636 639 640 647 655 666 679 680 704 713 714 715 716 717 718 732 735 736 747 751 836 837 838 884 885 887 892 898 903 920 922 941 943 944 949 954 959 960 961 965 966 973 991 1000 1003 1004 1005 1009 1021 1022 1023 1025 1032 1039 1040 1042 1044 1045 1047 1050 1052 1054 1065 1073 1074 1083 1088 1090 1095 1097 1108 1109 1115 1116 1120 1124 1125 1133 1138 1142 1145 1151 1158 1163 1167 1170 1178 1184 1188 1193 1200 1211 1212 1213 1222 1224 1229 1230 1236 1238 1240 1248 1251 1260 1263 1264 1268 1276 1280 1281 1283 1293 1294 1295 1297 1311 1315 1319 1320 1326 1330 1331 1368 1371 1387 1394 1396 1399 1417 1421 1427 1430 1442 1443 1451 1462 1467 1501 1511 1514 1515 1517 1521 1527 1544 1591 1598 1600 1601 1606 1613 1619 1627 1629 1631 1654 1717 1773 1783 1785 1786 1791 1792 1793 1794 1795 1797 1798 1808 1814 1815 1817 1818 1819 1822 1823 1824 1825 1832 1833 1836 1837 1838 1840 1841 1843 1846 1847 1849 1852 1853 1855 1880 1891 1894 1903 1904 1914 1916 1919 1920 1925 1927 1930 1939 1943 1955 1969 1987 1997 2006 2008 2016 2029 2095 2098 2099 2114 2119 2125 2127 2128 2129 2133 2138 2147 2152 2153 2162 2163 2164 2166 2167 2170 2172 2175 2194 2217 2221 2235 2274 2275 2279 2281 2293 2295 2299 2301 2307 2309 2311 2325 2326 2327 2340 2357 2361 2426 2433 2438 2445 2451 2459 2460 2484 2487 2488 2493 2494 2496 2500 2504 2505 2510 2512 2513 2514 2516 2524 2527 2529 2533 2535 2538 2539 2541 2551 2553 2558 2560 2565 2566 2570 2571 2573 2575 2578 2579 2581 2583 2584 2587 2592 2593 2594 2595 2597 2603 2606 2619 2621 2628 2629 2634 2635 2636 2651 2652 2653 2657 2658 2659 2661 2662 2669 2671 2680 2681 2683 2686 2687 2689 2696 2698 2699 2701 2705 2731 2742 2743 2744 2765 2766 2795 2801 2808 2823 2840 2841 2842 2878 2886 2891 2897 2908 2912 2945 2956 2961 2969 2972 2989 3034 3074 3076 3095 3096 3104 3131 3142 3178 3182 3198 3207 3251 3265 3270 3279 3289 3349 3372 3373 3375 3400 3406 3424 3427 3447 3448 3452 3453 3465 3468 3474 3498 3521 3535 3544 3548 3549 3632 3634 3664 3665 3677 3680 3747 3752 3753 3806 3808 3832 3845 3867 3877 3878 3879 3906 3910 3911 3916 3952 3965 4009 4016 4044 4051 4052 4071 4076 4077 4079 4080 4087 4093 4094 4111 4115 4116 4128 4151 4161 4212 4214 4237 4245 4246 4254 4259 4260 4273 4279 4297 4365 4384 4392 4426 4442 4445 4468 4471 4487 4488 4499 4502 4521 4530 4544 4555 4653 4669 4732 4754 4765 4778 4779 4780 4863 4869 4904 4930 4985 5009 5082 5117 5130 5183 5256 5282 5380 5387 5400 5449 5467 5474 5477 5481 5509 5518 5521 5551 5558 5583 5584 5656 5709 5713 5807 5843 5876 5910 5918 6011 6025 6036 6042 6058 6167 6183 6227 6280 6295 6325 6334 6346 6417 6462 6480 6508 6536 6546 6580 6627 6652 6691 6730 6753 6762 6897 6930 6940 6944 6955 6962 7114 7119 7131 7159 7171 7177 7207 7246 7285 7332 7382 7398 7407 7489 7497 7499 7506 7616 7617 7698 7717 7745 7754 7784 7812 7813 7824 7894 7925 7946 7950 7959 7975 7977 7985 8001 8064 8104 8110 8115 8158 8206 8213 8233 8263 8266 8294 8317 8331 8340 8352 8357 8431 8461 8468 8478 8485 8512 8552 8584 8658 8663 8668 8675 8683 8708 8733 8741 8746 8767 8819 8837 8852 8890 8893 8894 8905 8958 8966 8980 8981 9000 9025 9033 9068 9084 9091 9150 9154 9173 9195 9200 9209 9223 9238 9246 9261 9276 9284 9287 9294 9320 9322 9355 9376 9416 9461 9464 9535 9556 9557 9566 9575 9594 9595 9597 9602 9626 9627 9630 9643 9644 9671 9673 9676 9715 9719 9723 9753 9758 9780 9800 9810 9812 9818 9851 9861 9868 9880 9925 9934 9964 9968 9973 9975 10005 10022 10041 10076 10093 10245 10274 10278 10301 10302 10304 10318 10324 10327 10354 10403 10419 10424 10427 10490 10524 10566 10642 10648 10679 10687 10691 10712 10790 10809 10851 10866 10899
2907 19 4423 5692 5866 7133 9151 9241 9868
2908 2659 5225 5505 6286 7736 8533 8774 9549 9551 10046 10454 10925
2909 2320 2330 2332 3550 7218 7654 8172 8514
2910 3240 3247 3258 3289 3297 3981 5489 5696 8688 9035 10343 10357 10616 10942
2911 5879 7121 7507 9395 9987
2912 331 391 980 1292 1767 1957 2150 2312 3086 3136 3312 3314 3407 3892 4572 4730 4748 4756 4849 4917 5035 5151 5211 5743 5953 6032 6328 6330 6471 6472 7029 7187 7273 7478 7696 8284 8451 8463 10005
2913 531 881 979 2135 2143 2290 2659 3336 4423 4915 5205 6958 8300 8389 8823 9754 10128
2914 60 1769 7406 8618 10360 10389 10432 10573 10574
2915 230 536 1181 1210 1252 3853 3995 5074 5083 5667 5719 5745
2916 2564 4762 5926 6233 6828 6840 9023 9061 9713 9888 10489 10811
2917 224 476 482 484 878 1096 2252 2268 2290 2708 2717 2923 3065 3121 3520 3995 4511 5609 5676 6119 6514 6684 7245 7289 8389
2918 2513 3738 4544 6209 7515 9775
2919 762 775 778 783 881 2290 3085 3722 3732 3787 3788 3789 4447 4569 5264 6201 6317 6645 6672 6894 7133 7329 7351 7606 8389 8403 8872 10489 10682 11003
2920 4724 4838 5140 6979 6980 7095 7123 7235 8461 9401
2921 700 1957 2020 4112 4504 6181 7937 9489 9837 10199
2922 1658 5342 7262 7857 8654 8981 9277 10648
2923 245 4619 5343 8244 9078 10300
2924 1205 3906 4015 4549
2925 9 330 905 915 926 1027 2663 3282 4993 7126 7837 8297 9572 10696 10932 10994
2926 7962 8178 9219 10512 10934
2927 519 855 1393 1473 1495 1533 1636 1680 1696 1723 1758 1871 2015 2069 2253 2267 2280 2375 2638 2644 2725 2774 2831 3110 3683 3786 4086 4310 4581 4766 4813 5116 5154 5170 5270 5811 5823 5867 6134 6396 6463 6630 6692 7212 7401
2928 1172 1363 1812 2100 2267 2393 2445 2659 3062 4153 5227 5286 5839 5963 6567 7019 7343 7402 7425 7879 8575 8681 8790 9102 9270 9331 9373 9737 9738 9797 10430
2929 2423 3090 3163 3683 3914 6396 6630 8789 10170
2930 3701 7668 9656 10069 10869
2931 933 1216 3250 4435 4493 4494 6902 7230 10125 10389
2932 579 1802 1803 4595 5848 8066 8298 9493 9504 10291
2933 497 568 575 610 612 3017 3722 3788 4530 9131 9254
2934 929 1313 6346 8712 9805
2935 10 1131 2086 2376 2391 2392 2393 2394 2401 4908 5236 5952 6041 6131 6387 6445 6463 6608 6692
2936 78 1537 3498 3515 6070 6981 7128 7410 8656
2937 373 848 972 1557 1968 2082 2313 2637 3080 3159 3308 3322 3710 4086 4286 4316 5154 5216 5515 5765 5999 7118 7371 7401 7404 8067 8680 9341
2938 225 298 299 1127 2525 4790 4811 5009 5245 5438 7200 10245
2939 1978 2953 4252 7559 9191 9427
2940 52 55 56 354 1292 3113 3286 4124 5564 5986 6645 7090 7490 7696 7744 7831 8038 8253 8400 8618 8643 8668 8737 8742 8769 8790 8792 8795 8797 8851 8873 8876 8999 9103 9181 9217 9604 9678 9733 9740 9794 9848 9867 9897 10132 10149 10150 10509 10529 10545 10657 11039
2941 3604 6112 9494 10454 10579 10823
2942 1658 2778 6126 6458 6464 7750 8939 8946 9072 9075 9117 9176 9300 9312 9330 9368 9377 9394 9407 9440 9446 9524 9531 9534 9618 9645 9656 9678 9695 9717 9731 9789 9825 9855 9966 10104 10272 10279 10282 10287 10302 10332 10335
2943 1147 1200 1314 1621 2015 4047 5992 8058 8217 9073 9250 9809 10434
2944 190 386 469 525 543 1152 1153 1273 1447 1968 2242 2243 2280 2282 2926 3117 3211 3391 4513 5639 5640 5725 5971 6324 6327 6689 8245 10149
2945 872 1208 1739 2069 3040 4362 5064 6081 7176 7621
2946 6259 10008 10255 10314 10614 10662 10771 10794
2947 7666 8457 8489 9351 9442 9739 9865 10216 10463 10574 10677
2948 6328 8325 8406 8505 8580 8589 9004 9105 9164 9481
2949 567 905 915 920 941 1027 1231 1235 1407 1438 1576 1582 1610 2015 2096 2286 2350 2441 2519 2520 2547 2943 3090 3144 3324 4135 4597 5452 5546 5886 5889 6007 6101 6154 6347 6606 7071 7576 7666 8464 10674
2950 5939 6418 7795
2951 46 567 2186 2198 2630 2656 2673 4065 4125 4314
2952 1489 1490 2653 2926 3051 3110 4327 4399 5058 5978 7615 8086 8414 8640 8691 8713 9189 9270 9312 9442 9493
2953 6232 6286 6691 7415 8314 8358 8452 9529 9895
2954 4 41 170 172 275 379 497 584 600 601 611 618 664 840 917 1165 1427 1751 1752 1890 1956 2238 2319 2714 2881 2940 3180 3226 3227 3340 3342 3343 3358 3473 3620 4105 4246 4398 4400 4403 4441 4658 4741 4764 4830 5077 5126 5127 5128 5129 5163 5243 5248 5386 5517 5632 5951 5985 5986 6207 6240 6251 6285 6365 6456 6478 6666 6782 6980 6992 7003 7088 7148 7326 7327 7453 7559 7614 7663 7760 7769 7814 7818 7844 7885 7987 8207 8216 8294 8322 8363 8392 8705 8824 9055 9532 9587 9712 10130 10181 10222 10239 10430 10496 10507 10517 10545 10546 10564 10584 10594 10607 10791 10913
2955 822 1308 2050 2659 2696 4836 7612 9017
2956 3169 4024 5018 10592
2957 591 4415 4566 4636 4703 4813 5067
2958 449 1694 1746 4414 5248 6040 6097 7681 8275 8354 10914
2959 1096 2815 5711 5862
2960 8 708 789 1231 1399 2393 2778 2962 3570 4316 4691 4769 5000 5155 8395
2961 1950 2285 7583 7755 7935
2962 1592 1687 1691 1780 2000 2398 3037 3494 3710 4958 5064 6965 7158
2963 375 5197 6103 6323 6585
2964 5 1230 2318 6996 9303 9478 9489 9493 9837 10083
2965 7614 9023 9888 10180 10430 10992
2966 770 775 777 783 1551 3606 3607 3610 3612 3724 3728 3732 3734 4485 4569 4647 4734 4919 5075 6712 8026 8247 8336 8385 8804 9460
2967 5669 7481 8296 9727 10752
2968 4661 8625 8902 9867 9974 10602 10686 10775 10873
2969 5 947 958 1086 2999 3090 3096 6329
2970 220 301 351 412 415 437 568 572 2899 4147 5096 8668 9461 9835
2971 24 1086 1800 1902 2227 2294 2295 2355 2867 5295 5738 6261 7231 10330 10393
2972 854 1698 1770 2294 2637 3995 4270 4360 5044 5331 5544 5765 5904 6035 6116 6190 6250 6271 6458 6463 6756 6771 9368 9700
2973 605 2288 2398 5215 5980 8153 8751 8968 10178 10675
2974 851 852 2133 2286 2301 3159 4860 5515 5602 6466 7334 7534 7576 8187 9347 9429 10146 10302 10333 10477
2975 207 280 806 1311 1638 2514 2944 4501 4875 5236 5282 5886 5965 7168 7382 7774 10538 10727
2976 308 350 391 1639 2696 4197 4987 5403 8514 9659 10430 10785
2977 4513 5108 5650 6103
2978 209 1498 4541 4695 4740 7325 9119
2979 1967 1999 2023 5663 6238 9520 9991
2980 271 407 459 1036 1533 4028 7857 8433 9042 9762
2981 2408 2884 5016 7160 7679 8933 9149
2982 1063 1114 1728 1990 2525 2682 2781 4384 4791 6511 7365 9909
2983 2311 2561 3080 6567
2984 1309 5151 6348 6384 6837 6908 7006 7209 7314 7328 7414 7831 7850 7965 7977 8064 8563 8601 8693 8900 9150 9398 9423 9863 10430 10542 10657 10709
2985 8 74 102 311 325 334 399 429 438 636 639 746 934 941 975 1233 1361 1373 1438 1502 1532 1558 1610 1644 1663 1827 1984 2245 2251 2267 2277 2282 2284 2336 2344 2362 2661 2675 2731 2834 2872 2881 2926 2987 3066 3096 3189 3274 3281 3538 3633 3811 4029 4315 4556 4737 5234 5407 5546 5599 5614 5627 5629 6007 6103 6283 6460 7357 8820
2986 3774 6912 7752 8343 9562
2987 1278 1338 1344 3022 11031
2988 60 61 88 103 139 140 142 153 173 174 257 258 380 391 476 530 546 565 568 643 696 738 817 839 898 990 1063 1089 1094 1096 1107 1154 1160 1210 1236 1332 1363 1447 1459 1521 1528 1638 1758 1762 1778 1797 1819 1833 1837 1840 1854 1881 1901 1910 1912 1960 1961 1990 2131 2137 2230 2245 2295 2393 2394 2433 2441 2478 2486 2488 2495 2517 2523 2540 2567 2568 2590 2595 2613 2618 2630 2635 2667 2668 2684 2691 2699 2729 2733 2746 2780 2981 3068 3121 3122 3146 3154 3155 3173 3197 3285 3376 3881 4097 4108 4128 4163 4187 4195 4260 4344 4423 4426 4460 4509 4549 4598 4653 4689 4778 4872 4873 4894 5078 5105 5121 5361 5430 5439 5490 5876 5981 5982 6124 6401 6585 6679 6934 7125 7133 7204 7469 7572 7861 7990 8086 8307 8375 8464 8573 8618 8629 8893 8914 8969 8977 9081 9122 9312 9323 9391 9721 9758 9867 11017
2989 3512 4742 5375 5927 6786 7263
2990 10089 10359 10388 10575 10895
2991 26 869 1866 2537 4360 5448 6923 6990 7053 7304 7399 7590 7702 8051 8734 8740 8914 9280
2992 4117 7372 7507 7973 8857 9485
2993 4813 5164 6010 6140 6177 6333 6433 6480 6607 7069 7131 8668
2994 581 738 5513 6496
2995 4829 5050 5921 9497
2996 930 955 966 968 1002 1121 1129 1165 1323 1828 1907 2150 2180 2206 2225 2319 2415 3182 4441 4653 4654 7283 7532 8216 9537 9758
2997 515 1360 2408 2926 4912 7446 10013
2998 3159 4936 6689 8150 8307 9145
2999 3632 7200 8325 8383 8406 9257 9477 9543 10908
3000 1426 1635 4424 4936 5160 5778 5815 5847 5876 5978 6355 8150
3001 300 1026 4653 6993 7133 7992 8205 8309 9524
3002 225 5599 5843 5898 6407 6429 6460 6698 6802 6909 7038 7049 7059 7217 7378
3003 32 196 469 509 677 740 1063 1096 1156 1272 1282 1398 1458 1587 1686 1704 1757 1763 1800 2341 2781 2923 3044 3218 3221 3459 3996 4274 4277 4384 4416 4728 5563 5588 6640 6788 7044 7154 7245 8058 8139 8473 9029
3004 174 380 417 443 448 1999 2301 2895 3085 7443 8394 8408 8433 8822 9241 9261 9620 10520
3005 1218 1313 5363 6648 9471
3006 598 614 633 647 694 735 737 750 953 967 1194 1549 1649 1744 1808 1915 2227 2290 2462 2958 3006 3144 3453 3927 5656 7271 8389 9264
3007 864 1443 2396 2961 4226 4706 5909 10393
3008 7028 7515 9109 9488 9936 10488
3009 3449 5077 7074 10423
3010 6137 9498 9796 9959
3011 6073 6745 9075 9888
3012 708 1363 1393 1473 1533 1647 1680 1770 1871 1933 1942 1968 2391 2392 2394 2435 2521 2758 3154 4295 4509 4567 4813 4892 5068 5164 5236 5239 5448 5666 6131 6212 6290 6301 6458 6769 6808 6822 6854 7019 7260 7270 7307 7334 7571 7719 7722 7753 8184 8227 8258 8475 8569 8684 8945 9032 9280 9458 9550 9612 9641 9695 9855 9925 10002 10017 10190 10233 10281 10404 10426 10669 10695 10726
3013 1221 1940 2417 2419 2420 2618 2654 2759 2787 3555 4550 4619 5147 5310 5342 5717 5728 6619 7469 8239
3014 1332 2235 5166 7310 7554 9597 10530
3015 213 1969 6635 6991 9678 9808
3016 9442 9517 9739 9865 10463
3017 2393 2758 3968 5328 5843 6289 6609 7024 7504
3018 0 829 910 932 953 979 1233 2422 2425 2427 2851 2852 2861 3154 3155 3220 3226 3239 3298 3366 3603 3618 4582 4753 4887 5324 5743 5832 6201 6673 6734 6951 7089 7196 7326 7740 7915 8312 8313 8356 8483 8626 8659 8827 8860 8941 9007 9181 9191 9493 9574 9829 9865 9886 10170 10291 10482 10528 10545 10548 10559 10560 10610 10889 10907
3019 12 116 2773 5229
3020 429 948 1028 1074 1086 1090 1097 1121 1688 1697 1791 1906 1907 1945 1947 1969 1975 2131 2330 2523 2527 2547 2848 3044 3086 3462 3593 4348 4653 4678 5829 5950 5954 6061 6681 6735 6824 6973 7191 7352 7494 7533 7645 7670 7687 7923 8765 9758
3021 1272 1357 2276 3128 3187 3263 7475
3022 1447 2900 3146 4429 4563 4651 5090 5461 7398 7549 7576 7639 7774 8201 8384 8399 8535
3023 647 2554 3811 8848
3024 5507 5818 6539 8982 9616 9887 9991 10129 10209 10255 10417 10519 10565
3025 24 345 526 2040 2726 3690 3786 6548 7267 8175 9376 10237
3026 1962 1970 1981 1982 4362 4479 7163 7475
3027 300 646 1381 1558 1902 2742 2863 3116 3424 4397 5261 5268 6342 6897 8469
3028 756 3070 3355 3755 3761 4843 7096 8131 8799 9051 10530 10806
3029 27 34 113 453 845 936 943 944 947 965 966 972 973 1349 1356 1576 1579 1778 1779 2093 2430 2441 2461 2675 2727 3274 3311 3318 3334 3711 4009 4051 4116 4445 5157 5344 5683 6012 6348 6384 6943 7085 7224 7460
3030 1481 1845 2752 4890 4987 5578 7328 9772
3031 69 637 1272 1638 1856 1986 2286 2557 4059 4227 4271 4370 4496 4587 4771 4894 5829 5930 6507 7477 8671 9312
3032 2 1096 1426 1961 2923 4536 4693 5885 5978 6013 6428 6529 6570 6620 6685 6788 6832 6864 6906 6961 7007 7029 7044 7059 7156 7168 7184 7204 7212 7244 7245 7249 7259 7260 7278 7307 7319 7378 7400 7404 7406 7411 7414 7482 7491 7584 7590 7601 7603 7614 7662 7773 7882 8051 8134 8150 8166 8194 8227 8287 8309 8325 8332 8343 8351 8396 8406 8500 8510 8517 8538 8551 8554 8611 8648 8673 8684 8716 8734 8745 8768 8772 8779 8797 8809 8822 8835 8897 8914 8945 8974 9008 9047 9073 9117 9139 9156 9163 9177 9205 9540 9717 9734 9762 9763 9858 9892 10008 10038 10054 10065 10072 10149 10219 10256 10302 10314 10360 10375 10385 10389 10401 10404 10434 10493 10495 10512 10556 10573 10574 10588 10591 10599 10602 10610 10614 10620 10657 10669 10695 10709 10731 10768 10771 10776 10794 10808 10815 10837 10840 10863 10877 10888 10891 10926 10944 10972 10989 10990 11040
3033 77 384 491 1331 1542 2163 2221 2697 3511 3516 3522 4417 5772 6274 6890 7254
3034 160 418 430 524 527 549 556 584 664 676 912 935 971 1016 1021 1048 1062 1080 1083 1110 1112 1165 1200 1230 1246 1278 1294 1363 1384 1526 1589 1767 1781 1785 1874 1890 1911 1942 1947 2003 2073 2174 2202 2264 2317 2478 2504 2525 2535 2802 2936 2960 2993 2999 3093 3173 3175 3176 3179 3180 3185 3186 3213 3255 3480 3802 4041 4127 4182 4428 4567 4710 4876 4934 5008 5118 5184 5198 5218 5230 5306 5391 5635 5640 5986 6069 6292 6343 6495 7770 8075 8380 10612
3035 582 884 1661 1662 1796 1801 2293 4520 5378 5910 6471
3036 85 118 190 193 489 638 811 979 1079 1473 1489 1490 1636 1680 1710 1732 1733 1735 1737 1758 1900 1968 1994 2015 2069 2080 2089 2375 2863 3040 3042 3051 3064 3139 3163 3222 3321 3591 3695 3697 3698 3822 4063 4086 4114 4323 4356 4518 4657 4836 4907 5083 5094 5188 5191 5236 5276 5308 5313 5479 5504 5596 5614 5782 5783 5823 5827 5839 5898 5908 5927 5944 5945 6017 6075 6078 6103 6134 6167 6197 6406 6590 6606 6608 6747 6922 7071 7168 7302 7360 7361 7774 7791 7929 7951 7974 8051 8099 8161 8194 8291 8304 8437 10674
3037 1102 1108 1219 1256 1276 1431 1680 2129 2433 2535 2589 2620 3215 4170 4241 4260 4839 6572 9355
3038 633 1734 5799 7126 7350 7442 7452 8269 8427 9212 9422 9748 10247 10350 10371 10790 10914 10926 10945
3039 53 169 170 1164 5332 7503 8995
3040 487 585 1059 1094 2435 2537 4458 4678 4679 6875 6905 7280 7879 8255 8270 8987 9090 9210 9475 10240 10427 10438 10498 10685 10874 10979 11034
3041 979 5211 6314 7376 8531 8617 8659
3042 3304 3776 5153 7269
3043 2895 3083 7278 9536 9922
3044 85 123 124 364 371 856 1054 1063 1147 1171 1447 1473 1533 1670 1677 1678 1758 1869 1968 1994 1999 2015 2021 2043 2069 2079 2198 2245 2294 2316 2356 2375 2383 2394 2506 2514 2521 2561 2630 2637 2639 2713 2768 2778 2807 2819 3040 3064 3101 3141 3163 3560 3690 3810 3848 3849 3852 3995 4022 4038 4039 4294 4313 4324 4327 4330 4360 4361 4362 4513 4531 4554 4657 4660 4671 4695 4702 4704 4722 4783 4817 4835 4866 4879 4908 4942 4971 5002 5044 5090 5137 5155 5167 5188 5195 5199 5270 5415 5435 5458 5463 5465 5542 5560 5596 5616 5646 5649 5679 5704 5718 5737 5745 5908 5909 5941 5978 6013 6017 6053 6096 6122 6126 6152 6190 6242 6271 6278 6301 6317 6355 6414 6427 6454 6585 6621 6658 6685 6736 6747 6853 7079 7080 7382 7402 7449 7519 7607 7778 7929 8062 8080 8158 8464 9126 10674
3045 300 315 322 329 339 346 594 595 640 751 832 833 1004 1045 1046 1065 1083 1084 1133 1158 1213 1225 1311 1383 1430 1472 1487 1575 1601 1615 1639 1640 1791 1814 1815 1891 2006 2152 2527 2530 2689 3148 3172 3224 3451 3461 3521 3680 3890 4614 4874 5073 5118 5625 5956 6462 7925 8208 8468 10866
3046 531 2761 4509 9360
3047 2227 2643 2651 4471 4630
3048 1398 2192 5036 5303 5397
3049 807 2863 7065 7384
3050 3 61 157 279 1017 1031 1064 1094 1128 1137 1164 1191 1289 1578 1626 1830 1831 1879 2326 2359 2454 2545 2546 2816 2984 3352 3466 3759 3772 3911 3974 4108 4917 5107 5116 5736 5804 6193 7399 7425 7672 7700 7835 7944 8440 8478 8640 8815 8970 9038 9208 9373 9425 9597 9771 10330 11034
3051 522 1939 7620 8295 8402 8791 8866 8905 9246 9798 10967
3052 94 158 940 1579 2431 2597 3085 3096 3446 4359 4486 4617 4694 5157 10126 10892
3053 7365 9740 9901 9990 10850
3054 1343 1838 1999 2621 3074 4916 5473 7384 10075 10923
3055 973 3738 4926 8899 9154 10141 10239 10463 10584
3056 5337 5965 6107 6807 7019 7029 8351 8692
3057 7709 8820 9369 9380 10291 10463
3058 1906 1923 3635 6411 7555 10226 10400
3059 1033 1208 1614 1846 1990 2659 2731 2801 2868 3182 5161 6167 6389 6599 7007 7073 7137 7209 7652 7791 7818 7902 7915 8064 8216 8601
3060 339 342 398 429 1052 1083 1097 1125 1264 1293 1311 1600 1601 1631 1646 1711 1792 1794 1802 1803 1813 1814 1823 2006 2055 2151 2152 2222 2423 2579 2617 2720 2742 2840 2841 2884 3423 3482 3626 3640 3806 3944 3992 4170 4254 4449 4904 5039 5201 5449 5547 5551 5895 5898 5959 6037 6042 6043 6073 6174 6205 6230 6288 6342 6417 6431 6480 6508 6562 6570 6576 6577 6605 6627 6633 6674 6897 7315 7633 7776 8468
3061 1984 2028 3811 4443 7308 9270 9309 9468 9884 10244 10261 10298 10519 10838 10904 10907 10913
3062 2053 2947 3746 10888
3063 1790 1799 1879 2137 2196 2201 2376 2390 2405 2440 2481 2879 3056 3354 3376 3379 3629 3641 3772 4074 4097 4158 4167 4171 4190 4423 4473 4553 4713 4714 4811 5264 5684 5734 5963 6161 7583 7684 7898 8398 9014 10049 10128 10195
3064 1894 2458 5448 6564 8180 9066 9717 9790 9891 9973 9986 10939
3065 50 499 508 540 562 563 564 565 567 1352 1522 1839 1962 1998 2157 2217 2258 2270 2341 2575 2592 2630 2764 2878 4232 5219 5228 6169 6780 7053 7222 7632 8347 8365 8376 8750 8922 9961 10218
3066 700 2033 3231 3260 6328 9478
3067 10 36 380 417 530 646 698 699 1623 1758 1961 2014 2060 2253 3633 3810 3955 3978 4399 4770 4815 4908 5043 5312 5422 5451 5604 5886 5993 6013 6103 6105 6122 6291 6327 6386 6449 6450 6639 6692 6806 7307 7563 7637 7651 7773 8433
3068 718 3159 4959 5873 6119 7521 8180 8896
3069 3734 8003 8506 9409 9614 9988
3070 1446 2788 2930 2940 3027 3218 3393 3429 4586 4838 4889 5202 5578 5886 6361 6425 6978 6980 9611
3071 120 122 123 124 283 288 294 800 1077 1154 1473 1758 1968 2000 2012 2289 2383 2639 2768 2819 3123 3139 3565 3708 3798 3823 3850 3857 3987 4119 4330 4355 4508 4576 4660 4817 4988 5089 5094 5150 5276 5501 5544 5704 5724 5809 5871 5908 5941 6017 6095 6126 6197 6458 6602 6761 6922 6925 7501 7757 7871 8464 10674
3072 2015 4872 5634 7317 7530 7977 8194 8396 8437 8515
3073 979 7040 7733 8035 10560
3074 279 540 563 565 743 1673 1675 1985 2764 3082 4336 5279 5588 6147 6395 7554 8236 9960 10901
3075 147 732 924 943 1344 1563 1881 2083 2457 2943 2945 3207 3396 3432 4675 4883 5136 5163 5658 5709 5902 6339 6526 7062 7876 8006 8155 8193 8671 9124 9203 9732 9745 10102 10787 11006
3076 1528 1574 2709 3707 3783 3883 5633 5815 7076 7204 8160 10184
3077 5766 5963 6632 9291 9860
3078 1624 4891 5708 6218 6445
3079 1529 2018 4420 5371 7585
3080 1558 1574 4509 4950 5829 8741 9397 9470 9554 9781 10805
3081 2447 4342 7015 7458
3082 2661 5578 8097 10495 10698
3083 736 3936 5474 8421 8511 9483
3084 875 1655 3301 3940 4954
3085 270 892 1241 1656 3277 5578 6334 6796 7012 8283 8306 10022 10430
3086 839 909 917 939 1218 1326 1339 1492 1600 2108 2913 3023 3085 3155 3217 3365 3449 3745 4586 4889 4992 5951 6000 6511 7095 7262 7515 7541 8378 8502 9628 9782 10126 10542 10548
3087 6996 7583 8826 9976 10117 10389
3088 107 317 830 1013 3124 4352 4540 6090 6471 6782 7818 7831 7992 9664 9772 9782 9809 10430 10517 10607 10642 10783 10787 10859
3089 550 1892 3593 4628 7203 7906 8058 8149 8229 8702 8769 8864
3090 1611 2319 3745 4441 5526 6601 7907 8436 9772 9876
3091 1208 1550 1700 1956 4457 4542 4865 6083 6361 6425 7515 8150 8673
3092 5766 7378 8191 8325 8406 8574 8666 8734 8779 8840 8977 9136 9164 9600 9973 10512 10744 10982
3093 56 2821 2851 3234 3723 4112 5075 5187 6165 6983 8312 9279
3094 6019 6515 6987 7127 8503
3095 719 1576 1629 1652 2043 2418 2748 2853 3167 3573 3716 4132 4550 4551 4694 5376 5443 5536 5758 6130 6309 6694 6746 6755 6907 7448 7922 7928 8464 10727
3096 19 3550 3592 3876 6107 6160 6465 6493 6571 6603 7105 7271 8170 8686 8925 8965 9037 9090 9156 9736 9748 9900 9946 9951 9957 10049 10221 10286 10340 10355 10460 10484 10534 10574 10576 10591 10598 10655
3097 527 934 1027 1291 1363 2092 2095 3307 3361 3723 4307 4586 4653 6162 6201 8252 9303 9407 9449 9758 10430
3098 1647 1691 1817 1840 2659 2724 7017 9909 9920 10224
3099 7363 7459 10482 10546
3100 790 870 871 1252 1301 1350 1807 3852 3929 4827 5418 5463 5612 5911 6271 6313 7174 7287 7665 7930 8805 8830 9138 9929 10340
3101 190 1063 1961 3244 4353 5803 6107 6327 6426 6529 6742 6807 7185 7774 7914
3102 1242 4735 5013 5148 5625 6056 6405 6683 7263 7955 8238 8335
3103 5 163 169 287 399 577 794 1027 1234 1373 1665 1743 1780 1967 1983 1999 2023 2052 2250 2693 2707 2724 2728 2785 2805 3210 3920 4009 4132 5806 6223 6337 6920 7175 7636 8128 8286 8563 8779 8847 8871 9073 9277 9391
3104 147 657 667 748 1147 1623 2232 2398 2636 3375 3531 4415 6585
3105 240 1600 2208 4899 5530 7875
3106 137 850 860 1447 2409 2761 3153 4152 4399 4636 4728 4813 4820 5513
3107 301 5201 8368 10753
3108 364 547 1160 1301 1416 1968 1998 2015 2184 2218 2226 2227 2234 2246 2286 2287 2435 2490 2506 2624 2637 2639 2784 3030 3139 3144 3897 4114 4314 5056 5105 5131 5197 5441 5612 6057 6298 6404 6538 6878 6931 7027 7153 7929 8194 8376 8393 8703 8846 9269 9288 9324 9571 9635 9792 9844 9926 9940 9956 9983 9992 10136 10355 10366 10397 10502 10621 10658 10824 10966
3109 1393 2521 2834 3951 4002 10524 10525
3110 2272 2333 2456 3392 3539 3540 6798
3111 5553 6387 6445 6772 6854 7149 7263 7659 7888
3112 82 114 148 453 941 1424 2064 3717 3811 3820 3927 4260 4447 5361 6347 6515 7764 7899 8403
3113 1036 1147 5515 5969 9092
3114 5064 5897 6122 8554
3115 269 4634 5481 5706 6037 6288 6512 6633 6800 7657 8663
3116 1274 3118 3229 3707 4192 4273 4488 4643 4990 5354 5368 5743 6229 6264 6432 6536 6572 7218
3117 882 885 888 1477 4082 5978 8550 9104 10304 10354
3118 391 1600 4740 5231 5543
3119 170 391 1590 2747
3120 1242 4816 7172 7745 7955 8238 9418
3121 336 1380 1457 2180 3448 7776 8494 8991
3122 3438 5555 8815 9119 10960
3123 391 1299 1300 1642 3254 3309 4080 4653 5211 6233 6428 7126 7492 7693 8023 8074 8136 8148 8210 8257 8264 8284 8456 8511 8550 8563 8578 8587 8594 8693 8868 8952 9150 9188 9212 9323 9415 9656 9680 9733 9758 10752
3124 3976 6229 7333 8065 8428 8594 9175 9244 9404 10743
3125 888 2116 2932 4166 4292 4312 5532 5978 9051 9296 9355 9412 9466 9767 10134 10438 10665 10690 10735 10827
3126 1498 3085 4029 4819 5363 5427 6201 7558 8119 9427
3127 31 39 63 144 557 954 970 1277 2145 4010 5452 5681 5692 6164 6276 6329 6378 6514 6603 6875 7597 7956 8269 8769 8866 10235
3128 6365 7737 9510 9543 9640 9732 9943 10301
3129 4994 5525 5743 6798 8826 9480 10030 10907
3130 2201 2621 2659 2671 8351 9257 10512
3131 662 664 1588 2555 3071 7577
3132 196 476 1036 1105 1146 1181 1285 3995 4040 4509 5236 7340 8962 9493 10291 10434
3133 919 1267 2286 2302 2564 3056 3603 4340
3134 157 166 476 1147 1994 2015 2227 2288 3085 3096 5886 6193 6894 7081 7204 7362 7606 7637 8276 8529
3135 857 2838 2945 6229 6470 8439 9494 10454 10575 10902
3136 2148 2758 2926 8205 8896 8933
3137 2252 2542 2605 5726 6279 6336 6972 8389 9485 9530 10243 10297 10892
3138 74 78 226 309 338 343 447 846 902 1268 1631 1711 1764 1987 2049 2583 2619 2658 2659 2762 2899 2908 2911 2973 3232 3501 3562 4381 4578 4812 4841 4862 4952 5053 5289 5478 5482 5660 5919 6021 6042 6070 6368 6390 6431 6635 6867 6962 6981 7056 7093 7131 7246 7299 7375 7415 7419 7462 7536 7586 8069 8263 8273 8292 8485 8568 8767 8775 9209 9294 9424 9819 9821 9851 9895 9932
3139 7503 8976 9155 9327 9510 9574 9739 9865
3140 738 2251 4097 5421 5633 5927 6052
3141 4620 5673 6870 8222 9169 9216 9781 9934 10070 10327 10388 10390 10666 10836
3142 150 4799 5424 6103 7976 8325 8353 8406
3143 669 705 1910 2072 2126 2150 2352 2482 2965 4010 4157 7731 8189 8432 8496 10879 10893
3144 582 1013 2433 3037 3048 3615 9445
3145 5 1109 1284 1428 1857 2584 2586 2680 2683 2711 3866 5876 7330 9405 10273
3146 3085 7651 10124 10291 10548
3147 1975 2848 4501 4601 5058 5675 5684 6225 6354 9642 9722 10051 10156 10967 11007
3148 1447 1499 1647 1691 1739 1747 2408 3560 4283 4626 4880 5849 5965 6004 6364 6480 7176
3149 2435 2489 4374 5097 5520 5775 7212 7232 7376 7753 10340
3150 2014 5481 5605 5980 6019 6037 7026 7107 7914 8839 9219 9840 10129 10577 10780 10820 10827 10951
3151 3053 3081 3082 3083 3096 4390 4494 6926 7230 7688 8236 10124 10125 10408 10410
3152 2268 6668 8866 10248 10350 10446
3153 215 796 1342 1665 1760 1841 1884 2158 2187 2317 2790 2987 4357 4780
3154 266 447 850 1447 1636 1641 1714 2312 2345 2407 2834 2849 2864 3062 3212 3231 3321 3810 3961 4305 4370 4556 4607 4636 4789 4849 4886 5090 5112 5142 5236 5407 5428 5741 5768 5843 5887 5898 5916 5923 6004 6021 6103 6122 6187 6228 6308 6320 6408 6432 6460 6486 6527 6544 6597 6763 6800 6881 6882 6923 6954 6957 7007 7010 7020 7044 7093 7156 7212 7234 7237 7259 7376 7402 7411
3155 330 3747 3776 5269 5508 6085 6245 8728
3156 106 252 280 1241 2715 6822
3157 920 926 1027 1096 3155 4653 9758
3158 2189 2245 7466 7823
3159 1134 1670 1959 2514 2630 6244 6383 7004 7382 7689
3160 1678 3711 3897 10770
3161 43 225 2936 5509 5539 5610 5642 5714 5720 5898 5922 5948 6167 6341 6405 7201 7275
3162 1470 2553 3567 4514 5488 6356 6696 7301 7556 7909 8757 10956
3163 157 525 617 708 1171 1393 1670 1968 1981 1982 2383 2393 2394 2435 2476 2521 2639 2650 3703 5236 5775 5893 5904 6013 6035 6193 6597 6923
3164 284 3305 4685 5032 5105 5175 5834 6518 6771 6917
3165 225 432 509 1371 1558 1764 1843 1846 1877 2779 2834 3212 3633 4370 4886 5245 5691
3166 890 1133 1387 4331 8791
3167 107 1174 3025 3461 5272
3168 506 660 5676 6103 6533 7133 8150 8616 9031 9073 9442 9739 9815 9882 10240 10463
3169 34 4964 7142 8064 8083 8875 9100
3170 1120 5693 7094 7497 7736 8468 9124 9652
3171 463 661 2319 2456 4441 6441 6846 7879 7910 7918 8049 8425 8608 8876 9045 9485 10449
3172 3143 3242 3357 3615 4368 4928 5988 6000 7066 7097 7364 7574 8453 8553 9119 9442 9739 9998 10450 10463 10508 10791 10808
3173 139 505 1365 1475 2149 2207 2392 2400 2401 2402 2537 2867 4167 6131 6193 10190
3174 471 591 606 2802 2834 3478 4616 6743 6816 6925 6959 7065 7204 7220 7334 7424 7436 7531 7666 7744 7831 8217 8253 8464 8507 8522 8601 8660 8679 8779 8898 9075 9108 9321 9373 9375 9415 9432 9447 9469 9574 9608 9688 9708 9724 9909 9922 9973 9991 10022 10029 10076 10117 10150 10174 10234 10351 10394 10401 10426 10442 10512 10515 10519 10608 10778 10795 10970
3175 0 1133 1300 5081 5635 5886 5954 6201 6328 6384 6505 7200 7509 7624 7626 7670 7840 8033 8308 8587 9228 9231
3176 72 307 354 447 1432 2216 2909 4730 5222 5285 5293 7581 8297 8351 8642 9220 9549 10072
3177 391 914 1044 1282 1561 2863 3338 4174 4987 5578 6363 7028 7326 7363 7663 7682
3178 2398 2399 3154 3155 10175
3179 5500 8982 9226 9855 10332 10417 10437 10532 10533 10581
3180 1014 1336 1484 6052 9019 9117 9301 9604 9630 9680 9796 10178
3181 2 587 4943 5578 8388 8640 9136 9291 9303 9407 9449 9535 9661 9794 9897 9996 10067 10115 10226 10377 10404 10461 10640
3182 4401 4799 5424 8618 9385 9400 9762
3183 38 987 997 1026 4446 4676 5419 6988 7670 8336 8385 8425
3184 1407 1820 1892 2143 2290 2698 2699 2943 3090 3416 3789 4010 4099 4916 5337 5898 6201 6329 6363 6567 6603 6662 7278 7424 8389 8823 10519
3185 274 278 413 828 1638 2659 2861 2870 2937 2957 3469 3618 3958 3977 4518 4628 5057 5283 5407 9199
3186 5507 8065 9344 9568 9624 10129
3187 1914 6284 7548 8054 8432
3188 520 583 603 616 675 1271 4038 4040 4114 4362 5775
3189 1621 2150 2287 3147 6496 6555 6807 7174 7195 8792 8884 9386 9407 9678 10488
3190 2419 2863 5690 9059
3191 192 938 1019 1122 1201 1202 2465 2531 3285 4312 4326 7943
3192 5714 8157 8186 10268 10751 10778
3193 197 599 1281 1387 2666 2746 2987 5384 6192 7425 8110 8443 8820 9812
3194 1209 1715 1763 2166 2167 2323 2326 3086 3138 4463 4839 6536 6615 6880 8844 9023 9237 9239 9327 9682 9888 10150 10215 10445 10483 10485 10512 10526 10558 10696 10811 10860 10880 11003
3195 10 92 142 738 1044 1311 1346 1347 1363 1407 1489 1490 1533 1543 1557 1661 1662 1685 1689 1702 1870 2180 2189 2230 2264 2360 2377 2393 2394 2445 2462 2806 2834 2860 2867 2926 2943 2961 3110 3465 3995 4050 4135 4273 4312 4328 4420 4639 4786 4919 5032 5044 5117 5264 5299 5598 5752 5837 5873 5876 5905 5949 6013 6035 6067 6108 6109 6158 6234 6310 6337 6354 6358 6369 6376 6415 6427 6596 6728 6786 6808 6837 6884 6920 6930 7029 7135 7195 7260 7373 7398 7403 7500 7583 7710 7742 7743 8076 8187 8317 8516 8599 8618 8914
3196 1412 1522 7270 7662 10571 10972
3197 454 517 833 1466 1538 2832 4506 4955 4995 6462 7032 7321
3198 120 124 131 163 292 519 615 799 801 1154 1489 1490 1758 2271 2489 2497 2521 2716 2730 2768 2778 3051 3146 3549 4018 4360 4469 4609 4704 4823 5185 5433 7774
3199 395 2945 3626 3933 5423 10491
3200 22 317 8074 9719 10531
3201 2525 4747 5829 5986 6032 6300 6410 9783
3202 9 80 214 698 699 1504 1751 1752 1845 2834 2851 2852 3085 3096 3113 3252 3453 3480 3537 4051 4149 4331 4414 4714 4777 5512 5650 5788 6316 6984 7092 7121 7178 7357 7384 8220 8456 8508 8629 8729 8841 8888 8947 9092 9201 9331 9504 9621 9639 9843 10221 10379 10439 10779
3203 1311 3743 3832 3842 7761
3204 7461 7698 7742 8901 8958 8980 10035 10258 10753 11025
3205 1558 2700 3723 3784 8091 8188 9637 9980
3206 2578 8268 8365 8513 10387
3207 6665 6747 7179 8864
3208 225 531 1683 1693 2189 3157 3197 3215 4370 4378 4735 6798 7577 7831 8309 8554 8716 8941 9117 10644
3209 4890 5903 7170 8615 9382 10175
3210 356 1907 1965 3135 3256 3286 4387 4653 4853 4889 5077 5525 5630 6840 7074 8676 9360 9758 10063 10644 10743
3211 225 232 4809 5019 5030 5254 5256 5374 5504 6460 7142 7172 10043
3212 627 1133 1862 6717 9042 9801 10255
3213 613 718 1001 1008 3454 3457 4074 4080 4224 4494 6578 9593 10998
3214 743 1282 1763 2311 2805 4513 4909 5156 5538 7587 8648 9531 9663 9666 10368 10495 10852 10874 10972 11016 11026
3215 5227 7793 8982 10291 10890
3216 29 57 58 72 74 78 172 226 264 265 300 301 302 309 310 327 336 347 348 350 378 427 428 449 450 600 601 625 724 834 901 902 1074 1103 1133 1200 1208 1260 1264 1268 1293 1348 1363 1384 1398 1487 1574 1575 1609 1631 1639 1646 1657 1720 1721 1728 1764 1843 1846 1903 1969 1987 2001 2221 2222 2240 2241 2281 2317 2371 2583 2584 2619 2621 2658 2696 2763 2772 2800 2808 2832 2838 2918 2959 3044 3116 3124 3182 3208 3215 3216 3224 3331 3346 3428 3431 3461 3482 3498 3522 3527 3808 3980 4025 4143 4197 4245 4285 4309 4370 4427 4433 4605 4811 4946 4952 4968 5095 5117 5201 5282 5285 5318 5508 5524 5578 5617 5654 5691 5772 5895 6068 6085 6112 6162 6201 6225 6229 6476 6810 6867 6940 6944
3217 146 352 355 357 511 701 879 944 960 966 2003 2185 2736 2865 2976 3392 3393 3447 3603 3613 4707 4935 6980 7148 7841 8593 8678 9735
3218 1342 4471 4711 10128
3219 383 2118 4399 4770 5227 5963 6160 6578 7879
3220 898 1325 1331 1371 1451 1481 1503 1541 1558 1641 1714 2640 2657 2671 2696 4266 4502 4891 4968 5095 5509 5691 6225 6342 6781 7048 7131 7406 7521
3221 23 65 93 214 216 661 1036 1113 1257 1470 1772 1838 1853 1923 1955 1971 2133 2150 2242 2243 2252 2286 2287 2303 2395 2405 2445 2459 2460 2528 2873 2954 2969 3081 3082 3083 3085 3086 3096 3549 3592 3910 3911 4013 4108 4476 4929 5384 5574 5741 5889 6033 6049 6363 6567 6668 6973 7389 7541 7554 7672 8167 8236 8389 8438 8575 8743 9065 9484 9575 9643 9715 10040 10049 10134 10235 10244 10475
3222 3618 4644 6622 6788 8134 8344 9503
3223 476 479 1391 1684 1919 5239 7564 9075
3224 142 259 500 526 571 615 626 631 710 723 795 1179 1187 1210 1214 1250 1273 1335 1433 1484 1499 1564 1663 1671 1674 1689 1734 1739 1758 1770 1817 1832 1912 1922 1946 1985 2007 2017 2069 2092 2217 2227 2294 2311 2553 2567 2568 2650 2654 2668 2826 2847 2972 3865 4580 4706 4815 5304 5359 5439 5629 5752 5802 5978 6216 6219 6226 6454 6492 6507 6819 6862 7146 7158 7161 7434 7500 7609 7748 8000 8194 8499 8620 8754 8926 9011 9251 9261 9417 9448 9516 9786 9966 10040 10259 10624 10698 11017
3225 1299 1300 8038 8191 9244 10867
3226 3448 3735 5335 6209 6431 8853
3227 3255 3657 3766 4029 5262 9712 10580
3228 173 1314 1557 2147 2301 5236 5511 5807 5906 8601 8943 8968 9237 9681 9688 9780 10675 10712
3229 4652 10088 10267 10517
3230 7933 8278 8561 8770 9067 9244 9404 9433 9482 9496 9526 9574 9624 9842 9953 10027 10578 10720 10787
3231 7541 7661 8531 8764 9241 9481
3232 2665 3082 8236 9604 11030
3233 223 644 2159 2386 3516
3234 2307 6160 7133 8330 9535
3235 229 263 266 310 385 625 893 894 898 1266 1432 1843 1846 2216 2345 2619 2621 2823 2922 2989 3142 3232 3952 4266 4592 4976 5026 5432 5477 6431 7048 7172 8097 8319 8980 9549 10215 10608
3236 26 60 89 438 519 808 1036 1077 1147 1314 1363 1447 1557 1623 1675 1677 1687 1756 1758 1842 1871 1905 1956 1994 2092 2096 2295 2312 2461 2471 2521 2537 2646 2811 2834 2926 2969 3079 3508 3528 3869 4038 4362 4423 4778 4849 5264 5775 5806 5815 5856 5886 5943 5987 6370 8254
3237 828 4972 8478 8812 9661 10417 11023 11032
3238 19 26 496 766 1311 1557 1558 1621 1710 1736 1868 2812 3138 3161 3222 3714 3967 4162 4423 4582 5609 5839 5912 6103 6291 6427 6465
3239 141 2501 3073 3176 3179 6000 9562 10684
3240 28 1363 1729 2399 3085 3154 3157 3354 3370 3390 4493 4494 4838 4915 5522 5963 6164 6993 7235 7527 7684 7744 8205 9115
3241 1208 1315 3059 6140 6285 6456
3242 5 160 552 792 987 1036 1077 1346 1660 1809 4046 5892
3243 1011 1096 1378 1566 2923 3268 4666 5963 6340 7245 7492 8795
3244 1683 3992 4726 9313 10279
3245 31 53 2143 6329 6386 6558 7026 7379 7551 8445 10325
3246 126 156 157 179 405 475 479 481 482 485 506 563 583 587 588 617 638 668 693 728 989 992 1029 1063 1064 1082 1089 1147 1157 1192 1210 1223 1228 1262 1271 1403 1404 1412 1440 1663 1700 1704 1842 1879 1912 1954 1966 2015 2096 2143 2157 2159 2200 2201 2207 2227 2286 2287 2393 2400 2435 2436 2437 2495 2514 2517 2523 2547 2561 2585 2630 2970 3081 3090 3099 3376 3453 3549 3877 4028 4085 4107 4167 4231 4298 4335 4339 4621 4678 5221 5535 5646 5810 5854 6154 6193 6279 6297 6336 7382 8206 11017
3247 4518 4886 5819 7001
3248 638 677 823 1994 2015 4922 5756 5828 5952 6103
3249 355 1085 2659 2920 2956 3744 4524 5550 9800 10753 10823
3250 1612 9702 10075 10563 10707
3251 41 2965 2976 10578
3252 1529 10253 10323 10327 10388 10486
3253 2447 2822 3073 3537 7458 8671
3254 1290 1446 3290 4729 4889 7509 7574
3255 2179 2392 2400 4167 6131 7998 8914 10495 10554 10592
3256 23 59 113 238 621 845 1647 1665 1930 1977 2039 2047 2090 2245 2468 2600 2605 2635 2643 2748 2966 2972 3185 3881 5998 6631 6687 6875 7305 8276 9228 10259 10350
3257 508 580 4815 6318 8168
3258 1812 8176 8793 10430 10469
3259 1131 3101 3557 3703 4040 4263 4366 6079
3260 280 299 308 312 313 318 321 323 324 334 338 986 1340 1387 1638 1711 1961 2006 2290 2332 2433 2473 2659 2899 3068 3207 3423 3511 3515 3944 4030 4053 4092 4249 4250 4253 4639 4655 4854 4974 5552 6273 6594 6782 7586 7939 8301 8389 9420 9782 9861 9925 9931 9975 10042 10060 10161 10318 10478 10724 10943 10951 10990
3261 269 1233 1241 1287 1479 1487 2189 2385 4124 6100 7333
3262 511 741 866 1237 1469 1473 1597 1825 1852 1938 1968 2045 2435 2521 2639 2665 2938 3139 3299 3309 3369 3683 3813 4286 4312 4313 4334 4340 4516 4789 4865 4918 5071 5146 5500 5535 5809 6105 6116 6387 6445 6463 6538 6585 6659 6756 6797 6823 7113 7139 7199 7264
3263 41 1453 2602 3162 7748
3264 307 1575 1646 1711 1843 2584 2763 4552 5073 5318 6179 6605 7415 8523 8854 9124 10424
3265 1843 4412 4478 5662 6568 6904 7276 7404 7444 8556
3266 238 633 1879 3646 4171 5452 8474 9560 10343 10460
3267 1036 7424 7636 8282 8666 8749 8836 8900 9114 9137
3268 1360 1550 2942 3770 4547 4574 4709 4905 4976 5026 5191 5478 5505 5640 6214 6294 6428 7020 7084 7095 7333 7555 7751 8141 8430 8984 9023 9099 9242 9293 9305 9438 9506 9838 10157 10205 10479 10558 10748 10811 10835 10860
3269 643 2432 2757 2935 3045 4009 4445
3270 31 45 1156 1200 1958 2266 2726 2881 2882 3097 3970 4004 4020 5578 5617 6032 7422 8335 9160
3271 878 3013 3014 3015 5208 5732 7780
3272 31 3550 8167 8330 8478
3273 3604 3663 5208 5411 5473 6160 6385 7026 7324
3274 1518 2417 3012 3033 3316 3397 3697 4088 4113 5600 5857 6110 6479 7404 8852
3275 1129 2100 3072 3154 7186 7235
3276 391 5449 7590 7592 7646 7751 7753 7901 8000 8002 8013 8023 8058 8064 8216 8508 8524 8538 8557 8580 8624 8779
3277 1558 2518 3023 3342 5126 5324 8531 8564 9526 9574 10010 10037 10553 10896 11031
3278 235 3427 5872 6121 6307 6669 6802 7317 7828 8139 8460 8826 9428
3279 35 459 615 1410 1597 1932 1938 1940 1952 2350 3048 3090 3631 4089 4814 4901 5102 5286 5378 6373 6682 6816 7006 8169 8691 8713 8749 9014 9486 9646 9832 10893
3280 1529 3830 6465 7957 8370 8867 10486
3281 1346 1347 1715 2207 3402 4886 5963 8205 9581 10423 10986
3282 2964 4636 5504 5730 5822 5898 5948 6103 6223 6269 6460 6585 6655 6661 6706 7020 7067
3283 23 2295 3128 5941 6579 6846 7079 7255 8621 8987 9578 9612 10249 10520 10855
3284 1325 2560 2584 3637 5285 7263 8853 10022 10871
3285 5815 8465 8988 9305 9334 9610 10277 10676
3286 41 982 1796 4403 4741 5986 7880 9526 10463 10545 10783 10787
3287 3050 5524 6600 7907 10919
3288 384 1905 1956 2556 2686 2726 2891 3053 3081 3082 3083 3084 3085 3154 3158 3274 4428 5134 6191 6363 7088 7326 7663 7684 8236 8254 8392 9074 9602 9880 10575
3289 290 838 2062 2540 2795 4117 5216 5749 7778 10923
3290 626 1440 1604 3096 3973 4597 6507 8776
3291 1426 3239 7457 7982 8554 8716 9109 9574
3292 60 696 979 1036 1091 1117 1188 1255 1256 1257 1258 1282 1520 1660 1700 1704 1838 1905 2118 2127 2525 2528 2572 2698 2701 3080 3538 4596 4653 4964 5866 5993 6555 6585 8205 8240 8254 9064 9758
3293 581 932 937 944 948 969 1311 1312 1579 1604 1638 1857 1939 2002 2108 2116 2143 2453 2457 2522 2597 2600 2734 3840 4260 4379 5041 5157 5351 5763 6150 6156 6274 6329 6720 6830 6875 7118 7320 7507
3294 5327 8216 9595 11008
3295 180 1096 1097 1125 1304 1572 1697 2073 2528
3296 838 1668 1999 4858 5741 8788 10178
3297 150 383 384 698 699 745 1487 1842 1905 1906 1913 1919 1923 1956 1989 2227 2290 2445 2514 2528 2563 2613 2636 2781 2939 3223 3407 3415 3485 3615 3955 4099 4115 4573 4584 4586 4653 4654 4917 5052 5190 5205 5526 5804 5983 6049 6567 6668 6840 7017 7382 8254 8389 8823 9758
3298 60 62 173 248 298 304 328 411 595 680 716 717 838 839 908 972 1044 1052 1063 1141 1144 1164 1169 1179 1191 1221 1234 1312 1394 1397 1467 1509 1535 1591 1601 1623 1888 1910 2134 2267 2305 2310 2321 2537 2540 2595 2614 2618 2627 2683 2688 2797 2823 2842 2844 2846 3395 3401 3449 3547 3692 3809 3898 3928 3973 3983 3993 4002 4064 4089 4215 4250 4254 4273 4279 4316 4357 4668 4754 4792 4852 5009 5102 5130 5697 5738 5831 5972 6027 6221 6246 6480 6595 6638 6724 6819 6829 6832 7122 7131 7192 7317 7469 7771 7827 8030 8053 8096 8111 8187 8327 8332 8432 8455 8500 8682 8746 8866 8867
3299 3296 8203 8977 9733 9817 10115 10133 10516
3300 400 1539 1575 1585 3407 4142 4764 5133 5564 5637 6365 6600 6657 6971 8300 10356
3301 75 299 304 428 491 516 640 1133 1238 1293 1539 1575 1714 2066 2617 2621 2798 2832 2845 2912 3182 3677 3680 4076 4077 4755 5001 5095 5181 5521 5625 6068 6368 6628 6962 7462 7504 9174 9364 9393 9416 10943
3302 1572 4331 4653 9098 9099 9758 10183 10423 10548
3303 212 1631 1638 1711 1717 1720 4976 5026 5117 5445 5677 5716 5946 6239 6405
3304 625 680 716 717 899 1655 1843 2742 2886 3308 3479 3991 4516 5363 5482 6897 7971
3305 745 1763 1923 3536 4370 4461 4642 5138 5149 7029 7730 8205
3306 85 109 1805 2299 4184 4191 5236 5699 5806 6076 6176 6511 6684 8019 8514 8704 8815 8890 9104 9133 9277 9329 9485 9575 9643 9677 9715 10066 10235 10350 10362 10386 10426 10430 10460 10495 10549 10596 10691 10772 10779 10827 10834 10840 10924 10938 10951 10967 10998 11016 11020
3307 142 613 970 2419 2787 3085 6329 6517 9484
3308 1096 4642 4719 7420 9504 10213
3309 563 6776 8811 9166 9167
3310 41 271 772 776 788 1336 1453 1660 3728 4569 5283 6272 8472
3311 5 269 331 354 387 391 454 509 920 922 923 926 941 1027 1194 1503 1638 1641 1684 1743 2753 2808 2845 3332 4115 4520 4628 4735 4857 5236 5691 5898 6112 6170 6325 6461 7012 7854 8217 8431 8474 8601 8977 9089 9114 9239 9705 9938 10005 10430 10454 10512
3312 510 1859 2038 2402 2525 2758 2802 3291 3402 3466 4153 4351 4410 4432 4946 5211 5408 5538 5650 5663 5743 5973 6032 6296 6363 6567 6796 7133 7384 7784 8361 8451
3313 216 499 606 873 882 2294 2469 2686 3550 3690 4777 5060 6201 7416 8435 8747 8803 9050 9261 9282 9409 9484 9485 10554 10576 10701 10745 10789 11035
3314 4064 4135 9486 10537
3315 2320 3353 4387 4573 4584 5555 10389
3316 331 708 1097 1521 1674 1812 1968 2150 2323 2391 2393 2400 2401 3070 3071 3139 4167 4918 10005 10512
3317 346 2680 3524 4002 5181 6025 6288 6405 6431 6480 6508 6611 6627 6680 6745 6764 6849 6850 6889 7056 7131 7332 7410 7421 7530 7999 8069
3318 6483 6597 6923 9844 9999
3319 3208 6674 7619 8824 9432
3320 650 983 5564 7661
3321 2445 5963 8455 8481 8713 9189 10168
3322 600 3481 3633 6670 6984 8350
3323 2423 3962 3963 8034
3324 51 2181 2928 3277 4594 4894 4908 7744 8875 9543 10029 10042
3325 32 235 275 1763 2317 2326 3063 3342 3905 4099 4108 5126 5378 5408 5650 6076 6121 6293 6999 7355 7560 7732 8074 9005
3326 6340 7740 8497 8770 9062 9574 10787
3327 5336 6534 7355 8531
3328 806 1968 1994 2015 2082 2639 5032 5237 5433 5500 5731 5809 5934 6013 6116 6197 6263 6327 6359 6483 6551 6922 7522
3329 8666 8871 9239 9320 9338 9423 9520 9709 10514 10515
3330 346 473 679 2285 2414 2417 2419 3034 3045 7755
3331 386 388 525 549 553 561 942 1314 2483 7343 8799
3332 6828 7339 9151 9803
3333 1393 1620 1871 1968 1999 2054 4119 4313 5330 5770 6197 6399 6458 6739 7519 8086 8291 8464 8540 8763 9072 9101 9187 9695 9855 9903 10252 10281 10857 10873
3334 1375 3085 5200 5762 6623 7515 8476 10890
3335 168 478 490 587 1147 2295 2297 2304 2305 2703 3070 3071 3897 3902 3913 4107 4109 5258 5997 6625 6637 6638 7232 7432 9044 9874 10447
3336 1489 1490 4901 6160 6212 7158 8640 9505 10930
3337 35 591 738 2323 2618 4179 5113 7469 7805 8629 9795 11015
3338 498 845 2316 2347 2408 3997 6284 7406 8379 8520 8963 9071 10371
3339 375 2677 3273 5204 6201 7200 7218 7431 8896 8975 9043
3340 40 76 229 263 304 346 408 491 894 1133 1846 2345 2989 3513 3514 3515 6335 6584 7617
3341 4 7769 8363
3342 1240 8110 8646
3343 36 60 140 274 332 1152 1153 1363 2668 2759 3085 3235 3364 3613 3687 4653 5239 6401 8712 9735 9758 9805
3344 10542 10578 10607 10787
3345 601 4587 7273 7527 8976
3346 2287 4080 4108 9042
3347 3057 3267 9713 10207
3348 1283 1284 2158 3482 4092 4127 4589 5082 5642 5711 5930 6717 6743 7078 7363 7459 7581 7720 7740 7791 7819 8110 8666 8810 8828 9376
3349 2006 3617 3982 8478 9373
3350 543 632 1219 1660 1830 1892 2393 2398 2547 2726 2926 3069 3221 4080 4190 4349 4540 4594 6033 6395 6549 6723 7446 7533 7640 7744 7879 8424 9149
3351 190 380 391 1277 1364 1447 1533 2217 2235 2287 3132 3748 4040 4120 4590 4886 4976 5026 5182 5242 5730 5775 5963 6103 6288 6348 6389 6457 6460 6502 6521 6533 6583 6585 6617 6747 8064
3352 579 3144 3549 6160 7849
3353 2160 5977 6671 6966 7151 7378 7684 7773 8199 8915 9104 10421 10485 10811 10992
3354 162 763 1044 1079 1927 2283 2519 2520 2618 2812 2860 3205 3235 3613 3643 3783 3864 4661 4944 5950 5996 6601 7006 7469 8535 8849 9735
3355 518 549 918 1412 2525 5363 8264 9349
3356 600 601 1828 1990 5327 7891 8692 8976 10877
3357 2286 7944 8674 8692 10404 10434
3358 470 506 1282 1959 2018 2159 2201 2392 2678 3275 3871 4612 6131 7561 10591
3359 509 1558 6262 9102
3360 278 843 2953 3288 3616 3736 4416 4751 5450 5534 5570 5872 5922 6040 6066 6428 6692 7029 7036 7044 7874 8105 8134 8517
3361 10528 10562 10588 10787
3362 6364 6694 6775 7774 8285
3363 5691 6342 6431 6802 6806 6820 6892 6939 6960 7012 7158 7209 7246 7263 7317
3364 1688 2349 2407 3476 4590 4930 5741 6432 6460 6561 7328 8731 9024 9028 9155 9164 9760 9764 10153 10215 10371 10547 10657 10662
3365 35 212 2481 2537 2561 3155 5002 5634 6918 7053 7125 7222 7389
3366 429 1683 2287 2832 2893 3748 7631 9548
3367 3155 3538 3885 8506 8640 8990 9177 9761 10150 10153
3368 144 954 1909 2537 3135 3261 5698 6705 7166 7308 9268 10419 10660
3369 7486 7857 9400 9688 9790 10038 10264 10294 10468 10495 10915
3370 93 94 96 98 99 105 115 146 190 228 249 273 297 299 403 417 426 464 479 493 593 627 673 752 753 838 854 858 881 942 943 945 946 952 960 967 973 1022 1052 1182 1258 1311 1324 1453 1465 1467 1483 1509 1593 1604 1647 1788 1848 1949 1951 2062 2093 2104 2105 2121 2129 2163 2435 2436 2444 2470 2476 2484 2489 2561 2599 2602 2733 2981 2985 3008 3041 3080 3085 3096 3238 3245 3257 3289 3316 3424 3426 3443 3521 3549 3593 3661 3666 3667 3689 3690 3700 3720 3767 3821 3828 3837 3840 3845 3894 3987 4005 4028 4088 4113 4168 4254 4359 4486 4511 4559 4626 4711 4882 4974 5022 5039 5070 5084 5096 5135 5217 5298 5337 5438 5512 5656 5795 6266 6288 6353 6516 6534 6572 6693 6901 7119 7288 7729 7957 8468 8565 8932
3371 182 269 354 450 454 1282 1335 1686 1756 1762 1969 1997 2008 2035 2042 2741 2891 2959 4106 4187 4370 4397 4417 4894 5681 5918 6195 6340 6591 6670 7321 8216 9012 9880 10899
3372 139 199 412 415 630 903 1778 1779 1787 1809 2101 2144 2204 2293 2304 2877 3422 3631 3884 4279 4484 5878 8334 9362 9646 9941 10136 10139 10262 10832 10856
3373 1882 4142 4865 5505 5743 6435 6718 6891 7188 8670
3374 153 795 1077 1179 1199 1778 2540 3141 3558 3688 5168 6572 7111
3375 571 638 2248 3917 6445 6670 7154
3376 530 1133 4495 5964 6305 7211 8344 8397 10174
3377 35 719 3402 3876 3881 3891 4217 4636 4937 5279 5292 5540 5541 5600 5681 5754 6898 7547 7565 7879 7968 8268 8789 9031 9077 9210 9288 9309 9394 9434 9475 9515 9534 9579 9617 9650 9687 9698
3378 547 616 1101 1146 1673 1966 2054 2287 4946 5620 6131 6345 7152 7898 9295 9685 9695 10426 10468 10829
3379 78 190 265 736 738 1264 1293 1501 1638 1688 1903 2899 2902 2911 2989 3182 3497 3499 3958 4115 4630 4897 5103 5474 5528 5569 5586 5599 5642 5741 5959 5960 6036 6045 6049 6056 6236 6295 6754 7058 7374 8653
3380 23 216 991 1039 1062 1077 1189 3546 6514 6609
3381 251 3325 4379 5408 8890
3382 1148 1600 5360 7952 8198 8239
3383 5041 5467 5681 6846
3384 1823 4521 7616 9607
3385 323 324 352 1158 1814 1815 2687 4083 5053 6214 7497 8358 9118 9314 9483 9679 9702
3386 206 1101 2692 3897 6637 6638 7702
3387 918 2501 2538 2541 3410 3412 4397 5015 9136 9754 10110 10280
3388 1363 2445 2468 2726 3086 4894 6967 7017 7895 8836 8884
3389 834 6615 7052 7831 7977
3390 598 2176 2395 3673 6130 7004 10049 10976
3391 235 2621 2690 3207 6121 6788
3392 73 692 3101 4508 5047 5848 6224 6559 7168 7928 8071 9312 9784 10146 10297
3393 1422 2356 3078 3904 4411 5653
3394 528 1578 4951 6274 6504 6980 8372 9392
3395 5200 7892 8272 9369 9463 9526 10899 10907
3396 652 980 983 4865 4889 5753 7937
3397 145 463 936 2060 3463 3869 5047
3398 299 2659 3936 4147 5016 6232 9360
3399 2461 5726 6943 7306 7749 8076 8496 8513 9486 10919
3400 794 908 1027 1221 1502 2105 2116 2420 2699 3124 3288 3742 4312 4384 4668 5546 6384 10923
3401 463 466 1177 1322 2731 3268 5371 5384 5517 5563 5578 5704 6400 6474 6612 6640 6674 6715 6840 6894 7028 7204 7441 7450 7521 7606 7682 7915 8022 8038 8061 8110 8219 8765 8798 8837 8884 9090 9172 9261 9357 9535 9880 10526 10840
3402 387 737 800 1968 5323 5629 5752
3403 1473 1905 2286 2393 2394 2676 2777 2778 3085 3546 3688 3708 4609 4892 5433 6088 6139 6500 6572 6875 8254
3404 41 192 4325 5337 5404 6219 8677 10320 10873
3405 3044 3358 5564 6384 8626 9727 10111 10115 10483
3406 849 1987 3206 5201 6179 7626 7776 8314 8854 8862 9821
3407 521 898 1133 1326 1833 1912 1960 2013 2279 2339 2407 2540 2562 2661 2726 2883 3076 3095 3130 3532 4006 4139 4957 5086 5674 6037 8064 8443 9812 11017
3408 719 916 1221 1567 1598 1799 1890 1924 2435 2450 2457 2719 2974 3066 3264 3402 5386 5691 6000 6876 6983 7152 7787 8016 8020 8375 8797 8885 9277 9355 9442 9537 9543 9713 10063 10072 10139 10241 10530 10743
3409 999 3077 3490 5505 5603 9006 10453 10607
3410 1311 1312 2775 5168 5779
3411 371 847 859 1017 1137 1348 1663 1680 1770 1800 1811 1871 2217 2235 2270 2292 3147 3561 4324 4411 4722 4783 5137 5188 5442 5572 5628 5867 6003 6544 6632 6923 7540 7998 8217 8347 8458 8765 8809 9073 9114 9283 9396 9512 9540 9641 9665 9717 9755 9882 9969 10193 10219 10223 10233
3412 513 2284 3340 5105 6798 7380 10340
3413 156 1114 1578 2270 2294 2554 2588 2643 3094 4160 4194 4426 4864 4979 7117 7330 8256
3414 4071 4311 6550 8447 9244 9386 9404
3415 300 780 782 788 3197 3672 3784 3931 4919 5954
3416 1638 7589 7740 7949
3417 34 53 873 1147 2268 2605 3812 3904 3989 5653 5699 6139 6224 6329 6382 6399 6554 6699 6965 6988 7366 7473 7488 7552 7909 8086 8162 8220 8435 8597 8758 8956 9395 9409 9456 9935 9972 10143 10473 10643
3418 91 173 399 409 755 937 1147 1704 1905 2452 2526 2668 2882 2975 3685 3821 4004 7514 7810 8254 8921
3419 1195 9808 10338 10588
3420 54 244 247 829 917 922 929 946 1011 1038 1106 1161 1239 1270 1289 1302 1311 1317 1455 1461 1491 1566 1592 1599 1600 1648 1946 1950 1957 2091 2097 2105 2108 2130 2268 2290 2417 2452 2544 2933 2957 3166 3238 3330 3389 3450 3486 3502 3602 3611 3663 3664 3665 3670 3755 3765 3828 3832 3979 3998 4028 4222 4443 4461 4474 4666 4683 4865 4899 4954 5233 5268 5526 5741 5954 6090 6251 6305 6322 6347 6398 6423 6504 6674 6941 7096 7489 7984 8235 8239 8389 8550 8712 9180 9637 9667 9805 10201 10489 10859
3421 3380 4950 4961 5293
3422 1113 1257 4790 7578 8240 8285
3423 2661 3182 3209 4644 5599 10552
3424 280 844 3497 3499 3512 3515 3516 3517 3531 4861 5420
3425 469 2433 4653 5190 5665 6615 7142 8205 8844 9026 9082 9327 9461 9543 9678 9758 9924 9964 9998 10132 10280 10306 10509 10526
3426 1087 1129 7558 9800 10304 10327
3427 2790 3925 5972 7575
3428 2130 2455 7305 7439 7571 7583 7713 7749 8530 8573 8791 8876 9291 9419 9485 9516 9604 9995 10146 10542 10596 10696 10779 10891
3429 901 1892 2358 2368 2642 3141 4407 5197 8823
3430 1393 1473 1533 1994 2063 2079 2383 3139 6053 6096 7168 7381
3431 286 872 1272 1521 2398 2399 8868 10330
3432 288 393 718 793 1214 1579 1604 1623 1778 1780 1910 1912 1932 2000 2450 2540 2724 2790 3352 3710 4597 5042 5157 5528 7774 11017
3433 21 976 1425 1942 4346 7340 8084 8423 8476 8616 10336 10443 10551 10635 10756 11027
3434 8548 8672 8770 9480 9888 10676 10699 10867
3435 489 636 1725 2408 2686 2731 3997 4122 4146 4341 4528 4592 4649 4735 6341 9812 10953
3436 216 1882 1939 3042 3374 3435 3550 4883 6302 7738 7872 9068 9106 9355
3437 3535 4953 5068 5796 7235 8368 8676
3438 157 183 585 607 638 645 658 1252 1675 2125 2191 2335 2354 2389 2393 2394 2523 3139 3163 4825 6015 6193 6424 6477 6898 7135 7383 8034 8423 8599
3439 1902 2589 6154 6578 9070 9109 9241 9427 9432 9532 9989
3440 979 4575 5963 7357 7526 8295 8964 10441 10718 10903
3441 1209 2535 2620 3071 3289 4457 4839 5601 5886 6082 6083 6332 6487 7036 7310 7675 7869 8125
3442 580 1936 3801 10879
3443 1379 4279 8581 9779
3444 4684 5038 5090 5112 5169 5236 5448 5823 6103 6483 6530 6923 7212 7539 7998 8051
3445 224 765 775 1546
3446 1617 2189 2726 4509 5330
3447 831 3731 4529 5208 6010 6038
3448 1277 5334 7962 8178
3449 405 513 616 749 864 869 1970 2403 2537 2692 2988 3953 4073 4608 5810 7304 7399 7913
3450 87 102 2114 2185 3154 3312 3414 3477 5939 7017 7066 7574 8300 9841
3451 925 932 937 2272 2333 2706 2766 2873 2954 3085 3090 3094 3096 3433 3435 3436 3437 4214 4259 4272
3452 1400 9282 9642 10067 10243 10248 10290 10345 10384 10419 10487
3453 5 391 414 453 479 738 811 975 1044 1109 1144 1173 1221 1335 1743 1760 1905 1943 2227 2228 2288 2456 2462 2659 2837 2962 3042 3085 3154 3155 3549 3756 4653 4654 4914 5525 5876 6119 6668 6798 7180 7186 8254 8395 9758
3454 466 4915 6435 10196
3455 600 4756 5204 6328 7463
3456 239 2711 2989 3952 4863 5514 6512 7030 7762 8233 8314 8733 9557 9602 9653 9885 9896 10003 10107 10110 10187 10866 10871 10991
3457 238 279 397 465 466 533 598 613 881 919 933 999 1025 1097 1108 1133 1156 1172 1177 1208 1322 1637 1837 1838 1840 1912 1953 2150 2227 2286 2287 2307 2329 2352 2404 2490 2516 2517 2524 2529 2668 2955 3075 3085 3093 3097 3117 3154 3155 3219 3608 3634 4061 4263 4320 4463 4567 4598 5817 6114 6201 6511 6519 6993 7097 7285 7471 7515 7528 7649 7937 8344 8677 9035 9132 9261 9873 9905 10458 10471 10543 10854 10976 11007 11017
3458 3218 3221 5563 6328 7790 9432 9682 10383 10483 10489 10526
3459 3004 6112 9667 10657
3460 238 597 926 1044 1139 1154 1195 2360 2430 2594 2635 2789 2990 3407 3447 3544 4021 4351
3461 238 2934 2955 3618 4358 6622 6677 10614 10877
3462 84 384 391 515 694 934 999 1152 1153 1282 1303 1555 1686 1900 2519 2520 2668 2926 3536 4399 5634 5650 5743 5841 5963 6031 6511 6668 7054 7414 7612 8205 8253 8629 8824 9153 9499 10530
3463 5 53 383 1200 1769 2293 2884 4615 4727 4729 6049 6663 7349 7414
3464 2720 5958 9757 10214 10344 10425 10454 10647
3465 226 406 2216 5285 5533 5673 5772 6021 8452
3466 485 603 617 970 1133 1208 1310 1311 1407 1509 1736 1968 2227 2394 2521 2846 3085 3364 3977 4115 6154 6585 6724 6941 7399 7835
3467 62 241 244 246 247 248 880 1302 1311 1461 1465 1491 1602 1608 2071 2105 2110 2170 2412 2413 2414 2416 2417 2786 2787 3098 3124 3162 3660 3738 3743 3745 3761 3765 3837 3839 3880 4027 4028 4166 4334 4450 4623 4670 5262 5267 5576 5624 5707 5761 5868 6221 6251 6332 6423 6924 6941 7173 7215 7290 7880 8239 8372 8490 9059 9767 10486 10727 10807 10859 10968
3468 3824 6072 7139 8393 9381 9480 10332 10340 10804
3469 2732 3542 6430 6925 10816
3470 4759 7122 8299 9410 10145 10486 10642 10918 11033
3471 4492 6201 9328 9408 9771
3472 682 1059 1119 2406 4490 5335 6706 7600 8922
3473 2079 3689 4824 5780 5837 5941 6132 6761 6920 6929 7158 7168 7370 7567 9733
3474 1613 1987 8009 8461 9756
3475 5822 9407 9823 10236 10291 10396 10485 10801
3476 600 1642 1820 3237 4208 4409 8826 9462 9699 10037 10508 10531 10542 10727
3477 276 560 934 1292 1790 1796 1948 1978 1989 2837 3071 3268 3402 3633 4889 7457 7526 9106 9305 9682 9731 10140
3478 587 1271 1756 1882 2176 2363 2561 2784 3436 4159 4362 4489 5881 5979 6076 6082 7055 8180 8361 9027 9288 9777 9850
3479 7082 7319 7491 8011
3480 848 2815 2922 2949 3187 3308 3683 3786 3941 4007 4347 6396 8637 9754
3481 3025 6875 8334 8866 8905 9643 10362 10930 10945
3482 45 1295 4106 4847 6433 7275 8749
3483 5712 6828 8594 9002 9713
3484 1032 1447 1499 1992 5470 6035 6178
3485 928 2136 5273 9100 9688 10254 10472 10507 10552 10582 10679 10847
3486 3984 5593 7451 8759 10759
3487 3256 3267 3391 4853 7995
3488 1585 1668 2922 2945 3024 3058 3930 3972 4239 5483 7515 9445 10626
3489 297 326 327 336 572 576 736 1065 1132 1311 1599 1814 1815 1840 1927 1928 2175 2445 2527 2530 2569 2742 2845 2912 3479 3533 3680 3681 3766 3840 4077 4655 4746 4930 4944 5474 5925 6106 6897 6910 7057 7060 7159 7178 7217 7281 7418 7570 7617 7789 7809 7820 7846 7856 7857 7888 8009 8013 8131 8384
3490 6585 6726 6960 7142 7158 7387 7751 7807 8520 8679
3491 746 1544 1609 1858 2212 2746 3109 3968 4127 6539 7043 7054 7200 7561
3492 1332 1621 2668 3161 4596 5185 5947 5971 6834 6988 7750
3493 506 860 2179 2376 2678 2807 2890 3967 4320 5465 6692 7028 7376 8871 9542 10057
3494 2704 3210 7741 7747 8150 8668 8737
3495 1063 3888 3975 4306 4317 4711 6560 8232 8619 8858 8901 9481 9497 9601
3496 31 39 2659 3068 4049 6612 6670 10061
3497 329 349 429 1707 2013 3112 3148 4602 4605 4663 6870 7843 10454
3498 2227 3932 4487 4493 10298
3499 1106 3309 6784 7074 7714 8203
3500 1314 2051 2089 2127 2575 3497 3499 4978 5577 6073 9156
3501 1077 1660 3086 3379 4987 5755 7130
3502 218 476 484 485 585 587 590 617 629 911 1064 1094 1097 1252 1561 1970 1981 1982 2034 2270 2305 2325 2326 2355 2497 2585 2708 2714 2807 3320 3345 3658 3810 3832 3859 4150 4156 4258 4360 4372 4384 4497 4736 5068 5136 5282 5743 5786 5997 6079 6122 6211 6261 6437 6454 6503 6575 7053 7160 7170 7238 7269 7377 7380 7399 7518 7554 7651 7702 7831 7863 8194 8365 8702 8847 9255 9389 9619 9889 10369 10595 10636 10795 10899
3503 7818 9224 9532 9894 10088 10152 10517
3504 1027 1938 1940 3282
3505 7324 9073 9520 9705 10022 10415 10565 10651 10736
3506 499 500 501 563 2270 9165
3507 1096 2923 3550 5247 5815 6564 6614 7192 7954 8423 8441 8965 8988 8996 9015 9332 9350 9684 10020 10117 10300 10350 10419 10438
3508 250 1174 1615 1969 2042 2862 3426 5201 8300 8415 8468 10707
3509 860 1697 5563 6159 6905 7239
3510 1473 1659 2131 4641 6133 6264
3511 406 469 1063 2393 2726 2926 3490 4099 5637 5812 6268 7075 7200 8844 9889 10453 10474 10874
3512 6011 7745 8136 8814
3513 4380 4572 4728 5335 5781 6314 6484 6726 7337 7606 8139 8324 8596 8810 9062 9175 9682 9699 9760 9851 9924 9998 10086
3514 646 1111 2469 2830 3717 4171 4178 4224 6388
3515 3398 4693 5197 5660 6905 7983
3516 1289 1803 5829 6234 7670 8400 8503 8619 8896
3517 39 523 633 1165 2388 2726 2982 4108 4131 4493 4699 4802 4960 5525 5963 6136 6137 6792 6926 6955 7133 7214 7688 7731 8337 8674 8888 8907 9410 9519 9582 9804
3518 273 1546 1686 1758 2572 2698 2955 3084 3090 3092 3095 3098 3150 3154 3245 3449 3597 3977 4011 4457 4470 5055 5085 5245 5449 5481 5777 5925 6081 6083 6259 6788 6832 6941 6973 6983 7023 7032 7081 7118 7126 7131 7151 7176 7204 7328 7355 7406 7448 7471 7577 7584 8227 8239 8558 8627 8731 8745 9003 9141 9199 9237 9241 9300 9326 9329 9355 9444 9503 9536 9682 9762 9770 10483 10486 10517 10531 10545 10888
3519 41 2433 3171 3288 3298 4097 4751 4936 5847 5866 6734 6819 7377 7412 7818 7976 8048 8077 8151 8531 9901
3520 4540 8936 9021 9022 9293 9888 9979 10375
3521 391 999 1378 1607 1820 1961 2930 3218 3221 3254 3277 3336 3391 3981 4081 4687 5363 5398 5578 5817 6171 6176 6784 7081 7329 7527 8016 8108
3522 4865 8531 9990 10037 10850
3523 1600 2846 6130 6578 6616 6687 7011 7520 7737 7788 8003 8144 8196 8220 8333 8379 8461 8482 8524 8530 9466 10329
3524 3273 3537 8411 8824 10264 10517
3525 2350 3092 3910 5536 6154 9225 10474 10691
3526 781 865 6999 7578 9620
3527 203 380 404 442 489 627 843 1027 1253 1688 1772 2000 2024 2277 2385 2934 3239 3390 3707 3711 3961 4401
3528 966 1002 3404 4987 5505 10377
3529 3182 3208 4052 4397 5642 7619 7831 8233 8731 9203 9238 9326 9344 9457 9471 9510 9568 9622 9682 9683 9851 9943 9986 9989 9991 9998 10022 10037 10042
3530 3315 3469 5638 6285 6570
3531 1929 2583 2619 2658 5052 9166 9167 9168 9659 10067 10092
3532 3864 6707 8398 9628 9841
3533 708 2637 3163 3213 4721 4850 9892
3534 85 220 1154 1449 3575 7168
3535 1487 1543 1685 2180 3989 4328 6229 6282 6596 7208 9297 10298
3536 1066 1090 4370 4585 9653 10478
3537 383 1331 1447 1728 1878 2529 2780 3218 3225 4463 5108 5149 5211 5337 5563 6162 7028 7095 7160 7555 7696 8035 8671 10432 10453 10583 10588 10640 10741
3538 6247 6430 7831 9763 10389 10430 10608 10640 10657 11009
3539 18 688 1518 2307 2519 2520 3000 4238 5831 7488 9395 9464 9472 10137
3540 448 839 948 1968 2476 2646 5174 6937 7554 8895 10174 10591
3541 1472 1528 1714 2560 2823 2865 2922 2945 3169 3231 3993 4467 4506 4680 4863 5234 5553 5599 5720 5937 6167
3542 206 6863 8365 8528 9044
3543 314 2558 3004 6718 8810 10018
3544 1065 3224 5505 9494 10561
3545 1 388 638 934 1002 1805 1811 1839 1878 2025 2057 2058 2131 2153 2159 2179 2227 2286 2392 2398 2661 2731 2752 2877 2951 3092 3114 4260 4407 4964 5105 5866 5965 6131 6237 6411 6812 6902 7154 7230 7521 7774 8064 8226 8524 9545 10099 10386 10469 10503 10520 10591
3546 912 3279 8233 8733 9897
3547 2724 3253 3685 4111 8170 9342 9490 9718 9958 10033 10144 10200 10207 10380 10745 10827
3548 75 266 267 268 342 444 724 844 1656 1668 2045 2051 2370 2386 2640 3299 3507 3509 3511 3512 3515 3517 3523 3528 3531 3532 3860 3943 3972 4507 4555 4603 4789 4947 5179 5456 5702 5931 6368 6392 6417 6626 6678 6820 7429 7535
3549 468 1339 1586 4450 4717 7357 8631
3550 1447 1474 1499 1533 1636 1691 1696 1716 1726 1739 1758 1968 2280 3579 3853 4086 4607 4656 4866 5064 5164 5265 5355 5372 5416 5435 5520 5644 5679 5827 5897 6187 6364 6414 6573 6581 6665 6689 6698 6711 6857 6872 6883 6884 6954 7052 7176 7265 7418 7496 7540 7623 7636 7874 8185 8648 8734 9187 9512 9550 10233 10726 10784
3551 865 2276 6360 7210 8087 9620 10045 10137 10156 10243 10248 10249 10278 10290 10298 10330 10348
3552 931 1975 3267 4743 5787 6340 8964
3553 145 550 552 553 971 1133 1247 1633 1902 3124 4707 8134 8375
3554 429 1326 1638 2815 6867 7774 7999 9322
3555 1093 2507 2904 2905 7879 9575 9715 9785 10395 10824
3556 8327 9072 9623 9649 10658 10758
3557 3889 6840 7155 7202
3558 1105 1160 1285 1351 6263 6990 9977 10080 10447
3559 213 1353 1658 1670 1673 1758 1968 1994 2227 2521 2522 3088 3089 3163 3276 4423 5862 6329 6689
3560 1091 1704 1852 1892 2172 2429 2726 3027 4016 4710 4917 5465 7223 7343 7813 10602
3561 2180 2287 6154 6464 8300 9569
3562 652 1375 1664 2033 2622 2655 2668 2749 2806 3057 4222 4738 5185 5334 5638 5886 5947 6346 7245
3563 139 1147 1797 1812 1851 2364 2923 4099 4850 4894 6387 6445
3564 4351 4653 6573 6734 7090 8169 8325 8406 8779 8976 9327 9758 10170 10430 10515
3565 172 300 579 1100 8692 10088 10486
3566 7540 9139 9186 9218 9236
3567 855 2289 2384 3526 3686 3942 5744 5757 6301 6415 6948 7720 8102 8231 8737
3568 317 821 828 843 1713 2007 2366 2955 3077 3360 5139 5819 5846 6040 6162 7014 7029 7102 7185 7511 8157 8342 8414 8660 10519
3569 85 404 439 448 627 1528 2059 2245 3207 4332 4661 4763 4897 5158 5161 5168 5188 5348 5377 5407 5410 5449 5461 5479 5496 5537 5553 5598 5606 5664 5682 5801 5874 5927 6105
3570 2143 2144 2519 2520 4643 4990 8486 10772
3571 1969 1997 2008 2016 2042 4099 5866 6591 8575
3572 1015 1396 3349 3751 8299 8318
3573 6376 8995 9565 10008
3574 2248 2902 4789 5524 7999 8186 8640 10613
3575 267 3301 3497 3499 3512 3514 3517 4007 4302 5375 6044
3576 3484 8713 9189 9238
3577 1558 4729 5241 5767 6842 8176
3578 5247 7317 9535 9897 10161 10302 10371 10430 10608 10857 10887
3579 4926 5571 6619 7398
3580 64 150 160 524 549 556 759 1117 1118 1224 1275 3181 4169 6161 6822 7456 8607 9201 10398
3581 41 1950 2093 2094 4639 5928 6236 6256 8531 9604 10260
3582 143 222 672 926 934 4121
3583 364 802 851 1974 2023 2052 3164 3622 3816 4798 4860 6030 6124 6501 6833 7197 7303 7401 7929 7970 8637 10595 10620 10758
3584 595 752 984 1008 1432 1637 2683 8257 8288 8325 8375 8406 8708 9089
3585 3303 3332 3486 7014 7891 8766
3586 1044 1697 6202 7704 7741 7747
3587 16 17 29 30 31 45 48 52 73 75 76 78 87 245 267 270 275 281 296 297 299 300 302 303 304 305 312 313 314 315 316 319 320 322 326 327 328 329 330 331 336 338 339 340 346 347 348 351 353 354 355 356 357 358 384 387 391 392 398 400 406 408 412 415 423 424 427 428 429 436 444 451 455 458 472 473 474 486 491 497 516 521 529 541 576 594 595 605 630 639 640 664 665 666 694 725 732 734 735 736 738 751 752 753 832 834 838 876 877 884 889 893 894 901 912 934 955 960 972 979 986 995 1000 1004 1028 1042 1045 1046 1054 1067 1074 1084 1085 1097 1100 1103 1106 1120 1127 1132 1133 1158 1159 1165 1170 1178 1180 1183 1185 1208 1225 1229 1233 1238 1254 1263 1264 1268 1290 1293 1302 1311 1312 1317 1331 1335 1340 1358 1363 1387 1397 1410 1415 1417 1429 1430 1452 1471 1487 1488 1491 1509 1534 1541 1542 1552 1565 1574 1575 1580 1584 1585 1599 1606 1612 1613 1615 1629 1638 1639 1640 1644 1646 1728 1758 1760 1767 1768 1777 1782 1791 1792 1795 1798 1814 1815 1835 1836 1837 1843 1874 1877 1884 1900 1907 1969 1987 2104 2106 2107 2108 2109 2119 2122 2163 2164 2175 2179 2180 2222 2227 2238 2240 2269 2322 2360 2365 2370 2386 2394 2419 2445 2459 2460 2464 2484 2492 2510 2514 2527 2530 2538 2539 2562 2569 2570 2617 2621 2628 2631 2634 2636 2738 2756 2763 2800 2809 2815 2844 2848 2863 2881 2884 2912 2921 2922 2935 2939 2945 2949 2951 2960 2962 2966 2976 2981 2985 2996 3033 3037 3042 3043 3045 3058 3069 3085 3104 3112 3113 3116 3118 3157 3160 3167 3168 3209 3216 3224 3228 3241 3264 3266 3310 3320 3350 3407 3413 3414 3419 3421 3423 3424 3427 3428 3431 3432 3451 3460 3461 3465 3468 3474 3475 3477 3486 3497 3499 3502 3508 3512 3515 3521 3522 3539 3540 3569 3633 3643 3657 3661 3663 3667 3670 3671 3677 3738 3740 3742 3743 3744 3745 3753 3765 3775 3776 3827 3830 3832 3833 3834 3839 3842 3845 3846 3859 3885 3926 3930 3944 3945 3975 3980 4001 4012 4021 4023 4035 4037 4050 4077 4093 4099 4133 4141 4143 4144 4147 4151 4182 4183 4239 4245 4252 4288 4299 4301 4321 4332 4333 4337 4379 4409 4422 4423 4450 4484 4501 4524 4544 4561 4583 4585 4602 4604 4605 4611 4623 4625 4639 4653 4654 4655 4670 4690 4717 4729 4730 4747 4748 4760 4765 4791 4870 4874 4896 4910 4913 4916 4917 4935 4939 4949 4950 4954 4973 4982 5004 5015 5039 5063 5095 5134 5144 5163 5201 5206 5223 5239 5246 5255 5266 5272 5274 5285 5293 5317 5318 5326 5327 5335 5350 5360 5366 5375 5387 5431 5455 5474 5482 5483 5486 5508 5550 5551 5569 5578 5590 5621 5647 5709 5713 5715 5742 5761 5785 5797 5803 5829 5856 5860 5861 5886 5903 5963 6042 6085 6183 6189 6201 6229 6246 6267 6273 6300 6303 6330 6331 6332 6343 6353 6440 6470 6471 6476 6495 6504 6570 6584 6599 6600 6738 6759 6768 6770 6796 6836 6849 6873 6930 7074 7092 7097 7109 7167 7188 7288 7308 7338 7354 7364 7382 7426 7437 7447 7451 7478 7480 7541 7586 7618 7631 7776 7925 7942 7950 8021 8208 8279 8317 8318 8368 8395 8417 8461 8468 8545 8606 8619 8628 8800 8823 8862 8881 8907 8985 9086 9537 9548 9721 9722 9749 9758 9907 10005 10053 10071 10073 10097 10185 10244 10670 10697 10727 10883 10943
3588 2087 2283 6080 7165
3589 36 499 986 999 1910 2361 2551 4986 6273 9430
3590 1638 1740 3989 5034 5299 5741 7807
3591 7115 8724 9161 9599 10277 10306 10382 10434 10485 10510 10574
3592 7209 7643 7902 10190
3593 1435 1436 1478 2014 3008 3489 6154 7165 8088 10049 10892
3594 229 417 577 591 1319 1900 2156 2178 2242 2243 2279 2311 2348 2625 4370 4754 5379 5538 5905 6282 8408
3595 31 976 1127 1521 1923 2115 4108 4906 4953 5504 5979 6160 6684 6776 7033 7890 8196 8461 8610 9093
3596 338 341 901 1861 2284 2407 2897 6093 7498 7586 8832 10777 10943
3597 6737 6788 6832 6869 7007 7016 7396 7573 7794 8134 8150
3598 999 1486 2429 2914 2930 3358 3391 3404 3413 3439 3449 3625 4838 4865 4961 5403 5767 6201 7029
3599 140 464 2129 3463 8425 8575 9311 9648 10350
3600 3136 4474 5841 6880 7066 7574 10183
3601 6872 8339 8592 9672 10512 10640
3602 513 540 609 678 687 4335 4339
3603 1063 2290 3489 3538 3910 3911 6790 7717 8389 8839 10469 10470 10636
3604 225 232 265 451 939 1241 1266 1326 1371 1398 1451 1472 1498 1530 1550 1558 1609 1638 1641 1725 1868 1907 2192 2245 2265 2312 2408 2661 2731 2850 2870 2949 3031 3042 3184 3191 3208 3212 3231 3633 4051 4115 4285 4408 4572 4628 4630 4653 4747 4849 4889 4907 5013 5020 5356 5457 5504 5563 5599 5617 5627 5660 5672 5940 5943 5950 6011 6103 6223 6240 6341 6371 6419 6456 6827 9758 9908
3605 271 787 3017 3729
3606 152 923 2310 2355 2695 2753 3904 3963 4117 4811 5464 5653 6261 6695 6984 7186
3607 143 1860 2217 2719 8078
3608 264 449 636 638 677 1299 1300 1315 1334 1398 1498 1764 2192 2284 2705 2893 2989 3077 3138 3182 3184 3188 3212 3215 4241 4417 4735 5132 5335 5599 5762 6010 6048
3609 79 2117 2252 2268 2298 2462 2466 2710 2827 2837 4816 5030 5143 6119 6150 6341 6460 6819 8389
3610 710 1240 1334 1462 1587 2154 2255 2370 2372 2630 2667 2807 3225 3530 5251 5533 5743 6107 6218 6289 6655 6666 6691 6920
3611 23 1491 1623 1895 2269 2409 2413 2419 2420 2786 2870 3081 3820 4113 5674 5761 6221 6586
3612 60 1947 3252 5205 5525
3613 657 936 1435 3416 4636 4703
3614 3542 3546 4596 4699 5264 6923 7630 10499 10827 10923
3615 280 1711 1903 2281 2407 3952 4285 4592 4985 5053 5079 5478 5610 5706 5720 5895 5914 6037 6042
3616 216 1044 1109 1173 1221 1660 1689 3546 3549 4424 6195 6596 7831 8221 8375 9092 10430 10748 10923
3617 1201 1387 1488 1602 4511 4563 4828 6579 8030
3618 921 3535 3679 5866 10389 10808
3619 4370 4523 5238 5506 6091 6749 6838 7081 7555 7564 8374 9002 9075 9175 9327 9682 10279
3620 2903 3651 4227
3621 1905 2114 2528 8254 9083 9537
3622 34 2448 4750 6582
3623 446 557 732 942 990 1006 1041 1144 1179 1194 1534 1602 1628 1778 1779 1780 2113 2330 2332 2353 2426 2445 2462 2474 2477 2599 2609 2611 2790 2877 2954 3417 3762 3828 3924 3938 3973 4010 4035 4171 4224 4228 4247 4466 4625 4668 4699 5052 5097 5152 5574 5734 5739 5889 5902 5978 6058 6182 6215 6482 6903 6977 7125 7258 7329 9081 9139 9318
3624 3306 4108 6693 8344 8530
3625 9239 9522 9937 10065 10430
3626 5915 9720 9892 10291 10371
3627 1533 2052 2077 3062 3688 3941 4413 4619 4661 5100 5815 5976 6013 6521 8585
3628 0 2379 2556 4339 6650 8337
3629 17 6365 7097 7181 9162 9549 10552
3630 2392 2394 6131 6567 7740 8671
3631 560 980 1315 3142 5141 6784 7074 7526 9889
3632 2301 9785 9941 9994 10041 10055 10101 10119 10262 10294 10321
3633 7034 7374 7933 8278 8672 9127 9244 9574 9624 10867
3634 321 531 575 610 611 1095 1937 2433 2468 3185 3678 4030 4105 4249 4250 4251 5306 7443 7958 9171 9989 10067 10239 11031
3635 1918 1922 6573 7600 8871 9760
3636 214 1044 1660 1709 1769 1906 2149 2154 2235 2379 2503 2547 2650 2802 2848 2954 3045 3070 3369 3386 3401 3402 3412 3490 3768 4333 4483 4597 4796 4968 4982 5015 5413 5663 6323 6327 8335 8899 9337 9350 9422 9542 9643 10085 10350
3637 145 330 524 549 552 676 759 1326 1892 1902 2143 3094 3238 3336 3536 4509 4721 4931 5438 5578 5803 6001 6176 6223 6999 7200 7619 9323
3638 55 1241 6573 7807 7847 7985 9522
3639 52 5097 5767 6443 9002 10343
3640 366 987 997 2295 2878 3672 4060 4666 4797 5298 5300 6646 6988 7771 7909 8408 9046 9472 9546 9800 9831 9855 10023 10091 10143 10325 10326 10473 10500
3641 1146 1397 1623 1651 2269 2596 2796 4668 4778 7125
3642 145 439 515 553 1779 3436 4543
3643 179 2209 2210 3416 5741 8451
3644 2353 3096 3423 7189 7389
3645 3517 3933 4278 4820 4862 4904 5294 5481 5591 5800 5801 5931 5955 6004 6020 6278
3646 205 1458 2746 3711 4348 4778 9029
3647 19 648 5277 7165 9270 9483 9505 10284
3648 579 582 622 2532 4428 4447 9480 10411 10977
3649 878 907 908 1460 2913 3023 3124 3582 6010 6690
3650 157 1208 1315 1363 1390 1391 1774 2207 2659 3809 6798 7133 7154 7200 7365 8645 8844 9213 9491
3651 3806 4902 5289 5610 6375 6678 6697 6745 7002 7056 7093 7128 7375 7504 7581 8009 8202 8384 8391 8736 8740 8774 8816 8845 8883 8919 8920 8980 9216 9245 9339 9551 9822 9975 10187 10491 10608 10618 10708 10753 10823 10895 11013
3652 8673 8824 9809 10245 10512
3653 1796 3072 3228 3268 4520 4521 5438 7515
3654 944 966 2130 2501 2871 5670 8826
3655 143 215 958 1034 2756 3055 3087 3090 4108 5902 6288 6304 6417 6533 6569 6644 7278 7356 7591 7629 7654 8184
3656 3698 6590 9388 9503 9762 9770 10209 10320 10662 10731 10771 10897
3657 2882 7085 7643 7707 8042 8235 9344 10307
3658 945 1079 1302 1312 1887 1951 2219 2430 2432 2434 2932 3096 3311 3414 3549 3774 4293
3659 423 1435 4068 4074 6482 9490
3660 634 668 684 695 1369 1959 1998 2015 2201 2988 3100 4232 6892 7154 8376
3661 1447 1533 2245 4512 9005 10146
3662 456 3389 6586
3663 72 213 503 1575 1638 1969 4583 5293 5617 6179 6342
3664 1347 1637 2143 2592 4097
3665 5966 8150 10314 10877
3666 1852 1921 4460 6012 6192 6369 6472 6723 8762
3667 86 355 3361 4434 4586 4737 4881 5119 5595 5767 5790 5888 5933 7525 7614 9526
3668 867 1147 1421 1687 1866 2193 2293 2294 2295 2296 7774
3669 420 487 561 1763 5864 6982 7220 8068 10888 10962
3670 3096 3154 7684 9510 10616
3671 183 677 696 711 1186 1312 1370 1394 1841 2156 2355 2662 2689 2764 2896 3596 3633 3846 5130 5945 6261
3672 32 39 48 49 1108 5004 5862 5979 6898 8197 8220 8379 8461 8513 10262 10552
3673 21 550 3863 4721 7377 8041
3674 5505 5887 10482 10512
3675 5 65 1241 1829 2160 2288 2726 3067 3085 3096 3189 3197 4929 6363
3676 1735 2186 3510 3711 8194 9984 10504
3677 500 2207 3583 5528 6105 10933 10983
3678 4 31 273 947 965 973 982 1096 1147 1264 1534 1778 1780 1856 2150 2319 2352 2551 2556 2557 2581 2734 2915 2937 3068 3074 3124 3279 3803 4046 4441 4540 4652 5384 5743 5857 6466 6798 6830 7007
3679 1208 4435 5335 5645 6986 8631 10815 10915
3680 943 3620 6782 7977
3681 271 1579 1604 4129 5157 7306 8744
3682 26 1557 1760 1881 1884 3235 5683 6156 6612
3683 664 2930 2940 4121 4183 4674 5523 7123 7262 7531
3684 646 829 2933 3563 3803 6553
3685 1208 2621 3214 3234 9824 10593
3686 550 879 942 978 1521 2519 2520 2527 3252 4666 5438 6229 8088 8907 9491 10429 10629 10701
3687 674 3913 5929 6381 8801 9590 10340 10469 10631 10827
3688 229 428 857 1843 1846 2908 3515 4509 5524 8007 10761 10763
3689 54 888 1974 2398 4908 6585 7120 7507 8432 9341 10297
3690 317 2907 3238 3982 6384 9199
3691 140 157 190 207 222 464 465 499 500 501 533 563 564 565 566 567 1108 1109 1156 1165 1188 1393 1474 1671 1758 1770 1800 1807 1831 1837 1852 1869 1902 1959 1979 2217 2227 2235 2270 2341 2390 2396 2398 2399 2555 2556 2659 2684 2724 3067 3070 3225 3245 3811 4259 4280 4362 4513 4653 4778 5767 6193 6534 6807 7554 7812 7963 9166 9167 9168 9186 9758 9960 9961 10127 10305 10471 10930
3692 2319 4441 9245 9545 9776 9813 9879 10244 10524 10546 10558 10765 10871 10914 10958 11009
3693 9 61 136 150 156 553 590 690 813 999 1011 1031 1036 1108 1115 1116 1117 1224 1233 1282 1521 2131 2293 2295 2477 2501 2516 2622 3367 3453 3474 3475 3476 3536 3595 3686 4045 4058 4128 4597 4800 4992 5211 5295 7207 7241 7518 7674 8350 8667 10389
3694 914 933 939 4174 4737 5595 9462 10546
3695 672 979 1778 2227 2287 2983 3043 3542 4357 5526 5767 6662 7185
3696 745 1619 3309 5563 5619 6842 7338 7744 9782 9791 10086 10289
3697 575 3773 8064 10611
3698 8 1656 3804 4332 4413 4894 5216 5801 5858 6409 7067 7144 7486 7774 8354
3699 24 85 96 99 147 160 297 476 499 564 854 960 995 1017 1031 1036 1064 1077 1115 1147 1255 1387 1435 1680 1687 1691 1797 1805 1829 1902 2062 2107 2235 2287 2288 2294 2295 2296 2299 2301 2341 2459 2460 2464 2476 2478 2489 2533 2560 2768 2779 3051 3405 3454 3455 3462 3595 3630 3638 3689 3690 3857 3938 4226 4316 4505 4817 4884 5137 5871 6045 6264 6758 7774
3700 153 163 196 390 416 435 484 794 1131 1160 1210 1249 1250 1673 1999 2023 2157 2159 2226 2307 2309 2310 2363 2476 2630 2703 2784 2878 3030 3145 3175 3179 3186 3575 3712 3823 3995 4019 4020 4224 4228 4360 5820 6079 6084 6271 6395 6923 7212 7226 7719 8380
3701 646 3615 4289 4535 4729 4889 5957 6645 7668 8300 8548 9713
3702 91 615 1944 3492 3821 5634 7178 8618 9986
3703 209 912 2929 3024 3365 3475 3484 3535 4174 4243 4317 4737 4749 4851 5166 5578 6128 7187 7515 8363 9438 9462 9928 10013 10949
3704 1154 3203 8572 10197
3705 935 1340 1526 2421 3023 3255 3989 4659 6836 6842 9045 9457 9677 10642 10942
3706 2933 4160 4521 5624 7514 7616 7797 9190
3707 7651 8064 8217 8381 8538 8601 8679 8749 8824 9661 10022 10264
3708 7962 8178 8671 8998 10132 10178
3709 11 182 631 1311 1653 2500 5603 5964 6158 6282 6465 7015 7112 7578 8333 8646 8972 10040 10140 10350 10379
3710 3239 3327 4331 5843 8388 8770
3711 2117 3473 4938 9106 9456
3712 3340 3975 6000 7074 9953
3713 618 1529 4306 4572 8232
3714 5711 6327 8769 9483 9719 9919 10235 10350
3715 5507 9507 9616 9744 9887 10090 10337 10415 10565
3716 6653 7736 8216 9470
3717 1512 1847 3340 3343 4948 5113 5129 6097 6207 6955 7000 7162 7453 7614 7818 9849
3718 442 1643 1999 2587 2623 2704 2714 2732 2746 6908 7146 7470
3719 562 1094 1131 1806 2295 2400 2401 2470 2497 2637 2659 3114 4167 6342 7401 7406 7466 7475 7521 7539 7554 7563 7583 7590 7607 7662 8064 8181 8616 8710 8756 8763 8815 9269 9275 9288 9434 9542 9638 10317 10358 10397 10406 10434 10495 10520 10621 10659 10661 10716 10717 10848 10984 10999 11016
3720 152 177 178 798 1101 1152 1153 1428 1636 2864 3581 3696 3711 3851 4056 4198 4228 4268 5048 6823
3721 1042 1211 2204 2510 2579 3073 3423 3431 6516 6770 7254 7617 7716 7968 8334
3722 2070 4031 5639 7074 7527 7528
3723 350 2800 4291 5328
3724 153 7136 8000 8158 8479 8711
3725 3777 4782 5117 5785 5794 5959 6214 7411
3726 85 118 176 219 371 499 562 565 566 869 873 1735 2034 2063 2080 2217 2245 2251 2277 2293 2294 2295 2296 2336 2344 2356 2383 2768 2778 2812 2839 3078 3101 3141 3689 3848 3849 3850 3852 3853 3854 3856 3857 3904 3909 3915 3961 3985 3995 3997 4009 4022 4039 4040 4060 4063 4156 4238 4294 4323 4324 4325 4330 4411 4508 4571 4671 4691 4701 4702 4718 4727 4768 4769 4797 4817 4835 4879 4942 4969 5000 5002 5060 5094 5122 5137 5155 5168 5195 5224 5276 5331 5402 5415 5463 5469 5479 5484 5544 5560 5616 5653 5704 5718 5729 5745 5748 5750 5783 5809 5871 5908 5909 5911 5913 5927 5941 5968 6017 6071 6078 6126 6152 6355 6399 6406 6572 6747 6761 6860 7071 7194 7370 7381 7449 7537 7607 7665 8062 8194 8962 10674
3727 813 1341 1518 1669 2028 2777 2799 2812 2821 3941 5147 5190 5839 5873 5912 5978 6076 6102 6428 6620 6665 6837 7034 7355 7397 7428 7493 7514 7521 7533 7562 7642 7651 7656 7666 7720 7740 7780 7811 7831 7850 7977 8132 8195 8231 8312 8375 8414 8535 8542 8659 8673 8849 8876 9007 9181 9326 9423 9768
3728 2668 7460 7564 7788 8534 8819 8951 9645 9978 10079 10297
3729 22 32 921 999 1771 2528 2659 3336 3340 3449 4737 5991 6160 6201 9268
3730 1754 2861 3632 4052 6167 9909 11031
3731 260 2268 8436 8513 8529 9633 10040 10084 10824
3732 6102 7629 7651 8048 8150 8253 8354 8433 8873 9359 9860
3733 34 300 311 322 330 333 339 489 907 908 944 953 1002 1133 1208 1264 1282 1293 1319 1371 1389 1501 1514 1519 1749 1843 1846 1938 1988 2050 2148 2221 2382 2589 2699 2747 2832 2848 2913 3068 3280 3295 3321 3333 3449 3639 3948 3978 3989 4082 4115 4352 4418 4449 4699 4836 4894 5022 5449 5741 6045 6342 6412 6552 6639 6754 6962 7020 8208 8233 8431 8518 8733 8908 9307
3734 387 627 899 1656 2010 2445 3497 3499 3835
3735 279 1311 1586 3743 3755 3831 3842
3736 1247 2677 8941 9191
3737 1311 1623 1712 1983 2435 2746 2824 2857 3792 3818 4140 5439 5495 5582 5659 6088 6190 6501
3738 920 922 934 975 2085 3042 4312 5978 6094 6427 6430 6624 6920 8038 8165 8585 9391 9406
3739 265 3227 3517 4639 5509 7131 7869
3740 3500 7265 8190 8251 8528 8621 8648 8830 8962 9047
3741 278 921 1765 2219 3297 3988 4629 4666 5954 6040 6615 7670 8820 9488 9770 9901 10182 10517 10940 11039
3742 613 974 1078 2516 2605 2802 3252 3309 4108 4263 4426
3743 53 54 172 307 384 1133 1315 1387 1544 1763 1990 2185 2377 2926 4211 4417 4962 4985 5245 5282 5384 5449 5695 5741 5792 5843 6214 6291 6292 6297 6305 6342 6371 6405 6411 6412 6433 6462 6471 6502 6517 6528 6541 6552 6562 6570 6572 6577 6582 6585 6617 6620 6633 6660 6666 6670 6674 6681 6720 6734 6819 6836 6837 6839 6848 6851 6880 6888 6894 6899 6941 6957 6963 6967 6973 6992 7000 7007 7014 7020 7021 7044 7048 7081 7102 7124 7127 7131 7151 7174 7176 7180 7181 7190 7204 7234 7249 7263 7278 7281 7310 7314 7315 7320 7321 7327 7328 7363 7373 7406 7408 7459 7493 7503 7521 7533 7548 7583 7591 7592 7603 7606 7614 7636 7641 7645 7646 7651 7661 7682 7725 7726 7740 7741 7747 7749 7751 7776 7804 7818 7842 7845 7857 7860 7864 7869 7872 7882 7895 7987 8056 8074 8097 8110 8129 8148 8152 8157 8174 8203 8207 8210 8214 8215 8216 8217 8257 8269 8275 8282 8293 8309 8322 8330 8356 8392 8400 8402 8414 8424 8472 8482 8496 8530 8531 8538 8547 8550 8580 8594 8607 8638 8643 8646 8650 8662 8668 8710 8742 8743 8760 8764 8765 8769 8782 8795 8841 8847 8856 8866 8868 8869 8872 8873 8884 8892 8894 8895 8901 8904 8905 8922 8941 8946 8969 8974 8980 9002 9015 9016 9019 9021 9038 9045 9057 9100 9109 9110 9151 9182 9194 9203 9219 9224 9237 9246 9261 9277 9307 9355 9369 9386 9398 9407 9461 9526 9543 9568 9570 9604 9628 9648 9674 9680 9682 9762 9772 9794 9800 9880 10090 10093 10104 10174 10244 10301 10389 10392 10418 10482 10496 10587 10630 10660 10725 10817 10827 10838 10860 10866 10913 10934 10945 10986 10993 11003 11020 11022 11023 11031 11032
3744 43 45 102 200 225 232 419 430 433 451 529 534 568 574 575 610 611 612 641 924 927 928 930 939 955 1016 1035 1048 1086 1129 1150 1155 1165 1176 1198 1261 1266 1278 1283 1320 1323 1326 1329 1344 1356 1384 1421 1427 1498 1614 1619 1764 1846 1968 1994 2015 2034 2050 2080 2127 2153 2166 2167 2189 2212 2219 2229 2266 2274 2352 2362 2377 2388 2631 2661 2690 2731 2752 2801 2850 2910 2923 3031 3053 3054 3081 3082 3083 3085 3086 3093 3096 3125 3126 3138 3152 3154 3155 3188 3197 3265 3270 3279 3632 3637 3877 4052 4115 4211 4344 4370 4414 4417 4505 4517 4572 4677 4697 4847 4886 4908 5030 5161 5164 5230 5248 5332 5635 5640 5680 5986 6162 6167 6225 6363 6389 6410 6433 6526 6561 6717 7017 7209 8064 8206 8236
3745 349 1387 3975 4646 4952 5335 6232 7631 7939 9397 9595 9596 9602 10301 10454 10513 10575 11008
3746 431 1111 4946 9213
3747 738 1147 1968 2393 2574 6700 7442 9797 10471
3748 304 339 1183 3430
3749 43 57 263 338 341 342 568 1341 1371 1451 1588 1609 1764 1827 1843 1990 2533 2560 2573 2583 2640 2658 2683 2690 2711 2801 2897 2917 2918 2945 3207 3215 3294 3295 3302 4002 4266 4467 4502 4754 5181 5509 5781 5937 6167 6328 6480 6568 6683 6944 7052 7122 7274 7324 7424 7586 7646 7706 7791 8064 8136 8216 8375 8578 8653 8658 8810 8816 9308 10022
3750 142 149 157 179 381 401 469 525 596 597 638 678 989 1036 1063 1068 1078 1091 1097 1101 1135 1156 1172 1195 1208 1233 1236 1346 1347 1359 1363 1390 1391 1520 1521 1522 1637 1670 1671 1672 1674 1704 1715 1852 1912 1929 1959 1968 2159 2200 2207 2227 2233 2287 2323 2328 2391 2393 2408 2435 2514 2521 2523 2592 2630 2682 2872 2926 3100 3106 3345 4190 5189 5438 5577 6193 6264 6328 6877 6898 6936 7220 7382 7723 8010 8181 8194 11017
3751 174 873 2000 2017 3001 4022 4797 5002 5060 5616 5729 5905 5941
3752 60 1919 8447 9251
3753 208 1218 1600 1975 2861 3022 3054
3754 2445 3085 3832 9019 10142
3755 921 5767 6049 6474 7787 8424 8619
3756 59 621 1310 1440 1790 2286 4074 4795 5600 6704 9528 10036 10185 10249 10834
3757 2690 2987 3184 5049 5161 6191 6385 8871 9238 9382 9400 9991 10215 10371
3758 391 1038 1203 2447 2454 2544 2726 4864 7458 7521 7726 7980 9146
3759 323 324 840 2621 3678 4251 6230 6304 6312 6433 7341 8583 10866
3760 5965 6689 8837 8885 8992 10245
3761 271 905 953 1514 1760 1868 2722 2863 2934 3020 3721 3723 3783 4790 4955 5050 5741 5887 6471 6624 7406 8105
3762 1905 2737 2870 2946 2968 3963 5314 8254
3763 1033 4615 5672 6177 6663 10161
3764 1311 3239 3830 5891 6645 6828 7564 8023 9678
3765 393 490 597 615 702 710 1728 1910 1917 1932 1940 1944 2084 2843 3031 3218 3220 3221 3314 4222 4380 4609 4673 4738 5006 5081 5231 5314 5334 5346 5563 5638 5747 5815 5872 5966 5977 5978 6091 6204 6220 6291 6307 6316 6320 6493 6550 6615 6618 6620 6631 6644 6669 6672 6749 6778 6819 6967 6969 6996 7106 7121 7180 7196 7278 7310 7330 7346 7351 7386 7441 7482 7483 7564 7585 7606 7726 7741 7747 7797 7895 8039 8071 8076 8199 8200 8256 8760 8773 8837 9075 9122 9415 9440 9645 9656
3766 2345 5701 5886 6103 7395 7602
3767 675 1079 1130 1440 4513 4580 5304 8212 9130 10189 10436 10438 10448 10945 10998
3768 658 668 748 870 872 1385 1560 1968 1972 1976 1981 1982 1994 1995 2057 2058 2069 2082 2089 2155 2159 2184 2186 2198 2199 2207 2218 2226 2234 2249 2260 2375 2387 2390 2391 2392 2394 2400 2401 2403 2553 2575 2585 2636 3040 3064 3139 3163 3995 4038 4039 4040 4073 4114 4167 4360 4362 4363 4513 4781 5044 5465 5520 5775 5963 6079 6131 6184 6271 6290 6387 6445 7304 7644 7650 7711 7718 7929 8332 9746 9844 9892 9956 9983 10434 10591
3769 2394 2949 3215 3431 3688 4646 5339 5340 5461 6670 7149 8386 8493 9257 9358 9754 10056
3770 1457 2029 3194 4578 4765 5225 6413
3771 7619 7933 8065 8278 8561 8770 9404
3772 1246 1269 2172 2357 2674 4837 7486 8665 10011 10897
3773 68 1740 1957 2739 3211 6322 6618 6681 6894 7564 8038 9021 9151
3774 2420 3293 3679 3759 4533 4625 4676 4717 4749 5468 6215 7984 9462 10323
3775 6710 7050 8147 8667
3776 1363 1554 2967 8097 8375 8984 9543 9852 10180 10558 10869 11023
3777 1746 6433 6649 6753 6774 6857 6957 6963 7212 7317 7407 8282
3778 4595 4596 6714 8066
3779 3959 6692 8868 10604 10829 10870 10917 10997
3780 890 1882 6268 7074 7679 7774 10574 10853
3781 179 1753 1758 2079 2247 2842 3903 4072 4786 5620 6075 7086 7203 7381 7383 7424 7607 7697 7701 7881 7905 7906 8045 8047 8181 8524 8962 9033 9121 9178 9186 9394 9556 9579 9769 10716 10717 10738 10781
3782 2155 4781 8616 10218 10369 10755
3783 306 1266 2920 3157 4029 8334 8461 9818
3784 560 3332 5563 6784 7000 8356
3785 1036 1077 1147 1310 1311 3832 4344 5168 6105 6804 7224 7576 7857 9312 10174
3786 9 2444 3086 3278 4214 6266 6322 6329 6469 6578 8159 8530 8729 9282 10596
3787 9 97 118 127 157 190 216 290 293 393 394 403 545 579 583 615 626 709 734 806 815 836 871 915 920 922 926 929 934 941 975 1027 1041 1059 1077 1105 1111 1131 1194 1234 1280 1416 1489 1490 1502 1520 1533 1592 1636 1670 1673 1677 1680 1702 1743 1770 1830 1869 1912 1918 1940 1954 1959 1976 2014 2057 2058 2060 2086 2092 2096 2159 2179 2196 2227 2286 2287 2288 2302 2307 2338 2350 2376 2391 2392 2393 2394 2396 2398 2400 2401 2426 2430 2434 2435 2442 2453 2461 2462 2466 2470 2482 2486 2497 2508 2519 2520 2521 2545 2559 2582 2602 2630 2646 2779 2784 2811 2824 2879 3056 3064 3079 3080 3085 3092 3096 3155 3165 3199 3212 3253 3520 3590 3703 3708 3780 3908 3917 3927 4009 4038 4085 4158 4167 4224 4362 4421 4536 4548 4562 4606 4609 4627 4645 4678 4713 4815 4827 4872 4933 5047 5214 5237 5462 5485 5529 5546 5667 5752 5783 5969 6007 6058 6119 6126 6131 6154 6193 6242 6398 6493 6516 6522 6524 6602 6604 6679 6700 6798 6808 6822 6915 7003 7044 7168 7240 7278 7304 7305 7345 7372 7373 7385 7576 7721 7726 7749 7764 7894 8064 8194 8332 8480 8518 8540 8681 8712 9178 9206 9387 9411 9561 9805 9903 10174 11017
3788 917 4400 4993 6715 6841 8108
3789 4653 9758 9794 10076 10129 10454 10630
3790 1216 1489 1490 9442 9481 9739
3791 140 537 562 567 661 738 881 1007 1027 1063 1144 1258 2294 2332 2398 2457 2485 2532 3593 3867 3938 4164 4218 4227 4700 6154 6160 6227 6329 6875 7107 7857 8803 8818 9348 9941 9972 10345 10379 10386 10946
3792 406 1315 1585 5723 6165 6627 8658 8668 8832 9223 9407 9461 9535 9549 9851 9897 9931
3793 2398 2547 6160 6374 9891 10411
3794 199 1154 1212 1286 1602 1630 2355 2596 2929 2948 3082 3085 3096 3250 3292 4928 5097 5381 6261 6329 6858 7281 7523 7552 7591 8236 8453 8701 8932 9137 9359 9647 9661 9953 9998 10049 10124 10543 10915 11031
3795 845 886 898 1905 4540 4586 4916 4917 5204 7612 8254
3796 42 179 193 428 518 658 660 678 692 898 1063 1188 1192 1233 1266 1320 1346 1347 1383 1544 1637 1638 1764 1846 1858 1947 1961 1971 1981 1982 2015 2018 2166 2167 2174 2255 2317 2366 2377 2526 2562 2680 2705 2717 2726 2746 2772 2776 2880 2885 2949 3042 3141 3215 3325 3505 3528 3615 3786 4269 4331 4335 4374 4423 4964 4982 5138 5169 5262 5407 5483 6033 6813 7547 7644 7756 8368 8383 8585 8666 8749 8843 8877 8994 10389 10661 10723 10750 10810 10848
3797 114 384 452 589 600 1166 1203 2181 2816 3246 3247 3287 3409 4080 4575 5696 5903 6464 6792 7329 8424 8665 8677 9149 10063 10149 10241 10343 10743
3798 2102 2525 4319 5249 7011 10207
3799 4898 5986 7102 9442 9493 9739 10291 10788 10809 10974
3800 992 1994 2638 2656 2673 2703 3040 3623 4065 4125 4480 4622 5811 7691 8057 8454 9855 9870 9992 10014 10044 10804 10848
3801 886 3252 3472 4526 4567 5438 7262 7620 9360 10843
3802 7054 8778 8836 8963 9495 9567 10587 10719 10744 10787 10924 10944
3803 2618 4059 5609 7163 7469 8489 8881 9427
3804 170 2671 4503 4886 4909 5281 6008 6048 6103 6140 6166 6240 6288 6348 6374 6480 6552 6660 6666 7496
3805 3919 7616 8647 10552
3806 469 1363 2377 2521 3045 5398 6387 6445
3807 140 464 739 1847 3773 4521 4652 9378 11031
3808 3222 3431 9813 11013
3809 32 4233 5236 5769 5862 6958
3810 139 146 522 555 556 767 990 1027 1034 1104 1159 1161 1234 1302 1440 1484 1508 1510 1597 1829 1910 1936 2121 2361 2447 2479 2507 2517 2523 2875 2876 2903 2975 3181 3339 3341 3397 3476 3533 3634 3772 3782 3884 3889 4262 4389 4759 4777 4778 4822 4882 5120 5198 5200 5400 5698 5709 5939 6467 6752 6901 7055 7210 7458 7583 7907 8130 8272 8372 8532 8747 8818 9402 9562 9689 9768 9856 9868 9946 10034 10040 10120 10290 10632 10841
3811 144 582 653 727 987 995 1076 1372 1395 2119 2128 2134 2622 2999 3351 3373 3751 4069 4070 4316 4454 8445
3812 807 858 1393 1473 1624 1680 1961 2021 3711 6133 7352 9023
3813 2990 3286 5139 7095 7476 9547 10048
3814 1035 1339 2420 2787 3098 3150 3162 3731 4257 4450 4451 5707 8378
3815 32 5979 7077 7379 7848
3816 7363 7459 8531 8856 9103 9526 10037
3817 601 2926 3044 5211 9517
3818 3231 5563 7277 8716 9070 9117
3819 892 1660 2714 3321 3957 4358 4402 5978 7334 7403 7623 8394 8433 8442 8443 8456 8615 9398 9780 10119 10378 10432 10468
3820 179 1036 1077 1147 1433 8692 10460 10824
3821 2225 2244 2265 2589 6670 9647 10291 10512 10719 10889 11040
3822 1668 3299 4115 6872 7623 8549 8592 9306 9899 10216 10906
3823 6511 10291 10476 11023 11032
3824 1255 1363 1498 3404 3407 3677 4572 7017 7283 8284 8335 8733 8907 9851 9879 10403 10906
3825 34 374 615 702 835 905 920 922 926 1027 1313 1438 1532 1543 1610 1743 1766 1938 1940 1961 2091 2461 2462 2606 2804 3092 3278 3392 3538 3546 3549 3739 4609 4676 4696 5373 5902 6172 7026 7124 7250 7575 7981 8022 8550
3826 386 596 634 695 1192 1364 1382 1700 1762 1830 1831 1919 1970 2149 2203 2286 2326 2503 3637 3674 3882 3898 4099 4479 4708 5197 5292 5408 6387 6445 6532 7223 7937
3827 205 1349 2790 5623 5661 6472 6723 10171 10229
3828 2540 2636 2767 4509 4810 6124 7200 8982 10520
3829 75 627 1314 1557 1668 2000 2021 3299 3806 9144
3830 738 969 1027 1044 1902 2150 2781 2834 2962 3154 3326 4653 5841 6266 6332 6921 7224 8395 9758 10727
3831 3017 3610 4485 4569 4734
3832 993 1147 1480 3221 4299 4462 7248
3833 5 157 460 929 1528 1994 2199 2287 2288 2314 2521 3085 5448 5697 6193 8712 9805
3834 4709 4925 5356 8544 8826 9449 10808
3835 536 1806 2293 2295 2296 4058 5228 5492 8750
3836 26 60 61 1775 3113 3169 4494 4586 6160 7200 7684 7879 10470
3837 1740 2755 2883 3244 5671 5872
3838 120 5890 6407 6412 6483 7178 7311 7809 8633 8977 9178 9205 9277 9343 9437 9651 9700 10282 10430 10437 10581 10675 10980
3839 2293 2294 2296 2303 2396 2398 3928 6054 10729
3840 211 429 1476 6526 6562 7367 7703 7890
3841 515 3538 3885 7800 8306 10630 10886
3842 7 691 907 3019 4962 7007 7014 7137
3843 44 361 362 552 813 1892 1916 2251 2462 2604 2606 2713 2834 3894 3919 4043 4778 5151 5217 5526 5695 5948 6103 6154 6160 6177 6457 6663 6711 6938 6990 8408
3844 271 418 982 6939 7515
3845 484 963 1944 2098 2444 2445 2450 3712 4079 7517 7550 9139
3846 947 975 1289 1951 4447 7269
3847 1882 2255 2514 2553 2592 2636 2962 4688 5125 5215 7382 8395
3848 455 1562 1581 2128 2135 4509
3849 419 1270 1927 2421 2451 5755 6024 8643 10725
3850 1044 1778 2943 3730 4513 4752 7737 10901
3851 1231 1621 3448 4595 8066 10806
3852 3230 6361 7342 7353
3853 5131 6214 6624 9470 9679
3854 738 822 8876 8902 8943 9449 9672 10608
3855 151 1109 1214 1221 3185 3235 7029 7278 7550
3856 6683 7581 7831 8325 8374 8375 8406 8666 8779
3857 26 140 172 295 462 590 653 747 1110 1126 1128 1169 1462 1591 1661 1662 1785 1786 1794 1795 1814 1815 2049 2294 2296 2299 2560 2987 3141 3351 3907 4177 4189 4857 4952 5282 6176 7115 7268 7946 8177 8213 8668 9087 9642 10032 10231
3858 4014 4987 6231 6259 7249 8789 9559
3859 60 1036 1147 1520 1521 1905 1956 2227 2269 2398 3101 3538 3549 4175 4405 5255 6154 8254
3860 917 920 934 979 1129 1186 1278 1323 1339 1453 1525 2204 2863 3043 3124 3136 3353 3404 3407 3413 3596 3669 3745 3764 3765 4715 4894 5262 5767 5986 6145 7281
3861 449 469 2567 2568 3896 4318 4805 5943 6388 6638 6863 8953 9569 10315 10340
3862 3320 5607 5625 5948 7020 7636
3863 4456 4782 6653 7657 8009 9124
3864 3473 3885 4444 4586 4917 6822 8451 9149 9484
3865 1875 1876 3725 6791
3866 838 1316 3235 6328 7790 8221 8595 8866 8965 9303 9764 10051 10831 11014
3867 4290 7831 9000 9535 9699 9889 10512
3868 6734 7559 7732 8659 9463 10170 10907
3869 1319 1389 1561 2336 2623 3265 3279 6334 7043 8061
3870 147 1026 1080 1104 2117 5738 8513 8704 9038 9336
3871 41 166 399 468 1293 1431 1452 1453 1491 1638 1694 1719 1746 2048 2463 2544 2723 2821 2851 2852 3239 3271 3872 4371 4414 4546 4572 4615 4661 4763 4876 5043 5104 5113 5283 5336 5362 5619 5886
3872 2726 3147 5526 5943 7882
3873 22 912 1217 1316 1486 2285 2788 2953 3614 3984 4092 4520 4534 4749 4776 4864 6048 6649 6841 7020 7075 7653 7755 7760 8829 9438 9441 9462 9463 9492 9543 9906 10149
3874 19 547 656 660 668 1160 1250 1351 1732 1733 1866 1962 1970 2171 2197 2201 2213 2255 2378 2514 2553 2563 2575 2636 4038 4040 4362 4479 5212 6465 6603 6988 7382 7711 7913 8142 8183 9955 10406 10758 10839
3875 565 1104 3928 6217
3876 10 5518 6407 6420 6429 6454 6570 6674 6711 6814
3877 5438 8841 9191 9271 9297
3878 140 246 1027 1743 1744 2668 3663 3844 5546 6229 6475 8490 9092 9281 9411 9628 9729 10140
3879 905 1545 2268 5741
3880 1313 1602 1776 2035 2417 3738 8623
3881 2764 4653 6790 7160 9758
3882 2646 6895 7868 9651 9685 9892 10434 10695 10719 10726
3883 3222 3333 4312 4816 5598 7378
3884 2726 3341 6014 10309 10938 10945
3885 52 328 732 738 893 1133 1208 2486 2677 3072 3098 3334 3434 3517 4097 4811 5105 5403 5431 5550 5621 5692 5743 5841 5857 5925 6045 6171 7451 9086
3886 509 1530 1746 2312 3130 4414 4503 4849 4886 5248 6103
3887 61 1020 1060 1098 1476 1576 2148 2268 2290 2298 2331 2332 2766 2930 2957 3083 3090 3485 3489 4115 4272 4562 4586 4598 4645 5536 6329 6363 6785 7250 8389 8530 9329
3888 402 2284 3506 3517 5294 5540 5541 6874 6898 7650 7701 9952 10001 10022 10074 10591 10609 10723
3889 691 3068 8550 9713 9959 10352 10501 10587
3890 266 1974 2085 2120 2130 2338 2459 2646 2659 3454 4231 4621 5505 5525 5638 6175 7150 7221 7635 8701 8897 9986
3891 4978 5628 6107 8351 8611 8651 10430 10947
3892 274 5608 5622 5839 6102 6177 6437 6449 6450 6573 6983 7666
3893 241 989 1063 1595 1608 2523 3085 3418 3832 3840 3846 4165 5112 5707 6904 7636 7761 8742
3894 6487 6651 7142
3895 760 1998 2286 3114 5430 6822 7713 7799 8376 9128 9446 10175 10371
3896 565 1160 1968 2227 2394 4048 4085 8194 8808 9139 9250
3897 157 209 386 449 469 638 677 1398 1544 1682 1870 2376 2408 2677 3063 3132 3903 3905 4015 4541 4542 4695 5505 5642 6008 6193 6371 6387 6432 6445 7325 8169 9345 10417 10776 11023
3898 26 1778 2126 2509 3079 4135 7879 8932 9037 10879
3899 2968 3256 4853 7997 8934 9111 10104 10149
3900 142 143 591 1343 1935 7726
3901 241 3473 4432 5408 6848 7269 7363 7459 10496
3902 38 2661 4763 5479 5599 5627 5641 5695 6389 7003 7209 7680 8064 8601 9382 9982
3903 2290 3326 6000 6921 9149
3904 5238 7482 7564 8475 8580 9295 9327 9584 9678 9731 10277
3905 549 554 628 759 4721 5866 6360
3906 1957 2180 8174 9989
3907 1250 2189 2592 4008 7644
3908 1096 3995 4040 5044 5484 6078 7140 8962 9958
3909 1641 5691 5898 6048 6609 6655 6960 8166 8288 8774
3910 55 435 878 979 1255 2525 3919 4509 4520 4894 5963 7074 7187 7616 8241 8629 9016 10421
3911 627 1527 4897 5117 5475 5537 6025 6315 6342 6490 6774 7548
3912 1638 5348 9026 9141 9503 9543 9727
3913 157 215 423 657 667 1139 1623 1954 2394 3546 3874 3875 4038 4152 4357 4483 4918 6193 7590 8859 10401
3914 464 1035 2477 2486 2564 3989 4401 4653 5363 5690 7200 8965 9042 9270 9429 9748 9758 9915 9925
3915 388 561 1064 1138 1188 1959 4933 7438 7581 10554
3916 15 999 1793 2299 2301 2878 3336 5561 6503 6999 7047 8195 8408 10025
3917 80 402 432 1233 3242 3475 5555 8109 8322 8617 9119 9146
3918 1763 2435 2521 2630 5978 9695 9868
3919 1631 6112 6365 9162 9467
3920 384 1432 3053 3054 7773 10049 10427 10524 10525
3921 1220 3013 3178 3315 3348 5187 5498 5595 10019
3922 16 35 479 732 737 750 1800 1805 2287 2667 2943 2961 2962 2966 3144 3247 3289 4175 4223 4692 4738 5758 6130 6515 6640 7399 7466 7788 7816 7835 8167 8365 8375 8395 8682 8758 10498 10824
3923 1108 1521 7790 8759 8936 8984 9610 9916 10108 10155 10180 10268 10277 10445 10591 10722 10846 10884
3924 88 89 162 222 831 3081 3085 3154 4777 4778 4779 5846 9145 10897
3925 1429 2006 4311 6671 10507 10951
3926 384 391 468 823 1233 1241 1282 1994 1998 2015 2926 2967 3949 4241 4416 4469 4667 4709 5886 6304 6431 6650 6792 7001 8176 8356 8376 8483 8994 9237 9248 9386 9545
3927 140 196 214 1902 2134 2252 2394 3173 8389
3928 9719 10531 10612 10809 10899
3929 265 300 846 1503 1631 1846 2918 3216 3227 6403 6547 6815 7411 7617 7809 8104 8767
3930 37 46 85 120 123 124 131 137 157 364 616 708 799 806 848 854 855 898 1036 1105 1146 1160 1210 1353 1393 1447 1473 1489 1490 1499 1620 1698 1712 1741 1758 1871 1968 1994 2015 2043 2267 2280 2521 2637 2639 2725 2774 3110 3139 3140 3163 3791 3918 4038 4040 4114 4268 4310 4513 4704 4840 4971 5032 5044 5090 5194 5500 5675 5765 5775 5811 5942 5948 6013 6041 6116 6126 6193 6301 6395 6659 6740 6756 6771 6787 6832 6990 7240 7356 7404 7464 7563 7774 8102 8150 9049 9142
3931 1541 1740 1903 2815 2845 4614 4746 5449 5741 6103 6325 6691 6745 6802 6924 6950 6997 7056 7093 7142 7204 7246 7581 7742 8282
3932 9676 9686 9693 9799 9821 9822 9834 9885 9895 9897 9932 9938 9945 10003 10057 10060 10072 10089 10090 10093 10187 10359 10388 10478 10736 10749 10763 10767 10826 10875
3933 385 7947 9408
3934 178 1317 4287 9289
3935 4505 5119 7034 8349 9002 9021 9127 9271 9433 9482 9842 10027 10412 10720 10869 10896
3936 5154 5295 6861 6878 7179 7929
3937 387 830 912 4961 5010 5957 5986 6782 6973 7326 7832
3938 3336 7066 7574 10512
3939 322 579 582 5136 7368 8208
3940 1939 3745 4028 8696 8942
3941 16 1904 3917 4724 5392 5886 7620 8780 9460
3942 679 973 3350 6022 7786 9385 9894
3943 1528 1897 2445 2801 3492 4784 5384 5702 6013
3944 157 405 645 872 1675 1702 1981 1982 2373 2521 2624 2764 4000 6079 6151 6193 6263 7835 8218
3945 1875 1876 2659 3031 3091 4407 4728 5843 10897
3946 92 1693 5629 6066 7976 8414
3947 100 154 499 565 2116 2385 2446 2457 3326 3630 3881 4126 4225 4226 4227 4228 4758 4991 5151 5748 5962 6299 6534 6758 6921
3948 2851 2852 4418 6983 9442 10430 10720 11031 11033
3949 60 142 881 920 1036 1661 1662 2269 2296 2398 2618 2754 3198 3690 3698 4621 4779 5910 6590 7469 7879 8240 8848 9050
3950 1309 2552 2846 6903
3951 180 332 2726 2872 6876 8371 8463 8798 8824 8964
3952 39 664 4785 8123 8451 9739 10508
3953 4350 5407 6384 6519 8827
3954 347 486 4772 6511 7995
3955 1558 1697 3210 3737 3745 3989 7300 8217 9150 9545
3956 79 85 102 126 383 388 456 457 518 519 582 693 743 796 1024 1034 1051 1063 1107 1139 1154 1249 1489 1490 1600 1679 1736 1763 1819 1869 1912 2063 2268 2270 2280 2290 2299 2306 2356 2383 2437 2488 2517 2540 2561 2593 2630 2637 2677 2870 2935 3128 3593 3630 3691 3938 3950 3953 3960 4038 4119 4224 4325 4567 4671 4750 4866 4915 5002 5044 5143 5176 5235 5236 5435 5510 5616 5704 5927 5941 6625 6747 6758 6761 7232 7381 7383 7416 7607 8194 8389 9044 10677 10716 10717 10781 10813 11017
3957 291 2698 9485 9878 10210
3958 499 565 685 1094 1192 1210 1638 1881 1961 2235 2325 2326 2327 2376 2561 3141 5264 5839 6196 6870 7098 8379 10162
3959 476 477 479 482 485 540 609 617 678 1359 1390 1391 1954 1959 2563 2575 2636 2682 2811 3636 3645 4008 4335 4395 6135 6383 6533
3960 318 430 840 1087 1150 1198 1384 3678 6063
3961 53 216 3706 6243 6564 8931 9010 9063 9296 9346 9429 9507 9519 9560 9621 9643 9690 9748 9862 9883 9909 9951 10156 10290 10308 10327 10341 10379 10411 10419 10431 10466 10476 10484 10503 10507 10570 10576 10660 10689 10700 10780 10786 10820 10845 10870
3962 1616 2016 2742 2798 3482 6236 6897 7160 8414
3963 78 3232 4133 4681 5326 6102 6286
3964 1363 1398 1637 1700 2377 2682 2745 2781 4399 4587 5522 5963 6533 6725 6798 7200 7521 11003
3965 499 1096 1160 1210 2630 4040 5775 9250
3966 19 1231 3053 3054 3083 3085 3966 5185 8236
3967 1318 2394 4517 6387 6445 8351
3968 2560 2659 5187 7122
3969 767 904 1336 4438 10390
3970 7874 9142 9687
3971 783 5023 8247 8281
3972 4258 4644 5379 5786 6317 8000
3973 2252 8389 9431 10156 10878
3974 8038 8999 9233 9656 10509 10548 10587 10744 10778 10860 11023 11032 11039
3975 1208 1315 1656 1903 4278 4924 5586 6431 6678 6800 7413 7728 8340 8656 9000 9054 9143 10430 11009 11013
3976 1895 5124 6329 6471
3977 6163 6856 7657 8098
3978 156 186 869 1210 1352 1533 1658 1999 2008 2249 2253 2289 2335 2383 3078 3129 3852 4188 4261 4330 4362 4523 4531 4702 4835 5242 5415 5484 5596 5652 5705 5782 6014 6019 6152 6313 7027 7193 7304 7383 7665 7666 7697 7866 7929 8051 8126 8260 8458 8480 8528 8616 8682 8763 9044 9381 9725 9815 9882 9969 10113 10218 10340 10504 10781 10815
3979 280 391 1417 1905 1956 1999 2655 2668 6073
3980 85 120 153 157 190 380 508 515 519 530 546 577 711 806 855 1139 1447 1473 1489 1490 1499 1516 1533 1621 1659 1660 1688 1716 1726 1727 1747 1758 1762 1869 1871 1968 1974 1994 2015 2085 2227 2245 2253 2277 2280 2286 2287 2288 2302 2336 2338 2393 2394 2506 2713 2724 2746 2760 2805 2926 2962 3010 3038 3051 3110 3144 3431 3538 3559 3560 3684 3688 3711 3720 3901 3961 4318 4399 4595 4607 4722 4768 4815 4866 4892 4897 4901 4978 5236 5264 5277 5435 5451 5553 5577 5644 5744 5927 5987 6035 6187 6193 6301 6317 6358 7774 8066 8395
3981 4115 4370 5671 5843 6471 6751 6802 7020 7031 7533
3982 9141 9385 9503 9762 10008 10255 10389 10578 10877
3983 179 638 5290 8844 10432 10444 10618 10648
3984 36 49 53 156 549 602 694 882 948 1184 1311 1411 1444 1453 1467 1809 1881 1948 2014 2063 2072 2293 2301 2423 2427 2435 2468 2495 2962 3454 3484 3536 3618 4411 4457 4497 4532 4790 4817 4908 5002 5107 5137 5176 5282 5363 5370 5579 5683 5704 5722 5905 6083 7550 8076 8395 8408 8480 9393 9562 9972 10632 10942 10951
3985 31 1015 1674 1900 2926 3936 4890 8143 8205
3986 343 1631 2800 3977 5477 5861 6617 8977
3987 1527 3183 6230 6890 9907
3988 4653 6200 7119 9758 10025 10554 11041
3989 225 1208 2189 7451 8309 8844
3990 140 1208 1704 5856 8684
3991 141 233 299 1097 1208 1498 3173 3234 5956 10855
3992 280 281 322 330 876 877 1066 1236 1282 1575 1611 1660 2066 2161 2185 2661 2965 3045 3512 4141 4527 4663 4715 4748 4870 5201 5285 5320 5375 5393 5549 5550 5648 5658 5689 6129 6229 6380 6718 6745 7283 7478 7479 7498 7536 7589 8208 8300 8452 8568 8728 8985 9245 9595 9626
3993 7196 7204 10246 10430 10982
3994 2281 4133 5328 6653 7048 8752 9397 9811 10356 10971
3995 5 103 104 153 380 417 448 530 546 577 696 697 698 699 1221 1311 1335 2724 3051 4421 4813 4880 5410 5798 7146 7311 7486 7572 8112 8146 8165 8354 8433 8715 8895 9150 9391 9674 9891 10081 10174 10302 10305 10468 10556 10675
3996 646 2861 3721 9145 9548
3997 79 145 160 548 549 550 551 553 554 628 1902 4865 7937
3998 145 160 162 184 216 383 550 552 553 582 652 843 929 932 937 938 953 1024 1039 1126 1147 1189 1431 1649 1719 1893 1902 1906 1907 1910 1921 1934 1941 1943 1946 1958 1971 2084 2090 2091 2093 2094 2097 2098 2116 2252 2268 2290 2433 2445 2447 2452 2454 2456 2461 2462 2468 2500 2522 2525 2526 2528 2555 2588 2603 2606 2607 2622 2629 2698 2699 2701 2726 2754 2782 2804 2812 2867 2951 2971 2974 3042 3044 3087 3185 3237 3239 3243 3260 3267 3268 3274 3288 3637 4006 4097 4410 4597 4598 4618 4653 4659 4846 4894 4915 5266 5438 5545 5712 5743 5841 5886 5950 6049 6119 6716 7458 8389 8712 9758 9805
3999 1460 7897 7990
4000 139 140 142 216 506 520 583 585 984 1034 1059 1069 1131 1160 1192 1205 1227 1308 1440 1732 1807 1829 2157 2165 2179 2196 2376 2487 2496 2501 2523 2547 2548 2559 2571 2585 2630 2735 3163 3546 3549 3634 3916 4016 4020 4128 4295 4426 5666 6092 7863 7956 8475 8793 9295 9643 9730 9825 10212 10240 10329 10340 10350 10404 10431 10503 10530 10591 10669
4001 927 1033 1043 1278 1421 1492 2003 2136 2266 2319 2701 2731 2891 2933 3208 3228 3235 3340 3342 3350 4174 4409 4441 4520 4944 4987 5126 5127 5648 6210 6282 6528 7453 8001
4002 59 621 3326 3630 4532 5066 6321 6758 6921 7550 8240 8365 9092 10499
4003 615 1938 1944 2431 2434 3081 3082 3083 3085 3096 3154 3155 3195 3200 3201 5747 5749 6059 8236 9077 9538
4004 1220 1237 2919 3475 4288 4315 4398 4403 4756 5985 6233 6456 7663 7783 7790 8023 8594
4005 1315 3362 3449 5245
4006 4276 4491 7698 7824 8182 9851
4007 351 1004 1331 3944 4093 7946 9058 9575 9715 10687 10971 10995 11025
4008 746 6167 6937 7032 10816 10953
4009 1938 2394 2400 2874 2876 2980 3237 4816 7278 8500
4010 5204 5548 8038 8335 8844 8999 9980 10266 10430
4011 2015 4336 6613 7801
4012 237 243 785 1027 1302 1317 1461 1543 1586 1603 1743 2108 2113 2434 2441 2482 2507 2961 3257 3613 3660 3662 3664 3665 3666 3670 3742 3832 3834 3835 3840 3983 4383 5070 5752 6291 7278 9735
4013 103 683 975 1005 1179 2301 4426 5011
4014 4556 5030 5642 6288 6743 7311 7321 8642 8727 9148 9155 9333 9418 10022
4015 1521 2014 2096 2398 2547 2548 3144 3550 3635 4163 4873
4016 106 2386 2641 3576 5293 8837
4017 337 447 1245 1326 1371 1481 1641 1772 1846 2945 3498 4506 4862 4891 5040 5116 5301 5607 5642 5691 5784 5898 6103 6170 6223 6248 6414 6683 6691 6753 6800 7093 7142 7159 7309 7317 7319 7418 7719 7751 7831 8210 8288 8509 8571 8601 8779 8909 8963 9000 9107 9420 9904 10991
4018 8984 9912 9954 10246
4019 745 1769 2114 9748
4020 1989 3135 7783 8575 9319 9878 10220
4021 1255 1282 1363 1600 1700 4370 4894 6913 7262 8988 9529 9995 10117 10121 10476 10564
4022 26 1036 3154 5854 6363 6534 6693 6791 6936 7220 7245 7554 7591 8230 8654 8710 8756
4023 893 2668 3334 7793 8373
4024 677 4351 7352 7619 7694 10017 10108 10264 10337 10371 10519
4025 44 646 650 6663 9369
4026 1647 1658 8165 8914 9920 10294 10302 10426 10495
4027 1126 5796 9116 9201 10260 10852
4028 739 1310 1311 1601 1631 1814 1815 1880 2105 2220 2241 2569 2618 2681 2720 2767 2769 3148 3351 3963 4279 4596 4865 5722 5741 7469 7515
4029 8644 8709 8929 10387 10555
4030 968 1110 1266 1935 3122 4258 5786 6421 6633 7253
4031 182 1002 1906 2423 2834 5711 5963 6232 6254 6841 9906 9907
4032 280 515 738 898 1916 4894 6715 7684 9410 10684
4033 354 692 1476 1999 2714 5401 5755
4034 1077 1147 1916 2227 2829 3992 4597 9249 9264 10298 10499
4035 141 142 286 533 1918 2598 2659 2799 3195 4191 5410 7643
4036 2665 4627 7402 9281 9312 9394 9406 9411 9485 9497 9534 9674 9733 9891 9937 10068 10174 10294 10302 10422 10517 10554 10638 10675
4037 157 191 1369 1412 1571 2376 2390 2391 2392 2393 2394 2400 2401 2486 2781 3325 3903 4158 4167 4221 5629 6131 6193 6276
4038 552 2060 2504 3090
4039 120 122 254 616 708 741 870 1489 1490 1758 1968 1994 2015 2089 2218 2234 2356 2383 2435 2521 2561 2585 2630 2637 2638 2819 3139 3557 3560 3565 3574 3584 3849 3850 3852 3855 3857 3915 3995 4038 4040 4199 4294 4313 4330 4360 4702 4817 4835 4879 4892 4933 4988 5259 5277 5331 5463 5544 5612 5704 5718 5724 5775 5809 5941 5942 5968 6013 6017 6030 6057 6190 6271 6313 6406 6483 6621 6736 6741 6787 6794 6845 6855 6860 6922 6927 6928 7071 7168 7304 7607 7752 7757 7978 8464 10674
4040 4649 4970 7623 7639 8695
4041 1714 2050 2312 4370 4556 4607 4619 4836 4849 5090 5112 5741 5770 5843 5887 5923 6513 6544 6596 6609 6781 7212 7548 7603 7636 7725 7751 7831 7893 8024 8043 8325 8406 8533 8578 8695 8774 8837 8845 8977 9015 9089 9423 9535 9672 9991
4042 1079 4097 4126 4758 6999 7053 7182
4043 851 852 861 1285 1351 1419 2842 4799 4834 5424 7859 9126 9400 9505 10045
4044 3353 3604 6734 7833
4045 2156 2293 3153 3379 4149
4046 157 179 191 386 388 396 420 434 449 469 478 479 483 485 525 540 542 561 600 616 634 638 644 658 668 677 678 684 687 695 708 709 740 741 748 760 872 1105 1171 1223 1262 1285 1298 1357 1359 1365 1367 1382 1390 1391 1393 1419 1425 1456 1473 1475 1520 1571 1670 1672 1673 1675 1677 1864 1954 1959 1962 1966 1970 1976 1980 1981 1982 1998 2004 2011 2015 2018 2043 2057 2058 2068 2137 2155 2157 2159 2168 2171 2179 2182 2190 2197 2201 2207 2213 2218 2226 2228 2231 2232 2239 2249 2262 2376 2378 2384 2390 2393 2394 2630 2656 2673 2703 2721 2731 3040 3064 3078 3100 3106 3139 3141 3163 3193 3269 3275 3564 3636 3645 3703 3995 4038 4040 4085 4114 4159 4210 4217 4232 4233 4235 4248 4256 4269 4335 4360 4362 4363 4458 4489 4500 4575 4612 4981 5044 5105 5258 5441 5556 5620 5812 6151 6193 6252 6296 6383 6387 6445 6532 6725 6898 6982 7475 7650 7689 7711 7779 8142 8376 8636 8640 8645 8844 8979 9365 9381 9541 9687 9815 9870 9874 9977 10080 10105 10275 10340 10369 10406 10447 10448 10493 10536 10591 10622 10659 10661 10723 10740 10750 10755 10758 10762 10840 10848 10886 10933 10941 10962 10966 10972 11024 11026
4047 2880 3368 3369 3380 3381 3382 3384 3385 3386 3387 3388 3409 3410 4320 4723 4894 5238 6565 7751 9482 9842
4048 3906 4407 5599 6103 6665 7156 7666 7754 8457
4049 1510 3441 5974 8005
4050 1875 1876 2488 2550 2695 5870 6074 6329 6683 7501 7515 8491
4051 1133 1387 2584 2614 2621 2659 2671 2683 2696 2711 2752 2793 2801 2823 3407 3993 4002 4746 4863 5181 5380
4052 381 391 890 944 966 1002 1318 1767 3537 4572 5743 6067 6168 6894 8892 9327 9656 10383 10744 10932
4053 6290 6895 6954 7110 7868 8845 9245
4054 948 3055 7126 7716 7788 8217 8330
4055 1968 1994 2254 2366 4480 8304
4056 6443 9587 9589 9711 9774
4057 2265 5680 8351 9156 9943 10301 10787
4058 7619 9379 9674 10190 10776
4059 468 2143 4740 7606 8038 8313 8467 8779 8941
4060 7738 8123 10289 10854 11005
4061 233 3830 6846 8445 8489 10088
4062 16 17 36 190 998 1023 1311 1591 1599 2110 2111 2430 3483 3663 3664 3665 3671 3832 3840 4028 4451 4519 4720 4784 4954 5041 5136 5275 5858 5996 6386 7286 7347 7502 7983 8888 9667 9756
4063 263 1475 5627 5823 6371 6387 6445 8679
4064 827 6102 7515 8425 9319 10153 10771
4065 1295 2833 3246 3247 3289 6138 6672 6792 8371 9527
4066 161 843 2998 3239 4987 5900 5985
4067 266 343 1326 1334 1544 1558 2731 4115 4735 4976 5026 5030 5477 5772 6241 6431 7181 9943
4068 1255 1390 1391 1637 1728 3244 4083 5271 6162 6186 6494 7017 7273 7561 8035 10751
4069 5385 8982 9559 10417 10482
4070 3227 8308 9781 10160 10796
4071 1700 1846 2179 2376 2392 2394 4886 5438 6131
4072 7009 7740 9482 9733 9842 10027 10213 10486 10583 10720 10787
4073 2910 5438 10439 10453 10543
4074 157 3882 4190 5204 5755 5769 6193 6567 7067 7160
4075 153 438 1299 1300 1985 2242 2243 2300 2310 2826 3155 3184 4567 5384 6000 6328 7285 7451 7774 10125
4076 841 3239 3267 3268 3433 4319
4077 1927 6012 6783 8673 10037 10227 10545 10641
4078 2166 2178 3459 4998 6700
4079 1908 2461 2975 3422 4624 6452 9050 9409 9614
4080 16 387 486 732 2365 2930 3058 3471 3809 3948 4358 4602 5096 6181 6754 7559 8948 9257 9310 9782 10159 10423 10531 10584 10783
4081 6778 7317 8463 8915
4082 736 738 3195 5474 10646
4083 2663 2818 3975 4370 4534 5068 5621 5639 6474 7162 7446 7528 8035 8369 8451 8915 10773 10852
4084 3221 3277 4926 8035 8424 8548 10811 10993
4085 204 531 1102 1172 1842 2227 2286 3361 4100 6103 6153 7133 7723 8037
4086 140 464 1901 1977 2891 3434 3435 3621 4188 4951 9880
4087 4517 4976 5030 6341 7491 8871
4088 600 646 912 2244 2895 3290 4719 8841 9439
4089 7506 9321 9708 9967 10669 10709 10795
4090 2511 3028 3240 5564 6843 7842 7921 8553 8622 8944 9238 9311 9336
4091 2130 5694 5752 7227 8022 8436 8657 8773 8876 9256 9352 9557 9584 9786 10459 10628 10696 10927
4092 270 5257 6613 8407
4093 157 740 1736 1737 1858 2429 3244 4122 4146 5755 6193 6374 6521 7212 7239 7603 7679 8200 8650 9674 9986
4094 1990 2005 2800 3504 3527 3575 3642 3940 4115 4419 4577 4901 5958 6062 6900 7019 7167 7529 7615 7716 9291
4095 22 26 5681 6362 6441 6558 6707 7890 8143 8144 8220 8268 8370 8489 8513
4096 273 3246 3271 3297 3366 3981 4234 4600 4629 4674 4931 5333 5578 5767 6082 7162 7559 8613 8614 8907 9279 9517 9857 10616
4097 963 1194 7517 8474 8803
4098 2410 2411 6563 9671 9723 9845
4099 7092 10162 10214 10374 10450 10454 10567 10667
4100 1552 1757 2125 2354 2368 4462 5628 9639
4101 3354 3586 4376 8640 8914 10930
4102 1993 2851 2888 3961 4014 8312 8501
4103 728 729 3780 9411 9923 10342 10419
4104 1910 3330 4407 4728 5016 5334 6377 7305 8632 9582 10299 10421 10540 10546
4105 298 2685 3307 3880 4028 4320 5009 5116 6427 7228 7831 7910 8199 8593 8594 9137 9212 9645 9776 10169 10300 10913
4106 413 7367 8607 9233 9325 10004 10109 10480
4107 130 568 717 893 1242 1601 2583 2614 2619 4094 7955 8238 9699 10524 10525 10757 10871
4108 34 36 69 89 140 157 216 533 879 905 1027 1075 1077 1154 1231 1258 1264 1392 1450 1487 1586 1638 1797 1822 1832 1838 1880 1912 2122 2321 2393 2456 2466 2514 2557 2571 2595 2597 2635 2665 2712 2729 2736 2761 2854 2860 2884 2944 2990 3235 3285 3538 3543 3549 3550 3811 3992 4028 4175 4203 4389 4535 4586 4596 4720 4729 4778 4890 5662 6172 6193 6570 7278 7329 7373 7382 7654 7726 8456 8589 9011 9063 9110 11017
4109 32 2351 3149 7033 8176 8559 8678
4110 36 49 61 64 145 160 186 187 261 436 464 530 532 550 552 553 554 556 565 627 696 755 867 868 881 882 885 905 946 958 959 961 974 996 1010 1017 1019 1023 1026 1036 1051 1076 1091 1092 1114 1177 1184 1214 1328 1337 1406 1410 1520 1661 1662 1704 1851 1902 1916 1919 1947 2143 2147 2227 2286 2287 2304 2331 2398 2421 2423 2429 2446 2459 2460 2477 2499 2504 2517 2530 2535 2547 2556 2579 2622 2691 2698 2701 2706 2812 2932 2935 2981 3056 3079 3080 3081 3090 3125 3296 3318 3319 3363 3453 3962 3963 3965 4050 4080 4090 4230 4275 4426 4455 4509 4846 4850 5047 5472 5491 5494 5697 5807 5910 6357 6562 6668 7097 7104 7190 7268 7278 7359 7473 7521 7567 7587 7786 7944 8034 8175 8330 8507 8664 8944 9018 9038 9307 9331 9469 9873 9944 10377 10409 10442 10469 10471 10487 10580 10629 10636 10923 10951 11038
4111 897 1100 1501 1574 3049 3310 4646 4924 5073 6232 6470 6889 6957 7415 7490 7498 7776 9237 9595 10168 10657
4112 3735 8777 9634 9702 10162 10258 10301 10450 10943
4113 106 363 365 1146 1181 2542 2543 2637 2638 2656 3165 4310 4360 9817 10588
4114 469 1451 1558 1846 2015 2810 2833 4905 5393 5457 5509 6162 6294 7154 8162 9022 9100 9998 10761
4115 560 1316 1388 1554 2986 3244 3312 4865 5957 6180 6439 6784 6792 7029 7527 7790 7937
4116 835 1848 5795 5998 8951
4117 3075 4475 6465 7310 8692 9388
4118 627 2067 5265 5428 5479 5643 5906 5927 6883 6954 7156 7158 7244 7270 7563 7635 7848
4119 397 2293 3097 4425 6236 7684 10856
4120 1847 3215 3444 4521 4723 7636 7683 8907 9423 9608 10812
4121 5534 7912 9506
4122 73 251 267 268 270 295 300 437 516 716 717 753 838 902 1311 1317 1487 1542 1575 1580 1602 1631 1815 2370 2510 2570 2583 2619 2696 2862 2945 3331 3498 3531 3566 3664 3665 3738 3740 3762 3806 3808 3833 3834 3839 3930 3943 3945 4035 4155 4309 4332 4365 4383 4555 4746 4904 4965 4973 5041 5096 5171 5282 5290 5342 5412 5431 5584 5606 5763 6026 6106 6288 6325 6547 7354 8468
4123 110 112 401 402 432 509 700 1303 1464 1554 1556 1681 1729 1740 1843 1978 2755 2810 2833 2843 2883 2890 2917 2936 2942 2946 2948 2960 2986 3130 3208 3219 3220 3244 3303 3309 3702 3935 4031 4320 4380 4534 4635 4638 4750 4775 4816 4905 4912 5006 6220 6495 7936
4124 470 478 482 485 500 501 513 540 566 609 678 749 872 1571 1733 2270 2341 2435 2476 2489 2497 2508 2521 4335 4336 4411 6898 7313
4125 1521 2018 2227 5335 6244 6383 7243 7702 8815
4126 58 900 1668 3515 3952 6036 6042 7427 8845 9595 9861 10003 10089 10204 10292 10418
4127 3090 5385 5844 6329 6572
4128 921 1638 1683 5741 6471 8070 8531 9482 9526 9699 10417
4129 429 5202 6475 8759 10050
4130 976 2227 2398 2508 3904 4226 4228 5653 9472 10137 10210 10230 10398 10471 10976
4131 36 271 291 912 1144 1361 1376 1545 1664 1750 2694 2942 3036 3117 3130 3218 3727 3847 3971 4290 4569 4762 4951 4961 5317 5319 5546 5623 5661 5872 5925 6160 6428 6504 6570 6583 7137 8239
4132 411 6449 6450 9474 10323
4133 200 269 509 1684 1694 1749 3068 3157 4049 4397 4505 4677 4886 4903 4985 5076 5327 5423 5494 5584 5687 5741 5840 6093 6097 6412 6670 6802 6806 7506 7985 8064 10061
4134 269 5341 7314 7558 8299 8713 9016 9237 9323 11014
4135 140 168 391 465 476 478 480 540 638 886 2659 2722 2768 3078 3096 3154 3155 4653 8282 9758 10874
4136 2857 6741 6787 8161 9370
4137 31 34 1912 1918 4349 7879 8692 8931 9213 9296 11017
4138 47 280 3299 3301 5702
4139 1147 1362 1661 1662 1882 2207 2232 2295 2437 2470 2567 2568 2608 3056 3343 3434 3464 4386 4810 5128 6013 6124 6207 6670 6808 7200 7230 7307 7453 8119 8504 8826 9936
4140 3978 4039 4362 5941 7578 9050 9274
4141 2187 3208 4640 5505 5578 5829 6186 6618 7353 7406 7513 7682 7715 7807 7985 8136 8162 8210 8253 8381
4142 98 245 384 437 459 472 630 717 751 753 881 942 1000 1601 2170 2492 2494 2510 2912 3310 3353 3406 3427 3605 3617 3759 3982 4309 4484 4658 5486 5723 6176 6770 8372
4143 7314 9016 9120 9224
4144 60 61 64 82 103 140 147 148 153 174 176 182 238 257 258 298 299 300 463 537 622 624 643 659 661 674 685 701 718 882 990 997 1026 1036 1037 1044 1063 1116 1117 1118 1147 1257 1440 1497 1579 1604 1778 1780 1783 1819 1833 1875 1876 1902 1910 1918 1936 2123 2124 2127 2272 2286 2323 2333 2353 2361 2404 2430 2438 2475 2479 2487 2488 2493 2499 2504 2578 2590 2595 2597 2598 2599 2604 2605 2609 2611 2618 2635 2653 2667 2698 2706 2743 2744 2757 2778 2790 2814 2873 2935 2954 3001 3074 3083 3085 3090 3091 3097 3120 3122 3125 3154 3155 3187 3255 3300 3341 3399 3417 3453 3546 3549 3593 3694 3800 3863 3881 3908 4004 4032 4054 4057 4108 4113 4115 4129 4227 4296 4341 4384 4447 4466 4471 4549 4553 4598 4665 4777 4959 4970 4979 5005 5007 5009 5131 5157 5298 5378 5413 5438 5569 5851 5880 5905 5981 5991 5998 6126 6185 6329 6354 6357 6482 6688 6693 6819 6938 7125 7171 7207 7320 7469 7473 7611 7861 8377 8403 8893 8913 8930 9036 9289 9329 9340 9362 9402 9875 9981 10007 10049 10126 10210 10345 10387 10555 10832 10879 10893 10975
4145 4327 6263 7366 9130 9623 10604
4146 1508 2771 3019 3657 4696 5554 5694 7007 7085 7388 8429 10482
4147 9 214 216 349 735 738 905 920 922 1027 1154 1407 1660 2926 2939 2957 3017 3085 3096 3445 3537 3538 3542 3543 3549 3550 3765 3788 3889 4287 5396 5485 5526 5787 6662 7180 7278 7499 7597 7741 7747 7858 9484 10576
4148 469 7200 7573 8134 9762 9770
4149 7 172 6950 7014 7245 7614 7832 7845 8259
4150 6749 8580 8836 9075 9678 9682 9699 9727 9922 10032 10184 10466 10512 10519
4151 4898 6006 7822
4152 7800 9400 10032
4153 1435 2096 3582 3690 8896 9530 9810 10712
4154 1038 6715 7314 8355 8783 9016 9129 9482 9543 9828 9842 9997 10028 10037 10079 10083 10364 10421 10512 10545 10787
4155 6172 9270 9394 10104
4156 3 1557 7227 7879 8441 8609 8876 8886 8899 9189 9213 9263 9666
4157 3246 7795 9129 9828
4158 5352 6035 6313 7615 8517
4159 60 3080 3595 3729 3789
4160 921 7740 8778 9445 9927 10430 10727 10787
4161 277 3196 6311 7651 8193 8405 8531 8739 9080 9097 10464 10507
4162 1426 3597 3729 3988 4243 5261 6027 6040 6128 6259 6376 7041 7428 7471 7584 8105 8134 8344 8397 8517 8673 10986
4163 5935 8082 8150 8517
4164 1336 1512 5347 5900 8607 8896 9021 9463 9481 9482 9574 9842
4165 581 646 1908 2447 2462 2525 4653 6690 9758
4166 3564 4256 4500 10458
4167 42 9310 9498 9718 10240 10266 10419 10438 10520
4168 267 717 2945 3504 3517 3521 3522 5109 5294 5958
4169 5016 5974 6064 7028 7247 7682 7683 8829 9020 10010 10860 10982
4170 650 1344 2761 2925 3390 4652 5262 5986 9103 9526 10787 11031
4171 606 1024 1039 1116 2667 5270 5680 7207 7406 7681 8312 8538
4172 1978 2726 5264 5830 5993 6033 6064 6807 8353 8451 10017
4173 431 1321 1388 1496 2919 3087 5708 6138 6180 6784 6885 7836 8463
4174 361 362 4288 9265
4175 200 225 2501 3340 3343 4501 4796 4974 5127 5128 5129 5777 6191 6207 6332 7023 7453 7788 8290 8558 8565 8907 9879 10389 10951
4176 3252 3327 6623 7653 9109 10564
4177 4071 6577 9068 9655 10386
4178 3312 7790 10149
4179 600 1315 1760 2400 2401 2998 3170 3286 3886 5095 7598 7676 8181
4180 548 4567 5921 7273 7781
4181 80 5555 7709 10011
4182 281 521 2393 2484 5438 5665 7155 7640 9980
4183 234 7034 7790 8349 8470 9293 10027
4184 3237 3243 3288 4319
4185 342 444 450 512 724 960 1047 3144 4279 5551 5552 7776 8468 9470 9800
4186 3 190 207 1468 2015 2069 2089 3073 3706 3970 4228 4713 5596 5843 6477 7316 7376 7547 7601 7700 7765 7800 8149 8260 8510 8570 8600 8723 9001 9186 9332 9337 9469 9579 9661 9685 9759 9814 9969 10284 10363 10457 10484 10526 10538 10558 10570 10669 10689 10730 10784 10803 10810 10822 10837 10848 10858 11004 11024 11027 11036
4187 39 146 415 437 474 889 1601 3320 3432 3661 3944 4484 7946 8512 8823 8833 8862 9254
4188 9366 9674 9818 9915 10845
4189 669 1687 2430 2456 2520 2665 3082 4115 4447 4559 5528 6160 8236 8403
4190 4575 5635 8065 8278 8531 8672 8770 8841 8941 9067 9093 9103 9244 9427 9837 10019 10037 10421 10867
4191 6103 6909 7577 7791 8018 10301
4192 1806 3477 6963 7509 9112 9989 9990 10037 10850 10923
4193 856 4038 6694 7774 9717 10804
4194 8038 8999 9488 10037 10496 10509 10545 10584
4195 4097 6690 9479 9536
4196 30 1487 1773 1929 2414 2574 2700 6379 7379 8817 9457 9664 9809 9810 10088 10487
4197 280 342 3579 4278 5420 6592
4198 489 627 1154 4984 5158
4199 145 146 152 171 316 552 682 722 950 954 967 987 988 993 997 1003 1005 1017 1028 1031 1109 1137 1199 1642 1828 1914 1916 1923 1929 1945 1955 2069 2089 2399 2415 2430 2438 2490 2519 2520 2530 2593 2595 2675 2850 2930 2931 2943 2944 3001 3002 3053 3054 3344 3364 3422 3537 3615 3800 3862 3880 4060 4115 4262 4357 4643 5298 5300 5351 5627 5707 6150 6444 6509 6731 6977 7171 7285 7532 7565 7944 8564 8601 8630 8682
4200 145 552 1786 1902 3229 8213 8370 8819 8999
4201 41 8838 8858 8886 8892 8932 9038 9058 9102 9182 9211 9215 9256 9500 9503 9560 9572 9619 9739 9829 9884 9915 9959 9962 10028 10177 10208 10217 10260 10375 10401 10411 10459 10467 10577 10682 10692 10713 10735 11021 11033
4202 604 7879 8239 8468
4203 2135 2301 2984 7135 10849
4204 1520 1763 3082 3083 4099 5563 8236 8701 9349 10587
4205 738 2902 3449 5528 5938 5963 6309 6367 6893 7070 7072 7521 8646 8735 8838 8889 9426 9535 9668 9733 9867
4206 1445 2372 3336 3768 4540 5045 5630 5631 5817 6702 7525 8038 8215 8264 8594 8792 8868
4207 1363 1447 1533 1660 1944 1978 2875 2946 4380 4880 6103 6370 6445 6667
4208 1709 3114 4585 5971 7068 7480 8390 8531 9277 9493 9655 10291 10548
4209 779 811 1270 1755 1776 2782 3239 3249 3563 3723 4727 7338 7412 7642 8472 8769 8785 8847 9309 9460 9465 9865 9915
4210 2393 6882 7686 8642 9305 10564 10657 10993
4211 5236 6370 7739 8684 10389 10404
4212 127 3815 3816 3817 4085 5566 5629 7139 8413 10620
4213 153 579 5788 6229 7102 8751 9189 9794 9860 11023
4214 227 491 1447 1540 2321 2659 2764 3140 3295 3531 3559 5918
4215 945 1438 1502 1610 3989
4216 4620 5043 5651 6177 6643 6783 7530 7703 8449
4217 1283 3093 3273 4047 4066
4218 345 533 631 1889 2096 2932 2962 3144 3629 4796 7713 8395 11007
4219 3021 7247 9045 9235 9457 9496 10088 10486 10594
4220 7653 10039 10231 10670
4221 7110 8458 10017 10863
4222 917 1087 1129 1150 1278 1291 1384 5986 7618 7707 8425 9281 9548 9574 10677 10787
4223 34 2286 2299 3080 3257 3453 6378 8370 8445 8513 8608 10632
4224 560 1239 6494 8483
4225 462 1393 1473 1680 1702 1770 2296 2355 2459 2460 2981 3085 4866 6261 6329 7176 8530 8961
4226 282 289 2069 2476 2540 2577 2596 2637 2868 3096 3790 3796 3824 4446 5058 5193 5311 6125 6154
4227 4960 5808 6305 6481 6792 7335 8587
4228 9535 10077 10089 10428 10524 10823 10871
4229 156 476 1082 1473 1710 1758 1962 2350 2807 3560 5629 5965 6009 6013 6103 6235 6521 7484 7801 7831 8029 8103 8258 8570 8794 8903 8965 9032 9076 9163 9274 9332 9369
4230 3473 3641 4598 6032 6780 6813 7054 9115 9832
4231 4417 8551 8961 9551 9734 10056 10430
4232 393 2709 3085 3887 3925 5193 6728 7635 8737
4233 6645 6706 7891 8038 8162 8264 8462 8505 8519 8520 8529 8538 8544 8580 8588 8872 8937 8963 8999 9021 9022 9177 10065 10835
4234 4989 5086 5288 6728 7153 7507 10007
4235 165 4208 4373 8483 8617 8826 8896 9119 9865 10019 10037 10078 10464 10507 10542 10548 10564 10578 10582
4236 498 2900 6535 7110 7142 8217 8679
4237 1026 1849 2935 3221 4811 4846 7028 10139
4238 119 2939 3946 7179 7666
4239 225 232 498 797 1371 1558 1714 1772 2586 2834 3062 4742 4890 5161 5236 5481 5599 5642 5644 5695 5792 6167 6225 6341 6414
4240 6103 7409 8149 9790
4241 1210 1419 1670 1970 2476 2486 6363 7343 7385 8992 9892
4242 5639 6204 6880 6945 7668 8548 9023 9864 9888 9924 9997 10751
4243 1788 4218 6329 10085 10598
4244 1264 7384 7774 8811
4245 49 53 192 2780 2865 3285 3669 7352 7724 7730 7872 7876 8610 8737
4246 4659 7492 9092 9218 9314 9604 10020
4247 7740 9207 9305 10430 10489 10588 10752 10766
4248 1154 1474 1739 2015 2287 4875 6309 6414 6789 7044 7176
4249 146 216 522 555 903 1093 1352 1447 1528 1621 1949 1951 2119 2185 2426 2605 2906 3090 3266 3370 3542 3646 4113 4205 4570 5015 5097 5302 5317 5395 5452 5455 6058 6438 7118 7278 7373 7387 8496 9866
4250 1066 3273 4098 4972 5753 6600 7526 7651 8424
4251 330 391 1211 1686 3975 4909 5866 7133 8110
4252 6285 6617 6734 6851 7020 7237 7327
4253 11 15 533 2981 3085 3127 5889 7118 8438
4254 898 2149 2783 2842 3528 4536 5097 5170 5815 5924 7893 8998 9002 11005
4255 21 34 145 160 553 738 1902 4737 6684 6776 6999 8587 9771 10030 10501
4256 1447 1999 4310 6537
4257 6950 7006 7805
4258 85 388 1273 1408 1412 1482 1500 2131 2309 2795 2840 4255 4595 4810 5237 5559 6124 6151 7356 8066 8218
4259 738 6431 6866 7390
4260 1901 2832 6898 8383 9433 9461 9894 10115 10371 10430 10509 10512 10526 10584 10899
4261 6734 7374 7892
4262 823 1308 1409 1624 2181 2206 2960 5035 7515 8692
4263 88 119 657 996 1623 2437 2577 3009 3253 4181 4272 5491 5892 9318
4264 23 2013 2387 2418 2756 4829 5469 5905 6339 6369 8180 8335 8367
4265 1248 1666 4782 5404 7626 8919 8920 9366 9553 10160 10823
4266 246 1226 1313 3602 4623 4625 7862 9051 10430 10725
4267 11 4139 6019 6243 7677
4268 31 157 179 222 380 454 577 696 697 797 1063 1086 1121 1133 1147 1155 1172 1200 1208 1265 1266 1274 1295 1315 1319 1389 1521 1832 1837 1838 1840 1912 1971 1974 2150 2192 2352 2377 2459 2460 2615 2621 2659 2661 2668 2678 2686 2731 2781 2850 2987 3068 3082 3086 3138 3154 3155 3191 3225 3237 4106 4187 4191 4209 4229 4857 5963 6193 6754 6798 7267 7422 7492 7713 8236 8307 8451 8601 8990 10943 11017
4269 280 454 521 725 982 1092 1118 1257 1358 1999 2468 2655 2668 3655 3679 3802 4126 4758 6195 7451 8077 8815 9680 10503 10924
4270 4735 7682 8064 8601 8628 8642 9000 9114 9257 9699
4271 216 579 661 1141 1941 2036 2227 2398 2399 2516 2701 3973 4779 5102 6442 9923 10323 10409 10471 10576 10598 10892 11035
4272 1401 1964 2910 3352 3438 4615 4798 4957 4963 5030 5065 5129 5159 5321 5354 5446 5479 5623 5661 5685 6572
4273 425 1352 3065 4628 4661 5234 6288
4274 771 773 778 781 1336 1545 3450 3607 3727 3788 4437 5275 6149 6941 7241 8026 8147 8804 9261 10890
4275 383 2528 3155 3416 4811 5963 6268 6668 7019 7153 8475 9295 9340 10017 10190 10591
4276 736 1120 1242 1872 2533 2560 2583 2619 2621 4765 5474 6480 6536 7947 7950 7955 8238 8767
4277 64 391 1363 1882 2227 6259 6504 7200 8262 8826 8872 9151 9323 10280 10306 10591 10821
4278 1552 1878 1905 2227 3090 3237 3366 3536 6051 6844 7783 8254
4279 382 1275 2895 7456
4280 763 783 787 1201 1910 3671 3727 3728 3784 4174 4259 4437 6119
4281 518 547 1353 1972 2323 2534 3897 4048 4840 5929 7241 11029
4282 7106 8759 8779 8807 8876 8938 8988 9002 9021 9022 9075 9136 9151 9155 9172 9327 9471 9499 9577 9656 9662 9678 10069 10079 10117 10132 10150 10306 10455 10510 10558 10680 10696 10744 10751 10880 10985
4283 1351 4933 5249 8615 9130 9599 10189
4284 275 312 313 1642 2781 3230 3535 4120 5271 5427 5543 5903 7353 8162 8907 9526 10012
4285 5109 5380 6523 6810 7544
4286 504 506 507 583 592 1105 1981 1982 2436 2498 2517 2523 4622 5540 9952 9955
4287 3249 3669 3763 6582 6991 8700 9045
4288 627 2828 5675 5700 5837 5873
4289 3775 4898 8628 9436 10787
4290 724 1725 1764 3958 3977 4378 4433 4517 4628 4735 4762 4886 4976 4995 5013 5026 5030 5148 5191 5284 5407 5457 5477 5599 5687 5792 5898 5922 5948 5959 6010 6048 6090 6277 6341 6666 6802 7263
4291 1159 4185 8751 8866 8899 9798
4292 419 568 701 816 2352 2362 2882 3202 3359 5062 6059 7152 7317 8110 9327 9543
4293 66 173 174 190 300 564 565 591 1005 1036 1044 1063 1147 1199 1221 1363 1704 1756 1837 1838 1840 1841 1880 1881 1884 2129 2133 2147 2398 2450 2621 2683 2767 3081 4779 4872 5116 5168 5270 5807 5887 5905 5948 6194 6199 7774 8433 8880
4294 2877 7922 9148
4295 99 3164 4357 4405 5559 5981 10576 10598 11035
4296 5885 6906 7773
4297 271 3018 4582 4610 4828 4898 5589 6040 8827 9007 10209
4298 390 1105 1670 1758 1871 1968 2217 2597 3101 3855 3915 3929 4531 4549 4660 5122 5390 5724 5941 6017 6152 6761 6799 7287 7381 7567 7928 8161 9306 9629 10122 10148
4299 31 919 7654 9425
4300 4889 4919 6136 7089 7090 9427
4301 52 1743 2419 3045 3329 3750 3989 4306 5050 5204 5884 5956 6284 6560 7618 8232 10259
4302 319 359 1257 2353 2417 2536 3150 3360 4183 5648 5707 6432 6989 7893 8302 8665 8955 9234 9367 9611 10422 10754 10911
4303 216 2075 2789 2816 3392 3393 3477 3538 3885 4423 4906 4954 5860 5902 7424 8005 8657 9256
4304 1899 7797 8056 8852
4305 1134 3088 3089 6111 7688 10123
4306 451 1874 2160 3090 3359 4351 6993 7961
4307 475 476 477 478 480 484 485 513 540 588 609 617 749 1105 1160 1171 1181 1250 1285 1670 2540 2795 4089 4335 4627 4810 4933 5044 5102 5418 5428 5667 6124 6740 6823 8401 8724 9476 10673
4308 1890 3862 9622 9683
4309 158 536 1147 2450 2556 5998 6648 6968 7388 7673 8896 10295
4310 1105 1351 4314 8413 9660 10303
4311 921 1133 1315 3182 3208 3327 7327 7357 7751 7912 8322 8463 8531 8580 8619 8792 8964 9327 9678 9998 10037 10587 10811 10860
4312 44 1754 3020 4546 4615 5429 5672 6177 6663 7018 7823 7890 8449 8841 8941 9191 9427 9732 10421
4313 26 1032 1063 1314 1400 1704 1918 2305 2393 3904 4669 5653 6952
4314 3737 4916 4950 8176 8745 9393 9474 9483 9559 9575 9715 10817 10866 10871
4315 104 145 555 718 719 961 1154 1440 2288 2302 2350 2435 2599 2635 2873 2954 2962 3631 3718 3774 3908 3932 4017 4135 4180 4181 4203 4757 4777 4957 5902 8290 8395 10893
4316 58 1616 4841 5206 7670 9800 10836 10996
4317 102 205 1187 1630 1991 2576 2595 2695 2760 2887 3146 3741 5561 7422
4318 402 3221 3363 6091 6233 8766
4319 172 600 822 2421 5741 6734 6929 6963 7020 7060 7142 7204 7263 7317 7411 7546
4320 1734 1931 6690 7436 7695
4321 1715 6323 6471 9418 10908
4322 192 577 1303 1322 2195 2214 2228 2316 2347 2755 2927 2960 3101 3312 3635 3638 4538 6040 6495 8087
4323 26 2537 6217 6684 6875 7578
4324 321 430 497 8110 10523
4325 6160 8047 8445
4326 328 336 433 1827 1841 1885 2156 2158 2166 2167 2169 2590 2893 2972 3067 3673 3965 4105 5588 5711 5824 6000 6503
4327 53 140 432 469 738 1002 1072 1195 1211 1230 1307 1315 1387 1838 1882 1907 1916 1958 2143 2535 3208 3453 4129 4357 4905 4915 6049 7152 8800 9360 10244 10819
4328 525 562 565 583 996 1063 1094 1160 1171 1210 1250 1637 1670 1671 2435 2476 2489 2497 2521 2528 2561 2834 3675 3865 4190 4295 4587 4783 5236 5491 5802 11017
4329 190 1043 1133 1282 1308 1524 4028 4619 4666 4751 5283 5304 5344 5741 5792 5815 5976 7199 7489 7576 7773 8086 8540 8692 8722 9312 10302
4330 2268 2332 5986 7017 9758 10483 10517
4331 1264 1833 3068 3209 4414 7715 8443 8668 10517 10523
4332 7778 9123 9382 10024 10095 10873
4333 1893 2183 2926 3885 8283 8388 9149 10215 10280
4334 190 1315 1387 1544 1730 1764 2312 2834 3964 4849 5965 6089 6341 6342 6405 6419 6460 6609 6806 7725 7774 7791
4335 8237 8384 8552 9631
4336 323 324 840 9783 9989 10078 10413 10683
4337 1096 2704 2735 3873 6193 7801 9619 9688
4338 26 1557 2630 2656 3154 3155 3538
4339 4585 4707 4748 4889 4916 4917 5578 7480 9493 9699 10430
4340 6198 8339 9098 9672 10516 10640
4341 323 324 4250 7827 8679
4342 228 442 1687 1694 1703 1718 1725 2080 2834 2864 2967 3110 3688 3812 3989 4404 4430 4564 4619 4628 4633 4636 4661 4684 4787 4799 4813 4856 4867 4904 4983 4985 5030 5076 5099 5103 5113 5116 5156 5164 5169 5236 5239 5252 5256 5282 5284 5320 5342 5348 5356 5380 5407 5410 5411 5424 5431 5440 5442 5449 5450 5461 5481 5496 5584 5614 5625 5642 5695 5741 5843 5898 6301 6431 7142 7680
4343 531 1398 3027 3147 3277 3633 5692 7355 7732 7751 9327 10586 10587
4344 7 181 264 332 398 413 429 468 527 531 600 605 821 823 824 825 826 828 829 831 848 878 906 1012 1133 1208 1299 1300 1315 1387 1409 1426 1474 1510 1512 1544 1550 1623 1624 1713 1735 1741 1765 1834 1877 1993 2267 2320 2345 2659 2670 2776 2779 2910 2925 2944 2955 3023 3042 3049 3062 3072 3077 3091 3208 3216 3227 3238 3248 3277 3280 3360 3364 3513 3563 3582 3616 3617 3618 3736 3809 3869 3967 3982 3997 4023 4097 4295 4329 4408 4469 4542 4556 4574 4586 4644 4652 4695 4709 4748 4846 4867 4921 4925 4926 4949 4956 4962 5055 5057 5068 5132 5139 5183 5209 5245 5284 5356 5374 5465 5625 5629 5666 5668 5697 5746 5819 5846 5903 5925 5935 6004 6010 6040 6077 6115 6141 6153 6171 6204 6259 6275 6300 6314 6316 6351 6384 6436 6463 6570 6584 6622 6674 6726 6737 6788 6795 6802 6832 6856 6864 6869 6965 6975 7005 7014 7016 7037 7067 7082 7099 7161 7249 7293 7325 7337 7377 7393 7395 7396 7491 7516 7573 7584 7614 7619 7628 7694 7723 7735 7773 7794 7805 7828 7845 7911 7941 7947 7972 8098 8139 8150 8156 8158 8191 8192 8259 8309 8310 8324 8350 8360 8375 8420 8442 8446 8473 8482 8505 8515 8544 8554 8590 8641 8692 8716 8734 8745 8759 8762 8793 8797 8812 8824 8827 8828 8829 8843 8866 8928 8943 8956 8982 8994 9003 9007 9042 9117 9141 9192 9224 9248 9344 9345 9369 9380 9385 9403 9444 9474 9479 9480 9524 9527 9529 9533 9559 9603 9666 9669 9762 9763 9791 9817 9976 9980 9985 10008 10038 10141 10188 10209 10251 10255 10289 10320 10375 10389 10401 10417 10455 10482 10488 10540 10599 10609 10610 10672 10711 10731 10771 10794 10876 10877 11023
4345 1255 1346 1347 1700 1870 1900 1965 2528 3736 4567 4894 5205 5211 5438 5525 5963 6201 6822 7133 8205
4346 2923 4416 6665 8194 8864 10122
4347 266 1503 1558 4983 5161 5680 5691 5940 6225 6371 6670 7363 7459
4348 392 1426 1498 2781 4536 4987 5035 5886 6474 6669 7081 7485 8023 8300 9388 9713
4349 1989 5743 10358 10426
4350 974 1010 1218 1346 1347 1498 2528 2726 2885 3027 3286 3416 4370 4628 4653 4894 5187 5363 5548 5578 5755 5963 6000 6162 6165 6471 6539 7054 7200 7223 7612 8601 8729 9408 9758
4351 3475 3863 4729 5631 7029
4352 603 1440 2523 4318 4540 5637 5692 6347 8103 8817 8990 9606 10460 10598 10750 10898 11027
4353 370 400 5999 7627 8212 8397
4354 21 30 39 61 140 145 160 419 421 463 517 521 533 550 552 553 556 584 602 604 605 606 618 652 662 664 665 725 865 979 984 1165 1363 1426 1435 1544 1550 1704 1767 1901 1902 1909 2290 2295 2304 2547 2726 2907 3090 3255 3261 3300 3381 3439 3538 3678 3713 3863 3923 3960 3968 4044 4050 4207 4211 4384 4428 4653 4777 4778 4788 4800 4894 4956 5082 5397 5438 5738 5778 5963 6421 6471 6684 6999 7040 7186 7279 7348 7447 7463 7699 7737 8389 8433 8530 8531 9038 9758 9795
4355 1208 2742 3511 6390 6897
4356 3182 3208 7385 10001 10037
4357 5528 6587 6733 6853 7178 7857 8013 8488 8650
4358 3791 4314 7168 8464
4359 8900 9447 10371 10887
4360 120 157 190 203 238 292 294 363 364 380 448 499 519 562 563 564 565 567 577 583 587 616 698 699 708 741 801 802 803 805 806 807 810 866 869 1036 1077 1139 1160 1171 1181 1199 1210 1250 1393 1419 1447 1473 1489 1490 1499 1533 1677 1680 1691 1702 1712 1739 1758 1770 1869 1871 1961 1968 1994 2000 2012 2015 2017 2021 2022 2026 2032 2065 2069 2082 2092 2095 2184 2186 2198 2199 2207 2218 2226 2227 2234 2235 2249 2253 2260 2270 2280 2286 2287 2289 2291 2302 2315 2337 2338 2375 2390 2391 2392 2393 2394 2398 2400 2401 2435 2436 2469 2476 2483 2489 2497 2508 2514 2517 2521 2534 2561 2577 2585 2596 2627 2630 2637 2639 2645 2656 2668 2673 2713 2778 2784 2819 2824 2825 2847 2864 3040 3064 3079 3110 3139 3140 3163 3321 3559 3572 3580 3623 3683 3703 3786 3897 3937 3941 3956 3978 3995 3999 4038 4039 4040 4085 4086 4114 4132 4163 4167 4204 4313 4314 4330 4360 4362 4363 4399 4660 4786 4815 4823 4872 4873 4875 4892 4971 5056 5080 5158 5168 5186 5197 5277 5439 5566 5567 5765 5775 5809 5810 5904 6013 6035 6046 6126 6131 6193 6197 6199 6404 6538 6597 6606 6630 6949 7061 7158 7176 7185 7264 7302 7382 7472 7549 7710 7721 7863 7929 8137 8194 8234 8401 8464 8846 8923 9049 9072 9142 9204 9269 9381 9414 10674
4361 42 986 1842 2781 2962 4218 6273 8395
4362 7933 8672 8770 8860 9067 9244 9463 10867
4363 3111 8676 8677 8991
4364 6335 8386 8409 8767 9627 10910
4365 2057 2058 2196 5562 5900
4366 1237 2677 2712 3148 3179 3205 4099 4224 6243 8427 8965 9429 9748 10318 10327 10457 10689 10806 10945
4367 36 601 1728 2210 2661 2772 3197 3473 3906 4299 5408 5861 5936 6064 7317 7847 8451 9262
4368 3185 3808 4084 4777 7058
4369 19 998 2309 2943 3012 9698 10409 10950
4370 733 735 736 791 2474 5474 5482 5829
4371 2525 5337 5438 8841 10048 10298 10545
4372 576 842 2705 2832 4319 7332 7619
4373 8038 8156 8288 8571 8580
4374 157 224 376 496 627 738 810 813 843 1044 1057 1221 1241 1274 1341 1349 1392 1398 1474 1477 1504 1505 1563 1588 1620 1638 1669 1986 1992 1999 2028 2050 2245 2251 2344 2376 2393 2714 2716 2746 2777 2782 2812 2821 3010 3020 3065 3074 3121 3137 3139 3197 3209 3210 3222 3633 3637 3683 3684 3819 3872 3941 3961 4139 4145 4348 4374 4413 4430 4545 4563 4564 4572 4615 4619 4661 4727 4784 4836 4883 4955 4963 4966 4970 5005 5043 5076 5083 5086 5098 5116 5147 5158 5160 5170 5211 5237 5254 5270 5282 5283 5336 5339 5340 5362 5372 5379 5382 5384 5410 5411 5416 5454 5479 5487 5494 5505 5513 5527 5565 5598 5599 5609 5614 5622 5636 5642 5657 5674 5680 5687 5697 5716 5721 5728 5741 5744 5757 5778 5815 5820 5837 5839 5858 5873 5874 5912 5927 5965 5978 6016 6046 6076 6102 6103 6133 6177 6193 6282 6327 6344 6371 6394 6420 6501 6518 6711 6734 6743 6908 7156 7642 7740
4375 1113 1126 3090 5453 9293
4376 266 314 316 346 1158 1331 2013 2035 2715 3043 3669 4115 4450 4451 4478 4717 4773 5222 5584 5590 5741 5843 7729 8266 8292 8352 8775 10823
4377 1575 2045 3116 4894 7308 7575 9223 10527
4378 193 855 862 863 2849 3901 3918 5090 5240 6769 6854 7161 8228 9666
4379 230 1005 1695 5371 6584 7262 7585
4380 2931 2957 3291 3536 5651
4381 815 1342 1787 1904 2491 2699 3990 10145
4382 7617 7669 7725 7986 7999 8009 8069 8186 8282 8303 8384 8485 8578 8658 8845 9461 9551 9602 9822 10418 10428 10608 10763
4383 410 2801 3043 8601 9144
4384 29 263 1371 1451 1481 1503 1638 1641 1714 1764 1843 1846 1850 2989 3182 3208 3216 4891 5380 5509 5937 6112 6405 6633 7059 7246 7902
4385 53 428 533 1363 3130 3725 4898 5989 7831 7890 8241 8312 8607 9732 10004
4386 546 1447 1668 4661 7671 7851 8014 8069 8129 8191 8194 8340 8384 8484 8923 9717 10886
4387 355 758 1435 1440 1779 2727 2758 2932 3006 6266 8173
4388 43 157 234 307 462 984 1036 1048 1147 1154 1291 1384 1611 1837 1852 1909 2189 2227 2287 2320 2659 3070 3277 3462 3967 4263 4311 4509 4540 5505 5531 5663 5684 5986 5994 6193 6339 6350 6668 7017 7637 8205 8797 9524 10244
4389 417 2778 3927 4487 4788 5382 8443
4390 1487 3045 9397 10301
4391 1299 1300 2166 2167 7813
4392 2584 2659 2909 7147 8332
4393 1232 1732 1735 1905 2668 2749 2846 2990 3595 3688 4260 5339 5340 5700 6052 6171 6679 6690 7076 7140 7149 7470 7501 8159 8214 8254 8362 8375 8842 9024
4394 190 5992 6694 7650 10244
4395 391 1748 3955 4653 9758
4396 157 2783 2794 3085 3154 3155 5453 6130 6193 6387 6445 6875 7141 7901 8266 8396 8412 8684 8756 8940 8996 9015 9031 9033 9066 9068 9094 9097 9154 9246 9261 9270 9281 9287 9332 9348 9421 9506 9566 9707 9868 10020 10183 10300 10306
4397 5 694 993 1005 1044 1109 1173 1178 1309 1311 1335 1563 1600 1624 1660 2108 2462 2519 2520 2527 2761 3613 3846 4426 5151 5876 6650 6943 7489 9735
4398 5227 10340 10534 10591
4399 4331 7181 7428 8381 9103 9341 9501 9666 9964 9989 10037
4400 15 35 383 582 816 984 1700 3241 4068 5003 5408 6034 6086 7521 7879 8608 9754
4401 2600 2740 5873 6427 6884 7514 8542
4402 157 806 1036 1696 1758 1968 1994 2253 2287 2383 2401 2764 2778 2825 3040 3139 3163 3856 4323 4362 5044 5276 5775 5793 5823 6003 6017 6135 6193 6212 7774
4403 452 1203 6138 6332 6504 6841 6876
4404 506 1089 1105 1250 1285 1671 1758 1959 2287 2390 3897 4480 5815 6395
4405 1146 1842 1959 3574 4366 4613 9591 9940 10535 10627
4406 618 1466 3237 5427 7338 7476
4407 1504 1648 1649 7543 9218
4408 391 430 1724 1767 2834 2926 2998 3220 3888 4763 5184 5563 6186 6328 6645 6673 7277 7483 7744 8200 9293 9441 9477 9543 9998 10012
4409 232 1558 1764 3182 4378 4503 4891 4924 4976 5026 5148 5449 5477 5714
4410 214 216 3128 3549 6662
4411 61 140 383 591 979 1113 1208 1255 1282 1882 1900 1902 1905 1948 2176 2227 2286 2368 2396 2457 2555 2622 2686 2706 2766 3035 3094 3115 3136 3154 3155 3536 3885 3911 4080 4081 4213 4214 4247 4407 4410 4471 4476 4509 4915 4946 5149 5227 5292 5505 5538 5548 5663 5769 5998 6033 6268 6798 6951 7017 7133 7200 7224 7283 7372 7435 7583 7591 7640 7684 7713 8037 8139 8205 8220 8254 8284 8530 8787 8815 8933 8990 9104 9643 10128 10350 10386 10550 10571 10854 10901
4412 1961 2268 4938 5866 6229 10028
4413 59 621 926 932 1944 2954 3336 4447 4466 6136 7945 8403
4414 500 1758 1770 2295 2338 2355 2825 3038 6126 6261 6639 6721 7615
4415 17 73 172 415 424 630 640 733 750 898 1090 1158 1180 1183 1606 1613 1638 2016 2381 2522 2526 2533 2560 2583 2659 3144 3266 3310 3445 3448 3461 3521 3533 3680 4197 4379 4400 4427 4484 4869 5268 5359 5388 5455 5468 5486 5621 5709 5829 6022 6234 6572 6873 6930 6950 7332 7411 7716 7717 8273 8317 8590 8657
4416 300 1447 2044 2387 3110 4243 4778 6128 6158 6675 7330 7591 8003 8256 8337 8733 8769 9150 9152 9896 10211 10417 10886 10901
4417 441 755 1121 1371 1420 1472 1503 1530 1694 2176 2810 2833 3342 4269 5126 5127 6393
4418 3930 3944 5625 6338
4419 91 376 577 1683 1998 2060 2944 3187 4016 4312 4692 6142 6578 6607 8376
4420 2060 2100 2435 3538 3549 8194
4421 1036 2391 7801 8142 8692 9639
4422 60 3764 5018 5261 6789
4423 1161 1296 1316 1480 4748 6245 7075 7202 7258
4424 167 1091 2283 3173
4425 361 362 383 1299 1300 1423 1498 1637 1877 2176 2814 2894 3363 3414 3955 3992 4575 4811 7095 7196 8350 10285
4426 899 6843 7169 7646 7791 8624 8689
4427 1470 2508 2546 2547 3324 3592 4842 7107 10345
4428 244 295 305 358 458 541 1004 1183 1487 1639 2204 2801 2920 3037 3116 3281 3426 4093 4252 4869 5387 5954
4429 7167 7308 8870 9444 10734
4430 1596 2930 7891 8093 8094 9335 9620 9836 9864 9886 10398 10699
4431 1862 4619 4790 5866 6248 11013
4432 2615 2801 3964 5165 6016
4433 767 786 1545 1547 1548 3607 3610 3723 3724 3737 3787 4927 5229 6163 7941 9392 9559 10890
4434 297 298 299 346 905 1120 1133 1158 1208 1447 2280 2450 2459 2460 2461 2462 2760 3081 3082 3083 3085 3096 3118 3154 3155 3289 3436 3546 3975 5009 5709 7774 8236
4435 822 1255 2393 2394 2868 2910 4040 5310 5357 5598 6585 6606 6786 6856 7016 7047 7053 7222
4436 2801 4982 5973 7050 8147 8346 9671 9723 10022
4437 727 945 3133 10707
4438 2343 3402 3919 4755 5230 5762 6555 7245 7309 8007 8383 8651 8812
4439 649 9346 9519 9840 10071 10146 10212 10298 10411 10792 10951
4440 0 1319 1763 2143 2180 2282 2290 2667 2928 3314 3505 3885 4097 4410 4586 4728 4915 5151 5438 5548 5817 6307 6673 7476 7555 8035 8360 8389 8603 8607 8888 8896 8977 9151 9192 9219 9418 9570 9577 9680 9853 9936 10430 10481 10501 10588 10630 10907 10934 11010
4441 216 292 706 707 851 861 920 1075 1093 1182 1221 1522 1623 1671 1889 1929 2014 2086 2095 2179 2196 2395 2436 2477 2486 2523 2545 2548 2778 2846 2903 2904 2905 2976 3090 3092 3287 3289 3869 3918 4101 4114 4163 4218 4425 4794 4823 4873 5389 5439 6126 6679 6907 7507 7621 8688 8713 9037 10040 10460 10672
4442 85 123 190 193 519 563 806 854 861 898 1036 1489 1533 1636 1679 1680 1696 1702 1716 1726 1727 1741 1761 1770 1869 1871 1971 2000 2077 2082 2253 2337 2375 2435 2506 2637 2778 2849 3110 3165 3594 3786 3937 4086 4286 4305 4344 4391 4430 4513 4554 4556 4581 4607 4632 4693 4722 4744 4766 4866 4867 4904 5031 5090 5112 5142 5146 5154 5173 5220 5236 5253 5265 5277 5330 5357 5377 5424 5435 5458 5510 5513 5629 5644 5646 5675 5679 5685 5798 5815 5820 5823 5863 5916 6013 6035 6187 6228 6278 6301 6358 6374 6409 6414 6416 6448 6463 6483 6521 6527 6529 6544 6585 6629 6632 6661 6676 6694 6763 6769 6779 6808 6814 6823 6853 6857 6881 6886 6906 6912 6953 7035 7045 7047 7158 7161 7168 7184 7212 7226 7244 7259 7270 7307 7401 7418 7464 7522 7554 7563 7567 7590 7651 7752 7774 8063 8551 8586 8711 8809 8859 8914 9057 9343 9368 9521 10233 10252 10675 10829 10930
4443 745 1512 1775 2816 4989 5021
4444 216 936 1164 1186 1191 1194 1577 1590 1593 1594 1598 2926 2932 2962 3088 3089 3090 3537 3543 3811 4284 4915 5338 5845 6411 7028 7583 7684 8395 9097 9411 9528 9721 9838 10516 10537 10577 10598 10824
4445 2759 3883 5978 10387
4446 413 1011 1186 2934 3221 3596 5988 7090 7564 7744 8253 8626 8826 8999 9075 9181 9482 9526 9842
4447 1523 1994 2227 2287 2398 10340 10471 10508